timestamp,hospital,blood_type,stock_initial,demand,supply,stock_final,temperature,days_to_expiry,quality_score,urgency,quality_comment,day_of_week,hour,month,is_weekend,is_holiday_season,special_event,weather
2022-01-01 01:43:17,Hôpital de District Bonassama,A-,13,7,0,6,4.1,18,100.0,critique,URGENT: Stock critique - Contrôle bactériologique négatif,5,1,1,True,True,normal,ensoleillé
2022-01-02 16:57:14,Hôpital de District Bonassama,A-,37,8,0,29,4.5,12,100.0,normale,Parfait pour transfusion immédiate,6,16,1,True,True,normal,nuageux
2022-01-03 13:39:13,Hôpital de District Bonassama,A-,76,7,27,96,4.7,15,100.0,normale,Contrôle bactériologique négatif,0,13,1,False,True,normal,ensoleillé
2022-01-04 08:41:49,Hôpital Général Douala,A-,61,18,0,43,4.2,2,89.5,normale,Contrôle bactériologique négatif,1,8,1,False,True,normal,pluvieux
2022-01-04 10:57:17,Hôpital Général Douala,A-,48,17,27,58,3.8,5,100.0,normale,Attention: proche expiration,1,10,1,False,True,normal,orageux
2022-01-06 02:31:48,Hôpital Laquintinie,A-,38,10,0,28,4.0,4,89.0,normale,Urgent: vérifier température stockage,3,2,1,False,True,normal,ensoleillé
2022-01-06 14:39:54,Hôpital Général Douala,A-,60,10,0,50,3.8,2,83.8,normale,Hémoglobine dans les normes,3,14,1,False,True,normal,ensoleillé
2022-01-07 07:21:13,Hôpital Général Douala,A-,55,13,25,67,3.7,5,88.8,normale,"Bon état général, légère variation température",4,7,1,False,True,normal,ensoleillé
2022-01-10 20:05:31,Centre Médical d'Excellence,A-,76,8,0,68,3.6,1,56.7,attention,Contrôle bactériologique négatif,0,20,1,False,True,normal,ensoleillé
2022-01-11 03:56:33,Hôpital Laquintinie,A-,52,7,0,45,4.5,29,94.5,normale,"Excellent état, conservation parfaite",1,3,1,False,True,normal,pluvieux
2022-01-12 06:22:17,Clinique des Spécialités,A-,31,16,0,15,3.9,31,100.0,faible,"État satisfaisant, contrôle qualité OK",2,6,1,False,True,normal,orageux
2022-01-13 14:46:37,Hôpital Laquintinie,A-,32,8,0,24,3.4,1,57.0,attention,Attention: proche expiration,3,14,1,False,True,normal,pluvieux
2022-01-14 07:33:40,Hôpital de District Bonassama,A-,73,7,0,66,4.4,8,97.2,normale,Attention: proche expiration,4,7,1,False,True,normal,pluvieux
2022-01-16 03:04:22,Hôpital Militaire,A-,28,5,0,23,4.4,1,63.8,attention,"Bon état général, légère variation température",6,3,1,True,True,normal,pluvieux
2022-01-16 13:48:10,Hôpital Militaire,A-,50,9,0,41,3.8,1,57.8,attention,Attention: proche expiration,6,13,1,True,True,normal,nuageux
2022-01-17 22:23:05,Hôpital Général Douala,A-,90,6,0,84,4.6,1,57.1,attention,Contrôle bactériologique négatif,0,22,1,False,True,normal,ensoleillé
2022-01-18 16:03:20,Hôpital Laquintinie,A-,64,9,0,55,4.4,1,60.5,attention,Hémoglobine dans les normes,1,16,1,False,True,normal,orageux
2022-01-24 12:09:51,Hôpital Général Douala,A-,58,16,0,42,4.8,18,93.4,normale,"Excellent état, conservation parfaite",0,12,1,False,True,normal,orageux
2022-01-25 05:30:09,Centre Médical d'Excellence,A-,26,8,0,18,3.6,9,96.0,faible,Parfait pour transfusion immédiate,1,5,1,False,True,normal,pluvieux
2022-01-25 12:31:01,Hôpital de District Bonassama,A-,38,12,0,26,4.3,5,98.8,normale,Attention: proche expiration,1,12,1,False,True,normal,ensoleillé
2022-01-26 16:51:07,Hôpital Général Douala,A-,58,11,16,63,4.1,51,100.0,normale,"Excellent état, conservation parfaite",2,16,1,False,True,normal,ensoleillé
2022-01-28 00:41:59,Hôpital de District Bonassama,A-,26,11,13,28,3.6,20,99.3,normale,Parfait pour transfusion immédiate,4,0,1,False,True,normal,ensoleillé
2022-01-29 15:26:58,Hôpital Laquintinie,A-,40,7,0,33,2.7,1,61.3,attention,Hémoglobine dans les normes,5,15,1,True,True,normal,ensoleillé
2022-01-30 00:30:17,Hôpital Laquintinie,A-,32,6,22,48,3.9,1,70.6,normale,Attention: proche expiration,6,0,1,True,True,normal,ensoleillé
2022-01-31 23:52:38,Centre Médical d'Excellence,A-,21,11,0,10,3.4,4,86.5,faible,Contrôle bactériologique négatif,0,23,1,False,True,normal,nuageux
2022-02-01 14:40:56,Clinique des Spécialités,A-,57,8,17,66,3.4,28,100.0,normale,"Bon état général, légère variation température",1,14,2,False,False,normal,pluvieux
2022-02-01 20:43:07,Hôpital Laquintinie,A-,42,4,0,38,3.5,51,100.0,normale,Urgent: vérifier température stockage,1,20,2,False,False,normal,orageux
2022-02-02 10:42:28,Centre Médical d'Excellence,A-,62,11,0,51,5.0,34,100.0,normale,Parfait pour transfusion immédiate,2,10,2,False,False,normal,ensoleillé
2022-02-02 11:41:53,Centre Médical d'Excellence,A-,57,9,0,48,4.1,9,95.4,normale,Hémoglobine dans les normes,2,11,2,False,False,normal,ensoleillé
2022-02-02 18:24:08,Clinique des Spécialités,A-,67,6,18,79,4.0,9,95.7,normale,Contrôle bactériologique négatif,2,18,2,False,False,normal,nuageux
2022-02-02 21:33:26,Hôpital Militaire,A-,17,11,0,6,4.2,14,100.0,critique,URGENT: Stock critique - Attention: proche expiration,2,21,2,False,False,normal,nuageux
2022-02-02 22:41:23,Clinique des Spécialités,A-,43,7,0,36,3.5,16,91.1,normale,"Bon état général, légère variation température",2,22,2,False,False,normal,nuageux
2022-02-05 01:04:08,Hôpital Général Douala,A-,13,6,0,7,4.8,22,96.7,critique,"URGENT: Stock critique - État satisfaisant, contrôle qualité OK",5,1,2,True,False,normal,ensoleillé
2022-02-06 02:49:46,Hôpital Laquintinie,A-,18,4,0,14,3.9,3,89.0,faible,Parfait pour transfusion immédiate,6,2,2,True,False,normal,pluvieux
2022-02-06 22:02:55,Hôpital Laquintinie,A-,32,5,20,47,4.1,12,96.3,normale,"État satisfaisant, contrôle qualité OK",6,22,2,True,False,normal,ensoleillé
2022-02-09 07:57:18,Centre Médical d'Excellence,A-,55,9,0,46,3.9,32,95.4,normale,Contrôle bactériologique négatif,2,7,2,False,False,normal,pluvieux
2022-02-09 21:43:53,Hôpital Général Douala,A-,28,6,0,22,4.2,2,88.4,normale,Hémoglobine dans les normes,2,21,2,False,False,normal,nuageux
2022-02-10 00:42:44,Centre Médical d'Excellence,A-,35,10,0,25,3.9,24,97.7,normale,Urgent: vérifier température stockage,3,0,2,False,False,normal,nuageux
2022-02-10 01:11:46,Hôpital Militaire,A-,39,6,0,33,4.6,30,100.0,normale,"État satisfaisant, contrôle qualité OK",3,1,2,False,False,normal,ensoleillé
2022-02-10 18:30:18,Hôpital Général Douala,A-,42,7,30,65,4.3,2,84.3,normale,"Excellent état, conservation parfaite",3,18,2,False,False,normal,ensoleillé
2022-02-10 21:52:48,Clinique des Spécialités,A-,54,4,0,50,3.8,2,90.9,normale,Urgent: vérifier température stockage,3,21,2,False,False,normal,ensoleillé
2022-02-11 01:14:25,Centre Médical d'Excellence,A-,21,9,0,12,4.7,2,84.3,faible,Parfait pour transfusion immédiate,4,1,2,False,False,normal,pluvieux
2022-02-12 13:12:35,Hôpital Militaire,A-,37,4,0,33,4.1,18,100.0,normale,Contrôle bactériologique négatif,5,13,2,True,False,normal,orageux
2022-02-13 10:28:29,Hôpital de District Bonassama,A-,24,3,18,39,4.5,2,84.1,normale,Urgent: vérifier température stockage,6,10,2,True,False,normal,ensoleillé
2022-02-14 18:11:16,Centre Médical d'Excellence,A-,37,2,24,59,4.2,6,100.0,normale,Hémoglobine dans les normes,0,18,2,False,False,normal,pluvieux
2022-02-16 15:09:33,Hôpital Général Douala,A-,54,7,0,47,4.4,55,100.0,normale,"Bon état général, légère variation température",2,15,2,False,False,normal,nuageux
2022-02-18 14:16:22,Hôpital de District Bonassama,A-,46,6,0,40,4.0,8,100.0,normale,Parfait pour transfusion immédiate,4,14,2,False,False,normal,pluvieux
2022-02-18 21:27:50,Clinique des Spécialités,A-,52,8,0,44,4.7,8,99.5,normale,Attention: proche expiration,4,21,2,False,False,normal,ensoleillé
2022-02-22 05:19:14,Clinique des Spécialités,A-,27,6,0,21,3.5,6,100.0,normale,Hémoglobine dans les normes,1,5,2,False,False,normal,pluvieux
2022-02-22 06:23:36,Hôpital Général Douala,A-,56,11,0,45,4.4,33,100.0,normale,Attention: proche expiration,1,6,2,False,False,normal,nuageux
2022-02-22 11:24:05,Hôpital Général Douala,A-,83,11,0,72,3.4,6,100.0,normale,Hémoglobine dans les normes,1,11,2,False,False,épidémie,ensoleillé
2022-02-22 16:33:21,Centre Médical d'Excellence,A-,56,1,25,80,5.0,4,86.5,normale,Attention: proche expiration,1,16,2,False,False,normal,ensoleillé
2022-02-25 08:03:48,Clinique des Spécialités,A-,56,8,0,48,3.6,20,100.0,normale,"Bon état général, légère variation température",4,8,2,False,False,normal,ensoleillé
2022-02-27 20:12:09,Hôpital Laquintinie,A-,30,5,0,25,4.2,21,97.9,normale,Urgent: vérifier température stockage,6,20,2,True,False,normal,ensoleillé
2022-02-28 00:16:28,Hôpital Laquintinie,A-,29,1,0,28,3.7,24,96.1,normale,"Excellent état, conservation parfaite",0,0,2,False,False,normal,ensoleillé
2022-02-28 02:56:28,Centre Médical d'Excellence,A-,27,12,0,15,4.2,10,100.0,faible,Parfait pour transfusion immédiate,0,2,2,False,False,normal,pluvieux
2022-02-28 12:41:12,Hôpital Laquintinie,A-,67,8,0,59,3.3,1,63.4,attention,Urgent: vérifier température stockage,0,12,2,False,False,normal,nuageux
2022-03-01 09:21:43,Centre Médical d'Excellence,A-,44,8,0,36,4.1,22,99.9,normale,Parfait pour transfusion immédiate,1,9,3,False,False,normal,nuageux
2022-03-03 00:11:46,Hôpital Laquintinie,A-,18,0,0,18,3.6,5,98.7,faible,"Bon état général, légère variation température",3,0,3,False,False,accident_route,orageux
2022-03-03 09:58:46,Hôpital Général Douala,A-,70,13,0,57,5.0,4,88.5,normale,"État satisfaisant, contrôle qualité OK",3,9,3,False,False,normal,pluvieux
2022-03-04 11:32:41,Hôpital de District Bonassama,A-,62,3,0,59,4.4,6,100.0,normale,Attention: proche expiration,4,11,3,False,False,urgence_médicale,pluvieux
2022-03-05 14:10:23,Hôpital de District Bonassama,A-,44,8,0,36,3.3,7,100.0,normale,Contrôle bactériologique négatif,5,14,3,True,False,normal,ensoleillé
2022-03-07 04:53:38,Hôpital Général Douala,A-,27,5,11,33,5.0,26,100.0,normale,Hémoglobine dans les normes,0,4,3,False,False,normal,orageux
2022-03-09 02:20:34,Hôpital Général Douala,A-,26,5,20,41,4.7,13,98.9,normale,Attention: proche expiration,2,2,3,False,False,normal,orageux
2022-03-09 07:58:55,Hôpital de District Bonassama,A-,58,15,0,43,4.0,8,100.0,normale,"Bon état général, légère variation température",2,7,3,False,False,normal,ensoleillé
2022-03-09 08:54:33,Hôpital Militaire,A-,63,2,0,61,3.9,1,65.8,attention,Hémoglobine dans les normes,2,8,3,False,False,normal,ensoleillé
2022-03-11 12:01:34,Hôpital Général Douala,A-,71,8,0,63,3.3,1,52.2,attention,"Bon état général, légère variation température",4,12,3,False,False,normal,orageux
2022-03-11 22:38:12,Hôpital de District Bonassama,A-,27,5,17,39,4.1,2,82.5,normale,Attention: proche expiration,4,22,3,False,False,normal,ensoleillé
2022-03-11 23:15:45,Hôpital Militaire,A-,24,7,0,17,4.2,3,86.4,faible,Contrôle bactériologique négatif,4,23,3,False,False,normal,pluvieux
2022-03-12 03:25:52,Hôpital Laquintinie,A-,26,0,0,26,3.8,31,98.0,normale,Contrôle bactériologique négatif,5,3,3,True,False,normal,orageux
2022-03-12 14:40:27,Hôpital Laquintinie,A-,34,6,12,40,4.8,8,100.0,normale,"État satisfaisant, contrôle qualité OK",5,14,3,True,False,normal,orageux
2022-03-12 19:55:40,Clinique des Spécialités,A-,29,4,0,25,4.2,7,91.7,normale,Contrôle bactériologique négatif,5,19,3,True,False,accident_route,pluvieux
2022-03-13 16:34:05,Hôpital Militaire,A-,35,5,0,30,4.3,14,100.0,normale,"État satisfaisant, contrôle qualité OK",6,16,3,True,False,normal,ensoleillé
2022-03-14 07:35:49,Hôpital Laquintinie,A-,21,7,0,14,3.4,57,100.0,faible,Contrôle bactériologique négatif,0,7,3,False,False,normal,ensoleillé
2022-03-16 07:40:34,Hôpital Militaire,A-,47,13,0,34,4.8,6,98.3,normale,Attention: proche expiration,2,7,3,False,False,normal,orageux
2022-03-19 12:34:22,Hôpital Général Douala,A-,31,3,12,40,4.1,1,49.7,attention,"Excellent état, conservation parfaite",5,12,3,True,False,normal,ensoleillé
2022-03-19 15:32:08,Hôpital Militaire,A-,13,3,0,10,3.9,12,100.0,faible,Parfait pour transfusion immédiate,5,15,3,True,False,normal,ensoleillé
2022-03-20 18:45:55,Hôpital Général Douala,A-,42,6,0,36,3.7,5,100.0,normale,"État satisfaisant, contrôle qualité OK",6,18,3,True,False,normal,nuageux
2022-03-22 13:21:08,Hôpital Laquintinie,A-,72,4,20,88,4.0,2,85.3,normale,Hémoglobine dans les normes,1,13,3,False,False,normal,pluvieux
2022-03-25 23:06:24,Hôpital Général Douala,A-,30,8,0,22,3.8,5,94.7,normale,"État satisfaisant, contrôle qualité OK",4,23,3,False,False,normal,nuageux
2022-03-26 16:54:50,Hôpital Général Douala,A-,21,5,22,38,4.2,14,100.0,normale,Parfait pour transfusion immédiate,5,16,3,True,False,normal,pluvieux
2022-03-26 20:07:51,Hôpital Militaire,A-,41,4,0,37,3.2,3,84.6,normale,"Excellent état, conservation parfaite",5,20,3,True,False,normal,pluvieux
2022-03-27 04:55:29,Hôpital Laquintinie,A-,16,4,0,12,4.6,13,97.0,faible,Contrôle bactériologique négatif,6,4,3,True,False,normal,pluvieux
2022-03-29 09:42:31,Hôpital Général Douala,A-,51,8,0,43,2.5,12,94.3,normale,"Excellent état, conservation parfaite",1,9,3,False,False,urgence_médicale,nuageux
2022-03-29 13:41:39,Hôpital Général Douala,A-,28,2,15,41,4.2,24,95.6,normale,Contrôle bactériologique négatif,1,13,3,False,False,normal,ensoleillé
2022-03-29 16:22:02,Hôpital Laquintinie,A-,48,7,0,41,2.8,4,89.1,normale,Contrôle bactériologique négatif,1,16,3,False,False,normal,orageux
2022-03-30 23:02:50,Centre Médical d'Excellence,A-,22,4,0,18,3.8,45,100.0,faible,Attention: proche expiration,2,23,3,False,False,normal,nuageux
2022-03-31 03:35:07,Hôpital Militaire,A-,30,6,0,24,4.4,8,99.4,normale,Contrôle bactériologique négatif,3,3,3,False,False,normal,pluvieux
2022-04-02 09:10:14,Hôpital Général Douala,A-,27,5,0,22,4.3,100,100.0,normale,Parfait pour transfusion immédiate,5,9,4,True,False,normal,pluvieux
2022-04-02 10:43:53,Centre Médical d'Excellence,A-,43,4,0,39,4.3,6,100.0,normale,"Bon état général, légère variation température",5,10,4,True,False,normal,ensoleillé
2022-04-02 22:53:56,Hôpital Laquintinie,A-,49,5,0,44,5.0,1,60.5,attention,"Excellent état, conservation parfaite",5,22,4,True,False,normal,pluvieux
2022-04-04 16:01:51,Hôpital Laquintinie,A-,26,9,0,17,4.3,44,96.9,faible,"Excellent état, conservation parfaite",0,16,4,False,False,normal,pluvieux
2022-04-05 21:47:16,Hôpital Général Douala,A-,61,14,16,63,4.5,20,100.0,normale,Attention: proche expiration,1,21,4,False,False,normal,pluvieux
2022-04-07 10:31:51,Hôpital de District Bonassama,A-,66,4,0,62,3.8,3,78.0,normale,Attention: proche expiration,3,10,4,False,False,normal,pluvieux
2022-04-09 01:24:03,Hôpital Laquintinie,A-,20,6,0,14,3.7,2,79.5,faible,"Excellent état, conservation parfaite",5,1,4,True,False,normal,ensoleillé
2022-04-09 21:55:18,Hôpital Général Douala,A-,36,6,25,55,3.6,21,96.6,normale,Attention: proche expiration,5,21,4,True,False,normal,ensoleillé
2022-04-10 06:14:54,Clinique des Spécialités,A-,36,7,23,52,4.9,3,86.5,normale,"Excellent état, conservation parfaite",6,6,4,True,False,normal,nuageux
2022-04-11 19:10:03,Hôpital Militaire,A-,45,9,18,54,3.4,14,100.0,normale,Hémoglobine dans les normes,0,19,4,False,False,normal,ensoleillé
2022-04-12 09:23:59,Hôpital Militaire,A-,43,4,19,58,4.3,7,100.0,normale,"État satisfaisant, contrôle qualité OK",1,9,4,False,False,normal,pluvieux
2022-04-12 14:39:18,Hôpital Laquintinie,A-,79,4,22,97,4.3,24,96.2,normale,"État satisfaisant, contrôle qualité OK",1,14,4,False,False,normal,ensoleillé
2022-04-13 08:59:25,Hôpital Militaire,A-,52,9,26,69,4.1,15,93.6,normale,Contrôle bactériologique négatif,2,8,4,False,False,normal,ensoleillé
2022-04-13 16:10:56,Centre Médical d'Excellence,A-,74,12,0,62,4.4,16,100.0,normale,Urgent: vérifier température stockage,2,16,4,False,False,normal,nuageux
2022-04-15 13:16:55,Hôpital de District Bonassama,A-,27,4,22,45,4.2,9,100.0,normale,Hémoglobine dans les normes,4,13,4,False,False,normal,nuageux
2022-04-16 01:17:21,Hôpital Général Douala,A-,13,7,0,6,3.6,41,98.4,critique,URGENT: Stock critique - Attention: proche expiration,5,1,4,True,False,normal,pluvieux
2022-04-16 04:34:37,Hôpital Général Douala,A-,19,6,0,13,3.6,32,100.0,faible,"État satisfaisant, contrôle qualité OK",5,4,4,True,False,normal,pluvieux
2022-04-16 05:42:28,Clinique des Spécialités,A-,23,6,15,32,4.4,2,86.1,normale,Parfait pour transfusion immédiate,5,5,4,True,False,normal,ensoleillé
2022-04-16 20:49:28,Hôpital Général Douala,A-,40,6,0,34,3.8,31,90.5,normale,Attention: proche expiration,5,20,4,True,False,campagne_don,pluvieux
2022-04-16 22:45:58,Hôpital de District Bonassama,A-,49,5,0,44,4.3,7,97.0,normale,Contrôle bactériologique négatif,5,22,4,True,False,normal,ensoleillé
2022-04-17 19:01:40,Hôpital Laquintinie,A-,37,5,0,32,4.3,3,89.4,normale,"État satisfaisant, contrôle qualité OK",6,19,4,True,False,normal,nuageux
2022-04-18 10:41:26,Hôpital Laquintinie,A-,35,4,14,45,4.2,4,79.0,normale,"Bon état général, légère variation température",0,10,4,False,False,normal,pluvieux
2022-04-20 00:41:57,Hôpital Militaire,A-,34,13,14,35,3.3,24,100.0,normale,"Bon état général, légère variation température",2,0,4,False,False,normal,pluvieux
2022-04-20 10:08:58,Hôpital de District Bonassama,A-,50,7,0,43,4.7,6,93.6,normale,"État satisfaisant, contrôle qualité OK",2,10,4,False,False,normal,nuageux
2022-04-22 23:55:31,Clinique des Spécialités,A-,31,7,0,24,5.6,47,98.8,normale,Contrôle bactériologique négatif,4,23,4,False,False,normal,nuageux
2022-04-23 17:47:20,Hôpital Laquintinie,A-,34,2,0,32,4.3,8,99.8,normale,Attention: proche expiration,5,17,4,True,False,normal,pluvieux
2022-04-24 01:37:03,Hôpital Général Douala,A-,11,5,0,6,4.0,1,52.4,critique,URGENT: Stock critique - Contrôle bactériologique négatif,6,1,4,True,False,normal,nuageux
2022-04-24 08:25:20,Clinique des Spécialités,A-,39,7,0,32,4.2,32,100.0,normale,"Excellent état, conservation parfaite",6,8,4,True,False,normal,ensoleillé
2022-04-24 11:16:28,Hôpital de District Bonassama,A-,34,7,0,27,3.0,4,86.0,normale,Hémoglobine dans les normes,6,11,4,True,False,normal,pluvieux
2022-04-27 05:32:06,Hôpital Général Douala,A-,33,7,19,45,4.7,13,100.0,normale,Contrôle bactériologique négatif,2,5,4,False,False,normal,pluvieux
2022-04-29 19:57:42,Hôpital de District Bonassama,A-,57,12,0,45,3.9,5,100.0,normale,Hémoglobine dans les normes,4,19,4,False,False,normal,pluvieux
2022-05-01 01:04:58,Hôpital Général Douala,A-,17,7,0,10,4.3,3,81.9,faible,Contrôle bactériologique négatif,6,1,5,True,False,normal,pluvieux
2022-05-03 06:45:31,Hôpital de District Bonassama,A-,67,10,0,57,4.2,12,100.0,normale,Urgent: vérifier température stockage,1,6,5,False,False,normal,orageux
2022-05-03 20:16:27,Hôpital Laquintinie,A-,41,5,26,62,4.3,2,77.1,normale,Attention: proche expiration,1,20,5,False,False,normal,ensoleillé
2022-05-04 07:14:37,Clinique des Spécialités,A-,59,9,20,70,3.9,27,100.0,normale,Contrôle bactériologique négatif,2,7,5,False,False,normal,nuageux
2022-05-05 12:26:18,Hôpital Militaire,A-,79,13,0,66,4.3,8,91.6,normale,Contrôle bactériologique négatif,3,12,5,False,False,normal,ensoleillé
2022-05-06 22:12:43,Centre Médical d'Excellence,A-,50,7,0,43,4.0,61,100.0,normale,Attention: proche expiration,4,22,5,False,False,normal,nuageux
2022-05-09 13:52:25,Hôpital Laquintinie,A-,57,11,0,46,4.4,10,97.6,normale,Attention: proche expiration,0,13,5,False,False,normal,orageux
2022-05-11 00:27:55,Hôpital de District Bonassama,A-,33,9,0,24,3.5,16,96.6,normale,"État satisfaisant, contrôle qualité OK",2,0,5,False,False,normal,ensoleillé
2022-05-11 09:38:53,Hôpital de District Bonassama,A-,56,8,16,64,2.5,6,96.5,normale,Parfait pour transfusion immédiate,2,9,5,False,False,normal,pluvieux
2022-05-15 06:41:51,Clinique des Spécialités,A-,28,7,20,41,4.4,11,95.3,normale,Urgent: vérifier température stockage,6,6,5,True,False,normal,ensoleillé
2022-05-15 13:19:50,Centre Médical d'Excellence,A-,35,4,24,55,4.4,4,81.5,normale,Parfait pour transfusion immédiate,6,13,5,True,False,normal,nuageux
2022-05-15 23:46:33,Hôpital Général Douala,A-,20,5,0,15,4.4,21,95.3,faible,"État satisfaisant, contrôle qualité OK",6,23,5,True,False,normal,ensoleillé
2022-05-16 01:07:46,Centre Médical d'Excellence,A-,17,9,24,32,4.4,16,100.0,normale,Hémoglobine dans les normes,0,1,5,False,False,normal,pluvieux
2022-05-16 16:40:39,Hôpital Laquintinie,A-,49,7,0,42,4.2,2,88.4,normale,"Excellent état, conservation parfaite",0,16,5,False,False,normal,nuageux
2022-05-18 04:24:13,Hôpital Militaire,A-,16,5,0,11,4.4,5,100.0,faible,Urgent: vérifier température stockage,2,4,5,False,False,normal,pluvieux
2022-05-18 19:27:30,Hôpital Laquintinie,A-,56,8,0,48,4.0,14,97.9,normale,Urgent: vérifier température stockage,2,19,5,False,False,normal,ensoleillé
2022-05-20 17:53:22,Clinique des Spécialités,A-,37,8,0,29,3.6,2,76.3,normale,Parfait pour transfusion immédiate,4,17,5,False,False,normal,orageux
2022-05-20 20:08:34,Hôpital de District Bonassama,A-,58,9,26,75,3.9,5,100.0,normale,Hémoglobine dans les normes,4,20,5,False,False,normal,ensoleillé
2022-05-21 06:38:37,Hôpital Laquintinie,A-,23,7,0,16,4.2,12,92.5,faible,Attention: proche expiration,5,6,5,True,False,normal,nuageux
2022-05-23 19:34:06,Centre Médical d'Excellence,A-,65,6,0,59,4.1,13,100.0,normale,Contrôle bactériologique négatif,0,19,5,False,False,campagne_don,pluvieux
2022-05-23 21:52:22,Hôpital Laquintinie,A-,35,14,0,21,3.8,2,92.2,normale,Hémoglobine dans les normes,0,21,5,False,False,normal,nuageux
2022-05-25 12:11:13,Clinique des Spécialités,A-,59,10,0,49,3.5,11,93.8,normale,Urgent: vérifier température stockage,2,12,5,False,False,normal,pluvieux
2022-05-27 12:44:06,Hôpital Général Douala,A-,51,8,13,56,3.9,11,83.9,normale,Parfait pour transfusion immédiate,4,12,5,False,False,normal,ensoleillé
2022-05-28 03:47:53,Hôpital de District Bonassama,A-,17,8,0,9,4.0,1,60.8,critique,URGENT: Stock critique - Parfait pour transfusion immédiate,5,3,5,True,False,normal,orageux
2022-05-28 11:25:23,Hôpital Laquintinie,A-,39,7,0,32,4.2,3,80.4,normale,"Excellent état, conservation parfaite",5,11,5,True,False,normal,ensoleillé
2022-05-28 17:48:09,Centre Médical d'Excellence,A-,24,6,0,18,3.5,1,61.5,faible,Attention: proche expiration,5,17,5,True,False,normal,pluvieux
2022-05-31 19:18:36,Hôpital Général Douala,A-,71,5,0,66,5.4,18,100.0,normale,"État satisfaisant, contrôle qualité OK",1,19,5,False,False,normal,ensoleillé
2022-06-01 23:29:24,Centre Médical d'Excellence,A-,27,13,21,35,4.4,1,62.3,attention,"État satisfaisant, contrôle qualité OK",2,23,6,False,False,normal,nuageux
2022-06-02 12:14:52,Hôpital Militaire,A-,43,8,0,35,3.7,57,100.0,normale,"État satisfaisant, contrôle qualité OK",3,12,6,False,False,normal,nuageux
2022-06-02 14:26:56,Clinique des Spécialités,A-,61,5,20,76,3.6,19,100.0,normale,Urgent: vérifier température stockage,3,14,6,False,False,normal,nuageux
2022-06-04 11:18:08,Hôpital de District Bonassama,A-,26,5,0,21,3.0,1,63.0,attention,Contrôle bactériologique négatif,5,11,6,True,False,campagne_don,pluvieux
2022-06-04 14:42:28,Clinique des Spécialités,A-,70,5,23,88,3.4,7,91.0,normale,Urgent: vérifier température stockage,5,14,6,True,False,normal,ensoleillé
2022-06-04 16:03:03,Clinique des Spécialités,A-,37,4,0,33,4.4,39,98.4,normale,Attention: proche expiration,5,16,6,True,False,normal,nuageux
2022-06-07 10:50:14,Hôpital Militaire,A-,52,12,0,40,4.1,45,99.1,normale,Contrôle bactériologique négatif,1,10,6,False,False,normal,ensoleillé
2022-06-08 08:48:59,Clinique des Spécialités,A-,52,3,0,49,3.8,4,89.7,normale,Attention: proche expiration,2,8,6,False,False,normal,nuageux
2022-06-09 20:06:02,Hôpital Général Douala,A-,44,6,0,38,4.0,2,89.9,normale,Hémoglobine dans les normes,3,20,6,False,False,campagne_don,pluvieux
2022-06-09 22:24:33,Hôpital Laquintinie,A-,47,7,0,40,4.0,24,96.9,normale,"Bon état général, légère variation température",3,22,6,False,False,épidémie,ensoleillé
2022-06-12 20:07:45,Hôpital Militaire,A-,39,7,0,32,4.1,1,55.8,attention,Hémoglobine dans les normes,6,20,6,True,False,normal,pluvieux
2022-06-14 12:12:16,Hôpital de District Bonassama,A-,53,13,0,40,4.3,25,97.8,normale,Attention: proche expiration,1,12,6,False,False,normal,ensoleillé
2022-06-14 12:22:58,Centre Médical d'Excellence,A-,27,9,0,18,3.4,27,100.0,faible,"État satisfaisant, contrôle qualité OK",1,12,6,False,False,normal,ensoleillé
2022-06-15 14:55:46,Centre Médical d'Excellence,A-,63,4,0,59,4.1,17,100.0,normale,Attention: proche expiration,2,14,6,False,False,normal,ensoleillé
2022-06-19 16:06:54,Centre Médical d'Excellence,A-,25,5,0,20,4.2,12,98.2,normale,"Bon état général, légère variation température",6,16,6,True,False,normal,ensoleillé
2022-06-20 10:18:56,Hôpital Militaire,A-,56,7,0,49,4.3,6,88.1,normale,Contrôle bactériologique négatif,0,10,6,False,False,normal,ensoleillé
2022-06-22 06:05:49,Clinique des Spécialités,A-,70,8,0,62,4.3,4,84.6,normale,Contrôle bactériologique négatif,2,6,6,False,False,normal,pluvieux
2022-06-22 11:05:18,Hôpital de District Bonassama,A-,73,9,0,64,4.7,8,100.0,normale,Hémoglobine dans les normes,2,11,6,False,False,normal,ensoleillé
2022-06-23 03:08:35,Hôpital Militaire,A-,17,6,0,11,4.2,37,94.6,faible,"Bon état général, légère variation température",3,3,6,False,False,normal,ensoleillé
2022-06-25 15:54:39,Hôpital Général Douala,A-,39,6,21,54,4.1,52,100.0,normale,Urgent: vérifier température stockage,5,15,6,True,False,normal,ensoleillé
2022-06-30 08:11:46,Hôpital Laquintinie,A-,81,9,0,72,3.3,9,95.1,normale,Parfait pour transfusion immédiate,3,8,6,False,False,normal,ensoleillé
2022-07-01 09:55:10,Centre Médical d'Excellence,A-,78,11,0,67,4.3,6,100.0,normale,Contrôle bactériologique négatif,4,9,7,False,True,normal,pluvieux
2022-07-01 18:07:51,Hôpital Militaire,A-,55,11,0,44,4.1,33,87.6,normale,Parfait pour transfusion immédiate,4,18,7,False,True,normal,ensoleillé
2022-07-03 11:00:37,Hôpital Général Douala,A-,18,11,0,7,3.7,33,98.6,critique,"URGENT: Stock critique - Excellent état, conservation parfaite",6,11,7,True,True,normal,ensoleillé
2022-07-04 19:39:42,Hôpital Laquintinie,A-,51,7,0,44,4.1,3,95.7,normale,"Bon état général, légère variation température",0,19,7,False,True,normal,nuageux
2022-07-05 04:50:04,Hôpital de District Bonassama,A-,30,6,21,45,4.0,6,99.7,normale,"État satisfaisant, contrôle qualité OK",1,4,7,False,True,normal,pluvieux
2022-07-05 07:19:04,Clinique des Spécialités,A-,56,7,0,49,4.6,50,100.0,normale,"État satisfaisant, contrôle qualité OK",1,7,7,False,True,normal,ensoleillé
2022-07-06 19:27:33,Hôpital Laquintinie,A-,69,10,0,59,4.3,16,100.0,normale,Parfait pour transfusion immédiate,2,19,7,False,True,normal,ensoleillé
2022-07-07 02:10:18,Hôpital Militaire,A-,33,11,0,22,4.8,12,97.8,normale,Parfait pour transfusion immédiate,3,2,7,False,True,normal,nuageux
2022-07-07 02:32:56,Hôpital Général Douala,A-,38,13,0,25,4.7,17,100.0,normale,Attention: proche expiration,3,2,7,False,True,normal,pluvieux
2022-07-07 03:58:21,Hôpital Laquintinie,A-,27,12,0,15,4.1,7,95.1,faible,Parfait pour transfusion immédiate,3,3,7,False,True,normal,nuageux
2022-07-09 06:20:37,Hôpital Militaire,A-,35,7,0,28,4.3,13,91.8,normale,"Bon état général, légère variation température",5,6,7,True,True,normal,nuageux
2022-07-09 10:52:00,Hôpital Laquintinie,A-,69,5,28,92,2.9,15,100.0,normale,Contrôle bactériologique négatif,5,10,7,True,True,normal,pluvieux
2022-07-10 09:29:46,Hôpital Laquintinie,A-,58,5,0,53,4.2,10,94.6,normale,"Bon état général, légère variation température",6,9,7,True,True,normal,pluvieux
2022-07-12 06:19:26,Hôpital Laquintinie,A-,17,11,23,29,4.1,17,96.7,normale,Urgent: vérifier température stockage,1,6,7,False,True,normal,orageux
2022-07-12 06:45:17,Centre Médical d'Excellence,A-,90,7,0,83,4.0,7,100.0,normale,"Excellent état, conservation parfaite",1,6,7,False,True,normal,ensoleillé
2022-07-12 12:23:25,Clinique des Spécialités,A-,36,13,0,23,4.0,3,77.0,normale,Parfait pour transfusion immédiate,1,12,7,False,True,normal,pluvieux
2022-07-13 05:16:44,Centre Médical d'Excellence,A-,27,7,0,20,3.3,9,100.0,normale,"Excellent état, conservation parfaite",2,5,7,False,True,normal,nuageux
2022-07-14 00:43:46,Hôpital de District Bonassama,A-,31,14,0,17,4.0,5,98.7,faible,Contrôle bactériologique négatif,3,0,7,False,True,accident_route,nuageux
2022-07-14 06:10:07,Hôpital Militaire,A-,60,8,0,52,4.5,9,100.0,normale,Parfait pour transfusion immédiate,3,6,7,False,True,campagne_don,ensoleillé
2022-07-14 15:27:16,Hôpital de District Bonassama,A-,28,14,0,14,4.5,28,98.7,faible,"Excellent état, conservation parfaite",3,15,7,False,True,normal,ensoleillé
2022-07-15 15:41:01,Hôpital Général Douala,A-,58,2,0,56,4.8,55,94.5,normale,"Excellent état, conservation parfaite",4,15,7,False,True,normal,nuageux
2022-07-16 14:19:50,Centre Médical d'Excellence,A-,21,6,0,15,4.3,6,97.3,faible,Contrôle bactériologique négatif,5,14,7,True,True,normal,ensoleillé
2022-07-17 12:18:11,Hôpital Général Douala,A-,59,10,26,75,3.7,44,96.9,normale,Urgent: vérifier température stockage,6,12,7,True,True,normal,nuageux
2022-07-18 01:27:48,Hôpital Militaire,A-,37,10,15,42,3.8,6,99.7,normale,Parfait pour transfusion immédiate,0,1,7,False,True,normal,pluvieux
2022-07-18 07:38:05,Centre Médical d'Excellence,A-,48,10,0,38,4.1,21,96.1,normale,"Bon état général, légère variation température",0,7,7,False,True,normal,pluvieux
2022-07-18 18:10:28,Hôpital Général Douala,A-,32,10,0,22,4.4,49,96.5,normale,Hémoglobine dans les normes,0,18,7,False,True,normal,ensoleillé
2022-07-19 00:43:52,Clinique des Spécialités,A-,22,12,0,10,5.5,5,100.0,faible,Hémoglobine dans les normes,1,0,7,False,True,normal,ensoleillé
2022-07-20 10:27:07,Hôpital de District Bonassama,A-,87,5,0,82,4.3,33,99.5,normale,"État satisfaisant, contrôle qualité OK",2,10,7,False,True,normal,nuageux
2022-07-25 13:42:37,Hôpital de District Bonassama,A-,64,12,0,52,4.0,1,65.3,attention,"Bon état général, légère variation température",0,13,7,False,True,normal,pluvieux
2022-07-29 12:48:39,Clinique des Spécialités,A-,48,15,0,33,4.6,1,60.0,attention,Parfait pour transfusion immédiate,4,12,7,False,True,normal,ensoleillé
2022-07-31 17:27:25,Hôpital Général Douala,A-,51,3,0,48,4.7,22,93.1,normale,Attention: proche expiration,6,17,7,True,True,normal,ensoleillé
2022-07-31 18:56:37,Hôpital de District Bonassama,A-,54,1,0,53,3.4,16,100.0,normale,Parfait pour transfusion immédiate,6,18,7,True,True,normal,pluvieux
2022-08-02 06:52:02,Hôpital Général Douala,A-,58,9,22,71,4.2,1,64.9,attention,"Excellent état, conservation parfaite",1,6,8,False,True,normal,ensoleillé
2022-08-02 18:25:07,Hôpital Militaire,A-,26,11,18,33,4.9,12,99.6,normale,Urgent: vérifier température stockage,1,18,8,False,True,normal,nuageux
2022-08-05 19:16:01,Hôpital Laquintinie,A-,35,5,0,30,3.2,33,98.1,normale,Parfait pour transfusion immédiate,4,19,8,False,True,normal,pluvieux
2022-08-06 06:22:16,Centre Médical d'Excellence,A-,65,11,23,77,4.4,1,56.3,attention,"Excellent état, conservation parfaite",5,6,8,True,True,normal,ensoleillé
2022-08-06 07:24:08,Centre Médical d'Excellence,A-,43,2,0,41,3.4,31,100.0,normale,Hémoglobine dans les normes,5,7,8,True,True,normal,ensoleillé
2022-08-08 06:34:53,Hôpital Général Douala,A-,63,7,20,76,4.0,7,100.0,normale,"Excellent état, conservation parfaite",0,6,8,False,True,normal,nuageux
2022-08-10 02:45:40,Clinique des Spécialités,A-,7,7,0,0,3.9,3,86.8,critique,"URGENT: Stock critique - Bon état général, légère variation température",2,2,8,False,True,normal,pluvieux
2022-08-10 07:18:31,Clinique des Spécialités,A-,82,13,0,69,3.8,20,91.0,normale,"Excellent état, conservation parfaite",2,7,8,False,True,normal,orageux
2022-08-13 23:52:15,Clinique des Spécialités,A-,18,6,15,27,4.7,24,100.0,normale,Urgent: vérifier température stockage,5,23,8,True,True,normal,orageux
2022-08-14 16:58:39,Hôpital Laquintinie,A-,48,8,0,40,4.6,1,58.0,attention,"Bon état général, légère variation température",6,16,8,True,True,normal,nuageux
2022-08-15 13:14:06,Hôpital Général Douala,A-,102,10,0,92,4.0,1,60.2,attention,"Bon état général, légère variation température",0,13,8,False,True,normal,nuageux
2022-08-16 12:28:23,Hôpital Laquintinie,A-,57,10,0,47,3.1,16,100.0,normale,Attention: proche expiration,1,12,8,False,True,normal,ensoleillé
2022-08-16 23:14:20,Centre Médical d'Excellence,A-,17,6,0,11,3.9,5,98.0,faible,Urgent: vérifier température stockage,1,23,8,False,True,normal,ensoleillé
2022-08-17 11:52:12,Centre Médical d'Excellence,A-,28,8,0,20,3.9,14,99.5,normale,Contrôle bactériologique négatif,2,11,8,False,True,normal,pluvieux
2022-08-17 19:09:25,Centre Médical d'Excellence,A-,96,13,0,83,4.3,25,100.0,normale,Contrôle bactériologique négatif,2,19,8,False,True,normal,nuageux
2022-08-18 06:46:59,Hôpital Général Douala,A-,20,8,0,12,4.1,27,100.0,faible,Contrôle bactériologique négatif,3,6,8,False,True,normal,ensoleillé
2022-08-18 13:34:45,Hôpital Militaire,A-,38,11,14,41,3.7,18,98.2,normale,"Excellent état, conservation parfaite",3,13,8,False,True,normal,nuageux
2022-08-18 15:24:44,Hôpital Général Douala,A-,75,10,22,87,4.9,58,98.9,normale,Hémoglobine dans les normes,3,15,8,False,True,normal,nuageux
2022-08-18 22:15:12,Hôpital Militaire,A-,103,4,0,99,3.7,7,100.0,normale,Contrôle bactériologique négatif,3,22,8,False,True,normal,ensoleillé
2022-08-20 05:41:48,Hôpital Général Douala,A-,15,8,0,7,4.4,1,62.0,critique,URGENT: Stock critique - Contrôle bactériologique négatif,5,5,8,True,True,normal,pluvieux
2022-08-20 19:21:13,Clinique des Spécialités,A-,22,7,0,15,4.5,3,86.9,faible,"Excellent état, conservation parfaite",5,19,8,True,True,normal,ensoleillé
2022-08-20 19:59:40,Hôpital Laquintinie,A-,36,6,20,50,3.8,69,100.0,normale,Urgent: vérifier température stockage,5,19,8,True,True,normal,pluvieux
2022-08-20 21:29:03,Clinique des Spécialités,A-,54,4,0,50,3.4,6,97.4,normale,Urgent: vérifier température stockage,5,21,8,True,True,normal,pluvieux
2022-08-21 12:10:18,Clinique des Spécialités,A-,16,2,0,14,4.6,5,100.0,faible,Urgent: vérifier température stockage,6,12,8,True,True,normal,ensoleillé
2022-08-22 05:19:41,Clinique des Spécialités,A-,30,10,0,20,3.7,16,100.0,normale,"État satisfaisant, contrôle qualité OK",0,5,8,False,True,normal,ensoleillé
2022-08-22 08:31:10,Hôpital Laquintinie,A-,18,13,25,30,4.9,7,100.0,normale,Urgent: vérifier température stockage,0,8,8,False,True,normal,pluvieux
2022-08-22 18:06:44,Centre Médical d'Excellence,A-,42,16,10,36,3.7,15,100.0,normale,Parfait pour transfusion immédiate,0,18,8,False,True,normal,pluvieux
2022-08-23 13:33:20,Hôpital Général Douala,A-,42,11,0,31,3.3,4,77.8,normale,Contrôle bactériologique négatif,1,13,8,False,True,normal,nuageux
2022-08-23 15:57:22,Hôpital Général Douala,A-,46,7,0,39,4.4,21,97.9,normale,Attention: proche expiration,1,15,8,False,True,normal,nuageux
2022-08-24 19:00:33,Centre Médical d'Excellence,A-,43,8,0,35,3.4,14,100.0,normale,"État satisfaisant, contrôle qualité OK",2,19,8,False,True,normal,ensoleillé
2022-08-25 06:58:41,Hôpital Laquintinie,A-,60,10,0,50,4.4,1,62.9,attention,"Bon état général, légère variation température",3,6,8,False,True,normal,pluvieux
2022-08-25 18:14:06,Hôpital Général Douala,A-,81,6,0,75,4.3,5,100.0,normale,Contrôle bactériologique négatif,3,18,8,False,True,normal,nuageux
2022-08-26 06:24:25,Centre Médical d'Excellence,A-,68,5,0,63,4.2,25,100.0,normale,"Excellent état, conservation parfaite",4,6,8,False,True,normal,ensoleillé
2022-08-28 03:04:44,Clinique des Spécialités,A-,37,11,0,26,3.5,16,100.0,normale,Attention: proche expiration,6,3,8,True,True,normal,ensoleillé
2022-08-31 09:57:24,Hôpital Militaire,A-,52,2,0,50,3.4,18,100.0,normale,Parfait pour transfusion immédiate,2,9,8,False,True,normal,pluvieux
2022-08-31 18:57:36,Centre Médical d'Excellence,A-,63,5,0,58,4.6,20,94.2,normale,Attention: proche expiration,2,18,8,False,True,normal,orageux
2022-09-01 15:22:08,Hôpital Général Douala,A-,39,10,0,29,4.5,51,100.0,normale,Hémoglobine dans les normes,3,15,9,False,False,normal,orageux
2022-09-01 19:00:45,Centre Médical d'Excellence,A-,69,8,0,61,4.1,4,81.6,normale,Urgent: vérifier température stockage,3,19,9,False,False,normal,pluvieux
2022-09-03 05:38:48,Hôpital Militaire,A-,17,5,0,12,3.7,14,98.7,faible,Parfait pour transfusion immédiate,5,5,9,True,False,normal,ensoleillé
2022-09-03 08:50:05,Hôpital Militaire,A-,48,7,0,41,3.8,2,81.9,normale,Urgent: vérifier température stockage,5,8,9,True,False,normal,ensoleillé
2022-09-04 04:15:35,Hôpital Laquintinie,A-,25,7,0,18,4.0,2,88.1,faible,Parfait pour transfusion immédiate,6,4,9,True,False,normal,nuageux
2022-09-08 04:35:58,Centre Médical d'Excellence,A-,15,7,0,8,3.2,44,100.0,critique,URGENT: Stock critique - Hémoglobine dans les normes,3,4,9,False,False,normal,ensoleillé
2022-09-09 08:07:57,Hôpital Laquintinie,A-,37,9,0,28,4.1,45,92.1,normale,"Bon état général, légère variation température",4,8,9,False,False,normal,ensoleillé
2022-09-10 04:41:54,Hôpital Général Douala,A-,16,3,0,13,3.2,7,100.0,faible,Contrôle bactériologique négatif,5,4,9,True,False,normal,nuageux
2022-09-10 10:42:11,Hôpital de District Bonassama,A-,50,3,0,47,3.9,3,84.3,normale,Parfait pour transfusion immédiate,5,10,9,True,False,normal,nuageux
2022-09-10 13:53:45,Hôpital Laquintinie,A-,34,10,14,38,3.7,2,87.2,normale,Contrôle bactériologique négatif,5,13,9,True,False,normal,nuageux
2022-09-11 04:33:51,Hôpital de District Bonassama,A-,13,4,19,28,4.4,4,80.3,normale,Contrôle bactériologique négatif,6,4,9,True,False,urgence_médicale,ensoleillé
2022-09-11 22:53:58,Hôpital Laquintinie,A-,37,6,0,31,4.5,5,100.0,normale,Urgent: vérifier température stockage,6,22,9,True,False,normal,ensoleillé
2022-09-14 12:16:51,Hôpital Militaire,A-,45,8,0,37,4.4,10,99.5,normale,Hémoglobine dans les normes,2,12,9,False,False,urgence_médicale,ensoleillé
2022-09-14 22:23:48,Hôpital Militaire,A-,65,6,16,75,3.3,17,97.8,normale,"État satisfaisant, contrôle qualité OK",2,22,9,False,False,normal,pluvieux
2022-09-15 07:31:07,Hôpital Laquintinie,A-,39,8,0,31,4.1,15,98.7,normale,"Bon état général, légère variation température",3,7,9,False,False,normal,pluvieux
2022-09-18 05:10:35,Hôpital de District Bonassama,A-,33,3,0,30,4.2,4,92.2,normale,Parfait pour transfusion immédiate,6,5,9,True,False,normal,ensoleillé
2022-09-18 14:14:34,Clinique des Spécialités,A-,33,4,22,51,3.7,1,63.1,attention,Hémoglobine dans les normes,6,14,9,True,False,normal,ensoleillé
2022-09-18 21:12:28,Clinique des Spécialités,A-,48,3,0,45,3.5,37,100.0,normale,Attention: proche expiration,6,21,9,True,False,normal,nuageux
2022-09-20 05:41:06,Hôpital Général Douala,A-,19,8,28,39,3.4,1,63.3,attention,Contrôle bactériologique négatif,1,5,9,False,False,normal,ensoleillé
2022-09-20 19:37:14,Hôpital Général Douala,A-,39,6,0,33,4.4,1,59.9,attention,"État satisfaisant, contrôle qualité OK",1,19,9,False,False,normal,nuageux
2022-09-21 23:44:01,Centre Médical d'Excellence,A-,25,14,0,11,3.8,7,100.0,faible,Urgent: vérifier température stockage,2,23,9,False,False,normal,ensoleillé
2022-09-22 05:19:49,Hôpital de District Bonassama,A-,35,9,27,53,3.5,5,90.4,normale,Contrôle bactériologique négatif,3,5,9,False,False,normal,orageux
2022-09-24 18:08:38,Hôpital Général Douala,A-,33,7,0,26,4.0,5,100.0,normale,Contrôle bactériologique négatif,5,18,9,True,False,normal,orageux
2022-09-25 03:47:57,Hôpital Général Douala,A-,17,5,27,39,4.3,41,100.0,normale,Parfait pour transfusion immédiate,6,3,9,True,False,normal,pluvieux
2022-09-26 04:44:19,Hôpital de District Bonassama,A-,18,10,12,20,4.9,22,100.0,normale,Parfait pour transfusion immédiate,0,4,9,False,False,normal,nuageux
2022-09-26 12:04:29,Clinique des Spécialités,A-,30,8,0,22,3.2,5,92.7,normale,"État satisfaisant, contrôle qualité OK",0,12,9,False,False,normal,nuageux
2022-09-26 20:53:06,Clinique des Spécialités,A-,49,6,0,43,4.3,13,94.2,normale,"Bon état général, légère variation température",0,20,9,False,False,normal,pluvieux
2022-09-28 18:39:46,Hôpital Militaire,A-,32,8,0,24,2.7,9,97.4,normale,Hémoglobine dans les normes,2,18,9,False,False,normal,nuageux
2022-10-02 15:32:45,Hôpital Militaire,A-,28,7,0,21,5.2,16,99.4,normale,Parfait pour transfusion immédiate,6,15,10,True,False,normal,ensoleillé
2022-10-03 04:35:07,Centre Médical d'Excellence,A-,18,6,0,12,3.1,9,100.0,faible,"Bon état général, légère variation température",0,4,10,False,False,épidémie,pluvieux
2022-10-03 19:42:44,Clinique des Spécialités,A-,54,7,0,47,4.1,7,96.1,normale,Urgent: vérifier température stockage,0,19,10,False,False,normal,orageux
2022-10-08 08:49:11,Hôpital Laquintinie,A-,36,9,0,27,4.6,45,100.0,normale,Contrôle bactériologique négatif,5,8,10,True,False,normal,nuageux
2022-10-08 10:44:13,Clinique des Spécialités,A-,25,4,0,21,4.0,27,91.3,normale,Urgent: vérifier température stockage,5,10,10,True,False,normal,orageux
2022-10-09 00:03:21,Hôpital Laquintinie,A-,19,4,0,15,3.0,14,100.0,faible,"Bon état général, légère variation température",6,0,10,True,False,normal,ensoleillé
2022-10-09 06:58:34,Hôpital Général Douala,A-,40,2,0,38,4.5,6,100.0,normale,Urgent: vérifier température stockage,6,6,10,True,False,normal,ensoleillé
2022-10-09 13:54:45,Hôpital de District Bonassama,A-,50,6,0,44,4.2,7,100.0,normale,Attention: proche expiration,6,13,10,True,False,normal,orageux
2022-10-10 04:18:04,Hôpital de District Bonassama,A-,24,11,0,13,3.5,12,95.6,faible,"Excellent état, conservation parfaite",0,4,10,False,False,normal,orageux
2022-10-10 05:11:40,Hôpital Général Douala,A-,26,5,0,21,4.0,13,97.7,normale,Parfait pour transfusion immédiate,0,5,10,False,False,normal,pluvieux
2022-10-11 02:39:00,Hôpital Laquintinie,A-,24,7,0,17,4.7,1,55.6,faible,"Excellent état, conservation parfaite",1,2,10,False,False,normal,ensoleillé
2022-10-12 00:05:59,Hôpital de District Bonassama,A-,30,3,0,27,4.1,2,77.6,normale,Contrôle bactériologique négatif,2,0,10,False,False,normal,pluvieux
2022-10-12 02:41:43,Clinique des Spécialités,A-,25,8,0,17,4.0,9,100.0,faible,"État satisfaisant, contrôle qualité OK",2,2,10,False,False,urgence_médicale,ensoleillé
2022-10-12 02:52:34,Hôpital de District Bonassama,A-,18,11,0,7,4.1,8,100.0,critique,URGENT: Stock critique - Parfait pour transfusion immédiate,2,2,10,False,False,urgence_médicale,nuageux
2022-10-13 07:37:11,Clinique des Spécialités,A-,34,6,26,54,4.0,13,93.0,normale,Parfait pour transfusion immédiate,3,7,10,False,False,normal,ensoleillé
2022-10-13 11:30:53,Hôpital de District Bonassama,A-,50,4,0,46,3.4,15,93.3,normale,Urgent: vérifier température stockage,3,11,10,False,False,normal,pluvieux
2022-10-13 11:50:47,Hôpital Militaire,A-,58,7,25,76,4.4,19,100.0,normale,"État satisfaisant, contrôle qualité OK",3,11,10,False,False,normal,ensoleillé
2022-10-14 22:08:46,Hôpital Général Douala,A-,36,6,0,30,4.2,16,99.8,normale,"Bon état général, légère variation température",4,22,10,False,False,normal,pluvieux
2022-10-14 22:46:15,Hôpital de District Bonassama,A-,33,13,0,20,4.1,20,100.0,normale,Hémoglobine dans les normes,4,22,10,False,False,normal,pluvieux
2022-10-17 20:59:36,Centre Médical d'Excellence,A-,46,4,0,42,3.9,1,57.5,attention,Urgent: vérifier température stockage,0,20,10,False,False,normal,ensoleillé
2022-10-18 04:52:18,Hôpital Laquintinie,A-,28,13,28,43,4.3,5,95.6,normale,Hémoglobine dans les normes,1,4,10,False,False,normal,orageux
2022-10-18 16:08:54,Hôpital Général Douala,A-,47,8,0,39,4.3,4,98.7,normale,Urgent: vérifier température stockage,1,16,10,False,False,accident_route,ensoleillé
2022-10-19 20:54:19,Hôpital de District Bonassama,A-,64,6,0,58,4.2,49,100.0,normale,Urgent: vérifier température stockage,2,20,10,False,False,normal,pluvieux
2022-10-20 10:00:39,Clinique des Spécialités,A-,44,11,21,54,3.4,31,93.3,normale,Attention: proche expiration,3,10,10,False,False,normal,nuageux
2022-10-24 17:04:20,Hôpital Laquintinie,A-,39,3,0,36,4.8,13,100.0,normale,Urgent: vérifier température stockage,0,17,10,False,False,normal,ensoleillé
2022-10-26 20:50:23,Centre Médical d'Excellence,A-,54,6,0,48,4.9,22,100.0,normale,Attention: proche expiration,2,20,10,False,False,normal,nuageux
2022-10-27 07:05:31,Clinique des Spécialités,A-,61,6,0,55,3.2,13,100.0,normale,"État satisfaisant, contrôle qualité OK",3,7,10,False,False,normal,pluvieux
2022-10-28 06:04:44,Clinique des Spécialités,A-,59,9,22,72,4.3,6,97.9,normale,"Bon état général, légère variation température",4,6,10,False,False,normal,orageux
2022-10-28 06:06:23,Centre Médical d'Excellence,A-,55,10,0,45,4.1,31,99.7,normale,Parfait pour transfusion immédiate,4,6,10,False,False,normal,ensoleillé
2022-10-29 05:06:27,Hôpital Militaire,A-,21,2,29,48,4.1,11,100.0,normale,Hémoglobine dans les normes,5,5,10,True,False,normal,nuageux
2022-10-29 19:51:02,Hôpital de District Bonassama,A-,45,4,0,41,3.7,2,83.9,normale,"Excellent état, conservation parfaite",5,19,10,True,False,normal,pluvieux
2022-10-29 20:53:00,Centre Médical d'Excellence,A-,36,9,21,48,3.4,1,67.1,attention,Contrôle bactériologique négatif,5,20,10,True,False,normal,orageux
2022-10-30 16:58:05,Hôpital Général Douala,A-,38,6,0,32,4.2,17,94.7,normale,"État satisfaisant, contrôle qualité OK",6,16,10,True,False,normal,pluvieux
2022-11-01 03:58:46,Clinique des Spécialités,A-,21,5,0,16,4.6,10,93.2,faible,"État satisfaisant, contrôle qualité OK",1,3,11,False,False,normal,pluvieux
2022-11-01 10:37:35,Hôpital Militaire,A-,87,2,0,85,5.0,10,100.0,normale,Parfait pour transfusion immédiate,1,10,11,False,False,urgence_médicale,pluvieux
2022-11-02 00:28:21,Hôpital Général Douala,A-,30,3,0,27,4.2,11,100.0,normale,"Excellent état, conservation parfaite",2,0,11,False,False,normal,ensoleillé
2022-11-04 08:13:59,Hôpital Général Douala,A-,67,6,0,61,4.2,1,60.0,attention,Attention: proche expiration,4,8,11,False,False,normal,ensoleillé
2022-11-05 17:37:34,Hôpital de District Bonassama,A-,23,9,0,14,3.3,5,100.0,faible,"Excellent état, conservation parfaite",5,17,11,True,False,normal,pluvieux
2022-11-05 19:01:05,Hôpital Général Douala,A-,39,8,20,51,4.6,9,100.0,normale,Urgent: vérifier température stockage,5,19,11,True,False,normal,orageux
2022-11-07 05:21:54,Centre Médical d'Excellence,A-,27,7,23,43,4.2,6,92.4,normale,"Excellent état, conservation parfaite",0,5,11,False,False,normal,pluvieux
2022-11-08 04:00:04,Centre Médical d'Excellence,A-,28,6,0,22,3.7,1,56.7,attention,"Bon état général, légère variation température",1,4,11,False,False,normal,ensoleillé
2022-11-11 21:30:48,Hôpital Général Douala,A-,46,6,0,40,3.5,22,100.0,normale,"État satisfaisant, contrôle qualité OK",4,21,11,False,False,normal,pluvieux
2022-11-14 07:19:10,Hôpital Laquintinie,A-,45,10,0,35,4.0,3,90.8,normale,"Bon état général, légère variation température",0,7,11,False,False,normal,ensoleillé
2022-11-15 00:23:38,Centre Médical d'Excellence,A-,30,5,0,25,3.9,25,92.4,normale,Contrôle bactériologique négatif,1,0,11,False,False,normal,nuageux
2022-11-15 10:33:19,Hôpital Militaire,A-,69,7,0,62,3.9,9,100.0,normale,"Bon état général, légère variation température",1,10,11,False,False,accident_route,pluvieux
2022-11-15 15:48:20,Hôpital Général Douala,A-,32,5,0,27,3.8,3,78.4,normale,Urgent: vérifier température stockage,1,15,11,False,False,normal,pluvieux
2022-11-16 10:13:57,Hôpital Laquintinie,A-,54,2,0,52,3.3,1,58.7,attention,Urgent: vérifier température stockage,2,10,11,False,False,normal,pluvieux
2022-11-16 18:49:43,Hôpital de District Bonassama,A-,46,10,20,56,4.2,8,100.0,normale,"Excellent état, conservation parfaite",2,18,11,False,False,normal,ensoleillé
2022-11-18 09:00:23,Centre Médical d'Excellence,A-,54,12,0,42,4.2,4,84.1,normale,Urgent: vérifier température stockage,4,9,11,False,False,normal,pluvieux
2022-11-20 06:56:41,Hôpital Laquintinie,A-,28,5,0,23,3.8,2,86.8,normale,"État satisfaisant, contrôle qualité OK",6,6,11,True,False,normal,pluvieux
2022-11-21 00:21:57,Hôpital de District Bonassama,A-,17,5,0,12,3.6,46,100.0,faible,Hémoglobine dans les normes,0,0,11,False,False,normal,pluvieux
2022-11-23 12:06:52,Clinique des Spécialités,A-,59,10,0,49,4.3,7,100.0,normale,Urgent: vérifier température stockage,2,12,11,False,False,normal,ensoleillé
2022-11-23 13:41:15,Hôpital Militaire,A-,36,9,0,27,3.8,14,100.0,normale,Urgent: vérifier température stockage,2,13,11,False,False,normal,pluvieux
2022-11-25 20:52:00,Hôpital Militaire,A-,77,9,0,68,3.1,14,100.0,normale,"Excellent état, conservation parfaite",4,20,11,False,False,normal,nuageux
2022-11-26 00:04:40,Hôpital Militaire,A-,8,2,0,6,3.7,26,100.0,critique,"URGENT: Stock critique - Excellent état, conservation parfaite",5,0,11,True,False,campagne_don,pluvieux
2022-11-28 17:15:17,Centre Médical d'Excellence,A-,48,9,0,39,4.3,1,63.2,attention,"État satisfaisant, contrôle qualité OK",0,17,11,False,False,normal,pluvieux
2022-11-30 21:41:45,Hôpital Laquintinie,A-,24,11,0,13,4.3,22,100.0,faible,Attention: proche expiration,2,21,11,False,False,normal,pluvieux
2022-12-04 08:01:14,Hôpital Général Douala,A-,25,6,0,19,4.5,11,97.7,faible,"Bon état général, légère variation température",6,8,12,True,True,normal,nuageux
2022-12-09 14:59:28,Centre Médical d'Excellence,A-,68,13,20,75,4.8,7,92.6,normale,"État satisfaisant, contrôle qualité OK",4,14,12,False,True,normal,nuageux
2022-12-11 04:10:49,Hôpital Général Douala,A-,21,6,0,15,3.8,1,57.7,faible,"Bon état général, légère variation température",6,4,12,True,True,normal,pluvieux
2022-12-11 04:33:20,Centre Médical d'Excellence,A-,23,7,19,35,4.4,1,49.1,attention,"État satisfaisant, contrôle qualité OK",6,4,12,True,True,urgence_médicale,nuageux
2022-12-11 17:59:46,Clinique des Spécialités,A-,28,7,30,51,4.8,18,100.0,normale,Contrôle bactériologique négatif,6,17,12,True,True,accident_route,pluvieux
2022-12-13 05:54:52,Hôpital Laquintinie,A-,40,6,0,34,3.0,16,90.8,normale,"Bon état général, légère variation température",1,5,12,False,True,normal,pluvieux
2022-12-13 14:51:23,Hôpital Militaire,A-,63,11,0,52,4.2,5,100.0,normale,Hémoglobine dans les normes,1,14,12,False,True,normal,nuageux
2022-12-16 07:37:06,Hôpital de District Bonassama,A-,63,15,0,48,4.6,33,98.5,normale,"Bon état général, légère variation température",4,7,12,False,True,normal,ensoleillé
2022-12-17 20:15:45,Hôpital Militaire,A-,49,6,0,43,4.0,9,96.9,normale,Contrôle bactériologique négatif,5,20,12,True,True,normal,pluvieux
2022-12-19 09:13:18,Clinique des Spécialités,A-,61,11,0,50,4.1,11,97.9,normale,Urgent: vérifier température stockage,0,9,12,False,True,normal,ensoleillé
2022-12-20 17:34:21,Hôpital Militaire,A-,74,14,17,77,3.7,42,99.2,normale,"Excellent état, conservation parfaite",1,17,12,False,True,normal,pluvieux
2022-12-21 14:06:53,Centre Médical d'Excellence,A-,42,8,0,34,3.2,84,99.2,normale,Hémoglobine dans les normes,2,14,12,False,True,normal,nuageux
2022-12-24 08:20:14,Hôpital Laquintinie,A-,49,6,0,43,4.9,38,92.1,normale,"Bon état général, légère variation température",5,8,12,True,True,normal,ensoleillé
2022-12-26 16:07:25,Centre Médical d'Excellence,A-,41,11,0,30,3.1,2,87.5,normale,Attention: proche expiration,0,16,12,False,True,normal,ensoleillé
2022-12-27 21:34:39,Centre Médical d'Excellence,A-,38,7,0,31,4.3,8,91.6,normale,Attention: proche expiration,1,21,12,False,True,normal,ensoleillé
2022-12-28 03:02:28,Hôpital Militaire,A-,29,12,0,17,4.1,18,98.9,faible,"Bon état général, légère variation température",2,3,12,False,True,normal,ensoleillé
2022-12-28 04:51:42,Hôpital de District Bonassama,A-,37,8,0,29,4.3,25,100.0,normale,Urgent: vérifier température stockage,2,4,12,False,True,normal,nuageux
2022-12-28 10:48:22,Hôpital Général Douala,A-,62,12,0,50,4.6,1,55.9,attention,Urgent: vérifier température stockage,2,10,12,False,True,normal,ensoleillé
2022-12-28 11:35:29,Centre Médical d'Excellence,A-,86,16,21,91,4.3,54,99.0,normale,Contrôle bactériologique négatif,2,11,12,False,True,normal,ensoleillé
2022-12-28 23:53:49,Hôpital de District Bonassama,A-,24,3,23,44,4.2,21,100.0,normale,"État satisfaisant, contrôle qualité OK",2,23,12,False,True,normal,ensoleillé
2022-12-29 21:07:03,Centre Médical d'Excellence,A-,90,10,0,80,3.8,1,58.1,attention,"État satisfaisant, contrôle qualité OK",3,21,12,False,True,normal,nuageux
2023-01-02 04:57:57,Hôpital de District Bonassama,A-,33,10,20,43,4.4,15,96.1,normale,Urgent: vérifier température stockage,0,4,1,False,True,normal,ensoleillé
2023-01-02 08:50:03,Hôpital Laquintinie,A-,12,17,16,16,4.5,38,100.0,faible,"Excellent état, conservation parfaite",0,8,1,False,True,normal,ensoleillé
2023-01-06 08:19:16,Hôpital de District Bonassama,A-,76,7,24,93,3.5,12,100.0,normale,Hémoglobine dans les normes,4,8,1,False,True,normal,nuageux
2023-01-06 14:33:26,Hôpital Laquintinie,A-,76,17,0,59,4.3,1,54.5,attention,Attention: proche expiration,4,14,1,False,True,normal,ensoleillé
2023-01-08 00:52:11,Hôpital de District Bonassama,A-,15,4,0,11,3.4,2,86.1,faible,Attention: proche expiration,6,0,1,True,True,normal,nuageux
2023-01-08 01:36:06,Clinique des Spécialités,A-,22,4,15,33,3.7,47,96.7,normale,Urgent: vérifier température stockage,6,1,1,True,True,normal,pluvieux
2023-01-10 11:11:00,Clinique des Spécialités,A-,61,8,0,53,3.7,14,99.0,normale,Contrôle bactériologique négatif,1,11,1,False,True,normal,ensoleillé
2023-01-11 13:02:48,Clinique des Spécialités,A-,60,1,0,59,4.4,22,94.9,normale,Parfait pour transfusion immédiate,2,13,1,False,True,normal,pluvieux
2023-01-11 16:07:53,Centre Médical d'Excellence,A-,41,8,0,33,3.7,36,94.4,normale,"Bon état général, légère variation température",2,16,1,False,True,normal,pluvieux
2023-01-12 22:41:14,Hôpital Général Douala,A-,107,10,23,120,3.5,29,100.0,normale,"Bon état général, légère variation température",3,22,1,False,True,normal,ensoleillé
2023-01-14 05:43:54,Hôpital Laquintinie,A-,23,6,15,32,3.4,18,100.0,normale,"État satisfaisant, contrôle qualité OK",5,5,1,True,True,normal,nuageux
2023-01-15 01:48:30,Clinique des Spécialités,A-,27,6,0,21,5.0,2,81.4,normale,"Excellent état, conservation parfaite",6,1,1,True,True,normal,pluvieux
2023-01-15 07:39:52,Hôpital Laquintinie,A-,56,8,0,48,3.7,15,99.6,normale,Parfait pour transfusion immédiate,6,7,1,True,True,normal,ensoleillé
2023-01-15 19:40:41,Hôpital Militaire,A-,49,7,0,42,4.3,11,99.9,normale,Hémoglobine dans les normes,6,19,1,True,True,normal,pluvieux
2023-01-16 06:22:42,Centre Médical d'Excellence,A-,44,12,0,32,4.0,14,100.0,normale,"Excellent état, conservation parfaite",0,6,1,False,True,épidémie,ensoleillé
2023-01-16 22:56:13,Hôpital de District Bonassama,A-,45,12,0,33,3.6,2,72.9,normale,"Excellent état, conservation parfaite",0,22,1,False,True,normal,ensoleillé
2023-01-17 05:34:22,Centre Médical d'Excellence,A-,20,8,24,36,4.6,1,54.0,attention,"État satisfaisant, contrôle qualité OK",1,5,1,False,True,normal,pluvieux
2023-01-17 22:25:59,Clinique des Spécialités,A-,65,10,14,69,3.9,31,93.7,normale,Attention: proche expiration,1,22,1,False,True,normal,nuageux
2023-01-19 04:54:34,Hôpital Général Douala,A-,29,5,0,24,4.2,49,100.0,normale,"État satisfaisant, contrôle qualité OK",3,4,1,False,True,normal,orageux
2023-01-20 16:46:56,Hôpital de District Bonassama,A-,65,7,0,58,3.7,2,88.8,normale,Urgent: vérifier température stockage,4,16,1,False,True,accident_route,ensoleillé
2023-01-22 05:55:14,Centre Médical d'Excellence,A-,25,9,0,16,3.1,38,100.0,faible,"Excellent état, conservation parfaite",6,5,1,True,True,normal,ensoleillé
2023-01-22 07:42:40,Centre Médical d'Excellence,A-,24,11,0,13,3.9,18,93.2,faible,"État satisfaisant, contrôle qualité OK",6,7,1,True,True,normal,nuageux
2023-01-22 12:27:03,Clinique des Spécialités,A-,32,9,0,23,3.5,4,91.0,normale,Urgent: vérifier température stockage,6,12,1,True,True,normal,ensoleillé
2023-01-22 14:34:00,Hôpital Laquintinie,A-,35,8,0,27,4.8,5,98.2,normale,"État satisfaisant, contrôle qualité OK",6,14,1,True,True,normal,ensoleillé
2023-01-23 18:20:42,Hôpital de District Bonassama,A-,53,7,0,46,3.0,3,85.2,normale,Parfait pour transfusion immédiate,0,18,1,False,True,normal,pluvieux
2023-01-23 19:39:15,Hôpital Général Douala,A-,47,10,20,57,4.6,39,97.8,normale,"Excellent état, conservation parfaite",0,19,1,False,True,normal,ensoleillé
2023-01-24 17:34:28,Hôpital Général Douala,A-,39,11,27,55,3.8,12,100.0,normale,"État satisfaisant, contrôle qualité OK",1,17,1,False,True,normal,nuageux
2023-01-24 19:36:05,Hôpital Laquintinie,A-,82,11,22,93,3.6,17,100.0,normale,"État satisfaisant, contrôle qualité OK",1,19,1,False,True,normal,ensoleillé
2023-01-25 05:36:46,Centre Médical d'Excellence,A-,20,12,0,8,3.5,12,96.0,critique,"URGENT: Stock critique - Excellent état, conservation parfaite",2,5,1,False,True,normal,nuageux
2023-01-25 22:43:17,Clinique des Spécialités,A-,66,15,0,51,3.5,23,100.0,normale,"Bon état général, légère variation température",2,22,1,False,True,normal,nuageux
2023-01-26 19:45:11,Hôpital Général Douala,A-,61,3,18,76,3.9,44,99.2,normale,Urgent: vérifier température stockage,3,19,1,False,True,normal,pluvieux
2023-01-28 14:02:51,Hôpital Laquintinie,A-,14,6,0,8,4.4,1,56.0,critique,"URGENT: Stock critique - État satisfaisant, contrôle qualité OK",5,14,1,True,True,normal,pluvieux
2023-01-28 23:44:08,Hôpital Laquintinie,A-,20,8,15,27,3.9,1,59.5,attention,Hémoglobine dans les normes,5,23,1,True,True,normal,pluvieux
2023-01-31 03:53:40,Hôpital Général Douala,A-,37,5,0,32,5.0,29,94.6,normale,Parfait pour transfusion immédiate,1,3,1,False,True,urgence_médicale,nuageux
2023-02-02 08:37:53,Hôpital Militaire,A-,77,11,0,66,4.2,74,85.7,normale,"État satisfaisant, contrôle qualité OK",3,8,2,False,False,normal,pluvieux
2023-02-03 16:21:26,Hôpital Général Douala,A-,58,8,0,50,3.7,1,60.6,attention,"Bon état général, légère variation température",4,16,2,False,False,normal,ensoleillé
2023-02-05 21:40:13,Hôpital Laquintinie,A-,59,5,0,54,4.2,6,98.4,normale,"État satisfaisant, contrôle qualité OK",6,21,2,True,False,normal,ensoleillé
2023-02-06 10:10:28,Hôpital Laquintinie,A-,45,7,0,38,3.5,27,98.2,normale,Hémoglobine dans les normes,0,10,2,False,False,normal,pluvieux
2023-02-06 13:00:45,Clinique des Spécialités,A-,67,8,24,83,4.1,2,81.6,normale,Attention: proche expiration,0,13,2,False,False,normal,pluvieux
2023-02-10 06:28:30,Hôpital Laquintinie,A-,53,2,31,82,4.4,23,100.0,normale,Contrôle bactériologique négatif,4,6,2,False,False,normal,nuageux
2023-02-10 20:51:48,Hôpital Militaire,A-,29,11,21,39,4.3,7,88.9,normale,"État satisfaisant, contrôle qualité OK",4,20,2,False,False,normal,nuageux
2023-02-11 14:27:33,Hôpital Laquintinie,A-,39,5,0,34,4.2,3,88.0,normale,Parfait pour transfusion immédiate,5,14,2,True,False,normal,ensoleillé
2023-02-12 06:00:21,Hôpital Général Douala,A-,42,7,0,35,3.8,19,97.9,normale,Urgent: vérifier température stockage,6,6,2,True,False,normal,pluvieux
2023-02-13 04:09:14,Clinique des Spécialités,A-,17,8,0,9,3.6,47,98.8,critique,"URGENT: Stock critique - Bon état général, légère variation température",0,4,2,False,False,normal,orageux
2023-02-15 07:58:26,Hôpital de District Bonassama,A-,74,3,24,95,3.6,36,100.0,normale,"État satisfaisant, contrôle qualité OK",2,7,2,False,False,normal,nuageux
2023-02-15 18:20:22,Centre Médical d'Excellence,A-,58,13,22,67,3.6,17,100.0,normale,Parfait pour transfusion immédiate,2,18,2,False,False,normal,pluvieux
2023-02-16 19:37:33,Hôpital Général Douala,A-,41,1,0,40,3.3,3,85.5,normale,"État satisfaisant, contrôle qualité OK",3,19,2,False,False,normal,orageux
2023-02-19 12:41:40,Centre Médical d'Excellence,A-,26,8,0,18,3.4,11,100.0,faible,"Bon état général, légère variation température",6,12,2,True,False,normal,ensoleillé
2023-02-19 23:34:25,Hôpital Laquintinie,A-,19,1,0,18,4.1,37,91.8,faible,"Excellent état, conservation parfaite",6,23,2,True,False,normal,nuageux
2023-02-20 10:02:07,Hôpital Laquintinie,A-,57,10,0,47,4.4,4,88.1,normale,Contrôle bactériologique négatif,0,10,2,False,False,normal,ensoleillé
2023-02-24 14:45:12,Hôpital Militaire,A-,42,5,0,37,3.5,15,94.0,normale,Urgent: vérifier température stockage,4,14,2,False,False,normal,ensoleillé
2023-02-26 09:28:05,Clinique des Spécialités,A-,45,6,0,39,4.4,16,100.0,normale,Urgent: vérifier température stockage,6,9,2,True,False,normal,ensoleillé
2023-02-26 22:19:00,Hôpital de District Bonassama,A-,16,6,23,33,4.3,3,89.5,normale,"État satisfaisant, contrôle qualité OK",6,22,2,True,False,normal,orageux
2023-02-27 06:16:52,Hôpital de District Bonassama,A-,40,10,22,52,4.0,9,98.4,normale,Contrôle bactériologique négatif,0,6,2,False,False,normal,orageux
2023-03-02 22:06:17,Centre Médical d'Excellence,A-,31,7,0,24,4.0,6,91.9,normale,Attention: proche expiration,3,22,3,False,False,normal,ensoleillé
2023-03-03 06:22:28,Hôpital Général Douala,A-,53,15,0,38,4.7,1,66.0,attention,"État satisfaisant, contrôle qualité OK",4,6,3,False,False,campagne_don,pluvieux
2023-03-03 16:55:05,Clinique des Spécialités,A-,55,8,0,47,3.4,10,93.9,normale,"État satisfaisant, contrôle qualité OK",4,16,3,False,False,normal,pluvieux
2023-03-03 22:27:14,Hôpital Laquintinie,A-,12,4,0,8,4.1,2,91.0,critique,URGENT: Stock critique - Urgent: vérifier température stockage,4,22,3,False,False,normal,nuageux
2023-03-04 13:31:29,Centre Médical d'Excellence,A-,34,7,0,27,3.8,4,83.5,normale,Attention: proche expiration,5,13,3,True,False,normal,ensoleillé
2023-03-04 16:43:14,Clinique des Spécialités,A-,23,5,0,18,3.3,1,59.6,faible,Contrôle bactériologique négatif,5,16,3,True,False,normal,pluvieux
2023-03-04 20:23:00,Clinique des Spécialités,A-,51,6,0,45,4.4,26,95.7,normale,Parfait pour transfusion immédiate,5,20,3,True,False,normal,pluvieux
2023-03-05 11:54:29,Hôpital Militaire,A-,24,6,0,18,3.3,2,86.3,faible,Parfait pour transfusion immédiate,6,11,3,True,False,normal,ensoleillé
2023-03-05 17:52:52,Hôpital Militaire,A-,53,5,0,48,4.2,23,100.0,normale,"Excellent état, conservation parfaite",6,17,3,True,False,normal,nuageux
2023-03-06 10:08:47,Clinique des Spécialités,A-,47,8,0,39,5.2,31,100.0,normale,"Bon état général, légère variation température",0,10,3,False,False,normal,ensoleillé
2023-03-06 16:53:10,Hôpital Militaire,A-,29,8,0,21,3.4,2,87.5,normale,"État satisfaisant, contrôle qualité OK",0,16,3,False,False,normal,ensoleillé
2023-03-06 18:28:30,Hôpital de District Bonassama,A-,41,9,0,32,3.2,5,96.9,normale,Parfait pour transfusion immédiate,0,18,3,False,False,normal,ensoleillé
2023-03-06 23:30:29,Hôpital de District Bonassama,A-,31,8,19,42,4.0,24,100.0,normale,Hémoglobine dans les normes,0,23,3,False,False,normal,ensoleillé
2023-03-07 05:50:44,Hôpital de District Bonassama,A-,29,5,0,24,3.9,14,98.0,normale,Attention: proche expiration,1,5,3,False,False,normal,orageux
2023-03-09 07:45:01,Hôpital Militaire,A-,49,7,0,42,4.2,15,100.0,normale,Parfait pour transfusion immédiate,3,7,3,False,False,normal,orageux
2023-03-09 10:22:52,Hôpital Laquintinie,A-,40,7,25,58,3.5,6,89.7,normale,Parfait pour transfusion immédiate,3,10,3,False,False,normal,pluvieux
2023-03-11 06:38:16,Hôpital Militaire,A-,34,3,19,50,3.8,11,100.0,normale,"État satisfaisant, contrôle qualité OK",5,6,3,True,False,normal,orageux
2023-03-11 09:45:16,Hôpital Général Douala,A-,26,3,19,42,4.6,9,97.8,normale,Hémoglobine dans les normes,5,9,3,True,False,normal,ensoleillé
2023-03-12 01:58:06,Hôpital Général Douala,A-,16,5,0,11,4.2,11,100.0,faible,"Excellent état, conservation parfaite",6,1,3,True,False,normal,nuageux
2023-03-13 02:19:09,Centre Médical d'Excellence,A-,18,9,24,33,3.7,65,100.0,normale,"Bon état général, légère variation température",0,2,3,False,False,normal,ensoleillé
2023-03-13 15:01:12,Hôpital Militaire,A-,46,7,0,39,4.0,2,85.4,normale,Urgent: vérifier température stockage,0,15,3,False,False,normal,ensoleillé
2023-03-17 05:37:20,Hôpital de District Bonassama,A-,28,12,22,38,4.3,15,91.9,normale,"Excellent état, conservation parfaite",4,5,3,False,False,normal,orageux
2023-03-17 16:17:59,Centre Médical d'Excellence,A-,53,8,0,45,5.0,3,83.6,normale,"Excellent état, conservation parfaite",4,16,3,False,False,normal,ensoleillé
2023-03-17 21:47:18,Centre Médical d'Excellence,A-,72,11,13,74,5.1,18,100.0,normale,"Excellent état, conservation parfaite",4,21,3,False,False,normal,ensoleillé
2023-03-18 00:12:32,Hôpital Militaire,A-,18,8,0,10,4.8,39,96.7,faible,Parfait pour transfusion immédiate,5,0,3,True,False,normal,orageux
2023-03-18 02:43:39,Clinique des Spécialités,A-,11,7,0,4,3.9,14,100.0,critique,URGENT: Stock critique - Urgent: vérifier température stockage,5,2,3,True,False,normal,nuageux
2023-03-20 18:38:04,Clinique des Spécialités,A-,58,10,0,48,3.6,8,99.4,normale,Parfait pour transfusion immédiate,0,18,3,False,False,normal,ensoleillé
2023-03-20 23:37:00,Hôpital Laquintinie,A-,28,7,0,21,4.3,13,100.0,normale,Parfait pour transfusion immédiate,0,23,3,False,False,normal,ensoleillé
2023-03-21 07:17:09,Clinique des Spécialités,A-,34,8,25,51,3.7,10,100.0,normale,Attention: proche expiration,1,7,3,False,False,normal,ensoleillé
2023-03-21 11:52:22,Hôpital Militaire,A-,44,8,0,36,4.0,17,95.9,normale,Urgent: vérifier température stockage,1,11,3,False,False,normal,ensoleillé
2023-03-21 20:10:05,Hôpital Général Douala,A-,53,6,0,47,4.1,1,51.1,attention,Attention: proche expiration,1,20,3,False,False,normal,pluvieux
2023-03-23 05:55:31,Clinique des Spécialités,A-,23,6,0,17,4.0,3,78.0,faible,"Bon état général, légère variation température",3,5,3,False,False,normal,pluvieux
2023-03-23 11:16:15,Hôpital Militaire,A-,51,8,0,43,4.1,37,100.0,normale,Parfait pour transfusion immédiate,3,11,3,False,False,normal,ensoleillé
2023-03-23 19:41:32,Hôpital Général Douala,A-,37,5,20,52,3.2,4,87.7,normale,"État satisfaisant, contrôle qualité OK",3,19,3,False,False,campagne_don,orageux
2023-03-24 07:10:04,Clinique des Spécialités,A-,43,6,0,37,3.9,1,48.0,attention,Urgent: vérifier température stockage,4,7,3,False,False,normal,nuageux
2023-03-24 08:48:11,Hôpital de District Bonassama,A-,71,12,18,77,4.0,9,100.0,normale,"Bon état général, légère variation température",4,8,3,False,False,normal,pluvieux
2023-03-24 09:45:29,Hôpital Général Douala,A-,56,7,0,49,3.8,20,100.0,normale,Parfait pour transfusion immédiate,4,9,3,False,False,normal,pluvieux
2023-03-26 11:27:55,Hôpital de District Bonassama,A-,64,6,0,58,3.9,11,100.0,normale,"Bon état général, légère variation température",6,11,3,True,False,normal,ensoleillé
2023-03-28 07:11:50,Hôpital de District Bonassama,A-,54,10,0,44,3.6,19,99.6,normale,Contrôle bactériologique négatif,1,7,3,False,False,normal,nuageux
2023-03-28 07:51:03,Hôpital Général Douala,A-,33,4,0,29,4.0,1,54.2,attention,Contrôle bactériologique négatif,1,7,3,False,False,normal,pluvieux
2023-03-28 23:44:57,Hôpital Général Douala,A-,26,4,26,48,4.0,13,96.3,normale,Urgent: vérifier température stockage,1,23,3,False,False,normal,nuageux
2023-03-29 09:51:19,Hôpital Militaire,A-,53,7,0,46,3.3,16,100.0,normale,Hémoglobine dans les normes,2,9,3,False,False,normal,ensoleillé
2023-03-30 05:39:44,Centre Médical d'Excellence,A-,27,4,0,23,4.4,11,100.0,normale,Urgent: vérifier température stockage,3,5,3,False,False,normal,nuageux
2023-03-31 16:05:28,Clinique des Spécialités,A-,26,3,0,23,3.2,16,100.0,normale,"État satisfaisant, contrôle qualité OK",4,16,3,False,False,normal,pluvieux
2023-04-01 11:58:51,Clinique des Spécialités,A-,30,5,0,25,4.1,7,100.0,normale,"État satisfaisant, contrôle qualité OK",5,11,4,True,False,normal,pluvieux
2023-04-02 01:49:47,Hôpital de District Bonassama,A-,21,3,14,32,4.3,27,93.3,normale,Hémoglobine dans les normes,6,1,4,True,False,normal,orageux
2023-04-02 15:53:11,Centre Médical d'Excellence,A-,47,3,0,44,4.1,8,100.0,normale,Contrôle bactériologique négatif,6,15,4,True,False,normal,nuageux
2023-04-05 11:52:00,Hôpital Général Douala,A-,58,8,32,82,4.6,15,100.0,normale,"État satisfaisant, contrôle qualité OK",2,11,4,False,False,normal,pluvieux
2023-04-06 05:21:51,Centre Médical d'Excellence,A-,31,6,0,25,4.8,10,96.9,normale,Attention: proche expiration,3,5,4,False,False,normal,nuageux
2023-04-06 17:36:19,Hôpital Militaire,A-,39,10,0,29,3.6,2,84.8,normale,Hémoglobine dans les normes,3,17,4,False,False,normal,ensoleillé
2023-04-09 00:30:27,Hôpital Militaire,A-,12,7,24,29,4.2,32,100.0,normale,"Excellent état, conservation parfaite",6,0,4,True,False,normal,orageux
2023-04-10 10:17:41,Hôpital Militaire,A-,24,8,0,16,4.0,2,75.2,faible,"Excellent état, conservation parfaite",0,10,4,False,False,normal,ensoleillé
2023-04-10 10:19:46,Hôpital de District Bonassama,A-,34,5,20,49,4.4,4,79.0,normale,Urgent: vérifier température stockage,0,10,4,False,False,normal,ensoleillé
2023-04-10 16:58:39,Hôpital Laquintinie,A-,34,10,0,24,3.9,21,100.0,normale,"Excellent état, conservation parfaite",0,16,4,False,False,normal,ensoleillé
2023-04-11 13:12:29,Hôpital Général Douala,A-,18,13,0,5,4.8,1,56.4,critique,URGENT: Stock critique - Hémoglobine dans les normes,1,13,4,False,False,normal,pluvieux
2023-04-12 00:57:26,Hôpital Militaire,A-,35,7,0,28,3.5,2,78.8,normale,Parfait pour transfusion immédiate,2,0,4,False,False,normal,pluvieux
2023-04-12 01:25:53,Hôpital Militaire,A-,23,6,0,17,3.3,1,56.5,faible,Parfait pour transfusion immédiate,2,1,4,False,False,normal,ensoleillé
2023-04-12 19:26:04,Centre Médical d'Excellence,A-,70,6,30,94,4.7,10,97.2,normale,"Excellent état, conservation parfaite",2,19,4,False,False,campagne_don,pluvieux
2023-04-12 22:05:53,Hôpital Général Douala,A-,57,6,24,75,3.8,1,68.3,attention,Urgent: vérifier température stockage,2,22,4,False,False,normal,pluvieux
2023-04-13 10:12:55,Hôpital de District Bonassama,A-,44,10,0,34,3.8,42,100.0,normale,Contrôle bactériologique négatif,3,10,4,False,False,normal,ensoleillé
2023-04-13 19:42:58,Centre Médical d'Excellence,A-,43,9,0,34,2.6,1,53.6,attention,Parfait pour transfusion immédiate,3,19,4,False,False,normal,ensoleillé
2023-04-14 04:41:20,Hôpital Militaire,A-,19,5,0,14,4.5,6,100.0,faible,"Bon état général, légère variation température",4,4,4,False,False,normal,ensoleillé
2023-04-16 10:51:46,Hôpital Militaire,A-,25,3,0,22,4.2,41,100.0,normale,Hémoglobine dans les normes,6,10,4,True,False,normal,nuageux
2023-04-16 21:30:54,Hôpital de District Bonassama,A-,41,4,21,58,3.8,15,100.0,normale,Urgent: vérifier température stockage,6,21,4,True,False,normal,ensoleillé
2023-04-17 09:56:12,Hôpital Général Douala,A-,37,8,21,50,3.8,1,54.9,attention,"État satisfaisant, contrôle qualité OK",0,9,4,False,False,normal,orageux
2023-04-18 21:27:31,Clinique des Spécialités,A-,55,9,21,67,3.9,22,94.3,normale,"État satisfaisant, contrôle qualité OK",1,21,4,False,False,normal,nuageux
2023-04-19 20:32:25,Centre Médical d'Excellence,A-,32,4,0,28,3.6,1,65.2,attention,"Bon état général, légère variation température",2,20,4,False,False,normal,ensoleillé
2023-04-19 20:39:06,Hôpital Général Douala,A-,57,7,0,50,3.2,59,99.3,normale,"État satisfaisant, contrôle qualité OK",2,20,4,False,False,normal,nuageux
2023-04-22 15:10:00,Hôpital Militaire,A-,20,6,0,14,3.6,12,100.0,faible,Urgent: vérifier température stockage,5,15,4,True,False,normal,pluvieux
2023-04-22 19:16:38,Hôpital Général Douala,A-,29,5,0,24,3.7,5,93.4,normale,Urgent: vérifier température stockage,5,19,4,True,False,normal,ensoleillé
2023-04-22 23:46:58,Hôpital Militaire,A-,19,3,0,16,4.2,8,99.1,faible,Contrôle bactériologique négatif,5,23,4,True,False,normal,pluvieux
2023-04-24 03:46:38,Clinique des Spécialités,A-,30,8,0,22,3.0,54,93.2,normale,Contrôle bactériologique négatif,0,3,4,False,False,normal,nuageux
2023-04-24 12:29:21,Hôpital Général Douala,A-,41,12,26,55,3.4,44,100.0,normale,Urgent: vérifier température stockage,0,12,4,False,False,normal,ensoleillé
2023-04-25 03:34:06,Hôpital Général Douala,A-,25,8,0,17,3.1,8,100.0,faible,"Bon état général, légère variation température",1,3,4,False,False,normal,ensoleillé
2023-04-25 21:20:18,Centre Médical d'Excellence,A-,43,8,18,53,4.9,3,81.2,normale,Hémoglobine dans les normes,1,21,4,False,False,normal,pluvieux
2023-04-26 05:35:08,Hôpital Général Douala,A-,19,6,0,13,3.5,2,79.0,faible,Attention: proche expiration,2,5,4,False,False,normal,nuageux
2023-04-26 11:50:09,Hôpital de District Bonassama,A-,29,8,20,41,4.4,4,86.6,normale,Attention: proche expiration,2,11,4,False,False,normal,ensoleillé
2023-04-26 17:31:21,Hôpital Militaire,A-,35,7,14,42,4.6,8,100.0,normale,Parfait pour transfusion immédiate,2,17,4,False,False,épidémie,pluvieux
2023-04-27 18:43:44,Clinique des Spécialités,A-,56,9,0,47,3.1,11,100.0,normale,"Excellent état, conservation parfaite",3,18,4,False,False,normal,pluvieux
2023-04-30 01:53:53,Hôpital Général Douala,A-,15,3,17,29,4.9,13,100.0,normale,Hémoglobine dans les normes,6,1,4,True,False,normal,nuageux
2023-05-05 03:34:59,Clinique des Spécialités,A-,24,8,0,16,3.7,1,60.7,faible,"État satisfaisant, contrôle qualité OK",4,3,5,False,False,normal,ensoleillé
2023-05-05 20:08:27,Hôpital Général Douala,A-,59,10,20,69,4.0,21,100.0,normale,Attention: proche expiration,4,20,5,False,False,normal,orageux
2023-05-07 14:09:25,Hôpital Militaire,A-,37,3,0,34,4.1,13,98.2,normale,Urgent: vérifier température stockage,6,14,5,True,False,normal,nuageux
2023-05-07 20:27:52,Hôpital Militaire,A-,50,5,0,45,3.9,3,84.1,normale,"Bon état général, légère variation température",6,20,5,True,False,normal,pluvieux
2023-05-08 11:28:04,Hôpital Militaire,A-,45,3,0,42,4.3,18,100.0,normale,"État satisfaisant, contrôle qualité OK",0,11,5,False,False,normal,ensoleillé
2023-05-10 04:30:22,Hôpital de District Bonassama,A-,18,7,0,11,4.2,7,100.0,faible,Urgent: vérifier température stockage,2,4,5,False,False,normal,ensoleillé
2023-05-10 15:41:45,Centre Médical d'Excellence,A-,45,9,0,36,3.4,7,100.0,normale,"État satisfaisant, contrôle qualité OK",2,15,5,False,False,normal,orageux
2023-05-11 08:07:21,Hôpital Laquintinie,A-,46,3,16,59,4.1,6,100.0,normale,Hémoglobine dans les normes,3,8,5,False,False,normal,pluvieux
2023-05-12 06:40:50,Clinique des Spécialités,A-,60,6,0,54,3.9,41,95.3,normale,Parfait pour transfusion immédiate,4,6,5,False,False,normal,ensoleillé
2023-05-12 06:52:54,Clinique des Spécialités,A-,48,10,0,38,4.1,46,97.0,normale,Hémoglobine dans les normes,4,6,5,False,False,normal,ensoleillé
2023-05-17 00:15:11,Hôpital Militaire,A-,12,9,25,28,4.5,48,92.9,normale,Parfait pour transfusion immédiate,2,0,5,False,False,normal,pluvieux
2023-05-18 04:46:24,Hôpital Général Douala,A-,27,7,0,20,4.3,55,98.1,normale,Urgent: vérifier température stockage,3,4,5,False,False,normal,pluvieux
2023-05-18 17:30:06,Clinique des Spécialités,A-,45,11,18,52,3.9,20,95.2,normale,Parfait pour transfusion immédiate,3,17,5,False,False,normal,pluvieux
2023-05-19 00:53:17,Hôpital Militaire,A-,25,12,0,13,4.2,22,93.2,faible,Attention: proche expiration,4,0,5,False,False,normal,ensoleillé
2023-05-19 05:50:24,Hôpital Militaire,A-,37,6,0,31,3.9,25,92.3,normale,Attention: proche expiration,4,5,5,False,False,normal,ensoleillé
2023-05-19 08:15:18,Hôpital Laquintinie,A-,67,13,0,54,3.9,6,90.9,normale,Urgent: vérifier température stockage,4,8,5,False,False,normal,nuageux
2023-05-19 23:22:30,Clinique des Spécialités,A-,36,9,17,44,4.1,29,100.0,normale,"État satisfaisant, contrôle qualité OK",4,23,5,False,False,normal,ensoleillé
2023-05-20 09:54:04,Hôpital Général Douala,A-,48,5,22,65,4.8,1,71.3,normale,"Bon état général, légère variation température",5,9,5,True,False,normal,ensoleillé
2023-05-22 00:12:54,Hôpital Laquintinie,A-,34,10,0,24,4.1,11,100.0,normale,"Excellent état, conservation parfaite",0,0,5,False,False,normal,ensoleillé
2023-05-23 17:23:27,Hôpital Militaire,A-,70,12,13,71,2.9,5,99.5,normale,"Bon état général, légère variation température",1,17,5,False,False,normal,pluvieux
2023-05-24 05:50:34,Hôpital Militaire,A-,43,8,12,47,4.5,6,100.0,normale,"État satisfaisant, contrôle qualité OK",2,5,5,False,False,normal,ensoleillé
2023-05-25 13:48:27,Hôpital de District Bonassama,A-,44,6,0,38,3.2,1,60.3,attention,Attention: proche expiration,3,13,5,False,False,normal,pluvieux
2023-05-26 09:18:49,Hôpital de District Bonassama,A-,46,6,13,53,3.9,22,94.8,normale,Attention: proche expiration,4,9,5,False,False,normal,orageux
2023-05-26 13:01:54,Clinique des Spécialités,A-,62,5,0,57,4.4,55,99.3,normale,Urgent: vérifier température stockage,4,13,5,False,False,normal,ensoleillé
2023-05-26 21:40:48,Hôpital Militaire,A-,60,9,17,68,4.5,1,57.7,attention,"Excellent état, conservation parfaite",4,21,5,False,False,normal,nuageux
2023-05-27 06:17:35,Hôpital Laquintinie,A-,23,2,0,21,4.6,3,91.4,normale,Attention: proche expiration,5,6,5,True,False,normal,pluvieux
2023-05-28 00:02:04,Hôpital Général Douala,A-,10,6,18,22,3.7,4,81.9,normale,Urgent: vérifier température stockage,6,0,5,True,False,campagne_don,nuageux
2023-05-29 10:40:47,Clinique des Spécialités,A-,63,8,17,72,3.5,27,100.0,normale,Parfait pour transfusion immédiate,0,10,5,False,False,épidémie,ensoleillé
2023-05-30 11:12:01,Hôpital Laquintinie,A-,50,8,0,42,4.2,6,100.0,normale,"État satisfaisant, contrôle qualité OK",1,11,5,False,False,normal,ensoleillé
2023-05-30 18:54:17,Centre Médical d'Excellence,A-,40,11,0,29,3.7,5,100.0,normale,Contrôle bactériologique négatif,1,18,5,False,False,normal,pluvieux
2023-05-31 07:07:16,Clinique des Spécialités,A-,41,9,20,52,3.7,16,95.9,normale,Urgent: vérifier température stockage,2,7,5,False,False,normal,pluvieux
2023-05-31 10:37:34,Clinique des Spécialités,A-,46,5,20,61,4.9,6,100.0,normale,"Bon état général, légère variation température",2,10,5,False,False,normal,pluvieux
2023-05-31 12:03:23,Hôpital Militaire,A-,19,5,0,14,3.7,29,100.0,faible,Attention: proche expiration,2,12,5,False,False,normal,ensoleillé
2023-05-31 17:06:42,Hôpital Général Douala,A-,19,5,0,14,4.2,17,95.1,faible,Contrôle bactériologique négatif,2,17,5,False,False,normal,ensoleillé
2023-06-01 00:46:43,Hôpital Laquintinie,A-,17,7,0,10,3.9,1,65.6,faible,Attention: proche expiration,3,0,6,False,False,normal,pluvieux
2023-06-02 13:46:31,Clinique des Spécialités,A-,63,9,0,54,3.5,25,90.2,normale,Attention: proche expiration,4,13,6,False,False,normal,nuageux
2023-06-02 19:45:36,Centre Médical d'Excellence,A-,48,6,0,42,3.5,6,98.4,normale,"Excellent état, conservation parfaite",4,19,6,False,False,normal,pluvieux
2023-06-04 14:38:58,Hôpital Laquintinie,A-,24,0,0,24,4.8,3,85.4,normale,Urgent: vérifier température stockage,6,14,6,True,False,normal,pluvieux
2023-06-05 10:09:47,Clinique des Spécialités,A-,63,12,0,51,4.7,7,96.8,normale,Contrôle bactériologique négatif,0,10,6,False,False,normal,orageux
2023-06-06 06:39:32,Hôpital Laquintinie,A-,37,10,0,27,4.5,13,100.0,normale,Parfait pour transfusion immédiate,1,6,6,False,False,normal,pluvieux
2023-06-06 10:43:54,Clinique des Spécialités,A-,69,7,25,87,4.3,3,78.0,normale,Hémoglobine dans les normes,1,10,6,False,False,normal,pluvieux
2023-06-06 16:52:29,Clinique des Spécialités,A-,65,9,0,56,3.8,15,100.0,normale,"Excellent état, conservation parfaite",1,16,6,False,False,normal,ensoleillé
2023-06-06 18:16:55,Centre Médical d'Excellence,A-,20,6,0,14,3.7,3,79.7,faible,Parfait pour transfusion immédiate,1,18,6,False,False,normal,pluvieux
2023-06-07 04:14:13,Centre Médical d'Excellence,A-,20,9,0,11,3.7,1,59.4,faible,Contrôle bactériologique négatif,2,4,6,False,False,urgence_médicale,pluvieux
2023-06-07 13:49:13,Clinique des Spécialités,A-,70,3,0,67,3.7,38,92.6,normale,Hémoglobine dans les normes,2,13,6,False,False,normal,ensoleillé
2023-06-08 05:28:15,Hôpital Laquintinie,A-,21,11,19,29,3.0,13,100.0,normale,Contrôle bactériologique négatif,3,5,6,False,False,normal,ensoleillé
2023-06-08 08:39:41,Hôpital Militaire,A-,51,7,0,44,3.9,11,100.0,normale,Urgent: vérifier température stockage,3,8,6,False,False,normal,ensoleillé
2023-06-10 22:47:31,Clinique des Spécialités,A-,52,8,0,44,4.3,16,100.0,normale,"État satisfaisant, contrôle qualité OK",5,22,6,True,False,normal,pluvieux
2023-06-11 01:34:58,Hôpital Laquintinie,A-,15,6,0,9,4.5,6,96.3,critique,URGENT: Stock critique - Contrôle bactériologique négatif,6,1,6,True,False,normal,ensoleillé
2023-06-12 11:55:17,Hôpital Général Douala,A-,65,4,22,83,3.3,3,85.9,normale,Parfait pour transfusion immédiate,0,11,6,False,False,normal,nuageux
2023-06-12 19:53:47,Hôpital Laquintinie,A-,51,6,0,45,3.8,11,99.5,normale,Contrôle bactériologique négatif,0,19,6,False,False,normal,ensoleillé
2023-06-13 06:09:01,Hôpital de District Bonassama,A-,32,6,0,26,4.6,12,100.0,normale,"Bon état général, légère variation température",1,6,6,False,False,normal,ensoleillé
2023-06-13 09:37:20,Centre Médical d'Excellence,A-,40,7,15,48,4.1,15,100.0,normale,Contrôle bactériologique négatif,1,9,6,False,False,normal,pluvieux
2023-06-13 19:16:17,Centre Médical d'Excellence,A-,33,7,16,42,3.5,1,57.1,attention,"Bon état général, légère variation température",1,19,6,False,False,normal,ensoleillé
2023-06-16 15:20:10,Hôpital Militaire,A-,39,10,0,29,4.2,1,60.8,attention,"Excellent état, conservation parfaite",4,15,6,False,False,normal,ensoleillé
2023-06-17 10:31:16,Centre Médical d'Excellence,A-,52,8,0,44,3.9,12,93.8,normale,"État satisfaisant, contrôle qualité OK",5,10,6,True,False,normal,nuageux
2023-06-17 16:54:20,Hôpital Général Douala,A-,35,3,0,32,4.0,22,100.0,normale,Urgent: vérifier température stockage,5,16,6,True,False,normal,orageux
2023-06-19 06:19:34,Hôpital Général Douala,A-,67,7,0,60,4.2,6,95.1,normale,"Excellent état, conservation parfaite",0,6,6,False,False,normal,pluvieux
2023-06-20 10:48:33,Hôpital Militaire,A-,58,9,0,49,3.9,10,100.0,normale,Parfait pour transfusion immédiate,1,10,6,False,False,normal,ensoleillé
2023-06-21 04:22:35,Hôpital Militaire,A-,38,3,0,35,4.6,4,81.4,normale,"Excellent état, conservation parfaite",2,4,6,False,False,normal,pluvieux
2023-06-21 07:48:07,Clinique des Spécialités,A-,57,11,20,66,4.5,8,100.0,normale,Parfait pour transfusion immédiate,2,7,6,False,False,normal,nuageux
2023-06-22 06:23:16,Hôpital Militaire,A-,67,9,0,58,4.0,8,100.0,normale,Hémoglobine dans les normes,3,6,6,False,False,normal,ensoleillé
2023-06-22 15:44:22,Hôpital Laquintinie,A-,38,2,22,58,4.0,3,76.9,normale,Hémoglobine dans les normes,3,15,6,False,False,normal,ensoleillé
2023-06-23 02:08:33,Centre Médical d'Excellence,A-,15,5,0,10,4.1,32,100.0,faible,Contrôle bactériologique négatif,4,2,6,False,False,normal,ensoleillé
2023-06-23 03:23:08,Hôpital Laquintinie,A-,21,7,0,14,3.4,4,91.1,faible,Parfait pour transfusion immédiate,4,3,6,False,False,normal,nuageux
2023-06-23 03:34:43,Centre Médical d'Excellence,A-,15,8,0,7,4.0,1,58.9,critique,URGENT: Stock critique - Urgent: vérifier température stockage,4,3,6,False,False,épidémie,orageux
2023-06-25 12:44:08,Hôpital Militaire,A-,38,5,0,33,3.7,8,95.6,normale,"État satisfaisant, contrôle qualité OK",6,12,6,True,False,normal,orageux
2023-06-26 12:41:18,Hôpital Militaire,A-,25,6,0,19,3.8,1,56.3,faible,Attention: proche expiration,0,12,6,False,False,normal,ensoleillé
2023-06-29 15:00:44,Hôpital Laquintinie,A-,22,8,0,14,2.8,1,58.5,faible,"Excellent état, conservation parfaite",3,15,6,False,False,normal,ensoleillé
2023-06-29 23:24:39,Centre Médical d'Excellence,A-,36,9,0,27,3.7,13,86.0,normale,"État satisfaisant, contrôle qualité OK",3,23,6,False,False,normal,nuageux
2023-06-30 02:41:54,Hôpital Général Douala,A-,6,10,0,0,3.3,18,98.2,critique,URGENT: Stock critique - Parfait pour transfusion immédiate,4,2,6,False,False,normal,nuageux
2023-06-30 05:07:24,Clinique des Spécialités,A-,13,7,22,28,4.1,21,100.0,normale,"Bon état général, légère variation température",4,5,6,False,False,normal,pluvieux
2023-07-01 15:11:50,Clinique des Spécialités,A-,43,9,0,34,3.4,4,87.3,normale,Parfait pour transfusion immédiate,5,15,7,True,True,normal,pluvieux
2023-07-03 13:01:12,Hôpital de District Bonassama,A-,60,12,19,67,2.3,39,100.0,normale,Parfait pour transfusion immédiate,0,13,7,False,True,normal,ensoleillé
2023-07-04 23:28:35,Clinique des Spécialités,A-,29,6,9,32,3.6,9,92.1,normale,Hémoglobine dans les normes,1,23,7,False,True,normal,pluvieux
2023-07-06 15:57:49,Centre Médical d'Excellence,A-,59,11,0,48,4.4,28,100.0,normale,"État satisfaisant, contrôle qualité OK",3,15,7,False,True,normal,ensoleillé
2023-07-07 18:37:25,Hôpital Militaire,A-,51,5,18,64,4.7,21,97.7,normale,Attention: proche expiration,4,18,7,False,True,normal,orageux
2023-07-07 21:08:26,Hôpital Laquintinie,A-,73,8,0,65,3.9,1,61.8,attention,Parfait pour transfusion immédiate,4,21,7,False,True,normal,ensoleillé
2023-07-08 12:22:07,Hôpital Militaire,A-,51,5,0,46,4.6,14,100.0,normale,"Bon état général, légère variation température",5,12,7,True,True,normal,nuageux
2023-07-11 02:31:55,Hôpital Militaire,A-,21,6,0,15,3.6,39,94.1,faible,"Bon état général, légère variation température",1,2,7,False,True,normal,pluvieux
2023-07-14 07:09:52,Centre Médical d'Excellence,A-,45,11,19,53,3.1,21,95.0,normale,Hémoglobine dans les normes,4,7,7,False,True,normal,nuageux
2023-07-14 19:13:42,Hôpital de District Bonassama,A-,48,8,27,67,3.7,14,100.0,normale,"Excellent état, conservation parfaite",4,19,7,False,True,normal,nuageux
2023-07-15 19:45:56,Hôpital de District Bonassama,A-,46,7,0,39,4.9,11,100.0,normale,Hémoglobine dans les normes,5,19,7,True,True,normal,nuageux
2023-07-16 03:53:29,Clinique des Spécialités,A-,11,4,0,7,3.4,21,92.8,critique,"URGENT: Stock critique - Excellent état, conservation parfaite",6,3,7,True,True,normal,pluvieux
2023-07-17 00:26:20,Hôpital Militaire,A-,31,8,0,23,3.8,4,80.0,normale,Urgent: vérifier température stockage,0,0,7,False,True,normal,orageux
2023-07-17 03:22:23,Hôpital Laquintinie,A-,12,9,16,19,3.6,27,100.0,faible,"Excellent état, conservation parfaite",0,3,7,False,True,normal,ensoleillé
2023-07-17 09:43:12,Hôpital de District Bonassama,A-,76,8,21,89,3.6,22,97.5,normale,"Excellent état, conservation parfaite",0,9,7,False,True,normal,ensoleillé
2023-07-19 13:54:37,Hôpital Laquintinie,A-,51,3,0,48,4.9,23,95.0,normale,"État satisfaisant, contrôle qualité OK",2,13,7,False,True,normal,pluvieux
2023-07-20 08:15:32,Hôpital Militaire,A-,53,5,0,48,3.8,10,100.0,normale,"Excellent état, conservation parfaite",3,8,7,False,True,campagne_don,ensoleillé
2023-07-24 11:37:49,Centre Médical d'Excellence,A-,37,13,19,43,4.4,6,100.0,normale,"Excellent état, conservation parfaite",0,11,7,False,True,urgence_médicale,ensoleillé
2023-07-24 19:21:20,Hôpital de District Bonassama,A-,70,4,0,66,3.8,13,100.0,normale,Hémoglobine dans les normes,0,19,7,False,True,normal,pluvieux
2023-07-25 08:21:01,Centre Médical d'Excellence,A-,63,9,0,54,3.4,12,100.0,normale,"Bon état général, légère variation température",1,8,7,False,True,normal,ensoleillé
2023-07-25 22:27:56,Hôpital de District Bonassama,A-,58,9,15,64,4.3,10,100.0,normale,Hémoglobine dans les normes,1,22,7,False,True,normal,ensoleillé
2023-07-27 17:45:38,Centre Médical d'Excellence,A-,53,13,0,40,4.9,4,80.7,normale,"Excellent état, conservation parfaite",3,17,7,False,True,urgence_médicale,pluvieux
2023-07-29 09:08:20,Hôpital de District Bonassama,A-,31,8,0,23,4.3,5,94.1,normale,"État satisfaisant, contrôle qualité OK",5,9,7,True,True,normal,orageux
2023-07-29 20:15:52,Hôpital Général Douala,A-,49,12,0,37,3.6,43,94.0,normale,Urgent: vérifier température stockage,5,20,7,True,True,normal,ensoleillé
2023-07-30 06:52:09,Clinique des Spécialités,A-,18,11,24,31,4.6,17,100.0,normale,Parfait pour transfusion immédiate,6,6,7,True,True,normal,ensoleillé
2023-07-30 21:15:57,Hôpital Général Douala,A-,48,4,0,44,4.6,3,94.5,normale,Parfait pour transfusion immédiate,6,21,7,True,True,normal,ensoleillé
2023-07-31 06:11:57,Centre Médical d'Excellence,A-,45,8,0,37,3.4,5,98.4,normale,Parfait pour transfusion immédiate,0,6,7,False,True,normal,pluvieux
2023-08-01 14:09:09,Hôpital Général Douala,A-,73,7,0,66,3.8,5,100.0,normale,"Excellent état, conservation parfaite",1,14,8,False,True,normal,nuageux
2023-08-01 16:00:48,Clinique des Spécialités,A-,36,12,0,24,4.3,12,99.5,normale,Urgent: vérifier température stockage,1,16,8,False,True,normal,orageux
2023-08-02 04:26:55,Hôpital Laquintinie,A-,37,15,0,22,3.3,20,100.0,normale,Hémoglobine dans les normes,2,4,8,False,True,normal,nuageux
2023-08-05 04:44:31,Clinique des Spécialités,A-,11,3,0,8,4.3,8,100.0,critique,URGENT: Stock critique - Contrôle bactériologique négatif,5,4,8,True,True,normal,ensoleillé
2023-08-07 17:43:29,Hôpital Général Douala,A-,54,16,0,38,4.3,21,97.3,normale,Contrôle bactériologique négatif,0,17,8,False,True,normal,nuageux
2023-08-07 23:46:11,Centre Médical d'Excellence,A-,24,7,0,17,4.8,6,95.1,faible,"Excellent état, conservation parfaite",0,23,8,False,True,normal,orageux
2023-08-10 14:52:50,Clinique des Spécialités,A-,85,11,0,74,3.4,14,92.6,normale,Contrôle bactériologique négatif,3,14,8,False,True,normal,ensoleillé
2023-08-11 00:48:02,Hôpital Général Douala,A-,26,8,0,18,4.8,14,100.0,faible,Urgent: vérifier température stockage,4,0,8,False,True,normal,pluvieux
2023-08-14 19:49:23,Hôpital de District Bonassama,A-,61,9,16,68,3.4,4,73.1,normale,"État satisfaisant, contrôle qualité OK",0,19,8,False,True,normal,ensoleillé
2023-08-14 23:56:28,Hôpital de District Bonassama,A-,25,3,18,40,3.5,12,96.7,normale,Parfait pour transfusion immédiate,0,23,8,False,True,normal,pluvieux
2023-08-16 00:14:38,Hôpital de District Bonassama,A-,34,10,0,24,3.9,2,87.1,normale,"Bon état général, légère variation température",2,0,8,False,True,normal,ensoleillé
2023-08-20 00:25:55,Clinique des Spécialités,A-,20,7,0,13,4.0,19,97.4,faible,Urgent: vérifier température stockage,6,0,8,True,True,normal,pluvieux
2023-08-20 15:16:23,Centre Médical d'Excellence,A-,38,8,0,30,3.4,26,100.0,normale,Contrôle bactériologique négatif,6,15,8,True,True,normal,nuageux
2023-08-20 23:51:41,Hôpital Général Douala,A-,12,3,0,9,4.4,4,81.5,critique,URGENT: Stock critique - Attention: proche expiration,6,23,8,True,True,normal,pluvieux
2023-08-21 02:04:21,Hôpital Général Douala,A-,35,13,0,22,4.2,12,96.2,normale,Parfait pour transfusion immédiate,0,2,8,False,True,normal,ensoleillé
2023-08-22 16:07:14,Hôpital de District Bonassama,A-,54,9,20,65,4.8,15,100.0,normale,"Bon état général, légère variation température",1,16,8,False,True,normal,nuageux
2023-08-23 06:13:56,Hôpital de District Bonassama,A-,79,11,0,68,4.1,33,100.0,normale,Hémoglobine dans les normes,2,6,8,False,True,normal,ensoleillé
2023-08-23 14:55:57,Centre Médical d'Excellence,A-,83,6,0,77,3.5,7,100.0,normale,Parfait pour transfusion immédiate,2,14,8,False,True,normal,nuageux
2023-08-24 15:51:12,Hôpital Général Douala,A-,70,17,24,77,4.5,1,58.9,attention,Parfait pour transfusion immédiate,3,15,8,False,True,normal,ensoleillé
2023-08-25 18:16:54,Hôpital de District Bonassama,A-,27,9,0,18,4.1,1,59.6,faible,"Bon état général, légère variation température",4,18,8,False,True,normal,ensoleillé
2023-08-26 20:54:23,Hôpital de District Bonassama,A-,48,5,0,43,4.0,13,99.1,normale,Hémoglobine dans les normes,5,20,8,True,True,normal,nuageux
2023-08-30 20:10:38,Hôpital Laquintinie,A-,39,6,0,33,4.5,12,100.0,normale,Parfait pour transfusion immédiate,2,20,8,False,True,normal,ensoleillé
2023-08-31 03:40:36,Hôpital Général Douala,A-,43,17,0,26,4.0,33,100.0,normale,"Excellent état, conservation parfaite",3,3,8,False,True,normal,pluvieux
2023-08-31 16:26:56,Hôpital Général Douala,A-,61,9,0,52,4.1,15,100.0,normale,Parfait pour transfusion immédiate,3,16,8,False,True,normal,pluvieux
2023-09-02 15:32:29,Centre Médical d'Excellence,A-,34,1,25,58,3.2,26,89.6,normale,"État satisfaisant, contrôle qualité OK",5,15,9,True,False,normal,nuageux
2023-09-02 21:23:31,Hôpital Laquintinie,A-,26,7,0,19,4.6,17,96.1,faible,Attention: proche expiration,5,21,9,True,False,normal,ensoleillé
2023-09-03 03:22:53,Clinique des Spécialités,A-,20,3,0,17,4.4,4,81.2,faible,Attention: proche expiration,6,3,9,True,False,normal,pluvieux
2023-09-04 13:43:28,Hôpital Laquintinie,A-,48,0,0,48,3.6,18,97.4,normale,Parfait pour transfusion immédiate,0,13,9,False,False,normal,orageux
2023-09-04 20:07:00,Centre Médical d'Excellence,A-,32,7,15,40,4.9,20,93.3,normale,"Excellent état, conservation parfaite",0,20,9,False,False,normal,pluvieux
2023-09-07 10:17:00,Centre Médical d'Excellence,A-,52,6,0,46,4.3,33,100.0,normale,"État satisfaisant, contrôle qualité OK",3,10,9,False,False,normal,ensoleillé
2023-09-09 12:18:00,Hôpital de District Bonassama,A-,29,8,25,46,4.9,1,69.8,attention,Attention: proche expiration,5,12,9,True,False,normal,ensoleillé
2023-09-09 13:05:41,Hôpital Militaire,A-,43,3,0,40,4.0,7,95.5,normale,"Bon état général, légère variation température",5,13,9,True,False,normal,pluvieux
2023-09-16 06:29:55,Hôpital Laquintinie,A-,32,3,0,29,4.5,7,100.0,normale,"État satisfaisant, contrôle qualité OK",5,6,9,True,False,normal,ensoleillé
2023-09-17 20:06:02,Clinique des Spécialités,A-,37,10,17,44,4.5,7,96.6,normale,Urgent: vérifier température stockage,6,20,9,True,False,normal,pluvieux
2023-09-21 22:12:35,Clinique des Spécialités,A-,73,9,0,64,4.5,9,97.0,normale,"Bon état général, légère variation température",3,22,9,False,False,normal,pluvieux
2023-09-22 21:31:01,Hôpital de District Bonassama,A-,46,10,0,36,4.5,30,94.7,normale,"État satisfaisant, contrôle qualité OK",4,21,9,False,False,normal,ensoleillé
2023-10-01 05:34:13,Hôpital Général Douala,A-,21,5,0,16,4.0,22,95.1,faible,"État satisfaisant, contrôle qualité OK",6,5,10,True,False,normal,nuageux
2023-10-02 19:36:25,Hôpital Laquintinie,A-,47,8,11,50,3.4,15,98.2,normale,"État satisfaisant, contrôle qualité OK",0,19,10,False,False,normal,nuageux
2023-10-02 22:45:29,Clinique des Spécialités,A-,48,5,24,67,4.0,3,79.8,normale,Attention: proche expiration,0,22,10,False,False,normal,ensoleillé
2023-10-03 16:16:28,Hôpital Laquintinie,A-,46,5,0,41,4.3,2,85.4,normale,"Excellent état, conservation parfaite",1,16,10,False,False,normal,nuageux
2023-10-04 16:38:41,Hôpital Laquintinie,A-,49,9,0,40,4.2,21,100.0,normale,Parfait pour transfusion immédiate,2,16,10,False,False,normal,nuageux
2023-10-04 20:57:51,Hôpital de District Bonassama,A-,53,8,0,45,4.7,3,74.2,normale,"Bon état général, légère variation température",2,20,10,False,False,normal,nuageux
2023-10-05 05:04:44,Hôpital Laquintinie,A-,30,11,0,19,4.5,12,99.4,faible,"Bon état général, légère variation température",3,5,10,False,False,normal,ensoleillé
2023-10-05 08:35:08,Centre Médical d'Excellence,A-,48,6,0,42,4.5,10,97.3,normale,Hémoglobine dans les normes,3,8,10,False,False,normal,pluvieux
2023-10-08 13:01:20,Hôpital Militaire,A-,30,7,0,23,4.6,5,100.0,normale,Hémoglobine dans les normes,6,13,10,True,False,normal,ensoleillé
2023-10-09 13:53:41,Hôpital de District Bonassama,A-,49,11,0,38,5.0,18,100.0,normale,Parfait pour transfusion immédiate,0,13,10,False,False,normal,nuageux
2023-10-12 03:06:41,Hôpital Militaire,A-,31,10,0,21,3.7,10,93.8,normale,Hémoglobine dans les normes,3,3,10,False,False,normal,ensoleillé
2023-10-12 21:09:34,Clinique des Spécialités,A-,73,10,22,85,3.6,53,100.0,normale,"État satisfaisant, contrôle qualité OK",3,21,10,False,False,normal,ensoleillé
2023-10-15 08:10:44,Centre Médical d'Excellence,A-,42,6,23,59,3.7,14,100.0,normale,Attention: proche expiration,6,8,10,True,False,campagne_don,nuageux
2023-10-15 17:49:39,Clinique des Spécialités,A-,27,9,0,18,4.0,3,71.3,faible,Contrôle bactériologique négatif,6,17,10,True,False,normal,nuageux
2023-10-16 06:27:45,Hôpital Laquintinie,A-,38,9,22,51,3.8,8,100.0,normale,Parfait pour transfusion immédiate,0,6,10,False,False,normal,ensoleillé
2023-10-16 08:45:40,Hôpital Militaire,A-,50,10,0,40,3.8,19,97.3,normale,"État satisfaisant, contrôle qualité OK",0,8,10,False,False,normal,ensoleillé
2023-10-16 12:38:00,Clinique des Spécialités,A-,59,3,24,80,4.8,35,98.6,normale,"Excellent état, conservation parfaite",0,12,10,False,False,normal,pluvieux
2023-10-17 10:10:18,Centre Médical d'Excellence,A-,37,12,0,25,3.4,11,100.0,normale,"État satisfaisant, contrôle qualité OK",1,10,10,False,False,normal,nuageux
2023-10-17 14:00:13,Hôpital Général Douala,A-,58,12,0,46,4.0,11,96.3,normale,"État satisfaisant, contrôle qualité OK",1,14,10,False,False,normal,pluvieux
2023-10-18 19:49:19,Centre Médical d'Excellence,A-,61,12,0,49,4.1,28,91.5,normale,Parfait pour transfusion immédiate,2,19,10,False,False,normal,ensoleillé
2023-10-21 13:23:18,Hôpital Militaire,A-,48,0,0,48,4.0,5,94.5,normale,Hémoglobine dans les normes,5,13,10,True,False,normal,pluvieux
2023-10-23 11:22:48,Clinique des Spécialités,A-,43,5,0,38,4.2,27,99.9,normale,Parfait pour transfusion immédiate,0,11,10,False,False,normal,ensoleillé
2023-10-24 10:20:44,Clinique des Spécialités,A-,66,9,26,83,3.6,15,89.8,normale,Urgent: vérifier température stockage,1,10,10,False,False,accident_route,orageux
2023-10-25 03:25:11,Hôpital Laquintinie,A-,24,11,0,13,4.6,2,89.8,faible,Urgent: vérifier température stockage,2,3,10,False,False,normal,pluvieux
2023-10-25 08:40:33,Clinique des Spécialités,A-,58,12,0,46,3.8,14,99.9,normale,Parfait pour transfusion immédiate,2,8,10,False,False,normal,ensoleillé
2023-10-25 10:43:44,Clinique des Spécialités,A-,40,14,22,48,4.1,8,100.0,normale,Hémoglobine dans les normes,2,10,10,False,False,normal,pluvieux
2023-10-26 04:03:41,Centre Médical d'Excellence,A-,28,11,21,38,3.9,9,100.0,normale,Attention: proche expiration,3,4,10,False,False,normal,orageux
2023-10-27 02:20:06,Centre Médical d'Excellence,A-,16,4,0,12,4.5,6,97.4,faible,Hémoglobine dans les normes,4,2,10,False,False,normal,nuageux
2023-10-29 16:54:34,Hôpital de District Bonassama,A-,20,3,0,17,3.7,3,84.1,faible,"Excellent état, conservation parfaite",6,16,10,True,False,normal,ensoleillé
2023-10-30 22:51:48,Centre Médical d'Excellence,A-,73,7,0,66,4.4,1,65.1,attention,Hémoglobine dans les normes,0,22,10,False,False,normal,nuageux
2023-10-31 03:01:41,Hôpital Laquintinie,A-,24,11,0,13,4.4,8,96.7,faible,"État satisfaisant, contrôle qualité OK",1,3,10,False,False,normal,orageux
2023-10-31 06:26:13,Hôpital Laquintinie,A-,31,6,0,25,3.1,12,96.8,normale,"Excellent état, conservation parfaite",1,6,10,False,False,normal,ensoleillé
2023-10-31 14:44:09,Clinique des Spécialités,A-,48,15,0,33,4.3,1,56.5,attention,Urgent: vérifier température stockage,1,14,10,False,False,normal,nuageux
2023-11-01 13:16:43,Hôpital de District Bonassama,A-,64,3,0,61,5.0,41,99.9,normale,Parfait pour transfusion immédiate,2,13,11,False,False,normal,ensoleillé
2023-11-02 02:04:35,Hôpital Militaire,A-,22,12,0,10,3.6,40,100.0,faible,Urgent: vérifier température stockage,3,2,11,False,False,normal,ensoleillé
2023-11-02 06:09:11,Clinique des Spécialités,A-,40,5,0,35,3.2,51,100.0,normale,"Excellent état, conservation parfaite",3,6,11,False,False,normal,ensoleillé
2023-11-02 22:02:54,Centre Médical d'Excellence,A-,55,4,0,51,4.0,3,90.5,normale,Contrôle bactériologique négatif,3,22,11,False,False,normal,ensoleillé
2023-11-03 05:10:54,Centre Médical d'Excellence,A-,29,9,0,20,4.0,29,93.6,normale,Hémoglobine dans les normes,4,5,11,False,False,normal,ensoleillé
2023-11-04 06:30:13,Hôpital de District Bonassama,A-,41,6,20,55,4.3,1,56.7,attention,"État satisfaisant, contrôle qualité OK",5,6,11,True,False,normal,pluvieux
2023-11-04 11:38:58,Clinique des Spécialités,A-,29,7,21,43,4.0,2,93.7,normale,"Bon état général, légère variation température",5,11,11,True,False,normal,nuageux
2023-11-05 08:04:32,Hôpital Général Douala,A-,40,6,0,34,4.7,6,93.8,normale,"Excellent état, conservation parfaite",6,8,11,True,False,normal,pluvieux
2023-11-05 09:41:43,Hôpital de District Bonassama,A-,24,8,0,16,3.5,11,100.0,faible,"Excellent état, conservation parfaite",6,9,11,True,False,normal,ensoleillé
2023-11-05 12:38:31,Hôpital Laquintinie,A-,29,6,13,36,3.5,28,100.0,normale,"Excellent état, conservation parfaite",6,12,11,True,False,normal,ensoleillé
2023-11-05 18:54:39,Hôpital Général Douala,A-,21,8,0,13,4.8,4,84.1,faible,"Bon état général, légère variation température",6,18,11,True,False,normal,ensoleillé
2023-11-07 06:11:04,Hôpital de District Bonassama,A-,32,7,0,25,3.5,10,100.0,normale,Contrôle bactériologique négatif,1,6,11,False,False,normal,ensoleillé
2023-11-07 13:59:44,Hôpital Militaire,A-,38,13,0,25,3.8,1,63.7,attention,Parfait pour transfusion immédiate,1,13,11,False,False,normal,ensoleillé
2023-11-07 18:40:06,Hôpital Militaire,A-,52,5,0,47,3.9,8,100.0,normale,Attention: proche expiration,1,18,11,False,False,normal,ensoleillé
2023-11-08 03:45:04,Centre Médical d'Excellence,A-,23,2,0,21,4.3,22,100.0,normale,Contrôle bactériologique négatif,2,3,11,False,False,normal,ensoleillé
2023-11-08 10:43:13,Hôpital Laquintinie,A-,48,7,0,41,3.9,1,53.6,attention,Contrôle bactériologique négatif,2,10,11,False,False,normal,nuageux
2023-11-08 15:03:57,Clinique des Spécialités,A-,67,5,0,62,3.9,7,97.5,normale,"Bon état général, légère variation température",2,15,11,False,False,normal,pluvieux
2023-11-08 18:18:35,Hôpital Laquintinie,A-,56,4,0,52,5.1,14,92.4,normale,Attention: proche expiration,2,18,11,False,False,normal,ensoleillé
2023-11-09 06:52:22,Clinique des Spécialités,A-,60,6,19,73,4.0,1,58.8,attention,"Excellent état, conservation parfaite",3,6,11,False,False,normal,ensoleillé
2023-11-09 22:30:04,Hôpital Militaire,A-,21,9,0,12,3.8,9,97.5,faible,Urgent: vérifier température stockage,3,22,11,False,False,normal,ensoleillé
2023-11-10 11:05:08,Centre Médical d'Excellence,A-,70,8,26,88,3.7,8,93.4,normale,"État satisfaisant, contrôle qualité OK",4,11,11,False,False,normal,ensoleillé
2023-11-14 10:59:06,Clinique des Spécialités,A-,60,9,0,51,4.2,2,77.3,normale,"État satisfaisant, contrôle qualité OK",1,10,11,False,False,normal,ensoleillé
2023-11-15 14:55:12,Hôpital Général Douala,A-,32,4,0,28,4.6,3,76.1,normale,"Excellent état, conservation parfaite",2,14,11,False,False,normal,ensoleillé
2023-11-16 17:19:12,Hôpital Militaire,A-,37,8,0,29,5.0,6,97.4,normale,Contrôle bactériologique négatif,3,17,11,False,False,normal,nuageux
2023-11-16 18:42:23,Clinique des Spécialités,A-,52,11,21,62,3.7,8,99.9,normale,"Excellent état, conservation parfaite",3,18,11,False,False,campagne_don,ensoleillé
2023-11-18 02:41:30,Hôpital Laquintinie,A-,16,5,0,11,4.0,4,89.8,faible,Hémoglobine dans les normes,5,2,11,True,False,normal,orageux
2023-11-19 03:41:21,Hôpital Général Douala,A-,17,9,19,27,4.4,10,97.4,normale,Urgent: vérifier température stockage,6,3,11,True,False,campagne_don,ensoleillé
2023-11-19 05:39:07,Hôpital Général Douala,A-,22,8,0,14,5.0,4,80.8,faible,"Bon état général, légère variation température",6,5,11,True,False,normal,nuageux
2023-11-21 08:33:50,Hôpital Général Douala,A-,66,3,0,63,3.8,29,100.0,normale,Parfait pour transfusion immédiate,1,8,11,False,False,normal,ensoleillé
2023-11-21 09:12:41,Centre Médical d'Excellence,A-,70,11,17,76,4.0,1,66.5,attention,"Excellent état, conservation parfaite",1,9,11,False,False,normal,ensoleillé
2023-11-21 13:52:56,Centre Médical d'Excellence,A-,56,12,23,67,4.3,16,100.0,normale,Contrôle bactériologique négatif,1,13,11,False,False,normal,ensoleillé
2023-11-23 01:26:49,Hôpital de District Bonassama,A-,32,11,0,21,3.2,58,99.6,normale,Hémoglobine dans les normes,3,1,11,False,False,normal,nuageux
2023-11-24 09:36:00,Hôpital de District Bonassama,A-,44,13,0,31,4.1,13,100.0,normale,Attention: proche expiration,4,9,11,False,False,normal,ensoleillé
2023-11-24 18:16:51,Hôpital de District Bonassama,A-,35,11,0,24,3.3,12,100.0,normale,"Bon état général, légère variation température",4,18,11,False,False,normal,ensoleillé
2023-11-24 22:36:45,Clinique des Spécialités,A-,43,6,0,37,4.3,17,97.1,normale,Attention: proche expiration,4,22,11,False,False,normal,ensoleillé
2023-11-26 06:52:11,Clinique des Spécialités,A-,40,4,0,36,4.5,45,100.0,normale,Contrôle bactériologique négatif,6,6,11,True,False,normal,ensoleillé
2023-11-28 08:27:05,Hôpital Laquintinie,A-,70,6,0,64,4.6,12,100.0,normale,"État satisfaisant, contrôle qualité OK",1,8,11,False,False,normal,nuageux
2023-11-29 06:46:51,Hôpital Militaire,A-,36,9,0,27,3.1,37,99.4,normale,Parfait pour transfusion immédiate,2,6,11,False,False,normal,pluvieux
2023-11-29 14:11:33,Hôpital Général Douala,A-,47,13,0,34,4.6,20,97.5,normale,Parfait pour transfusion immédiate,2,14,11,False,False,normal,orageux
2023-11-29 14:14:52,Hôpital de District Bonassama,A-,63,7,0,56,4.5,18,100.0,normale,"État satisfaisant, contrôle qualité OK",2,14,11,False,False,normal,ensoleillé
2023-11-30 06:13:46,Hôpital Général Douala,A-,39,11,18,46,4.8,8,100.0,normale,Urgent: vérifier température stockage,3,6,11,False,False,normal,pluvieux
2023-11-30 19:22:55,Hôpital Laquintinie,A-,50,4,0,46,4.2,3,89.1,normale,Contrôle bactériologique négatif,3,19,11,False,False,normal,pluvieux
2023-12-01 02:05:20,Clinique des Spécialités,A-,39,11,21,49,4.1,3,99.4,normale,Attention: proche expiration,4,2,12,False,True,normal,orageux
2023-12-02 03:00:41,Clinique des Spécialités,A-,27,6,0,21,4.1,17,99.6,normale,"Bon état général, légère variation température",5,3,12,True,True,normal,ensoleillé
2023-12-04 18:18:36,Hôpital Laquintinie,A-,87,11,0,76,2.9,2,79.2,normale,Parfait pour transfusion immédiate,0,18,12,False,True,normal,ensoleillé
2023-12-05 02:17:31,Hôpital Général Douala,A-,43,9,0,34,3.7,3,85.1,normale,Contrôle bactériologique négatif,1,2,12,False,True,normal,pluvieux
2023-12-05 14:24:27,Hôpital Militaire,A-,65,7,0,58,3.1,2,83.8,normale,"Bon état général, légère variation température",1,14,12,False,True,normal,pluvieux
2023-12-07 12:01:04,Hôpital Militaire,A-,66,12,0,54,3.7,5,99.2,normale,"État satisfaisant, contrôle qualité OK",3,12,12,False,True,normal,ensoleillé
2023-12-08 00:52:45,Hôpital Militaire,A-,39,7,0,32,4.4,64,100.0,normale,"Bon état général, légère variation température",4,0,12,False,True,normal,ensoleillé
2023-12-08 01:01:37,Centre Médical d'Excellence,A-,33,6,12,39,3.5,4,97.8,normale,Contrôle bactériologique négatif,4,1,12,False,True,normal,pluvieux
2023-12-08 08:34:45,Centre Médical d'Excellence,A-,81,5,23,99,3.7,38,99.1,normale,Parfait pour transfusion immédiate,4,8,12,False,True,normal,ensoleillé
2023-12-08 18:46:46,Hôpital Général Douala,A-,54,12,0,42,3.7,34,97.0,normale,"État satisfaisant, contrôle qualité OK",4,18,12,False,True,normal,ensoleillé
2023-12-08 22:04:50,Hôpital Laquintinie,A-,50,6,0,44,3.6,5,98.0,normale,"État satisfaisant, contrôle qualité OK",4,22,12,False,True,normal,pluvieux
2023-12-09 03:51:46,Hôpital Général Douala,A-,15,3,0,12,4.7,39,97.7,faible,"État satisfaisant, contrôle qualité OK",5,3,12,True,True,normal,ensoleillé
2023-12-10 01:02:21,Centre Médical d'Excellence,A-,20,9,0,11,4.3,23,100.0,faible,"État satisfaisant, contrôle qualité OK",6,1,12,True,True,normal,pluvieux
2023-12-10 10:51:44,Hôpital Laquintinie,A-,44,9,0,35,3.6,17,97.8,normale,Attention: proche expiration,6,10,12,True,True,normal,nuageux
2023-12-11 21:13:09,Centre Médical d'Excellence,A-,45,13,25,57,3.7,1,56.9,attention,Hémoglobine dans les normes,0,21,12,False,True,normal,ensoleillé
2023-12-13 09:48:15,Clinique des Spécialités,A-,61,6,18,73,4.1,2,89.7,normale,"État satisfaisant, contrôle qualité OK",2,9,12,False,True,normal,ensoleillé
2023-12-14 09:08:13,Clinique des Spécialités,A-,48,5,0,43,3.5,1,55.9,attention,Attention: proche expiration,3,9,12,False,True,normal,nuageux
2023-12-14 14:06:29,Hôpital Laquintinie,A-,58,1,0,57,4.9,7,99.6,normale,Contrôle bactériologique négatif,3,14,12,False,True,normal,ensoleillé
2023-12-19 19:10:56,Hôpital de District Bonassama,A-,66,1,26,91,4.0,1,54.1,attention,"Excellent état, conservation parfaite",1,19,12,False,True,normal,ensoleillé
2023-12-19 19:29:02,Centre Médical d'Excellence,A-,109,17,17,109,4.0,2,86.1,normale,"Excellent état, conservation parfaite",1,19,12,False,True,campagne_don,orageux
2023-12-19 20:34:58,Centre Médical d'Excellence,A-,58,9,0,49,3.4,4,79.1,normale,Contrôle bactériologique négatif,1,20,12,False,True,normal,ensoleillé
2023-12-22 15:39:21,Centre Médical d'Excellence,A-,29,8,20,41,3.5,6,99.0,normale,Parfait pour transfusion immédiate,4,15,12,False,True,normal,ensoleillé
2023-12-23 15:39:12,Hôpital Militaire,A-,40,8,0,32,3.9,2,84.4,normale,"Bon état général, légère variation température",5,15,12,True,True,normal,pluvieux
2023-12-24 03:07:19,Hôpital Général Douala,A-,21,5,0,16,5.3,1,62.6,faible,Attention: proche expiration,6,3,12,True,True,normal,nuageux
2023-12-24 14:15:15,Hôpital Laquintinie,A-,38,3,0,35,4.5,40,99.0,normale,"Bon état général, légère variation température",6,14,12,True,True,normal,nuageux
2023-12-27 06:50:17,Hôpital Général Douala,A-,48,14,0,34,3.0,2,83.1,normale,"État satisfaisant, contrôle qualité OK",2,6,12,False,True,normal,orageux
2023-12-31 22:13:49,Hôpital de District Bonassama,A-,40,10,0,30,2.8,2,92.4,normale,"État satisfaisant, contrôle qualité OK",6,22,12,True,True,normal,pluvieux
