timestamp,hospital,blood_type,stock_initial,demand,supply,stock_final,temperature,days_to_expiry,quality_score,urgency,quality_comment,day_of_week,hour,month,is_weekend,is_holiday_season,special_event,weather
2022-01-01 03:09:49,Hôpital Militaire,A+,17,5,0,12,3.7,11,95.4,faible,Contrôle bactériologique négatif,5,3,1,True,True,normal,ensoleillé
2022-01-01 03:38:48,Hôpital Laquintinie,A+,37,7,0,30,4.1,2,82.4,normale,Hémoglobine dans les normes,5,3,1,True,True,normal,pluvieux
2022-01-01 05:21:18,Clinique des Spécialités,A+,17,9,13,21,3.5,10,99.2,normale,"Excellent état, conservation parfaite",5,5,1,True,True,normal,ensoleillé
2022-01-01 07:34:02,Clinique des Spécialités,A+,39,7,0,32,3.4,11,100.0,normale,"Bon état général, légère variation température",5,7,1,True,True,normal,ensoleillé
2022-01-01 13:25:06,Hôpital de District Bonassama,A+,56,4,20,72,4.5,12,100.0,normale,"Excellent état, conservation parfaite",5,13,1,True,True,normal,nuageux
2022-01-01 16:10:26,Hôpital Militaire,A+,24,9,0,15,4.5,4,85.1,faible,Attention: proche expiration,5,16,1,True,True,normal,nuageux
2022-01-02 05:09:40,Clinique des Spécialités,A+,24,6,0,18,3.7,10,97.9,faible,Contrôle bactériologique négatif,6,5,1,True,True,normal,orageux
2022-01-02 09:30:55,Hôpital de District Bonassama,A+,63,8,0,55,4.0,3,83.2,normale,"Bon état général, légère variation température",6,9,1,True,True,normal,pluvieux
2022-01-02 23:49:11,Hôpital Militaire,A+,22,3,23,42,4.4,4,80.2,normale,Contrôle bactériologique négatif,6,23,1,True,True,normal,pluvieux
2022-01-02 23:52:49,Hôpital Laquintinie,A+,25,9,0,16,4.2,12,100.0,faible,Parfait pour transfusion immédiate,6,23,1,True,True,normal,nuageux
2022-01-03 01:52:44,Centre Médical d'Excellence,A+,17,6,18,29,4.6,10,100.0,normale,"État satisfaisant, contrôle qualité OK",0,1,1,False,True,normal,nuageux
2022-01-04 08:51:33,Clinique des Spécialités,A+,56,9,0,47,4.3,12,100.0,normale,Hémoglobine dans les normes,1,8,1,False,True,normal,ensoleillé
2022-01-04 18:04:22,Hôpital Militaire,A+,55,12,0,43,3.9,44,96.9,normale,Contrôle bactériologique négatif,1,18,1,False,True,normal,pluvieux
2022-01-05 00:50:45,Hôpital de District Bonassama,A+,26,10,0,16,4.3,1,64.4,faible,Hémoglobine dans les normes,2,0,1,False,True,normal,pluvieux
2022-01-05 01:53:21,Hôpital Général Douala,A+,40,7,24,57,3.0,35,100.0,normale,"État satisfaisant, contrôle qualité OK",2,1,1,False,True,normal,pluvieux
2022-01-05 02:37:28,Hôpital de District Bonassama,A+,27,9,0,18,3.7,1,59.8,faible,Contrôle bactériologique négatif,2,2,1,False,True,normal,ensoleillé
2022-01-05 05:57:28,Hôpital Militaire,A+,41,12,18,47,3.8,49,100.0,normale,Contrôle bactériologique négatif,2,5,1,False,True,normal,orageux
2022-01-05 07:21:46,Hôpital Militaire,A+,61,13,0,48,4.2,11,100.0,normale,Urgent: vérifier température stockage,2,7,1,False,True,normal,orageux
2022-01-05 11:11:52,Hôpital Général Douala,A+,57,4,0,53,4.5,1,50.9,attention,Attention: proche expiration,2,11,1,False,True,normal,pluvieux
2022-01-05 23:00:11,Clinique des Spécialités,A+,32,16,24,40,4.1,12,100.0,normale,Parfait pour transfusion immédiate,2,23,1,False,True,normal,pluvieux
2022-01-06 02:27:06,Hôpital de District Bonassama,A+,14,14,19,19,4.1,22,89.1,faible,"Excellent état, conservation parfaite",3,2,1,False,True,normal,ensoleillé
2022-01-06 03:15:47,Hôpital de District Bonassama,A+,20,11,0,9,4.4,9,98.5,critique,URGENT: Stock critique - Urgent: vérifier température stockage,3,3,1,False,True,normal,pluvieux
2022-01-06 03:28:27,Centre Médical d'Excellence,A+,17,8,0,9,4.0,17,88.6,critique,"URGENT: Stock critique - État satisfaisant, contrôle qualité OK",3,3,1,False,True,normal,ensoleillé
2022-01-06 06:09:10,Hôpital de District Bonassama,A+,69,13,0,56,4.4,20,96.9,normale,Hémoglobine dans les normes,3,6,1,False,True,normal,ensoleillé
2022-01-06 07:19:21,Hôpital Laquintinie,A+,50,5,0,45,5.2,6,98.4,normale,Hémoglobine dans les normes,3,7,1,False,True,normal,ensoleillé
2022-01-06 14:06:24,Hôpital de District Bonassama,A+,63,12,22,73,3.6,11,100.0,normale,Hémoglobine dans les normes,3,14,1,False,True,normal,ensoleillé
2022-01-06 16:39:07,Clinique des Spécialités,A+,53,8,0,45,3.6,34,97.3,normale,"État satisfaisant, contrôle qualité OK",3,16,1,False,True,normal,nuageux
2022-01-06 16:58:07,Hôpital Général Douala,A+,14,12,0,2,4.2,30,99.6,critique,URGENT: Stock critique - Attention: proche expiration,3,16,1,False,True,normal,nuageux
2022-01-06 23:17:51,Hôpital Militaire,A+,32,0,0,32,3.8,14,98.5,normale,Urgent: vérifier température stockage,3,23,1,False,True,normal,ensoleillé
2022-01-07 00:05:45,Centre Médical d'Excellence,A+,19,10,0,9,5.4,1,51.9,critique,URGENT: Stock critique - Attention: proche expiration,4,0,1,False,True,normal,pluvieux
2022-01-07 01:49:59,Centre Médical d'Excellence,A+,24,12,0,12,4.6,13,100.0,faible,"Excellent état, conservation parfaite",4,1,1,False,True,campagne_don,nuageux
2022-01-07 06:17:49,Clinique des Spécialités,A+,68,15,0,53,3.9,23,100.0,normale,Attention: proche expiration,4,6,1,False,True,normal,ensoleillé
2022-01-07 06:57:25,Clinique des Spécialités,A+,54,8,0,46,4.3,11,100.0,normale,Parfait pour transfusion immédiate,4,6,1,False,True,normal,nuageux
2022-01-07 11:21:37,Clinique des Spécialités,A+,87,11,0,76,3.8,25,100.0,normale,Urgent: vérifier température stockage,4,11,1,False,True,normal,ensoleillé
2022-01-07 12:56:03,Centre Médical d'Excellence,A+,83,7,0,76,3.8,19,97.2,normale,Parfait pour transfusion immédiate,4,12,1,False,True,normal,ensoleillé
2022-01-07 13:58:50,Hôpital de District Bonassama,A+,63,12,0,51,3.6,44,88.4,normale,"État satisfaisant, contrôle qualité OK",4,13,1,False,True,normal,orageux
2022-01-07 14:00:25,Hôpital Laquintinie,A+,63,19,0,44,3.9,30,100.0,normale,Urgent: vérifier température stockage,4,14,1,False,True,normal,orageux
2022-01-08 05:07:16,Hôpital de District Bonassama,A+,15,6,0,9,4.0,13,100.0,critique,"URGENT: Stock critique - État satisfaisant, contrôle qualité OK",5,5,1,True,True,normal,pluvieux
2022-01-08 05:26:57,Hôpital Général Douala,A+,16,8,27,35,5.3,1,54.5,attention,Contrôle bactériologique négatif,5,5,1,True,True,normal,orageux
2022-01-08 07:10:50,Hôpital Militaire,A+,45,6,0,39,3.9,4,87.6,normale,Parfait pour transfusion immédiate,5,7,1,True,True,normal,ensoleillé
2022-01-08 10:38:53,Centre Médical d'Excellence,A+,43,6,15,52,3.8,4,83.9,normale,Hémoglobine dans les normes,5,10,1,True,True,normal,nuageux
2022-01-08 12:15:22,Hôpital Général Douala,A+,20,11,0,9,3.4,7,95.9,critique,URGENT: Stock critique - Parfait pour transfusion immédiate,5,12,1,True,True,normal,ensoleillé
2022-01-08 13:36:34,Clinique des Spécialités,A+,25,6,0,19,3.2,12,100.0,faible,"État satisfaisant, contrôle qualité OK",5,13,1,True,True,normal,pluvieux
2022-01-08 23:29:28,Hôpital de District Bonassama,A+,20,8,0,12,4.2,1,48.2,faible,"Bon état général, légère variation température",5,23,1,True,True,normal,pluvieux
2022-01-09 04:37:29,Clinique des Spécialités,A+,18,7,0,11,3.3,7,100.0,faible,"État satisfaisant, contrôle qualité OK",6,4,1,True,True,normal,pluvieux
2022-01-09 04:46:29,Hôpital Militaire,A+,29,4,0,25,4.3,9,91.2,normale,Attention: proche expiration,6,4,1,True,True,normal,ensoleillé
2022-01-09 19:35:26,Hôpital Laquintinie,A+,24,7,0,17,3.5,19,100.0,faible,Contrôle bactériologique négatif,6,19,1,True,True,normal,orageux
2022-01-09 20:25:47,Hôpital Général Douala,A+,47,1,24,70,4.4,14,100.0,normale,Urgent: vérifier température stockage,6,20,1,True,True,normal,pluvieux
2022-01-09 21:09:08,Hôpital de District Bonassama,A+,50,6,0,44,4.6,7,96.6,normale,Hémoglobine dans les normes,6,21,1,True,True,normal,pluvieux
2022-01-09 22:01:18,Hôpital de District Bonassama,A+,38,4,0,34,3.5,3,79.7,normale,"État satisfaisant, contrôle qualité OK",6,22,1,True,True,normal,nuageux
2022-01-10 00:17:27,Hôpital Laquintinie,A+,12,5,22,29,3.9,31,95.9,normale,Urgent: vérifier température stockage,0,0,1,False,True,normal,ensoleillé
2022-01-10 04:20:25,Hôpital Général Douala,A+,34,7,0,27,3.8,52,99.2,normale,"Excellent état, conservation parfaite",0,4,1,False,True,normal,ensoleillé
2022-01-10 06:53:35,Hôpital de District Bonassama,A+,53,11,0,42,4.3,12,100.0,normale,Parfait pour transfusion immédiate,0,6,1,False,True,normal,pluvieux
2022-01-10 06:58:36,Hôpital Militaire,A+,28,5,0,23,4.4,10,95.2,normale,Contrôle bactériologique négatif,0,6,1,False,True,normal,pluvieux
2022-01-10 08:56:43,Hôpital de District Bonassama,A+,72,5,20,87,4.6,6,100.0,normale,"État satisfaisant, contrôle qualité OK",0,8,1,False,True,normal,orageux
2022-01-10 14:28:40,Hôpital Général Douala,A+,53,10,21,64,3.8,30,100.0,normale,"État satisfaisant, contrôle qualité OK",0,14,1,False,True,campagne_don,ensoleillé
2022-01-10 19:51:11,Centre Médical d'Excellence,A+,80,14,15,81,3.9,15,100.0,normale,Urgent: vérifier température stockage,0,19,1,False,True,normal,nuageux
2022-01-10 22:20:43,Clinique des Spécialités,A+,82,11,0,71,3.5,2,84.8,normale,Urgent: vérifier température stockage,0,22,1,False,True,normal,ensoleillé
2022-01-11 01:41:22,Centre Médical d'Excellence,A+,24,13,0,11,3.9,1,59.9,faible,Hémoglobine dans les normes,1,1,1,False,True,normal,orageux
2022-01-11 16:00:25,Hôpital de District Bonassama,A+,103,9,0,94,4.3,1,68.9,attention,Contrôle bactériologique négatif,1,16,1,False,True,normal,ensoleillé
2022-01-11 17:07:41,Clinique des Spécialités,A+,44,9,18,53,3.9,2,81.3,normale,Parfait pour transfusion immédiate,1,17,1,False,True,normal,nuageux
2022-01-11 22:24:59,Clinique des Spécialités,A+,62,13,0,49,3.9,15,100.0,normale,Attention: proche expiration,1,22,1,False,True,normal,ensoleillé
2022-01-12 03:47:12,Clinique des Spécialités,A+,39,9,0,30,4.5,8,100.0,normale,Parfait pour transfusion immédiate,2,3,1,False,True,normal,ensoleillé
2022-01-12 13:00:59,Hôpital Laquintinie,A+,57,13,20,64,3.4,7,100.0,normale,Hémoglobine dans les normes,2,13,1,False,True,normal,nuageux
2022-01-12 21:50:27,Hôpital de District Bonassama,A+,75,14,0,61,4.6,24,99.6,normale,"État satisfaisant, contrôle qualité OK",2,21,1,False,True,normal,orageux
2022-01-12 22:27:09,Hôpital de District Bonassama,A+,57,5,0,52,3.9,10,100.0,normale,Attention: proche expiration,2,22,1,False,True,normal,pluvieux
2022-01-13 03:22:13,Hôpital Général Douala,A+,31,11,0,20,3.9,10,100.0,normale,Hémoglobine dans les normes,3,3,1,False,True,normal,pluvieux
2022-01-13 05:15:41,Hôpital Militaire,A+,31,11,22,42,3.5,15,100.0,normale,Hémoglobine dans les normes,3,5,1,False,True,normal,pluvieux
2022-01-13 06:10:50,Clinique des Spécialités,A+,78,8,0,70,4.2,20,100.0,normale,"Bon état général, légère variation température",3,6,1,False,True,normal,nuageux
2022-01-13 15:53:58,Hôpital Militaire,A+,39,4,0,35,4.7,11,90.9,normale,Hémoglobine dans les normes,3,15,1,False,True,normal,pluvieux
2022-01-13 18:22:37,Hôpital Militaire,A+,56,11,0,45,4.0,4,80.2,normale,"État satisfaisant, contrôle qualité OK",3,18,1,False,True,normal,nuageux
2022-01-13 20:44:59,Hôpital Général Douala,A+,77,7,0,70,3.0,14,100.0,normale,Hémoglobine dans les normes,3,20,1,False,True,normal,ensoleillé
2022-01-13 23:06:46,Hôpital Laquintinie,A+,46,10,0,36,4.1,4,80.3,normale,Hémoglobine dans les normes,3,23,1,False,True,normal,ensoleillé
2022-01-14 15:03:50,Clinique des Spécialités,A+,86,3,0,83,4.2,2,85.0,normale,Hémoglobine dans les normes,4,15,1,False,True,normal,pluvieux
2022-01-14 19:14:26,Hôpital Général Douala,A+,65,7,0,58,3.2,1,62.8,attention,"Excellent état, conservation parfaite",4,19,1,False,True,normal,ensoleillé
2022-01-14 21:58:50,Hôpital Militaire,A+,40,7,0,33,3.7,10,99.0,normale,"Bon état général, légère variation température",4,21,1,False,True,normal,ensoleillé
2022-01-15 03:50:30,Hôpital Général Douala,A+,17,8,0,9,4.5,15,100.0,critique,URGENT: Stock critique - Contrôle bactériologique négatif,5,3,1,True,True,normal,pluvieux
2022-01-15 10:47:27,Centre Médical d'Excellence,A+,61,5,18,74,3.7,2,78.0,normale,Urgent: vérifier température stockage,5,10,1,True,True,normal,orageux
2022-01-15 11:17:37,Hôpital Militaire,A+,35,7,0,28,4.3,18,100.0,normale,Parfait pour transfusion immédiate,5,11,1,True,True,normal,ensoleillé
2022-01-15 12:56:12,Hôpital Général Douala,A+,28,4,0,24,3.6,41,98.8,normale,"État satisfaisant, contrôle qualité OK",5,12,1,True,True,normal,ensoleillé
2022-01-15 13:48:03,Hôpital Militaire,A+,36,9,0,27,4.3,5,100.0,normale,Contrôle bactériologique négatif,5,13,1,True,True,normal,pluvieux
2022-01-15 14:34:36,Hôpital Laquintinie,A+,27,5,0,22,3.5,55,100.0,normale,"Bon état général, légère variation température",5,14,1,True,True,normal,pluvieux
2022-01-15 18:15:29,Hôpital Militaire,A+,10,6,0,4,3.8,1,55.0,critique,"URGENT: Stock critique - État satisfaisant, contrôle qualité OK",5,18,1,True,True,normal,nuageux
2022-01-15 19:21:36,Centre Médical d'Excellence,A+,48,6,0,42,3.1,10,96.8,normale,Urgent: vérifier température stockage,5,19,1,True,True,normal,pluvieux
2022-01-16 01:19:50,Hôpital Général Douala,A+,22,5,11,28,3.2,14,100.0,normale,Urgent: vérifier température stockage,6,1,1,True,True,normal,pluvieux
2022-01-16 04:06:07,Hôpital de District Bonassama,A+,14,6,0,8,3.0,27,100.0,critique,URGENT: Stock critique - Parfait pour transfusion immédiate,6,4,1,True,True,normal,orageux
2022-01-16 07:27:29,Hôpital Général Douala,A+,26,6,18,38,2.8,7,97.8,normale,"Bon état général, légère variation température",6,7,1,True,True,normal,pluvieux
2022-01-16 09:45:26,Clinique des Spécialités,A+,40,9,0,31,4.7,33,100.0,normale,Attention: proche expiration,6,9,1,True,True,normal,nuageux
2022-01-16 17:10:06,Hôpital de District Bonassama,A+,45,4,0,41,4.3,11,100.0,normale,"État satisfaisant, contrôle qualité OK",6,17,1,True,True,normal,ensoleillé
2022-01-16 19:03:32,Hôpital Militaire,A+,60,11,0,49,4.4,16,100.0,normale,Contrôle bactériologique négatif,6,19,1,True,True,normal,nuageux
2022-01-16 19:54:39,Hôpital Général Douala,A+,49,6,16,59,3.1,14,90.3,normale,Contrôle bactériologique négatif,6,19,1,True,True,normal,orageux
2022-01-17 02:43:23,Hôpital Général Douala,A+,32,10,0,22,4.4,9,95.9,normale,Contrôle bactériologique négatif,0,2,1,False,True,normal,ensoleillé
2022-01-17 14:07:54,Hôpital Militaire,A+,92,11,0,81,4.2,21,100.0,normale,"État satisfaisant, contrôle qualité OK",0,14,1,False,True,normal,ensoleillé
2022-01-17 16:27:32,Hôpital Laquintinie,A+,55,9,0,46,4.4,72,95.4,normale,Hémoglobine dans les normes,0,16,1,False,True,normal,pluvieux
2022-01-17 16:34:26,Hôpital Militaire,A+,83,8,0,75,4.1,19,93.0,normale,"Bon état général, légère variation température",0,16,1,False,True,normal,orageux
2022-01-17 21:49:50,Hôpital Général Douala,A+,45,2,0,43,4.3,13,100.0,normale,Parfait pour transfusion immédiate,0,21,1,False,True,normal,pluvieux
2022-01-18 00:59:01,Hôpital de District Bonassama,A+,40,7,0,33,4.5,10,100.0,normale,Parfait pour transfusion immédiate,1,0,1,False,True,accident_route,nuageux
2022-01-18 10:25:28,Hôpital de District Bonassama,A+,50,12,20,58,4.5,27,99.0,normale,Hémoglobine dans les normes,1,10,1,False,True,normal,nuageux
2022-01-18 11:03:44,Hôpital Général Douala,A+,56,14,20,62,4.1,10,98.1,normale,Parfait pour transfusion immédiate,1,11,1,False,True,normal,ensoleillé
2022-01-18 15:49:01,Hôpital Militaire,A+,50,9,0,41,4.1,7,94.3,normale,"État satisfaisant, contrôle qualité OK",1,15,1,False,True,normal,pluvieux
2022-01-19 09:08:13,Clinique des Spécialités,A+,71,7,21,85,3.9,18,100.0,normale,Contrôle bactériologique négatif,2,9,1,False,True,normal,pluvieux
2022-01-19 15:08:46,Centre Médical d'Excellence,A+,80,6,0,74,3.3,31,100.0,normale,"Bon état général, légère variation température",2,15,1,False,True,normal,ensoleillé
2022-01-19 23:06:00,Centre Médical d'Excellence,A+,29,6,0,23,4.0,10,100.0,normale,Hémoglobine dans les normes,2,23,1,False,True,normal,ensoleillé
2022-01-19 23:19:20,Centre Médical d'Excellence,A+,39,11,0,28,4.7,50,97.2,normale,"Bon état général, légère variation température",2,23,1,False,True,normal,nuageux
2022-01-20 01:52:51,Hôpital Militaire,A+,13,10,0,3,4.2,15,100.0,critique,"URGENT: Stock critique - État satisfaisant, contrôle qualité OK",3,1,1,False,True,normal,pluvieux
2022-01-20 10:29:35,Hôpital Général Douala,A+,49,8,0,41,3.7,20,89.9,normale,Urgent: vérifier température stockage,3,10,1,False,True,normal,nuageux
2022-01-20 18:31:14,Hôpital Militaire,A+,84,13,20,91,4.5,41,93.4,normale,Parfait pour transfusion immédiate,3,18,1,False,True,normal,pluvieux
2022-01-20 23:44:53,Hôpital de District Bonassama,A+,14,1,0,13,4.1,7,100.0,faible,Parfait pour transfusion immédiate,3,23,1,False,True,normal,nuageux
2022-01-21 02:09:23,Hôpital de District Bonassama,A+,31,10,0,21,4.4,4,82.4,normale,"Bon état général, légère variation température",4,2,1,False,True,normal,nuageux
2022-01-21 05:50:56,Clinique des Spécialités,A+,39,6,0,33,4.2,13,100.0,normale,Contrôle bactériologique négatif,4,5,1,False,True,normal,ensoleillé
2022-01-21 08:22:12,Clinique des Spécialités,A+,64,11,0,53,4.3,8,100.0,normale,"Bon état général, légère variation température",4,8,1,False,True,normal,ensoleillé
2022-01-21 09:24:24,Clinique des Spécialités,A+,86,8,21,99,5.1,14,94.4,normale,Attention: proche expiration,4,9,1,False,True,normal,nuageux
2022-01-21 11:28:39,Hôpital de District Bonassama,A+,52,1,0,51,3.9,3,74.7,normale,Hémoglobine dans les normes,4,11,1,False,True,normal,pluvieux
2022-01-21 16:44:20,Hôpital Laquintinie,A+,79,7,0,72,4.2,5,100.0,normale,"État satisfaisant, contrôle qualité OK",4,16,1,False,True,normal,ensoleillé
2022-01-21 21:45:09,Hôpital de District Bonassama,A+,69,8,0,61,4.6,6,100.0,normale,Contrôle bactériologique négatif,4,21,1,False,True,normal,nuageux
2022-01-22 21:48:30,Hôpital Laquintinie,A+,28,5,0,23,3.1,34,98.2,normale,Parfait pour transfusion immédiate,5,21,1,True,True,normal,ensoleillé
2022-01-23 00:55:12,Hôpital Général Douala,A+,20,7,0,13,4.1,26,100.0,faible,"État satisfaisant, contrôle qualité OK",6,0,1,True,True,normal,pluvieux
2022-01-23 07:00:24,Clinique des Spécialités,A+,26,4,0,22,4.0,6,100.0,normale,Hémoglobine dans les normes,6,7,1,True,True,normal,ensoleillé
2022-01-23 11:36:57,Centre Médical d'Excellence,A+,40,3,0,37,4.0,29,100.0,normale,"État satisfaisant, contrôle qualité OK",6,11,1,True,True,normal,pluvieux
2022-01-23 13:48:54,Hôpital Laquintinie,A+,56,5,17,68,3.7,1,64.3,attention,Urgent: vérifier température stockage,6,13,1,True,True,normal,orageux
2022-01-23 15:14:37,Hôpital de District Bonassama,A+,31,6,19,44,3.9,1,57.3,attention,Hémoglobine dans les normes,6,15,1,True,True,normal,ensoleillé
2022-01-23 19:14:24,Hôpital Laquintinie,A+,42,6,0,36,3.2,15,100.0,normale,"État satisfaisant, contrôle qualité OK",6,19,1,True,True,normal,ensoleillé
2022-01-23 21:17:02,Hôpital Général Douala,A+,42,9,0,33,5.1,14,93.5,normale,"Bon état général, légère variation température",6,21,1,True,True,normal,pluvieux
2022-01-23 21:35:23,Hôpital Laquintinie,A+,28,8,24,44,3.4,22,100.0,normale,Attention: proche expiration,6,21,1,True,True,normal,pluvieux
2022-01-23 21:36:33,Centre Médical d'Excellence,A+,18,6,0,12,4.2,1,55.3,faible,Urgent: vérifier température stockage,6,21,1,True,True,normal,pluvieux
2022-01-24 12:34:12,Hôpital de District Bonassama,A+,69,6,0,63,4.1,21,100.0,normale,Contrôle bactériologique négatif,0,12,1,False,True,urgence_médicale,orageux
2022-01-24 23:17:06,Clinique des Spécialités,A+,38,15,0,23,3.6,15,97.9,normale,Parfait pour transfusion immédiate,0,23,1,False,True,normal,pluvieux
2022-01-25 03:24:43,Hôpital Militaire,A+,16,5,19,30,4.4,13,88.0,normale,Contrôle bactériologique négatif,1,3,1,False,True,normal,ensoleillé
2022-01-25 04:30:11,Hôpital Général Douala,A+,34,9,0,25,5.0,5,100.0,normale,Attention: proche expiration,1,4,1,False,True,normal,orageux
2022-01-25 05:06:35,Hôpital Militaire,A+,38,6,0,32,2.9,6,100.0,normale,"Excellent état, conservation parfaite",1,5,1,False,True,normal,ensoleillé
2022-01-25 05:19:32,Clinique des Spécialités,A+,38,4,0,34,4.3,9,100.0,normale,"Excellent état, conservation parfaite",1,5,1,False,True,normal,ensoleillé
2022-01-25 16:28:19,Hôpital Général Douala,A+,85,13,0,72,4.1,22,94.0,normale,Contrôle bactériologique négatif,1,16,1,False,True,normal,nuageux
2022-01-26 00:48:08,Clinique des Spécialités,A+,16,9,0,7,4.1,4,84.1,critique,URGENT: Stock critique - Contrôle bactériologique négatif,2,0,1,False,True,normal,pluvieux
2022-01-26 02:14:04,Hôpital Militaire,A+,37,8,0,29,4.7,9,98.0,normale,"Excellent état, conservation parfaite",2,2,1,False,True,normal,ensoleillé
2022-01-26 03:42:22,Hôpital Général Douala,A+,30,12,19,37,3.8,17,100.0,normale,"Bon état général, légère variation température",2,3,1,False,True,normal,pluvieux
2022-01-26 09:28:50,Hôpital Laquintinie,A+,75,11,15,79,4.7,16,91.4,normale,"Excellent état, conservation parfaite",2,9,1,False,True,normal,ensoleillé
2022-01-26 09:50:11,Hôpital Général Douala,A+,92,10,15,97,4.3,1,60.5,attention,Contrôle bactériologique négatif,2,9,1,False,True,normal,ensoleillé
2022-01-26 09:52:32,Centre Médical d'Excellence,A+,31,12,0,19,4.5,1,64.0,faible,Parfait pour transfusion immédiate,2,9,1,False,True,normal,orageux
2022-01-26 13:20:01,Hôpital de District Bonassama,A+,36,5,0,31,4.5,12,100.0,normale,"Excellent état, conservation parfaite",2,13,1,False,True,normal,pluvieux
2022-01-26 21:57:35,Clinique des Spécialités,A+,92,9,0,83,3.9,24,100.0,normale,Attention: proche expiration,2,21,1,False,True,normal,nuageux
2022-01-27 00:40:37,Hôpital Militaire,A+,41,4,0,37,4.6,7,95.7,normale,Hémoglobine dans les normes,3,0,1,False,True,normal,ensoleillé
2022-01-27 01:54:25,Centre Médical d'Excellence,A+,23,12,0,11,4.9,6,96.7,faible,Parfait pour transfusion immédiate,3,1,1,False,True,normal,ensoleillé
2022-01-27 02:31:25,Centre Médical d'Excellence,A+,34,9,22,47,3.4,8,100.0,normale,Parfait pour transfusion immédiate,3,2,1,False,True,normal,pluvieux
2022-01-27 06:31:13,Clinique des Spécialités,A+,87,7,23,103,3.4,4,76.7,normale,"Excellent état, conservation parfaite",3,6,1,False,True,normal,ensoleillé
2022-01-27 10:35:04,Hôpital Militaire,A+,28,9,17,36,4.0,1,62.0,attention,Attention: proche expiration,3,10,1,False,True,normal,ensoleillé
2022-01-27 21:54:44,Clinique des Spécialités,A+,58,10,0,48,4.1,14,95.9,normale,Attention: proche expiration,3,21,1,False,True,normal,pluvieux
2022-01-28 10:23:38,Hôpital Général Douala,A+,66,11,0,55,3.7,4,80.6,normale,Attention: proche expiration,4,10,1,False,True,urgence_médicale,pluvieux
2022-01-28 10:31:43,Hôpital Laquintinie,A+,90,8,21,103,4.2,25,100.0,normale,Attention: proche expiration,4,10,1,False,True,normal,pluvieux
2022-01-28 21:12:27,Hôpital de District Bonassama,A+,69,5,0,64,4.1,17,100.0,normale,Urgent: vérifier température stockage,4,21,1,False,True,normal,nuageux
2022-01-28 22:44:12,Clinique des Spécialités,A+,41,5,16,52,2.9,6,100.0,normale,Parfait pour transfusion immédiate,4,22,1,False,True,normal,ensoleillé
2022-01-29 00:13:41,Hôpital Militaire,A+,27,1,20,46,4.2,27,100.0,normale,"État satisfaisant, contrôle qualité OK",5,0,1,True,True,normal,nuageux
2022-01-29 09:23:19,Centre Médical d'Excellence,A+,28,8,0,20,4.1,2,93.7,normale,Parfait pour transfusion immédiate,5,9,1,True,True,accident_route,ensoleillé
2022-01-29 10:39:38,Hôpital de District Bonassama,A+,38,7,0,31,3.6,3,83.6,normale,Attention: proche expiration,5,10,1,True,True,normal,pluvieux
2022-01-29 12:05:02,Centre Médical d'Excellence,A+,43,7,21,57,4.7,17,88.3,normale,"État satisfaisant, contrôle qualité OK",5,12,1,True,True,normal,pluvieux
2022-01-29 17:47:58,Centre Médical d'Excellence,A+,57,7,0,50,4.2,9,100.0,normale,Parfait pour transfusion immédiate,5,17,1,True,True,normal,nuageux
2022-01-29 18:05:44,Clinique des Spécialités,A+,38,10,0,28,4.2,32,98.5,normale,"État satisfaisant, contrôle qualité OK",5,18,1,True,True,normal,pluvieux
2022-01-30 01:05:38,Centre Médical d'Excellence,A+,21,6,24,39,4.4,12,100.0,normale,Parfait pour transfusion immédiate,6,1,1,True,True,normal,pluvieux
2022-01-30 02:25:12,Hôpital Général Douala,A+,16,4,19,31,3.3,1,60.2,attention,Parfait pour transfusion immédiate,6,2,1,True,True,normal,pluvieux
2022-01-30 07:15:03,Clinique des Spécialités,A+,29,8,0,21,3.2,16,100.0,normale,Contrôle bactériologique négatif,6,7,1,True,True,normal,pluvieux
2022-01-30 07:39:51,Hôpital de District Bonassama,A+,37,7,0,30,3.7,16,100.0,normale,"État satisfaisant, contrôle qualité OK",6,7,1,True,True,normal,pluvieux
2022-01-30 07:48:37,Clinique des Spécialités,A+,50,5,25,70,3.6,1,60.6,attention,"Bon état général, légère variation température",6,7,1,True,True,normal,orageux
2022-01-30 09:51:19,Centre Médical d'Excellence,A+,40,5,0,35,4.6,12,97.0,normale,"Bon état général, légère variation température",6,9,1,True,True,normal,ensoleillé
2022-01-30 10:15:07,Hôpital de District Bonassama,A+,26,8,0,18,4.7,1,63.1,faible,"Bon état général, légère variation température",6,10,1,True,True,normal,ensoleillé
2022-01-30 17:09:57,Centre Médical d'Excellence,A+,50,7,28,71,3.3,81,100.0,normale,Attention: proche expiration,6,17,1,True,True,normal,ensoleillé
2022-01-31 09:39:43,Clinique des Spécialités,A+,62,12,0,50,3.1,1,65.6,attention,"Excellent état, conservation parfaite",0,9,1,False,True,normal,ensoleillé
2022-01-31 10:34:14,Clinique des Spécialités,A+,45,9,0,36,4.5,32,100.0,normale,"État satisfaisant, contrôle qualité OK",0,10,1,False,True,normal,ensoleillé
2022-01-31 14:53:24,Hôpital Général Douala,A+,28,8,0,20,3.1,24,97.7,normale,Attention: proche expiration,0,14,1,False,True,normal,pluvieux
2022-01-31 15:17:56,Clinique des Spécialités,A+,41,6,0,35,3.8,6,97.1,normale,Contrôle bactériologique négatif,0,15,1,False,True,normal,pluvieux
2022-01-31 17:13:11,Hôpital de District Bonassama,A+,25,9,21,37,4.1,10,94.7,normale,"État satisfaisant, contrôle qualité OK",0,17,1,False,True,normal,nuageux
2022-01-31 20:50:17,Hôpital de District Bonassama,A+,34,12,0,22,3.6,9,99.9,normale,"Excellent état, conservation parfaite",0,20,1,False,True,normal,ensoleillé
2022-01-31 21:02:18,Clinique des Spécialités,A+,38,1,0,37,4.3,16,100.0,normale,Parfait pour transfusion immédiate,0,21,1,False,True,normal,pluvieux
2022-02-01 00:32:47,Clinique des Spécialités,A+,28,6,14,36,3.7,1,66.0,attention,Contrôle bactériologique négatif,1,0,2,False,False,normal,ensoleillé
2022-02-01 03:09:44,Clinique des Spécialités,A+,22,9,17,30,4.1,14,100.0,normale,Hémoglobine dans les normes,1,3,2,False,False,normal,ensoleillé
2022-02-01 07:48:07,Hôpital Général Douala,A+,41,4,20,57,4.0,10,100.0,normale,"Bon état général, légère variation température",1,7,2,False,False,normal,nuageux
2022-02-01 09:28:48,Clinique des Spécialités,A+,50,6,19,63,3.2,1,58.5,attention,Attention: proche expiration,1,9,2,False,False,normal,pluvieux
2022-02-01 20:37:25,Hôpital Militaire,A+,64,11,17,70,3.9,4,81.0,normale,Attention: proche expiration,1,20,2,False,False,normal,orageux
2022-02-01 23:41:34,Centre Médical d'Excellence,A+,29,4,19,44,3.9,17,100.0,normale,Hémoglobine dans les normes,1,23,2,False,False,normal,pluvieux
2022-02-01 23:55:02,Hôpital de District Bonassama,A+,21,6,18,33,4.1,5,100.0,normale,"État satisfaisant, contrôle qualité OK",1,23,2,False,False,normal,ensoleillé
2022-02-02 11:44:47,Clinique des Spécialités,A+,52,5,0,47,4.2,1,70.4,normale,"Bon état général, légère variation température",2,11,2,False,False,normal,ensoleillé
2022-02-02 13:11:00,Hôpital de District Bonassama,A+,23,9,0,14,4.0,6,100.0,faible,Hémoglobine dans les normes,2,13,2,False,False,normal,pluvieux
2022-02-02 14:48:47,Hôpital de District Bonassama,A+,51,7,0,44,3.2,14,98.8,normale,Urgent: vérifier température stockage,2,14,2,False,False,normal,pluvieux
2022-02-02 16:10:34,Clinique des Spécialités,A+,22,11,0,11,4.2,9,100.0,faible,"État satisfaisant, contrôle qualité OK",2,16,2,False,False,normal,pluvieux
2022-02-03 11:43:59,Hôpital Laquintinie,A+,72,5,0,67,4.7,24,94.1,normale,"Excellent état, conservation parfaite",3,11,2,False,False,normal,nuageux
2022-02-03 14:49:32,Hôpital de District Bonassama,A+,16,11,0,5,3.8,8,98.3,critique,URGENT: Stock critique - Hémoglobine dans les normes,3,14,2,False,False,normal,ensoleillé
2022-02-03 16:22:58,Centre Médical d'Excellence,A+,44,6,0,38,3.7,1,59.5,attention,Hémoglobine dans les normes,3,16,2,False,False,normal,orageux
2022-02-03 17:58:29,Hôpital Laquintinie,A+,51,6,19,64,3.1,18,100.0,normale,"Excellent état, conservation parfaite",3,17,2,False,False,normal,pluvieux
2022-02-03 18:33:48,Centre Médical d'Excellence,A+,46,10,21,57,4.6,24,98.7,normale,Urgent: vérifier température stockage,3,18,2,False,False,normal,pluvieux
2022-02-03 19:32:25,Hôpital Général Douala,A+,59,6,0,53,3.0,30,96.9,normale,Contrôle bactériologique négatif,3,19,2,False,False,normal,ensoleillé
2022-02-03 21:38:40,Hôpital Laquintinie,A+,60,5,19,74,4.3,2,73.1,normale,"Excellent état, conservation parfaite",3,21,2,False,False,normal,pluvieux
2022-02-04 00:36:29,Hôpital Militaire,A+,21,3,0,18,4.4,26,94.3,faible,Hémoglobine dans les normes,4,0,2,False,False,normal,orageux
2022-02-04 02:21:36,Clinique des Spécialités,A+,29,11,0,18,4.5,5,100.0,faible,Hémoglobine dans les normes,4,2,2,False,False,normal,nuageux
2022-02-04 05:50:12,Hôpital Général Douala,A+,21,10,22,33,4.8,12,100.0,normale,"Excellent état, conservation parfaite",4,5,2,False,False,normal,ensoleillé
2022-02-04 10:28:37,Hôpital Militaire,A+,47,7,19,59,3.7,16,95.6,normale,Contrôle bactériologique négatif,4,10,2,False,False,normal,pluvieux
2022-02-04 20:34:41,Clinique des Spécialités,A+,59,4,22,77,4.6,12,93.8,normale,Attention: proche expiration,4,20,2,False,False,normal,pluvieux
2022-02-05 03:22:45,Hôpital Général Douala,A+,10,4,0,6,4.0,28,98.5,critique,URGENT: Stock critique - Parfait pour transfusion immédiate,5,3,2,True,False,campagne_don,pluvieux
2022-02-05 08:28:26,Hôpital de District Bonassama,A+,61,4,0,57,3.6,1,60.4,attention,Parfait pour transfusion immédiate,5,8,2,True,False,normal,pluvieux
2022-02-05 08:29:44,Hôpital Militaire,A+,47,10,0,37,4.3,25,93.6,normale,"État satisfaisant, contrôle qualité OK",5,8,2,True,False,normal,ensoleillé
2022-02-05 09:47:41,Hôpital de District Bonassama,A+,55,5,16,66,4.4,24,100.0,normale,Parfait pour transfusion immédiate,5,9,2,True,False,normal,ensoleillé
2022-02-05 14:13:42,Hôpital Laquintinie,A+,21,5,19,35,3.5,32,98.8,normale,"Bon état général, légère variation température",5,14,2,True,False,normal,nuageux
2022-02-05 16:10:15,Hôpital Laquintinie,A+,60,4,0,56,3.1,6,100.0,normale,"Excellent état, conservation parfaite",5,16,2,True,False,normal,ensoleillé
2022-02-05 16:26:17,Hôpital Laquintinie,A+,23,4,0,19,3.6,1,63.4,faible,Urgent: vérifier température stockage,5,16,2,True,False,normal,nuageux
2022-02-05 17:20:01,Hôpital Militaire,A+,47,6,0,41,4.0,14,95.8,normale,"État satisfaisant, contrôle qualité OK",5,17,2,True,False,normal,nuageux
2022-02-06 11:46:06,Centre Médical d'Excellence,A+,46,9,0,37,4.7,11,100.0,normale,Parfait pour transfusion immédiate,6,11,2,True,False,normal,pluvieux
2022-02-06 14:18:46,Hôpital Laquintinie,A+,28,6,0,22,3.4,3,83.9,normale,"Excellent état, conservation parfaite",6,14,2,True,False,normal,ensoleillé
2022-02-06 18:05:20,Hôpital Général Douala,A+,29,5,0,24,4.1,9,87.5,normale,"Bon état général, légère variation température",6,18,2,True,False,normal,pluvieux
2022-02-07 06:02:46,Hôpital Militaire,A+,33,13,0,20,2.7,1,58.4,attention,"État satisfaisant, contrôle qualité OK",0,6,2,False,False,normal,ensoleillé
2022-02-07 09:32:01,Hôpital Militaire,A+,51,9,23,65,3.3,1,57.2,attention,Contrôle bactériologique négatif,0,9,2,False,False,normal,ensoleillé
2022-02-07 11:09:59,Hôpital Laquintinie,A+,59,11,0,48,3.3,38,100.0,normale,Urgent: vérifier température stockage,0,11,2,False,False,normal,orageux
2022-02-07 14:24:50,Hôpital de District Bonassama,A+,36,4,0,32,4.3,26,98.3,normale,Attention: proche expiration,0,14,2,False,False,normal,nuageux
2022-02-07 16:22:25,Hôpital de District Bonassama,A+,27,2,0,25,3.7,19,100.0,normale,Hémoglobine dans les normes,0,16,2,False,False,normal,ensoleillé
2022-02-07 23:54:45,Hôpital Général Douala,A+,34,6,0,28,3.2,17,100.0,normale,Urgent: vérifier température stockage,0,23,2,False,False,normal,nuageux
2022-02-08 02:00:39,Hôpital de District Bonassama,A+,38,3,0,35,3.1,1,60.6,attention,Urgent: vérifier température stockage,1,2,2,False,False,normal,pluvieux
2022-02-08 13:33:45,Clinique des Spécialités,A+,45,9,0,36,3.8,29,98.2,normale,"Bon état général, légère variation température",1,13,2,False,False,normal,pluvieux
2022-02-09 02:36:19,Hôpital Général Douala,A+,32,6,0,26,3.8,29,100.0,normale,Parfait pour transfusion immédiate,2,2,2,False,False,normal,pluvieux
2022-02-09 05:45:27,Hôpital Militaire,A+,41,8,0,33,3.5,5,100.0,normale,"État satisfaisant, contrôle qualité OK",2,5,2,False,False,normal,ensoleillé
2022-02-09 07:02:05,Hôpital Militaire,A+,51,13,0,38,3.6,26,100.0,normale,Contrôle bactériologique négatif,2,7,2,False,False,normal,ensoleillé
2022-02-09 09:36:16,Hôpital Laquintinie,A+,51,8,0,43,3.3,4,89.0,normale,Urgent: vérifier température stockage,2,9,2,False,False,normal,pluvieux
2022-02-09 17:38:54,Hôpital Militaire,A+,53,6,0,47,3.2,8,100.0,normale,Parfait pour transfusion immédiate,2,17,2,False,False,normal,ensoleillé
2022-02-09 23:01:27,Hôpital Général Douala,A+,26,7,28,47,4.0,6,94.8,normale,Contrôle bactériologique négatif,2,23,2,False,False,normal,ensoleillé
2022-02-10 02:06:47,Hôpital de District Bonassama,A+,23,12,16,27,4.1,6,97.2,normale,"État satisfaisant, contrôle qualité OK",3,2,2,False,False,normal,ensoleillé
2022-02-10 02:15:51,Hôpital Laquintinie,A+,14,6,0,8,3.7,26,100.0,critique,"URGENT: Stock critique - Bon état général, légère variation température",3,2,2,False,False,normal,pluvieux
2022-02-10 05:23:05,Clinique des Spécialités,A+,17,5,0,12,4.1,5,93.4,faible,Attention: proche expiration,3,5,2,False,False,normal,pluvieux
2022-02-10 10:56:45,Hôpital Laquintinie,A+,34,4,17,47,3.8,15,100.0,normale,Contrôle bactériologique négatif,3,10,2,False,False,normal,nuageux
2022-02-10 10:58:53,Clinique des Spécialités,A+,57,6,0,51,3.6,46,100.0,normale,"Bon état général, légère variation température",3,10,2,False,False,normal,pluvieux
2022-02-10 12:42:07,Hôpital Militaire,A+,46,8,25,63,4.8,40,100.0,normale,Urgent: vérifier température stockage,3,12,2,False,False,normal,ensoleillé
2022-02-10 20:41:58,Hôpital Général Douala,A+,54,10,24,68,3.4,15,94.5,normale,"Excellent état, conservation parfaite",3,20,2,False,False,normal,nuageux
2022-02-10 23:47:01,Clinique des Spécialités,A+,19,4,0,15,4.6,17,100.0,faible,Parfait pour transfusion immédiate,3,23,2,False,False,normal,ensoleillé
2022-02-11 01:54:35,Hôpital Militaire,A+,22,10,0,12,3.4,1,65.7,faible,Parfait pour transfusion immédiate,4,1,2,False,False,normal,orageux
2022-02-11 05:16:41,Clinique des Spécialités,A+,17,7,0,10,4.2,2,83.9,faible,Parfait pour transfusion immédiate,4,5,2,False,False,normal,ensoleillé
2022-02-11 14:21:05,Hôpital Général Douala,A+,46,2,0,44,4.4,37,95.8,normale,Urgent: vérifier température stockage,4,14,2,False,False,normal,orageux
2022-02-11 23:08:51,Hôpital Militaire,A+,17,7,0,10,4.4,27,94.1,faible,"Bon état général, légère variation température",4,23,2,False,False,normal,pluvieux
2022-02-12 01:23:42,Hôpital Militaire,A+,22,4,0,18,3.2,9,100.0,faible,Attention: proche expiration,5,1,2,True,False,urgence_médicale,ensoleillé
2022-02-12 02:26:14,Hôpital Laquintinie,A+,19,9,0,10,3.4,3,87.6,faible,"Bon état général, légère variation température",5,2,2,True,False,normal,pluvieux
2022-02-12 03:37:48,Hôpital de District Bonassama,A+,20,1,0,19,4.2,8,100.0,faible,Hémoglobine dans les normes,5,3,2,True,False,normal,ensoleillé
2022-02-12 04:57:32,Hôpital Laquintinie,A+,25,2,28,51,3.4,16,100.0,normale,"Bon état général, légère variation température",5,4,2,True,False,normal,ensoleillé
2022-02-12 07:12:28,Hôpital Laquintinie,A+,29,6,0,23,3.9,16,95.9,normale,Parfait pour transfusion immédiate,5,7,2,True,False,normal,nuageux
2022-02-12 13:45:49,Hôpital Militaire,A+,27,10,0,17,4.8,4,84.4,faible,Contrôle bactériologique négatif,5,13,2,True,False,normal,ensoleillé
2022-02-12 17:48:28,Hôpital Laquintinie,A+,44,5,21,60,3.6,28,93.8,normale,"Bon état général, légère variation température",5,17,2,True,False,normal,ensoleillé
2022-02-13 01:27:35,Hôpital Général Douala,A+,15,4,0,11,3.8,12,100.0,faible,Attention: proche expiration,6,1,2,True,False,normal,ensoleillé
2022-02-13 05:07:35,Clinique des Spécialités,A+,17,4,0,13,4.0,1,60.3,faible,Parfait pour transfusion immédiate,6,5,2,True,False,normal,pluvieux
2022-02-13 10:16:31,Hôpital Général Douala,A+,45,7,0,38,4.3,1,64.1,attention,Hémoglobine dans les normes,6,10,2,True,False,normal,nuageux
2022-02-13 12:37:49,Hôpital Militaire,A+,22,2,0,20,4.1,32,96.8,normale,"Excellent état, conservation parfaite",6,12,2,True,False,normal,pluvieux
2022-02-13 12:48:11,Centre Médical d'Excellence,A+,52,7,0,45,4.8,7,96.6,normale,"Bon état général, légère variation température",6,12,2,True,False,normal,pluvieux
2022-02-13 15:45:08,Hôpital Militaire,A+,30,4,0,26,3.9,3,92.5,normale,Attention: proche expiration,6,15,2,True,False,normal,ensoleillé
2022-02-13 20:11:35,Hôpital Militaire,A+,39,5,0,34,3.3,33,99.7,normale,"État satisfaisant, contrôle qualité OK",6,20,2,True,False,normal,nuageux
2022-02-14 04:30:26,Hôpital de District Bonassama,A+,20,7,0,13,3.9,12,100.0,faible,Attention: proche expiration,0,4,2,False,False,normal,nuageux
2022-02-14 23:26:42,Hôpital Militaire,A+,32,8,0,24,4.8,6,100.0,normale,Parfait pour transfusion immédiate,0,23,2,False,False,normal,orageux
2022-02-14 23:48:12,Hôpital Militaire,A+,8,5,0,3,3.8,51,100.0,critique,"URGENT: Stock critique - Bon état général, légère variation température",0,23,2,False,False,urgence_médicale,ensoleillé
2022-02-15 12:13:10,Centre Médical d'Excellence,A+,47,11,0,36,3.8,45,98.3,normale,Contrôle bactériologique négatif,1,12,2,False,False,normal,pluvieux
2022-02-15 13:02:35,Hôpital Laquintinie,A+,41,4,0,37,4.4,2,95.9,normale,Contrôle bactériologique négatif,1,13,2,False,False,normal,ensoleillé
2022-02-15 13:14:52,Hôpital Laquintinie,A+,38,5,19,52,3.7,7,93.8,normale,Attention: proche expiration,1,13,2,False,False,normal,pluvieux
2022-02-15 22:52:13,Clinique des Spécialités,A+,24,5,0,19,4.5,5,100.0,faible,Contrôle bactériologique négatif,1,22,2,False,False,normal,nuageux
2022-02-16 01:10:08,Hôpital de District Bonassama,A+,33,12,27,48,4.2,4,92.8,normale,"Bon état général, légère variation température",2,1,2,False,False,normal,pluvieux
2022-02-16 06:12:13,Hôpital Général Douala,A+,20,7,0,13,4.0,5,93.3,faible,Hémoglobine dans les normes,2,6,2,False,False,normal,ensoleillé
2022-02-16 07:44:01,Hôpital de District Bonassama,A+,33,7,0,26,3.7,22,100.0,normale,"Bon état général, légère variation température",2,7,2,False,False,normal,ensoleillé
2022-02-16 12:31:30,Hôpital Général Douala,A+,63,9,0,54,4.2,1,65.5,attention,"État satisfaisant, contrôle qualité OK",2,12,2,False,False,normal,nuageux
2022-02-16 12:51:35,Clinique des Spécialités,A+,43,6,0,37,4.3,14,99.3,normale,"Excellent état, conservation parfaite",2,12,2,False,False,normal,ensoleillé
2022-02-16 18:46:27,Hôpital Général Douala,A+,38,8,20,50,4.6,18,100.0,normale,Attention: proche expiration,2,18,2,False,False,normal,pluvieux
2022-02-16 19:14:46,Hôpital Militaire,A+,38,6,22,54,4.5,33,100.0,normale,Urgent: vérifier température stockage,2,19,2,False,False,normal,pluvieux
2022-02-17 01:54:07,Hôpital Laquintinie,A+,25,6,0,19,4.0,25,97.0,faible,Urgent: vérifier température stockage,3,1,2,False,False,normal,pluvieux
2022-02-17 03:32:00,Hôpital Militaire,A+,33,2,0,31,4.4,13,100.0,normale,"État satisfaisant, contrôle qualité OK",3,3,2,False,False,normal,orageux
2022-02-17 21:02:28,Hôpital Militaire,A+,49,9,0,40,4.1,5,100.0,normale,"Bon état général, légère variation température",3,21,2,False,False,normal,nuageux
2022-02-17 21:35:48,Centre Médical d'Excellence,A+,41,7,14,48,4.7,2,83.2,normale,Contrôle bactériologique négatif,3,21,2,False,False,normal,ensoleillé
2022-02-17 23:15:12,Hôpital Militaire,A+,16,9,0,7,4.7,11,93.7,critique,URGENT: Stock critique - Contrôle bactériologique négatif,3,23,2,False,False,normal,nuageux
2022-02-18 04:22:32,Centre Médical d'Excellence,A+,25,8,18,35,3.1,5,90.3,normale,Urgent: vérifier température stockage,4,4,2,False,False,normal,nuageux
2022-02-18 08:43:01,Hôpital Militaire,A+,53,10,0,43,3.5,19,100.0,normale,"État satisfaisant, contrôle qualité OK",4,8,2,False,False,accident_route,ensoleillé
2022-02-18 09:00:26,Clinique des Spécialités,A+,71,3,0,68,4.1,4,83.5,normale,Parfait pour transfusion immédiate,4,9,2,False,False,normal,nuageux
2022-02-18 18:48:36,Hôpital de District Bonassama,A+,44,7,0,37,4.4,10,100.0,normale,"État satisfaisant, contrôle qualité OK",4,18,2,False,False,normal,nuageux
2022-02-19 00:27:27,Centre Médical d'Excellence,A+,16,7,0,9,3.7,1,62.1,critique,URGENT: Stock critique - Hémoglobine dans les normes,5,0,2,True,False,normal,nuageux
2022-02-19 02:27:03,Hôpital Général Douala,A+,11,10,0,1,3.9,8,100.0,critique,URGENT: Stock critique - Urgent: vérifier température stockage,5,2,2,True,False,normal,pluvieux
2022-02-19 03:23:06,Hôpital Laquintinie,A+,9,8,0,1,4.0,9,100.0,critique,URGENT: Stock critique - Contrôle bactériologique négatif,5,3,2,True,False,normal,ensoleillé
2022-02-19 05:17:13,Centre Médical d'Excellence,A+,15,3,0,12,4.1,8,100.0,faible,"Excellent état, conservation parfaite",5,5,2,True,False,épidémie,ensoleillé
2022-02-19 08:48:27,Hôpital Militaire,A+,21,7,0,14,4.5,16,100.0,faible,Contrôle bactériologique négatif,5,8,2,True,False,normal,ensoleillé
2022-02-19 12:34:15,Hôpital de District Bonassama,A+,28,2,0,26,3.4,1,53.8,attention,Urgent: vérifier température stockage,5,12,2,True,False,normal,ensoleillé
2022-02-19 14:00:32,Hôpital de District Bonassama,A+,19,7,0,12,4.6,24,96.9,faible,"Bon état général, légère variation température",5,14,2,True,False,normal,ensoleillé
2022-02-19 17:31:45,Hôpital Militaire,A+,36,3,21,54,4.0,40,98.6,normale,"Bon état général, légère variation température",5,17,2,True,False,normal,nuageux
2022-02-20 01:00:58,Hôpital Général Douala,A+,17,6,0,11,4.1,4,81.7,faible,Contrôle bactériologique négatif,6,1,2,True,False,normal,ensoleillé
2022-02-20 17:02:17,Hôpital Militaire,A+,49,5,0,44,4.0,45,100.0,normale,Parfait pour transfusion immédiate,6,17,2,True,False,normal,orageux
2022-02-20 20:28:59,Hôpital Militaire,A+,34,8,0,26,3.6,4,83.5,normale,Attention: proche expiration,6,20,2,True,False,normal,ensoleillé
2022-02-20 23:23:13,Clinique des Spécialités,A+,25,5,0,20,4.3,1,55.3,attention,"État satisfaisant, contrôle qualité OK",6,23,2,True,False,accident_route,pluvieux
2022-02-21 01:38:00,Hôpital Militaire,A+,22,9,26,39,3.5,35,100.0,normale,"Bon état général, légère variation température",0,1,2,False,False,normal,ensoleillé
2022-02-21 04:41:09,Hôpital de District Bonassama,A+,24,4,12,32,4.3,11,99.0,normale,Urgent: vérifier température stockage,0,4,2,False,False,accident_route,ensoleillé
2022-02-21 07:26:47,Hôpital de District Bonassama,A+,65,11,22,76,4.0,5,100.0,normale,Contrôle bactériologique négatif,0,7,2,False,False,normal,orageux
2022-02-21 08:28:28,Hôpital Laquintinie,A+,37,3,0,34,4.1,1,68.0,attention,"Excellent état, conservation parfaite",0,8,2,False,False,normal,pluvieux
2022-02-21 08:29:14,Clinique des Spécialités,A+,47,5,0,42,4.1,24,100.0,normale,Hémoglobine dans les normes,0,8,2,False,False,campagne_don,pluvieux
2022-02-21 10:18:01,Hôpital Général Douala,A+,39,9,0,30,3.9,5,100.0,normale,"État satisfaisant, contrôle qualité OK",0,10,2,False,False,normal,nuageux
2022-02-21 10:56:25,Clinique des Spécialités,A+,29,5,0,24,2.7,64,98.5,normale,"Bon état général, légère variation température",0,10,2,False,False,normal,pluvieux
2022-02-21 17:28:22,Clinique des Spécialités,A+,41,8,0,33,4.0,11,100.0,normale,"Bon état général, légère variation température",0,17,2,False,False,normal,orageux
2022-02-21 19:50:27,Clinique des Spécialités,A+,58,9,17,66,4.2,15,96.0,normale,Hémoglobine dans les normes,0,19,2,False,False,normal,ensoleillé
2022-02-22 03:27:20,Hôpital de District Bonassama,A+,17,2,0,15,4.0,1,56.7,faible,"État satisfaisant, contrôle qualité OK",1,3,2,False,False,normal,ensoleillé
2022-02-22 05:59:58,Hôpital Laquintinie,A+,18,8,18,28,4.1,2,89.3,normale,Contrôle bactériologique négatif,1,5,2,False,False,normal,ensoleillé
2022-02-22 11:18:09,Clinique des Spécialités,A+,55,8,0,47,3.9,15,97.0,normale,Urgent: vérifier température stockage,1,11,2,False,False,normal,ensoleillé
2022-02-22 13:38:02,Clinique des Spécialités,A+,65,8,0,57,4.2,9,99.7,normale,Contrôle bactériologique négatif,1,13,2,False,False,normal,ensoleillé
2022-02-22 15:47:10,Hôpital Laquintinie,A+,57,7,17,67,3.8,1,64.2,attention,"Bon état général, légère variation température",1,15,2,False,False,normal,nuageux
2022-02-22 18:42:58,Hôpital Général Douala,A+,52,8,0,44,4.9,1,64.9,attention,Parfait pour transfusion immédiate,1,18,2,False,False,normal,orageux
2022-02-22 22:54:05,Clinique des Spécialités,A+,39,9,15,45,3.5,15,95.8,normale,Contrôle bactériologique négatif,1,22,2,False,False,normal,nuageux
2022-02-23 01:53:41,Hôpital de District Bonassama,A+,6,2,0,4,3.1,2,90.2,critique,URGENT: Stock critique - Attention: proche expiration,2,1,2,False,False,normal,nuageux
2022-02-23 03:27:18,Clinique des Spécialités,A+,26,10,0,16,3.8,4,85.1,faible,"Bon état général, légère variation température",2,3,2,False,False,normal,pluvieux
2022-02-23 05:19:48,Hôpital Laquintinie,A+,36,6,0,30,4.0,5,91.0,normale,"État satisfaisant, contrôle qualité OK",2,5,2,False,False,normal,pluvieux
2022-02-23 11:57:09,Hôpital Laquintinie,A+,23,8,0,15,4.0,11,97.9,faible,Hémoglobine dans les normes,2,11,2,False,False,normal,nuageux
2022-02-23 14:36:36,Hôpital de District Bonassama,A+,54,8,0,46,4.4,1,57.0,attention,Contrôle bactériologique négatif,2,14,2,False,False,normal,nuageux
2022-02-24 00:36:07,Clinique des Spécialités,A+,20,9,12,23,4.3,37,100.0,normale,Hémoglobine dans les normes,3,0,2,False,False,normal,ensoleillé
2022-02-24 05:21:15,Hôpital Laquintinie,A+,24,2,0,22,4.1,10,95.8,normale,Attention: proche expiration,3,5,2,False,False,normal,ensoleillé
2022-02-24 08:24:22,Centre Médical d'Excellence,A+,21,5,0,16,5.3,1,63.3,faible,"Bon état général, légère variation température",3,8,2,False,False,normal,ensoleillé
2022-02-24 16:07:47,Hôpital Général Douala,A+,70,5,0,65,3.0,8,100.0,normale,Attention: proche expiration,3,16,2,False,False,normal,pluvieux
2022-02-24 21:55:02,Hôpital de District Bonassama,A+,46,12,0,34,3.6,28,92.4,normale,Attention: proche expiration,3,21,2,False,False,normal,ensoleillé
2022-02-25 03:45:34,Hôpital Laquintinie,A+,36,7,0,29,4.0,33,100.0,normale,"État satisfaisant, contrôle qualité OK",4,3,2,False,False,normal,ensoleillé
2022-02-25 06:53:12,Hôpital de District Bonassama,A+,63,7,27,83,3.8,2,89.1,normale,"Excellent état, conservation parfaite",4,6,2,False,False,normal,nuageux
2022-02-25 07:33:27,Hôpital Militaire,A+,27,6,17,38,4.3,8,91.4,normale,Contrôle bactériologique négatif,4,7,2,False,False,normal,nuageux
2022-02-25 09:57:00,Hôpital Laquintinie,A+,44,5,0,39,3.7,1,63.7,attention,Contrôle bactériologique négatif,4,9,2,False,False,normal,ensoleillé
2022-02-25 10:42:25,Centre Médical d'Excellence,A+,55,10,0,45,4.2,11,91.9,normale,Contrôle bactériologique négatif,4,10,2,False,False,normal,ensoleillé
2022-02-26 21:26:32,Hôpital Militaire,A+,46,2,17,61,3.7,35,100.0,normale,Attention: proche expiration,5,21,2,True,False,normal,ensoleillé
2022-02-27 02:15:50,Hôpital Laquintinie,A+,20,4,0,16,4.4,3,81.1,faible,Contrôle bactériologique négatif,6,2,2,True,False,normal,nuageux
2022-02-27 02:41:35,Hôpital de District Bonassama,A+,21,5,28,44,3.5,10,98.0,normale,Hémoglobine dans les normes,6,2,2,True,False,urgence_médicale,nuageux
2022-02-27 06:02:33,Hôpital Laquintinie,A+,21,7,0,14,4.2,9,100.0,faible,"État satisfaisant, contrôle qualité OK",6,6,2,True,False,normal,ensoleillé
2022-02-27 15:00:50,Hôpital Militaire,A+,49,3,0,46,3.3,13,99.3,normale,"Excellent état, conservation parfaite",6,15,2,True,False,épidémie,ensoleillé
2022-02-27 15:11:44,Centre Médical d'Excellence,A+,47,0,19,66,4.3,1,63.1,attention,Contrôle bactériologique négatif,6,15,2,True,False,normal,pluvieux
2022-02-27 17:37:09,Hôpital Général Douala,A+,42,5,17,54,3.4,1,59.5,attention,"Excellent état, conservation parfaite",6,17,2,True,False,normal,ensoleillé
2022-02-28 02:53:58,Hôpital Général Douala,A+,25,3,0,22,3.8,1,62.7,attention,"Bon état général, légère variation température",0,2,2,False,False,normal,pluvieux
2022-02-28 03:35:21,Hôpital Militaire,A+,24,8,15,31,4.3,13,91.9,normale,"État satisfaisant, contrôle qualité OK",0,3,2,False,False,normal,orageux
2022-02-28 06:52:07,Hôpital Laquintinie,A+,65,7,20,78,3.1,1,44.4,attention,Urgent: vérifier température stockage,0,6,2,False,False,épidémie,nuageux
2022-02-28 07:18:38,Hôpital Général Douala,A+,43,8,20,55,3.8,8,94.4,normale,Urgent: vérifier température stockage,0,7,2,False,False,normal,pluvieux
2022-02-28 13:16:34,Hôpital Laquintinie,A+,57,7,0,50,4.8,37,96.9,normale,Contrôle bactériologique négatif,0,13,2,False,False,normal,orageux
2022-02-28 19:24:52,Hôpital Laquintinie,A+,48,8,19,59,4.0,20,93.7,normale,Urgent: vérifier température stockage,0,19,2,False,False,normal,pluvieux
2022-03-01 07:48:53,Clinique des Spécialités,A+,73,9,0,64,4.9,18,93.9,normale,"État satisfaisant, contrôle qualité OK",1,7,3,False,False,normal,ensoleillé
2022-03-01 10:23:06,Hôpital Général Douala,A+,26,8,19,37,3.6,38,100.0,normale,Hémoglobine dans les normes,1,10,3,False,False,normal,pluvieux
2022-03-01 17:14:53,Hôpital Militaire,A+,32,8,0,24,4.6,18,100.0,normale,Hémoglobine dans les normes,1,17,3,False,False,normal,ensoleillé
2022-03-01 18:13:07,Hôpital Militaire,A+,19,9,20,30,4.2,8,100.0,normale,"Bon état général, légère variation température",1,18,3,False,False,urgence_médicale,nuageux
2022-03-01 20:41:22,Clinique des Spécialités,A+,55,8,0,47,3.9,35,100.0,normale,Hémoglobine dans les normes,1,20,3,False,False,normal,nuageux
2022-03-01 21:01:43,Clinique des Spécialités,A+,40,8,0,32,3.2,3,83.2,normale,Contrôle bactériologique négatif,1,21,3,False,False,normal,ensoleillé
2022-03-02 10:25:15,Clinique des Spécialités,A+,31,7,20,44,3.5,8,100.0,normale,Contrôle bactériologique négatif,2,10,3,False,False,normal,ensoleillé
2022-03-02 10:59:44,Centre Médical d'Excellence,A+,64,5,0,59,3.0,6,100.0,normale,Attention: proche expiration,2,10,3,False,False,normal,nuageux
2022-03-02 11:27:51,Hôpital Militaire,A+,39,13,30,56,3.2,18,100.0,normale,Parfait pour transfusion immédiate,2,11,3,False,False,normal,pluvieux
2022-03-02 11:55:12,Hôpital Général Douala,A+,41,6,23,58,3.3,29,100.0,normale,"Excellent état, conservation parfaite",2,11,3,False,False,normal,pluvieux
2022-03-02 15:33:08,Hôpital de District Bonassama,A+,55,10,0,45,5.0,28,89.1,normale,Contrôle bactériologique négatif,2,15,3,False,False,normal,orageux
2022-03-02 18:23:55,Hôpital Général Douala,A+,35,8,0,27,4.0,7,95.9,normale,"Bon état général, légère variation température",2,18,3,False,False,normal,nuageux
2022-03-02 21:37:19,Hôpital Militaire,A+,77,5,20,92,4.2,4,88.3,normale,Contrôle bactériologique négatif,2,21,3,False,False,normal,nuageux
2022-03-02 21:59:53,Hôpital de District Bonassama,A+,60,13,19,66,4.3,52,94.5,normale,"Bon état général, légère variation température",2,21,3,False,False,normal,nuageux
2022-03-02 22:55:28,Hôpital Militaire,A+,28,13,0,15,3.2,26,98.2,faible,Hémoglobine dans les normes,2,22,3,False,False,normal,pluvieux
2022-03-03 02:05:16,Hôpital Laquintinie,A+,27,5,0,22,3.3,18,100.0,normale,Hémoglobine dans les normes,3,2,3,False,False,normal,ensoleillé
2022-03-03 09:01:31,Centre Médical d'Excellence,A+,52,4,0,48,3.9,5,100.0,normale,Urgent: vérifier température stockage,3,9,3,False,False,normal,nuageux
2022-03-03 10:45:11,Hôpital Militaire,A+,45,6,20,59,4.5,6,100.0,normale,"Excellent état, conservation parfaite",3,10,3,False,False,normal,pluvieux
2022-03-03 12:52:31,Hôpital Militaire,A+,60,6,0,54,4.1,7,100.0,normale,Parfait pour transfusion immédiate,3,12,3,False,False,normal,ensoleillé
2022-03-04 02:30:10,Hôpital Général Douala,A+,27,4,23,46,4.0,16,94.8,normale,Parfait pour transfusion immédiate,4,2,3,False,False,normal,orageux
2022-03-04 04:29:04,Hôpital Général Douala,A+,32,4,15,43,3.9,16,100.0,normale,"État satisfaisant, contrôle qualité OK",4,4,3,False,False,normal,nuageux
2022-03-04 04:30:53,Centre Médical d'Excellence,A+,13,11,16,18,3.3,8,97.1,faible,Attention: proche expiration,4,4,3,False,False,normal,nuageux
2022-03-04 04:35:33,Centre Médical d'Excellence,A+,33,7,21,47,4.1,15,100.0,normale,Urgent: vérifier température stockage,4,4,3,False,False,normal,nuageux
2022-03-04 06:29:04,Hôpital Laquintinie,A+,48,7,22,63,4.0,6,97.9,normale,"Excellent état, conservation parfaite",4,6,3,False,False,normal,ensoleillé
2022-03-04 07:58:05,Hôpital Général Douala,A+,39,8,14,45,4.3,20,100.0,normale,"Bon état général, légère variation température",4,7,3,False,False,normal,nuageux
2022-03-04 21:11:09,Hôpital de District Bonassama,A+,47,10,28,65,4.2,2,86.2,normale,Hémoglobine dans les normes,4,21,3,False,False,normal,ensoleillé
2022-03-05 01:26:38,Hôpital Général Douala,A+,21,5,0,16,4.8,2,97.7,faible,"Bon état général, légère variation température",5,1,3,True,False,normal,ensoleillé
2022-03-05 02:06:13,Hôpital Militaire,A+,21,6,16,31,4.1,2,81.3,normale,Attention: proche expiration,5,2,3,True,False,normal,pluvieux
2022-03-05 08:47:23,Centre Médical d'Excellence,A+,24,6,0,18,3.6,8,100.0,faible,Parfait pour transfusion immédiate,5,8,3,True,False,normal,orageux
2022-03-05 09:14:08,Clinique des Spécialités,A+,26,7,0,19,4.2,1,53.8,faible,Parfait pour transfusion immédiate,5,9,3,True,False,épidémie,ensoleillé
2022-03-05 14:50:34,Hôpital Général Douala,A+,35,9,0,26,3.5,5,100.0,normale,Contrôle bactériologique négatif,5,14,3,True,False,normal,nuageux
2022-03-05 15:23:58,Hôpital Laquintinie,A+,35,5,20,50,2.9,38,99.3,normale,"Bon état général, légère variation température",5,15,3,True,False,normal,ensoleillé
2022-03-05 16:06:01,Hôpital Laquintinie,A+,48,10,0,38,3.8,15,92.8,normale,Hémoglobine dans les normes,5,16,3,True,False,normal,pluvieux
2022-03-05 21:12:46,Clinique des Spécialités,A+,14,7,18,25,3.8,29,100.0,normale,Parfait pour transfusion immédiate,5,21,3,True,False,normal,orageux
2022-03-06 00:25:48,Hôpital Général Douala,A+,29,3,23,49,4.1,8,100.0,normale,Parfait pour transfusion immédiate,6,0,3,True,False,normal,ensoleillé
2022-03-06 00:33:56,Hôpital de District Bonassama,A+,24,5,21,40,3.5,1,59.9,attention,"État satisfaisant, contrôle qualité OK",6,0,3,True,False,normal,pluvieux
2022-03-06 02:06:03,Hôpital Militaire,A+,22,7,0,15,4.0,8,90.5,faible,Urgent: vérifier température stockage,6,2,3,True,False,normal,ensoleillé
2022-03-06 03:59:24,Hôpital Militaire,A+,10,2,0,8,4.0,11,100.0,critique,"URGENT: Stock critique - Bon état général, légère variation température",6,3,3,True,False,normal,ensoleillé
2022-03-06 05:22:51,Hôpital de District Bonassama,A+,14,6,0,8,3.2,7,95.4,critique,"URGENT: Stock critique - État satisfaisant, contrôle qualité OK",6,5,3,True,False,normal,ensoleillé
2022-03-06 12:56:17,Clinique des Spécialités,A+,49,5,0,44,3.8,28,85.6,normale,Parfait pour transfusion immédiate,6,12,3,True,False,normal,ensoleillé
2022-03-06 22:13:19,Centre Médical d'Excellence,A+,30,8,0,22,4.5,7,99.9,normale,"Excellent état, conservation parfaite",6,22,3,True,False,normal,nuageux
2022-03-07 02:28:22,Hôpital Militaire,A+,29,6,0,23,4.2,2,87.5,normale,"Excellent état, conservation parfaite",0,2,3,False,False,normal,orageux
2022-03-07 06:36:30,Hôpital Militaire,A+,38,6,20,52,4.0,33,97.7,normale,Hémoglobine dans les normes,0,6,3,False,False,normal,ensoleillé
2022-03-07 18:14:27,Hôpital de District Bonassama,A+,63,7,0,56,4.2,17,97.2,normale,Hémoglobine dans les normes,0,18,3,False,False,normal,nuageux
2022-03-07 18:54:48,Hôpital Laquintinie,A+,51,10,0,41,4.7,4,81.5,normale,Hémoglobine dans les normes,0,18,3,False,False,normal,nuageux
2022-03-08 00:37:30,Hôpital Militaire,A+,27,5,23,45,5.0,55,93.1,normale,"État satisfaisant, contrôle qualité OK",1,0,3,False,False,normal,ensoleillé
2022-03-08 06:13:45,Hôpital Laquintinie,A+,30,10,0,20,4.4,14,96.5,normale,"Bon état général, légère variation température",1,6,3,False,False,normal,nuageux
2022-03-08 11:57:35,Clinique des Spécialités,A+,46,9,0,37,4.1,26,91.8,normale,"État satisfaisant, contrôle qualité OK",1,11,3,False,False,normal,orageux
2022-03-08 12:41:45,Hôpital Militaire,A+,58,5,0,53,3.3,22,91.7,normale,Contrôle bactériologique négatif,1,12,3,False,False,normal,ensoleillé
2022-03-08 13:42:00,Hôpital Général Douala,A+,40,13,0,27,4.3,24,97.5,normale,"État satisfaisant, contrôle qualité OK",1,13,3,False,False,accident_route,pluvieux
2022-03-08 15:41:49,Hôpital Général Douala,A+,43,6,29,66,4.5,7,98.4,normale,Hémoglobine dans les normes,1,15,3,False,False,normal,pluvieux
2022-03-08 16:26:58,Hôpital Laquintinie,A+,42,4,0,38,4.6,5,94.1,normale,Parfait pour transfusion immédiate,1,16,3,False,False,normal,ensoleillé
2022-03-08 21:23:07,Hôpital de District Bonassama,A+,47,6,0,41,3.8,21,98.3,normale,"Excellent état, conservation parfaite",1,21,3,False,False,normal,orageux
2022-03-08 23:07:22,Clinique des Spécialités,A+,9,10,0,0,5.4,5,100.0,critique,"URGENT: Stock critique - État satisfaisant, contrôle qualité OK",1,23,3,False,False,normal,pluvieux
2022-03-08 23:10:23,Hôpital Militaire,A+,29,9,0,20,3.9,12,100.0,normale,"Bon état général, légère variation température",1,23,3,False,False,normal,pluvieux
2022-03-09 02:21:31,Clinique des Spécialités,A+,38,9,0,29,4.3,2,91.1,normale,"État satisfaisant, contrôle qualité OK",2,2,3,False,False,normal,ensoleillé
2022-03-09 10:01:40,Clinique des Spécialités,A+,57,8,0,49,3.8,3,86.0,normale,Parfait pour transfusion immédiate,2,10,3,False,False,normal,pluvieux
2022-03-09 15:12:44,Hôpital Militaire,A+,39,7,0,32,3.9,35,100.0,normale,Contrôle bactériologique négatif,2,15,3,False,False,normal,ensoleillé
2022-03-09 20:49:26,Hôpital Général Douala,A+,57,7,0,50,4.4,1,63.0,attention,Contrôle bactériologique négatif,2,20,3,False,False,normal,pluvieux
2022-03-10 00:57:24,Hôpital Militaire,A+,20,8,0,12,4.2,2,83.0,faible,"Excellent état, conservation parfaite",3,0,3,False,False,normal,pluvieux
2022-03-10 01:30:39,Hôpital Militaire,A+,32,0,24,56,4.3,1,66.3,attention,Contrôle bactériologique négatif,3,1,3,False,False,normal,pluvieux
2022-03-10 02:16:56,Hôpital Laquintinie,A+,9,4,23,28,3.4,3,83.1,normale,Hémoglobine dans les normes,3,2,3,False,False,normal,ensoleillé
2022-03-10 03:14:53,Clinique des Spécialités,A+,28,7,0,21,4.5,1,51.5,attention,Parfait pour transfusion immédiate,3,3,3,False,False,normal,ensoleillé
2022-03-10 08:50:02,Hôpital Militaire,A+,39,6,14,47,3.7,29,100.0,normale,Contrôle bactériologique négatif,3,8,3,False,False,normal,nuageux
2022-03-10 09:33:12,Hôpital de District Bonassama,A+,59,13,0,46,4.3,1,65.4,attention,Parfait pour transfusion immédiate,3,9,3,False,False,normal,pluvieux
2022-03-10 16:45:34,Hôpital Laquintinie,A+,43,2,0,41,4.1,18,99.5,normale,Contrôle bactériologique négatif,3,16,3,False,False,normal,nuageux
2022-03-10 16:47:43,Hôpital Général Douala,A+,69,11,0,58,4.1,40,99.6,normale,Contrôle bactériologique négatif,3,16,3,False,False,normal,ensoleillé
2022-03-11 08:25:39,Hôpital Général Douala,A+,69,10,0,59,3.4,4,90.8,normale,"État satisfaisant, contrôle qualité OK",4,8,3,False,False,normal,orageux
2022-03-11 14:09:55,Clinique des Spécialités,A+,71,9,0,62,3.8,34,100.0,normale,Parfait pour transfusion immédiate,4,14,3,False,False,normal,pluvieux
2022-03-12 02:21:33,Hôpital Laquintinie,A+,9,7,26,28,4.6,3,91.0,normale,Hémoglobine dans les normes,5,2,3,True,False,normal,pluvieux
2022-03-12 02:31:10,Hôpital de District Bonassama,A+,8,4,0,4,4.3,9,100.0,critique,URGENT: Stock critique - Attention: proche expiration,5,2,3,True,False,normal,pluvieux
2022-03-12 05:56:19,Hôpital Général Douala,A+,17,5,0,12,3.8,16,93.5,faible,Parfait pour transfusion immédiate,5,5,3,True,False,normal,orageux
2022-03-12 07:39:27,Clinique des Spécialités,A+,35,4,0,31,4.2,13,100.0,normale,"Excellent état, conservation parfaite",5,7,3,True,False,normal,ensoleillé
2022-03-12 10:09:17,Hôpital Général Douala,A+,52,5,20,67,4.4,5,100.0,normale,"Excellent état, conservation parfaite",5,10,3,True,False,normal,ensoleillé
2022-03-12 12:14:56,Hôpital Laquintinie,A+,26,7,0,19,4.5,19,98.5,faible,"Bon état général, légère variation température",5,12,3,True,False,normal,pluvieux
2022-03-12 18:00:51,Hôpital Général Douala,A+,30,6,0,24,3.5,10,96.8,normale,Urgent: vérifier température stockage,5,18,3,True,False,normal,ensoleillé
2022-03-12 18:54:52,Clinique des Spécialités,A+,37,9,0,28,4.3,2,88.0,normale,Hémoglobine dans les normes,5,18,3,True,False,normal,nuageux
2022-03-12 22:27:23,Clinique des Spécialités,A+,32,4,0,28,4.6,6,98.4,normale,Contrôle bactériologique négatif,5,22,3,True,False,normal,nuageux
2022-03-13 02:03:52,Centre Médical d'Excellence,A+,22,2,18,38,3.6,7,93.7,normale,Contrôle bactériologique négatif,6,2,3,True,False,normal,ensoleillé
2022-03-13 05:39:53,Hôpital de District Bonassama,A+,18,5,0,13,3.6,1,69.7,faible,"Bon état général, légère variation température",6,5,3,True,False,normal,pluvieux
2022-03-13 10:36:21,Hôpital de District Bonassama,A+,32,5,14,41,3.6,43,100.0,normale,Attention: proche expiration,6,10,3,True,False,normal,ensoleillé
2022-03-13 22:15:57,Hôpital Laquintinie,A+,34,6,0,28,3.7,16,97.5,normale,Parfait pour transfusion immédiate,6,22,3,True,False,normal,pluvieux
2022-03-14 07:24:45,Clinique des Spécialités,A+,35,12,29,52,3.2,3,87.7,normale,Hémoglobine dans les normes,0,7,3,False,False,normal,ensoleillé
2022-03-14 07:59:59,Hôpital Laquintinie,A+,76,8,0,68,5.0,6,95.1,normale,Urgent: vérifier température stockage,0,7,3,False,False,normal,pluvieux
2022-03-14 08:17:10,Hôpital Général Douala,A+,49,16,0,33,3.2,6,100.0,normale,"Excellent état, conservation parfaite",0,8,3,False,False,normal,orageux
2022-03-14 09:11:12,Clinique des Spécialités,A+,31,10,26,47,4.1,7,90.3,normale,Contrôle bactériologique négatif,0,9,3,False,False,normal,ensoleillé
2022-03-14 10:32:38,Clinique des Spécialités,A+,45,3,20,62,3.7,5,100.0,normale,Contrôle bactériologique négatif,0,10,3,False,False,normal,nuageux
2022-03-14 14:58:32,Clinique des Spécialités,A+,38,11,0,27,3.9,58,94.8,normale,"Bon état général, légère variation température",0,14,3,False,False,normal,ensoleillé
2022-03-14 18:36:21,Hôpital de District Bonassama,A+,32,13,0,19,4.0,18,96.1,faible,"Bon état général, légère variation température",0,18,3,False,False,normal,orageux
2022-03-15 05:38:22,Hôpital Laquintinie,A+,19,9,17,27,3.7,18,100.0,normale,Parfait pour transfusion immédiate,1,5,3,False,False,normal,pluvieux
2022-03-15 23:07:32,Hôpital de District Bonassama,A+,23,6,0,17,3.7,23,96.5,faible,Contrôle bactériologique négatif,1,23,3,False,False,épidémie,ensoleillé
2022-03-16 10:27:51,Hôpital Militaire,A+,49,5,23,67,4.5,18,100.0,normale,Hémoglobine dans les normes,2,10,3,False,False,normal,pluvieux
2022-03-16 12:45:27,Clinique des Spécialités,A+,65,5,0,60,3.4,2,81.2,normale,Attention: proche expiration,2,12,3,False,False,normal,pluvieux
2022-03-16 19:08:08,Centre Médical d'Excellence,A+,39,6,0,33,3.5,11,94.4,normale,Parfait pour transfusion immédiate,2,19,3,False,False,normal,ensoleillé
2022-03-16 19:25:15,Centre Médical d'Excellence,A+,47,5,29,71,4.4,25,100.0,normale,"État satisfaisant, contrôle qualité OK",2,19,3,False,False,normal,ensoleillé
2022-03-17 06:55:16,Hôpital Laquintinie,A+,62,6,16,72,4.3,2,87.3,normale,Hémoglobine dans les normes,3,6,3,False,False,normal,pluvieux
2022-03-17 10:26:02,Hôpital de District Bonassama,A+,99,9,24,114,4.7,3,87.0,normale,"Bon état général, légère variation température",3,10,3,False,False,normal,orageux
2022-03-17 11:16:00,Hôpital de District Bonassama,A+,62,4,0,58,4.5,5,98.8,normale,"État satisfaisant, contrôle qualité OK",3,11,3,False,False,campagne_don,ensoleillé
2022-03-17 11:47:24,Clinique des Spécialités,A+,60,2,0,58,4.3,31,88.8,normale,Parfait pour transfusion immédiate,3,11,3,False,False,normal,nuageux
2022-03-17 13:39:31,Hôpital Général Douala,A+,38,12,19,45,4.3,5,91.2,normale,Contrôle bactériologique négatif,3,13,3,False,False,normal,ensoleillé
2022-03-17 14:44:11,Hôpital Militaire,A+,28,6,0,22,3.3,10,100.0,normale,Attention: proche expiration,3,14,3,False,False,normal,pluvieux
2022-03-17 15:00:08,Hôpital de District Bonassama,A+,67,10,13,70,4.1,4,81.5,normale,"État satisfaisant, contrôle qualité OK",3,15,3,False,False,normal,pluvieux
2022-03-17 19:27:10,Centre Médical d'Excellence,A+,46,11,0,35,4.2,3,87.0,normale,"Excellent état, conservation parfaite",3,19,3,False,False,normal,pluvieux
2022-03-17 20:24:02,Hôpital Laquintinie,A+,43,1,23,65,3.7,14,90.5,normale,"Excellent état, conservation parfaite",3,20,3,False,False,normal,nuageux
2022-03-17 20:59:42,Centre Médical d'Excellence,A+,55,7,16,64,4.2,6,100.0,normale,"Bon état général, légère variation température",3,20,3,False,False,normal,pluvieux
2022-03-18 04:02:52,Hôpital de District Bonassama,A+,26,4,0,22,3.6,17,100.0,normale,Urgent: vérifier température stockage,4,4,3,False,False,normal,pluvieux
2022-03-18 10:38:31,Hôpital Laquintinie,A+,49,6,30,73,4.7,26,100.0,normale,Hémoglobine dans les normes,4,10,3,False,False,normal,nuageux
2022-03-18 11:06:46,Hôpital Laquintinie,A+,78,8,0,70,4.6,1,61.5,attention,Hémoglobine dans les normes,4,11,3,False,False,normal,pluvieux
2022-03-18 21:53:49,Clinique des Spécialités,A+,46,7,24,63,4.1,22,98.1,normale,"Excellent état, conservation parfaite",4,21,3,False,False,normal,ensoleillé
2022-03-19 04:06:15,Clinique des Spécialités,A+,17,4,0,13,4.0,10,97.9,faible,Parfait pour transfusion immédiate,5,4,3,True,False,normal,ensoleillé
2022-03-19 08:12:27,Centre Médical d'Excellence,A+,31,3,22,50,5.2,3,89.2,normale,Hémoglobine dans les normes,5,8,3,True,False,normal,ensoleillé
2022-03-19 08:44:30,Hôpital de District Bonassama,A+,29,4,0,25,4.1,12,92.3,normale,"Excellent état, conservation parfaite",5,8,3,True,False,normal,nuageux
2022-03-19 10:45:38,Centre Médical d'Excellence,A+,42,3,0,39,3.9,17,100.0,normale,Hémoglobine dans les normes,5,10,3,True,False,normal,ensoleillé
2022-03-19 13:42:24,Hôpital Laquintinie,A+,37,8,0,29,3.1,5,98.0,normale,Attention: proche expiration,5,13,3,True,False,normal,pluvieux
2022-03-19 15:47:08,Clinique des Spécialités,A+,37,9,16,44,3.7,2,90.6,normale,Contrôle bactériologique négatif,5,15,3,True,False,normal,orageux
2022-03-19 16:58:30,Hôpital de District Bonassama,A+,13,4,21,30,3.8,3,88.1,normale,"Bon état général, légère variation température",5,16,3,True,False,normal,ensoleillé
2022-03-19 19:49:31,Hôpital Militaire,A+,32,9,0,23,4.4,13,100.0,normale,Hémoglobine dans les normes,5,19,3,True,False,normal,pluvieux
2022-03-19 22:55:54,Hôpital de District Bonassama,A+,42,5,0,37,4.3,21,93.9,normale,"Excellent état, conservation parfaite",5,22,3,True,False,normal,ensoleillé
2022-03-20 02:17:34,Hôpital de District Bonassama,A+,15,5,17,27,4.4,15,100.0,normale,"Excellent état, conservation parfaite",6,2,3,True,False,normal,ensoleillé
2022-03-20 14:58:22,Clinique des Spécialités,A+,37,5,0,32,4.4,24,100.0,normale,"Excellent état, conservation parfaite",6,14,3,True,False,normal,ensoleillé
2022-03-20 16:11:28,Hôpital de District Bonassama,A+,49,3,0,46,2.9,12,100.0,normale,"État satisfaisant, contrôle qualité OK",6,16,3,True,False,normal,ensoleillé
2022-03-21 00:47:44,Hôpital de District Bonassama,A+,17,6,18,29,3.5,41,100.0,normale,Hémoglobine dans les normes,0,0,3,False,False,normal,ensoleillé
2022-03-21 03:34:40,Hôpital de District Bonassama,A+,12,6,26,32,4.3,1,71.6,normale,Contrôle bactériologique négatif,0,3,3,False,False,normal,nuageux
2022-03-21 10:30:57,Centre Médical d'Excellence,A+,69,5,24,88,4.2,12,92.8,normale,Attention: proche expiration,0,10,3,False,False,normal,nuageux
2022-03-21 12:24:49,Hôpital de District Bonassama,A+,48,5,0,43,4.0,26,93.2,normale,Urgent: vérifier température stockage,0,12,3,False,False,normal,nuageux
2022-03-21 14:21:56,Hôpital Militaire,A+,42,15,0,27,4.6,21,100.0,normale,Parfait pour transfusion immédiate,0,14,3,False,False,normal,nuageux
2022-03-21 16:22:20,Clinique des Spécialités,A+,44,7,0,37,3.6,1,57.2,attention,Hémoglobine dans les normes,0,16,3,False,False,normal,ensoleillé
2022-03-21 17:24:36,Centre Médical d'Excellence,A+,63,7,0,56,4.3,9,87.5,normale,Attention: proche expiration,0,17,3,False,False,normal,ensoleillé
2022-03-21 22:17:11,Hôpital Laquintinie,A+,50,8,0,42,5.0,10,100.0,normale,"Excellent état, conservation parfaite",0,22,3,False,False,normal,pluvieux
2022-03-21 22:47:43,Clinique des Spécialités,A+,72,10,0,62,4.7,3,82.6,normale,Hémoglobine dans les normes,0,22,3,False,False,normal,ensoleillé
2022-03-22 00:13:58,Hôpital Général Douala,A+,21,4,18,35,3.5,2,89.0,normale,Urgent: vérifier température stockage,1,0,3,False,False,normal,pluvieux
2022-03-22 03:48:57,Hôpital de District Bonassama,A+,21,5,0,16,3.5,2,84.9,faible,Parfait pour transfusion immédiate,1,3,3,False,False,normal,nuageux
2022-03-22 04:15:13,Hôpital Général Douala,A+,19,8,24,35,4.2,19,98.5,normale,"Excellent état, conservation parfaite",1,4,3,False,False,normal,ensoleillé
2022-03-22 05:24:41,Hôpital Militaire,A+,24,11,25,38,4.3,9,93.4,normale,"État satisfaisant, contrôle qualité OK",1,5,3,False,False,normal,orageux
2022-03-22 05:31:11,Centre Médical d'Excellence,A+,31,13,0,18,3.8,9,100.0,faible,Hémoglobine dans les normes,1,5,3,False,False,normal,pluvieux
2022-03-22 10:23:08,Hôpital de District Bonassama,A+,28,6,0,22,4.2,26,99.0,normale,"Excellent état, conservation parfaite",1,10,3,False,False,normal,orageux
2022-03-22 12:26:04,Centre Médical d'Excellence,A+,78,4,0,74,4.5,9,100.0,normale,"Bon état général, légère variation température",1,12,3,False,False,normal,pluvieux
2022-03-22 17:20:10,Clinique des Spécialités,A+,51,3,15,63,3.5,3,82.6,normale,"Bon état général, légère variation température",1,17,3,False,False,normal,ensoleillé
2022-03-23 04:56:28,Hôpital Laquintinie,A+,29,7,0,22,4.0,10,99.1,normale,Attention: proche expiration,2,4,3,False,False,normal,ensoleillé
2022-03-24 06:37:15,Hôpital Laquintinie,A+,39,10,0,29,3.1,29,95.0,normale,Hémoglobine dans les normes,3,6,3,False,False,normal,pluvieux
2022-03-24 06:56:58,Hôpital de District Bonassama,A+,33,8,19,44,4.0,10,100.0,normale,"État satisfaisant, contrôle qualité OK",3,6,3,False,False,normal,orageux
2022-03-24 15:38:29,Clinique des Spécialités,A+,50,13,22,59,3.4,4,84.8,normale,Hémoglobine dans les normes,3,15,3,False,False,normal,ensoleillé
2022-03-24 16:39:02,Clinique des Spécialités,A+,42,5,0,37,4.9,2,92.1,normale,"État satisfaisant, contrôle qualité OK",3,16,3,False,False,normal,ensoleillé
2022-03-24 18:55:52,Hôpital Général Douala,A+,46,8,12,50,4.4,6,99.7,normale,"État satisfaisant, contrôle qualité OK",3,18,3,False,False,normal,nuageux
2022-03-24 20:09:39,Hôpital Laquintinie,A+,3,8,18,18,4.3,54,100.0,faible,"Bon état général, légère variation température",3,20,3,False,False,normal,ensoleillé
2022-03-24 20:49:57,Clinique des Spécialités,A+,38,12,0,26,3.9,76,100.0,normale,Hémoglobine dans les normes,3,20,3,False,False,normal,pluvieux
2022-03-25 03:39:10,Clinique des Spécialités,A+,40,5,20,55,4.8,18,100.0,normale,Attention: proche expiration,4,3,3,False,False,normal,pluvieux
2022-03-25 09:55:32,Hôpital Militaire,A+,71,10,19,80,3.8,2,88.7,normale,Attention: proche expiration,4,9,3,False,False,normal,ensoleillé
2022-03-25 16:53:56,Hôpital Laquintinie,A+,43,10,34,67,4.4,8,100.0,normale,"État satisfaisant, contrôle qualité OK",4,16,3,False,False,normal,ensoleillé
2022-03-25 23:22:50,Clinique des Spécialités,A+,14,3,31,42,4.4,4,89.1,normale,Parfait pour transfusion immédiate,4,23,3,False,False,normal,pluvieux
2022-03-26 05:17:25,Hôpital de District Bonassama,A+,21,3,16,34,4.2,14,100.0,normale,Attention: proche expiration,5,5,3,True,False,normal,ensoleillé
2022-03-26 07:53:37,Centre Médical d'Excellence,A+,32,1,0,31,3.8,5,100.0,normale,Urgent: vérifier température stockage,5,7,3,True,False,normal,nuageux
2022-03-26 13:48:46,Hôpital Militaire,A+,53,8,20,65,4.1,5,95.0,normale,Parfait pour transfusion immédiate,5,13,3,True,False,normal,nuageux
2022-03-26 20:55:20,Hôpital Laquintinie,A+,27,7,0,20,2.7,12,100.0,normale,"Excellent état, conservation parfaite",5,20,3,True,False,normal,pluvieux
2022-03-26 22:40:05,Centre Médical d'Excellence,A+,33,5,0,28,4.8,3,81.3,normale,"État satisfaisant, contrôle qualité OK",5,22,3,True,False,normal,ensoleillé
2022-03-26 23:01:41,Hôpital Militaire,A+,21,6,0,15,4.4,18,100.0,faible,Hémoglobine dans les normes,5,23,3,True,False,normal,nuageux
2022-03-27 04:00:28,Hôpital Général Douala,A+,12,1,0,11,4.6,1,56.5,faible,"Excellent état, conservation parfaite",6,4,3,True,False,normal,ensoleillé
2022-03-28 02:32:27,Hôpital Militaire,A+,26,12,0,14,3.7,14,99.1,faible,"Excellent état, conservation parfaite",0,2,3,False,False,normal,nuageux
2022-03-28 03:42:34,Hôpital Général Douala,A+,23,9,12,26,4.2,17,100.0,normale,"État satisfaisant, contrôle qualité OK",0,3,3,False,False,normal,ensoleillé
2022-03-28 04:33:58,Clinique des Spécialités,A+,31,6,13,38,4.6,2,77.1,normale,"Excellent état, conservation parfaite",0,4,3,False,False,normal,orageux
2022-03-28 07:13:36,Hôpital de District Bonassama,A+,43,7,0,36,4.1,13,90.1,normale,Attention: proche expiration,0,7,3,False,False,normal,pluvieux
2022-03-28 10:22:19,Clinique des Spécialités,A+,33,9,0,24,5.2,4,84.5,normale,"Bon état général, légère variation température",0,10,3,False,False,normal,ensoleillé
2022-03-28 18:39:09,Hôpital de District Bonassama,A+,43,8,0,35,3.6,1,63.5,attention,Urgent: vérifier température stockage,0,18,3,False,False,normal,nuageux
2022-03-29 11:53:16,Hôpital de District Bonassama,A+,69,7,23,85,4.1,4,87.9,normale,Contrôle bactériologique négatif,1,11,3,False,False,normal,ensoleillé
2022-03-29 17:08:20,Centre Médical d'Excellence,A+,33,3,22,52,4.4,12,98.9,normale,Urgent: vérifier température stockage,1,17,3,False,False,normal,orageux
2022-03-30 03:04:06,Hôpital Militaire,A+,13,11,0,2,4.6,5,98.5,critique,URGENT: Stock critique - Attention: proche expiration,2,3,3,False,False,normal,orageux
2022-03-30 09:58:56,Centre Médical d'Excellence,A+,31,10,22,43,3.8,14,97.6,normale,Urgent: vérifier température stockage,2,9,3,False,False,normal,ensoleillé
2022-03-30 10:04:15,Hôpital Militaire,A+,60,6,18,72,4.8,21,92.2,normale,"Excellent état, conservation parfaite",2,10,3,False,False,normal,nuageux
2022-03-30 12:29:38,Clinique des Spécialités,A+,71,6,27,92,4.9,42,96.8,normale,"Excellent état, conservation parfaite",2,12,3,False,False,normal,ensoleillé
2022-03-30 13:20:52,Clinique des Spécialités,A+,70,7,21,84,3.4,10,100.0,normale,Parfait pour transfusion immédiate,2,13,3,False,False,normal,pluvieux
2022-03-30 13:36:38,Clinique des Spécialités,A+,30,7,24,47,3.4,28,93.1,normale,"Bon état général, légère variation température",2,13,3,False,False,normal,pluvieux
2022-03-30 16:11:19,Hôpital Général Douala,A+,62,7,0,55,3.5,5,95.3,normale,Urgent: vérifier température stockage,2,16,3,False,False,normal,pluvieux
2022-03-31 00:43:08,Hôpital Général Douala,A+,26,8,0,18,4.7,8,100.0,faible,Attention: proche expiration,3,0,3,False,False,normal,pluvieux
2022-03-31 09:20:41,Centre Médical d'Excellence,A+,40,7,0,33,3.9,2,84.9,normale,Parfait pour transfusion immédiate,3,9,3,False,False,normal,ensoleillé
2022-03-31 10:59:14,Clinique des Spécialités,A+,32,8,0,24,4.5,8,99.4,normale,Urgent: vérifier température stockage,3,10,3,False,False,accident_route,ensoleillé
2022-03-31 14:07:33,Hôpital Général Douala,A+,47,5,18,60,4.9,4,86.4,normale,"État satisfaisant, contrôle qualité OK",3,14,3,False,False,normal,nuageux
2022-03-31 21:13:32,Hôpital Militaire,A+,52,7,13,58,4.3,30,98.6,normale,"Bon état général, légère variation température",3,21,3,False,False,normal,ensoleillé
2022-03-31 22:28:43,Hôpital Laquintinie,A+,53,5,0,48,4.6,1,54.1,attention,Contrôle bactériologique négatif,3,22,3,False,False,normal,ensoleillé
2022-03-31 23:20:21,Centre Médical d'Excellence,A+,17,10,0,7,4.9,3,82.1,critique,"URGENT: Stock critique - Excellent état, conservation parfaite",3,23,3,False,False,normal,pluvieux
2022-04-01 02:17:30,Hôpital Laquintinie,A+,13,5,0,8,4.2,6,100.0,critique,"URGENT: Stock critique - Bon état général, légère variation température",4,2,4,False,False,normal,ensoleillé
2022-04-01 04:38:33,Hôpital de District Bonassama,A+,25,5,0,20,3.8,27,100.0,normale,Attention: proche expiration,4,4,4,False,False,normal,ensoleillé
2022-04-01 18:43:42,Hôpital de District Bonassama,A+,37,7,0,30,4.5,2,81.4,normale,"Bon état général, légère variation température",4,18,4,False,False,normal,nuageux
2022-04-02 04:47:17,Hôpital Militaire,A+,21,5,16,32,3.7,1,65.3,attention,"Excellent état, conservation parfaite",5,4,4,True,False,normal,ensoleillé
2022-04-02 07:21:53,Hôpital Militaire,A+,32,4,0,28,3.9,25,99.8,normale,Urgent: vérifier température stockage,5,7,4,True,False,normal,orageux
2022-04-02 13:06:01,Clinique des Spécialités,A+,50,6,0,44,3.9,6,100.0,normale,"État satisfaisant, contrôle qualité OK",5,13,4,True,False,normal,pluvieux
2022-04-02 19:10:02,Hôpital Militaire,A+,27,5,0,22,3.5,5,100.0,normale,Contrôle bactériologique négatif,5,19,4,True,False,normal,nuageux
2022-04-02 19:32:26,Hôpital de District Bonassama,A+,34,7,0,27,4.9,7,100.0,normale,Urgent: vérifier température stockage,5,19,4,True,False,normal,pluvieux
2022-04-02 19:52:15,Hôpital Général Douala,A+,29,6,13,36,3.7,9,95.0,normale,Hémoglobine dans les normes,5,19,4,True,False,normal,nuageux
2022-04-02 21:50:06,Hôpital de District Bonassama,A+,35,3,0,32,4.2,3,88.3,normale,Parfait pour transfusion immédiate,5,21,4,True,False,normal,ensoleillé
2022-04-03 02:48:22,Clinique des Spécialités,A+,16,4,0,12,3.6,11,98.1,faible,Parfait pour transfusion immédiate,6,2,4,True,False,normal,nuageux
2022-04-03 06:47:52,Clinique des Spécialités,A+,23,5,19,37,3.3,74,92.7,normale,"État satisfaisant, contrôle qualité OK",6,6,4,True,False,normal,ensoleillé
2022-04-03 16:54:58,Hôpital Général Douala,A+,44,6,0,38,3.7,54,100.0,normale,"Excellent état, conservation parfaite",6,16,4,True,False,normal,ensoleillé
2022-04-03 16:55:55,Centre Médical d'Excellence,A+,38,8,0,30,4.0,6,94.8,normale,Attention: proche expiration,6,16,4,True,False,normal,nuageux
2022-04-03 22:25:48,Hôpital Militaire,A+,38,6,0,32,4.8,21,96.5,normale,"Bon état général, légère variation température",6,22,4,True,False,normal,pluvieux
2022-04-04 04:32:07,Hôpital Militaire,A+,21,10,17,28,4.4,28,100.0,normale,"État satisfaisant, contrôle qualité OK",0,4,4,False,False,normal,ensoleillé
2022-04-04 11:49:31,Hôpital Militaire,A+,35,3,0,32,3.5,29,100.0,normale,"Excellent état, conservation parfaite",0,11,4,False,False,normal,nuageux
2022-04-04 16:56:28,Hôpital Militaire,A+,55,7,0,48,4.6,1,53.4,attention,Attention: proche expiration,0,16,4,False,False,normal,pluvieux
2022-04-04 17:11:19,Hôpital Laquintinie,A+,52,12,0,40,3.9,30,100.0,normale,Attention: proche expiration,0,17,4,False,False,normal,pluvieux
2022-04-04 18:51:32,Hôpital Laquintinie,A+,47,5,0,42,4.6,54,100.0,normale,"État satisfaisant, contrôle qualité OK",0,18,4,False,False,normal,orageux
2022-04-05 04:01:50,Hôpital Général Douala,A+,29,8,0,21,4.2,15,100.0,normale,Urgent: vérifier température stockage,1,4,4,False,False,normal,ensoleillé
2022-04-05 06:21:36,Hôpital Militaire,A+,48,9,0,39,3.9,11,100.0,normale,"État satisfaisant, contrôle qualité OK",1,6,4,False,False,normal,nuageux
2022-04-05 07:32:46,Hôpital de District Bonassama,A+,56,12,0,44,3.7,3,85.7,normale,Urgent: vérifier température stockage,1,7,4,False,False,normal,pluvieux
2022-04-05 08:03:10,Hôpital Militaire,A+,63,3,0,60,5.0,11,100.0,normale,Contrôle bactériologique négatif,1,8,4,False,False,normal,ensoleillé
2022-04-05 08:44:17,Centre Médical d'Excellence,A+,41,6,0,35,4.2,3,90.3,normale,Hémoglobine dans les normes,1,8,4,False,False,normal,pluvieux
2022-04-05 14:19:57,Hôpital de District Bonassama,A+,55,9,22,68,3.7,28,100.0,normale,"Bon état général, légère variation température",1,14,4,False,False,normal,pluvieux
2022-04-05 15:53:52,Hôpital de District Bonassama,A+,49,5,24,68,3.6,9,100.0,normale,Contrôle bactériologique négatif,1,15,4,False,False,normal,nuageux
2022-04-05 18:40:40,Hôpital Militaire,A+,68,5,21,84,4.2,48,100.0,normale,Contrôle bactériologique négatif,1,18,4,False,False,normal,pluvieux
2022-04-05 21:13:19,Clinique des Spécialités,A+,63,13,0,50,3.9,2,81.4,normale,Attention: proche expiration,1,21,4,False,False,normal,pluvieux
2022-04-06 03:58:26,Clinique des Spécialités,A+,32,11,0,21,4.1,8,100.0,normale,Contrôle bactériologique négatif,2,3,4,False,False,normal,pluvieux
2022-04-06 06:07:38,Hôpital de District Bonassama,A+,44,8,0,36,3.1,3,90.0,normale,Attention: proche expiration,2,6,4,False,False,accident_route,pluvieux
2022-04-06 08:27:09,Hôpital de District Bonassama,A+,41,7,0,34,4.7,9,99.6,normale,Attention: proche expiration,2,8,4,False,False,normal,ensoleillé
2022-04-06 15:49:01,Centre Médical d'Excellence,A+,51,5,0,46,4.4,56,92.7,normale,Attention: proche expiration,2,15,4,False,False,normal,pluvieux
2022-04-06 15:54:20,Hôpital Militaire,A+,47,3,27,71,3.9,52,98.9,normale,Parfait pour transfusion immédiate,2,15,4,False,False,normal,pluvieux
2022-04-06 17:16:11,Hôpital Militaire,A+,70,15,19,74,4.1,6,98.6,normale,Contrôle bactériologique négatif,2,17,4,False,False,normal,pluvieux
2022-04-06 23:01:52,Hôpital Général Douala,A+,34,3,0,31,3.5,7,100.0,normale,Parfait pour transfusion immédiate,2,23,4,False,False,normal,nuageux
2022-04-06 23:58:44,Hôpital Militaire,A+,12,6,17,23,4.0,7,98.9,normale,Attention: proche expiration,2,23,4,False,False,normal,nuageux
2022-04-07 03:40:44,Centre Médical d'Excellence,A+,29,7,0,22,3.1,14,100.0,normale,Attention: proche expiration,3,3,4,False,False,normal,nuageux
2022-04-07 10:49:32,Hôpital Général Douala,A+,49,9,33,73,3.3,23,100.0,normale,"Excellent état, conservation parfaite",3,10,4,False,False,normal,ensoleillé
2022-04-07 16:22:56,Hôpital de District Bonassama,A+,58,4,25,79,4.2,3,75.0,normale,Attention: proche expiration,3,16,4,False,False,normal,pluvieux
2022-04-07 22:55:41,Hôpital Militaire,A+,25,4,0,21,4.2,20,98.7,normale,"Bon état général, légère variation température",3,22,4,False,False,normal,pluvieux
2022-04-08 02:53:58,Hôpital Général Douala,A+,26,13,27,40,4.0,10,100.0,normale,Contrôle bactériologique négatif,4,2,4,False,False,normal,pluvieux
2022-04-08 08:35:05,Hôpital de District Bonassama,A+,71,9,0,62,4.1,8,99.8,normale,"Excellent état, conservation parfaite",4,8,4,False,False,normal,ensoleillé
2022-04-08 12:24:21,Hôpital de District Bonassama,A+,79,6,25,98,3.2,15,100.0,normale,Attention: proche expiration,4,12,4,False,False,normal,ensoleillé
2022-04-09 00:16:39,Clinique des Spécialités,A+,4,3,17,18,3.6,4,89.9,faible,Attention: proche expiration,5,0,4,True,False,normal,ensoleillé
2022-04-09 00:22:54,Clinique des Spécialités,A+,18,3,21,36,3.4,6,100.0,normale,Hémoglobine dans les normes,5,0,4,True,False,normal,ensoleillé
2022-04-09 02:01:13,Clinique des Spécialités,A+,25,6,0,19,4.2,1,62.2,faible,Hémoglobine dans les normes,5,2,4,True,False,normal,orageux
2022-04-09 04:29:06,Hôpital de District Bonassama,A+,11,8,0,3,3.8,68,100.0,critique,"URGENT: Stock critique - Bon état général, légère variation température",5,4,4,True,False,normal,ensoleillé
2022-04-09 05:38:13,Hôpital Militaire,A+,25,5,0,20,3.4,64,87.5,normale,"État satisfaisant, contrôle qualité OK",5,5,4,True,False,normal,pluvieux
2022-04-09 10:57:01,Centre Médical d'Excellence,A+,33,5,15,43,3.8,5,100.0,normale,Hémoglobine dans les normes,5,10,4,True,False,normal,nuageux
2022-04-09 12:07:15,Centre Médical d'Excellence,A+,53,7,23,69,4.3,3,84.5,normale,"État satisfaisant, contrôle qualité OK",5,12,4,True,False,normal,ensoleillé
2022-04-09 13:22:00,Clinique des Spécialités,A+,37,3,0,34,4.5,29,100.0,normale,Hémoglobine dans les normes,5,13,4,True,False,épidémie,nuageux
2022-04-09 22:47:46,Hôpital de District Bonassama,A+,53,1,0,52,3.1,9,100.0,normale,Attention: proche expiration,5,22,4,True,False,normal,nuageux
2022-04-10 03:09:16,Hôpital Général Douala,A+,24,7,0,17,3.7,4,80.0,faible,"Bon état général, légère variation température",6,3,4,True,False,normal,pluvieux
2022-04-10 13:47:06,Hôpital Général Douala,A+,16,4,0,12,4.4,1,55.6,faible,Hémoglobine dans les normes,6,13,4,True,False,normal,pluvieux
2022-04-10 16:19:49,Clinique des Spécialités,A+,36,3,10,43,3.6,21,100.0,normale,"Bon état général, légère variation température",6,16,4,True,False,normal,nuageux
2022-04-10 23:24:42,Hôpital de District Bonassama,A+,17,3,0,14,4.4,19,95.9,faible,Attention: proche expiration,6,23,4,True,False,normal,nuageux
2022-04-11 00:50:54,Centre Médical d'Excellence,A+,23,8,0,15,3.9,5,100.0,faible,Parfait pour transfusion immédiate,0,0,4,False,False,normal,ensoleillé
2022-04-11 03:26:39,Centre Médical d'Excellence,A+,28,5,0,23,3.5,1,60.7,attention,Hémoglobine dans les normes,0,3,4,False,False,normal,pluvieux
2022-04-11 03:49:59,Clinique des Spécialités,A+,31,10,11,32,4.1,39,100.0,normale,Parfait pour transfusion immédiate,0,3,4,False,False,normal,orageux
2022-04-11 19:06:39,Hôpital de District Bonassama,A+,46,7,0,39,4.1,27,97.7,normale,Attention: proche expiration,0,19,4,False,False,normal,pluvieux
2022-04-11 23:13:44,Centre Médical d'Excellence,A+,20,1,19,38,4.0,9,100.0,normale,Parfait pour transfusion immédiate,0,23,4,False,False,normal,ensoleillé
2022-04-12 00:45:18,Hôpital de District Bonassama,A+,28,6,0,22,3.9,45,100.0,normale,Attention: proche expiration,1,0,4,False,False,normal,ensoleillé
2022-04-12 05:30:20,Centre Médical d'Excellence,A+,12,10,0,2,4.1,48,99.1,critique,URGENT: Stock critique - Urgent: vérifier température stockage,1,5,4,False,False,normal,ensoleillé
2022-04-12 10:27:11,Hôpital de District Bonassama,A+,60,6,0,54,3.3,2,96.3,normale,"État satisfaisant, contrôle qualité OK",1,10,4,False,False,normal,orageux
2022-04-12 20:36:40,Clinique des Spécialités,A+,66,8,0,58,3.8,42,93.0,normale,Parfait pour transfusion immédiate,1,20,4,False,False,normal,ensoleillé
2022-04-13 08:24:38,Hôpital Militaire,A+,37,9,20,48,3.9,35,100.0,normale,Contrôle bactériologique négatif,2,8,4,False,False,normal,pluvieux
2022-04-13 11:48:19,Hôpital Militaire,A+,34,2,0,32,4.2,8,100.0,normale,Attention: proche expiration,2,11,4,False,False,normal,pluvieux
2022-04-13 18:30:48,Hôpital de District Bonassama,A+,31,6,0,25,3.5,1,57.7,attention,"Excellent état, conservation parfaite",2,18,4,False,False,accident_route,ensoleillé
2022-04-13 22:06:34,Clinique des Spécialités,A+,61,10,22,73,3.7,11,97.0,normale,"Bon état général, légère variation température",2,22,4,False,False,normal,nuageux
2022-04-13 22:11:41,Hôpital Général Douala,A+,79,3,0,76,3.0,11,100.0,normale,"État satisfaisant, contrôle qualité OK",2,22,4,False,False,normal,nuageux
2022-04-14 01:10:48,Hôpital Général Douala,A+,38,9,0,29,4.3,3,79.6,normale,"Bon état général, légère variation température",3,1,4,False,False,normal,ensoleillé
2022-04-14 01:42:12,Hôpital de District Bonassama,A+,25,8,21,38,3.6,1,64.4,attention,Urgent: vérifier température stockage,3,1,4,False,False,normal,nuageux
2022-04-14 01:55:51,Hôpital Laquintinie,A+,15,5,0,10,4.1,13,94.3,faible,"Excellent état, conservation parfaite",3,1,4,False,False,normal,ensoleillé
2022-04-14 13:37:15,Clinique des Spécialités,A+,40,7,0,33,4.8,28,100.0,normale,"Excellent état, conservation parfaite",3,13,4,False,False,normal,ensoleillé
2022-04-14 14:56:06,Clinique des Spécialités,A+,21,6,22,37,3.5,60,90.5,normale,Attention: proche expiration,3,14,4,False,False,normal,ensoleillé
2022-04-14 17:54:09,Hôpital Militaire,A+,68,7,0,61,4.5,16,100.0,normale,"Excellent état, conservation parfaite",3,17,4,False,False,normal,pluvieux
2022-04-14 22:00:56,Hôpital de District Bonassama,A+,54,4,20,70,3.0,5,96.5,normale,Parfait pour transfusion immédiate,3,22,4,False,False,normal,pluvieux
2022-04-14 23:43:39,Hôpital Général Douala,A+,21,7,0,14,3.9,3,84.5,faible,"Bon état général, légère variation température",3,23,4,False,False,normal,ensoleillé
2022-04-15 00:43:41,Hôpital Général Douala,A+,23,8,0,15,3.5,13,97.4,faible,"État satisfaisant, contrôle qualité OK",4,0,4,False,False,normal,pluvieux
2022-04-15 11:02:33,Clinique des Spécialités,A+,60,13,19,66,3.8,10,93.3,normale,Attention: proche expiration,4,11,4,False,False,normal,pluvieux
2022-04-15 15:26:17,Centre Médical d'Excellence,A+,57,5,0,52,3.2,5,89.6,normale,Hémoglobine dans les normes,4,15,4,False,False,normal,ensoleillé
2022-04-15 17:50:03,Hôpital Général Douala,A+,52,4,0,48,3.7,1,59.9,attention,Contrôle bactériologique négatif,4,17,4,False,False,normal,nuageux
2022-04-16 02:17:57,Hôpital de District Bonassama,A+,4,6,31,31,4.3,8,100.0,normale,Urgent: vérifier température stockage,5,2,4,True,False,normal,ensoleillé
2022-04-16 08:41:45,Hôpital Général Douala,A+,31,1,22,52,4.2,1,63.8,attention,Hémoglobine dans les normes,5,8,4,True,False,normal,ensoleillé
2022-04-16 09:37:18,Hôpital Laquintinie,A+,46,5,0,41,3.7,8,96.3,normale,Urgent: vérifier température stockage,5,9,4,True,False,normal,pluvieux
2022-04-16 10:38:09,Hôpital Général Douala,A+,24,6,0,18,4.0,23,100.0,faible,Hémoglobine dans les normes,5,10,4,True,False,normal,pluvieux
2022-04-16 11:02:36,Centre Médical d'Excellence,A+,33,11,0,22,3.2,39,100.0,normale,Contrôle bactériologique négatif,5,11,4,True,False,normal,ensoleillé
2022-04-16 13:35:24,Hôpital Militaire,A+,28,2,0,26,3.7,29,98.2,normale,Attention: proche expiration,5,13,4,True,False,normal,pluvieux
2022-04-16 22:20:04,Centre Médical d'Excellence,A+,32,6,22,48,4.6,1,60.8,attention,Contrôle bactériologique négatif,5,22,4,True,False,normal,ensoleillé
2022-04-16 23:15:04,Centre Médical d'Excellence,A+,15,6,20,29,4.6,12,91.6,normale,"État satisfaisant, contrôle qualité OK",5,23,4,True,False,normal,pluvieux
2022-04-17 00:34:20,Centre Médical d'Excellence,A+,30,9,0,21,3.7,9,100.0,normale,"État satisfaisant, contrôle qualité OK",6,0,4,True,False,normal,ensoleillé
2022-04-17 01:11:29,Hôpital Général Douala,A+,13,4,0,9,4.4,31,99.3,critique,"URGENT: Stock critique - État satisfaisant, contrôle qualité OK",6,1,4,True,False,normal,ensoleillé
2022-04-17 05:44:59,Clinique des Spécialités,A+,15,3,22,34,4.8,32,89.7,normale,"État satisfaisant, contrôle qualité OK",6,5,4,True,False,normal,pluvieux
2022-04-17 08:30:18,Hôpital Laquintinie,A+,34,3,0,31,3.8,8,100.0,normale,Urgent: vérifier température stockage,6,8,4,True,False,normal,nuageux
2022-04-17 08:55:21,Hôpital de District Bonassama,A+,34,4,17,47,3.5,7,100.0,normale,Attention: proche expiration,6,8,4,True,False,normal,orageux
2022-04-17 13:58:16,Hôpital Militaire,A+,41,2,23,62,3.9,5,100.0,normale,Hémoglobine dans les normes,6,13,4,True,False,normal,orageux
2022-04-17 14:43:28,Clinique des Spécialités,A+,34,8,15,41,3.5,2,81.3,normale,"État satisfaisant, contrôle qualité OK",6,14,4,True,False,normal,ensoleillé
2022-04-17 16:40:26,Centre Médical d'Excellence,A+,37,2,0,35,3.7,1,65.2,attention,"Bon état général, légère variation température",6,16,4,True,False,normal,pluvieux
2022-04-17 21:02:32,Hôpital Général Douala,A+,25,3,0,22,3.7,12,97.0,normale,"État satisfaisant, contrôle qualité OK",6,21,4,True,False,urgence_médicale,ensoleillé
2022-04-17 22:49:22,Clinique des Spécialités,A+,30,6,19,43,3.7,57,99.9,normale,Attention: proche expiration,6,22,4,True,False,normal,pluvieux
2022-04-18 11:28:46,Clinique des Spécialités,A+,82,7,0,75,4.0,4,84.6,normale,Parfait pour transfusion immédiate,0,11,4,False,False,normal,nuageux
2022-04-18 11:56:08,Hôpital Général Douala,A+,14,5,14,23,4.2,26,100.0,normale,"État satisfaisant, contrôle qualité OK",0,11,4,False,False,normal,pluvieux
2022-04-18 15:15:13,Clinique des Spécialités,A+,53,8,0,45,3.9,30,97.4,normale,Urgent: vérifier température stockage,0,15,4,False,False,normal,pluvieux
2022-04-18 16:08:13,Clinique des Spécialités,A+,51,11,19,59,3.5,32,94.5,normale,"Bon état général, légère variation température",0,16,4,False,False,normal,pluvieux
2022-04-18 22:33:25,Centre Médical d'Excellence,A+,66,10,0,56,3.8,40,100.0,normale,"Bon état général, légère variation température",0,22,4,False,False,normal,ensoleillé
2022-04-19 03:31:40,Hôpital Général Douala,A+,26,4,15,37,3.1,33,100.0,normale,Hémoglobine dans les normes,1,3,4,False,False,normal,ensoleillé
2022-04-19 07:02:18,Clinique des Spécialités,A+,50,8,0,42,4.3,21,95.1,normale,Parfait pour transfusion immédiate,1,7,4,False,False,normal,pluvieux
2022-04-19 09:43:48,Hôpital Général Douala,A+,66,0,0,66,3.8,7,100.0,normale,"État satisfaisant, contrôle qualité OK",1,9,4,False,False,normal,nuageux
2022-04-19 13:55:52,Centre Médical d'Excellence,A+,40,6,0,34,3.4,6,100.0,normale,Attention: proche expiration,1,13,4,False,False,normal,pluvieux
2022-04-19 18:02:02,Hôpital Général Douala,A+,55,4,12,63,3.7,3,83.9,normale,"Bon état général, légère variation température",1,18,4,False,False,normal,ensoleillé
2022-04-20 04:13:52,Centre Médical d'Excellence,A+,29,8,18,39,4.2,55,100.0,normale,Urgent: vérifier température stockage,2,4,4,False,False,normal,ensoleillé
2022-04-20 18:54:24,Centre Médical d'Excellence,A+,27,2,0,25,4.9,5,98.5,normale,"État satisfaisant, contrôle qualité OK",2,18,4,False,False,normal,ensoleillé
2022-04-20 19:06:51,Hôpital Militaire,A+,52,6,21,67,4.2,9,100.0,normale,"Excellent état, conservation parfaite",2,19,4,False,False,normal,ensoleillé
2022-04-21 01:01:00,Centre Médical d'Excellence,A+,16,13,11,14,4.4,12,100.0,faible,Hémoglobine dans les normes,3,1,4,False,False,normal,nuageux
2022-04-21 11:32:19,Hôpital Militaire,A+,49,11,0,38,4.2,37,100.0,normale,Contrôle bactériologique négatif,3,11,4,False,False,normal,pluvieux
2022-04-21 13:46:13,Hôpital Général Douala,A+,48,5,0,43,3.9,26,100.0,normale,"Bon état général, légère variation température",3,13,4,False,False,normal,ensoleillé
2022-04-21 15:33:21,Hôpital Général Douala,A+,41,6,20,55,4.5,15,100.0,normale,Parfait pour transfusion immédiate,3,15,4,False,False,normal,pluvieux
2022-04-21 22:58:27,Hôpital Laquintinie,A+,40,8,0,32,3.9,15,93.3,normale,"État satisfaisant, contrôle qualité OK",3,22,4,False,False,normal,pluvieux
2022-04-21 23:19:10,Centre Médical d'Excellence,A+,21,6,0,15,3.6,7,96.3,faible,Contrôle bactériologique négatif,3,23,4,False,False,normal,ensoleillé
2022-04-22 07:12:47,Hôpital Général Douala,A+,39,7,0,32,4.2,5,99.8,normale,"État satisfaisant, contrôle qualité OK",4,7,4,False,False,normal,nuageux
2022-04-22 17:36:29,Hôpital Laquintinie,A+,68,9,0,59,4.9,24,89.9,normale,Hémoglobine dans les normes,4,17,4,False,False,normal,pluvieux
2022-04-23 02:54:41,Centre Médical d'Excellence,A+,19,4,24,39,3.4,35,94.6,normale,"Bon état général, légère variation température",5,2,4,True,False,normal,orageux
2022-04-23 09:10:45,Hôpital Laquintinie,A+,30,6,0,24,4.4,20,98.1,normale,Hémoglobine dans les normes,5,9,4,True,False,normal,pluvieux
2022-04-23 12:10:07,Hôpital Militaire,A+,36,4,18,50,3.0,9,96.5,normale,Parfait pour transfusion immédiate,5,12,4,True,False,normal,nuageux
2022-04-23 22:09:07,Hôpital Laquintinie,A+,34,0,0,34,5.0,1,62.2,attention,Hémoglobine dans les normes,5,22,4,True,False,normal,pluvieux
2022-04-24 10:33:23,Hôpital de District Bonassama,A+,48,4,0,44,4.5,6,99.9,normale,"Excellent état, conservation parfaite",6,10,4,True,False,normal,ensoleillé
2022-04-24 13:20:52,Hôpital Laquintinie,A+,52,4,0,48,4.3,21,100.0,normale,"Bon état général, légère variation température",6,13,4,True,False,normal,nuageux
2022-04-24 17:37:22,Hôpital Militaire,A+,12,7,0,5,3.9,27,100.0,critique,URGENT: Stock critique - Attention: proche expiration,6,17,4,True,False,normal,nuageux
2022-04-24 18:30:46,Hôpital de District Bonassama,A+,56,7,0,49,4.0,31,87.7,normale,"Bon état général, légère variation température",6,18,4,True,False,normal,orageux
2022-04-24 23:09:31,Clinique des Spécialités,A+,14,6,0,8,3.7,30,100.0,critique,URGENT: Stock critique - Hémoglobine dans les normes,6,23,4,True,False,normal,nuageux
2022-04-25 10:46:40,Clinique des Spécialités,A+,38,6,0,32,3.4,15,97.5,normale,Urgent: vérifier température stockage,0,10,4,False,False,normal,ensoleillé
2022-04-25 11:15:08,Hôpital Laquintinie,A+,48,6,0,42,4.0,5,96.8,normale,"Excellent état, conservation parfaite",0,11,4,False,False,normal,ensoleillé
2022-04-25 14:55:45,Centre Médical d'Excellence,A+,62,7,0,55,4.6,8,100.0,normale,Hémoglobine dans les normes,0,14,4,False,False,normal,pluvieux
2022-04-25 16:54:00,Hôpital Militaire,A+,27,1,0,26,3.5,71,100.0,normale,Urgent: vérifier température stockage,0,16,4,False,False,normal,pluvieux
2022-04-25 17:08:17,Hôpital Laquintinie,A+,51,3,0,48,2.8,22,100.0,normale,"État satisfaisant, contrôle qualité OK",0,17,4,False,False,campagne_don,nuageux
2022-04-25 18:08:31,Hôpital de District Bonassama,A+,60,7,0,53,3.7,59,89.5,normale,"Excellent état, conservation parfaite",0,18,4,False,False,normal,pluvieux
2022-04-25 18:44:19,Hôpital Laquintinie,A+,48,11,0,37,4.6,20,100.0,normale,"État satisfaisant, contrôle qualité OK",0,18,4,False,False,normal,nuageux
2022-04-25 20:39:01,Centre Médical d'Excellence,A+,49,6,21,64,4.4,11,100.0,normale,Parfait pour transfusion immédiate,0,20,4,False,False,normal,ensoleillé
2022-04-25 21:52:48,Hôpital Militaire,A+,48,10,0,38,4.7,16,92.8,normale,Contrôle bactériologique négatif,0,21,4,False,False,normal,ensoleillé
2022-04-25 21:54:43,Clinique des Spécialités,A+,42,10,0,32,3.8,19,93.8,normale,"État satisfaisant, contrôle qualité OK",0,21,4,False,False,normal,ensoleillé
2022-04-25 23:09:04,Centre Médical d'Excellence,A+,27,0,0,27,4.3,8,92.7,normale,Hémoglobine dans les normes,0,23,4,False,False,normal,pluvieux
2022-04-26 04:57:21,Hôpital de District Bonassama,A+,15,6,21,30,3.7,67,100.0,normale,Attention: proche expiration,1,4,4,False,False,normal,ensoleillé
2022-04-26 10:41:25,Hôpital Militaire,A+,22,4,0,18,4.4,14,100.0,faible,Attention: proche expiration,1,10,4,False,False,normal,ensoleillé
2022-04-26 10:43:10,Hôpital Militaire,A+,52,9,16,59,2.8,33,94.9,normale,"Excellent état, conservation parfaite",1,10,4,False,False,normal,orageux
2022-04-26 14:50:41,Centre Médical d'Excellence,A+,50,5,15,60,3.5,2,83.9,normale,"Bon état général, légère variation température",1,14,4,False,False,normal,nuageux
2022-04-26 15:39:01,Hôpital Général Douala,A+,59,5,0,54,3.9,10,100.0,normale,Attention: proche expiration,1,15,4,False,False,normal,pluvieux
2022-04-26 16:27:18,Hôpital Laquintinie,A+,48,7,21,62,3.2,1,67.6,attention,"État satisfaisant, contrôle qualité OK",1,16,4,False,False,normal,pluvieux
2022-04-26 17:21:49,Hôpital Laquintinie,A+,34,7,20,47,3.7,43,99.0,normale,Urgent: vérifier température stockage,1,17,4,False,False,normal,pluvieux
2022-04-26 20:15:17,Hôpital Militaire,A+,23,1,0,22,4.3,2,76.3,normale,"Bon état général, légère variation température",1,20,4,False,False,normal,pluvieux
2022-04-27 04:01:21,Hôpital Général Douala,A+,16,10,0,6,3.9,31,100.0,critique,URGENT: Stock critique - Hémoglobine dans les normes,2,4,4,False,False,normal,orageux
2022-04-27 04:22:25,Hôpital Militaire,A+,23,14,18,27,4.1,24,100.0,normale,Hémoglobine dans les normes,2,4,4,False,False,normal,pluvieux
2022-04-27 09:27:03,Centre Médical d'Excellence,A+,19,5,20,34,4.0,33,100.0,normale,"État satisfaisant, contrôle qualité OK",2,9,4,False,False,normal,nuageux
2022-04-27 11:29:56,Hôpital Militaire,A+,44,7,23,60,3.5,43,100.0,normale,Attention: proche expiration,2,11,4,False,False,normal,pluvieux
2022-04-27 21:00:48,Clinique des Spécialités,A+,66,8,0,58,4.9,2,76.6,normale,"Bon état général, légère variation température",2,21,4,False,False,normal,pluvieux
2022-04-27 22:45:38,Hôpital Laquintinie,A+,70,13,0,57,4.0,14,97.3,normale,Attention: proche expiration,2,22,4,False,False,normal,pluvieux
2022-04-28 00:56:51,Hôpital Laquintinie,A+,31,3,0,28,4.6,6,99.5,normale,Urgent: vérifier température stockage,3,0,4,False,False,normal,ensoleillé
2022-04-28 02:05:21,Hôpital de District Bonassama,A+,17,5,0,12,4.3,59,100.0,faible,Hémoglobine dans les normes,3,2,4,False,False,normal,pluvieux
2022-04-28 04:15:15,Hôpital Laquintinie,A+,19,2,20,37,3.0,2,84.7,normale,Contrôle bactériologique négatif,3,4,4,False,False,normal,ensoleillé
2022-04-28 06:02:59,Hôpital Laquintinie,A+,55,4,0,51,3.7,1,62.4,attention,"État satisfaisant, contrôle qualité OK",3,6,4,False,False,normal,ensoleillé
2022-04-28 20:23:47,Clinique des Spécialités,A+,17,5,21,33,3.2,46,100.0,normale,Contrôle bactériologique négatif,3,20,4,False,False,normal,ensoleillé
2022-04-29 00:41:05,Hôpital Général Douala,A+,28,6,0,22,4.4,4,81.8,normale,Parfait pour transfusion immédiate,4,0,4,False,False,normal,nuageux
2022-04-29 03:26:55,Hôpital Militaire,A+,14,8,0,6,4.4,38,100.0,critique,URGENT: Stock critique - Hémoglobine dans les normes,4,3,4,False,False,normal,pluvieux
2022-04-29 08:50:52,Hôpital de District Bonassama,A+,25,11,0,14,3.7,9,100.0,faible,"Excellent état, conservation parfaite",4,8,4,False,False,normal,ensoleillé
2022-04-29 14:10:11,Hôpital Laquintinie,A+,53,8,0,45,4.3,7,93.6,normale,Hémoglobine dans les normes,4,14,4,False,False,normal,pluvieux
2022-04-29 22:29:45,Hôpital Militaire,A+,64,9,16,71,3.4,4,88.5,normale,Contrôle bactériologique négatif,4,22,4,False,False,normal,pluvieux
2022-04-30 04:17:40,Clinique des Spécialités,A+,23,3,21,41,4.6,20,94.5,normale,Urgent: vérifier température stockage,5,4,4,True,False,normal,ensoleillé
2022-04-30 05:09:50,Centre Médical d'Excellence,A+,15,0,0,15,3.3,17,94.4,faible,Urgent: vérifier température stockage,5,5,4,True,False,normal,ensoleillé
2022-04-30 07:07:26,Hôpital Militaire,A+,38,5,21,54,4.4,58,92.5,normale,"Bon état général, légère variation température",5,7,4,True,False,normal,ensoleillé
2022-04-30 16:13:04,Hôpital de District Bonassama,A+,40,8,0,32,4.0,1,56.1,attention,"Excellent état, conservation parfaite",5,16,4,True,False,normal,pluvieux
2022-04-30 19:45:02,Hôpital Militaire,A+,36,8,14,42,4.1,10,100.0,normale,"Bon état général, légère variation température",5,19,4,True,False,normal,ensoleillé
2022-04-30 19:55:46,Centre Médical d'Excellence,A+,42,6,13,49,3.9,15,100.0,normale,"Bon état général, légère variation température",5,19,4,True,False,normal,ensoleillé
2022-05-01 01:06:44,Hôpital de District Bonassama,A+,17,2,0,15,3.6,9,97.7,faible,"État satisfaisant, contrôle qualité OK",6,1,5,True,False,normal,pluvieux
2022-05-01 05:16:54,Centre Médical d'Excellence,A+,12,4,0,8,3.5,1,58.8,critique,URGENT: Stock critique - Contrôle bactériologique négatif,6,5,5,True,False,normal,ensoleillé
2022-05-01 05:47:14,Hôpital Général Douala,A+,20,6,0,14,3.7,50,94.5,faible,Contrôle bactériologique négatif,6,5,5,True,False,normal,pluvieux
2022-05-01 16:36:37,Hôpital de District Bonassama,A+,29,6,14,37,4.4,4,81.4,normale,"Excellent état, conservation parfaite",6,16,5,True,False,normal,ensoleillé
2022-05-01 22:47:07,Hôpital Laquintinie,A+,43,7,0,36,3.8,35,97.9,normale,Urgent: vérifier température stockage,6,22,5,True,False,normal,pluvieux
2022-05-02 03:53:13,Hôpital Laquintinie,A+,27,13,0,14,3.9,11,97.7,faible,Attention: proche expiration,0,3,5,False,False,normal,ensoleillé
2022-05-02 05:02:37,Hôpital Général Douala,A+,10,3,0,7,4.1,11,97.3,critique,URGENT: Stock critique - Contrôle bactériologique négatif,0,5,5,False,False,normal,pluvieux
2022-05-02 06:02:50,Hôpital Général Douala,A+,39,11,0,28,3.7,1,67.5,attention,Attention: proche expiration,0,6,5,False,False,normal,nuageux
2022-05-02 22:47:24,Clinique des Spécialités,A+,56,2,0,54,4.2,14,94.4,normale,Parfait pour transfusion immédiate,0,22,5,False,False,normal,nuageux
2022-05-03 06:19:17,Hôpital Général Douala,A+,49,4,17,62,2.9,1,52.0,attention,Contrôle bactériologique négatif,1,6,5,False,False,normal,pluvieux
2022-05-03 06:19:59,Clinique des Spécialités,A+,43,7,0,36,4.1,18,97.2,normale,"Bon état général, légère variation température",1,6,5,False,False,normal,pluvieux
2022-05-03 06:58:59,Hôpital Général Douala,A+,35,4,0,31,3.2,1,62.0,attention,Urgent: vérifier température stockage,1,6,5,False,False,normal,pluvieux
2022-05-03 08:06:38,Clinique des Spécialités,A+,43,7,21,57,3.7,8,100.0,normale,Urgent: vérifier température stockage,1,8,5,False,False,normal,nuageux
2022-05-03 10:09:48,Hôpital Militaire,A+,35,9,0,26,3.9,5,100.0,normale,Parfait pour transfusion immédiate,1,10,5,False,False,normal,ensoleillé
2022-05-03 16:52:44,Hôpital Militaire,A+,46,6,0,40,3.6,3,80.6,normale,Parfait pour transfusion immédiate,1,16,5,False,False,normal,nuageux
2022-05-03 17:01:34,Centre Médical d'Excellence,A+,44,6,0,38,4.4,1,63.4,attention,"État satisfaisant, contrôle qualité OK",1,17,5,False,False,normal,orageux
2022-05-03 18:13:36,Hôpital Militaire,A+,46,7,0,39,3.8,6,100.0,normale,"État satisfaisant, contrôle qualité OK",1,18,5,False,False,normal,ensoleillé
2022-05-03 18:49:59,Hôpital de District Bonassama,A+,61,7,0,54,4.0,1,58.2,attention,"Bon état général, légère variation température",1,18,5,False,False,normal,pluvieux
2022-05-03 20:37:22,Hôpital de District Bonassama,A+,26,8,0,18,4.0,22,100.0,faible,Parfait pour transfusion immédiate,1,20,5,False,False,normal,nuageux
2022-05-04 11:27:40,Centre Médical d'Excellence,A+,56,5,0,51,4.2,6,100.0,normale,"État satisfaisant, contrôle qualité OK",2,11,5,False,False,normal,ensoleillé
2022-05-04 15:39:46,Clinique des Spécialités,A+,54,8,0,46,4.0,17,100.0,normale,Hémoglobine dans les normes,2,15,5,False,False,normal,nuageux
2022-05-04 16:07:15,Hôpital Laquintinie,A+,70,7,0,63,4.9,20,100.0,normale,"Excellent état, conservation parfaite",2,16,5,False,False,normal,pluvieux
2022-05-04 18:21:28,Hôpital de District Bonassama,A+,48,11,0,37,4.2,8,98.4,normale,Urgent: vérifier température stockage,2,18,5,False,False,normal,ensoleillé
2022-05-04 18:52:52,Centre Médical d'Excellence,A+,44,10,0,34,4.3,2,86.1,normale,"Bon état général, légère variation température",2,18,5,False,False,normal,pluvieux
2022-05-05 00:15:55,Hôpital Laquintinie,A+,24,7,15,32,4.0,4,81.3,normale,"Bon état général, légère variation température",3,0,5,False,False,normal,nuageux
2022-05-05 01:01:02,Hôpital Militaire,A+,26,11,26,41,4.0,13,100.0,normale,Contrôle bactériologique négatif,3,1,5,False,False,normal,ensoleillé
2022-05-05 04:44:45,Hôpital Militaire,A+,15,4,0,11,4.3,17,97.5,faible,Parfait pour transfusion immédiate,3,4,5,False,False,normal,ensoleillé
2022-05-05 06:16:50,Hôpital Militaire,A+,51,0,0,51,4.5,7,100.0,normale,Urgent: vérifier température stockage,3,6,5,False,False,normal,nuageux
2022-05-05 13:01:04,Hôpital Militaire,A+,49,7,15,57,4.8,7,100.0,normale,Attention: proche expiration,3,13,5,False,False,normal,ensoleillé
2022-05-05 23:55:52,Hôpital de District Bonassama,A+,22,8,0,14,4.5,12,95.0,faible,"État satisfaisant, contrôle qualité OK",3,23,5,False,False,normal,pluvieux
2022-05-06 00:03:11,Hôpital de District Bonassama,A+,24,10,0,14,4.0,13,100.0,faible,Hémoglobine dans les normes,4,0,5,False,False,normal,pluvieux
2022-05-06 00:24:24,Centre Médical d'Excellence,A+,26,3,0,23,3.0,16,94.4,normale,"Bon état général, légère variation température",4,0,5,False,False,normal,orageux
2022-05-06 05:50:53,Hôpital Général Douala,A+,21,13,0,8,3.4,22,100.0,critique,URGENT: Stock critique - Contrôle bactériologique négatif,4,5,5,False,False,normal,ensoleillé
2022-05-06 12:06:22,Hôpital Laquintinie,A+,33,5,0,28,4.0,16,100.0,normale,Urgent: vérifier température stockage,4,12,5,False,False,normal,orageux
2022-05-06 16:13:24,Centre Médical d'Excellence,A+,44,4,19,59,3.6,10,97.0,normale,Attention: proche expiration,4,16,5,False,False,urgence_médicale,pluvieux
2022-05-06 20:58:59,Centre Médical d'Excellence,A+,63,10,0,53,3.6,11,100.0,normale,"Excellent état, conservation parfaite",4,20,5,False,False,normal,pluvieux
2022-05-07 00:30:26,Hôpital Militaire,A+,8,7,0,1,3.8,4,90.1,critique,"URGENT: Stock critique - État satisfaisant, contrôle qualité OK",5,0,5,True,False,normal,pluvieux
2022-05-07 05:15:08,Hôpital Militaire,A+,32,1,30,61,4.3,10,100.0,normale,Contrôle bactériologique négatif,5,5,5,True,False,normal,ensoleillé
2022-05-07 08:08:13,Hôpital Militaire,A+,48,7,0,41,4.2,7,100.0,normale,"Excellent état, conservation parfaite",5,8,5,True,False,normal,ensoleillé
2022-05-07 15:05:00,Hôpital Général Douala,A+,44,6,0,38,3.6,16,94.7,normale,"État satisfaisant, contrôle qualité OK",5,15,5,True,False,normal,nuageux
2022-05-07 20:17:51,Hôpital Laquintinie,A+,28,6,0,22,4.6,2,83.5,normale,"État satisfaisant, contrôle qualité OK",5,20,5,True,False,normal,nuageux
2022-05-07 20:54:48,Hôpital Militaire,A+,26,7,0,19,3.9,27,100.0,faible,Attention: proche expiration,5,20,5,True,False,normal,ensoleillé
2022-05-07 22:02:35,Hôpital Laquintinie,A+,24,7,0,17,4.0,2,81.2,faible,"Bon état général, légère variation température",5,22,5,True,False,normal,ensoleillé
2022-05-08 05:11:57,Hôpital Militaire,A+,7,3,0,4,4.1,10,100.0,critique,"URGENT: Stock critique - État satisfaisant, contrôle qualité OK",6,5,5,True,False,normal,nuageux
2022-05-08 06:03:41,Hôpital de District Bonassama,A+,31,4,26,53,4.4,8,100.0,normale,"Bon état général, légère variation température",6,6,5,True,False,normal,ensoleillé
2022-05-08 09:04:12,Centre Médical d'Excellence,A+,47,1,0,46,3.4,1,56.9,attention,"Bon état général, légère variation température",6,9,5,True,False,normal,orageux
2022-05-08 21:03:30,Centre Médical d'Excellence,A+,43,7,20,56,4.0,14,100.0,normale,Hémoglobine dans les normes,6,21,5,True,False,normal,pluvieux
2022-05-09 01:39:04,Hôpital Laquintinie,A+,14,3,0,11,4.3,8,100.0,faible,Hémoglobine dans les normes,0,1,5,False,False,normal,pluvieux
2022-05-09 04:39:24,Hôpital Militaire,A+,25,6,0,19,3.5,5,97.3,faible,Urgent: vérifier température stockage,0,4,5,False,False,campagne_don,ensoleillé
2022-05-09 06:11:22,Hôpital Militaire,A+,51,9,0,42,3.8,35,100.0,normale,Contrôle bactériologique négatif,0,6,5,False,False,normal,pluvieux
2022-05-09 13:36:40,Hôpital Général Douala,A+,46,15,13,44,4.7,1,60.3,attention,Hémoglobine dans les normes,0,13,5,False,False,normal,pluvieux
2022-05-09 22:07:17,Hôpital Général Douala,A+,60,7,0,53,3.6,32,100.0,normale,"Bon état général, légère variation température",0,22,5,False,False,normal,nuageux
2022-05-10 04:15:49,Centre Médical d'Excellence,A+,18,4,21,35,4.9,5,99.6,normale,Attention: proche expiration,1,4,5,False,False,normal,pluvieux
2022-05-10 05:13:56,Clinique des Spécialités,A+,11,6,0,5,4.7,21,92.6,critique,"URGENT: Stock critique - Excellent état, conservation parfaite",1,5,5,False,False,normal,nuageux
2022-05-10 20:58:18,Hôpital de District Bonassama,A+,50,4,0,46,4.1,1,56.2,attention,"Bon état général, légère variation température",1,20,5,False,False,normal,pluvieux
2022-05-10 21:49:51,Hôpital Militaire,A+,82,11,25,96,4.1,16,94.9,normale,Contrôle bactériologique négatif,1,21,5,False,False,normal,ensoleillé
2022-05-10 22:23:09,Hôpital de District Bonassama,A+,54,8,0,46,4.4,17,100.0,normale,"État satisfaisant, contrôle qualité OK",1,22,5,False,False,normal,ensoleillé
2022-05-11 06:33:32,Centre Médical d'Excellence,A+,57,10,0,47,3.7,6,100.0,normale,Attention: proche expiration,2,6,5,False,False,normal,ensoleillé
2022-05-11 14:13:15,Centre Médical d'Excellence,A+,25,7,0,18,4.3,10,98.2,faible,"Bon état général, légère variation température",2,14,5,False,False,normal,nuageux
2022-05-12 01:13:43,Hôpital Général Douala,A+,44,3,13,54,4.2,16,90.3,normale,"Excellent état, conservation parfaite",3,1,5,False,False,normal,pluvieux
2022-05-12 11:20:29,Hôpital Militaire,A+,45,2,0,43,4.4,24,97.8,normale,Contrôle bactériologique négatif,3,11,5,False,False,normal,nuageux
2022-05-12 15:44:29,Hôpital de District Bonassama,A+,54,15,0,39,3.3,19,100.0,normale,Parfait pour transfusion immédiate,3,15,5,False,False,normal,pluvieux
2022-05-12 17:15:17,Hôpital Laquintinie,A+,76,13,0,63,4.0,2,89.3,normale,Parfait pour transfusion immédiate,3,17,5,False,False,normal,pluvieux
2022-05-13 10:34:30,Clinique des Spécialités,A+,62,10,0,52,4.1,26,100.0,normale,Hémoglobine dans les normes,4,10,5,False,False,normal,ensoleillé
2022-05-13 11:35:43,Hôpital Général Douala,A+,55,2,0,53,3.5,11,96.4,normale,"Excellent état, conservation parfaite",4,11,5,False,False,normal,ensoleillé
2022-05-13 12:21:48,Hôpital de District Bonassama,A+,48,12,0,36,3.4,5,100.0,normale,"État satisfaisant, contrôle qualité OK",4,12,5,False,False,normal,ensoleillé
2022-05-14 00:47:49,Hôpital Laquintinie,A+,14,4,0,10,3.5,9,100.0,faible,Parfait pour transfusion immédiate,5,0,5,True,False,normal,ensoleillé
2022-05-14 02:49:17,Hôpital Général Douala,A+,12,5,0,7,3.5,23,100.0,critique,"URGENT: Stock critique - Excellent état, conservation parfaite",5,2,5,True,False,normal,pluvieux
2022-05-14 18:02:08,Hôpital Laquintinie,A+,43,5,0,38,4.2,2,85.4,normale,"État satisfaisant, contrôle qualité OK",5,18,5,True,False,normal,pluvieux
2022-05-16 00:07:09,Centre Médical d'Excellence,A+,8,8,0,0,4.3,9,100.0,critique,"URGENT: Stock critique - État satisfaisant, contrôle qualité OK",0,0,5,False,False,normal,ensoleillé
2022-05-16 04:06:17,Hôpital Général Douala,A+,17,7,0,10,3.2,6,99.1,faible,"Bon état général, légère variation température",0,4,5,False,False,normal,pluvieux
2022-05-16 05:17:29,Hôpital de District Bonassama,A+,25,10,0,15,4.4,14,88.3,faible,"Bon état général, légère variation température",0,5,5,False,False,normal,orageux
2022-05-16 08:11:04,Hôpital Général Douala,A+,55,7,0,48,2.7,13,97.5,normale,"État satisfaisant, contrôle qualité OK",0,8,5,False,False,normal,ensoleillé
2022-05-16 12:51:43,Hôpital Militaire,A+,19,8,0,11,4.2,2,84.8,faible,Contrôle bactériologique négatif,0,12,5,False,False,normal,pluvieux
2022-05-16 13:49:40,Hôpital de District Bonassama,A+,34,7,16,43,4.0,14,96.3,normale,"État satisfaisant, contrôle qualité OK",0,13,5,False,False,normal,ensoleillé
2022-05-16 22:28:26,Centre Médical d'Excellence,A+,55,7,12,60,4.0,17,100.0,normale,Parfait pour transfusion immédiate,0,22,5,False,False,normal,pluvieux
2022-05-16 22:53:05,Centre Médical d'Excellence,A+,39,7,0,32,5.0,42,100.0,normale,Contrôle bactériologique négatif,0,22,5,False,False,normal,nuageux
2022-05-17 04:56:06,Hôpital Laquintinie,A+,31,4,0,27,3.0,15,100.0,normale,Urgent: vérifier température stockage,1,4,5,False,False,normal,ensoleillé
2022-05-17 05:40:52,Centre Médical d'Excellence,A+,20,10,0,10,4.2,18,97.3,faible,"État satisfaisant, contrôle qualité OK",1,5,5,False,False,normal,ensoleillé
2022-05-17 07:27:44,Hôpital Militaire,A+,39,11,0,28,3.6,10,100.0,normale,"Excellent état, conservation parfaite",1,7,5,False,False,normal,pluvieux
2022-05-17 08:36:55,Centre Médical d'Excellence,A+,39,7,20,52,3.7,6,99.6,normale,Urgent: vérifier température stockage,1,8,5,False,False,normal,orageux
2022-05-17 10:10:05,Hôpital Militaire,A+,58,8,0,50,4.0,9,100.0,normale,"État satisfaisant, contrôle qualité OK",1,10,5,False,False,normal,ensoleillé
2022-05-17 12:35:35,Hôpital Laquintinie,A+,18,8,0,10,3.5,79,100.0,faible,"Bon état général, légère variation température",1,12,5,False,False,normal,ensoleillé
2022-05-17 12:56:20,Hôpital Militaire,A+,55,3,25,77,3.8,37,100.0,normale,Attention: proche expiration,1,12,5,False,False,normal,pluvieux
2022-05-17 14:45:55,Centre Médical d'Excellence,A+,49,10,0,39,4.2,69,99.8,normale,"Excellent état, conservation parfaite",1,14,5,False,False,normal,pluvieux
2022-05-17 16:36:08,Hôpital Militaire,A+,65,11,14,68,4.9,1,63.4,attention,Urgent: vérifier température stockage,1,16,5,False,False,normal,pluvieux
2022-05-18 08:14:35,Hôpital Laquintinie,A+,57,10,0,47,4.1,14,94.3,normale,Urgent: vérifier température stockage,2,8,5,False,False,normal,ensoleillé
2022-05-18 14:14:35,Hôpital Militaire,A+,56,4,0,52,3.7,13,100.0,normale,"État satisfaisant, contrôle qualité OK",2,14,5,False,False,normal,ensoleillé
2022-05-18 15:17:34,Hôpital Militaire,A+,42,12,0,30,4.3,26,100.0,normale,"Bon état général, légère variation température",2,15,5,False,False,normal,ensoleillé
2022-05-18 19:20:05,Hôpital Militaire,A+,61,9,23,75,3.1,1,68.8,attention,"État satisfaisant, contrôle qualité OK",2,19,5,False,False,normal,pluvieux
2022-05-18 19:23:21,Clinique des Spécialités,A+,40,6,22,56,4.3,9,98.5,normale,Parfait pour transfusion immédiate,2,19,5,False,False,normal,orageux
2022-05-18 20:05:30,Hôpital Militaire,A+,28,7,0,21,3.5,4,90.0,normale,Contrôle bactériologique négatif,2,20,5,False,False,normal,pluvieux
2022-05-19 00:43:21,Clinique des Spécialités,A+,21,4,0,17,3.4,3,88.5,faible,Attention: proche expiration,3,0,5,False,False,normal,ensoleillé
2022-05-19 02:40:08,Hôpital Général Douala,A+,5,4,0,1,4.7,18,98.3,critique,URGENT: Stock critique - Hémoglobine dans les normes,3,2,5,False,False,normal,pluvieux
2022-05-19 10:47:27,Hôpital Laquintinie,A+,52,2,19,69,4.5,12,95.4,normale,"Bon état général, légère variation température",3,10,5,False,False,normal,ensoleillé
2022-05-19 14:24:11,Hôpital Laquintinie,A+,49,2,0,47,3.2,24,96.8,normale,Parfait pour transfusion immédiate,3,14,5,False,False,normal,pluvieux
2022-05-19 16:44:43,Hôpital Laquintinie,A+,39,8,0,31,4.0,7,100.0,normale,"Excellent état, conservation parfaite",3,16,5,False,False,normal,ensoleillé
2022-05-19 18:04:06,Centre Médical d'Excellence,A+,61,7,28,82,4.9,9,91.6,normale,"État satisfaisant, contrôle qualité OK",3,18,5,False,False,épidémie,orageux
2022-05-19 18:18:44,Hôpital de District Bonassama,A+,50,7,0,43,3.7,24,93.8,normale,Urgent: vérifier température stockage,3,18,5,False,False,normal,pluvieux
2022-05-19 19:34:29,Hôpital Laquintinie,A+,51,10,0,41,3.4,22,100.0,normale,Attention: proche expiration,3,19,5,False,False,normal,ensoleillé
2022-05-19 21:17:38,Hôpital Militaire,A+,48,6,25,67,5.3,2,88.2,normale,Contrôle bactériologique négatif,3,21,5,False,False,normal,orageux
2022-05-20 02:35:08,Centre Médical d'Excellence,A+,20,8,23,35,4.1,3,78.0,normale,Parfait pour transfusion immédiate,4,2,5,False,False,normal,pluvieux
2022-05-20 15:10:53,Centre Médical d'Excellence,A+,61,8,0,53,3.1,8,92.1,normale,Urgent: vérifier température stockage,4,15,5,False,False,normal,pluvieux
2022-05-20 15:39:57,Hôpital Militaire,A+,38,9,0,29,4.6,34,100.0,normale,Hémoglobine dans les normes,4,15,5,False,False,accident_route,nuageux
2022-05-21 11:15:39,Hôpital de District Bonassama,A+,53,5,0,48,4.3,3,88.4,normale,Attention: proche expiration,5,11,5,True,False,normal,orageux
2022-05-21 16:37:01,Clinique des Spécialités,A+,51,6,17,62,3.5,2,90.3,normale,"Bon état général, légère variation température",5,16,5,True,False,normal,pluvieux
2022-05-21 18:56:30,Centre Médical d'Excellence,A+,43,2,0,41,4.0,1,59.9,attention,Urgent: vérifier température stockage,5,18,5,True,False,normal,ensoleillé
2022-05-21 20:45:28,Centre Médical d'Excellence,A+,27,6,0,21,3.5,3,85.8,normale,Attention: proche expiration,5,20,5,True,False,normal,pluvieux
2022-05-21 21:38:40,Hôpital Laquintinie,A+,37,4,0,33,4.6,1,59.3,attention,"État satisfaisant, contrôle qualité OK",5,21,5,True,False,normal,pluvieux
2022-05-21 23:12:10,Hôpital Militaire,A+,22,3,0,19,3.6,5,91.7,faible,Contrôle bactériologique négatif,5,23,5,True,False,normal,pluvieux
2022-05-22 01:20:20,Hôpital Laquintinie,A+,17,7,0,10,4.3,10,100.0,faible,"Excellent état, conservation parfaite",6,1,5,True,False,épidémie,ensoleillé
2022-05-22 03:40:28,Hôpital Militaire,A+,12,6,19,25,4.3,16,100.0,normale,"État satisfaisant, contrôle qualité OK",6,3,5,True,False,normal,ensoleillé
2022-05-22 05:44:26,Hôpital de District Bonassama,A+,15,5,0,10,3.8,9,98.9,faible,"État satisfaisant, contrôle qualité OK",6,5,5,True,False,normal,pluvieux
2022-05-22 10:14:59,Hôpital Laquintinie,A+,32,7,0,25,4.0,19,100.0,normale,"État satisfaisant, contrôle qualité OK",6,10,5,True,False,normal,ensoleillé
2022-05-23 04:11:49,Hôpital de District Bonassama,A+,14,11,0,3,3.8,2,81.5,critique,URGENT: Stock critique - Parfait pour transfusion immédiate,0,4,5,False,False,normal,ensoleillé
2022-05-23 19:45:09,Hôpital Laquintinie,A+,43,10,0,33,3.9,51,100.0,normale,Hémoglobine dans les normes,0,19,5,False,False,normal,nuageux
2022-05-24 00:31:45,Centre Médical d'Excellence,A+,16,7,0,9,5.0,1,63.5,critique,URGENT: Stock critique - Parfait pour transfusion immédiate,1,0,5,False,False,normal,ensoleillé
2022-05-24 04:47:16,Clinique des Spécialités,A+,28,11,0,17,3.8,24,95.2,faible,Hémoglobine dans les normes,1,4,5,False,False,normal,pluvieux
2022-05-24 14:26:08,Hôpital Général Douala,A+,41,7,0,34,3.8,46,90.0,normale,Contrôle bactériologique négatif,1,14,5,False,False,normal,ensoleillé
2022-05-24 15:38:18,Hôpital Laquintinie,A+,47,8,0,39,4.0,16,93.1,normale,Urgent: vérifier température stockage,1,15,5,False,False,normal,ensoleillé
2022-05-24 18:59:40,Hôpital Laquintinie,A+,46,3,0,43,4.6,10,95.1,normale,"Excellent état, conservation parfaite",1,18,5,False,False,normal,ensoleillé
2022-05-24 19:26:35,Clinique des Spécialités,A+,45,9,0,36,4.4,49,100.0,normale,"État satisfaisant, contrôle qualité OK",1,19,5,False,False,épidémie,pluvieux
2022-05-25 06:41:59,Hôpital de District Bonassama,A+,75,10,28,93,3.6,7,100.0,normale,Hémoglobine dans les normes,2,6,5,False,False,normal,pluvieux
2022-05-25 07:23:45,Hôpital Militaire,A+,55,9,24,70,3.4,6,100.0,normale,"Excellent état, conservation parfaite",2,7,5,False,False,normal,pluvieux
2022-05-25 08:01:42,Hôpital Laquintinie,A+,38,9,0,29,4.5,9,100.0,normale,"Excellent état, conservation parfaite",2,8,5,False,False,normal,pluvieux
2022-05-25 10:07:40,Hôpital Militaire,A+,33,4,0,29,3.7,26,100.0,normale,Urgent: vérifier température stockage,2,10,5,False,False,normal,pluvieux
2022-05-25 15:00:08,Hôpital Militaire,A+,29,11,0,18,4.5,2,87.1,faible,Parfait pour transfusion immédiate,2,15,5,False,False,normal,nuageux
2022-05-25 21:20:16,Clinique des Spécialités,A+,56,8,17,65,3.5,12,100.0,normale,"Bon état général, légère variation température",2,21,5,False,False,normal,ensoleillé
2022-05-26 02:31:31,Hôpital Général Douala,A+,16,11,0,5,4.3,14,100.0,critique,"URGENT: Stock critique - Bon état général, légère variation température",3,2,5,False,False,normal,pluvieux
2022-05-26 05:11:02,Hôpital Général Douala,A+,41,10,32,63,4.0,28,100.0,normale,Attention: proche expiration,3,5,5,False,False,normal,nuageux
2022-05-26 05:29:45,Hôpital Général Douala,A+,28,8,0,20,4.1,23,100.0,normale,"Excellent état, conservation parfaite",3,5,5,False,False,campagne_don,pluvieux
2022-05-26 07:46:13,Hôpital Militaire,A+,61,12,13,62,4.2,2,82.2,normale,Parfait pour transfusion immédiate,3,7,5,False,False,normal,ensoleillé
2022-05-26 11:47:03,Centre Médical d'Excellence,A+,48,8,18,58,4.6,18,99.2,normale,"État satisfaisant, contrôle qualité OK",3,11,5,False,False,normal,orageux
2022-05-26 16:47:31,Hôpital Laquintinie,A+,33,6,24,51,3.1,2,87.3,normale,"Bon état général, légère variation température",3,16,5,False,False,normal,ensoleillé
2022-05-26 23:20:10,Clinique des Spécialités,A+,21,3,0,18,4.4,23,98.3,faible,Hémoglobine dans les normes,3,23,5,False,False,normal,ensoleillé
2022-05-27 04:48:09,Hôpital Général Douala,A+,39,3,24,60,4.9,33,100.0,normale,Attention: proche expiration,4,4,5,False,False,normal,nuageux
2022-05-27 07:09:54,Hôpital Laquintinie,A+,45,6,17,56,4.2,14,100.0,normale,Parfait pour transfusion immédiate,4,7,5,False,False,normal,nuageux
2022-05-27 08:20:36,Centre Médical d'Excellence,A+,58,7,0,51,5.0,30,100.0,normale,Urgent: vérifier température stockage,4,8,5,False,False,normal,nuageux
2022-05-27 09:31:48,Hôpital Militaire,A+,25,6,21,40,4.2,3,81.8,normale,"Excellent état, conservation parfaite",4,9,5,False,False,normal,ensoleillé
2022-05-27 11:13:04,Hôpital Militaire,A+,44,7,0,37,4.7,1,54.9,attention,Urgent: vérifier température stockage,4,11,5,False,False,normal,pluvieux
2022-05-27 15:12:25,Hôpital Militaire,A+,67,12,21,76,2.9,10,98.2,normale,Contrôle bactériologique négatif,4,15,5,False,False,épidémie,ensoleillé
2022-05-28 10:17:16,Clinique des Spécialités,A+,55,4,0,51,3.9,42,95.8,normale,Hémoglobine dans les normes,5,10,5,True,False,normal,pluvieux
2022-05-28 13:33:47,Clinique des Spécialités,A+,33,5,0,28,4.7,15,94.2,normale,Hémoglobine dans les normes,5,13,5,True,False,campagne_don,nuageux
2022-05-28 15:19:30,Clinique des Spécialités,A+,27,2,0,25,3.8,3,91.2,normale,"État satisfaisant, contrôle qualité OK",5,15,5,True,False,normal,ensoleillé
2022-05-28 16:19:01,Hôpital de District Bonassama,A+,36,5,0,31,4.8,17,97.9,normale,"État satisfaisant, contrôle qualité OK",5,16,5,True,False,normal,ensoleillé
2022-05-28 16:58:44,Clinique des Spécialités,A+,39,4,0,35,3.6,1,67.2,attention,Contrôle bactériologique négatif,5,16,5,True,False,normal,orageux
2022-05-28 17:45:03,Hôpital Militaire,A+,30,2,0,28,4.1,40,100.0,normale,"État satisfaisant, contrôle qualité OK",5,17,5,True,False,normal,ensoleillé
2022-05-29 00:38:44,Hôpital Laquintinie,A+,15,2,14,27,3.0,9,96.7,normale,Hémoglobine dans les normes,6,0,5,True,False,normal,ensoleillé
2022-05-29 04:28:39,Clinique des Spécialités,A+,13,6,0,7,4.1,20,100.0,critique,"URGENT: Stock critique - Excellent état, conservation parfaite",6,4,5,True,False,normal,nuageux
2022-05-29 08:33:25,Hôpital de District Bonassama,A+,30,6,0,24,4.2,4,77.8,normale,"Bon état général, légère variation température",6,8,5,True,False,normal,ensoleillé
2022-05-29 19:59:35,Centre Médical d'Excellence,A+,19,7,23,35,3.5,3,85.8,normale,"État satisfaisant, contrôle qualité OK",6,19,5,True,False,normal,ensoleillé
2022-05-30 00:09:30,Centre Médical d'Excellence,A+,25,10,23,38,3.5,3,79.8,normale,Parfait pour transfusion immédiate,0,0,5,False,False,normal,orageux
2022-05-30 01:19:43,Hôpital Militaire,A+,30,4,0,26,5.1,1,51.0,attention,Parfait pour transfusion immédiate,0,1,5,False,False,normal,pluvieux
2022-05-30 01:52:22,Hôpital Général Douala,A+,15,7,0,8,4.2,1,48.6,critique,URGENT: Stock critique - Contrôle bactériologique négatif,0,1,5,False,False,normal,ensoleillé
2022-05-30 06:43:26,Hôpital Militaire,A+,67,10,17,74,4.2,2,75.1,normale,Parfait pour transfusion immédiate,0,6,5,False,False,normal,ensoleillé
2022-05-30 08:03:49,Hôpital Militaire,A+,62,6,0,56,4.0,21,97.2,normale,Hémoglobine dans les normes,0,8,5,False,False,normal,orageux
2022-05-30 13:18:39,Hôpital de District Bonassama,A+,38,12,0,26,3.7,12,94.9,normale,Attention: proche expiration,0,13,5,False,False,normal,pluvieux
2022-05-30 17:22:15,Hôpital Général Douala,A+,64,6,0,58,3.9,87,95.1,normale,"Bon état général, légère variation température",0,17,5,False,False,normal,ensoleillé
2022-05-30 18:15:53,Clinique des Spécialités,A+,61,11,0,50,4.0,71,100.0,normale,Parfait pour transfusion immédiate,0,18,5,False,False,normal,orageux
2022-05-30 21:08:02,Hôpital Général Douala,A+,41,3,0,38,4.4,12,99.5,normale,Hémoglobine dans les normes,0,21,5,False,False,normal,pluvieux
2022-05-30 23:15:48,Centre Médical d'Excellence,A+,13,2,0,11,4.0,15,100.0,faible,Urgent: vérifier température stockage,0,23,5,False,False,normal,nuageux
2022-05-31 02:37:27,Centre Médical d'Excellence,A+,24,8,0,16,4.0,1,62.2,faible,"État satisfaisant, contrôle qualité OK",1,2,5,False,False,normal,nuageux
2022-05-31 07:03:31,Hôpital de District Bonassama,A+,38,8,0,30,3.8,29,98.7,normale,Hémoglobine dans les normes,1,7,5,False,False,normal,ensoleillé
2022-05-31 11:11:01,Hôpital de District Bonassama,A+,76,10,0,66,4.6,27,98.1,normale,Attention: proche expiration,1,11,5,False,False,normal,nuageux
2022-05-31 14:37:37,Hôpital Laquintinie,A+,56,7,0,49,4.0,20,99.8,normale,Contrôle bactériologique négatif,1,14,5,False,False,normal,ensoleillé
2022-05-31 16:42:45,Hôpital Militaire,A+,64,11,0,53,4.8,13,100.0,normale,"Excellent état, conservation parfaite",1,16,5,False,False,normal,nuageux
2022-05-31 16:43:25,Hôpital de District Bonassama,A+,58,12,21,67,3.9,10,100.0,normale,"État satisfaisant, contrôle qualité OK",1,16,5,False,False,normal,pluvieux
2022-06-01 00:48:41,Hôpital Général Douala,A+,28,8,0,20,4.5,2,85.5,normale,Hémoglobine dans les normes,2,0,6,False,False,normal,nuageux
2022-06-01 02:33:33,Hôpital de District Bonassama,A+,11,1,24,34,4.0,13,100.0,normale,"État satisfaisant, contrôle qualité OK",2,2,6,False,False,normal,ensoleillé
2022-06-01 04:38:16,Hôpital de District Bonassama,A+,19,5,0,14,4.4,11,99.4,faible,"Bon état général, légère variation température",2,4,6,False,False,normal,pluvieux
2022-06-01 06:20:16,Hôpital Général Douala,A+,39,3,0,36,3.5,7,100.0,normale,Hémoglobine dans les normes,2,6,6,False,False,normal,orageux
2022-06-01 13:51:17,Hôpital Militaire,A+,30,4,0,26,3.8,1,64.3,attention,"État satisfaisant, contrôle qualité OK",2,13,6,False,False,normal,nuageux
2022-06-02 00:24:16,Clinique des Spécialités,A+,30,8,22,44,4.7,20,96.1,normale,"Bon état général, légère variation température",3,0,6,False,False,normal,ensoleillé
2022-06-02 06:52:59,Hôpital Militaire,A+,6,13,24,24,3.5,3,85.8,normale,Parfait pour transfusion immédiate,3,6,6,False,False,normal,ensoleillé
2022-06-03 06:23:38,Hôpital Laquintinie,A+,70,5,0,65,4.2,5,94.2,normale,"État satisfaisant, contrôle qualité OK",4,6,6,False,False,normal,ensoleillé
2022-06-03 14:20:00,Hôpital Militaire,A+,36,6,0,30,4.6,15,100.0,normale,"Excellent état, conservation parfaite",4,14,6,False,False,normal,nuageux
2022-06-04 07:02:31,Hôpital Militaire,A+,53,4,20,69,4.3,38,92.9,normale,Parfait pour transfusion immédiate,5,7,6,True,False,normal,ensoleillé
2022-06-04 08:28:37,Centre Médical d'Excellence,A+,2,6,0,0,4.6,7,98.4,critique,"URGENT: Stock critique - État satisfaisant, contrôle qualité OK",5,8,6,True,False,normal,pluvieux
2022-06-04 08:59:40,Clinique des Spécialités,A+,51,4,16,63,3.4,13,100.0,normale,"Excellent état, conservation parfaite",5,8,6,True,False,normal,ensoleillé
2022-06-04 12:50:52,Hôpital de District Bonassama,A+,27,6,22,43,3.9,8,83.5,normale,Urgent: vérifier température stockage,5,12,6,True,False,normal,nuageux
2022-06-04 15:40:30,Hôpital Laquintinie,A+,57,6,17,68,3.5,6,94.0,normale,"Excellent état, conservation parfaite",5,15,6,True,False,campagne_don,ensoleillé
2022-06-04 16:58:55,Hôpital Laquintinie,A+,9,6,0,3,3.0,14,100.0,critique,URGENT: Stock critique - Urgent: vérifier température stockage,5,16,6,True,False,normal,ensoleillé
2022-06-04 17:40:26,Hôpital Militaire,A+,19,7,0,12,4.0,12,98.3,faible,Urgent: vérifier température stockage,5,17,6,True,False,normal,pluvieux
2022-06-05 02:03:14,Clinique des Spécialités,A+,25,6,0,19,4.2,1,63.9,faible,Urgent: vérifier température stockage,6,2,6,True,False,normal,ensoleillé
2022-06-05 02:12:29,Hôpital Militaire,A+,12,2,0,10,3.1,23,100.0,faible,Attention: proche expiration,6,2,6,True,False,normal,ensoleillé
2022-06-05 02:24:07,Hôpital Général Douala,A+,22,7,0,15,3.6,11,100.0,faible,"Excellent état, conservation parfaite",6,2,6,True,False,normal,nuageux
2022-06-05 03:35:54,Hôpital de District Bonassama,A+,16,5,0,11,3.9,1,48.5,faible,Urgent: vérifier température stockage,6,3,6,True,False,normal,nuageux
2022-06-05 09:42:19,Hôpital de District Bonassama,A+,30,7,0,23,4.2,34,98.4,normale,"Excellent état, conservation parfaite",6,9,6,True,False,normal,nuageux
2022-06-05 11:35:41,Hôpital de District Bonassama,A+,45,1,0,44,3.9,13,100.0,normale,"Bon état général, légère variation température",6,11,6,True,False,normal,pluvieux
2022-06-05 20:46:53,Hôpital Général Douala,A+,31,5,0,26,4.5,9,99.3,normale,"État satisfaisant, contrôle qualité OK",6,20,6,True,False,normal,pluvieux
2022-06-06 00:50:38,Hôpital de District Bonassama,A+,16,4,0,12,4.1,53,100.0,faible,Hémoglobine dans les normes,0,0,6,False,False,normal,pluvieux
2022-06-06 11:34:05,Hôpital Militaire,A+,51,3,27,75,4.2,8,100.0,normale,Contrôle bactériologique négatif,0,11,6,False,False,normal,ensoleillé
2022-06-06 17:03:12,Clinique des Spécialités,A+,70,6,0,64,4.8,10,96.3,normale,"État satisfaisant, contrôle qualité OK",0,17,6,False,False,normal,ensoleillé
2022-06-06 20:02:53,Hôpital de District Bonassama,A+,28,8,0,20,4.0,10,96.2,normale,Parfait pour transfusion immédiate,0,20,6,False,False,normal,ensoleillé
2022-06-06 23:23:14,Hôpital Militaire,A+,21,7,0,14,3.9,2,83.9,faible,Parfait pour transfusion immédiate,0,23,6,False,False,campagne_don,pluvieux
2022-06-07 11:50:33,Hôpital Général Douala,A+,45,0,0,45,4.5,16,96.5,normale,"Excellent état, conservation parfaite",1,11,6,False,False,normal,ensoleillé
2022-06-07 18:26:24,Clinique des Spécialités,A+,34,5,24,53,4.1,3,76.9,normale,Parfait pour transfusion immédiate,1,18,6,False,False,normal,pluvieux
2022-06-08 03:19:44,Hôpital Militaire,A+,26,10,16,32,3.7,26,92.2,normale,"Bon état général, légère variation température",2,3,6,False,False,épidémie,ensoleillé
2022-06-08 10:51:08,Centre Médical d'Excellence,A+,47,9,0,38,3.6,62,100.0,normale,Attention: proche expiration,2,10,6,False,False,normal,ensoleillé
2022-06-09 00:07:09,Hôpital de District Bonassama,A+,35,6,0,29,3.0,12,91.3,normale,Hémoglobine dans les normes,3,0,6,False,False,normal,ensoleillé
2022-06-09 08:57:53,Hôpital Militaire,A+,69,3,0,66,4.0,12,99.8,normale,"Excellent état, conservation parfaite",3,8,6,False,False,normal,ensoleillé
2022-06-09 12:57:40,Hôpital Militaire,A+,60,12,0,48,5.2,3,85.1,normale,Parfait pour transfusion immédiate,3,12,6,False,False,normal,pluvieux
2022-06-09 15:44:18,Hôpital Général Douala,A+,36,5,22,53,3.7,2,86.3,normale,"Bon état général, légère variation température",3,15,6,False,False,normal,ensoleillé
2022-06-09 17:48:41,Hôpital Laquintinie,A+,16,10,0,6,4.5,2,71.6,critique,URGENT: Stock critique - Hémoglobine dans les normes,3,17,6,False,False,normal,pluvieux
2022-06-10 15:40:20,Hôpital Général Douala,A+,60,11,28,77,3.7,12,99.9,normale,Hémoglobine dans les normes,4,15,6,False,False,normal,ensoleillé
2022-06-10 17:41:30,Hôpital Laquintinie,A+,59,8,0,51,4.7,16,100.0,normale,Hémoglobine dans les normes,4,17,6,False,False,normal,pluvieux
2022-06-10 23:56:17,Hôpital Général Douala,A+,26,7,0,19,3.3,10,100.0,faible,Parfait pour transfusion immédiate,4,23,6,False,False,normal,ensoleillé
2022-06-11 07:41:47,Clinique des Spécialités,A+,44,8,0,36,3.4,3,92.4,normale,Attention: proche expiration,5,7,6,True,False,normal,pluvieux
2022-06-11 09:26:50,Hôpital Général Douala,A+,58,4,0,54,3.7,7,99.0,normale,Attention: proche expiration,5,9,6,True,False,normal,pluvieux
2022-06-12 08:13:12,Hôpital de District Bonassama,A+,38,6,20,52,3.0,11,97.0,normale,"Excellent état, conservation parfaite",6,8,6,True,False,normal,orageux
2022-06-12 17:29:38,Hôpital Laquintinie,A+,35,9,0,26,4.1,36,94.1,normale,Attention: proche expiration,6,17,6,True,False,normal,pluvieux
2022-06-12 22:50:35,Hôpital Général Douala,A+,38,1,0,37,3.8,25,100.0,normale,"Bon état général, légère variation température",6,22,6,True,False,urgence_médicale,ensoleillé
2022-06-13 00:24:45,Hôpital Général Douala,A+,34,5,0,29,3.8,31,100.0,normale,Contrôle bactériologique négatif,0,0,6,False,False,normal,ensoleillé
2022-06-13 03:40:10,Hôpital Général Douala,A+,26,3,16,39,3.8,52,100.0,normale,Parfait pour transfusion immédiate,0,3,6,False,False,normal,ensoleillé
2022-06-13 06:05:21,Hôpital Militaire,A+,18,3,0,15,5.1,12,100.0,faible,Hémoglobine dans les normes,0,6,6,False,False,normal,nuageux
2022-06-13 12:36:35,Centre Médical d'Excellence,A+,47,8,0,39,4.2,5,99.0,normale,Contrôle bactériologique négatif,0,12,6,False,False,accident_route,nuageux
2022-06-13 15:48:22,Clinique des Spécialités,A+,47,8,0,39,4.4,1,57.1,attention,Contrôle bactériologique négatif,0,15,6,False,False,normal,ensoleillé
2022-06-13 16:42:33,Centre Médical d'Excellence,A+,69,8,14,75,4.4,41,100.0,normale,"Bon état général, légère variation température",0,16,6,False,False,normal,pluvieux
2022-06-14 01:41:12,Hôpital de District Bonassama,A+,18,7,0,11,3.9,4,87.8,faible,"Bon état général, légère variation température",1,1,6,False,False,normal,ensoleillé
2022-06-14 09:58:01,Hôpital de District Bonassama,A+,59,8,12,63,4.2,7,95.0,normale,Parfait pour transfusion immédiate,1,9,6,False,False,normal,ensoleillé
2022-06-14 13:11:51,Hôpital Militaire,A+,50,3,16,63,4.4,12,95.0,normale,Parfait pour transfusion immédiate,1,13,6,False,False,normal,orageux
2022-06-14 22:15:57,Hôpital Laquintinie,A+,49,7,0,42,3.7,8,100.0,normale,Hémoglobine dans les normes,1,22,6,False,False,normal,ensoleillé
2022-06-15 11:38:29,Clinique des Spécialités,A+,31,13,0,18,4.0,23,92.1,faible,Contrôle bactériologique négatif,2,11,6,False,False,normal,nuageux
2022-06-15 17:12:11,Hôpital de District Bonassama,A+,86,12,7,81,4.1,2,83.6,normale,Contrôle bactériologique négatif,2,17,6,False,False,normal,ensoleillé
2022-06-16 00:32:18,Hôpital Général Douala,A+,17,4,15,28,3.9,6,100.0,normale,"Bon état général, légère variation température",3,0,6,False,False,normal,orageux
2022-06-16 11:11:16,Centre Médical d'Excellence,A+,25,8,0,17,3.9,4,81.4,faible,Attention: proche expiration,3,11,6,False,False,normal,ensoleillé
2022-06-17 10:52:46,Clinique des Spécialités,A+,52,11,18,59,3.8,6,91.0,normale,Contrôle bactériologique négatif,4,10,6,False,False,normal,nuageux
2022-06-17 12:50:56,Centre Médical d'Excellence,A+,51,5,0,46,3.4,20,100.0,normale,Attention: proche expiration,4,12,6,False,False,normal,nuageux
2022-06-17 21:08:21,Hôpital Laquintinie,A+,53,8,0,45,4.4,5,98.6,normale,Contrôle bactériologique négatif,4,21,6,False,False,normal,pluvieux
2022-06-18 01:42:07,Hôpital Laquintinie,A+,13,7,0,6,4.1,7,92.9,critique,URGENT: Stock critique - Contrôle bactériologique négatif,5,1,6,True,False,normal,pluvieux
2022-06-18 05:35:38,Hôpital Laquintinie,A+,16,2,0,14,4.1,10,98.0,faible,Hémoglobine dans les normes,5,5,6,True,False,normal,pluvieux
2022-06-18 10:49:17,Hôpital Militaire,A+,40,7,0,33,4.7,20,100.0,normale,Hémoglobine dans les normes,5,10,6,True,False,normal,ensoleillé
2022-06-18 13:28:52,Centre Médical d'Excellence,A+,49,3,0,46,3.8,1,59.7,attention,Contrôle bactériologique négatif,5,13,6,True,False,normal,pluvieux
2022-06-18 17:44:03,Clinique des Spécialités,A+,30,2,15,43,4.3,41,100.0,normale,Urgent: vérifier température stockage,5,17,6,True,False,normal,ensoleillé
2022-06-18 18:12:01,Hôpital de District Bonassama,A+,32,6,0,26,4.1,1,59.1,attention,"État satisfaisant, contrôle qualité OK",5,18,6,True,False,normal,ensoleillé
2022-06-18 21:19:28,Hôpital Général Douala,A+,31,6,0,25,4.7,9,91.7,normale,Parfait pour transfusion immédiate,5,21,6,True,False,normal,orageux
2022-06-19 00:34:38,Hôpital Général Douala,A+,18,3,0,15,4.1,28,96.3,faible,"Bon état général, légère variation température",6,0,6,True,False,normal,pluvieux
2022-06-19 02:14:19,Hôpital Militaire,A+,15,8,0,7,3.8,37,98.2,critique,"URGENT: Stock critique - Bon état général, légère variation température",6,2,6,True,False,normal,pluvieux
2022-06-19 03:52:01,Centre Médical d'Excellence,A+,18,7,0,11,4.0,25,97.2,faible,"Excellent état, conservation parfaite",6,3,6,True,False,normal,pluvieux
2022-06-19 15:29:15,Hôpital Laquintinie,A+,51,3,27,75,4.2,5,100.0,normale,Attention: proche expiration,6,15,6,True,False,normal,pluvieux
2022-06-19 18:22:04,Centre Médical d'Excellence,A+,20,6,20,34,3.8,16,100.0,normale,Hémoglobine dans les normes,6,18,6,True,False,normal,ensoleillé
2022-06-19 22:53:39,Hôpital Laquintinie,A+,23,6,0,17,3.8,13,88.9,faible,Parfait pour transfusion immédiate,6,22,6,True,False,normal,ensoleillé
2022-06-20 10:07:42,Hôpital Général Douala,A+,38,3,0,35,3.1,62,100.0,normale,"État satisfaisant, contrôle qualité OK",0,10,6,False,False,normal,pluvieux
2022-06-20 10:13:00,Hôpital Général Douala,A+,36,7,17,46,4.8,3,86.9,normale,Hémoglobine dans les normes,0,10,6,False,False,normal,ensoleillé
2022-06-20 18:35:39,Hôpital de District Bonassama,A+,49,7,0,42,5.0,11,100.0,normale,Contrôle bactériologique négatif,0,18,6,False,False,normal,ensoleillé
2022-06-21 04:13:27,Hôpital de District Bonassama,A+,19,4,21,36,3.7,1,65.8,attention,Contrôle bactériologique négatif,1,4,6,False,False,normal,ensoleillé
2022-06-21 05:18:39,Clinique des Spécialités,A+,26,1,0,25,4.6,4,88.9,normale,Parfait pour transfusion immédiate,1,5,6,False,False,normal,pluvieux
2022-06-21 06:45:41,Hôpital Général Douala,A+,34,3,0,31,3.2,10,92.8,normale,Attention: proche expiration,1,6,6,False,False,normal,ensoleillé
2022-06-21 07:08:21,Clinique des Spécialités,A+,40,8,0,32,4.0,5,98.3,normale,"État satisfaisant, contrôle qualité OK",1,7,6,False,False,normal,ensoleillé
2022-06-21 11:57:27,Hôpital Général Douala,A+,51,5,16,62,4.9,15,97.5,normale,"État satisfaisant, contrôle qualité OK",1,11,6,False,False,normal,nuageux
2022-06-21 12:55:41,Hôpital Militaire,A+,38,4,0,34,4.2,4,91.7,normale,Urgent: vérifier température stockage,1,12,6,False,False,normal,ensoleillé
2022-06-21 16:19:48,Clinique des Spécialités,A+,47,12,0,35,4.1,5,98.1,normale,Contrôle bactériologique négatif,1,16,6,False,False,normal,ensoleillé
2022-06-21 16:32:07,Hôpital Général Douala,A+,49,10,0,39,4.5,32,95.0,normale,Parfait pour transfusion immédiate,1,16,6,False,False,normal,nuageux
2022-06-21 17:51:15,Centre Médical d'Excellence,A+,66,10,0,56,4.0,1,52.6,attention,"Excellent état, conservation parfaite",1,17,6,False,False,normal,ensoleillé
2022-06-22 01:59:12,Hôpital Militaire,A+,15,1,0,14,4.5,7,100.0,faible,"Excellent état, conservation parfaite",2,1,6,False,False,normal,ensoleillé
2022-06-22 13:03:41,Hôpital Général Douala,A+,67,10,0,57,4.4,28,96.6,normale,Urgent: vérifier température stockage,2,13,6,False,False,normal,pluvieux
2022-06-22 18:27:54,Hôpital Laquintinie,A+,82,8,15,89,4.0,24,100.0,normale,"Bon état général, légère variation température",2,18,6,False,False,accident_route,ensoleillé
2022-06-23 08:56:59,Centre Médical d'Excellence,A+,33,7,0,26,3.0,10,100.0,normale,Parfait pour transfusion immédiate,3,8,6,False,False,normal,ensoleillé
2022-06-23 09:26:35,Hôpital Militaire,A+,29,11,0,18,2.9,20,98.6,faible,"État satisfaisant, contrôle qualité OK",3,9,6,False,False,normal,ensoleillé
2022-06-23 11:08:03,Centre Médical d'Excellence,A+,41,6,0,35,3.6,16,96.2,normale,Attention: proche expiration,3,11,6,False,False,normal,nuageux
2022-06-23 19:22:32,Hôpital Laquintinie,A+,73,3,0,70,3.8,1,59.2,attention,Contrôle bactériologique négatif,3,19,6,False,False,normal,ensoleillé
2022-06-23 19:49:51,Clinique des Spécialités,A+,56,10,11,57,4.3,11,91.8,normale,Urgent: vérifier température stockage,3,19,6,False,False,normal,ensoleillé
2022-06-24 03:48:14,Hôpital Général Douala,A+,31,10,0,21,3.3,21,100.0,normale,Urgent: vérifier température stockage,4,3,6,False,False,normal,orageux
2022-06-24 04:13:38,Centre Médical d'Excellence,A+,31,8,27,50,4.2,4,82.8,normale,Attention: proche expiration,4,4,6,False,False,normal,ensoleillé
2022-06-24 09:21:37,Centre Médical d'Excellence,A+,80,10,0,70,3.9,1,66.5,attention,"Bon état général, légère variation température",4,9,6,False,False,normal,nuageux
2022-06-24 14:45:06,Hôpital de District Bonassama,A+,49,12,0,37,3.6,6,100.0,normale,"Bon état général, légère variation température",4,14,6,False,False,urgence_médicale,pluvieux
2022-06-24 20:23:33,Clinique des Spécialités,A+,65,13,0,52,5.0,10,100.0,normale,Urgent: vérifier température stockage,4,20,6,False,False,normal,ensoleillé
2022-06-25 00:43:36,Hôpital Laquintinie,A+,15,3,0,12,3.9,7,100.0,faible,"État satisfaisant, contrôle qualité OK",5,0,6,True,False,normal,nuageux
2022-06-25 05:45:45,Hôpital Général Douala,A+,20,3,20,37,4.0,7,93.7,normale,"État satisfaisant, contrôle qualité OK",5,5,6,True,False,normal,ensoleillé
2022-06-25 10:05:25,Hôpital Laquintinie,A+,36,6,0,30,4.1,14,97.3,normale,Parfait pour transfusion immédiate,5,10,6,True,False,normal,nuageux
2022-06-26 09:58:51,Clinique des Spécialités,A+,32,8,0,24,3.8,7,97.3,normale,Attention: proche expiration,6,9,6,True,False,normal,pluvieux
2022-06-26 16:35:36,Hôpital Laquintinie,A+,41,5,0,36,4.8,20,100.0,normale,"État satisfaisant, contrôle qualité OK",6,16,6,True,False,accident_route,ensoleillé
2022-06-26 16:39:05,Hôpital Général Douala,A+,40,6,16,50,4.1,33,100.0,normale,"Bon état général, légère variation température",6,16,6,True,False,normal,ensoleillé
2022-06-26 18:41:14,Centre Médical d'Excellence,A+,22,2,23,43,5.3,21,100.0,normale,Hémoglobine dans les normes,6,18,6,True,False,normal,pluvieux
2022-06-26 19:37:19,Clinique des Spécialités,A+,38,8,0,30,3.4,7,100.0,normale,Urgent: vérifier température stockage,6,19,6,True,False,normal,pluvieux
2022-06-26 22:09:55,Hôpital Militaire,A+,34,6,16,44,4.3,14,100.0,normale,Hémoglobine dans les normes,6,22,6,True,False,normal,nuageux
2022-06-27 04:48:28,Hôpital Général Douala,A+,41,8,18,51,3.9,7,100.0,normale,Urgent: vérifier température stockage,0,4,6,False,False,normal,ensoleillé
2022-06-27 21:45:55,Hôpital Laquintinie,A+,47,10,0,37,4.5,86,100.0,normale,Hémoglobine dans les normes,0,21,6,False,False,normal,ensoleillé
2022-06-28 03:30:17,Clinique des Spécialités,A+,31,8,27,50,3.9,4,83.9,normale,"Excellent état, conservation parfaite",1,3,6,False,False,normal,nuageux
2022-06-28 05:56:01,Hôpital Militaire,A+,35,2,0,33,4.6,6,100.0,normale,Parfait pour transfusion immédiate,1,5,6,False,False,normal,ensoleillé
2022-06-28 16:41:22,Clinique des Spécialités,A+,61,3,0,58,4.1,39,100.0,normale,"Bon état général, légère variation température",1,16,6,False,False,normal,nuageux
2022-06-28 21:58:00,Clinique des Spécialités,A+,13,2,22,33,4.0,35,94.2,normale,"Excellent état, conservation parfaite",1,21,6,False,False,épidémie,ensoleillé
2022-06-29 01:32:26,Hôpital Laquintinie,A+,31,12,0,19,3.7,42,100.0,faible,Urgent: vérifier température stockage,2,1,6,False,False,normal,pluvieux
2022-06-29 08:29:58,Hôpital Général Douala,A+,58,4,26,80,4.3,3,82.7,normale,Hémoglobine dans les normes,2,8,6,False,False,normal,ensoleillé
2022-06-29 13:08:24,Centre Médical d'Excellence,A+,40,7,0,33,4.8,12,100.0,normale,Contrôle bactériologique négatif,2,13,6,False,False,normal,ensoleillé
2022-06-29 19:01:47,Centre Médical d'Excellence,A+,42,11,0,31,4.1,1,61.0,attention,"Excellent état, conservation parfaite",2,19,6,False,False,normal,pluvieux
2022-06-30 00:07:53,Hôpital Général Douala,A+,40,7,20,53,4.1,31,100.0,normale,Urgent: vérifier température stockage,3,0,6,False,False,normal,ensoleillé
2022-06-30 02:06:02,Hôpital Laquintinie,A+,22,8,0,14,3.1,13,95.6,faible,Urgent: vérifier température stockage,3,2,6,False,False,normal,orageux
2022-06-30 07:28:40,Clinique des Spécialités,A+,29,12,26,43,3.7,28,94.4,normale,Contrôle bactériologique négatif,3,7,6,False,False,normal,nuageux
2022-06-30 08:18:22,Hôpital Général Douala,A+,45,7,0,38,3.5,48,94.1,normale,Urgent: vérifier température stockage,3,8,6,False,False,normal,ensoleillé
2022-06-30 10:54:32,Hôpital Général Douala,A+,73,10,0,63,4.5,21,94.9,normale,"Bon état général, légère variation température",3,10,6,False,False,normal,ensoleillé
2022-06-30 16:24:49,Hôpital de District Bonassama,A+,45,5,0,40,4.2,4,87.8,normale,"Bon état général, légère variation température",3,16,6,False,False,normal,ensoleillé
2022-06-30 17:22:10,Centre Médical d'Excellence,A+,48,10,20,58,3.7,4,87.2,normale,Urgent: vérifier température stockage,3,17,6,False,False,normal,ensoleillé
2022-06-30 19:00:01,Hôpital de District Bonassama,A+,41,4,24,61,3.8,4,82.5,normale,Attention: proche expiration,3,19,6,False,False,normal,orageux
2022-06-30 19:32:11,Centre Médical d'Excellence,A+,38,7,0,31,4.4,12,100.0,normale,"Excellent état, conservation parfaite",3,19,6,False,False,normal,ensoleillé
2022-06-30 19:54:08,Centre Médical d'Excellence,A+,59,5,0,54,4.1,5,100.0,normale,"Bon état général, légère variation température",3,19,6,False,False,normal,orageux
2022-06-30 21:00:16,Hôpital Laquintinie,A+,61,7,0,54,3.3,1,61.7,attention,Attention: proche expiration,3,21,6,False,False,normal,ensoleillé
2022-07-01 10:49:44,Hôpital de District Bonassama,A+,68,8,0,60,4.0,15,96.0,normale,Attention: proche expiration,4,10,7,False,True,normal,ensoleillé
2022-07-02 04:00:33,Hôpital Militaire,A+,27,7,0,20,4.8,2,83.5,normale,Urgent: vérifier température stockage,5,4,7,True,True,normal,nuageux
2022-07-02 05:40:21,Centre Médical d'Excellence,A+,17,3,0,14,3.7,19,93.9,faible,Urgent: vérifier température stockage,5,5,7,True,True,normal,ensoleillé
2022-07-02 08:59:23,Hôpital Militaire,A+,48,2,17,63,4.7,10,93.4,normale,Contrôle bactériologique négatif,5,8,7,True,True,normal,pluvieux
2022-07-02 10:07:59,Hôpital Laquintinie,A+,29,11,18,36,3.7,41,96.5,normale,Contrôle bactériologique négatif,5,10,7,True,True,normal,nuageux
2022-07-03 00:37:46,Hôpital de District Bonassama,A+,22,6,0,16,4.2,13,98.9,faible,"Bon état général, légère variation température",6,0,7,True,True,normal,nuageux
2022-07-03 00:41:08,Hôpital Laquintinie,A+,25,6,0,19,4.5,4,83.8,faible,"Bon état général, légère variation température",6,0,7,True,True,normal,nuageux
2022-07-03 06:43:19,Hôpital Militaire,A+,35,7,0,28,3.9,39,99.3,normale,Urgent: vérifier température stockage,6,6,7,True,True,normal,nuageux
2022-07-03 08:07:33,Clinique des Spécialités,A+,32,7,0,25,4.2,16,97.6,normale,"Excellent état, conservation parfaite",6,8,7,True,True,normal,nuageux
2022-07-03 10:14:08,Hôpital Militaire,A+,53,7,15,61,3.6,12,94.6,normale,"Bon état général, légère variation température",6,10,7,True,True,normal,pluvieux
2022-07-03 11:10:33,Hôpital Général Douala,A+,22,7,0,15,3.9,75,100.0,faible,"Excellent état, conservation parfaite",6,11,7,True,True,normal,pluvieux
2022-07-03 12:22:14,Clinique des Spécialités,A+,32,7,0,25,3.6,21,100.0,normale,Contrôle bactériologique négatif,6,12,7,True,True,normal,pluvieux
2022-07-03 21:06:13,Hôpital Militaire,A+,29,7,0,22,4.3,36,98.7,normale,Hémoglobine dans les normes,6,21,7,True,True,normal,nuageux
2022-07-04 00:12:40,Clinique des Spécialités,A+,21,9,16,28,4.8,1,59.9,attention,Urgent: vérifier température stockage,0,0,7,False,True,normal,orageux
2022-07-04 05:50:05,Hôpital Laquintinie,A+,24,7,0,17,4.1,7,98.7,faible,Urgent: vérifier température stockage,0,5,7,False,True,normal,pluvieux
2022-07-04 18:52:36,Hôpital Militaire,A+,76,10,0,66,3.4,47,100.0,normale,Attention: proche expiration,0,18,7,False,True,normal,pluvieux
2022-07-04 23:45:56,Hôpital Militaire,A+,48,5,13,56,4.2,17,89.7,normale,"Bon état général, légère variation température",0,23,7,False,True,normal,pluvieux
2022-07-05 08:31:24,Clinique des Spécialités,A+,52,9,0,43,4.1,16,99.9,normale,Urgent: vérifier température stockage,1,8,7,False,True,normal,ensoleillé
2022-07-05 13:03:39,Hôpital Laquintinie,A+,58,17,0,41,4.3,66,100.0,normale,Urgent: vérifier température stockage,1,13,7,False,True,normal,ensoleillé
2022-07-05 18:25:26,Clinique des Spécialités,A+,47,9,0,38,3.6,3,92.1,normale,Hémoglobine dans les normes,1,18,7,False,True,normal,pluvieux
2022-07-05 20:32:27,Clinique des Spécialités,A+,24,14,0,10,3.9,7,96.8,faible,Urgent: vérifier température stockage,1,20,7,False,True,normal,pluvieux
2022-07-05 21:38:27,Hôpital Militaire,A+,80,10,0,70,3.6,2,85.1,normale,Attention: proche expiration,1,21,7,False,True,normal,pluvieux
2022-07-05 23:42:52,Centre Médical d'Excellence,A+,29,8,0,21,3.6,17,96.1,normale,"État satisfaisant, contrôle qualité OK",1,23,7,False,True,normal,pluvieux
2022-07-06 15:57:46,Hôpital Militaire,A+,25,4,0,21,3.6,25,100.0,normale,"Bon état général, légère variation température",2,15,7,False,True,campagne_don,pluvieux
2022-07-06 16:24:32,Centre Médical d'Excellence,A+,87,8,0,79,3.3,7,100.0,normale,"Bon état général, légère variation température",2,16,7,False,True,normal,nuageux
2022-07-06 16:39:00,Hôpital Laquintinie,A+,29,13,0,16,4.3,2,93.1,faible,Urgent: vérifier température stockage,2,16,7,False,True,normal,orageux
2022-07-06 16:53:42,Hôpital Laquintinie,A+,50,4,0,46,4.7,21,100.0,normale,"État satisfaisant, contrôle qualité OK",2,16,7,False,True,normal,nuageux
2022-07-06 18:43:35,Hôpital Militaire,A+,57,11,0,46,4.5,24,94.3,normale,"Excellent état, conservation parfaite",2,18,7,False,True,normal,ensoleillé
2022-07-06 22:20:41,Centre Médical d'Excellence,A+,29,12,0,17,4.5,8,100.0,faible,Hémoglobine dans les normes,2,22,7,False,True,normal,pluvieux
2022-07-07 18:19:13,Hôpital Laquintinie,A+,59,9,0,50,4.3,7,91.2,normale,"Bon état général, légère variation température",3,18,7,False,True,normal,ensoleillé
2022-07-07 19:25:19,Hôpital Général Douala,A+,75,7,0,68,4.0,1,60.6,attention,Hémoglobine dans les normes,3,19,7,False,True,normal,nuageux
2022-07-07 19:53:54,Hôpital Militaire,A+,65,15,24,74,3.9,5,100.0,normale,Attention: proche expiration,3,19,7,False,True,normal,pluvieux
2022-07-08 00:15:37,Hôpital Laquintinie,A+,30,9,25,46,4.6,15,95.9,normale,Attention: proche expiration,4,0,7,False,True,normal,nuageux
2022-07-08 02:52:16,Centre Médical d'Excellence,A+,18,6,21,33,3.5,7,96.7,normale,Urgent: vérifier température stockage,4,2,7,False,True,urgence_médicale,pluvieux
2022-07-08 05:04:50,Centre Médical d'Excellence,A+,28,12,0,16,3.3,15,97.0,faible,Attention: proche expiration,4,5,7,False,True,normal,ensoleillé
2022-07-08 07:44:43,Centre Médical d'Excellence,A+,58,6,25,77,4.5,3,86.1,normale,"Excellent état, conservation parfaite",4,7,7,False,True,normal,ensoleillé
2022-07-08 10:05:36,Clinique des Spécialités,A+,46,12,0,34,3.8,7,94.0,normale,Attention: proche expiration,4,10,7,False,True,campagne_don,pluvieux
2022-07-08 11:55:50,Hôpital Général Douala,A+,54,8,0,46,3.7,15,99.5,normale,Attention: proche expiration,4,11,7,False,True,normal,orageux
2022-07-08 13:02:54,Centre Médical d'Excellence,A+,59,7,31,83,2.9,7,100.0,normale,Contrôle bactériologique négatif,4,13,7,False,True,normal,pluvieux
2022-07-08 15:02:26,Hôpital Militaire,A+,9,11,0,0,3.6,5,97.5,critique,URGENT: Stock critique - Parfait pour transfusion immédiate,4,15,7,False,True,normal,orageux
2022-07-08 18:44:55,Hôpital Militaire,A+,68,8,13,73,4.1,1,57.1,attention,"État satisfaisant, contrôle qualité OK",4,18,7,False,True,normal,pluvieux
2022-07-08 19:30:49,Hôpital Laquintinie,A+,75,6,15,84,4.1,1,59.7,attention,"Excellent état, conservation parfaite",4,19,7,False,True,normal,ensoleillé
2022-07-08 21:43:25,Hôpital Militaire,A+,45,13,23,55,3.2,9,98.6,normale,Attention: proche expiration,4,21,7,False,True,normal,pluvieux
2022-07-08 23:32:13,Hôpital Général Douala,A+,15,14,0,1,4.4,12,100.0,critique,URGENT: Stock critique - Attention: proche expiration,4,23,7,False,True,normal,nuageux
2022-07-08 23:44:52,Centre Médical d'Excellence,A+,41,12,16,45,3.7,12,96.7,normale,"Bon état général, légère variation température",4,23,7,False,True,normal,nuageux
2022-07-09 05:51:52,Hôpital de District Bonassama,A+,14,11,0,3,4.0,68,98.1,critique,URGENT: Stock critique - Urgent: vérifier température stockage,5,5,7,True,True,normal,pluvieux
2022-07-09 07:28:24,Hôpital Laquintinie,A+,61,4,0,57,4.1,4,80.5,normale,"État satisfaisant, contrôle qualité OK",5,7,7,True,True,normal,ensoleillé
2022-07-09 09:16:03,Hôpital Militaire,A+,60,8,0,52,4.4,1,51.0,attention,Contrôle bactériologique négatif,5,9,7,True,True,normal,ensoleillé
2022-07-09 16:45:23,Clinique des Spécialités,A+,39,11,21,49,3.6,11,100.0,normale,Attention: proche expiration,5,16,7,True,True,normal,ensoleillé
2022-07-10 01:47:02,Hôpital Laquintinie,A+,13,5,0,8,3.8,48,93.8,critique,URGENT: Stock critique - Contrôle bactériologique négatif,6,1,7,True,True,normal,ensoleillé
2022-07-10 04:11:44,Hôpital Général Douala,A+,24,4,0,20,4.0,2,81.8,normale,Attention: proche expiration,6,4,7,True,True,normal,ensoleillé
2022-07-10 11:26:34,Hôpital de District Bonassama,A+,46,11,0,35,5.0,24,98.6,normale,"Bon état général, légère variation température",6,11,7,True,True,normal,ensoleillé
2022-07-10 20:35:00,Hôpital Laquintinie,A+,49,11,19,57,4.7,33,97.9,normale,Attention: proche expiration,6,20,7,True,True,normal,pluvieux
2022-07-11 06:21:18,Hôpital Laquintinie,A+,53,8,0,45,4.3,11,92.5,normale,Parfait pour transfusion immédiate,0,6,7,False,True,normal,pluvieux
2022-07-11 11:26:59,Hôpital Général Douala,A+,66,10,0,56,4.3,3,93.3,normale,"Excellent état, conservation parfaite",0,11,7,False,True,normal,pluvieux
2022-07-11 12:46:19,Hôpital Militaire,A+,41,12,26,55,4.8,22,100.0,normale,Parfait pour transfusion immédiate,0,12,7,False,True,normal,ensoleillé
2022-07-11 13:58:01,Hôpital Général Douala,A+,39,8,0,31,4.0,25,99.3,normale,Hémoglobine dans les normes,0,13,7,False,True,normal,pluvieux
2022-07-12 01:41:41,Hôpital de District Bonassama,A+,33,11,0,22,4.3,8,93.6,normale,"Bon état général, légère variation température",1,1,7,False,True,campagne_don,pluvieux
2022-07-12 03:43:25,Centre Médical d'Excellence,A+,13,10,0,3,4.0,13,95.4,critique,URGENT: Stock critique - Urgent: vérifier température stockage,1,3,7,False,True,normal,ensoleillé
2022-07-12 03:48:19,Hôpital de District Bonassama,A+,16,7,14,23,3.9,2,91.8,normale,"État satisfaisant, contrôle qualité OK",1,3,7,False,True,normal,pluvieux
2022-07-12 05:05:23,Centre Médical d'Excellence,A+,38,7,0,31,3.5,7,97.9,normale,Hémoglobine dans les normes,1,5,7,False,True,normal,pluvieux
2022-07-12 10:16:39,Centre Médical d'Excellence,A+,52,11,0,41,4.0,1,61.9,attention,"Excellent état, conservation parfaite",1,10,7,False,True,normal,ensoleillé
2022-07-12 11:04:22,Hôpital Général Douala,A+,54,8,0,46,3.6,52,100.0,normale,"Excellent état, conservation parfaite",1,11,7,False,True,normal,orageux
2022-07-12 13:32:34,Centre Médical d'Excellence,A+,59,11,25,73,3.8,14,92.1,normale,Contrôle bactériologique négatif,1,13,7,False,True,normal,ensoleillé
2022-07-12 15:55:58,Centre Médical d'Excellence,A+,48,14,25,59,3.4,23,100.0,normale,Contrôle bactériologique négatif,1,15,7,False,True,normal,pluvieux
2022-07-12 18:36:53,Hôpital de District Bonassama,A+,73,11,0,62,3.7,58,94.2,normale,"État satisfaisant, contrôle qualité OK",1,18,7,False,True,normal,pluvieux
2022-07-12 19:21:38,Centre Médical d'Excellence,A+,60,7,0,53,3.9,34,97.0,normale,Hémoglobine dans les normes,1,19,7,False,True,normal,pluvieux
2022-07-12 19:30:23,Hôpital Général Douala,A+,41,13,0,28,4.0,27,97.1,normale,Attention: proche expiration,1,19,7,False,True,normal,ensoleillé
2022-07-13 03:17:24,Hôpital Général Douala,A+,23,9,0,14,3.7,36,100.0,faible,Contrôle bactériologique négatif,2,3,7,False,True,normal,ensoleillé
2022-07-13 04:31:08,Hôpital de District Bonassama,A+,29,7,0,22,4.0,39,99.3,normale,"Bon état général, légère variation température",2,4,7,False,True,accident_route,ensoleillé
2022-07-13 18:50:08,Centre Médical d'Excellence,A+,69,0,0,69,3.2,8,100.0,normale,Contrôle bactériologique négatif,2,18,7,False,True,normal,pluvieux
2022-07-13 21:05:54,Hôpital Militaire,A+,65,7,14,72,4.6,2,87.6,normale,Urgent: vérifier température stockage,2,21,7,False,True,normal,nuageux
2022-07-14 02:24:04,Clinique des Spécialités,A+,25,8,24,41,3.8,21,100.0,normale,Contrôle bactériologique négatif,3,2,7,False,True,normal,ensoleillé
2022-07-14 05:52:18,Hôpital Laquintinie,A+,44,7,0,37,3.9,17,100.0,normale,Attention: proche expiration,3,5,7,False,True,normal,ensoleillé
2022-07-14 11:11:45,Hôpital Laquintinie,A+,27,2,0,25,3.7,2,91.3,normale,"Excellent état, conservation parfaite",3,11,7,False,True,normal,ensoleillé
2022-07-14 11:35:40,Hôpital Militaire,A+,72,6,20,86,4.5,61,99.0,normale,Contrôle bactériologique négatif,3,11,7,False,True,normal,ensoleillé
2022-07-14 17:11:51,Hôpital Militaire,A+,69,8,0,61,4.5,1,58.1,attention,"Excellent état, conservation parfaite",3,17,7,False,True,normal,orageux
2022-07-14 17:18:59,Hôpital de District Bonassama,A+,68,8,0,60,4.0,12,100.0,normale,"Excellent état, conservation parfaite",3,17,7,False,True,normal,pluvieux
2022-07-14 22:29:42,Hôpital de District Bonassama,A+,72,7,13,78,3.6,10,100.0,normale,Attention: proche expiration,3,22,7,False,True,normal,ensoleillé
2022-07-15 03:54:54,Hôpital Laquintinie,A+,27,9,0,18,4.1,1,59.8,faible,Urgent: vérifier température stockage,4,3,7,False,True,normal,ensoleillé
2022-07-15 06:05:45,Clinique des Spécialités,A+,88,11,0,77,3.5,13,100.0,normale,"État satisfaisant, contrôle qualité OK",4,6,7,False,True,normal,pluvieux
2022-07-15 06:30:15,Hôpital Général Douala,A+,84,2,21,103,3.8,2,86.1,normale,Hémoglobine dans les normes,4,6,7,False,True,normal,ensoleillé
2022-07-15 09:54:38,Centre Médical d'Excellence,A+,63,7,20,76,4.2,9,100.0,normale,Attention: proche expiration,4,9,7,False,True,normal,ensoleillé
2022-07-15 17:32:30,Centre Médical d'Excellence,A+,47,4,0,43,3.5,1,55.8,attention,Hémoglobine dans les normes,4,17,7,False,True,campagne_don,ensoleillé
2022-07-16 01:03:20,Hôpital Général Douala,A+,16,3,0,13,5.0,1,60.9,faible,"Excellent état, conservation parfaite",5,1,7,True,True,normal,ensoleillé
2022-07-16 01:24:58,Centre Médical d'Excellence,A+,26,7,20,39,4.3,8,94.5,normale,Contrôle bactériologique négatif,5,1,7,True,True,normal,ensoleillé
2022-07-16 02:32:17,Hôpital Général Douala,A+,12,1,0,11,4.2,17,91.2,faible,"Excellent état, conservation parfaite",5,2,7,True,True,normal,pluvieux
2022-07-16 12:29:39,Hôpital Militaire,A+,62,5,0,57,4.2,4,76.7,normale,"Excellent état, conservation parfaite",5,12,7,True,True,normal,nuageux
2022-07-17 00:23:00,Hôpital Général Douala,A+,22,8,0,14,4.0,45,98.4,faible,Attention: proche expiration,6,0,7,True,True,normal,pluvieux
2022-07-17 02:45:29,Hôpital Laquintinie,A+,26,7,0,19,2.9,14,98.2,faible,Hémoglobine dans les normes,6,2,7,True,True,normal,nuageux
2022-07-17 06:28:50,Hôpital de District Bonassama,A+,42,1,0,41,3.3,26,95.2,normale,"État satisfaisant, contrôle qualité OK",6,6,7,True,True,normal,nuageux
2022-07-17 14:41:10,Hôpital de District Bonassama,A+,42,5,0,37,4.6,44,100.0,normale,"Bon état général, légère variation température",6,14,7,True,True,normal,pluvieux
2022-07-18 07:57:20,Hôpital Militaire,A+,72,9,29,92,4.2,55,100.0,normale,"Excellent état, conservation parfaite",0,7,7,False,True,normal,ensoleillé
2022-07-18 11:13:43,Centre Médical d'Excellence,A+,71,9,0,62,5.1,14,100.0,normale,Parfait pour transfusion immédiate,0,11,7,False,True,normal,pluvieux
2022-07-18 16:15:20,Clinique des Spécialités,A+,87,6,0,81,3.6,4,84.1,normale,"Bon état général, légère variation température",0,16,7,False,True,normal,pluvieux
2022-07-18 18:46:04,Hôpital Général Douala,A+,40,12,0,28,4.1,24,100.0,normale,Attention: proche expiration,0,18,7,False,True,normal,pluvieux
2022-07-18 19:02:24,Hôpital Général Douala,A+,72,18,0,54,3.5,13,95.5,normale,Attention: proche expiration,0,19,7,False,True,normal,nuageux
2022-07-19 00:43:43,Hôpital Général Douala,A+,11,6,0,5,3.8,49,100.0,critique,"URGENT: Stock critique - État satisfaisant, contrôle qualité OK",1,0,7,False,True,normal,nuageux
2022-07-19 04:30:42,Centre Médical d'Excellence,A+,36,7,0,29,3.4,4,87.3,normale,"État satisfaisant, contrôle qualité OK",1,4,7,False,True,normal,ensoleillé
2022-07-19 14:16:10,Centre Médical d'Excellence,A+,46,9,0,37,3.8,9,92.6,normale,Attention: proche expiration,1,14,7,False,True,normal,pluvieux
2022-07-19 20:55:06,Hôpital Militaire,A+,59,12,0,47,4.7,18,98.6,normale,"État satisfaisant, contrôle qualité OK",1,20,7,False,True,normal,pluvieux
2022-07-20 07:21:00,Hôpital de District Bonassama,A+,54,13,17,58,4.9,9,95.2,normale,"État satisfaisant, contrôle qualité OK",2,7,7,False,True,normal,pluvieux
2022-07-20 14:18:31,Centre Médical d'Excellence,A+,57,12,0,45,3.9,8,100.0,normale,Contrôle bactériologique négatif,2,14,7,False,True,normal,orageux
2022-07-20 21:37:11,Centre Médical d'Excellence,A+,47,18,0,29,3.4,6,92.5,normale,Attention: proche expiration,2,21,7,False,True,normal,nuageux
2022-07-20 21:46:13,Hôpital de District Bonassama,A+,72,12,15,75,4.7,27,97.8,normale,Urgent: vérifier température stockage,2,21,7,False,True,normal,pluvieux
2022-07-20 23:13:58,Centre Médical d'Excellence,A+,43,10,0,33,3.8,11,100.0,normale,Attention: proche expiration,2,23,7,False,True,normal,nuageux
2022-07-21 04:02:24,Hôpital Laquintinie,A+,20,12,0,8,4.0,9,100.0,critique,URGENT: Stock critique - Attention: proche expiration,3,4,7,False,True,normal,ensoleillé
2022-07-21 14:07:25,Centre Médical d'Excellence,A+,54,14,0,40,4.5,18,91.9,normale,Contrôle bactériologique négatif,3,14,7,False,True,normal,pluvieux
2022-07-21 16:24:50,Hôpital Militaire,A+,28,14,24,38,3.6,7,96.7,normale,Contrôle bactériologique négatif,3,16,7,False,True,normal,pluvieux
2022-07-22 01:51:37,Hôpital Militaire,A+,11,6,0,5,4.3,15,100.0,critique,"URGENT: Stock critique - Excellent état, conservation parfaite",4,1,7,False,True,normal,pluvieux
2022-07-22 04:09:10,Hôpital de District Bonassama,A+,27,7,0,20,4.1,94,96.7,normale,Parfait pour transfusion immédiate,4,4,7,False,True,normal,nuageux
2022-07-22 06:20:31,Clinique des Spécialités,A+,58,9,0,49,4.6,34,100.0,normale,"Bon état général, légère variation température",4,6,7,False,True,normal,ensoleillé
2022-07-22 07:00:43,Hôpital Laquintinie,A+,49,8,0,41,4.4,22,99.1,normale,Contrôle bactériologique négatif,4,7,7,False,True,normal,orageux
2022-07-22 10:14:25,Clinique des Spécialités,A+,87,15,0,72,4.4,22,95.3,normale,Parfait pour transfusion immédiate,4,10,7,False,True,normal,nuageux
2022-07-22 20:07:52,Hôpital Laquintinie,A+,66,12,0,54,3.5,2,85.2,normale,Parfait pour transfusion immédiate,4,20,7,False,True,normal,nuageux
2022-07-22 21:24:15,Centre Médical d'Excellence,A+,44,11,0,33,2.7,10,90.7,normale,"Bon état général, légère variation température",4,21,7,False,True,normal,ensoleillé
2022-07-23 03:42:14,Centre Médical d'Excellence,A+,32,4,0,28,4.5,10,98.2,normale,Urgent: vérifier température stockage,5,3,7,True,True,normal,ensoleillé
2022-07-23 07:52:15,Hôpital Général Douala,A+,20,4,0,16,3.7,74,97.0,faible,Contrôle bactériologique négatif,5,7,7,True,True,normal,orageux
2022-07-23 15:02:34,Hôpital Général Douala,A+,21,7,0,14,4.5,2,78.4,faible,"Bon état général, légère variation température",5,15,7,True,True,normal,ensoleillé
2022-07-23 22:26:07,Clinique des Spécialités,A+,39,8,0,31,3.4,34,97.1,normale,Urgent: vérifier température stockage,5,22,7,True,True,normal,orageux
2022-07-23 23:41:15,Hôpital Général Douala,A+,26,7,19,38,4.7,4,80.2,normale,"Bon état général, légère variation température",5,23,7,True,True,normal,pluvieux
2022-07-24 00:39:16,Hôpital Militaire,A+,18,7,0,11,4.6,3,83.0,faible,Hémoglobine dans les normes,6,0,7,True,True,normal,ensoleillé
2022-07-24 05:44:12,Hôpital Laquintinie,A+,25,5,0,20,4.8,2,81.1,normale,Urgent: vérifier température stockage,6,5,7,True,True,normal,ensoleillé
2022-07-24 13:11:10,Hôpital Militaire,A+,46,10,0,36,4.2,26,99.9,normale,Hémoglobine dans les normes,6,13,7,True,True,normal,orageux
2022-07-24 13:57:49,Hôpital de District Bonassama,A+,32,5,17,44,3.9,30,100.0,normale,Urgent: vérifier température stockage,6,13,7,True,True,normal,pluvieux
2022-07-24 14:08:49,Hôpital Général Douala,A+,36,4,0,32,4.5,1,57.9,attention,Attention: proche expiration,6,14,7,True,True,normal,ensoleillé
2022-07-25 07:58:25,Hôpital Général Douala,A+,42,8,0,34,4.7,9,100.0,normale,"Bon état général, légère variation température",0,7,7,False,True,normal,pluvieux
2022-07-25 08:04:05,Clinique des Spécialités,A+,72,17,15,70,4.2,28,99.8,normale,"État satisfaisant, contrôle qualité OK",0,8,7,False,True,normal,nuageux
2022-07-25 09:51:54,Hôpital Général Douala,A+,36,5,0,31,3.6,10,93.7,normale,Attention: proche expiration,0,9,7,False,True,normal,orageux
2022-07-25 10:07:55,Hôpital Laquintinie,A+,47,14,0,33,3.9,25,100.0,normale,Parfait pour transfusion immédiate,0,10,7,False,True,normal,nuageux
2022-07-25 11:01:23,Clinique des Spécialités,A+,73,3,24,94,3.4,49,97.8,normale,Attention: proche expiration,0,11,7,False,True,normal,pluvieux
2022-07-25 13:21:40,Hôpital Militaire,A+,94,11,0,83,4.0,36,92.2,normale,Parfait pour transfusion immédiate,0,13,7,False,True,normal,pluvieux
2022-07-25 19:44:15,Hôpital Laquintinie,A+,42,15,0,27,4.3,11,100.0,normale,Urgent: vérifier température stockage,0,19,7,False,True,campagne_don,orageux
2022-07-25 20:02:24,Hôpital Général Douala,A+,52,9,0,43,4.9,3,76.3,normale,"Bon état général, légère variation température",0,20,7,False,True,normal,ensoleillé
2022-07-25 20:06:20,Hôpital Laquintinie,A+,49,2,0,47,4.6,44,100.0,normale,Hémoglobine dans les normes,0,20,7,False,True,normal,pluvieux
2022-07-25 21:00:49,Hôpital Général Douala,A+,66,9,18,75,3.9,1,63.1,attention,"État satisfaisant, contrôle qualité OK",0,21,7,False,True,normal,ensoleillé
2022-07-25 22:50:57,Hôpital Militaire,A+,65,11,13,67,4.3,1,62.6,attention,Hémoglobine dans les normes,0,22,7,False,True,normal,ensoleillé
2022-07-25 23:41:38,Centre Médical d'Excellence,A+,31,15,0,16,4.0,16,100.0,faible,"État satisfaisant, contrôle qualité OK",0,23,7,False,True,normal,ensoleillé
2022-07-26 02:48:32,Hôpital Militaire,A+,17,8,0,9,4.5,6,93.3,critique,URGENT: Stock critique - Hémoglobine dans les normes,1,2,7,False,True,normal,pluvieux
2022-07-26 04:39:06,Centre Médical d'Excellence,A+,40,8,16,48,5.1,13,100.0,normale,"Bon état général, légère variation température",1,4,7,False,True,normal,orageux
2022-07-26 07:24:48,Clinique des Spécialités,A+,54,7,19,66,3.8,3,83.1,normale,Attention: proche expiration,1,7,7,False,True,normal,pluvieux
2022-07-26 11:09:45,Clinique des Spécialités,A+,65,9,0,56,3.7,6,91.3,normale,Contrôle bactériologique négatif,1,11,7,False,True,normal,orageux
2022-07-26 19:23:30,Clinique des Spécialités,A+,51,7,0,44,3.6,22,100.0,normale,"Bon état général, légère variation température",1,19,7,False,True,normal,nuageux
2022-07-27 02:08:10,Hôpital Général Douala,A+,33,13,0,20,4.4,4,85.9,normale,"Excellent état, conservation parfaite",2,2,7,False,True,normal,orageux
2022-07-27 04:02:02,Clinique des Spécialités,A+,44,9,0,35,5.0,9,95.9,normale,"Bon état général, légère variation température",2,4,7,False,True,normal,ensoleillé
2022-07-27 05:58:55,Hôpital Laquintinie,A+,19,4,0,15,4.0,18,89.4,faible,Parfait pour transfusion immédiate,2,5,7,False,True,normal,nuageux
2022-07-27 08:49:38,Hôpital Général Douala,A+,53,10,0,43,4.6,17,98.3,normale,Hémoglobine dans les normes,2,8,7,False,True,normal,ensoleillé
2022-07-27 08:50:08,Hôpital Général Douala,A+,50,9,0,41,3.4,6,100.0,normale,Contrôle bactériologique négatif,2,8,7,False,True,normal,ensoleillé
2022-07-27 10:52:39,Hôpital Général Douala,A+,55,7,0,48,4.0,7,94.8,normale,"État satisfaisant, contrôle qualité OK",2,10,7,False,True,normal,ensoleillé
2022-07-27 15:17:39,Centre Médical d'Excellence,A+,33,11,0,22,4.3,5,100.0,normale,Urgent: vérifier température stockage,2,15,7,False,True,normal,ensoleillé
2022-07-27 17:35:13,Hôpital Laquintinie,A+,45,10,0,35,4.1,5,100.0,normale,"Excellent état, conservation parfaite",2,17,7,False,True,normal,pluvieux
2022-07-27 18:02:48,Hôpital Militaire,A+,72,8,0,64,3.1,13,95.6,normale,Contrôle bactériologique négatif,2,18,7,False,True,normal,nuageux
2022-07-27 23:03:06,Hôpital Militaire,A+,31,3,0,28,3.2,1,56.4,attention,Urgent: vérifier température stockage,2,23,7,False,True,normal,orageux
2022-07-28 11:15:19,Clinique des Spécialités,A+,65,10,0,55,3.6,26,94.6,normale,Hémoglobine dans les normes,3,11,7,False,True,normal,ensoleillé
2022-07-28 11:27:55,Hôpital Général Douala,A+,49,2,0,47,3.8,8,97.7,normale,Hémoglobine dans les normes,3,11,7,False,True,normal,ensoleillé
2022-07-28 14:21:30,Clinique des Spécialités,A+,100,10,0,90,3.2,8,100.0,normale,Attention: proche expiration,3,14,7,False,True,normal,orageux
2022-07-28 18:07:59,Hôpital de District Bonassama,A+,53,14,0,39,3.7,4,89.2,normale,"Bon état général, légère variation température",3,18,7,False,True,normal,orageux
2022-07-28 19:12:20,Centre Médical d'Excellence,A+,81,11,19,89,2.7,1,58.1,attention,Hémoglobine dans les normes,3,19,7,False,True,normal,pluvieux
2022-07-28 21:00:46,Clinique des Spécialités,A+,81,11,0,70,5.2,18,100.0,normale,Hémoglobine dans les normes,3,21,7,False,True,normal,ensoleillé
2022-07-29 02:09:39,Hôpital Laquintinie,A+,25,18,0,7,3.4,3,81.0,critique,URGENT: Stock critique - Attention: proche expiration,4,2,7,False,True,normal,pluvieux
2022-07-29 03:11:31,Clinique des Spécialités,A+,38,8,0,30,3.3,34,100.0,normale,"Excellent état, conservation parfaite",4,3,7,False,True,normal,ensoleillé
2022-07-29 14:31:50,Hôpital Général Douala,A+,44,11,0,33,4.4,53,100.0,normale,"État satisfaisant, contrôle qualité OK",4,14,7,False,True,normal,pluvieux
2022-07-29 16:12:57,Hôpital Militaire,A+,51,9,0,42,4.8,23,99.0,normale,Parfait pour transfusion immédiate,4,16,7,False,True,normal,nuageux
2022-07-30 23:23:28,Hôpital Général Douala,A+,23,8,15,30,4.3,3,86.6,normale,"Bon état général, légère variation température",5,23,7,True,True,normal,nuageux
2022-07-31 08:21:52,Hôpital de District Bonassama,A+,20,4,17,33,4.5,41,100.0,normale,Attention: proche expiration,6,8,7,True,True,normal,ensoleillé
2022-08-01 00:34:53,Hôpital de District Bonassama,A+,23,9,22,36,4.3,1,57.1,attention,Urgent: vérifier température stockage,0,0,8,False,True,normal,ensoleillé
2022-08-01 05:07:36,Hôpital de District Bonassama,A+,37,9,0,28,4.6,7,100.0,normale,"Bon état général, légère variation température",0,5,8,False,True,normal,ensoleillé
2022-08-01 06:07:45,Hôpital Général Douala,A+,86,8,0,78,3.7,2,88.6,normale,"État satisfaisant, contrôle qualité OK",0,6,8,False,True,normal,nuageux
2022-08-01 07:53:30,Centre Médical d'Excellence,A+,81,12,21,90,4.3,1,64.5,attention,"État satisfaisant, contrôle qualité OK",0,7,8,False,True,normal,pluvieux
2022-08-01 10:55:44,Hôpital de District Bonassama,A+,48,13,0,35,4.4,2,80.9,normale,Contrôle bactériologique négatif,0,10,8,False,True,normal,pluvieux
2022-08-01 12:11:48,Clinique des Spécialités,A+,26,6,21,41,4.5,32,98.5,normale,Parfait pour transfusion immédiate,0,12,8,False,True,normal,pluvieux
2022-08-01 17:44:32,Hôpital Laquintinie,A+,61,2,14,73,3.7,18,96.1,normale,Parfait pour transfusion immédiate,0,17,8,False,True,normal,pluvieux
2022-08-02 01:32:01,Hôpital de District Bonassama,A+,33,5,0,28,4.3,3,94.0,normale,Parfait pour transfusion immédiate,1,1,8,False,True,normal,pluvieux
2022-08-02 03:31:56,Hôpital Militaire,A+,30,14,0,16,3.8,4,94.2,faible,Urgent: vérifier température stockage,1,3,8,False,True,normal,ensoleillé
2022-08-02 09:23:41,Hôpital de District Bonassama,A+,61,2,0,59,4.1,17,100.0,normale,Attention: proche expiration,1,9,8,False,True,normal,pluvieux
2022-08-02 09:32:18,Hôpital Général Douala,A+,57,2,0,55,4.3,7,100.0,normale,"État satisfaisant, contrôle qualité OK",1,9,8,False,True,normal,nuageux
2022-08-02 14:01:54,Hôpital de District Bonassama,A+,79,10,0,69,3.9,16,96.8,normale,"Bon état général, légère variation température",1,14,8,False,True,normal,nuageux
2022-08-02 14:40:11,Hôpital Laquintinie,A+,8,7,16,17,4.1,16,92.7,faible,Parfait pour transfusion immédiate,1,14,8,False,True,épidémie,nuageux
2022-08-02 22:05:30,Hôpital Laquintinie,A+,47,9,0,38,4.4,1,56.4,attention,Attention: proche expiration,1,22,8,False,True,normal,ensoleillé
2022-08-03 00:49:14,Clinique des Spécialités,A+,34,10,0,24,3.7,10,100.0,normale,Hémoglobine dans les normes,2,0,8,False,True,normal,orageux
2022-08-03 06:44:37,Hôpital Laquintinie,A+,65,12,0,53,4.2,15,100.0,normale,"État satisfaisant, contrôle qualité OK",2,6,8,False,True,normal,pluvieux
2022-08-03 08:12:49,Hôpital Militaire,A+,63,11,0,52,3.8,7,100.0,normale,"Bon état général, légère variation température",2,8,8,False,True,normal,nuageux
2022-08-03 16:09:46,Centre Médical d'Excellence,A+,28,10,27,45,3.8,7,100.0,normale,Urgent: vérifier température stockage,2,16,8,False,True,normal,pluvieux
2022-08-03 18:28:47,Hôpital Militaire,A+,68,13,0,55,4.1,50,89.6,normale,"État satisfaisant, contrôle qualité OK",2,18,8,False,True,campagne_don,ensoleillé
2022-08-03 21:07:16,Hôpital de District Bonassama,A+,102,9,0,93,3.8,2,84.7,normale,Parfait pour transfusion immédiate,2,21,8,False,True,normal,nuageux
2022-08-03 21:41:09,Hôpital de District Bonassama,A+,71,9,0,62,4.0,4,72.5,normale,Parfait pour transfusion immédiate,2,21,8,False,True,normal,orageux
2022-08-03 21:41:35,Centre Médical d'Excellence,A+,55,5,0,50,3.7,4,86.2,normale,Hémoglobine dans les normes,2,21,8,False,True,normal,nuageux
2022-08-04 01:30:33,Hôpital Laquintinie,A+,30,7,0,23,3.5,1,51.4,attention,"Excellent état, conservation parfaite",3,1,8,False,True,normal,pluvieux
2022-08-04 06:21:48,Centre Médical d'Excellence,A+,56,8,0,48,4.4,1,59.2,attention,Hémoglobine dans les normes,3,6,8,False,True,normal,ensoleillé
2022-08-04 08:46:39,Hôpital Militaire,A+,77,10,12,79,3.5,18,100.0,normale,"Excellent état, conservation parfaite",3,8,8,False,True,normal,pluvieux
2022-08-04 10:39:25,Hôpital Laquintinie,A+,75,9,0,66,4.2,1,56.5,attention,Attention: proche expiration,3,10,8,False,True,accident_route,orageux
2022-08-04 19:28:37,Hôpital Laquintinie,A+,92,10,0,82,3.6,20,100.0,normale,Attention: proche expiration,3,19,8,False,True,normal,pluvieux
2022-08-04 21:48:12,Hôpital Militaire,A+,79,8,0,71,4.6,16,98.0,normale,"Bon état général, légère variation température",3,21,8,False,True,normal,orageux
2022-08-05 01:13:29,Hôpital Militaire,A+,28,11,0,17,4.4,11,99.0,faible,Attention: proche expiration,4,1,8,False,True,normal,orageux
2022-08-05 02:30:09,Hôpital de District Bonassama,A+,37,2,0,35,4.1,11,97.6,normale,Urgent: vérifier température stockage,4,2,8,False,True,normal,nuageux
2022-08-05 07:11:32,Hôpital Laquintinie,A+,43,10,22,55,4.5,22,97.8,normale,Contrôle bactériologique négatif,4,7,8,False,True,normal,orageux
2022-08-05 08:27:28,Centre Médical d'Excellence,A+,56,9,0,47,4.5,15,97.4,normale,Urgent: vérifier température stockage,4,8,8,False,True,normal,nuageux
2022-08-05 08:53:16,Centre Médical d'Excellence,A+,60,14,0,46,2.9,29,100.0,normale,Hémoglobine dans les normes,4,8,8,False,True,normal,nuageux
2022-08-05 09:32:14,Centre Médical d'Excellence,A+,54,7,0,47,4.5,3,91.4,normale,"Bon état général, légère variation température",4,9,8,False,True,normal,nuageux
2022-08-05 11:09:13,Hôpital Laquintinie,A+,82,13,0,69,4.5,57,98.0,normale,Hémoglobine dans les normes,4,11,8,False,True,normal,pluvieux
2022-08-05 14:53:53,Hôpital Général Douala,A+,48,15,15,48,3.9,1,60.4,attention,"État satisfaisant, contrôle qualité OK",4,14,8,False,True,accident_route,nuageux
2022-08-05 15:35:57,Clinique des Spécialités,A+,82,11,21,92,4.1,14,100.0,normale,"Excellent état, conservation parfaite",4,15,8,False,True,normal,pluvieux
2022-08-05 20:07:20,Hôpital Laquintinie,A+,29,3,0,26,3.9,15,100.0,normale,Attention: proche expiration,4,20,8,False,True,normal,orageux
2022-08-06 00:46:23,Hôpital Laquintinie,A+,21,8,22,35,3.4,13,96.9,normale,"Bon état général, légère variation température",5,0,8,True,True,normal,ensoleillé
2022-08-06 17:10:24,Hôpital Général Douala,A+,48,7,0,41,4.1,17,95.6,normale,"Excellent état, conservation parfaite",5,17,8,True,True,normal,orageux
2022-08-06 18:02:25,Hôpital Laquintinie,A+,63,8,25,80,3.6,3,90.3,normale,Urgent: vérifier température stockage,5,18,8,True,True,normal,ensoleillé
2022-08-06 18:31:54,Hôpital Laquintinie,A+,37,6,0,31,4.5,15,93.5,normale,"Bon état général, légère variation température",5,18,8,True,True,normal,pluvieux
2022-08-06 20:09:13,Centre Médical d'Excellence,A+,49,2,0,47,3.6,18,91.3,normale,Parfait pour transfusion immédiate,5,20,8,True,True,normal,ensoleillé
2022-08-06 22:50:26,Hôpital Général Douala,A+,33,5,0,28,4.3,19,88.5,normale,Parfait pour transfusion immédiate,5,22,8,True,True,normal,ensoleillé
2022-08-06 23:03:36,Hôpital Laquintinie,A+,25,5,0,20,3.8,7,100.0,normale,"Bon état général, légère variation température",5,23,8,True,True,normal,orageux
2022-08-07 05:41:47,Hôpital Militaire,A+,19,5,21,35,3.6,2,92.3,normale,Urgent: vérifier température stockage,6,5,8,True,True,normal,ensoleillé
2022-08-07 07:48:16,Hôpital Laquintinie,A+,36,7,0,29,3.6,3,81.6,normale,Attention: proche expiration,6,7,8,True,True,normal,pluvieux
2022-08-07 14:00:26,Hôpital Général Douala,A+,19,3,0,16,3.3,2,83.1,faible,Hémoglobine dans les normes,6,14,8,True,True,normal,ensoleillé
2022-08-07 22:11:29,Clinique des Spécialités,A+,27,5,0,22,4.4,2,82.2,normale,"État satisfaisant, contrôle qualité OK",6,22,8,True,True,normal,pluvieux
2022-08-08 04:45:41,Hôpital Général Douala,A+,25,8,20,37,4.1,39,98.5,normale,Contrôle bactériologique négatif,0,4,8,False,True,normal,pluvieux
2022-08-08 05:39:31,Hôpital Général Douala,A+,50,9,19,60,4.4,17,96.4,normale,"État satisfaisant, contrôle qualité OK",0,5,8,False,True,normal,pluvieux
2022-08-08 13:28:44,Clinique des Spécialités,A+,65,14,13,64,4.6,37,98.4,normale,Parfait pour transfusion immédiate,0,13,8,False,True,accident_route,nuageux
2022-08-08 14:15:08,Hôpital Laquintinie,A+,65,7,22,80,3.7,21,100.0,normale,Attention: proche expiration,0,14,8,False,True,normal,ensoleillé
2022-08-08 16:18:52,Hôpital Général Douala,A+,49,4,17,62,3.7,1,55.8,attention,Attention: proche expiration,0,16,8,False,True,normal,ensoleillé
2022-08-08 17:31:06,Centre Médical d'Excellence,A+,62,8,22,76,3.5,28,100.0,normale,"État satisfaisant, contrôle qualité OK",0,17,8,False,True,épidémie,nuageux
2022-08-08 20:36:21,Centre Médical d'Excellence,A+,55,3,23,75,4.6,2,79.4,normale,Urgent: vérifier température stockage,0,20,8,False,True,normal,ensoleillé
2022-08-09 00:29:33,Hôpital Général Douala,A+,25,0,0,25,2.9,69,100.0,normale,Parfait pour transfusion immédiate,1,0,8,False,True,normal,ensoleillé
2022-08-09 03:58:37,Clinique des Spécialités,A+,26,8,17,35,4.9,20,100.0,normale,Attention: proche expiration,1,3,8,False,True,normal,ensoleillé
2022-08-09 06:33:29,Hôpital Militaire,A+,37,6,0,31,3.9,5,96.0,normale,Parfait pour transfusion immédiate,1,6,8,False,True,normal,ensoleillé
2022-08-09 09:08:21,Hôpital Militaire,A+,59,9,0,50,4.3,66,90.7,normale,"Excellent état, conservation parfaite",1,9,8,False,True,normal,ensoleillé
2022-08-09 23:20:54,Hôpital Général Douala,A+,15,6,0,9,4.1,7,100.0,critique,URGENT: Stock critique - Parfait pour transfusion immédiate,1,23,8,False,True,normal,pluvieux
2022-08-10 01:29:28,Centre Médical d'Excellence,A+,17,10,0,7,4.5,3,83.4,critique,"URGENT: Stock critique - Excellent état, conservation parfaite",2,1,8,False,True,normal,orageux
2022-08-10 08:33:00,Hôpital de District Bonassama,A+,39,4,0,35,4.0,1,67.7,attention,"Bon état général, légère variation température",2,8,8,False,True,normal,ensoleillé
2022-08-10 09:59:16,Hôpital Militaire,A+,47,15,0,32,4.5,1,66.0,attention,"Excellent état, conservation parfaite",2,9,8,False,True,normal,ensoleillé
2022-08-10 10:04:42,Hôpital Laquintinie,A+,51,8,0,43,3.5,9,100.0,normale,Urgent: vérifier température stockage,2,10,8,False,True,normal,orageux
2022-08-10 11:20:29,Hôpital Général Douala,A+,89,11,18,96,3.5,1,65.9,attention,"Bon état général, légère variation température",2,11,8,False,True,normal,pluvieux
2022-08-10 13:25:51,Clinique des Spécialités,A+,89,9,0,80,3.6,5,100.0,normale,Hémoglobine dans les normes,2,13,8,False,True,normal,ensoleillé
2022-08-10 16:31:39,Hôpital de District Bonassama,A+,35,12,0,23,3.4,23,100.0,normale,Urgent: vérifier température stockage,2,16,8,False,True,normal,nuageux
2022-08-10 19:32:19,Centre Médical d'Excellence,A+,51,10,16,57,3.1,3,86.7,normale,Hémoglobine dans les normes,2,19,8,False,True,normal,ensoleillé
2022-08-10 22:44:09,Hôpital de District Bonassama,A+,40,16,19,43,4.6,44,94.3,normale,"État satisfaisant, contrôle qualité OK",2,22,8,False,True,normal,ensoleillé
2022-08-11 03:32:52,Clinique des Spécialités,A+,11,10,0,1,3.8,87,89.4,critique,"URGENT: Stock critique - Bon état général, légère variation température",3,3,8,False,True,normal,nuageux
2022-08-11 05:29:37,Centre Médical d'Excellence,A+,13,3,15,25,3.8,49,100.0,normale,Attention: proche expiration,3,5,8,False,True,normal,ensoleillé
2022-08-11 07:02:44,Hôpital Général Douala,A+,28,8,0,20,3.9,2,93.8,normale,Contrôle bactériologique négatif,3,7,8,False,True,normal,ensoleillé
2022-08-11 12:10:24,Centre Médical d'Excellence,A+,43,12,14,45,3.7,4,89.3,normale,Hémoglobine dans les normes,3,12,8,False,True,normal,ensoleillé
2022-08-11 14:54:03,Hôpital Militaire,A+,64,9,0,55,4.0,5,95.6,normale,Hémoglobine dans les normes,3,14,8,False,True,normal,ensoleillé
2022-08-11 17:38:08,Hôpital Militaire,A+,49,12,13,50,4.0,10,99.9,normale,Parfait pour transfusion immédiate,3,17,8,False,True,normal,nuageux
2022-08-11 18:37:52,Hôpital Militaire,A+,39,9,19,49,3.9,5,96.8,normale,"Bon état général, légère variation température",3,18,8,False,True,normal,nuageux
2022-08-11 19:49:10,Hôpital Laquintinie,A+,86,15,0,71,3.5,5,100.0,normale,Contrôle bactériologique négatif,3,19,8,False,True,normal,nuageux
2022-08-11 20:27:33,Clinique des Spécialités,A+,23,17,18,24,4.1,6,98.0,normale,"Excellent état, conservation parfaite",3,20,8,False,True,normal,pluvieux
2022-08-11 23:30:13,Hôpital Général Douala,A+,29,10,0,19,3.9,4,83.0,faible,Urgent: vérifier température stockage,3,23,8,False,True,normal,ensoleillé
2022-08-12 04:41:45,Hôpital Laquintinie,A+,31,10,0,21,4.5,4,76.6,normale,Parfait pour transfusion immédiate,4,4,8,False,True,normal,pluvieux
2022-08-12 09:48:02,Centre Médical d'Excellence,A+,82,5,25,102,4.3,33,97.5,normale,"Excellent état, conservation parfaite",4,9,8,False,True,normal,ensoleillé
2022-08-12 09:50:34,Hôpital de District Bonassama,A+,86,11,13,88,4.1,31,99.4,normale,Attention: proche expiration,4,9,8,False,True,normal,pluvieux
2022-08-12 10:50:19,Hôpital de District Bonassama,A+,54,9,0,45,3.3,37,100.0,normale,Contrôle bactériologique négatif,4,10,8,False,True,normal,pluvieux
2022-08-12 17:15:08,Hôpital Laquintinie,A+,62,11,0,51,4.2,3,85.7,normale,Hémoglobine dans les normes,4,17,8,False,True,normal,ensoleillé
2022-08-12 18:36:09,Hôpital Général Douala,A+,63,18,20,65,3.1,4,83.1,normale,Urgent: vérifier température stockage,4,18,8,False,True,normal,ensoleillé
2022-08-12 18:39:51,Clinique des Spécialités,A+,38,4,0,34,4.1,59,100.0,normale,"Bon état général, légère variation température",4,18,8,False,True,normal,nuageux
2022-08-12 23:39:23,Hôpital Général Douala,A+,28,6,0,22,3.1,5,100.0,normale,"Excellent état, conservation parfaite",4,23,8,False,True,normal,nuageux
2022-08-13 04:31:41,Centre Médical d'Excellence,A+,9,10,23,23,3.8,33,92.1,normale,Attention: proche expiration,5,4,8,True,True,normal,ensoleillé
2022-08-13 16:15:41,Hôpital Laquintinie,A+,54,4,0,50,3.4,9,98.2,normale,Hémoglobine dans les normes,5,16,8,True,True,normal,ensoleillé
2022-08-13 18:34:57,Clinique des Spécialités,A+,27,7,0,20,4.0,16,95.2,normale,Urgent: vérifier température stockage,5,18,8,True,True,normal,ensoleillé
2022-08-13 19:41:08,Hôpital Général Douala,A+,41,6,0,35,3.9,2,83.5,normale,Contrôle bactériologique négatif,5,19,8,True,True,normal,pluvieux
2022-08-13 19:59:04,Hôpital Général Douala,A+,41,10,18,49,3.5,10,96.0,normale,Hémoglobine dans les normes,5,19,8,True,True,normal,nuageux
2022-08-13 20:03:19,Hôpital de District Bonassama,A+,68,7,0,61,4.4,3,89.8,normale,Hémoglobine dans les normes,5,20,8,True,True,normal,pluvieux
2022-08-13 20:57:16,Clinique des Spécialités,A+,24,7,0,17,4.0,5,95.7,faible,Attention: proche expiration,5,20,8,True,True,normal,ensoleillé
2022-08-14 14:25:47,Hôpital Laquintinie,A+,47,10,0,37,4.0,24,97.5,normale,"Excellent état, conservation parfaite",6,14,8,True,True,normal,ensoleillé
2022-08-14 15:05:23,Hôpital Militaire,A+,38,7,0,31,3.9,23,100.0,normale,Urgent: vérifier température stockage,6,15,8,True,True,normal,ensoleillé
2022-08-15 05:28:00,Hôpital Général Douala,A+,22,10,0,12,4.3,5,96.3,faible,Parfait pour transfusion immédiate,0,5,8,False,True,normal,nuageux
2022-08-15 13:00:46,Centre Médical d'Excellence,A+,49,5,17,61,3.8,12,100.0,normale,Contrôle bactériologique négatif,0,13,8,False,True,normal,ensoleillé
2022-08-15 16:41:37,Centre Médical d'Excellence,A+,49,6,0,43,4.3,1,50.3,attention,"État satisfaisant, contrôle qualité OK",0,16,8,False,True,normal,ensoleillé
2022-08-17 09:30:36,Hôpital Laquintinie,A+,20,13,0,7,4.1,15,90.4,critique,"URGENT: Stock critique - Bon état général, légère variation température",2,9,8,False,True,normal,nuageux
2022-08-17 16:22:53,Centre Médical d'Excellence,A+,78,5,21,94,4.8,5,100.0,normale,Contrôle bactériologique négatif,2,16,8,False,True,normal,nuageux
2022-08-17 18:11:59,Hôpital Laquintinie,A+,63,12,0,51,3.8,21,100.0,normale,Contrôle bactériologique négatif,2,18,8,False,True,normal,ensoleillé
2022-08-17 20:04:35,Hôpital Général Douala,A+,90,15,0,75,4.0,1,64.5,attention,"Bon état général, légère variation température",2,20,8,False,True,normal,ensoleillé
2022-08-17 21:52:41,Hôpital Général Douala,A+,54,9,16,61,4.2,16,96.5,normale,Attention: proche expiration,2,21,8,False,True,normal,ensoleillé
2022-08-18 01:17:32,Hôpital Général Douala,A+,27,10,0,17,3.9,3,81.9,faible,Attention: proche expiration,3,1,8,False,True,normal,nuageux
2022-08-18 03:39:02,Hôpital Laquintinie,A+,33,7,17,43,4.4,4,89.5,normale,Contrôle bactériologique négatif,3,3,8,False,True,normal,orageux
2022-08-18 05:49:08,Hôpital de District Bonassama,A+,24,5,0,19,4.3,1,53.5,faible,"Excellent état, conservation parfaite",3,5,8,False,True,normal,pluvieux
2022-08-18 05:50:07,Hôpital Laquintinie,A+,39,5,0,34,4.1,3,86.6,normale,Urgent: vérifier température stockage,3,5,8,False,True,normal,nuageux
2022-08-18 15:07:41,Clinique des Spécialités,A+,62,10,0,52,4.5,3,87.5,normale,"État satisfaisant, contrôle qualité OK",3,15,8,False,True,normal,ensoleillé
2022-08-18 15:44:16,Hôpital de District Bonassama,A+,60,12,0,48,4.4,7,100.0,normale,"Bon état général, légère variation température",3,15,8,False,True,normal,ensoleillé
2022-08-18 17:57:51,Clinique des Spécialités,A+,71,9,0,62,4.1,13,100.0,normale,Urgent: vérifier température stockage,3,17,8,False,True,normal,pluvieux
2022-08-18 19:27:39,Centre Médical d'Excellence,A+,46,8,0,38,3.7,16,100.0,normale,Attention: proche expiration,3,19,8,False,True,normal,nuageux
2022-08-19 02:26:03,Hôpital Militaire,A+,31,7,0,24,4.0,2,89.7,normale,Hémoglobine dans les normes,4,2,8,False,True,normal,ensoleillé
2022-08-19 05:55:46,Hôpital de District Bonassama,A+,29,5,0,24,4.6,2,91.9,normale,Contrôle bactériologique négatif,4,5,8,False,True,normal,ensoleillé
2022-08-19 22:27:05,Hôpital de District Bonassama,A+,44,8,0,36,3.1,17,100.0,normale,"Excellent état, conservation parfaite",4,22,8,False,True,normal,ensoleillé
2022-08-19 23:03:50,Hôpital Général Douala,A+,29,7,10,32,3.6,5,100.0,normale,"État satisfaisant, contrôle qualité OK",4,23,8,False,True,normal,orageux
2022-08-19 23:56:59,Hôpital Militaire,A+,16,9,0,7,3.9,6,95.9,critique,"URGENT: Stock critique - État satisfaisant, contrôle qualité OK",4,23,8,False,True,normal,orageux
2022-08-20 10:44:03,Hôpital Militaire,A+,41,1,0,40,4.0,8,100.0,normale,Attention: proche expiration,5,10,8,True,True,normal,pluvieux
2022-08-20 12:10:33,Centre Médical d'Excellence,A+,29,7,0,22,3.6,16,100.0,normale,Contrôle bactériologique négatif,5,12,8,True,True,normal,ensoleillé
2022-08-20 17:45:15,Clinique des Spécialités,A+,57,7,0,50,4.7,12,93.7,normale,"État satisfaisant, contrôle qualité OK",5,17,8,True,True,normal,ensoleillé
2022-08-20 17:53:21,Hôpital Général Douala,A+,56,7,0,49,3.5,1,68.9,attention,Urgent: vérifier température stockage,5,17,8,True,True,normal,orageux
2022-08-21 02:16:46,Hôpital de District Bonassama,A+,22,5,0,17,3.6,12,100.0,faible,Urgent: vérifier température stockage,6,2,8,True,True,normal,ensoleillé
2022-08-21 02:47:40,Hôpital Laquintinie,A+,15,6,17,26,3.9,5,97.6,normale,Urgent: vérifier température stockage,6,2,8,True,True,normal,ensoleillé
2022-08-21 03:00:25,Hôpital de District Bonassama,A+,15,7,0,8,4.2,18,100.0,critique,URGENT: Stock critique - Parfait pour transfusion immédiate,6,3,8,True,True,normal,ensoleillé
2022-08-21 10:31:25,Clinique des Spécialités,A+,47,10,21,58,4.6,35,93.6,normale,Parfait pour transfusion immédiate,6,10,8,True,True,normal,ensoleillé
2022-08-21 10:55:32,Hôpital de District Bonassama,A+,67,12,0,55,3.4,1,58.5,attention,Contrôle bactériologique négatif,6,10,8,True,True,normal,pluvieux
2022-08-21 11:15:12,Hôpital Laquintinie,A+,44,8,0,36,4.1,5,95.3,normale,"État satisfaisant, contrôle qualité OK",6,11,8,True,True,normal,pluvieux
2022-08-21 14:27:08,Centre Médical d'Excellence,A+,46,8,0,38,4.7,1,54.7,attention,Attention: proche expiration,6,14,8,True,True,normal,pluvieux
2022-08-21 23:35:51,Hôpital Général Douala,A+,23,6,25,42,3.3,15,94.9,normale,Urgent: vérifier température stockage,6,23,8,True,True,normal,nuageux
2022-08-22 00:21:03,Hôpital de District Bonassama,A+,38,8,0,30,3.3,6,95.5,normale,Urgent: vérifier température stockage,0,0,8,False,True,normal,pluvieux
2022-08-22 01:02:33,Centre Médical d'Excellence,A+,19,10,0,9,3.7,13,100.0,critique,URGENT: Stock critique - Contrôle bactériologique négatif,0,1,8,False,True,accident_route,pluvieux
2022-08-22 03:33:47,Hôpital Général Douala,A+,29,11,13,31,4.4,47,96.5,normale,"Excellent état, conservation parfaite",0,3,8,False,True,normal,ensoleillé
2022-08-22 06:02:35,Clinique des Spécialités,A+,50,13,0,37,3.6,2,83.2,normale,"Excellent état, conservation parfaite",0,6,8,False,True,normal,pluvieux
2022-08-22 14:07:59,Hôpital Militaire,A+,53,9,0,44,4.0,43,91.5,normale,Contrôle bactériologique négatif,0,14,8,False,True,normal,nuageux
2022-08-22 20:23:40,Hôpital Militaire,A+,75,11,25,89,4.1,51,91.4,normale,Urgent: vérifier température stockage,0,20,8,False,True,normal,ensoleillé
2022-08-22 21:29:37,Hôpital Général Douala,A+,82,9,0,73,3.5,4,85.4,normale,Attention: proche expiration,0,21,8,False,True,normal,pluvieux
2022-08-22 22:46:14,Hôpital Général Douala,A+,80,10,17,87,3.4,14,100.0,normale,Contrôle bactériologique négatif,0,22,8,False,True,normal,nuageux
2022-08-23 05:54:31,Hôpital Laquintinie,A+,48,8,0,40,5.0,25,99.6,normale,Hémoglobine dans les normes,1,5,8,False,True,normal,nuageux
2022-08-23 12:40:42,Hôpital Militaire,A+,44,5,15,54,4.2,20,98.2,normale,"Excellent état, conservation parfaite",1,12,8,False,True,urgence_médicale,ensoleillé
2022-08-23 18:40:34,Hôpital de District Bonassama,A+,56,7,0,49,4.1,7,97.9,normale,Urgent: vérifier température stockage,1,18,8,False,True,normal,orageux
2022-08-23 19:37:17,Hôpital Général Douala,A+,54,7,25,72,3.3,1,63.4,attention,"Bon état général, légère variation température",1,19,8,False,True,normal,nuageux
2022-08-24 03:43:03,Hôpital de District Bonassama,A+,36,3,0,33,4.1,15,100.0,normale,Urgent: vérifier température stockage,2,3,8,False,True,normal,nuageux
2022-08-24 05:03:35,Hôpital de District Bonassama,A+,34,5,21,50,4.6,2,81.6,normale,"Excellent état, conservation parfaite",2,5,8,False,True,normal,nuageux
2022-08-24 05:12:34,Hôpital Militaire,A+,28,12,29,45,4.4,32,99.0,normale,Attention: proche expiration,2,5,8,False,True,normal,ensoleillé
2022-08-24 09:09:36,Clinique des Spécialités,A+,80,8,0,72,4.6,26,100.0,normale,"Bon état général, légère variation température",2,9,8,False,True,normal,ensoleillé
2022-08-24 12:38:17,Hôpital Laquintinie,A+,95,13,0,82,4.0,28,99.2,normale,Urgent: vérifier température stockage,2,12,8,False,True,normal,pluvieux
2022-08-24 14:49:06,Centre Médical d'Excellence,A+,53,4,0,49,3.8,87,100.0,normale,Contrôle bactériologique négatif,2,14,8,False,True,normal,pluvieux
2022-08-24 23:54:16,Hôpital Militaire,A+,39,8,0,31,3.7,14,100.0,normale,Urgent: vérifier température stockage,2,23,8,False,True,normal,orageux
2022-08-25 01:11:29,Clinique des Spécialités,A+,26,7,30,49,4.0,4,83.7,normale,Hémoglobine dans les normes,3,1,8,False,True,normal,orageux
2022-08-25 04:30:20,Hôpital Militaire,A+,23,13,15,25,4.1,2,84.8,normale,Urgent: vérifier température stockage,3,4,8,False,True,normal,nuageux
2022-08-25 04:40:14,Hôpital Laquintinie,A+,29,7,0,22,4.0,5,95.7,normale,Attention: proche expiration,3,4,8,False,True,normal,pluvieux
2022-08-25 05:17:32,Centre Médical d'Excellence,A+,20,11,0,9,4.2,36,100.0,critique,URGENT: Stock critique - Attention: proche expiration,3,5,8,False,True,normal,pluvieux
2022-08-25 23:48:45,Centre Médical d'Excellence,A+,36,7,24,53,3.6,9,96.4,normale,Urgent: vérifier température stockage,3,23,8,False,True,normal,ensoleillé
2022-08-26 01:10:12,Hôpital Laquintinie,A+,35,9,0,26,4.1,48,94.2,normale,"Bon état général, légère variation température",4,1,8,False,True,normal,ensoleillé
2022-08-26 06:10:53,Hôpital Militaire,A+,65,6,19,78,4.6,14,96.7,normale,"Bon état général, légère variation température",4,6,8,False,True,normal,ensoleillé
2022-08-27 07:17:05,Hôpital Général Douala,A+,52,5,0,47,3.2,7,100.0,normale,"Excellent état, conservation parfaite",5,7,8,True,True,normal,pluvieux
2022-08-27 07:35:58,Clinique des Spécialités,A+,39,8,0,31,3.7,1,63.5,attention,Contrôle bactériologique négatif,5,7,8,True,True,normal,ensoleillé
2022-08-27 12:29:03,Clinique des Spécialités,A+,21,8,19,32,3.6,27,94.6,normale,"Bon état général, légère variation température",5,12,8,True,True,normal,ensoleillé
2022-08-27 20:24:49,Hôpital Militaire,A+,55,5,18,68,4.3,24,93.2,normale,Attention: proche expiration,5,20,8,True,True,normal,ensoleillé
2022-08-27 20:28:43,Hôpital de District Bonassama,A+,36,6,20,50,3.8,39,90.5,normale,Hémoglobine dans les normes,5,20,8,True,True,accident_route,ensoleillé
2022-08-27 23:31:49,Centre Médical d'Excellence,A+,15,3,0,12,3.4,8,95.9,faible,Urgent: vérifier température stockage,5,23,8,True,True,normal,ensoleillé
2022-08-28 06:41:44,Centre Médical d'Excellence,A+,37,4,0,33,3.9,21,99.3,normale,Contrôle bactériologique négatif,6,6,8,True,True,épidémie,pluvieux
2022-08-28 08:41:49,Centre Médical d'Excellence,A+,29,4,0,25,3.8,38,100.0,normale,"Bon état général, légère variation température",6,8,8,True,True,normal,ensoleillé
2022-08-28 10:46:55,Hôpital de District Bonassama,A+,50,4,0,46,4.2,24,95.4,normale,Contrôle bactériologique négatif,6,10,8,True,True,normal,ensoleillé
2022-08-28 13:21:15,Hôpital Général Douala,A+,34,8,0,26,3.9,22,100.0,normale,Attention: proche expiration,6,13,8,True,True,normal,orageux
2022-08-28 13:24:29,Hôpital Laquintinie,A+,52,3,24,73,3.5,100,96.7,normale,"Bon état général, légère variation température",6,13,8,True,True,normal,ensoleillé
2022-08-28 21:40:51,Clinique des Spécialités,A+,41,7,0,34,3.5,10,93.4,normale,"État satisfaisant, contrôle qualité OK",6,21,8,True,True,normal,nuageux
2022-08-28 23:53:31,Centre Médical d'Excellence,A+,19,4,0,15,4.0,5,100.0,faible,Parfait pour transfusion immédiate,6,23,8,True,True,normal,ensoleillé
2022-08-29 00:08:51,Hôpital Laquintinie,A+,29,5,0,24,3.4,17,100.0,normale,Hémoglobine dans les normes,0,0,8,False,True,normal,orageux
2022-08-29 05:29:02,Hôpital Général Douala,A+,26,15,0,11,4.8,6,100.0,faible,Hémoglobine dans les normes,0,5,8,False,True,normal,nuageux
2022-08-29 05:35:48,Clinique des Spécialités,A+,38,4,22,56,3.3,1,58.6,attention,"État satisfaisant, contrôle qualité OK",0,5,8,False,True,normal,ensoleillé
2022-08-29 09:50:21,Hôpital Laquintinie,A+,70,9,0,61,5.0,3,81.1,normale,"État satisfaisant, contrôle qualité OK",0,9,8,False,True,normal,nuageux
2022-08-29 12:30:19,Hôpital de District Bonassama,A+,58,12,0,46,4.0,21,100.0,normale,"Bon état général, légère variation température",0,12,8,False,True,normal,nuageux
2022-08-29 17:04:59,Clinique des Spécialités,A+,91,9,24,106,3.1,1,51.4,attention,Urgent: vérifier température stockage,0,17,8,False,True,normal,ensoleillé
2022-08-29 23:08:19,Hôpital Militaire,A+,23,15,29,37,4.8,16,99.4,normale,Hémoglobine dans les normes,0,23,8,False,True,normal,pluvieux
2022-08-30 02:38:17,Hôpital Militaire,A+,33,4,15,44,4.0,10,93.2,normale,Contrôle bactériologique négatif,1,2,8,False,True,normal,ensoleillé
2022-08-30 07:49:34,Clinique des Spécialités,A+,75,17,15,73,4.8,3,91.0,normale,"Excellent état, conservation parfaite",1,7,8,False,True,campagne_don,ensoleillé
2022-08-30 08:48:08,Clinique des Spécialités,A+,44,9,12,47,3.0,5,100.0,normale,"État satisfaisant, contrôle qualité OK",1,8,8,False,True,normal,nuageux
2022-08-30 12:30:54,Hôpital de District Bonassama,A+,52,4,0,48,4.3,1,55.2,attention,Hémoglobine dans les normes,1,12,8,False,True,normal,pluvieux
2022-08-30 13:06:42,Hôpital Militaire,A+,52,9,0,43,3.3,13,96.8,normale,Urgent: vérifier température stockage,1,13,8,False,True,normal,orageux
2022-08-31 00:12:37,Hôpital Général Douala,A+,34,9,0,25,4.2,3,92.5,normale,Parfait pour transfusion immédiate,2,0,8,False,True,normal,ensoleillé
2022-08-31 02:48:46,Hôpital de District Bonassama,A+,16,10,0,6,4.1,10,98.2,critique,"URGENT: Stock critique - Excellent état, conservation parfaite",2,2,8,False,True,normal,ensoleillé
2022-08-31 16:40:13,Hôpital de District Bonassama,A+,60,11,0,49,4.3,15,100.0,normale,"Bon état général, légère variation température",2,16,8,False,True,normal,ensoleillé
2022-08-31 17:51:41,Hôpital Laquintinie,A+,53,0,0,53,5.0,3,72.5,normale,"État satisfaisant, contrôle qualité OK",2,17,8,False,True,normal,pluvieux
2022-09-01 01:17:21,Clinique des Spécialités,A+,26,8,18,36,3.7,19,100.0,normale,Urgent: vérifier température stockage,3,1,9,False,False,normal,ensoleillé
2022-09-01 03:52:23,Centre Médical d'Excellence,A+,33,12,24,45,4.1,7,98.5,normale,"Bon état général, légère variation température",3,3,9,False,False,normal,nuageux
2022-09-01 06:12:19,Hôpital Général Douala,A+,50,8,23,65,4.4,16,100.0,normale,"Excellent état, conservation parfaite",3,6,9,False,False,épidémie,ensoleillé
2022-09-01 09:17:41,Clinique des Spécialités,A+,61,6,0,55,4.5,25,93.6,normale,Attention: proche expiration,3,9,9,False,False,normal,pluvieux
2022-09-01 10:27:42,Hôpital de District Bonassama,A+,70,11,0,59,4.0,18,100.0,normale,"État satisfaisant, contrôle qualité OK",3,10,9,False,False,normal,pluvieux
2022-09-01 15:39:06,Hôpital Laquintinie,A+,46,6,0,40,3.5,35,91.2,normale,Attention: proche expiration,3,15,9,False,False,normal,ensoleillé
2022-09-01 16:46:20,Hôpital Militaire,A+,61,10,0,51,4.2,40,85.8,normale,Urgent: vérifier température stockage,3,16,9,False,False,normal,pluvieux
2022-09-01 19:43:16,Clinique des Spécialités,A+,69,3,0,66,4.2,34,100.0,normale,Urgent: vérifier température stockage,3,19,9,False,False,normal,orageux
2022-09-01 19:48:42,Clinique des Spécialités,A+,47,10,0,37,3.5,8,100.0,normale,"Excellent état, conservation parfaite",3,19,9,False,False,normal,orageux
2022-09-02 01:49:11,Hôpital de District Bonassama,A+,16,10,21,27,4.0,13,100.0,normale,Contrôle bactériologique négatif,4,1,9,False,False,normal,ensoleillé
2022-09-02 06:25:10,Centre Médical d'Excellence,A+,30,8,0,22,3.5,8,90.2,normale,Parfait pour transfusion immédiate,4,6,9,False,False,normal,ensoleillé
2022-09-02 06:41:37,Hôpital Général Douala,A+,57,11,18,64,3.9,24,96.9,normale,Urgent: vérifier température stockage,4,6,9,False,False,normal,ensoleillé
2022-09-02 08:11:47,Hôpital Général Douala,A+,47,10,0,37,3.7,35,100.0,normale,"Excellent état, conservation parfaite",4,8,9,False,False,normal,ensoleillé
2022-09-03 00:31:31,Hôpital Militaire,A+,24,4,0,20,4.6,56,98.3,normale,"État satisfaisant, contrôle qualité OK",5,0,9,True,False,normal,orageux
2022-09-03 04:09:57,Hôpital Général Douala,A+,13,12,16,17,3.3,5,91.3,faible,Contrôle bactériologique négatif,5,4,9,True,False,normal,nuageux
2022-09-03 04:51:44,Hôpital Militaire,A+,12,4,0,8,4.4,3,84.0,critique,"URGENT: Stock critique - Bon état général, légère variation température",5,4,9,True,False,normal,ensoleillé
2022-09-03 13:15:22,Hôpital Général Douala,A+,48,7,0,41,4.3,45,100.0,normale,"Excellent état, conservation parfaite",5,13,9,True,False,normal,pluvieux
2022-09-03 17:33:40,Hôpital de District Bonassama,A+,37,7,0,30,3.7,7,100.0,normale,Parfait pour transfusion immédiate,5,17,9,True,False,normal,orageux
2022-09-03 17:48:54,Hôpital Militaire,A+,56,3,20,73,4.0,4,89.7,normale,Attention: proche expiration,5,17,9,True,False,normal,ensoleillé
2022-09-03 19:28:40,Hôpital Général Douala,A+,32,3,15,44,3.1,1,65.5,attention,Contrôle bactériologique négatif,5,19,9,True,False,normal,nuageux
2022-09-03 22:20:00,Hôpital Général Douala,A+,44,7,30,67,4.5,32,100.0,normale,"État satisfaisant, contrôle qualité OK",5,22,9,True,False,normal,pluvieux
2022-09-03 22:59:30,Hôpital Général Douala,A+,46,3,0,43,4.1,11,99.4,normale,Contrôle bactériologique négatif,5,22,9,True,False,normal,ensoleillé
2022-09-03 23:18:36,Hôpital Général Douala,A+,13,7,0,6,3.6,4,86.6,critique,URGENT: Stock critique - Urgent: vérifier température stockage,5,23,9,True,False,normal,pluvieux
2022-09-04 03:02:18,Hôpital Militaire,A+,22,6,0,16,4.3,2,88.1,faible,"Bon état général, légère variation température",6,3,9,True,False,normal,ensoleillé
2022-09-04 16:26:53,Clinique des Spécialités,A+,32,1,0,31,3.5,13,98.5,normale,"Excellent état, conservation parfaite",6,16,9,True,False,normal,orageux
2022-09-04 19:57:33,Centre Médical d'Excellence,A+,23,3,27,47,4.9,7,100.0,normale,Contrôle bactériologique négatif,6,19,9,True,False,normal,pluvieux
2022-09-04 21:19:16,Hôpital Militaire,A+,37,5,0,32,4.7,12,100.0,normale,Urgent: vérifier température stockage,6,21,9,True,False,normal,ensoleillé
2022-09-05 12:45:52,Hôpital Général Douala,A+,50,6,0,44,3.7,11,100.0,normale,Contrôle bactériologique négatif,0,12,9,False,False,normal,ensoleillé
2022-09-05 20:45:04,Hôpital de District Bonassama,A+,56,8,0,48,3.9,6,100.0,normale,"Bon état général, légère variation température",0,20,9,False,False,normal,ensoleillé
2022-09-06 05:30:35,Hôpital Laquintinie,A+,18,7,0,11,3.4,22,98.6,faible,"Bon état général, légère variation température",1,5,9,False,False,normal,orageux
2022-09-06 07:17:16,Hôpital Laquintinie,A+,49,11,0,38,4.0,46,100.0,normale,"Excellent état, conservation parfaite",1,7,9,False,False,normal,ensoleillé
2022-09-06 07:49:05,Hôpital de District Bonassama,A+,34,9,0,25,4.4,7,96.4,normale,Parfait pour transfusion immédiate,1,7,9,False,False,accident_route,pluvieux
2022-09-06 08:33:44,Clinique des Spécialités,A+,28,6,0,22,3.5,27,100.0,normale,Hémoglobine dans les normes,1,8,9,False,False,normal,nuageux
2022-09-06 12:01:23,Hôpital de District Bonassama,A+,26,5,0,21,3.6,9,100.0,normale,"État satisfaisant, contrôle qualité OK",1,12,9,False,False,normal,nuageux
2022-09-06 17:17:41,Hôpital Général Douala,A+,44,9,13,48,4.0,66,95.2,normale,Contrôle bactériologique négatif,1,17,9,False,False,normal,pluvieux
2022-09-06 17:34:51,Hôpital de District Bonassama,A+,16,5,18,29,3.6,7,100.0,normale,"Excellent état, conservation parfaite",1,17,9,False,False,normal,pluvieux
2022-09-06 21:52:42,Clinique des Spécialités,A+,36,11,0,25,3.9,2,89.9,normale,"État satisfaisant, contrôle qualité OK",1,21,9,False,False,normal,ensoleillé
2022-09-07 01:37:51,Hôpital Général Douala,A+,30,5,0,25,3.2,30,95.3,normale,"État satisfaisant, contrôle qualité OK",2,1,9,False,False,normal,pluvieux
2022-09-07 06:41:58,Hôpital Général Douala,A+,35,7,0,28,4.0,8,100.0,normale,"Bon état général, légère variation température",2,6,9,False,False,normal,ensoleillé
2022-09-07 10:59:59,Hôpital Militaire,A+,24,10,24,38,4.3,3,82.3,normale,Parfait pour transfusion immédiate,2,10,9,False,False,normal,pluvieux
2022-09-07 18:52:11,Centre Médical d'Excellence,A+,63,4,0,59,4.0,23,100.0,normale,"Bon état général, légère variation température",2,18,9,False,False,normal,orageux
2022-09-07 22:21:52,Hôpital Laquintinie,A+,60,8,0,52,4.1,1,60.6,attention,"Bon état général, légère variation température",2,22,9,False,False,normal,ensoleillé
2022-09-07 23:36:09,Hôpital Militaire,A+,16,16,20,20,4.0,25,100.0,normale,Parfait pour transfusion immédiate,2,23,9,False,False,accident_route,ensoleillé
2022-09-08 04:19:04,Hôpital Général Douala,A+,18,8,0,10,3.7,5,100.0,faible,Contrôle bactériologique négatif,3,4,9,False,False,normal,ensoleillé
2022-09-08 09:37:29,Hôpital Laquintinie,A+,32,7,23,48,4.8,44,100.0,normale,"État satisfaisant, contrôle qualité OK",3,9,9,False,False,normal,ensoleillé
2022-09-08 13:42:02,Centre Médical d'Excellence,A+,25,9,13,29,4.5,12,90.9,normale,Attention: proche expiration,3,13,9,False,False,normal,ensoleillé
2022-09-08 22:20:03,Centre Médical d'Excellence,A+,67,1,0,66,4.1,36,100.0,normale,Attention: proche expiration,3,22,9,False,False,normal,pluvieux
2022-09-09 01:02:17,Hôpital Militaire,A+,36,10,17,43,4.3,45,97.6,normale,"État satisfaisant, contrôle qualité OK",4,1,9,False,False,normal,pluvieux
2022-09-09 04:41:23,Hôpital Laquintinie,A+,16,12,14,18,4.3,7,100.0,faible,Attention: proche expiration,4,4,9,False,False,normal,ensoleillé
2022-09-09 05:44:55,Hôpital Militaire,A+,40,6,0,34,4.7,1,60.4,attention,Parfait pour transfusion immédiate,4,5,9,False,False,normal,pluvieux
2022-09-09 08:22:20,Hôpital Laquintinie,A+,12,7,0,5,4.6,66,100.0,critique,URGENT: Stock critique - Attention: proche expiration,4,8,9,False,False,normal,nuageux
2022-09-09 11:32:15,Hôpital Général Douala,A+,49,4,0,45,4.1,15,94.2,normale,Contrôle bactériologique négatif,4,11,9,False,False,normal,ensoleillé
2022-09-09 18:42:24,Clinique des Spécialités,A+,28,6,0,22,3.3,1,56.2,attention,"Bon état général, légère variation température",4,18,9,False,False,normal,ensoleillé
2022-09-09 23:49:10,Hôpital Laquintinie,A+,19,7,0,12,4.1,7,96.8,faible,Attention: proche expiration,4,23,9,False,False,normal,ensoleillé
2022-09-10 12:07:19,Clinique des Spécialités,A+,41,6,0,35,3.5,5,100.0,normale,"Excellent état, conservation parfaite",5,12,9,True,False,normal,nuageux
2022-09-10 12:59:39,Clinique des Spécialités,A+,50,8,23,65,4.3,2,88.8,normale,Contrôle bactériologique négatif,5,12,9,True,False,normal,nuageux
2022-09-10 18:34:13,Hôpital de District Bonassama,A+,38,5,0,33,3.9,76,100.0,normale,Hémoglobine dans les normes,5,18,9,True,False,normal,ensoleillé
2022-09-11 09:46:12,Hôpital Militaire,A+,34,2,0,32,3.5,33,100.0,normale,Parfait pour transfusion immédiate,6,9,9,True,False,normal,pluvieux
2022-09-11 11:54:43,Hôpital Militaire,A+,52,12,0,40,4.4,1,55.0,attention,"Excellent état, conservation parfaite",6,11,9,True,False,normal,ensoleillé
2022-09-12 07:19:55,Hôpital Militaire,A+,65,5,0,60,4.3,9,97.5,normale,Hémoglobine dans les normes,0,7,9,False,False,urgence_médicale,nuageux
2022-09-12 07:50:45,Clinique des Spécialités,A+,74,5,20,89,4.1,10,100.0,normale,Urgent: vérifier température stockage,0,7,9,False,False,normal,pluvieux
2022-09-12 14:31:00,Hôpital de District Bonassama,A+,61,5,0,56,4.0,6,100.0,normale,Contrôle bactériologique négatif,0,14,9,False,False,normal,pluvieux
2022-09-12 16:52:12,Hôpital Militaire,A+,32,10,0,22,4.1,9,97.9,normale,Urgent: vérifier température stockage,0,16,9,False,False,normal,ensoleillé
2022-09-12 16:59:45,Clinique des Spécialités,A+,55,6,0,49,3.7,21,98.7,normale,Hémoglobine dans les normes,0,16,9,False,False,normal,ensoleillé
2022-09-12 20:33:21,Clinique des Spécialités,A+,73,4,0,69,4.0,75,95.6,normale,Hémoglobine dans les normes,0,20,9,False,False,normal,pluvieux
2022-09-12 23:14:46,Hôpital Général Douala,A+,25,3,0,22,4.3,11,95.1,normale,Urgent: vérifier température stockage,0,23,9,False,False,accident_route,pluvieux
2022-09-13 00:48:52,Hôpital Laquintinie,A+,19,9,25,35,3.6,18,99.2,normale,Parfait pour transfusion immédiate,1,0,9,False,False,normal,ensoleillé
2022-09-13 03:14:48,Hôpital de District Bonassama,A+,22,6,0,16,3.9,53,99.5,faible,"Excellent état, conservation parfaite",1,3,9,False,False,normal,nuageux
2022-09-13 04:47:38,Centre Médical d'Excellence,A+,28,9,0,19,3.9,1,59.8,faible,Urgent: vérifier température stockage,1,4,9,False,False,normal,pluvieux
2022-09-13 04:54:23,Centre Médical d'Excellence,A+,1,6,21,21,3.5,24,98.1,normale,Parfait pour transfusion immédiate,1,4,9,False,False,normal,nuageux
2022-09-13 06:40:54,Hôpital Laquintinie,A+,64,5,0,59,4.0,1,54.3,attention,"État satisfaisant, contrôle qualité OK",1,6,9,False,False,normal,ensoleillé
2022-09-14 01:02:47,Hôpital Laquintinie,A+,21,6,19,34,4.4,2,76.0,normale,"Bon état général, légère variation température",2,1,9,False,False,normal,nuageux
2022-09-14 01:52:52,Hôpital de District Bonassama,A+,29,16,23,36,4.0,1,64.7,attention,"Bon état général, légère variation température",2,1,9,False,False,normal,pluvieux
2022-09-14 11:22:29,Clinique des Spécialités,A+,70,2,0,68,4.6,29,100.0,normale,Urgent: vérifier température stockage,2,11,9,False,False,normal,nuageux
2022-09-14 11:50:08,Hôpital de District Bonassama,A+,38,8,0,30,5.1,3,91.4,normale,Attention: proche expiration,2,11,9,False,False,normal,ensoleillé
2022-09-14 13:07:09,Hôpital Laquintinie,A+,35,3,25,57,4.3,7,100.0,normale,"Excellent état, conservation parfaite",2,13,9,False,False,normal,nuageux
2022-09-14 13:45:33,Hôpital Général Douala,A+,21,11,0,10,4.7,9,94.7,faible,"Bon état général, légère variation température",2,13,9,False,False,campagne_don,pluvieux
2022-09-14 17:14:34,Hôpital Laquintinie,A+,60,7,14,67,4.2,7,92.0,normale,"Bon état général, légère variation température",2,17,9,False,False,normal,orageux
2022-09-14 18:08:13,Hôpital Général Douala,A+,38,8,0,30,4.1,10,100.0,normale,Hémoglobine dans les normes,2,18,9,False,False,normal,ensoleillé
2022-09-14 18:53:53,Hôpital Général Douala,A+,35,13,0,22,4.9,13,92.2,normale,Urgent: vérifier température stockage,2,18,9,False,False,normal,pluvieux
2022-09-14 20:23:54,Hôpital de District Bonassama,A+,44,6,22,60,4.4,28,100.0,normale,Parfait pour transfusion immédiate,2,20,9,False,False,normal,nuageux
2022-09-14 23:30:30,Clinique des Spécialités,A+,23,9,0,14,3.4,24,100.0,faible,Hémoglobine dans les normes,2,23,9,False,False,normal,pluvieux
2022-09-15 04:03:01,Hôpital Militaire,A+,26,9,0,17,4.1,9,100.0,faible,Attention: proche expiration,3,4,9,False,False,normal,pluvieux
2022-09-15 05:04:51,Centre Médical d'Excellence,A+,20,4,0,16,3.7,6,100.0,faible,Parfait pour transfusion immédiate,3,5,9,False,False,normal,pluvieux
2022-09-15 05:25:36,Clinique des Spécialités,A+,40,11,17,46,3.9,2,85.5,normale,Hémoglobine dans les normes,3,5,9,False,False,normal,ensoleillé
2022-09-15 11:29:50,Hôpital de District Bonassama,A+,38,4,0,34,3.3,12,98.2,normale,"Excellent état, conservation parfaite",3,11,9,False,False,normal,ensoleillé
2022-09-15 12:32:16,Clinique des Spécialités,A+,51,9,0,42,3.5,15,100.0,normale,"État satisfaisant, contrôle qualité OK",3,12,9,False,False,normal,pluvieux
2022-09-15 18:37:49,Hôpital Laquintinie,A+,36,12,13,37,3.8,4,94.5,normale,Contrôle bactériologique négatif,3,18,9,False,False,normal,pluvieux
2022-09-15 18:45:25,Centre Médical d'Excellence,A+,65,7,0,58,4.1,48,93.5,normale,"État satisfaisant, contrôle qualité OK",3,18,9,False,False,normal,orageux
2022-09-16 05:07:47,Hôpital Militaire,A+,25,10,0,15,2.7,1,65.3,faible,Hémoglobine dans les normes,4,5,9,False,False,normal,nuageux
2022-09-16 08:39:44,Centre Médical d'Excellence,A+,52,2,0,50,3.8,3,92.0,normale,"État satisfaisant, contrôle qualité OK",4,8,9,False,False,normal,pluvieux
2022-09-16 09:08:01,Hôpital Général Douala,A+,37,13,14,38,4.0,5,92.7,normale,Hémoglobine dans les normes,4,9,9,False,False,normal,pluvieux
2022-09-16 14:54:16,Hôpital de District Bonassama,A+,54,5,27,76,4.7,8,100.0,normale,Attention: proche expiration,4,14,9,False,False,normal,pluvieux
2022-09-16 20:50:36,Hôpital Général Douala,A+,64,11,0,53,4.2,19,100.0,normale,Hémoglobine dans les normes,4,20,9,False,False,normal,ensoleillé
2022-09-16 20:58:16,Hôpital Général Douala,A+,32,3,0,29,4.1,19,97.8,normale,Contrôle bactériologique négatif,4,20,9,False,False,normal,nuageux
2022-09-16 23:46:00,Clinique des Spécialités,A+,21,5,20,36,4.9,8,95.9,normale,"Excellent état, conservation parfaite",4,23,9,False,False,normal,pluvieux
2022-09-17 02:11:19,Centre Médical d'Excellence,A+,24,7,0,17,5.1,7,100.0,faible,"État satisfaisant, contrôle qualité OK",5,2,9,True,False,normal,ensoleillé
2022-09-17 17:28:29,Hôpital Militaire,A+,35,7,0,28,3.9,79,93.7,normale,Urgent: vérifier température stockage,5,17,9,True,False,normal,ensoleillé
2022-09-17 22:18:57,Clinique des Spécialités,A+,28,4,0,24,3.6,21,100.0,normale,Parfait pour transfusion immédiate,5,22,9,True,False,normal,ensoleillé
2022-09-18 05:03:29,Hôpital Militaire,A+,15,4,18,29,3.0,36,100.0,normale,Urgent: vérifier température stockage,6,5,9,True,False,normal,pluvieux
2022-09-18 05:38:15,Centre Médical d'Excellence,A+,20,10,0,10,4.3,1,55.8,faible,"État satisfaisant, contrôle qualité OK",6,5,9,True,False,normal,orageux
2022-09-18 08:27:10,Clinique des Spécialités,A+,27,8,30,49,4.0,36,95.7,normale,"État satisfaisant, contrôle qualité OK",6,8,9,True,False,normal,pluvieux
2022-09-18 10:15:54,Centre Médical d'Excellence,A+,39,4,0,35,4.2,71,100.0,normale,Parfait pour transfusion immédiate,6,10,9,True,False,normal,ensoleillé
2022-09-18 12:37:16,Hôpital Laquintinie,A+,55,6,0,49,4.5,37,100.0,normale,"Excellent état, conservation parfaite",6,12,9,True,False,normal,ensoleillé
2022-09-18 18:49:25,Hôpital Militaire,A+,31,4,0,27,4.2,15,99.6,normale,Urgent: vérifier température stockage,6,18,9,True,False,accident_route,ensoleillé
2022-09-18 21:28:06,Centre Médical d'Excellence,A+,26,8,0,18,3.6,29,89.3,faible,"Bon état général, légère variation température",6,21,9,True,False,normal,pluvieux
2022-09-18 22:53:14,Hôpital Militaire,A+,33,4,0,29,4.1,21,98.3,normale,"État satisfaisant, contrôle qualité OK",6,22,9,True,False,normal,ensoleillé
2022-09-19 09:57:11,Hôpital de District Bonassama,A+,26,5,0,21,4.1,75,95.8,normale,Hémoglobine dans les normes,0,9,9,False,False,normal,pluvieux
2022-09-19 20:13:35,Hôpital Général Douala,A+,37,8,0,29,3.1,25,96.0,normale,Urgent: vérifier température stockage,0,20,9,False,False,normal,pluvieux
2022-09-20 00:31:52,Hôpital Général Douala,A+,18,13,21,26,4.8,1,65.0,attention,Parfait pour transfusion immédiate,1,0,9,False,False,normal,ensoleillé
2022-09-20 03:41:45,Centre Médical d'Excellence,A+,26,11,0,15,4.3,24,97.7,faible,Hémoglobine dans les normes,1,3,9,False,False,normal,pluvieux
2022-09-20 04:39:15,Hôpital de District Bonassama,A+,35,10,0,25,4.5,2,89.8,normale,"Excellent état, conservation parfaite",1,4,9,False,False,normal,ensoleillé
2022-09-20 05:12:47,Clinique des Spécialités,A+,22,10,0,12,3.4,8,93.4,faible,"État satisfaisant, contrôle qualité OK",1,5,9,False,False,normal,nuageux
2022-09-20 07:31:51,Hôpital Laquintinie,A+,50,1,0,49,4.0,11,100.0,normale,"Bon état général, légère variation température",1,7,9,False,False,normal,ensoleillé
2022-09-20 11:35:58,Centre Médical d'Excellence,A+,47,7,0,40,3.8,12,97.1,normale,Hémoglobine dans les normes,1,11,9,False,False,normal,ensoleillé
2022-09-20 14:22:18,Hôpital Laquintinie,A+,41,9,18,50,4.1,1,63.2,attention,Contrôle bactériologique négatif,1,14,9,False,False,normal,ensoleillé
2022-09-20 18:22:51,Clinique des Spécialités,A+,40,4,0,36,4.6,5,99.7,normale,Attention: proche expiration,1,18,9,False,False,normal,pluvieux
2022-09-20 23:14:19,Hôpital Militaire,A+,27,9,0,18,3.9,16,95.5,faible,Parfait pour transfusion immédiate,1,23,9,False,False,normal,nuageux
2022-09-21 02:06:35,Hôpital Laquintinie,A+,24,3,19,40,4.2,12,88.7,normale,"Bon état général, légère variation température",2,2,9,False,False,normal,ensoleillé
2022-09-21 10:15:33,Hôpital de District Bonassama,A+,74,9,0,65,4.0,14,95.8,normale,Parfait pour transfusion immédiate,2,10,9,False,False,normal,pluvieux
2022-09-21 12:43:58,Clinique des Spécialités,A+,50,9,0,41,2.9,3,88.7,normale,Urgent: vérifier température stockage,2,12,9,False,False,normal,ensoleillé
2022-09-21 13:03:32,Hôpital de District Bonassama,A+,79,12,0,67,4.1,45,94.8,normale,Hémoglobine dans les normes,2,13,9,False,False,normal,nuageux
2022-09-21 22:47:26,Clinique des Spécialités,A+,20,11,0,9,4.2,24,97.9,critique,URGENT: Stock critique - Hémoglobine dans les normes,2,22,9,False,False,normal,orageux
2022-09-22 01:25:24,Hôpital Général Douala,A+,32,11,0,21,4.9,15,100.0,normale,Attention: proche expiration,3,1,9,False,False,normal,ensoleillé
2022-09-22 07:53:44,Hôpital de District Bonassama,A+,57,6,0,51,4.4,68,100.0,normale,"État satisfaisant, contrôle qualité OK",3,7,9,False,False,normal,pluvieux
2022-09-22 15:13:08,Hôpital Laquintinie,A+,31,8,0,23,3.6,5,100.0,normale,Contrôle bactériologique négatif,3,15,9,False,False,normal,ensoleillé
2022-09-22 16:12:32,Hôpital Militaire,A+,60,13,0,47,4.0,50,100.0,normale,Hémoglobine dans les normes,3,16,9,False,False,normal,pluvieux
2022-09-22 17:58:58,Hôpital Militaire,A+,67,4,9,72,4.1,33,96.2,normale,Parfait pour transfusion immédiate,3,17,9,False,False,normal,ensoleillé
2022-09-23 01:28:57,Clinique des Spécialités,A+,26,7,18,37,3.7,3,89.6,normale,"Bon état général, légère variation température",4,1,9,False,False,urgence_médicale,nuageux
2022-09-23 10:21:09,Clinique des Spécialités,A+,52,6,0,46,3.5,14,100.0,normale,Attention: proche expiration,4,10,9,False,False,normal,nuageux
2022-09-23 11:46:00,Hôpital de District Bonassama,A+,44,8,0,36,4.0,9,100.0,normale,Urgent: vérifier température stockage,4,11,9,False,False,normal,ensoleillé
2022-09-23 13:43:03,Hôpital Militaire,A+,33,6,23,50,3.3,16,100.0,normale,"Bon état général, légère variation température",4,13,9,False,False,normal,orageux
2022-09-24 04:48:52,Hôpital Laquintinie,A+,19,4,18,33,3.4,12,100.0,normale,Parfait pour transfusion immédiate,5,4,9,True,False,normal,pluvieux
2022-09-24 05:00:11,Centre Médical d'Excellence,A+,13,7,0,6,3.8,23,100.0,critique,URGENT: Stock critique - Hémoglobine dans les normes,5,5,9,True,False,normal,orageux
2022-09-24 07:08:59,Hôpital Général Douala,A+,42,6,21,57,4.1,15,96.6,normale,"Bon état général, légère variation température",5,7,9,True,False,normal,nuageux
2022-09-24 07:21:04,Hôpital Général Douala,A+,22,3,0,19,3.8,11,100.0,faible,Hémoglobine dans les normes,5,7,9,True,False,normal,ensoleillé
2022-09-24 11:13:35,Hôpital Général Douala,A+,38,5,0,33,4.3,11,100.0,normale,"Excellent état, conservation parfaite",5,11,9,True,False,normal,nuageux
2022-09-24 11:26:11,Clinique des Spécialités,A+,47,7,0,40,4.2,6,100.0,normale,Parfait pour transfusion immédiate,5,11,9,True,False,normal,orageux
2022-09-24 11:46:53,Hôpital Laquintinie,A+,42,6,17,53,4.5,1,56.9,attention,Contrôle bactériologique négatif,5,11,9,True,False,normal,pluvieux
2022-09-24 21:27:35,Hôpital Laquintinie,A+,33,4,0,29,5.0,2,99.0,normale,Parfait pour transfusion immédiate,5,21,9,True,False,normal,nuageux
2022-09-24 21:38:36,Hôpital Général Douala,A+,25,3,18,40,4.0,45,100.0,normale,"Bon état général, légère variation température",5,21,9,True,False,normal,pluvieux
2022-09-24 23:46:15,Hôpital Laquintinie,A+,14,7,0,7,4.7,39,95.7,critique,URGENT: Stock critique - Hémoglobine dans les normes,5,23,9,True,False,normal,pluvieux
2022-09-25 02:11:09,Hôpital Général Douala,A+,21,3,0,18,3.8,31,98.2,faible,Contrôle bactériologique négatif,6,2,9,True,False,normal,ensoleillé
2022-09-25 11:08:42,Hôpital Laquintinie,A+,11,5,20,26,4.3,7,100.0,normale,"État satisfaisant, contrôle qualité OK",6,11,9,True,False,normal,ensoleillé
2022-09-25 14:29:00,Hôpital Laquintinie,A+,33,6,0,27,3.7,3,75.1,normale,"Excellent état, conservation parfaite",6,14,9,True,False,normal,nuageux
2022-09-25 19:35:03,Hôpital de District Bonassama,A+,32,5,15,42,4.7,1,67.0,attention,Hémoglobine dans les normes,6,19,9,True,False,normal,nuageux
2022-09-25 22:39:29,Centre Médical d'Excellence,A+,61,5,0,56,3.5,8,100.0,normale,"Excellent état, conservation parfaite",6,22,9,True,False,urgence_médicale,pluvieux
2022-09-26 00:40:39,Hôpital Militaire,A+,38,7,0,31,3.5,8,99.4,normale,"État satisfaisant, contrôle qualité OK",0,0,9,False,False,normal,ensoleillé
2022-09-26 01:34:35,Centre Médical d'Excellence,A+,19,9,0,10,5.0,3,84.1,faible,Contrôle bactériologique négatif,0,1,9,False,False,normal,orageux
2022-09-26 01:46:35,Centre Médical d'Excellence,A+,20,8,0,12,4.7,5,100.0,faible,"État satisfaisant, contrôle qualité OK",0,1,9,False,False,normal,nuageux
2022-09-26 18:20:15,Hôpital Laquintinie,A+,50,4,15,61,4.1,15,99.8,normale,Parfait pour transfusion immédiate,0,18,9,False,False,normal,ensoleillé
2022-09-27 00:41:01,Hôpital Laquintinie,A+,33,8,17,42,3.8,16,96.7,normale,"Excellent état, conservation parfaite",1,0,9,False,False,normal,ensoleillé
2022-09-27 07:03:07,Hôpital Général Douala,A+,41,8,0,33,3.6,13,99.2,normale,"Bon état général, légère variation température",1,7,9,False,False,normal,orageux
2022-09-27 08:26:45,Hôpital Militaire,A+,72,11,0,61,3.3,1,59.7,attention,Hémoglobine dans les normes,1,8,9,False,False,normal,pluvieux
2022-09-27 09:00:33,Hôpital de District Bonassama,A+,82,6,0,76,3.8,6,100.0,normale,"Excellent état, conservation parfaite",1,9,9,False,False,normal,pluvieux
2022-09-27 17:56:07,Hôpital de District Bonassama,A+,31,13,20,38,3.7,18,96.8,normale,"Excellent état, conservation parfaite",1,17,9,False,False,normal,ensoleillé
2022-09-27 20:28:36,Hôpital Laquintinie,A+,44,9,0,35,3.3,3,88.5,normale,Urgent: vérifier température stockage,1,20,9,False,False,normal,pluvieux
2022-09-27 21:24:18,Clinique des Spécialités,A+,33,8,17,42,4.1,5,99.1,normale,"Excellent état, conservation parfaite",1,21,9,False,False,normal,pluvieux
2022-09-28 00:56:21,Hôpital Laquintinie,A+,19,5,12,26,4.2,31,100.0,normale,"État satisfaisant, contrôle qualité OK",2,0,9,False,False,normal,pluvieux
2022-09-28 02:54:02,Hôpital Général Douala,A+,13,7,25,31,3.5,7,94.6,normale,Urgent: vérifier température stockage,2,2,9,False,False,normal,pluvieux
2022-09-28 04:27:37,Hôpital Général Douala,A+,16,2,0,14,4.3,7,90.5,faible,"État satisfaisant, contrôle qualité OK",2,4,9,False,False,normal,pluvieux
2022-09-28 05:47:07,Hôpital Laquintinie,A+,22,9,0,13,3.5,8,100.0,faible,"État satisfaisant, contrôle qualité OK",2,5,9,False,False,campagne_don,ensoleillé
2022-09-28 05:53:20,Hôpital de District Bonassama,A+,31,10,20,41,3.8,15,100.0,normale,Parfait pour transfusion immédiate,2,5,9,False,False,normal,orageux
2022-09-28 12:47:17,Clinique des Spécialités,A+,50,11,0,39,4.5,33,95.5,normale,Hémoglobine dans les normes,2,12,9,False,False,normal,pluvieux
2022-09-28 13:19:00,Hôpital Général Douala,A+,79,8,0,71,4.3,1,54.2,attention,"État satisfaisant, contrôle qualité OK",2,13,9,False,False,épidémie,pluvieux
2022-09-28 17:56:44,Hôpital de District Bonassama,A+,36,9,16,43,4.0,3,95.3,normale,Parfait pour transfusion immédiate,2,17,9,False,False,normal,ensoleillé
2022-09-28 20:24:38,Hôpital Laquintinie,A+,49,9,0,40,4.3,1,65.7,attention,Hémoglobine dans les normes,2,20,9,False,False,normal,pluvieux
2022-09-28 22:09:44,Hôpital Militaire,A+,62,3,26,85,3.4,12,96.7,normale,"Bon état général, légère variation température",2,22,9,False,False,normal,nuageux
2022-09-29 01:59:46,Centre Médical d'Excellence,A+,28,10,0,18,4.5,6,99.0,faible,Parfait pour transfusion immédiate,3,1,9,False,False,normal,pluvieux
2022-09-29 08:49:37,Hôpital Militaire,A+,36,7,27,56,3.2,24,100.0,normale,"État satisfaisant, contrôle qualité OK",3,8,9,False,False,urgence_médicale,ensoleillé
2022-09-29 14:06:19,Hôpital Général Douala,A+,53,8,0,45,4.4,1,60.8,attention,"Bon état général, légère variation température",3,14,9,False,False,normal,pluvieux
2022-09-29 15:59:49,Hôpital Laquintinie,A+,63,8,0,55,4.1,22,96.5,normale,Contrôle bactériologique négatif,3,15,9,False,False,normal,pluvieux
2022-09-29 17:07:55,Hôpital Militaire,A+,45,5,0,40,3.6,3,81.8,normale,"Bon état général, légère variation température",3,17,9,False,False,normal,pluvieux
2022-09-29 19:44:01,Clinique des Spécialités,A+,73,10,0,63,4.1,45,100.0,normale,Hémoglobine dans les normes,3,19,9,False,False,normal,ensoleillé
2022-09-30 02:24:12,Centre Médical d'Excellence,A+,18,9,17,26,4.3,13,100.0,normale,"Bon état général, légère variation température",4,2,9,False,False,normal,pluvieux
2022-09-30 17:50:17,Hôpital Général Douala,A+,26,4,0,22,4.3,36,100.0,normale,Urgent: vérifier température stockage,4,17,9,False,False,normal,pluvieux
2022-09-30 18:36:48,Hôpital Laquintinie,A+,50,5,20,65,3.3,8,92.6,normale,Contrôle bactériologique négatif,4,18,9,False,False,normal,pluvieux
2022-09-30 19:25:24,Hôpital Laquintinie,A+,50,5,0,45,4.2,4,82.4,normale,Parfait pour transfusion immédiate,4,19,9,False,False,épidémie,nuageux
2022-09-30 20:08:01,Hôpital Militaire,A+,39,4,0,35,3.4,24,94.5,normale,Contrôle bactériologique négatif,4,20,9,False,False,urgence_médicale,ensoleillé
2022-09-30 23:19:54,Hôpital Militaire,A+,36,6,0,30,3.4,1,65.0,attention,Attention: proche expiration,4,23,9,False,False,normal,pluvieux
2022-10-01 01:03:45,Hôpital de District Bonassama,A+,16,2,0,14,3.5,11,100.0,faible,"Excellent état, conservation parfaite",5,1,10,True,False,urgence_médicale,pluvieux
2022-10-01 01:18:38,Centre Médical d'Excellence,A+,27,5,0,22,4.0,42,92.3,normale,Parfait pour transfusion immédiate,5,1,10,True,False,normal,pluvieux
2022-10-01 03:09:36,Hôpital Laquintinie,A+,30,8,20,42,4.3,8,98.7,normale,Parfait pour transfusion immédiate,5,3,10,True,False,normal,nuageux
2022-10-01 06:13:24,Hôpital Laquintinie,A+,19,7,0,12,3.8,7,93.2,faible,Hémoglobine dans les normes,5,6,10,True,False,normal,orageux
2022-10-01 08:08:07,Clinique des Spécialités,A+,25,7,26,44,3.9,1,63.6,attention,"État satisfaisant, contrôle qualité OK",5,8,10,True,False,normal,ensoleillé
2022-10-01 13:02:22,Clinique des Spécialités,A+,44,5,14,53,3.4,14,100.0,normale,"État satisfaisant, contrôle qualité OK",5,13,10,True,False,normal,pluvieux
2022-10-01 14:11:18,Hôpital de District Bonassama,A+,47,4,0,43,4.5,4,84.8,normale,"État satisfaisant, contrôle qualité OK",5,14,10,True,False,normal,pluvieux
2022-10-01 15:19:48,Hôpital de District Bonassama,A+,37,2,0,35,3.6,78,97.7,normale,"Excellent état, conservation parfaite",5,15,10,True,False,épidémie,pluvieux
2022-10-01 15:47:48,Hôpital de District Bonassama,A+,26,1,0,25,4.1,31,100.0,normale,"État satisfaisant, contrôle qualité OK",5,15,10,True,False,normal,ensoleillé
2022-10-01 23:01:19,Centre Médical d'Excellence,A+,13,6,0,7,2.9,12,100.0,critique,"URGENT: Stock critique - État satisfaisant, contrôle qualité OK",5,23,10,True,False,normal,nuageux
2022-10-01 23:59:35,Hôpital Laquintinie,A+,24,3,0,21,4.9,10,100.0,normale,"Bon état général, légère variation température",5,23,10,True,False,normal,nuageux
2022-10-02 02:26:28,Hôpital Laquintinie,A+,13,4,22,31,3.7,1,59.3,attention,Parfait pour transfusion immédiate,6,2,10,True,False,normal,pluvieux
2022-10-02 02:29:44,Hôpital de District Bonassama,A+,19,4,0,15,4.3,22,100.0,faible,Contrôle bactériologique négatif,6,2,10,True,False,normal,ensoleillé
2022-10-02 21:58:49,Hôpital Militaire,A+,56,4,30,82,4.4,29,100.0,normale,"État satisfaisant, contrôle qualité OK",6,21,10,True,False,normal,ensoleillé
2022-10-03 07:15:39,Hôpital Militaire,A+,38,11,0,27,3.4,8,96.1,normale,"État satisfaisant, contrôle qualité OK",0,7,10,False,False,normal,orageux
2022-10-04 00:43:42,Hôpital Laquintinie,A+,26,9,0,17,4.3,7,92.9,faible,Parfait pour transfusion immédiate,1,0,10,False,False,normal,nuageux
2022-10-04 05:19:03,Hôpital de District Bonassama,A+,20,2,0,18,4.4,3,78.5,faible,Contrôle bactériologique négatif,1,5,10,False,False,normal,nuageux
2022-10-04 12:49:52,Hôpital Laquintinie,A+,48,4,23,67,4.1,3,80.2,normale,Attention: proche expiration,1,12,10,False,False,normal,ensoleillé
2022-10-05 04:00:10,Centre Médical d'Excellence,A+,25,8,17,34,3.4,3,92.5,normale,"Bon état général, légère variation température",2,4,10,False,False,normal,ensoleillé
2022-10-05 14:08:52,Centre Médical d'Excellence,A+,39,5,0,34,3.4,13,95.2,normale,"Bon état général, légère variation température",2,14,10,False,False,normal,ensoleillé
2022-10-05 22:02:51,Hôpital Militaire,A+,55,5,20,70,3.5,30,99.0,normale,"Excellent état, conservation parfaite",2,22,10,False,False,normal,pluvieux
2022-10-06 00:08:47,Hôpital de District Bonassama,A+,20,5,0,15,4.8,15,100.0,faible,"État satisfaisant, contrôle qualité OK",3,0,10,False,False,normal,nuageux
2022-10-06 04:43:33,Hôpital de District Bonassama,A+,22,8,0,14,4.8,2,83.1,faible,Parfait pour transfusion immédiate,3,4,10,False,False,normal,ensoleillé
2022-10-06 05:45:20,Hôpital Laquintinie,A+,27,11,15,31,3.4,7,100.0,normale,Attention: proche expiration,3,5,10,False,False,normal,orageux
2022-10-06 06:07:12,Centre Médical d'Excellence,A+,50,11,0,39,4.5,1,60.7,attention,Parfait pour transfusion immédiate,3,6,10,False,False,épidémie,ensoleillé
2022-10-06 06:57:43,Centre Médical d'Excellence,A+,68,12,0,56,3.8,2,83.0,normale,Contrôle bactériologique négatif,3,6,10,False,False,urgence_médicale,ensoleillé
2022-10-06 12:36:19,Hôpital Laquintinie,A+,43,8,0,35,4.4,1,65.0,attention,"État satisfaisant, contrôle qualité OK",3,12,10,False,False,normal,ensoleillé
2022-10-06 14:19:30,Hôpital Militaire,A+,62,5,0,57,4.7,1,56.2,attention,Attention: proche expiration,3,14,10,False,False,normal,orageux
2022-10-06 15:25:41,Hôpital Laquintinie,A+,70,3,0,67,4.2,23,100.0,normale,Contrôle bactériologique négatif,3,15,10,False,False,normal,pluvieux
2022-10-06 16:12:08,Hôpital Militaire,A+,44,9,22,57,3.3,15,100.0,normale,Parfait pour transfusion immédiate,3,16,10,False,False,normal,nuageux
2022-10-06 16:26:01,Hôpital Militaire,A+,47,6,25,66,3.8,1,59.9,attention,Contrôle bactériologique négatif,3,16,10,False,False,normal,ensoleillé
2022-10-07 06:32:12,Centre Médical d'Excellence,A+,59,12,21,68,4.2,13,94.7,normale,"Bon état général, légère variation température",4,6,10,False,False,normal,ensoleillé
2022-10-07 08:15:41,Hôpital Militaire,A+,35,4,0,31,4.2,21,100.0,normale,Attention: proche expiration,4,8,10,False,False,normal,nuageux
2022-10-07 15:02:44,Hôpital Général Douala,A+,53,9,0,44,4.3,20,92.2,normale,"Bon état général, légère variation température",4,15,10,False,False,normal,ensoleillé
2022-10-07 17:11:45,Hôpital de District Bonassama,A+,43,8,0,35,5.3,40,88.7,normale,Contrôle bactériologique négatif,4,17,10,False,False,normal,pluvieux
2022-10-07 18:58:17,Hôpital Militaire,A+,64,13,0,51,4.0,25,100.0,normale,"Excellent état, conservation parfaite",4,18,10,False,False,normal,ensoleillé
2022-10-07 22:50:23,Centre Médical d'Excellence,A+,69,4,0,65,3.9,2,84.6,normale,"État satisfaisant, contrôle qualité OK",4,22,10,False,False,normal,orageux
2022-10-07 23:00:09,Centre Médical d'Excellence,A+,21,6,0,15,3.8,7,100.0,faible,"Bon état général, légère variation température",4,23,10,False,False,normal,ensoleillé
2022-10-08 07:35:55,Centre Médical d'Excellence,A+,38,6,0,32,4.3,9,100.0,normale,"Excellent état, conservation parfaite",5,7,10,True,False,normal,ensoleillé
2022-10-08 11:21:30,Hôpital Général Douala,A+,29,4,0,25,3.8,4,88.7,normale,Contrôle bactériologique négatif,5,11,10,True,False,normal,ensoleillé
2022-10-08 14:11:47,Hôpital de District Bonassama,A+,54,5,0,49,4.3,14,100.0,normale,Hémoglobine dans les normes,5,14,10,True,False,normal,pluvieux
2022-10-08 20:45:21,Centre Médical d'Excellence,A+,43,4,0,39,3.4,11,96.0,normale,Urgent: vérifier température stockage,5,20,10,True,False,normal,ensoleillé
2022-10-08 21:21:55,Hôpital Général Douala,A+,15,6,0,9,4.6,16,97.5,critique,URGENT: Stock critique - Attention: proche expiration,5,21,10,True,False,normal,pluvieux
2022-10-09 01:25:23,Centre Médical d'Excellence,A+,9,4,17,22,3.7,2,83.2,normale,Contrôle bactériologique négatif,6,1,10,True,False,normal,nuageux
2022-10-09 04:53:44,Hôpital Laquintinie,A+,14,6,0,8,3.8,26,99.6,critique,URGENT: Stock critique - Hémoglobine dans les normes,6,4,10,True,False,normal,ensoleillé
2022-10-09 09:11:54,Hôpital de District Bonassama,A+,45,3,0,42,5.0,26,94.6,normale,Urgent: vérifier température stockage,6,9,10,True,False,normal,pluvieux
2022-10-09 16:57:28,Centre Médical d'Excellence,A+,44,10,0,34,4.0,7,94.5,normale,Hémoglobine dans les normes,6,16,10,True,False,normal,ensoleillé
2022-10-09 21:45:18,Hôpital de District Bonassama,A+,46,6,0,40,4.1,4,86.9,normale,"Bon état général, légère variation température",6,21,10,True,False,normal,pluvieux
2022-10-10 01:52:59,Hôpital Général Douala,A+,25,4,26,47,3.7,32,100.0,normale,Hémoglobine dans les normes,0,1,10,False,False,normal,ensoleillé
2022-10-10 04:36:37,Hôpital Général Douala,A+,23,8,18,33,4.6,1,61.9,attention,Parfait pour transfusion immédiate,0,4,10,False,False,normal,ensoleillé
2022-10-10 18:51:12,Hôpital Laquintinie,A+,45,3,0,42,4.0,39,96.9,normale,"Excellent état, conservation parfaite",0,18,10,False,False,normal,orageux
2022-10-10 21:03:03,Hôpital Général Douala,A+,65,9,17,73,4.1,12,98.0,normale,Attention: proche expiration,0,21,10,False,False,normal,ensoleillé
2022-10-10 21:34:49,Clinique des Spécialités,A+,57,10,0,47,4.5,4,80.9,normale,"Bon état général, légère variation température",0,21,10,False,False,normal,nuageux
2022-10-10 23:01:59,Hôpital de District Bonassama,A+,28,9,0,19,4.2,16,100.0,faible,Urgent: vérifier température stockage,0,23,10,False,False,normal,orageux
2022-10-11 08:57:53,Clinique des Spécialités,A+,51,12,0,39,4.8,6,100.0,normale,Contrôle bactériologique négatif,1,8,10,False,False,normal,nuageux
2022-10-11 17:37:31,Hôpital Laquintinie,A+,52,7,19,64,3.5,11,100.0,normale,"État satisfaisant, contrôle qualité OK",1,17,10,False,False,normal,nuageux
2022-10-12 05:19:14,Hôpital Laquintinie,A+,23,9,0,14,3.7,41,100.0,faible,"Bon état général, légère variation température",2,5,10,False,False,normal,pluvieux
2022-10-12 05:34:00,Hôpital Général Douala,A+,26,6,0,20,3.8,32,100.0,normale,Hémoglobine dans les normes,2,5,10,False,False,normal,pluvieux
2022-10-12 12:51:27,Hôpital Laquintinie,A+,60,8,0,52,3.8,3,89.8,normale,"État satisfaisant, contrôle qualité OK",2,12,10,False,False,normal,ensoleillé
2022-10-12 13:20:02,Hôpital Militaire,A+,87,9,0,78,4.0,26,97.8,normale,Hémoglobine dans les normes,2,13,10,False,False,normal,pluvieux
2022-10-12 22:47:56,Hôpital Laquintinie,A+,28,9,21,40,4.8,9,100.0,normale,Urgent: vérifier température stockage,2,22,10,False,False,normal,ensoleillé
2022-10-13 00:49:01,Hôpital Laquintinie,A+,38,2,0,36,4.6,1,59.4,attention,Parfait pour transfusion immédiate,3,0,10,False,False,normal,pluvieux
2022-10-13 02:55:15,Hôpital Général Douala,A+,20,4,0,16,4.2,46,100.0,faible,Parfait pour transfusion immédiate,3,2,10,False,False,normal,nuageux
2022-10-13 03:28:36,Clinique des Spécialités,A+,22,10,0,12,4.0,1,51.8,faible,"Bon état général, légère variation température",3,3,10,False,False,normal,ensoleillé
2022-10-13 14:11:49,Hôpital de District Bonassama,A+,38,13,0,25,4.2,3,87.5,normale,Urgent: vérifier température stockage,3,14,10,False,False,normal,pluvieux
2022-10-13 15:11:28,Hôpital Général Douala,A+,56,13,0,43,4.8,28,100.0,normale,Hémoglobine dans les normes,3,15,10,False,False,normal,ensoleillé
2022-10-13 17:03:08,Hôpital Général Douala,A+,68,8,0,60,3.8,1,63.4,attention,Urgent: vérifier température stockage,3,17,10,False,False,normal,nuageux
2022-10-13 20:22:28,Hôpital Militaire,A+,49,9,0,40,3.9,1,59.8,attention,Hémoglobine dans les normes,3,20,10,False,False,normal,ensoleillé
2022-10-14 01:07:04,Hôpital Général Douala,A+,24,4,0,20,3.9,16,100.0,normale,Hémoglobine dans les normes,4,1,10,False,False,normal,nuageux
2022-10-14 02:41:14,Hôpital Laquintinie,A+,27,5,23,45,3.4,3,78.5,normale,Attention: proche expiration,4,2,10,False,False,normal,ensoleillé
2022-10-14 06:37:55,Clinique des Spécialités,A+,68,7,30,91,4.2,7,100.0,normale,"Bon état général, légère variation température",4,6,10,False,False,normal,pluvieux
2022-10-14 06:48:11,Hôpital Militaire,A+,49,9,19,59,4.0,7,97.8,normale,"État satisfaisant, contrôle qualité OK",4,6,10,False,False,normal,ensoleillé
2022-10-14 06:56:04,Clinique des Spécialités,A+,29,12,0,17,3.8,13,99.7,faible,Hémoglobine dans les normes,4,6,10,False,False,normal,pluvieux
2022-10-14 09:46:01,Centre Médical d'Excellence,A+,60,5,0,55,3.6,12,97.5,normale,"État satisfaisant, contrôle qualité OK",4,9,10,False,False,normal,nuageux
2022-10-14 12:42:16,Centre Médical d'Excellence,A+,61,3,23,81,2.6,23,94.5,normale,"État satisfaisant, contrôle qualité OK",4,12,10,False,False,normal,nuageux
2022-10-14 13:00:09,Clinique des Spécialités,A+,56,5,0,51,4.8,4,81.5,normale,Attention: proche expiration,4,13,10,False,False,normal,pluvieux
2022-10-14 13:09:19,Hôpital Général Douala,A+,47,10,21,58,4.1,31,99.8,normale,Contrôle bactériologique négatif,4,13,10,False,False,normal,pluvieux
2022-10-14 15:56:17,Hôpital de District Bonassama,A+,68,7,14,75,4.1,4,77.5,normale,Hémoglobine dans les normes,4,15,10,False,False,normal,pluvieux
2022-10-14 18:48:48,Hôpital Militaire,A+,73,5,25,93,3.7,8,96.0,normale,"Excellent état, conservation parfaite",4,18,10,False,False,normal,pluvieux
2022-10-15 07:56:43,Hôpital de District Bonassama,A+,25,8,17,34,4.7,1,59.0,attention,Contrôle bactériologique négatif,5,7,10,True,False,normal,nuageux
2022-10-15 17:08:16,Hôpital Militaire,A+,19,4,22,37,4.3,2,71.7,normale,"Excellent état, conservation parfaite",5,17,10,True,False,normal,orageux
2022-10-15 19:10:44,Centre Médical d'Excellence,A+,36,0,0,36,4.0,22,100.0,normale,Parfait pour transfusion immédiate,5,19,10,True,False,épidémie,pluvieux
2022-10-15 19:22:11,Clinique des Spécialités,A+,42,7,14,49,4.4,21,100.0,normale,"Excellent état, conservation parfaite",5,19,10,True,False,normal,nuageux
2022-10-15 19:56:30,Centre Médical d'Excellence,A+,50,6,0,44,4.1,5,91.6,normale,Parfait pour transfusion immédiate,5,19,10,True,False,normal,pluvieux
2022-10-15 22:26:26,Hôpital Laquintinie,A+,23,5,23,41,3.8,11,94.4,normale,"Bon état général, légère variation température",5,22,10,True,False,normal,ensoleillé
2022-10-16 00:52:04,Centre Médical d'Excellence,A+,16,5,0,11,3.9,4,93.6,faible,Urgent: vérifier température stockage,6,0,10,True,False,normal,ensoleillé
2022-10-16 07:36:17,Centre Médical d'Excellence,A+,37,4,0,33,4.6,11,93.6,normale,Parfait pour transfusion immédiate,6,7,10,True,False,normal,pluvieux
2022-10-16 11:22:22,Centre Médical d'Excellence,A+,44,6,23,61,4.3,8,98.3,normale,"État satisfaisant, contrôle qualité OK",6,11,10,True,False,normal,orageux
2022-10-16 19:40:12,Hôpital Général Douala,A+,39,3,0,36,3.2,2,83.6,normale,Parfait pour transfusion immédiate,6,19,10,True,False,normal,pluvieux
2022-10-17 03:03:06,Centre Médical d'Excellence,A+,34,6,0,28,3.7,1,67.7,attention,"Bon état général, légère variation température",0,3,10,False,False,normal,pluvieux
2022-10-17 04:21:16,Hôpital Général Douala,A+,33,8,18,43,4.6,4,77.5,normale,Attention: proche expiration,0,4,10,False,False,normal,ensoleillé
2022-10-17 06:47:52,Hôpital Militaire,A+,47,5,22,64,4.0,11,95.6,normale,Parfait pour transfusion immédiate,0,6,10,False,False,normal,nuageux
2022-10-17 07:45:13,Hôpital Général Douala,A+,66,5,0,61,3.7,29,97.0,normale,Hémoglobine dans les normes,0,7,10,False,False,normal,pluvieux
2022-10-17 10:38:27,Centre Médical d'Excellence,A+,48,5,18,61,3.9,5,100.0,normale,"Excellent état, conservation parfaite",0,10,10,False,False,accident_route,ensoleillé
2022-10-17 13:45:09,Hôpital Général Douala,A+,86,8,0,78,3.8,32,93.4,normale,"Excellent état, conservation parfaite",0,13,10,False,False,normal,ensoleillé
2022-10-17 15:38:17,Hôpital de District Bonassama,A+,48,13,15,50,3.6,15,100.0,normale,Parfait pour transfusion immédiate,0,15,10,False,False,normal,orageux
2022-10-17 22:55:46,Hôpital de District Bonassama,A+,49,4,16,61,3.8,12,92.4,normale,Contrôle bactériologique négatif,0,22,10,False,False,normal,orageux
2022-10-18 05:13:36,Hôpital Laquintinie,A+,24,7,0,17,4.0,22,100.0,faible,Parfait pour transfusion immédiate,1,5,10,False,False,normal,orageux
2022-10-18 08:31:28,Hôpital Militaire,A+,56,12,0,44,4.2,10,99.7,normale,Hémoglobine dans les normes,1,8,10,False,False,normal,pluvieux
2022-10-18 10:15:33,Hôpital Laquintinie,A+,36,3,0,33,4.1,13,95.5,normale,Contrôle bactériologique négatif,1,10,10,False,False,normal,ensoleillé
2022-10-18 11:08:50,Hôpital Laquintinie,A+,56,12,0,44,3.3,14,100.0,normale,"Excellent état, conservation parfaite",1,11,10,False,False,normal,ensoleillé
2022-10-19 04:52:43,Centre Médical d'Excellence,A+,20,2,16,34,4.1,8,100.0,normale,Parfait pour transfusion immédiate,2,4,10,False,False,normal,pluvieux
2022-10-19 09:43:08,Clinique des Spécialités,A+,53,8,0,45,4.3,13,100.0,normale,Hémoglobine dans les normes,2,9,10,False,False,normal,ensoleillé
2022-10-19 18:32:25,Hôpital de District Bonassama,A+,66,3,0,63,4.3,11,100.0,normale,Attention: proche expiration,2,18,10,False,False,normal,nuageux
2022-10-20 00:22:23,Clinique des Spécialités,A+,41,9,0,32,4.1,12,100.0,normale,"Excellent état, conservation parfaite",3,0,10,False,False,campagne_don,ensoleillé
2022-10-20 06:16:16,Hôpital Général Douala,A+,47,7,19,59,4.1,6,100.0,normale,Hémoglobine dans les normes,3,6,10,False,False,normal,pluvieux
2022-10-20 07:25:19,Centre Médical d'Excellence,A+,57,8,0,49,4.5,5,96.2,normale,Urgent: vérifier température stockage,3,7,10,False,False,normal,pluvieux
2022-10-20 09:43:35,Hôpital Militaire,A+,43,8,15,50,3.3,1,53.6,attention,Urgent: vérifier température stockage,3,9,10,False,False,normal,pluvieux
2022-10-20 13:48:40,Clinique des Spécialités,A+,79,6,0,73,3.9,27,100.0,normale,Urgent: vérifier température stockage,3,13,10,False,False,normal,orageux
2022-10-21 09:32:20,Centre Médical d'Excellence,A+,62,8,0,54,4.7,1,65.8,attention,"Bon état général, légère variation température",4,9,10,False,False,normal,ensoleillé
2022-10-21 21:35:27,Centre Médical d'Excellence,A+,56,10,0,46,4.3,12,100.0,normale,Hémoglobine dans les normes,4,21,10,False,False,accident_route,pluvieux
2022-10-22 00:05:47,Clinique des Spécialités,A+,22,7,0,15,4.6,11,95.6,faible,Parfait pour transfusion immédiate,5,0,10,True,False,normal,orageux
2022-10-22 07:24:47,Centre Médical d'Excellence,A+,33,5,17,45,4.7,13,100.0,normale,"Bon état général, légère variation température",5,7,10,True,False,urgence_médicale,ensoleillé
2022-10-22 07:56:29,Hôpital de District Bonassama,A+,33,6,16,43,4.4,10,97.2,normale,Contrôle bactériologique négatif,5,7,10,True,False,normal,ensoleillé
2022-10-22 11:00:29,Hôpital Général Douala,A+,35,7,0,28,3.2,14,100.0,normale,"État satisfaisant, contrôle qualité OK",5,11,10,True,False,normal,pluvieux
2022-10-22 11:25:29,Hôpital Laquintinie,A+,35,3,0,32,3.2,9,100.0,normale,"Excellent état, conservation parfaite",5,11,10,True,False,normal,ensoleillé
2022-10-22 17:33:43,Hôpital Général Douala,A+,47,4,0,43,4.2,46,99.1,normale,"État satisfaisant, contrôle qualité OK",5,17,10,True,False,normal,pluvieux
2022-10-22 23:59:59,Hôpital Général Douala,A+,8,6,0,2,3.7,22,89.1,critique,"URGENT: Stock critique - État satisfaisant, contrôle qualité OK",5,23,10,True,False,normal,nuageux
2022-10-23 03:53:18,Hôpital Laquintinie,A+,14,5,0,9,3.6,2,85.4,critique,URGENT: Stock critique - Hémoglobine dans les normes,6,3,10,True,False,normal,ensoleillé
2022-10-23 05:04:08,Hôpital de District Bonassama,A+,10,2,0,8,3.7,1,63.1,critique,"URGENT: Stock critique - État satisfaisant, contrôle qualité OK",6,5,10,True,False,normal,orageux
2022-10-23 07:15:41,Hôpital Laquintinie,A+,41,8,0,33,4.5,21,100.0,normale,"Bon état général, légère variation température",6,7,10,True,False,normal,pluvieux
2022-10-23 07:34:49,Centre Médical d'Excellence,A+,17,4,0,13,3.9,14,96.4,faible,"Excellent état, conservation parfaite",6,7,10,True,False,normal,pluvieux
2022-10-23 08:26:38,Hôpital Général Douala,A+,45,2,21,64,4.8,29,100.0,normale,Contrôle bactériologique négatif,6,8,10,True,False,normal,ensoleillé
2022-10-23 10:48:58,Hôpital Laquintinie,A+,31,0,0,31,4.2,6,100.0,normale,Hémoglobine dans les normes,6,10,10,True,False,normal,ensoleillé
2022-10-23 16:02:57,Centre Médical d'Excellence,A+,39,6,0,33,3.8,32,95.7,normale,Attention: proche expiration,6,16,10,True,False,normal,pluvieux
2022-10-23 20:34:21,Centre Médical d'Excellence,A+,19,4,0,15,4.0,23,100.0,faible,"Excellent état, conservation parfaite",6,20,10,True,False,normal,orageux
2022-10-23 22:49:48,Hôpital Général Douala,A+,17,5,0,12,4.0,2,88.7,faible,"État satisfaisant, contrôle qualité OK",6,22,10,True,False,normal,ensoleillé
2022-10-23 23:40:41,Hôpital de District Bonassama,A+,6,6,0,0,3.7,3,90.1,critique,"URGENT: Stock critique - Excellent état, conservation parfaite",6,23,10,True,False,normal,nuageux
2022-10-24 05:18:02,Centre Médical d'Excellence,A+,36,8,0,28,4.3,11,100.0,normale,"Excellent état, conservation parfaite",0,5,10,False,False,normal,pluvieux
2022-10-24 08:32:06,Hôpital Laquintinie,A+,54,9,15,60,3.9,9,94.7,normale,Urgent: vérifier température stockage,0,8,10,False,False,normal,ensoleillé
2022-10-24 09:12:56,Clinique des Spécialités,A+,37,12,21,46,3.9,6,93.3,normale,"État satisfaisant, contrôle qualité OK",0,9,10,False,False,normal,orageux
2022-10-25 02:16:51,Centre Médical d'Excellence,A+,28,4,22,46,4.7,1,61.0,attention,"Bon état général, légère variation température",1,2,10,False,False,normal,ensoleillé
2022-10-25 03:08:33,Centre Médical d'Excellence,A+,21,8,22,35,4.0,5,96.1,normale,Hémoglobine dans les normes,1,3,10,False,False,normal,pluvieux
2022-10-25 06:26:14,Clinique des Spécialités,A+,60,9,0,51,4.0,9,100.0,normale,Parfait pour transfusion immédiate,1,6,10,False,False,épidémie,pluvieux
2022-10-25 07:53:26,Centre Médical d'Excellence,A+,39,10,0,29,3.7,1,60.8,attention,"Excellent état, conservation parfaite",1,7,10,False,False,normal,orageux
2022-10-25 12:17:43,Hôpital Laquintinie,A+,27,9,0,18,3.8,13,100.0,faible,Contrôle bactériologique négatif,1,12,10,False,False,normal,ensoleillé
2022-10-25 12:26:52,Hôpital Militaire,A+,49,6,21,64,4.0,24,95.5,normale,Contrôle bactériologique négatif,1,12,10,False,False,normal,nuageux
2022-10-25 22:20:41,Hôpital de District Bonassama,A+,59,10,0,49,4.2,14,96.4,normale,"Excellent état, conservation parfaite",1,22,10,False,False,normal,ensoleillé
2022-10-26 00:52:19,Clinique des Spécialités,A+,14,10,19,23,4.0,9,93.4,normale,"État satisfaisant, contrôle qualité OK",2,0,10,False,False,normal,pluvieux
2022-10-26 03:24:43,Hôpital Général Douala,A+,27,3,0,24,3.9,11,96.8,normale,Attention: proche expiration,2,3,10,False,False,normal,pluvieux
2022-10-26 05:14:17,Clinique des Spécialités,A+,32,8,0,24,2.7,16,97.7,normale,"État satisfaisant, contrôle qualité OK",2,5,10,False,False,normal,pluvieux
2022-10-26 09:04:18,Centre Médical d'Excellence,A+,77,7,19,89,4.2,5,100.0,normale,Attention: proche expiration,2,9,10,False,False,normal,nuageux
2022-10-26 14:10:49,Hôpital Laquintinie,A+,65,9,0,56,3.8,6,98.8,normale,"Excellent état, conservation parfaite",2,14,10,False,False,normal,nuageux
2022-10-26 15:16:22,Hôpital Laquintinie,A+,24,6,18,36,4.6,14,96.8,normale,"État satisfaisant, contrôle qualité OK",2,15,10,False,False,normal,orageux
2022-10-26 17:22:17,Hôpital Laquintinie,A+,55,11,0,44,3.8,7,100.0,normale,Hémoglobine dans les normes,2,17,10,False,False,urgence_médicale,pluvieux
2022-10-26 18:37:52,Hôpital Militaire,A+,56,6,0,50,4.1,5,100.0,normale,"État satisfaisant, contrôle qualité OK",2,18,10,False,False,normal,ensoleillé
2022-10-26 19:36:07,Hôpital Général Douala,A+,63,11,0,52,4.2,1,57.3,attention,Attention: proche expiration,2,19,10,False,False,normal,ensoleillé
2022-10-26 21:09:09,Hôpital de District Bonassama,A+,20,9,0,11,4.2,1,55.0,faible,Contrôle bactériologique négatif,2,21,10,False,False,normal,orageux
2022-10-27 14:15:28,Hôpital Laquintinie,A+,55,3,0,52,2.9,1,60.4,attention,Hémoglobine dans les normes,3,14,10,False,False,normal,orageux
2022-10-27 17:14:55,Hôpital Militaire,A+,58,5,0,53,4.3,52,100.0,normale,"Excellent état, conservation parfaite",3,17,10,False,False,normal,pluvieux
2022-10-28 02:03:50,Hôpital Militaire,A+,24,0,20,44,4.5,10,100.0,normale,Contrôle bactériologique négatif,4,2,10,False,False,urgence_médicale,pluvieux
2022-10-28 05:18:54,Hôpital Général Douala,A+,24,5,0,19,3.8,10,100.0,faible,Attention: proche expiration,4,5,10,False,False,normal,ensoleillé
2022-10-28 07:34:51,Hôpital Général Douala,A+,38,7,0,31,4.0,4,87.9,normale,Parfait pour transfusion immédiate,4,7,10,False,False,normal,ensoleillé
2022-10-28 11:11:15,Hôpital Militaire,A+,50,8,19,61,4.2,6,100.0,normale,"État satisfaisant, contrôle qualité OK",4,11,10,False,False,normal,ensoleillé
2022-10-28 13:58:03,Hôpital Laquintinie,A+,61,7,0,54,4.5,2,81.7,normale,Attention: proche expiration,4,13,10,False,False,accident_route,pluvieux
2022-10-28 16:10:50,Hôpital Militaire,A+,26,7,27,46,4.8,1,67.6,attention,"Excellent état, conservation parfaite",4,16,10,False,False,normal,ensoleillé
2022-10-28 20:21:36,Hôpital Laquintinie,A+,49,9,17,57,3.7,1,59.1,attention,Contrôle bactériologique négatif,4,20,10,False,False,normal,ensoleillé
2022-10-28 21:45:48,Centre Médical d'Excellence,A+,37,13,0,24,4.0,15,99.0,normale,Urgent: vérifier température stockage,4,21,10,False,False,normal,ensoleillé
2022-10-28 21:58:05,Hôpital de District Bonassama,A+,72,11,0,61,3.9,50,94.1,normale,Urgent: vérifier température stockage,4,21,10,False,False,normal,ensoleillé
2022-10-29 00:32:32,Hôpital Laquintinie,A+,18,2,0,16,4.6,8,93.2,faible,"Bon état général, légère variation température",5,0,10,True,False,normal,ensoleillé
2022-10-29 13:58:08,Centre Médical d'Excellence,A+,44,3,0,41,3.6,18,100.0,normale,Hémoglobine dans les normes,5,13,10,True,False,normal,orageux
2022-10-29 23:09:07,Hôpital Général Douala,A+,15,4,0,11,4.2,12,100.0,faible,Parfait pour transfusion immédiate,5,23,10,True,False,normal,orageux
2022-10-30 00:49:25,Hôpital Militaire,A+,12,4,0,8,3.9,20,99.9,critique,URGENT: Stock critique - Contrôle bactériologique négatif,6,0,10,True,False,normal,orageux
2022-10-30 05:25:05,Hôpital Général Douala,A+,17,4,20,33,4.9,1,59.2,attention,Contrôle bactériologique négatif,6,5,10,True,False,normal,orageux
2022-10-30 06:24:17,Centre Médical d'Excellence,A+,39,6,15,48,3.9,19,98.2,normale,"État satisfaisant, contrôle qualité OK",6,6,10,True,False,normal,ensoleillé
2022-10-30 12:22:26,Clinique des Spécialités,A+,35,3,20,52,4.4,28,100.0,normale,"Bon état général, légère variation température",6,12,10,True,False,normal,pluvieux
2022-10-30 12:50:27,Hôpital Militaire,A+,14,7,0,7,4.0,48,100.0,critique,"URGENT: Stock critique - État satisfaisant, contrôle qualité OK",6,12,10,True,False,normal,ensoleillé
2022-10-30 21:52:40,Clinique des Spécialités,A+,48,6,0,42,3.7,12,92.1,normale,Contrôle bactériologique négatif,6,21,10,True,False,épidémie,nuageux
2022-10-31 06:35:06,Hôpital Militaire,A+,66,5,26,87,4.1,11,98.1,normale,"Excellent état, conservation parfaite",0,6,10,False,False,normal,nuageux
2022-10-31 07:08:45,Hôpital Général Douala,A+,56,8,0,48,3.6,26,100.0,normale,Parfait pour transfusion immédiate,0,7,10,False,False,normal,ensoleillé
2022-10-31 10:50:58,Hôpital Laquintinie,A+,62,0,20,82,3.9,37,99.4,normale,Hémoglobine dans les normes,0,10,10,False,False,normal,nuageux
2022-10-31 11:45:47,Hôpital Militaire,A+,58,1,0,57,4.0,8,100.0,normale,Attention: proche expiration,0,11,10,False,False,normal,pluvieux
2022-10-31 22:55:36,Centre Médical d'Excellence,A+,70,6,20,84,3.3,38,98.1,normale,Parfait pour transfusion immédiate,0,22,10,False,False,normal,pluvieux
2022-10-31 23:56:30,Hôpital Général Douala,A+,16,8,0,8,4.4,80,99.3,critique,"URGENT: Stock critique - État satisfaisant, contrôle qualité OK",0,23,10,False,False,normal,nuageux
2022-11-01 12:50:36,Hôpital Militaire,A+,56,10,0,46,3.8,15,100.0,normale,"État satisfaisant, contrôle qualité OK",1,12,11,False,False,normal,pluvieux
2022-11-01 20:41:58,Centre Médical d'Excellence,A+,20,6,0,14,5.2,27,97.5,faible,Contrôle bactériologique négatif,1,20,11,False,False,normal,orageux
2022-11-02 03:51:51,Hôpital Général Douala,A+,27,9,0,18,4.1,31,100.0,faible,"Bon état général, légère variation température",2,3,11,False,False,normal,orageux
2022-11-02 04:07:17,Centre Médical d'Excellence,A+,13,3,0,10,3.6,2,91.2,faible,Hémoglobine dans les normes,2,4,11,False,False,normal,ensoleillé
2022-11-02 07:08:38,Centre Médical d'Excellence,A+,32,1,22,53,4.3,3,90.9,normale,"Bon état général, légère variation température",2,7,11,False,False,normal,ensoleillé
2022-11-02 07:17:40,Hôpital Laquintinie,A+,57,8,23,72,3.6,19,95.3,normale,Contrôle bactériologique négatif,2,7,11,False,False,normal,pluvieux
2022-11-02 13:30:14,Hôpital Laquintinie,A+,32,11,0,21,4.1,28,100.0,normale,"État satisfaisant, contrôle qualité OK",2,13,11,False,False,normal,nuageux
2022-11-03 02:12:55,Hôpital Laquintinie,A+,28,7,0,21,3.5,19,96.4,normale,"Bon état général, légère variation température",3,2,11,False,False,normal,ensoleillé
2022-11-03 05:41:39,Hôpital Général Douala,A+,18,7,0,11,2.7,11,96.9,faible,Contrôle bactériologique négatif,3,5,11,False,False,normal,nuageux
2022-11-03 06:39:37,Hôpital Laquintinie,A+,41,7,0,34,5.1,39,94.9,normale,Parfait pour transfusion immédiate,3,6,11,False,False,normal,ensoleillé
2022-11-03 14:42:43,Hôpital de District Bonassama,A+,24,10,0,14,4.2,97,100.0,faible,"Bon état général, légère variation température",3,14,11,False,False,accident_route,orageux
2022-11-03 15:41:12,Hôpital Général Douala,A+,48,5,12,55,4.8,1,68.3,attention,"État satisfaisant, contrôle qualité OK",3,15,11,False,False,normal,nuageux
2022-11-04 03:49:17,Clinique des Spécialités,A+,29,6,15,38,4.8,1,58.9,attention,Contrôle bactériologique négatif,4,3,11,False,False,normal,orageux
2022-11-04 06:11:24,Hôpital Général Douala,A+,60,12,0,48,3.5,24,100.0,normale,Attention: proche expiration,4,6,11,False,False,normal,pluvieux
2022-11-04 09:37:33,Hôpital de District Bonassama,A+,27,9,0,18,4.6,3,83.4,faible,Hémoglobine dans les normes,4,9,11,False,False,normal,pluvieux
2022-11-04 13:01:08,Hôpital Laquintinie,A+,59,10,0,49,4.7,3,78.4,normale,Parfait pour transfusion immédiate,4,13,11,False,False,normal,ensoleillé
2022-11-04 14:53:40,Hôpital Militaire,A+,65,6,0,59,4.2,3,77.9,normale,"Excellent état, conservation parfaite",4,14,11,False,False,normal,ensoleillé
2022-11-04 18:31:55,Hôpital Militaire,A+,60,4,0,56,4.9,3,86.1,normale,"Bon état général, légère variation température",4,18,11,False,False,normal,ensoleillé
2022-11-04 20:20:32,Centre Médical d'Excellence,A+,39,9,0,30,3.6,20,94.7,normale,Hémoglobine dans les normes,4,20,11,False,False,normal,pluvieux
2022-11-05 01:45:26,Hôpital Laquintinie,A+,19,2,0,17,2.8,20,98.1,faible,Parfait pour transfusion immédiate,5,1,11,True,False,normal,ensoleillé
2022-11-05 03:04:50,Hôpital Militaire,A+,17,4,20,33,4.2,7,91.7,normale,Hémoglobine dans les normes,5,3,11,True,False,normal,ensoleillé
2022-11-05 04:36:41,Hôpital Laquintinie,A+,18,4,0,14,4.1,38,97.4,faible,Hémoglobine dans les normes,5,4,11,True,False,normal,pluvieux
2022-11-05 06:39:35,Centre Médical d'Excellence,A+,52,5,0,47,4.2,32,98.9,normale,Hémoglobine dans les normes,5,6,11,True,False,normal,pluvieux
2022-11-05 06:41:08,Hôpital Laquintinie,A+,34,6,0,28,4.1,5,97.4,normale,"Excellent état, conservation parfaite",5,6,11,True,False,normal,nuageux
2022-11-05 09:27:58,Centre Médical d'Excellence,A+,17,3,0,14,4.0,13,88.0,faible,"État satisfaisant, contrôle qualité OK",5,9,11,True,False,normal,nuageux
2022-11-05 15:14:02,Hôpital Laquintinie,A+,31,6,18,43,4.1,11,100.0,normale,Contrôle bactériologique négatif,5,15,11,True,False,normal,nuageux
2022-11-05 21:57:40,Hôpital Militaire,A+,18,6,0,12,4.1,5,100.0,faible,Attention: proche expiration,5,21,11,True,False,normal,ensoleillé
2022-11-06 00:50:03,Hôpital Laquintinie,A+,22,7,21,36,3.2,41,100.0,normale,Contrôle bactériologique négatif,6,0,11,True,False,normal,pluvieux
2022-11-06 02:47:31,Clinique des Spécialités,A+,8,5,0,3,3.6,1,58.3,critique,URGENT: Stock critique - Contrôle bactériologique négatif,6,2,11,True,False,normal,ensoleillé
2022-11-06 07:26:03,Clinique des Spécialités,A+,28,4,0,24,4.0,26,91.3,normale,"Bon état général, légère variation température",6,7,11,True,False,normal,ensoleillé
2022-11-06 21:45:19,Centre Médical d'Excellence,A+,24,2,0,22,4.6,1,59.2,attention,Attention: proche expiration,6,21,11,True,False,normal,pluvieux
2022-11-07 01:27:54,Centre Médical d'Excellence,A+,25,8,22,39,4.2,11,100.0,normale,Urgent: vérifier température stockage,0,1,11,False,False,normal,ensoleillé
2022-11-07 05:59:01,Hôpital Général Douala,A+,23,10,0,13,4.2,3,84.2,faible,"Bon état général, légère variation température",0,5,11,False,False,normal,pluvieux
2022-11-07 20:55:51,Hôpital Militaire,A+,29,13,20,36,3.8,3,93.7,normale,Attention: proche expiration,0,20,11,False,False,normal,ensoleillé
2022-11-08 00:58:15,Hôpital Général Douala,A+,30,7,16,39,3.5,17,100.0,normale,"Excellent état, conservation parfaite",1,0,11,False,False,normal,ensoleillé
2022-11-08 04:10:40,Hôpital Laquintinie,A+,18,14,0,4,3.7,51,100.0,critique,"URGENT: Stock critique - Bon état général, légère variation température",1,4,11,False,False,normal,pluvieux
2022-11-08 04:33:41,Clinique des Spécialités,A+,26,6,0,20,4.1,10,100.0,normale,Parfait pour transfusion immédiate,1,4,11,False,False,normal,pluvieux
2022-11-08 05:43:41,Hôpital Général Douala,A+,25,7,20,38,4.8,18,100.0,normale,Parfait pour transfusion immédiate,1,5,11,False,False,normal,orageux
2022-11-08 07:02:03,Centre Médical d'Excellence,A+,33,8,0,25,4.1,17,98.2,normale,"Bon état général, légère variation température",1,7,11,False,False,accident_route,pluvieux
2022-11-08 08:04:23,Hôpital Laquintinie,A+,44,7,18,55,4.3,2,92.3,normale,Contrôle bactériologique négatif,1,8,11,False,False,normal,ensoleillé
2022-11-08 09:46:51,Hôpital Général Douala,A+,64,14,25,75,4.0,52,97.4,normale,Urgent: vérifier température stockage,1,9,11,False,False,normal,ensoleillé
2022-11-08 21:34:05,Hôpital Général Douala,A+,35,9,0,26,3.5,7,100.0,normale,"Excellent état, conservation parfaite",1,21,11,False,False,urgence_médicale,ensoleillé
2022-11-09 06:19:58,Hôpital Laquintinie,A+,49,4,13,58,4.3,49,99.9,normale,Parfait pour transfusion immédiate,2,6,11,False,False,normal,nuageux
2022-11-09 11:26:00,Hôpital Général Douala,A+,61,6,0,55,5.0,4,82.1,normale,Parfait pour transfusion immédiate,2,11,11,False,False,normal,pluvieux
2022-11-09 23:58:44,Clinique des Spécialités,A+,14,6,14,22,4.5,40,100.0,normale,Urgent: vérifier température stockage,2,23,11,False,False,normal,ensoleillé
2022-11-10 05:12:02,Hôpital Général Douala,A+,20,8,0,12,4.7,6,95.9,faible,Contrôle bactériologique négatif,3,5,11,False,False,normal,pluvieux
2022-11-10 05:37:40,Hôpital de District Bonassama,A+,27,12,23,38,2.9,42,95.8,normale,Hémoglobine dans les normes,3,5,11,False,False,normal,ensoleillé
2022-11-10 07:47:58,Hôpital Militaire,A+,25,11,24,38,3.9,1,71.9,normale,Parfait pour transfusion immédiate,3,7,11,False,False,normal,nuageux
2022-11-10 08:14:21,Hôpital Laquintinie,A+,54,5,0,49,3.8,6,92.0,normale,Contrôle bactériologique négatif,3,8,11,False,False,normal,ensoleillé
2022-11-10 08:39:37,Clinique des Spécialités,A+,73,7,0,66,4.5,16,99.5,normale,"État satisfaisant, contrôle qualité OK",3,8,11,False,False,normal,pluvieux
2022-11-10 14:55:18,Hôpital de District Bonassama,A+,37,6,0,31,5.0,20,100.0,normale,Attention: proche expiration,3,14,11,False,False,normal,ensoleillé
2022-11-10 17:28:45,Centre Médical d'Excellence,A+,35,2,0,33,4.5,4,86.5,normale,Hémoglobine dans les normes,3,17,11,False,False,normal,orageux
2022-11-10 22:22:08,Centre Médical d'Excellence,A+,30,12,0,18,3.9,25,97.3,faible,"État satisfaisant, contrôle qualité OK",3,22,11,False,False,normal,pluvieux
2022-11-11 00:29:37,Hôpital Laquintinie,A+,25,7,21,39,4.4,21,99.6,normale,Parfait pour transfusion immédiate,4,0,11,False,False,normal,nuageux
2022-11-11 02:25:02,Clinique des Spécialités,A+,21,6,16,31,4.3,5,84.9,normale,Contrôle bactériologique négatif,4,2,11,False,False,normal,orageux
2022-11-11 02:59:20,Centre Médical d'Excellence,A+,16,8,0,8,3.1,4,85.6,critique,URGENT: Stock critique - Contrôle bactériologique négatif,4,2,11,False,False,normal,nuageux
2022-11-11 14:20:58,Centre Médical d'Excellence,A+,48,8,0,40,4.7,16,98.5,normale,"Excellent état, conservation parfaite",4,14,11,False,False,normal,pluvieux
2022-11-11 16:15:13,Hôpital Laquintinie,A+,27,7,0,20,3.6,1,67.4,attention,Hémoglobine dans les normes,4,16,11,False,False,normal,nuageux
2022-11-11 22:15:12,Hôpital Général Douala,A+,59,7,0,52,3.9,21,100.0,normale,Hémoglobine dans les normes,4,22,11,False,False,normal,pluvieux
2022-11-11 22:53:18,Hôpital de District Bonassama,A+,55,11,0,44,4.5,25,99.8,normale,Hémoglobine dans les normes,4,22,11,False,False,normal,nuageux
2022-11-12 05:26:49,Hôpital Général Douala,A+,9,4,16,21,3.9,7,100.0,normale,Contrôle bactériologique négatif,5,5,11,True,False,normal,ensoleillé
2022-11-12 05:53:22,Centre Médical d'Excellence,A+,17,6,0,11,3.9,24,100.0,faible,"Excellent état, conservation parfaite",5,5,11,True,False,normal,nuageux
2022-11-12 09:47:23,Hôpital Laquintinie,A+,48,4,0,44,4.2,4,85.6,normale,"État satisfaisant, contrôle qualité OK",5,9,11,True,False,normal,ensoleillé
2022-11-13 04:08:51,Hôpital Général Douala,A+,26,2,0,24,4.0,5,97.6,normale,"Excellent état, conservation parfaite",6,4,11,True,False,normal,pluvieux
2022-11-13 06:12:20,Hôpital Laquintinie,A+,32,4,24,52,3.8,17,97.8,normale,Hémoglobine dans les normes,6,6,11,True,False,normal,ensoleillé
2022-11-14 04:59:44,Clinique des Spécialités,A+,20,12,0,8,4.6,10,97.3,critique,URGENT: Stock critique - Hémoglobine dans les normes,0,4,11,False,False,normal,orageux
2022-11-14 18:57:07,Clinique des Spécialités,A+,71,12,0,59,3.9,21,94.6,normale,Urgent: vérifier température stockage,0,18,11,False,False,normal,pluvieux
2022-11-14 19:53:19,Hôpital de District Bonassama,A+,46,13,0,33,4.5,27,100.0,normale,Hémoglobine dans les normes,0,19,11,False,False,normal,ensoleillé
2022-11-14 20:14:29,Hôpital de District Bonassama,A+,83,7,0,76,3.0,35,94.9,normale,Parfait pour transfusion immédiate,0,20,11,False,False,normal,pluvieux
2022-11-14 21:31:46,Hôpital Général Douala,A+,50,7,0,43,4.7,1,57.0,attention,"Excellent état, conservation parfaite",0,21,11,False,False,normal,pluvieux
2022-11-15 07:18:36,Hôpital Laquintinie,A+,51,6,29,74,4.3,8,99.6,normale,"Excellent état, conservation parfaite",1,7,11,False,False,urgence_médicale,ensoleillé
2022-11-15 17:59:21,Hôpital Laquintinie,A+,69,3,0,66,4.1,9,93.2,normale,Urgent: vérifier température stockage,1,17,11,False,False,normal,pluvieux
2022-11-16 01:14:56,Hôpital de District Bonassama,A+,25,11,0,14,3.9,54,97.3,faible,"Excellent état, conservation parfaite",2,1,11,False,False,normal,nuageux
2022-11-16 01:46:33,Hôpital de District Bonassama,A+,30,8,0,22,4.2,8,96.3,normale,Attention: proche expiration,2,1,11,False,False,normal,nuageux
2022-11-16 02:01:40,Hôpital Laquintinie,A+,23,11,21,33,4.1,8,96.2,normale,"État satisfaisant, contrôle qualité OK",2,2,11,False,False,normal,orageux
2022-11-16 02:34:18,Hôpital Laquintinie,A+,24,8,0,16,4.3,1,56.7,faible,"Excellent état, conservation parfaite",2,2,11,False,False,normal,orageux
2022-11-16 03:32:43,Hôpital de District Bonassama,A+,26,6,0,20,4.3,20,97.8,normale,"Excellent état, conservation parfaite",2,3,11,False,False,normal,nuageux
2022-11-16 03:42:59,Hôpital Général Douala,A+,20,5,0,15,4.6,1,61.9,faible,Attention: proche expiration,2,3,11,False,False,normal,ensoleillé
2022-11-16 07:30:06,Hôpital de District Bonassama,A+,32,6,21,47,4.1,6,90.1,normale,"Excellent état, conservation parfaite",2,7,11,False,False,normal,pluvieux
2022-11-16 10:17:18,Hôpital Militaire,A+,48,6,0,42,3.8,5,92.8,normale,Attention: proche expiration,2,10,11,False,False,normal,nuageux
2022-11-16 11:54:20,Hôpital de District Bonassama,A+,52,8,0,44,4.5,4,82.5,normale,Contrôle bactériologique négatif,2,11,11,False,False,normal,pluvieux
2022-11-16 16:42:34,Hôpital Laquintinie,A+,40,8,0,32,3.3,28,95.3,normale,"État satisfaisant, contrôle qualité OK",2,16,11,False,False,normal,pluvieux
2022-11-16 18:34:20,Hôpital Général Douala,A+,53,9,19,63,3.8,5,97.5,normale,Urgent: vérifier température stockage,2,18,11,False,False,normal,ensoleillé
2022-11-16 22:55:27,Clinique des Spécialités,A+,64,7,0,57,4.4,39,100.0,normale,"Bon état général, légère variation température",2,22,11,False,False,normal,orageux
2022-11-17 00:08:03,Hôpital de District Bonassama,A+,13,9,14,18,4.0,7,91.7,faible,"Excellent état, conservation parfaite",3,0,11,False,False,normal,pluvieux
2022-11-17 00:49:14,Clinique des Spécialités,A+,35,8,20,47,3.0,5,100.0,normale,Urgent: vérifier température stockage,3,0,11,False,False,normal,pluvieux
2022-11-17 04:02:09,Clinique des Spécialités,A+,18,4,0,14,3.7,10,97.0,faible,"Bon état général, légère variation température",3,4,11,False,False,normal,orageux
2022-11-17 05:43:29,Centre Médical d'Excellence,A+,6,8,18,18,4.2,11,98.7,faible,Contrôle bactériologique négatif,3,5,11,False,False,accident_route,orageux
2022-11-17 12:51:57,Hôpital Général Douala,A+,36,7,0,29,3.9,8,100.0,normale,Attention: proche expiration,3,12,11,False,False,normal,pluvieux
2022-11-17 14:07:59,Hôpital Général Douala,A+,49,12,19,56,3.9,12,97.1,normale,"État satisfaisant, contrôle qualité OK",3,14,11,False,False,normal,ensoleillé
2022-11-17 19:41:55,Hôpital Général Douala,A+,51,2,0,49,3.5,30,96.7,normale,Attention: proche expiration,3,19,11,False,False,normal,ensoleillé
2022-11-17 20:52:38,Hôpital Général Douala,A+,49,10,25,64,4.5,1,59.9,attention,"État satisfaisant, contrôle qualité OK",3,20,11,False,False,accident_route,ensoleillé
2022-11-18 05:18:15,Hôpital de District Bonassama,A+,24,4,0,20,3.2,26,93.4,normale,"État satisfaisant, contrôle qualité OK",4,5,11,False,False,normal,pluvieux
2022-11-18 09:58:43,Hôpital Militaire,A+,61,7,0,54,5.0,56,100.0,normale,Parfait pour transfusion immédiate,4,9,11,False,False,normal,pluvieux
2022-11-18 13:18:55,Hôpital Laquintinie,A+,39,7,0,32,3.8,10,100.0,normale,"État satisfaisant, contrôle qualité OK",4,13,11,False,False,normal,ensoleillé
2022-11-18 13:52:35,Centre Médical d'Excellence,A+,73,8,0,65,4.1,5,99.9,normale,Contrôle bactériologique négatif,4,13,11,False,False,normal,nuageux
2022-11-18 14:16:04,Hôpital de District Bonassama,A+,40,9,24,55,4.3,35,100.0,normale,"Excellent état, conservation parfaite",4,14,11,False,False,normal,nuageux
2022-11-18 19:22:38,Hôpital Militaire,A+,59,9,0,50,4.9,53,91.2,normale,Parfait pour transfusion immédiate,4,19,11,False,False,normal,nuageux
2022-11-19 00:57:33,Hôpital de District Bonassama,A+,15,6,0,9,4.1,1,56.6,critique,URGENT: Stock critique - Attention: proche expiration,5,0,11,True,False,normal,nuageux
2022-11-19 01:18:08,Hôpital Militaire,A+,24,9,0,15,4.0,8,97.1,faible,Parfait pour transfusion immédiate,5,1,11,True,False,normal,nuageux
2022-11-19 06:14:20,Hôpital Laquintinie,A+,30,3,0,27,4.1,4,84.7,normale,"Excellent état, conservation parfaite",5,6,11,True,False,normal,orageux
2022-11-19 07:05:14,Hôpital Général Douala,A+,30,2,0,28,3.2,10,100.0,normale,Parfait pour transfusion immédiate,5,7,11,True,False,normal,pluvieux
2022-11-19 11:02:15,Hôpital Militaire,A+,15,8,0,7,3.9,8,100.0,critique,URGENT: Stock critique - Contrôle bactériologique négatif,5,11,11,True,False,normal,nuageux
2022-11-19 16:12:49,Hôpital Laquintinie,A+,16,6,0,10,4.0,34,91.3,faible,Urgent: vérifier température stockage,5,16,11,True,False,normal,nuageux
2022-11-19 19:45:03,Centre Médical d'Excellence,A+,32,4,13,41,4.1,16,100.0,normale,"Excellent état, conservation parfaite",5,19,11,True,False,normal,ensoleillé
2022-11-19 19:54:46,Centre Médical d'Excellence,A+,35,1,0,34,3.7,9,100.0,normale,Contrôle bactériologique négatif,5,19,11,True,False,normal,pluvieux
2022-11-20 02:20:38,Clinique des Spécialités,A+,10,5,0,5,4.5,21,100.0,critique,"URGENT: Stock critique - Excellent état, conservation parfaite",6,2,11,True,False,normal,orageux
2022-11-20 03:19:07,Hôpital Général Douala,A+,16,6,0,10,4.5,27,100.0,faible,"Bon état général, légère variation température",6,3,11,True,False,campagne_don,ensoleillé
2022-11-20 07:35:07,Hôpital Laquintinie,A+,17,6,18,29,4.1,12,100.0,normale,Hémoglobine dans les normes,6,7,11,True,False,normal,pluvieux
2022-11-20 12:16:09,Clinique des Spécialités,A+,45,5,0,40,4.3,1,65.2,attention,"Excellent état, conservation parfaite",6,12,11,True,False,normal,ensoleillé
2022-11-20 12:31:38,Clinique des Spécialités,A+,37,3,0,34,4.3,17,100.0,normale,"État satisfaisant, contrôle qualité OK",6,12,11,True,False,normal,ensoleillé
2022-11-20 12:48:21,Clinique des Spécialités,A+,37,5,0,32,5.0,12,97.3,normale,"Excellent état, conservation parfaite",6,12,11,True,False,normal,pluvieux
2022-11-20 12:52:24,Hôpital de District Bonassama,A+,33,4,0,29,4.7,15,94.4,normale,Contrôle bactériologique négatif,6,12,11,True,False,normal,ensoleillé
2022-11-21 01:50:00,Clinique des Spécialités,A+,24,7,0,17,3.8,6,92.4,faible,Attention: proche expiration,0,1,11,False,False,normal,nuageux
2022-11-21 03:39:26,Hôpital Militaire,A+,22,12,17,27,3.1,14,100.0,normale,Attention: proche expiration,0,3,11,False,False,normal,orageux
2022-11-21 06:21:09,Hôpital de District Bonassama,A+,75,8,0,67,3.8,2,83.7,normale,Contrôle bactériologique négatif,0,6,11,False,False,normal,ensoleillé
2022-11-21 10:22:47,Hôpital Militaire,A+,54,7,25,72,3.2,1,66.9,attention,Parfait pour transfusion immédiate,0,10,11,False,False,normal,ensoleillé
2022-11-21 11:49:54,Hôpital de District Bonassama,A+,51,6,0,45,3.6,42,97.8,normale,Urgent: vérifier température stockage,0,11,11,False,False,normal,orageux
2022-11-21 13:56:26,Hôpital Général Douala,A+,60,8,0,52,3.8,12,97.3,normale,Attention: proche expiration,0,13,11,False,False,normal,ensoleillé
2022-11-21 20:15:26,Hôpital Militaire,A+,70,7,0,63,3.9,7,97.5,normale,Parfait pour transfusion immédiate,0,20,11,False,False,normal,pluvieux
2022-11-21 20:32:31,Clinique des Spécialités,A+,61,10,0,51,4.1,10,100.0,normale,"Excellent état, conservation parfaite",0,20,11,False,False,normal,ensoleillé
2022-11-21 21:41:24,Clinique des Spécialités,A+,39,13,0,26,3.9,6,100.0,normale,Attention: proche expiration,0,21,11,False,False,normal,ensoleillé
2022-11-22 04:24:12,Clinique des Spécialités,A+,42,3,0,39,4.6,5,99.9,normale,Hémoglobine dans les normes,1,4,11,False,False,normal,ensoleillé
2022-11-22 06:37:50,Centre Médical d'Excellence,A+,34,6,0,28,5.3,18,100.0,normale,"Excellent état, conservation parfaite",1,6,11,False,False,normal,ensoleillé
2022-11-22 11:07:22,Hôpital Laquintinie,A+,56,13,22,65,4.1,3,93.3,normale,"État satisfaisant, contrôle qualité OK",1,11,11,False,False,normal,ensoleillé
2022-11-22 13:05:20,Hôpital de District Bonassama,A+,71,8,0,63,3.0,32,99.9,normale,"Bon état général, légère variation température",1,13,11,False,False,normal,nuageux
2022-11-22 14:55:07,Clinique des Spécialités,A+,59,9,16,66,4.1,1,65.2,attention,Urgent: vérifier température stockage,1,14,11,False,False,normal,pluvieux
2022-11-22 15:12:40,Hôpital Laquintinie,A+,81,10,0,71,4.0,15,100.0,normale,Contrôle bactériologique négatif,1,15,11,False,False,normal,pluvieux
2022-11-22 17:36:37,Centre Médical d'Excellence,A+,45,10,25,60,4.2,25,100.0,normale,"Excellent état, conservation parfaite",1,17,11,False,False,normal,ensoleillé
2022-11-22 21:34:10,Clinique des Spécialités,A+,56,4,0,52,3.9,3,95.7,normale,"État satisfaisant, contrôle qualité OK",1,21,11,False,False,normal,nuageux
2022-11-22 21:47:45,Clinique des Spécialités,A+,45,2,0,43,4.2,7,100.0,normale,"Excellent état, conservation parfaite",1,21,11,False,False,normal,ensoleillé
2022-11-23 07:47:25,Hôpital Général Douala,A+,82,6,0,76,4.1,4,90.1,normale,Urgent: vérifier température stockage,2,7,11,False,False,normal,pluvieux
2022-11-23 08:02:34,Hôpital Laquintinie,A+,57,4,0,53,4.0,18,93.8,normale,"Excellent état, conservation parfaite",2,8,11,False,False,normal,ensoleillé
2022-11-23 09:53:52,Hôpital Général Douala,A+,62,13,0,49,4.5,17,99.3,normale,Attention: proche expiration,2,9,11,False,False,normal,ensoleillé
2022-11-24 01:54:59,Clinique des Spécialités,A+,11,3,11,19,2.9,4,92.6,faible,Contrôle bactériologique négatif,3,1,11,False,False,normal,nuageux
2022-11-24 13:48:00,Centre Médical d'Excellence,A+,51,4,0,47,3.6,19,100.0,normale,"Excellent état, conservation parfaite",3,13,11,False,False,épidémie,pluvieux
2022-11-24 15:13:45,Hôpital Général Douala,A+,38,2,30,66,3.8,11,90.0,normale,Hémoglobine dans les normes,3,15,11,False,False,normal,ensoleillé
2022-11-24 21:37:55,Hôpital Militaire,A+,37,7,0,30,3.2,16,99.4,normale,Contrôle bactériologique négatif,3,21,11,False,False,normal,pluvieux
2022-11-25 01:51:09,Hôpital Général Douala,A+,25,8,0,17,4.6,4,81.8,faible,"Excellent état, conservation parfaite",4,1,11,False,False,normal,orageux
2022-11-25 11:58:13,Hôpital Militaire,A+,38,7,0,31,3.9,7,100.0,normale,Attention: proche expiration,4,11,11,False,False,normal,ensoleillé
2022-11-25 12:06:51,Hôpital Général Douala,A+,53,8,0,45,4.5,17,100.0,normale,Hémoglobine dans les normes,4,12,11,False,False,normal,ensoleillé
2022-11-25 13:25:51,Hôpital Militaire,A+,47,8,0,39,4.6,15,100.0,normale,"Bon état général, légère variation température",4,13,11,False,False,normal,nuageux
2022-11-25 16:34:11,Hôpital Général Douala,A+,44,6,0,38,4.3,22,98.0,normale,Hémoglobine dans les normes,4,16,11,False,False,normal,ensoleillé
2022-11-25 18:02:26,Centre Médical d'Excellence,A+,35,9,0,26,5.2,8,96.1,normale,Contrôle bactériologique négatif,4,18,11,False,False,normal,ensoleillé
2022-11-25 20:16:48,Hôpital de District Bonassama,A+,61,9,21,73,4.9,51,100.0,normale,Parfait pour transfusion immédiate,4,20,11,False,False,normal,ensoleillé
2022-11-26 00:00:52,Hôpital Militaire,A+,21,6,0,15,4.1,12,100.0,faible,Hémoglobine dans les normes,5,0,11,True,False,normal,pluvieux
2022-11-26 04:19:52,Hôpital Laquintinie,A+,19,6,0,13,5.2,12,100.0,faible,Hémoglobine dans les normes,5,4,11,True,False,normal,pluvieux
2022-11-26 06:52:05,Hôpital Militaire,A+,40,5,0,35,4.0,10,96.0,normale,Contrôle bactériologique négatif,5,6,11,True,False,normal,pluvieux
2022-11-26 08:12:29,Hôpital Militaire,A+,32,4,0,28,4.0,14,94.4,normale,"Excellent état, conservation parfaite",5,8,11,True,False,normal,pluvieux
2022-11-26 10:19:10,Hôpital Laquintinie,A+,36,3,0,33,4.2,2,88.2,normale,"Excellent état, conservation parfaite",5,10,11,True,False,normal,pluvieux
2022-11-26 11:50:14,Clinique des Spécialités,A+,34,7,28,55,4.7,9,97.5,normale,"État satisfaisant, contrôle qualité OK",5,11,11,True,False,normal,ensoleillé
2022-11-26 13:41:30,Centre Médical d'Excellence,A+,29,2,0,27,4.3,12,100.0,normale,"Bon état général, légère variation température",5,13,11,True,False,normal,orageux
2022-11-27 11:57:57,Hôpital Laquintinie,A+,45,8,0,37,3.8,37,99.1,normale,Attention: proche expiration,6,11,11,True,False,normal,ensoleillé
2022-11-27 15:34:45,Hôpital Général Douala,A+,38,4,0,34,3.9,1,52.5,attention,Attention: proche expiration,6,15,11,True,False,normal,pluvieux
2022-11-27 19:23:36,Hôpital Général Douala,A+,37,8,11,40,4.0,17,100.0,normale,Contrôle bactériologique négatif,6,19,11,True,False,normal,pluvieux
2022-11-27 23:22:45,Centre Médical d'Excellence,A+,18,7,0,11,4.5,24,94.3,faible,"Excellent état, conservation parfaite",6,23,11,True,False,urgence_médicale,pluvieux
2022-11-28 04:06:04,Hôpital Militaire,A+,39,9,0,30,4.2,6,90.5,normale,"Excellent état, conservation parfaite",0,4,11,False,False,normal,ensoleillé
2022-11-28 09:35:37,Clinique des Spécialités,A+,20,7,0,13,3.4,17,100.0,faible,"Excellent état, conservation parfaite",0,9,11,False,False,normal,ensoleillé
2022-11-29 04:39:43,Centre Médical d'Excellence,A+,17,6,0,11,4.6,8,89.8,faible,"Bon état général, légère variation température",1,4,11,False,False,normal,ensoleillé
2022-11-29 12:33:20,Hôpital de District Bonassama,A+,27,6,0,21,3.2,5,94.8,normale,Parfait pour transfusion immédiate,1,12,11,False,False,normal,ensoleillé
2022-11-29 13:15:38,Hôpital Général Douala,A+,55,10,0,45,4.7,7,100.0,normale,"Excellent état, conservation parfaite",1,13,11,False,False,normal,nuageux
2022-11-29 18:35:07,Clinique des Spécialités,A+,42,5,0,37,4.3,13,93.5,normale,Contrôle bactériologique négatif,1,18,11,False,False,normal,ensoleillé
2022-11-29 21:55:16,Hôpital Général Douala,A+,74,5,26,95,4.2,8,100.0,normale,Hémoglobine dans les normes,1,21,11,False,False,normal,nuageux
2022-11-30 01:58:03,Clinique des Spécialités,A+,16,10,0,6,4.4,13,98.8,critique,"URGENT: Stock critique - Excellent état, conservation parfaite",2,1,11,False,False,normal,pluvieux
2022-11-30 04:19:27,Centre Médical d'Excellence,A+,33,3,20,50,3.9,65,100.0,normale,"État satisfaisant, contrôle qualité OK",2,4,11,False,False,normal,ensoleillé
2022-11-30 07:14:06,Clinique des Spécialités,A+,18,7,29,40,3.3,26,100.0,normale,"État satisfaisant, contrôle qualité OK",2,7,11,False,False,normal,ensoleillé
2022-11-30 09:26:40,Clinique des Spécialités,A+,46,3,19,62,4.3,17,100.0,normale,Urgent: vérifier température stockage,2,9,11,False,False,normal,pluvieux
2022-11-30 09:35:34,Hôpital de District Bonassama,A+,71,7,20,84,4.1,2,85.8,normale,Parfait pour transfusion immédiate,2,9,11,False,False,urgence_médicale,nuageux
2022-11-30 10:26:20,Centre Médical d'Excellence,A+,40,4,0,36,3.8,7,98.7,normale,"État satisfaisant, contrôle qualité OK",2,10,11,False,False,normal,pluvieux
2022-11-30 15:26:43,Hôpital de District Bonassama,A+,49,4,17,62,3.8,9,100.0,normale,Parfait pour transfusion immédiate,2,15,11,False,False,normal,nuageux
2022-11-30 17:07:40,Hôpital Laquintinie,A+,48,8,0,40,3.7,67,98.4,normale,"Excellent état, conservation parfaite",2,17,11,False,False,normal,ensoleillé
2022-12-01 01:00:22,Hôpital Laquintinie,A+,20,6,0,14,4.5,53,100.0,faible,Hémoglobine dans les normes,3,1,12,False,True,normal,ensoleillé
2022-12-01 01:05:05,Hôpital Général Douala,A+,31,11,20,40,3.6,20,100.0,normale,Urgent: vérifier température stockage,3,1,12,False,True,normal,pluvieux
2022-12-01 11:05:56,Hôpital Militaire,A+,98,10,26,114,3.9,14,100.0,normale,Attention: proche expiration,3,11,12,False,True,normal,pluvieux
2022-12-01 12:35:01,Clinique des Spécialités,A+,52,7,11,56,3.9,82,100.0,normale,Parfait pour transfusion immédiate,3,12,12,False,True,normal,ensoleillé
2022-12-01 17:04:33,Hôpital de District Bonassama,A+,50,15,0,35,3.8,16,97.0,normale,Contrôle bactériologique négatif,3,17,12,False,True,normal,pluvieux
2022-12-01 18:02:25,Clinique des Spécialités,A+,36,11,19,44,3.3,9,98.1,normale,Attention: proche expiration,3,18,12,False,True,normal,ensoleillé
2022-12-01 21:11:25,Clinique des Spécialités,A+,47,8,0,39,4.5,4,79.4,normale,Hémoglobine dans les normes,3,21,12,False,True,normal,pluvieux
2022-12-01 23:02:08,Centre Médical d'Excellence,A+,29,6,0,23,5.0,13,100.0,normale,Contrôle bactériologique négatif,3,23,12,False,True,normal,ensoleillé
2022-12-02 03:41:01,Hôpital Militaire,A+,29,6,20,43,4.6,8,100.0,normale,Urgent: vérifier température stockage,4,3,12,False,True,normal,ensoleillé
2022-12-02 09:04:19,Hôpital Laquintinie,A+,117,11,21,127,3.3,55,100.0,normale,Contrôle bactériologique négatif,4,9,12,False,True,normal,ensoleillé
2022-12-03 00:35:21,Hôpital Laquintinie,A+,20,10,0,10,3.2,8,100.0,faible,Hémoglobine dans les normes,5,0,12,True,True,normal,orageux
2022-12-03 20:06:20,Centre Médical d'Excellence,A+,43,7,0,36,3.3,48,100.0,normale,"Bon état général, légère variation température",5,20,12,True,True,normal,ensoleillé
2022-12-03 21:12:37,Centre Médical d'Excellence,A+,43,10,18,51,3.0,8,100.0,normale,"État satisfaisant, contrôle qualité OK",5,21,12,True,True,normal,ensoleillé
2022-12-04 01:48:52,Hôpital Général Douala,A+,14,6,15,23,3.5,6,100.0,normale,"Excellent état, conservation parfaite",6,1,12,True,True,normal,ensoleillé
2022-12-04 05:21:35,Hôpital Militaire,A+,22,7,0,15,3.7,5,99.0,faible,Hémoglobine dans les normes,6,5,12,True,True,normal,nuageux
2022-12-04 06:04:54,Clinique des Spécialités,A+,50,9,20,61,3.9,18,93.5,normale,"Bon état général, légère variation température",6,6,12,True,True,normal,ensoleillé
2022-12-04 06:58:58,Hôpital de District Bonassama,A+,55,1,0,54,3.8,14,88.7,normale,Attention: proche expiration,6,6,12,True,True,normal,ensoleillé
2022-12-04 11:21:40,Hôpital Laquintinie,A+,61,9,0,52,3.9,1,57.2,attention,"Excellent état, conservation parfaite",6,11,12,True,True,normal,pluvieux
2022-12-04 11:30:04,Hôpital Laquintinie,A+,56,3,0,53,4.5,7,97.3,normale,Hémoglobine dans les normes,6,11,12,True,True,normal,nuageux
2022-12-04 14:52:00,Hôpital Laquintinie,A+,51,2,18,67,4.1,50,99.7,normale,Contrôle bactériologique négatif,6,14,12,True,True,normal,pluvieux
2022-12-04 19:52:43,Hôpital Général Douala,A+,32,9,0,23,4.4,2,81.5,normale,Attention: proche expiration,6,19,12,True,True,normal,nuageux
2022-12-05 01:25:11,Centre Médical d'Excellence,A+,25,7,0,18,4.1,47,100.0,faible,Contrôle bactériologique négatif,0,1,12,False,True,normal,orageux
2022-12-05 03:34:52,Hôpital Laquintinie,A+,44,7,0,37,4.5,12,100.0,normale,"Excellent état, conservation parfaite",0,3,12,False,True,normal,pluvieux
2022-12-05 04:14:06,Clinique des Spécialités,A+,28,7,0,21,4.1,3,82.4,normale,"Excellent état, conservation parfaite",0,4,12,False,True,normal,ensoleillé
2022-12-05 06:04:07,Hôpital Laquintinie,A+,63,8,0,55,3.3,10,100.0,normale,"Excellent état, conservation parfaite",0,6,12,False,True,normal,pluvieux
2022-12-05 07:41:49,Clinique des Spécialités,A+,21,7,0,14,3.9,6,100.0,faible,Contrôle bactériologique négatif,0,7,12,False,True,normal,pluvieux
2022-12-05 09:35:56,Hôpital Général Douala,A+,91,16,0,75,4.3,30,100.0,normale,Contrôle bactériologique négatif,0,9,12,False,True,normal,ensoleillé
2022-12-05 12:34:17,Centre Médical d'Excellence,A+,70,6,0,64,4.1,1,58.5,attention,Hémoglobine dans les normes,0,12,12,False,True,normal,nuageux
2022-12-05 13:06:49,Hôpital Laquintinie,A+,66,7,0,59,3.3,20,100.0,normale,Urgent: vérifier température stockage,0,13,12,False,True,normal,pluvieux
2022-12-05 15:27:49,Clinique des Spécialités,A+,75,4,22,93,3.8,1,65.9,attention,"État satisfaisant, contrôle qualité OK",0,15,12,False,True,normal,pluvieux
2022-12-05 17:56:30,Clinique des Spécialités,A+,51,5,0,46,3.8,13,91.8,normale,Attention: proche expiration,0,17,12,False,True,normal,orageux
2022-12-05 19:43:21,Hôpital de District Bonassama,A+,52,12,16,56,3.8,7,96.1,normale,Contrôle bactériologique négatif,0,19,12,False,True,normal,ensoleillé
2022-12-05 22:58:17,Hôpital Général Douala,A+,21,6,0,15,4.1,84,100.0,faible,"État satisfaisant, contrôle qualité OK",0,22,12,False,True,normal,nuageux
2022-12-06 04:53:51,Hôpital Général Douala,A+,34,13,18,39,3.3,2,85.2,normale,Parfait pour transfusion immédiate,1,4,12,False,True,normal,pluvieux
2022-12-06 09:21:50,Hôpital Laquintinie,A+,63,13,23,73,4.1,27,96.1,normale,"Excellent état, conservation parfaite",1,9,12,False,True,normal,nuageux
2022-12-06 19:04:46,Hôpital de District Bonassama,A+,47,9,0,38,3.4,63,100.0,normale,Urgent: vérifier température stockage,1,19,12,False,True,normal,ensoleillé
2022-12-06 19:19:51,Centre Médical d'Excellence,A+,66,7,0,59,3.9,4,93.0,normale,Urgent: vérifier température stockage,1,19,12,False,True,normal,ensoleillé
2022-12-06 19:35:28,Clinique des Spécialités,A+,39,7,0,32,4.7,1,57.2,attention,Hémoglobine dans les normes,1,19,12,False,True,normal,orageux
2022-12-07 08:00:18,Centre Médical d'Excellence,A+,20,7,0,13,4.2,1,61.7,faible,Parfait pour transfusion immédiate,2,8,12,False,True,normal,nuageux
2022-12-07 12:40:42,Hôpital de District Bonassama,A+,60,7,21,74,5.5,1,66.5,attention,Contrôle bactériologique négatif,2,12,12,False,True,normal,ensoleillé
2022-12-07 23:01:55,Hôpital Militaire,A+,18,12,0,6,3.8,10,95.7,critique,URGENT: Stock critique - Urgent: vérifier température stockage,2,23,12,False,True,normal,nuageux
2022-12-08 10:50:25,Hôpital Laquintinie,A+,73,11,0,62,4.2,6,100.0,normale,Contrôle bactériologique négatif,3,10,12,False,True,épidémie,orageux
2022-12-08 13:46:23,Centre Médical d'Excellence,A+,55,10,0,45,4.3,4,84.8,normale,"Bon état général, légère variation température",3,13,12,False,True,normal,orageux
2022-12-08 15:49:10,Clinique des Spécialités,A+,73,9,20,84,4.3,1,60.9,attention,Contrôle bactériologique négatif,3,15,12,False,True,normal,orageux
2022-12-08 16:18:22,Hôpital Militaire,A+,41,6,0,35,3.0,7,100.0,normale,Attention: proche expiration,3,16,12,False,True,normal,pluvieux
2022-12-09 02:50:00,Clinique des Spécialités,A+,30,9,0,21,3.6,2,72.3,normale,Hémoglobine dans les normes,4,2,12,False,True,normal,orageux
2022-12-09 04:54:36,Hôpital Militaire,A+,28,14,0,14,3.2,22,100.0,faible,"Bon état général, légère variation température",4,4,12,False,True,normal,nuageux
2022-12-09 07:01:03,Hôpital Laquintinie,A+,52,6,22,68,4.0,14,100.0,normale,Attention: proche expiration,4,7,12,False,True,normal,orageux
2022-12-09 10:45:35,Clinique des Spécialités,A+,46,9,0,37,3.9,27,100.0,normale,"Bon état général, légère variation température",4,10,12,False,True,normal,ensoleillé
2022-12-09 19:40:09,Hôpital Général Douala,A+,45,8,0,37,4.1,2,90.3,normale,Contrôle bactériologique négatif,4,19,12,False,True,accident_route,ensoleillé
2022-12-10 02:11:39,Hôpital Militaire,A+,19,9,0,10,4.0,3,82.6,faible,"État satisfaisant, contrôle qualité OK",5,2,12,True,True,normal,nuageux
2022-12-10 02:26:23,Hôpital Laquintinie,A+,24,5,13,32,3.9,9,99.7,normale,Attention: proche expiration,5,2,12,True,True,normal,pluvieux
2022-12-10 04:30:17,Hôpital de District Bonassama,A+,19,13,0,6,5.0,6,100.0,critique,URGENT: Stock critique - Urgent: vérifier température stockage,5,4,12,True,True,normal,ensoleillé
2022-12-10 04:52:23,Clinique des Spécialités,A+,19,6,0,13,3.6,9,97.3,faible,"Excellent état, conservation parfaite",5,4,12,True,True,normal,pluvieux
2022-12-10 06:19:10,Hôpital Militaire,A+,41,7,0,34,3.7,1,54.5,attention,"Bon état général, légère variation température",5,6,12,True,True,normal,pluvieux
2022-12-10 08:14:26,Clinique des Spécialités,A+,50,1,0,49,4.2,27,96.0,normale,Urgent: vérifier température stockage,5,8,12,True,True,normal,ensoleillé
2022-12-10 09:26:40,Hôpital Militaire,A+,40,10,24,54,3.6,64,95.9,normale,Urgent: vérifier température stockage,5,9,12,True,True,normal,ensoleillé
2022-12-10 10:27:21,Clinique des Spécialités,A+,46,9,0,37,3.8,10,98.0,normale,Hémoglobine dans les normes,5,10,12,True,True,normal,orageux
2022-12-10 14:29:18,Hôpital Général Douala,A+,31,8,0,23,4.0,1,55.4,attention,"Excellent état, conservation parfaite",5,14,12,True,True,normal,ensoleillé
2022-12-10 17:50:40,Hôpital Laquintinie,A+,33,5,0,28,3.9,22,100.0,normale,Hémoglobine dans les normes,5,17,12,True,True,normal,ensoleillé
2022-12-10 21:48:20,Hôpital Général Douala,A+,51,5,0,46,4.1,8,93.1,normale,"Excellent état, conservation parfaite",5,21,12,True,True,normal,nuageux
2022-12-11 01:23:25,Clinique des Spécialités,A+,21,12,0,9,4.6,4,79.5,critique,URGENT: Stock critique - Contrôle bactériologique négatif,6,1,12,True,True,normal,pluvieux
2022-12-11 16:32:55,Hôpital Général Douala,A+,45,5,0,40,3.9,7,100.0,normale,"État satisfaisant, contrôle qualité OK",6,16,12,True,True,normal,orageux
2022-12-11 18:09:03,Hôpital Général Douala,A+,43,4,17,56,3.5,1,63.6,attention,Hémoglobine dans les normes,6,18,12,True,True,normal,ensoleillé
2022-12-11 19:03:07,Hôpital de District Bonassama,A+,58,8,0,50,5.2,2,81.2,normale,Hémoglobine dans les normes,6,19,12,True,True,normal,ensoleillé
2022-12-11 19:37:41,Hôpital de District Bonassama,A+,30,10,0,20,3.4,13,97.3,normale,Urgent: vérifier température stockage,6,19,12,True,True,normal,nuageux
2022-12-12 02:37:07,Centre Médical d'Excellence,A+,33,12,19,40,4.2,9,100.0,normale,"Bon état général, légère variation température",0,2,12,False,True,normal,pluvieux
2022-12-12 12:30:38,Hôpital de District Bonassama,A+,92,9,0,83,4.0,12,98.0,normale,Contrôle bactériologique négatif,0,12,12,False,True,normal,ensoleillé
2022-12-12 16:38:52,Hôpital Laquintinie,A+,51,8,17,60,5.3,6,96.5,normale,Hémoglobine dans les normes,0,16,12,False,True,normal,orageux
2022-12-12 22:04:27,Hôpital de District Bonassama,A+,46,15,0,31,4.0,35,99.0,normale,"Excellent état, conservation parfaite",0,22,12,False,True,normal,pluvieux
2022-12-13 02:53:19,Hôpital de District Bonassama,A+,38,12,0,26,4.8,7,95.5,normale,"Excellent état, conservation parfaite",1,2,12,False,True,normal,nuageux
2022-12-13 03:50:22,Hôpital Général Douala,A+,40,2,0,38,4.1,20,98.3,normale,Attention: proche expiration,1,3,12,False,True,normal,nuageux
2022-12-13 10:15:20,Centre Médical d'Excellence,A+,48,4,22,66,4.5,5,100.0,normale,Contrôle bactériologique négatif,1,10,12,False,True,normal,orageux
2022-12-13 21:47:07,Hôpital Militaire,A+,60,9,0,51,5.3,7,100.0,normale,Attention: proche expiration,1,21,12,False,True,normal,nuageux
2022-12-13 22:13:06,Clinique des Spécialités,A+,35,15,0,20,3.5,4,87.9,normale,"Bon état général, légère variation température",1,22,12,False,True,normal,nuageux
2022-12-14 03:22:52,Hôpital Militaire,A+,30,11,0,19,4.1,39,100.0,faible,Hémoglobine dans les normes,2,3,12,False,True,normal,pluvieux
2022-12-14 05:57:13,Clinique des Spécialités,A+,34,13,0,21,4.4,2,85.8,normale,"Excellent état, conservation parfaite",2,5,12,False,True,normal,pluvieux
2022-12-14 07:39:44,Hôpital Laquintinie,A+,44,6,0,38,3.5,10,98.8,normale,Hémoglobine dans les normes,2,7,12,False,True,normal,pluvieux
2022-12-15 02:34:44,Hôpital Militaire,A+,7,8,24,24,3.5,10,92.4,normale,"État satisfaisant, contrôle qualité OK",3,2,12,False,True,normal,orageux
2022-12-15 04:27:20,Hôpital Laquintinie,A+,14,13,21,22,4.6,10,96.3,normale,Parfait pour transfusion immédiate,3,4,12,False,True,normal,ensoleillé
2022-12-15 10:32:15,Hôpital Militaire,A+,24,6,0,18,4.9,1,62.3,faible,Hémoglobine dans les normes,3,10,12,False,True,normal,ensoleillé
2022-12-15 14:30:59,Hôpital Laquintinie,A+,57,8,0,49,3.7,44,100.0,normale,Contrôle bactériologique négatif,3,14,12,False,True,normal,ensoleillé
2022-12-15 15:03:09,Centre Médical d'Excellence,A+,92,8,0,84,4.2,1,56.7,attention,Parfait pour transfusion immédiate,3,15,12,False,True,normal,pluvieux
2022-12-15 16:12:01,Hôpital Laquintinie,A+,75,7,0,68,3.8,1,62.6,attention,Contrôle bactériologique négatif,3,16,12,False,True,normal,pluvieux
2022-12-15 18:42:26,Hôpital de District Bonassama,A+,75,4,15,86,4.2,1,67.9,attention,Hémoglobine dans les normes,3,18,12,False,True,campagne_don,ensoleillé
2022-12-15 23:41:40,Centre Médical d'Excellence,A+,26,6,22,42,4.2,2,80.2,normale,"Excellent état, conservation parfaite",3,23,12,False,True,normal,ensoleillé
2022-12-15 23:55:02,Hôpital Général Douala,A+,13,10,0,3,4.2,2,85.6,critique,URGENT: Stock critique - Attention: proche expiration,3,23,12,False,True,normal,ensoleillé
2022-12-16 04:31:53,Hôpital Laquintinie,A+,32,6,0,26,3.6,6,97.9,normale,Hémoglobine dans les normes,4,4,12,False,True,normal,pluvieux
2022-12-16 04:41:08,Hôpital Militaire,A+,36,12,21,45,4.0,2,90.3,normale,"État satisfaisant, contrôle qualité OK",4,4,12,False,True,normal,pluvieux
2022-12-16 11:09:52,Hôpital Laquintinie,A+,62,1,0,61,3.7,30,100.0,normale,Attention: proche expiration,4,11,12,False,True,normal,pluvieux
2022-12-16 12:07:57,Hôpital Général Douala,A+,66,7,14,73,4.7,3,92.2,normale,Contrôle bactériologique négatif,4,12,12,False,True,normal,ensoleillé
2022-12-16 14:45:41,Hôpital Laquintinie,A+,77,8,0,69,3.4,16,90.5,normale,Hémoglobine dans les normes,4,14,12,False,True,accident_route,pluvieux
2022-12-16 19:12:50,Clinique des Spécialités,A+,47,4,0,43,4.4,13,94.5,normale,"Excellent état, conservation parfaite",4,19,12,False,True,normal,nuageux
2022-12-16 20:25:16,Clinique des Spécialités,A+,58,13,0,45,3.8,11,98.0,normale,Urgent: vérifier température stockage,4,20,12,False,True,normal,ensoleillé
2022-12-16 21:59:51,Hôpital Militaire,A+,59,13,0,46,4.4,5,100.0,normale,Hémoglobine dans les normes,4,21,12,False,True,normal,nuageux
2022-12-16 22:00:51,Hôpital Général Douala,A+,69,9,22,82,3.9,8,100.0,normale,Parfait pour transfusion immédiate,4,22,12,False,True,normal,nuageux
2022-12-16 22:11:53,Hôpital Général Douala,A+,77,7,15,85,3.7,2,88.1,normale,"Excellent état, conservation parfaite",4,22,12,False,True,normal,ensoleillé
2022-12-16 22:51:51,Centre Médical d'Excellence,A+,42,13,0,29,3.5,5,93.5,normale,Urgent: vérifier température stockage,4,22,12,False,True,normal,orageux
2022-12-17 00:38:59,Hôpital Laquintinie,A+,9,2,0,7,4.4,6,99.1,critique,"URGENT: Stock critique - Bon état général, légère variation température",5,0,12,True,True,normal,pluvieux
2022-12-17 02:11:50,Hôpital Militaire,A+,24,4,0,20,4.3,17,100.0,normale,Hémoglobine dans les normes,5,2,12,True,True,normal,orageux
2022-12-17 03:33:30,Hôpital Militaire,A+,21,4,22,39,4.5,19,100.0,normale,"Excellent état, conservation parfaite",5,3,12,True,True,normal,orageux
2022-12-17 09:35:30,Clinique des Spécialités,A+,15,6,0,9,4.2,6,100.0,critique,URGENT: Stock critique - Parfait pour transfusion immédiate,5,9,12,True,True,normal,ensoleillé
2022-12-17 09:38:06,Centre Médical d'Excellence,A+,50,8,21,63,4.0,3,87.6,normale,Hémoglobine dans les normes,5,9,12,True,True,normal,pluvieux
2022-12-17 18:36:46,Hôpital Laquintinie,A+,47,8,0,39,5.0,34,98.6,normale,Parfait pour transfusion immédiate,5,18,12,True,True,normal,nuageux
2022-12-18 00:08:40,Hôpital de District Bonassama,A+,30,4,0,26,3.3,22,95.0,normale,"Bon état général, légère variation température",6,0,12,True,True,normal,ensoleillé
2022-12-18 02:41:11,Centre Médical d'Excellence,A+,16,5,0,11,3.7,22,100.0,faible,Urgent: vérifier température stockage,6,2,12,True,True,normal,ensoleillé
2022-12-18 05:38:26,Hôpital Général Douala,A+,9,7,0,2,3.9,20,96.3,critique,URGENT: Stock critique - Parfait pour transfusion immédiate,6,5,12,True,True,normal,pluvieux
2022-12-18 09:32:44,Centre Médical d'Excellence,A+,32,12,0,20,4.3,3,87.6,normale,Attention: proche expiration,6,9,12,True,True,normal,ensoleillé
2022-12-19 01:48:31,Hôpital Laquintinie,A+,33,10,0,23,4.3,11,99.8,normale,Urgent: vérifier température stockage,0,1,12,False,True,normal,ensoleillé
2022-12-19 03:27:49,Clinique des Spécialités,A+,22,15,0,7,4.9,56,94.3,critique,"URGENT: Stock critique - État satisfaisant, contrôle qualité OK",0,3,12,False,True,normal,ensoleillé
2022-12-19 04:10:50,Hôpital de District Bonassama,A+,22,1,0,21,4.4,1,57.1,attention,Hémoglobine dans les normes,0,4,12,False,True,normal,ensoleillé
2022-12-19 04:48:15,Hôpital Général Douala,A+,34,8,0,26,3.5,12,100.0,normale,"État satisfaisant, contrôle qualité OK",0,4,12,False,True,normal,ensoleillé
2022-12-19 06:40:31,Hôpital Général Douala,A+,53,5,0,48,3.3,3,80.8,normale,"Excellent état, conservation parfaite",0,6,12,False,True,normal,pluvieux
2022-12-19 08:34:13,Hôpital Militaire,A+,70,10,0,60,4.1,24,99.6,normale,Parfait pour transfusion immédiate,0,8,12,False,True,normal,orageux
2022-12-19 10:25:29,Hôpital Laquintinie,A+,72,7,0,65,3.8,1,63.5,attention,Attention: proche expiration,0,10,12,False,True,normal,pluvieux
2022-12-19 15:45:26,Hôpital Général Douala,A+,50,7,0,43,3.9,5,92.1,normale,Hémoglobine dans les normes,0,15,12,False,True,normal,ensoleillé
2022-12-19 21:40:50,Centre Médical d'Excellence,A+,54,10,0,44,2.7,71,100.0,normale,Contrôle bactériologique négatif,0,21,12,False,True,normal,nuageux
2022-12-19 23:44:53,Hôpital Général Douala,A+,26,13,23,36,3.7,15,100.0,normale,Parfait pour transfusion immédiate,0,23,12,False,True,normal,ensoleillé
2022-12-20 03:10:05,Hôpital Militaire,A+,30,3,0,27,3.5,53,100.0,normale,Urgent: vérifier température stockage,1,3,12,False,True,normal,ensoleillé
2022-12-20 04:32:46,Hôpital de District Bonassama,A+,16,10,0,6,3.4,3,84.1,critique,URGENT: Stock critique - Urgent: vérifier température stockage,1,4,12,False,True,normal,ensoleillé
2022-12-20 05:19:20,Hôpital Général Douala,A+,22,8,25,39,3.9,1,59.8,attention,Contrôle bactériologique négatif,1,5,12,False,True,normal,ensoleillé
2022-12-20 09:25:01,Clinique des Spécialités,A+,66,11,0,55,3.8,4,88.8,normale,Urgent: vérifier température stockage,1,9,12,False,True,normal,ensoleillé
2022-12-20 09:38:40,Hôpital de District Bonassama,A+,56,8,25,73,3.9,9,100.0,normale,"État satisfaisant, contrôle qualité OK",1,9,12,False,True,normal,nuageux
2022-12-20 09:58:14,Hôpital de District Bonassama,A+,58,4,0,54,4.0,22,100.0,normale,Urgent: vérifier température stockage,1,9,12,False,True,normal,nuageux
2022-12-20 16:12:32,Hôpital Général Douala,A+,57,15,0,42,4.3,17,95.2,normale,Attention: proche expiration,1,16,12,False,True,accident_route,ensoleillé
2022-12-20 20:42:16,Hôpital Laquintinie,A+,69,5,0,64,4.5,7,100.0,normale,"Excellent état, conservation parfaite",1,20,12,False,True,normal,pluvieux
2022-12-21 03:05:11,Hôpital Laquintinie,A+,31,11,0,20,3.4,46,100.0,normale,Contrôle bactériologique négatif,2,3,12,False,True,campagne_don,ensoleillé
2022-12-21 07:53:49,Hôpital Général Douala,A+,65,10,0,55,3.7,50,93.4,normale,Urgent: vérifier température stockage,2,7,12,False,True,normal,nuageux
2022-12-21 08:19:55,Hôpital Militaire,A+,77,21,21,77,3.9,15,100.0,normale,Urgent: vérifier température stockage,2,8,12,False,True,normal,orageux
2022-12-21 14:35:10,Hôpital Laquintinie,A+,88,10,0,78,4.1,2,86.6,normale,"Bon état général, légère variation température",2,14,12,False,True,normal,ensoleillé
2022-12-21 20:02:12,Hôpital de District Bonassama,A+,58,12,0,46,3.5,34,94.6,normale,"Excellent état, conservation parfaite",2,20,12,False,True,normal,nuageux
2022-12-21 21:14:28,Centre Médical d'Excellence,A+,91,9,0,82,3.7,6,96.0,normale,Attention: proche expiration,2,21,12,False,True,normal,ensoleillé
2022-12-21 22:53:03,Hôpital Laquintinie,A+,74,9,0,65,3.4,15,100.0,normale,Contrôle bactériologique négatif,2,22,12,False,True,normal,pluvieux
2022-12-22 02:45:06,Hôpital Laquintinie,A+,10,9,0,1,4.2,2,78.1,critique,URGENT: Stock critique - Parfait pour transfusion immédiate,3,2,12,False,True,normal,pluvieux
2022-12-22 06:19:40,Hôpital Laquintinie,A+,48,13,14,49,4.4,11,94.5,normale,"Bon état général, légère variation température",3,6,12,False,True,normal,pluvieux
2022-12-22 09:21:29,Clinique des Spécialités,A+,37,13,17,41,3.8,1,65.6,attention,Contrôle bactériologique négatif,3,9,12,False,True,normal,pluvieux
2022-12-22 09:44:59,Clinique des Spécialités,A+,74,9,0,65,4.2,5,100.0,normale,Parfait pour transfusion immédiate,3,9,12,False,True,normal,ensoleillé
2022-12-22 11:45:56,Hôpital Général Douala,A+,23,14,0,9,3.7,53,100.0,critique,"URGENT: Stock critique - Bon état général, légère variation température",3,11,12,False,True,normal,ensoleillé
2022-12-22 12:53:44,Centre Médical d'Excellence,A+,69,6,0,63,3.6,10,95.4,normale,Urgent: vérifier température stockage,3,12,12,False,True,normal,ensoleillé
2022-12-22 15:23:32,Centre Médical d'Excellence,A+,50,11,0,39,3.9,31,100.0,normale,Contrôle bactériologique négatif,3,15,12,False,True,normal,ensoleillé
2022-12-22 17:52:15,Hôpital Général Douala,A+,57,8,0,49,3.6,5,100.0,normale,"État satisfaisant, contrôle qualité OK",3,17,12,False,True,normal,pluvieux
2022-12-22 20:40:07,Hôpital Général Douala,A+,63,15,0,48,4.7,22,92.4,normale,Parfait pour transfusion immédiate,3,20,12,False,True,normal,orageux
2022-12-23 04:31:50,Hôpital Laquintinie,A+,38,11,0,27,4.0,10,99.8,normale,Contrôle bactériologique négatif,4,4,12,False,True,normal,ensoleillé
2022-12-23 05:43:07,Clinique des Spécialités,A+,27,9,16,34,4.5,2,87.9,normale,Attention: proche expiration,4,5,12,False,True,normal,ensoleillé
2022-12-23 07:10:17,Hôpital Militaire,A+,35,13,0,22,4.6,2,84.6,normale,"Bon état général, légère variation température",4,7,12,False,True,normal,pluvieux
2022-12-23 09:37:06,Clinique des Spécialités,A+,79,1,0,78,3.7,1,63.2,attention,"État satisfaisant, contrôle qualité OK",4,9,12,False,True,normal,pluvieux
2022-12-23 16:34:43,Hôpital Laquintinie,A+,73,14,0,59,4.9,22,100.0,normale,"État satisfaisant, contrôle qualité OK",4,16,12,False,True,accident_route,pluvieux
2022-12-23 23:00:54,Clinique des Spécialités,A+,42,11,0,31,3.9,6,100.0,normale,"Excellent état, conservation parfaite",4,23,12,False,True,normal,nuageux
2022-12-24 02:26:25,Clinique des Spécialités,A+,24,9,0,15,3.8,3,99.0,faible,Parfait pour transfusion immédiate,5,2,12,True,True,normal,ensoleillé
2022-12-24 16:10:51,Hôpital de District Bonassama,A+,43,3,0,40,4.1,9,97.5,normale,"Excellent état, conservation parfaite",5,16,12,True,True,normal,pluvieux
2022-12-24 22:28:30,Centre Médical d'Excellence,A+,42,3,22,61,3.5,12,96.5,normale,Hémoglobine dans les normes,5,22,12,True,True,normal,nuageux
2022-12-25 01:11:38,Clinique des Spécialités,A+,13,10,25,28,3.9,8,96.4,normale,Attention: proche expiration,6,1,12,True,True,normal,ensoleillé
2022-12-25 02:28:56,Hôpital Laquintinie,A+,21,6,25,40,3.1,8,100.0,normale,"Excellent état, conservation parfaite",6,2,12,True,True,normal,ensoleillé
2022-12-25 03:41:13,Hôpital Militaire,A+,20,10,0,10,3.7,14,100.0,faible,"Bon état général, légère variation température",6,3,12,True,True,normal,ensoleillé
2022-12-25 04:27:26,Centre Médical d'Excellence,A+,12,2,0,10,3.2,28,98.6,faible,"Bon état général, légère variation température",6,4,12,True,True,normal,ensoleillé
2022-12-25 13:15:42,Clinique des Spécialités,A+,36,7,0,29,3.9,3,82.9,normale,"Excellent état, conservation parfaite",6,13,12,True,True,normal,ensoleillé
2022-12-25 14:40:58,Hôpital Laquintinie,A+,30,5,0,25,3.8,31,99.1,normale,"État satisfaisant, contrôle qualité OK",6,14,12,True,True,normal,ensoleillé
2022-12-25 22:32:25,Hôpital Général Douala,A+,45,5,18,58,5.6,8,100.0,normale,Parfait pour transfusion immédiate,6,22,12,True,True,normal,ensoleillé
2022-12-26 01:09:17,Hôpital Général Douala,A+,37,13,0,24,3.2,2,77.9,normale,Parfait pour transfusion immédiate,0,1,12,False,True,normal,nuageux
2022-12-26 05:04:01,Centre Médical d'Excellence,A+,19,11,0,8,5.0,28,100.0,critique,URGENT: Stock critique - Attention: proche expiration,0,5,12,False,True,normal,ensoleillé
2022-12-26 10:31:33,Hôpital Militaire,A+,71,0,0,71,3.5,1,68.4,attention,Attention: proche expiration,0,10,12,False,True,normal,nuageux
2022-12-26 12:07:08,Hôpital Général Douala,A+,53,15,0,38,3.4,1,57.3,attention,Parfait pour transfusion immédiate,0,12,12,False,True,normal,orageux
2022-12-26 15:01:05,Clinique des Spécialités,A+,84,7,0,77,4.2,36,98.9,normale,"Excellent état, conservation parfaite",0,15,12,False,True,normal,pluvieux
2022-12-27 01:44:16,Centre Médical d'Excellence,A+,27,5,0,22,4.1,6,97.3,normale,"Bon état général, légère variation température",1,1,12,False,True,normal,pluvieux
2022-12-27 08:42:43,Centre Médical d'Excellence,A+,40,11,0,29,3.1,5,99.6,normale,"Excellent état, conservation parfaite",1,8,12,False,True,normal,ensoleillé
2022-12-27 14:34:26,Centre Médical d'Excellence,A+,35,11,8,32,3.5,26,93.5,normale,Contrôle bactériologique négatif,1,14,12,False,True,urgence_médicale,ensoleillé
2022-12-27 14:45:26,Clinique des Spécialités,A+,59,13,0,46,4.5,1,56.3,attention,Urgent: vérifier température stockage,1,14,12,False,True,normal,orageux
2022-12-27 17:49:45,Clinique des Spécialités,A+,55,11,0,44,3.8,2,86.1,normale,Contrôle bactériologique négatif,1,17,12,False,True,normal,pluvieux
2022-12-27 22:39:25,Clinique des Spécialités,A+,50,12,0,38,2.8,12,99.6,normale,Attention: proche expiration,1,22,12,False,True,normal,nuageux
2022-12-28 03:29:52,Centre Médical d'Excellence,A+,18,10,0,8,3.7,4,78.8,critique,URGENT: Stock critique - Attention: proche expiration,2,3,12,False,True,normal,nuageux
2022-12-28 11:37:14,Clinique des Spécialités,A+,37,12,18,43,4.6,14,100.0,normale,Hémoglobine dans les normes,2,11,12,False,True,normal,nuageux
2022-12-28 19:45:36,Hôpital Laquintinie,A+,54,11,0,43,3.5,12,100.0,normale,Parfait pour transfusion immédiate,2,19,12,False,True,normal,pluvieux
2022-12-28 21:02:13,Hôpital Militaire,A+,40,6,0,34,5.1,3,80.4,normale,Parfait pour transfusion immédiate,2,21,12,False,True,normal,pluvieux
2022-12-28 22:56:43,Hôpital Militaire,A+,66,6,0,60,3.7,9,92.9,normale,"Bon état général, légère variation température",2,22,12,False,True,normal,ensoleillé
2022-12-28 23:16:35,Clinique des Spécialités,A+,37,9,26,54,4.0,11,93.5,normale,"Excellent état, conservation parfaite",2,23,12,False,True,normal,nuageux
2022-12-29 03:32:18,Hôpital Laquintinie,A+,29,6,21,44,4.4,41,100.0,normale,"Bon état général, légère variation température",3,3,12,False,True,campagne_don,pluvieux
2022-12-29 11:52:53,Hôpital Général Douala,A+,48,15,17,50,3.0,8,100.0,normale,Urgent: vérifier température stockage,3,11,12,False,True,normal,orageux
2022-12-29 16:40:58,Centre Médical d'Excellence,A+,41,7,20,54,3.3,20,96.2,normale,Hémoglobine dans les normes,3,16,12,False,True,normal,ensoleillé
2022-12-30 00:47:01,Hôpital Laquintinie,A+,15,11,0,4,4.6,27,100.0,critique,"URGENT: Stock critique - Excellent état, conservation parfaite",4,0,12,False,True,normal,ensoleillé
2022-12-30 01:04:34,Hôpital Laquintinie,A+,30,7,0,23,3.8,8,100.0,normale,Parfait pour transfusion immédiate,4,1,12,False,True,normal,nuageux
2022-12-30 12:32:22,Hôpital Militaire,A+,66,7,18,77,4.1,17,100.0,normale,Contrôle bactériologique négatif,4,12,12,False,True,normal,pluvieux
2022-12-30 13:15:17,Centre Médical d'Excellence,A+,63,12,0,51,3.7,36,100.0,normale,Contrôle bactériologique négatif,4,13,12,False,True,normal,ensoleillé
2022-12-30 18:19:47,Centre Médical d'Excellence,A+,44,13,0,31,4.2,21,92.5,normale,Contrôle bactériologique négatif,4,18,12,False,True,normal,ensoleillé
2022-12-31 01:09:48,Hôpital Général Douala,A+,17,9,19,27,3.9,1,55.0,attention,Parfait pour transfusion immédiate,5,1,12,True,True,normal,ensoleillé
2022-12-31 07:05:04,Hôpital Laquintinie,A+,29,8,0,21,3.4,5,92.4,normale,Attention: proche expiration,5,7,12,True,True,normal,orageux
2022-12-31 08:19:43,Hôpital de District Bonassama,A+,41,5,0,36,4.2,29,100.0,normale,"Excellent état, conservation parfaite",5,8,12,True,True,normal,pluvieux
2022-12-31 10:29:01,Hôpital Militaire,A+,49,6,0,43,4.1,3,79.2,normale,Contrôle bactériologique négatif,5,10,12,True,True,normal,pluvieux
2022-12-31 11:07:32,Centre Médical d'Excellence,A+,45,5,15,55,4.8,9,94.1,normale,Contrôle bactériologique négatif,5,11,12,True,True,normal,orageux
2022-12-31 19:50:26,Centre Médical d'Excellence,A+,52,10,19,61,4.2,3,86.8,normale,Attention: proche expiration,5,19,12,True,True,normal,pluvieux
2023-01-01 04:29:21,Clinique des Spécialités,A+,22,11,14,25,3.6,25,100.0,normale,Parfait pour transfusion immédiate,6,4,1,True,True,normal,ensoleillé
2023-01-01 07:09:17,Hôpital Militaire,A+,44,7,0,37,4.7,15,100.0,normale,Contrôle bactériologique négatif,6,7,1,True,True,normal,ensoleillé
2023-01-01 11:26:14,Centre Médical d'Excellence,A+,49,7,0,42,4.2,32,99.9,normale,"État satisfaisant, contrôle qualité OK",6,11,1,True,True,normal,ensoleillé
2023-01-01 14:17:52,Centre Médical d'Excellence,A+,28,6,0,22,3.6,16,100.0,normale,"État satisfaisant, contrôle qualité OK",6,14,1,True,True,normal,pluvieux
2023-01-01 15:59:29,Hôpital Général Douala,A+,48,7,0,41,3.6,13,100.0,normale,Attention: proche expiration,6,15,1,True,True,normal,ensoleillé
2023-01-01 19:02:27,Hôpital Laquintinie,A+,52,4,0,48,3.4,1,55.3,attention,Attention: proche expiration,6,19,1,True,True,normal,ensoleillé
2023-01-01 23:37:26,Hôpital de District Bonassama,A+,25,7,0,18,4.1,1,58.8,faible,Urgent: vérifier température stockage,6,23,1,True,True,normal,ensoleillé
2023-01-02 03:47:01,Centre Médical d'Excellence,A+,54,4,0,50,4.2,10,91.4,normale,"État satisfaisant, contrôle qualité OK",0,3,1,False,True,normal,pluvieux
2023-01-02 16:02:42,Hôpital de District Bonassama,A+,77,6,28,99,4.3,2,86.7,normale,Hémoglobine dans les normes,0,16,1,False,True,normal,ensoleillé
2023-01-03 06:06:25,Hôpital Militaire,A+,61,3,17,75,4.1,14,98.7,normale,"Excellent état, conservation parfaite",1,6,1,False,True,normal,nuageux
2023-01-03 08:51:16,Clinique des Spécialités,A+,40,7,0,33,4.4,7,95.1,normale,"Bon état général, légère variation température",1,8,1,False,True,accident_route,pluvieux
2023-01-03 11:51:03,Clinique des Spécialités,A+,55,11,0,44,4.4,21,99.7,normale,Contrôle bactériologique négatif,1,11,1,False,True,normal,orageux
2023-01-03 12:21:05,Hôpital Militaire,A+,28,12,0,16,4.8,10,100.0,faible,"Excellent état, conservation parfaite",1,12,1,False,True,normal,ensoleillé
2023-01-03 12:49:21,Hôpital Laquintinie,A+,52,9,0,43,3.8,15,89.2,normale,Attention: proche expiration,1,12,1,False,True,normal,pluvieux
2023-01-03 14:12:53,Hôpital de District Bonassama,A+,66,4,0,62,4.5,1,57.5,attention,"État satisfaisant, contrôle qualité OK",1,14,1,False,True,normal,nuageux
2023-01-03 19:01:50,Hôpital Laquintinie,A+,56,9,28,75,3.7,39,100.0,normale,Contrôle bactériologique négatif,1,19,1,False,True,normal,ensoleillé
2023-01-03 19:49:04,Hôpital de District Bonassama,A+,59,6,0,53,3.7,20,100.0,normale,Parfait pour transfusion immédiate,1,19,1,False,True,normal,nuageux
2023-01-03 23:13:51,Hôpital Laquintinie,A+,45,13,24,56,4.1,23,99.3,normale,"Bon état général, légère variation température",1,23,1,False,True,normal,ensoleillé
2023-01-04 08:59:39,Clinique des Spécialités,A+,45,14,0,31,4.3,10,97.4,normale,Attention: proche expiration,2,8,1,False,True,normal,ensoleillé
2023-01-04 13:19:46,Hôpital Général Douala,A+,63,6,15,72,3.0,24,98.0,normale,Parfait pour transfusion immédiate,2,13,1,False,True,normal,ensoleillé
2023-01-04 14:59:27,Hôpital Laquintinie,A+,53,13,0,40,3.6,22,100.0,normale,"Excellent état, conservation parfaite",2,14,1,False,True,normal,ensoleillé
2023-01-04 15:00:10,Hôpital de District Bonassama,A+,54,12,0,42,4.5,1,61.9,attention,"Excellent état, conservation parfaite",2,15,1,False,True,normal,nuageux
2023-01-04 15:25:47,Hôpital Général Douala,A+,56,12,0,44,3.6,17,100.0,normale,"Excellent état, conservation parfaite",2,15,1,False,True,normal,orageux
2023-01-04 16:34:22,Hôpital Général Douala,A+,42,13,19,48,3.3,7,100.0,normale,Attention: proche expiration,2,16,1,False,True,normal,ensoleillé
2023-01-04 19:58:46,Hôpital Laquintinie,A+,75,14,0,61,3.8,7,100.0,normale,Parfait pour transfusion immédiate,2,19,1,False,True,normal,pluvieux
2023-01-04 20:38:22,Hôpital Laquintinie,A+,80,6,23,97,4.4,4,89.0,normale,Urgent: vérifier température stockage,2,20,1,False,True,normal,pluvieux
2023-01-05 01:11:00,Hôpital de District Bonassama,A+,26,10,0,16,2.9,11,100.0,faible,Contrôle bactériologique négatif,3,1,1,False,True,normal,ensoleillé
2023-01-05 03:38:40,Hôpital Laquintinie,A+,19,7,0,12,4.4,24,100.0,faible,Contrôle bactériologique négatif,3,3,1,False,True,normal,ensoleillé
2023-01-05 03:54:20,Centre Médical d'Excellence,A+,30,13,0,17,5.2,22,100.0,faible,"Excellent état, conservation parfaite",3,3,1,False,True,normal,orageux
2023-01-05 10:22:03,Hôpital Militaire,A+,33,7,20,46,3.8,68,100.0,normale,Parfait pour transfusion immédiate,3,10,1,False,True,normal,ensoleillé
2023-01-05 11:54:51,Hôpital de District Bonassama,A+,86,6,0,80,4.9,16,99.6,normale,Parfait pour transfusion immédiate,3,11,1,False,True,normal,nuageux
2023-01-05 14:50:40,Clinique des Spécialités,A+,43,9,0,34,3.8,52,100.0,normale,Parfait pour transfusion immédiate,3,14,1,False,True,normal,ensoleillé
2023-01-05 17:22:41,Clinique des Spécialités,A+,92,9,0,83,4.0,2,83.1,normale,Contrôle bactériologique négatif,3,17,1,False,True,normal,ensoleillé
2023-01-05 20:18:46,Hôpital Laquintinie,A+,39,13,31,57,4.2,2,77.9,normale,Parfait pour transfusion immédiate,3,20,1,False,True,normal,nuageux
2023-01-05 21:36:24,Hôpital Laquintinie,A+,67,9,23,81,5.1,15,88.9,normale,Hémoglobine dans les normes,3,21,1,False,True,normal,nuageux
2023-01-06 19:23:10,Hôpital de District Bonassama,A+,36,9,19,46,3.9,1,64.5,attention,Urgent: vérifier température stockage,4,19,1,False,True,normal,ensoleillé
2023-01-06 20:17:07,Clinique des Spécialités,A+,59,13,0,46,3.2,11,100.0,normale,Contrôle bactériologique négatif,4,20,1,False,True,normal,ensoleillé
2023-01-06 20:23:22,Hôpital Laquintinie,A+,76,3,0,73,2.9,1,64.3,attention,"Excellent état, conservation parfaite",4,20,1,False,True,normal,pluvieux
2023-01-07 01:31:03,Hôpital Militaire,A+,12,8,0,4,3.5,3,85.5,critique,URGENT: Stock critique - Urgent: vérifier température stockage,5,1,1,True,True,normal,pluvieux
2023-01-07 15:45:52,Hôpital Laquintinie,A+,38,8,20,50,3.6,20,95.6,normale,Attention: proche expiration,5,15,1,True,True,normal,ensoleillé
2023-01-07 18:57:51,Hôpital Général Douala,A+,65,5,24,84,4.2,25,96.4,normale,Contrôle bactériologique négatif,5,18,1,True,True,normal,ensoleillé
2023-01-07 19:52:46,Clinique des Spécialités,A+,39,6,0,33,4.4,2,85.9,normale,"Excellent état, conservation parfaite",5,19,1,True,True,normal,ensoleillé
2023-01-08 01:23:19,Centre Médical d'Excellence,A+,23,8,0,15,3.8,5,100.0,faible,Hémoglobine dans les normes,6,1,1,True,True,normal,ensoleillé
2023-01-08 01:47:01,Hôpital Laquintinie,A+,16,6,0,10,4.1,14,96.3,faible,"État satisfaisant, contrôle qualité OK",6,1,1,True,True,normal,pluvieux
2023-01-08 02:41:05,Clinique des Spécialités,A+,23,8,0,15,3.5,21,95.9,faible,Urgent: vérifier température stockage,6,2,1,True,True,normal,pluvieux
2023-01-08 06:13:40,Hôpital Laquintinie,A+,30,7,0,23,4.4,5,100.0,normale,Urgent: vérifier température stockage,6,6,1,True,True,normal,ensoleillé
2023-01-08 08:33:20,Hôpital Général Douala,A+,35,9,25,51,3.3,16,100.0,normale,Urgent: vérifier température stockage,6,8,1,True,True,normal,pluvieux
2023-01-08 10:52:03,Hôpital Militaire,A+,43,7,15,51,4.7,6,99.0,normale,Contrôle bactériologique négatif,6,10,1,True,True,normal,pluvieux
2023-01-09 18:46:11,Clinique des Spécialités,A+,67,11,0,56,4.8,3,78.2,normale,Contrôle bactériologique négatif,0,18,1,False,True,normal,nuageux
2023-01-10 02:56:59,Hôpital Général Douala,A+,40,6,22,56,3.9,5,95.4,normale,Urgent: vérifier température stockage,1,2,1,False,True,normal,ensoleillé
2023-01-10 08:34:30,Hôpital Militaire,A+,51,13,0,38,4.7,21,100.0,normale,"État satisfaisant, contrôle qualité OK",1,8,1,False,True,normal,pluvieux
2023-01-10 10:22:04,Hôpital Général Douala,A+,81,5,28,104,4.4,17,98.6,normale,Contrôle bactériologique négatif,1,10,1,False,True,accident_route,pluvieux
2023-01-10 11:25:56,Centre Médical d'Excellence,A+,55,2,0,53,3.5,1,64.8,attention,"Bon état général, légère variation température",1,11,1,False,True,normal,ensoleillé
2023-01-10 13:37:21,Hôpital de District Bonassama,A+,46,7,17,56,3.7,24,100.0,normale,Attention: proche expiration,1,13,1,False,True,normal,ensoleillé
2023-01-10 14:34:33,Hôpital de District Bonassama,A+,54,7,0,47,3.0,2,80.5,normale,Parfait pour transfusion immédiate,1,14,1,False,True,normal,pluvieux
2023-01-10 16:06:55,Hôpital de District Bonassama,A+,53,13,0,40,4.0,1,52.4,attention,"État satisfaisant, contrôle qualité OK",1,16,1,False,True,normal,ensoleillé
2023-01-10 21:42:40,Hôpital Laquintinie,A+,56,4,0,52,3.3,4,79.5,normale,Contrôle bactériologique négatif,1,21,1,False,True,normal,nuageux
2023-01-10 22:51:57,Hôpital Général Douala,A+,23,7,23,39,3.6,13,100.0,normale,Hémoglobine dans les normes,1,22,1,False,True,normal,pluvieux
2023-01-11 02:23:35,Clinique des Spécialités,A+,22,9,18,31,3.2,14,96.8,normale,"État satisfaisant, contrôle qualité OK",2,2,1,False,True,normal,pluvieux
2023-01-11 08:46:15,Hôpital de District Bonassama,A+,89,10,15,94,3.5,2,89.6,normale,Hémoglobine dans les normes,2,8,1,False,True,normal,ensoleillé
2023-01-11 15:30:52,Hôpital Laquintinie,A+,58,5,0,53,4.5,44,90.4,normale,Attention: proche expiration,2,15,1,False,True,normal,pluvieux
2023-01-12 01:46:16,Hôpital de District Bonassama,A+,38,7,0,31,4.0,6,96.5,normale,"Bon état général, légère variation température",3,1,1,False,True,normal,pluvieux
2023-01-12 02:06:57,Hôpital Militaire,A+,34,10,0,24,4.4,3,87.0,normale,"Bon état général, légère variation température",3,2,1,False,True,normal,pluvieux
2023-01-12 02:43:33,Centre Médical d'Excellence,A+,28,7,0,21,3.5,2,71.4,normale,"État satisfaisant, contrôle qualité OK",3,2,1,False,True,normal,pluvieux
2023-01-12 11:04:49,Hôpital Général Douala,A+,81,5,17,93,3.3,6,100.0,normale,Parfait pour transfusion immédiate,3,11,1,False,True,normal,ensoleillé
2023-01-12 11:40:58,Hôpital de District Bonassama,A+,57,10,0,47,4.1,3,90.9,normale,"Bon état général, légère variation température",3,11,1,False,True,normal,ensoleillé
2023-01-12 12:35:05,Hôpital Militaire,A+,58,9,0,49,3.3,24,92.1,normale,Urgent: vérifier température stockage,3,12,1,False,True,normal,orageux
2023-01-12 15:32:10,Clinique des Spécialités,A+,65,6,0,59,4.9,3,82.1,normale,Urgent: vérifier température stockage,3,15,1,False,True,normal,nuageux
2023-01-12 23:21:15,Centre Médical d'Excellence,A+,29,4,0,25,3.5,14,96.2,normale,Parfait pour transfusion immédiate,3,23,1,False,True,normal,pluvieux
2023-01-12 23:57:28,Clinique des Spécialités,A+,8,10,0,0,3.0,12,100.0,critique,URGENT: Stock critique - Contrôle bactériologique négatif,3,23,1,False,True,normal,nuageux
2023-01-13 00:10:58,Hôpital Laquintinie,A+,17,7,0,10,3.0,14,93.8,faible,Urgent: vérifier température stockage,4,0,1,False,True,normal,nuageux
2023-01-13 03:57:23,Clinique des Spécialités,A+,24,3,0,21,4.4,10,97.5,normale,"Bon état général, légère variation température",4,3,1,False,True,normal,orageux
2023-01-13 05:00:24,Clinique des Spécialités,A+,26,7,12,31,4.6,21,95.4,normale,Contrôle bactériologique négatif,4,5,1,False,True,normal,nuageux
2023-01-13 05:01:22,Hôpital Laquintinie,A+,52,18,0,34,4.4,4,83.2,normale,Parfait pour transfusion immédiate,4,5,1,False,True,normal,pluvieux
2023-01-13 05:23:25,Clinique des Spécialités,A+,14,12,0,2,4.7,11,99.3,critique,URGENT: Stock critique - Urgent: vérifier température stockage,4,5,1,False,True,normal,ensoleillé
2023-01-13 14:27:46,Hôpital Général Douala,A+,13,8,0,5,4.7,3,82.7,critique,"URGENT: Stock critique - Excellent état, conservation parfaite",4,14,1,False,True,normal,ensoleillé
2023-01-13 15:55:35,Clinique des Spécialités,A+,62,4,0,58,3.4,4,90.6,normale,Contrôle bactériologique négatif,4,15,1,False,True,normal,ensoleillé
2023-01-13 21:05:00,Hôpital Général Douala,A+,95,2,0,93,4.8,65,86.4,normale,"Excellent état, conservation parfaite",4,21,1,False,True,urgence_médicale,ensoleillé
2023-01-14 00:11:25,Clinique des Spécialités,A+,17,6,20,31,3.5,1,55.6,attention,"État satisfaisant, contrôle qualité OK",5,0,1,True,True,normal,ensoleillé
2023-01-14 03:45:26,Hôpital Laquintinie,A+,17,8,28,37,3.6,6,99.5,normale,"État satisfaisant, contrôle qualité OK",5,3,1,True,True,normal,ensoleillé
2023-01-14 10:03:59,Centre Médical d'Excellence,A+,53,4,18,67,3.7,23,90.0,normale,Urgent: vérifier température stockage,5,10,1,True,True,normal,ensoleillé
2023-01-14 15:32:31,Hôpital Général Douala,A+,73,7,0,66,4.8,13,98.0,normale,Urgent: vérifier température stockage,5,15,1,True,True,normal,ensoleillé
2023-01-14 16:35:22,Hôpital Laquintinie,A+,35,7,0,28,3.7,7,100.0,normale,"Bon état général, légère variation température",5,16,1,True,True,normal,ensoleillé
2023-01-14 17:09:56,Hôpital Militaire,A+,39,4,22,57,4.4,26,100.0,normale,Attention: proche expiration,5,17,1,True,True,normal,nuageux
2023-01-14 22:03:01,Hôpital Laquintinie,A+,34,10,0,24,4.1,16,99.5,normale,Hémoglobine dans les normes,5,22,1,True,True,normal,ensoleillé
2023-01-15 00:00:01,Hôpital de District Bonassama,A+,19,8,13,24,3.9,10,99.1,normale,Parfait pour transfusion immédiate,6,0,1,True,True,normal,ensoleillé
2023-01-15 03:16:05,Centre Médical d'Excellence,A+,17,5,0,12,3.7,2,87.7,faible,Attention: proche expiration,6,3,1,True,True,normal,nuageux
2023-01-15 12:33:26,Hôpital de District Bonassama,A+,41,7,0,34,5.1,3,85.4,normale,"État satisfaisant, contrôle qualité OK",6,12,1,True,True,normal,pluvieux
2023-01-15 14:01:09,Centre Médical d'Excellence,A+,36,3,16,49,4.3,28,100.0,normale,"Bon état général, légère variation température",6,14,1,True,True,normal,nuageux
2023-01-15 21:25:31,Centre Médical d'Excellence,A+,56,6,0,50,4.8,11,100.0,normale,"Bon état général, légère variation température",6,21,1,True,True,normal,nuageux
2023-01-16 11:24:12,Clinique des Spécialités,A+,41,7,0,34,4.1,28,100.0,normale,Contrôle bactériologique négatif,0,11,1,False,True,normal,nuageux
2023-01-16 13:00:36,Hôpital de District Bonassama,A+,43,10,0,33,3.6,14,100.0,normale,Contrôle bactériologique négatif,0,13,1,False,True,normal,ensoleillé
2023-01-16 15:58:37,Clinique des Spécialités,A+,43,13,0,30,3.2,30,93.2,normale,Hémoglobine dans les normes,0,15,1,False,True,normal,pluvieux
2023-01-16 17:35:34,Hôpital Laquintinie,A+,75,8,27,94,3.6,28,100.0,normale,Urgent: vérifier température stockage,0,17,1,False,True,normal,orageux
2023-01-16 18:01:19,Hôpital de District Bonassama,A+,70,8,0,62,4.4,8,95.7,normale,"Excellent état, conservation parfaite",0,18,1,False,True,normal,ensoleillé
2023-01-16 19:16:25,Clinique des Spécialités,A+,60,11,0,49,4.1,83,84.0,normale,Attention: proche expiration,0,19,1,False,True,normal,ensoleillé
2023-01-17 00:31:56,Hôpital Laquintinie,A+,34,2,0,32,3.5,10,100.0,normale,"Excellent état, conservation parfaite",1,0,1,False,True,normal,pluvieux
2023-01-17 01:10:43,Hôpital Militaire,A+,14,2,0,12,4.4,7,96.2,faible,"État satisfaisant, contrôle qualité OK",1,1,1,False,True,normal,ensoleillé
2023-01-17 12:38:07,Hôpital Militaire,A+,82,3,24,103,4.4,10,96.4,normale,"Bon état général, légère variation température",1,12,1,False,True,normal,orageux
2023-01-17 16:27:44,Hôpital Militaire,A+,65,9,0,56,4.2,10,100.0,normale,Attention: proche expiration,1,16,1,False,True,normal,pluvieux
2023-01-17 17:12:35,Clinique des Spécialités,A+,35,5,0,30,3.4,7,90.1,normale,Parfait pour transfusion immédiate,1,17,1,False,True,normal,orageux
2023-01-17 17:50:38,Centre Médical d'Excellence,A+,59,3,0,56,4.2,7,100.0,normale,Hémoglobine dans les normes,1,17,1,False,True,normal,pluvieux
2023-01-17 20:58:56,Clinique des Spécialités,A+,75,6,19,88,3.5,5,100.0,normale,Hémoglobine dans les normes,1,20,1,False,True,urgence_médicale,pluvieux
2023-01-17 20:59:23,Centre Médical d'Excellence,A+,76,7,0,69,3.5,13,100.0,normale,"Excellent état, conservation parfaite",1,20,1,False,True,normal,pluvieux
2023-01-18 01:25:44,Hôpital Laquintinie,A+,25,6,0,19,4.3,11,98.9,faible,"Bon état général, légère variation température",2,1,1,False,True,normal,ensoleillé
2023-01-18 04:36:46,Centre Médical d'Excellence,A+,34,0,0,34,4.9,22,96.7,normale,"État satisfaisant, contrôle qualité OK",2,4,1,False,True,normal,ensoleillé
2023-01-18 09:53:23,Hôpital de District Bonassama,A+,54,8,0,46,4.5,4,89.1,normale,"État satisfaisant, contrôle qualité OK",2,9,1,False,True,normal,ensoleillé
2023-01-18 12:56:54,Clinique des Spécialités,A+,50,11,0,39,4.1,17,100.0,normale,"État satisfaisant, contrôle qualité OK",2,12,1,False,True,normal,ensoleillé
2023-01-18 15:56:19,Centre Médical d'Excellence,A+,73,11,27,89,4.6,20,98.5,normale,Contrôle bactériologique négatif,2,15,1,False,True,urgence_médicale,ensoleillé
2023-01-19 00:29:47,Hôpital de District Bonassama,A+,42,15,0,27,3.9,7,100.0,normale,Attention: proche expiration,3,0,1,False,True,normal,ensoleillé
2023-01-19 15:11:41,Clinique des Spécialités,A+,28,7,0,21,3.7,13,94.0,normale,"Bon état général, légère variation température",3,15,1,False,True,normal,ensoleillé
2023-01-19 23:51:30,Hôpital Général Douala,A+,15,8,0,7,3.1,19,100.0,critique,"URGENT: Stock critique - État satisfaisant, contrôle qualité OK",3,23,1,False,True,normal,pluvieux
2023-01-20 09:29:47,Clinique des Spécialités,A+,35,7,0,28,3.1,17,95.8,normale,Hémoglobine dans les normes,4,9,1,False,True,normal,ensoleillé
2023-01-21 08:27:58,Centre Médical d'Excellence,A+,33,6,25,52,3.3,11,100.0,normale,Parfait pour transfusion immédiate,5,8,1,True,True,normal,ensoleillé
2023-01-21 08:51:39,Clinique des Spécialités,A+,42,6,0,36,4.0,5,100.0,normale,Contrôle bactériologique négatif,5,8,1,True,True,normal,ensoleillé
2023-01-21 09:53:54,Hôpital Laquintinie,A+,47,11,17,53,3.8,1,47.3,attention,"Bon état général, légère variation température",5,9,1,True,True,normal,orageux
2023-01-21 13:30:33,Hôpital Général Douala,A+,52,4,0,48,3.1,21,100.0,normale,Hémoglobine dans les normes,5,13,1,True,True,normal,nuageux
2023-01-21 14:31:09,Hôpital Laquintinie,A+,29,3,21,47,4.1,5,97.6,normale,Attention: proche expiration,5,14,1,True,True,urgence_médicale,ensoleillé
2023-01-22 01:45:58,Hôpital Militaire,A+,27,3,0,24,4.8,3,84.8,normale,Contrôle bactériologique négatif,6,1,1,True,True,normal,pluvieux
2023-01-22 10:20:55,Hôpital Laquintinie,A+,35,7,27,55,3.6,12,100.0,normale,Contrôle bactériologique négatif,6,10,1,True,True,normal,pluvieux
2023-01-22 14:31:43,Centre Médical d'Excellence,A+,40,10,25,55,3.9,14,100.0,normale,Parfait pour transfusion immédiate,6,14,1,True,True,normal,ensoleillé
2023-01-22 17:30:39,Hôpital Général Douala,A+,31,0,14,45,3.9,1,63.2,attention,Urgent: vérifier température stockage,6,17,1,True,True,normal,pluvieux
2023-01-22 21:54:27,Hôpital de District Bonassama,A+,45,4,25,66,3.7,11,95.7,normale,Contrôle bactériologique négatif,6,21,1,True,True,normal,ensoleillé
2023-01-23 04:35:05,Hôpital Laquintinie,A+,39,9,0,30,3.9,14,100.0,normale,Parfait pour transfusion immédiate,0,4,1,False,True,normal,pluvieux
2023-01-23 09:33:17,Centre Médical d'Excellence,A+,37,4,0,33,3.3,23,99.7,normale,Contrôle bactériologique négatif,0,9,1,False,True,normal,nuageux
2023-01-23 10:50:23,Centre Médical d'Excellence,A+,70,6,0,64,4.9,3,88.2,normale,"État satisfaisant, contrôle qualité OK",0,10,1,False,True,normal,pluvieux
2023-01-23 17:49:48,Centre Médical d'Excellence,A+,70,8,16,78,4.6,1,56.4,attention,Contrôle bactériologique négatif,0,17,1,False,True,normal,nuageux
2023-01-23 19:41:11,Clinique des Spécialités,A+,86,13,0,73,4.2,53,99.9,normale,Hémoglobine dans les normes,0,19,1,False,True,normal,pluvieux
2023-01-24 00:53:36,Centre Médical d'Excellence,A+,42,3,0,39,5.5,10,100.0,normale,Parfait pour transfusion immédiate,1,0,1,False,True,normal,ensoleillé
2023-01-24 01:24:19,Centre Médical d'Excellence,A+,33,11,0,22,4.2,1,66.2,attention,Urgent: vérifier température stockage,1,1,1,False,True,normal,ensoleillé
2023-01-24 06:02:08,Hôpital de District Bonassama,A+,38,11,0,27,3.3,3,84.6,normale,Parfait pour transfusion immédiate,1,6,1,False,True,normal,nuageux
2023-01-24 06:34:51,Hôpital Général Douala,A+,79,5,22,96,4.3,37,91.0,normale,Attention: proche expiration,1,6,1,False,True,normal,ensoleillé
2023-01-24 09:41:16,Centre Médical d'Excellence,A+,93,5,0,88,4.5,3,89.5,normale,"Excellent état, conservation parfaite",1,9,1,False,True,normal,pluvieux
2023-01-24 13:18:30,Hôpital Militaire,A+,40,14,0,26,4.0,9,90.4,normale,"État satisfaisant, contrôle qualité OK",1,13,1,False,True,normal,pluvieux
2023-01-24 20:30:06,Hôpital Militaire,A+,63,2,18,79,4.3,6,100.0,normale,Urgent: vérifier température stockage,1,20,1,False,True,normal,ensoleillé
2023-01-25 08:00:16,Hôpital Général Douala,A+,77,13,19,83,4.0,27,97.9,normale,"État satisfaisant, contrôle qualité OK",2,8,1,False,True,campagne_don,ensoleillé
2023-01-25 16:54:10,Centre Médical d'Excellence,A+,64,6,0,58,4.1,8,100.0,normale,"État satisfaisant, contrôle qualité OK",2,16,1,False,True,urgence_médicale,ensoleillé
2023-01-25 18:55:09,Hôpital Général Douala,A+,34,14,0,20,4.9,14,96.5,normale,"État satisfaisant, contrôle qualité OK",2,18,1,False,True,normal,ensoleillé
2023-01-25 22:05:27,Hôpital Militaire,A+,45,13,0,32,4.2,5,100.0,normale,Contrôle bactériologique négatif,2,22,1,False,True,normal,ensoleillé
2023-01-25 23:50:59,Hôpital Militaire,A+,22,10,17,29,4.3,16,98.2,normale,"Excellent état, conservation parfaite",2,23,1,False,True,normal,nuageux
2023-01-26 07:39:37,Hôpital Général Douala,A+,59,10,0,49,4.0,22,97.0,normale,"Excellent état, conservation parfaite",3,7,1,False,True,normal,ensoleillé
2023-01-26 08:38:32,Hôpital Général Douala,A+,93,10,30,113,4.0,8,93.9,normale,Parfait pour transfusion immédiate,3,8,1,False,True,campagne_don,pluvieux
2023-01-26 14:03:37,Centre Médical d'Excellence,A+,49,7,0,42,4.2,39,95.0,normale,"Excellent état, conservation parfaite",3,14,1,False,True,normal,orageux
2023-01-26 22:44:11,Hôpital Laquintinie,A+,66,4,23,85,4.0,4,87.5,normale,Contrôle bactériologique négatif,3,22,1,False,True,normal,orageux
2023-01-26 22:52:19,Clinique des Spécialités,A+,66,4,0,62,4.4,7,93.8,normale,Parfait pour transfusion immédiate,3,22,1,False,True,normal,nuageux
2023-01-27 03:09:00,Hôpital Laquintinie,A+,39,12,0,27,3.0,4,80.6,normale,"Bon état général, légère variation température",4,3,1,False,True,normal,nuageux
2023-01-27 08:14:02,Hôpital de District Bonassama,A+,55,11,0,44,4.6,1,63.0,attention,Attention: proche expiration,4,8,1,False,True,normal,pluvieux
2023-01-27 09:15:16,Clinique des Spécialités,A+,82,5,0,77,3.7,3,83.7,normale,Parfait pour transfusion immédiate,4,9,1,False,True,normal,ensoleillé
2023-01-27 09:17:57,Hôpital de District Bonassama,A+,67,7,0,60,4.4,13,93.9,normale,Attention: proche expiration,4,9,1,False,True,normal,orageux
2023-01-27 14:52:51,Hôpital Général Douala,A+,69,7,0,62,4.7,7,98.2,normale,Parfait pour transfusion immédiate,4,14,1,False,True,normal,nuageux
2023-01-27 14:55:26,Clinique des Spécialités,A+,46,11,28,63,4.0,29,99.5,normale,"Bon état général, légère variation température",4,14,1,False,True,normal,pluvieux
2023-01-27 15:12:19,Clinique des Spécialités,A+,55,10,0,45,4.5,1,59.6,attention,Hémoglobine dans les normes,4,15,1,False,True,normal,pluvieux
2023-01-27 15:16:25,Centre Médical d'Excellence,A+,63,12,20,71,4.7,2,90.2,normale,"Bon état général, légère variation température",4,15,1,False,True,normal,nuageux
2023-01-27 17:56:34,Hôpital Militaire,A+,81,10,17,88,4.7,46,100.0,normale,Attention: proche expiration,4,17,1,False,True,normal,pluvieux
2023-01-27 21:28:30,Clinique des Spécialités,A+,59,12,0,47,4.4,23,95.6,normale,Contrôle bactériologique négatif,4,21,1,False,True,normal,ensoleillé
2023-01-28 00:50:13,Clinique des Spécialités,A+,20,6,0,14,3.1,20,98.2,faible,Attention: proche expiration,5,0,1,True,True,normal,orageux
2023-01-28 01:44:49,Hôpital Militaire,A+,15,8,16,23,3.6,48,98.6,normale,Contrôle bactériologique négatif,5,1,1,True,True,normal,pluvieux
2023-01-28 02:03:22,Hôpital Général Douala,A+,18,4,0,14,3.9,1,61.6,faible,"Excellent état, conservation parfaite",5,2,1,True,True,normal,pluvieux
2023-01-28 08:29:55,Hôpital de District Bonassama,A+,8,6,21,23,4.7,1,61.4,attention,Parfait pour transfusion immédiate,5,8,1,True,True,normal,pluvieux
2023-01-28 13:30:27,Clinique des Spécialités,A+,39,6,0,33,4.6,10,89.4,normale,"État satisfaisant, contrôle qualité OK",5,13,1,True,True,normal,ensoleillé
2023-01-28 14:10:03,Hôpital de District Bonassama,A+,41,6,15,50,3.8,1,62.5,attention,Contrôle bactériologique négatif,5,14,1,True,True,normal,nuageux
2023-01-28 14:57:42,Hôpital Militaire,A+,51,7,22,66,4.4,5,100.0,normale,Hémoglobine dans les normes,5,14,1,True,True,normal,pluvieux
2023-01-28 16:09:18,Hôpital Militaire,A+,42,2,0,40,4.4,15,95.4,normale,"Excellent état, conservation parfaite",5,16,1,True,True,normal,pluvieux
2023-01-28 16:59:40,Clinique des Spécialités,A+,40,12,0,28,3.0,1,59.2,attention,Hémoglobine dans les normes,5,16,1,True,True,normal,ensoleillé
2023-01-29 00:25:29,Clinique des Spécialités,A+,11,3,0,8,3.6,1,61.0,critique,URGENT: Stock critique - Attention: proche expiration,6,0,1,True,True,normal,orageux
2023-01-29 13:22:45,Hôpital Général Douala,A+,55,6,0,49,4.1,1,60.3,attention,Hémoglobine dans les normes,6,13,1,True,True,normal,ensoleillé
2023-01-29 22:29:20,Centre Médical d'Excellence,A+,36,8,0,28,3.2,30,96.8,normale,"État satisfaisant, contrôle qualité OK",6,22,1,True,True,normal,pluvieux
2023-01-30 01:16:25,Hôpital Général Douala,A+,17,7,0,10,3.0,26,97.7,faible,Urgent: vérifier température stockage,0,1,1,False,True,normal,ensoleillé
2023-01-30 02:47:23,Hôpital Militaire,A+,41,11,0,30,3.6,14,100.0,normale,Contrôle bactériologique négatif,0,2,1,False,True,normal,pluvieux
2023-01-30 07:31:19,Hôpital Militaire,A+,107,8,0,99,4.0,17,100.0,normale,"État satisfaisant, contrôle qualité OK",0,7,1,False,True,normal,nuageux
2023-01-30 07:52:20,Hôpital Laquintinie,A+,76,14,16,78,4.2,16,93.3,normale,Urgent: vérifier température stockage,0,7,1,False,True,normal,nuageux
2023-01-30 10:36:33,Hôpital Militaire,A+,65,9,0,56,4.5,17,100.0,normale,Hémoglobine dans les normes,0,10,1,False,True,normal,ensoleillé
2023-01-30 12:52:05,Hôpital Général Douala,A+,52,12,0,40,3.8,3,87.6,normale,Contrôle bactériologique négatif,0,12,1,False,True,normal,ensoleillé
2023-01-31 03:31:07,Hôpital de District Bonassama,A+,39,14,0,25,4.1,25,93.0,normale,"Excellent état, conservation parfaite",1,3,1,False,True,normal,ensoleillé
2023-01-31 05:11:00,Hôpital Laquintinie,A+,29,8,26,47,5.0,12,100.0,normale,Urgent: vérifier température stockage,1,5,1,False,True,normal,orageux
2023-01-31 06:03:42,Hôpital Laquintinie,A+,95,12,0,83,4.7,11,100.0,normale,Contrôle bactériologique négatif,1,6,1,False,True,normal,nuageux
2023-01-31 16:00:36,Clinique des Spécialités,A+,70,3,0,67,4.2,1,66.5,attention,"État satisfaisant, contrôle qualité OK",1,16,1,False,True,normal,ensoleillé
2023-01-31 16:10:56,Hôpital Laquintinie,A+,90,11,0,79,4.0,20,100.0,normale,"Bon état général, légère variation température",1,16,1,False,True,normal,nuageux
2023-01-31 18:11:20,Hôpital de District Bonassama,A+,59,13,23,69,4.6,34,100.0,normale,"Excellent état, conservation parfaite",1,18,1,False,True,normal,pluvieux
2023-01-31 21:45:34,Clinique des Spécialités,A+,17,0,0,17,3.6,1,61.7,faible,Contrôle bactériologique négatif,1,21,1,False,True,normal,pluvieux
2023-02-01 10:59:26,Hôpital Général Douala,A+,54,8,0,46,3.7,4,81.2,normale,"Bon état général, légère variation température",2,10,2,False,False,normal,pluvieux
2023-02-01 12:05:53,Clinique des Spécialités,A+,55,1,15,69,3.8,61,97.7,normale,"Excellent état, conservation parfaite",2,12,2,False,False,normal,ensoleillé
2023-02-02 02:47:28,Hôpital Militaire,A+,28,6,0,22,3.8,3,81.6,normale,"État satisfaisant, contrôle qualité OK",3,2,2,False,False,normal,ensoleillé
2023-02-02 05:27:27,Clinique des Spécialités,A+,28,7,0,21,3.9,20,100.0,normale,Contrôle bactériologique négatif,3,5,2,False,False,normal,pluvieux
2023-02-02 12:24:39,Hôpital Général Douala,A+,52,10,0,42,4.0,18,95.1,normale,"Excellent état, conservation parfaite",3,12,2,False,False,normal,nuageux
2023-02-02 22:49:38,Hôpital Général Douala,A+,38,5,0,33,3.5,2,83.9,normale,"Excellent état, conservation parfaite",3,22,2,False,False,normal,nuageux
2023-02-03 04:21:17,Hôpital Militaire,A+,30,9,12,33,4.0,17,100.0,normale,Attention: proche expiration,4,4,2,False,False,normal,ensoleillé
2023-02-03 15:37:59,Hôpital Général Douala,A+,30,8,0,22,4.4,23,99.5,normale,"Excellent état, conservation parfaite",4,15,2,False,False,normal,ensoleillé
2023-02-04 03:09:56,Hôpital Général Douala,A+,21,6,0,15,3.6,17,100.0,faible,"État satisfaisant, contrôle qualité OK",5,3,2,True,False,normal,orageux
2023-02-04 06:47:07,Hôpital Général Douala,A+,29,9,0,20,3.8,32,99.7,normale,Attention: proche expiration,5,6,2,True,False,épidémie,ensoleillé
2023-02-04 19:09:59,Clinique des Spécialités,A+,48,7,0,41,4.2,18,100.0,normale,Parfait pour transfusion immédiate,5,19,2,True,False,normal,ensoleillé
2023-02-04 22:30:03,Hôpital Militaire,A+,36,2,0,34,3.8,10,100.0,normale,Attention: proche expiration,5,22,2,True,False,normal,pluvieux
2023-02-05 07:26:47,Hôpital Militaire,A+,43,6,0,37,3.5,1,58.6,attention,"Excellent état, conservation parfaite",6,7,2,True,False,normal,nuageux
2023-02-05 09:43:24,Clinique des Spécialités,A+,27,6,0,21,3.6,1,60.5,attention,"Bon état général, légère variation température",6,9,2,True,False,normal,pluvieux
2023-02-05 18:49:24,Hôpital Général Douala,A+,33,2,30,61,3.2,39,100.0,normale,Contrôle bactériologique négatif,6,18,2,True,False,normal,ensoleillé
2023-02-06 04:17:03,Centre Médical d'Excellence,A+,27,4,0,23,3.8,5,100.0,normale,Attention: proche expiration,0,4,2,False,False,normal,nuageux
2023-02-06 06:37:47,Hôpital Laquintinie,A+,44,7,32,69,3.1,10,100.0,normale,"Excellent état, conservation parfaite",0,6,2,False,False,normal,nuageux
2023-02-06 06:52:49,Clinique des Spécialités,A+,69,12,19,76,4.4,7,98.0,normale,Attention: proche expiration,0,6,2,False,False,normal,nuageux
2023-02-06 13:42:30,Centre Médical d'Excellence,A+,64,11,0,53,4.5,42,96.4,normale,"Excellent état, conservation parfaite",0,13,2,False,False,normal,ensoleillé
2023-02-07 00:18:46,Clinique des Spécialités,A+,30,13,0,17,4.9,13,100.0,faible,Attention: proche expiration,1,0,2,False,False,normal,nuageux
2023-02-07 00:56:16,Centre Médical d'Excellence,A+,22,9,23,36,4.4,1,61.5,attention,"État satisfaisant, contrôle qualité OK",1,0,2,False,False,normal,ensoleillé
2023-02-07 11:04:38,Hôpital Général Douala,A+,27,11,0,16,3.9,12,100.0,faible,"État satisfaisant, contrôle qualité OK",1,11,2,False,False,normal,nuageux
2023-02-07 20:57:21,Hôpital Militaire,A+,57,2,23,78,4.3,23,100.0,normale,"Excellent état, conservation parfaite",1,20,2,False,False,normal,orageux
2023-02-08 04:43:09,Clinique des Spécialités,A+,32,9,9,32,4.4,22,97.9,normale,"Excellent état, conservation parfaite",2,4,2,False,False,normal,ensoleillé
2023-02-08 09:03:48,Hôpital Laquintinie,A+,68,7,0,61,3.3,73,100.0,normale,"État satisfaisant, contrôle qualité OK",2,9,2,False,False,normal,pluvieux
2023-02-08 11:08:33,Hôpital Laquintinie,A+,36,8,0,28,4.4,8,100.0,normale,Contrôle bactériologique négatif,2,11,2,False,False,normal,pluvieux
2023-02-08 11:54:26,Centre Médical d'Excellence,A+,53,12,30,71,4.1,5,97.1,normale,"Bon état général, légère variation température",2,11,2,False,False,normal,pluvieux
2023-02-08 14:25:40,Hôpital Militaire,A+,69,5,0,64,3.9,1,57.0,attention,Contrôle bactériologique négatif,2,14,2,False,False,normal,pluvieux
2023-02-08 15:41:23,Hôpital Laquintinie,A+,69,9,0,60,4.7,4,71.7,normale,"Excellent état, conservation parfaite",2,15,2,False,False,normal,pluvieux
2023-02-08 16:25:27,Hôpital Laquintinie,A+,48,3,0,45,4.2,1,60.1,attention,"État satisfaisant, contrôle qualité OK",2,16,2,False,False,normal,pluvieux
2023-02-08 17:03:47,Hôpital Laquintinie,A+,64,4,22,82,3.8,36,100.0,normale,Hémoglobine dans les normes,2,17,2,False,False,normal,orageux
2023-02-08 20:36:49,Clinique des Spécialités,A+,45,2,0,43,4.0,15,100.0,normale,"Bon état général, légère variation température",2,20,2,False,False,normal,pluvieux
2023-02-09 10:19:15,Hôpital Militaire,A+,46,4,18,60,4.1,4,86.0,normale,Contrôle bactériologique négatif,3,10,2,False,False,normal,orageux
2023-02-09 10:53:02,Hôpital Militaire,A+,31,10,0,21,5.1,10,100.0,normale,Contrôle bactériologique négatif,3,10,2,False,False,normal,ensoleillé
2023-02-09 18:05:33,Hôpital Militaire,A+,55,5,0,50,3.9,11,100.0,normale,Parfait pour transfusion immédiate,3,18,2,False,False,normal,nuageux
2023-02-09 18:17:04,Hôpital Militaire,A+,46,9,0,37,4.1,3,77.5,normale,Contrôle bactériologique négatif,3,18,2,False,False,normal,ensoleillé
2023-02-09 20:49:26,Clinique des Spécialités,A+,44,5,21,60,3.9,1,63.8,attention,Contrôle bactériologique négatif,3,20,2,False,False,normal,pluvieux
2023-02-09 21:43:58,Hôpital de District Bonassama,A+,63,5,0,58,3.5,27,100.0,normale,Attention: proche expiration,3,21,2,False,False,normal,ensoleillé
2023-02-10 00:33:18,Clinique des Spécialités,A+,34,9,0,25,3.5,16,95.4,normale,Hémoglobine dans les normes,4,0,2,False,False,normal,nuageux
2023-02-10 11:36:35,Centre Médical d'Excellence,A+,43,7,0,36,3.4,22,92.4,normale,"Excellent état, conservation parfaite",4,11,2,False,False,normal,orageux
2023-02-10 21:27:29,Hôpital Laquintinie,A+,52,11,0,41,4.7,2,84.9,normale,"Excellent état, conservation parfaite",4,21,2,False,False,normal,nuageux
2023-02-11 00:43:46,Hôpital Laquintinie,A+,20,6,0,14,3.2,14,100.0,faible,Parfait pour transfusion immédiate,5,0,2,True,False,normal,ensoleillé
2023-02-11 05:31:35,Hôpital Militaire,A+,15,7,0,8,3.2,14,100.0,critique,"URGENT: Stock critique - Excellent état, conservation parfaite",5,5,2,True,False,normal,ensoleillé
2023-02-11 07:41:03,Hôpital de District Bonassama,A+,47,6,20,61,3.9,36,100.0,normale,"État satisfaisant, contrôle qualité OK",5,7,2,True,False,normal,ensoleillé
2023-02-11 10:22:58,Hôpital Militaire,A+,32,5,21,48,3.9,33,100.0,normale,"Bon état général, légère variation température",5,10,2,True,False,normal,pluvieux
2023-02-11 12:04:39,Hôpital Général Douala,A+,20,4,23,39,4.3,2,92.2,normale,Hémoglobine dans les normes,5,12,2,True,False,normal,ensoleillé
2023-02-11 23:22:11,Hôpital Militaire,A+,14,5,0,9,2.8,17,100.0,critique,"URGENT: Stock critique - État satisfaisant, contrôle qualité OK",5,23,2,True,False,normal,ensoleillé
2023-02-11 23:44:49,Hôpital Militaire,A+,24,6,0,18,4.2,9,96.3,faible,"Excellent état, conservation parfaite",5,23,2,True,False,normal,pluvieux
2023-02-12 02:15:39,Hôpital de District Bonassama,A+,13,2,13,24,3.8,1,62.1,attention,"Bon état général, légère variation température",6,2,2,True,False,normal,ensoleillé
2023-02-12 04:23:56,Hôpital de District Bonassama,A+,19,8,0,11,3.1,6,99.0,faible,Contrôle bactériologique négatif,6,4,2,True,False,normal,ensoleillé
2023-02-12 05:24:12,Centre Médical d'Excellence,A+,11,6,20,25,3.6,14,100.0,normale,"Bon état général, légère variation température",6,5,2,True,False,normal,nuageux
2023-02-12 07:12:51,Hôpital de District Bonassama,A+,31,3,0,28,3.8,6,100.0,normale,Parfait pour transfusion immédiate,6,7,2,True,False,normal,pluvieux
2023-02-12 07:15:08,Hôpital Militaire,A+,49,3,19,65,3.3,8,100.0,normale,Hémoglobine dans les normes,6,7,2,True,False,normal,ensoleillé
2023-02-12 23:33:31,Hôpital Militaire,A+,17,4,0,13,4.6,1,60.1,faible,"État satisfaisant, contrôle qualité OK",6,23,2,True,False,normal,ensoleillé
2023-02-12 23:38:08,Clinique des Spécialités,A+,18,10,15,23,4.9,2,85.1,normale,"Bon état général, légère variation température",6,23,2,True,False,normal,orageux
2023-02-13 08:25:08,Centre Médical d'Excellence,A+,43,8,0,35,3.3,6,94.8,normale,"Bon état général, légère variation température",0,8,2,False,False,normal,pluvieux
2023-02-13 09:53:04,Clinique des Spécialités,A+,40,9,0,31,4.0,10,100.0,normale,"Excellent état, conservation parfaite",0,9,2,False,False,normal,nuageux
2023-02-13 10:01:14,Hôpital de District Bonassama,A+,68,8,0,60,4.4,16,97.5,normale,Parfait pour transfusion immédiate,0,10,2,False,False,normal,nuageux
2023-02-13 18:50:51,Hôpital de District Bonassama,A+,65,7,0,58,4.5,8,100.0,normale,"Excellent état, conservation parfaite",0,18,2,False,False,normal,ensoleillé
2023-02-13 23:15:39,Hôpital Militaire,A+,17,11,14,20,4.6,2,80.6,normale,Attention: proche expiration,0,23,2,False,False,normal,nuageux
2023-02-14 04:14:48,Hôpital Laquintinie,A+,16,6,0,10,4.3,52,93.2,faible,"Bon état général, légère variation température",1,4,2,False,False,normal,pluvieux
2023-02-14 08:58:30,Centre Médical d'Excellence,A+,81,9,18,90,4.3,1,63.6,attention,Urgent: vérifier température stockage,1,8,2,False,False,normal,nuageux
2023-02-14 20:33:08,Hôpital Militaire,A+,39,7,25,57,4.8,57,100.0,normale,Contrôle bactériologique négatif,1,20,2,False,False,normal,ensoleillé
2023-02-14 22:22:26,Hôpital Général Douala,A+,47,5,0,42,4.6,22,100.0,normale,"État satisfaisant, contrôle qualité OK",1,22,2,False,False,normal,nuageux
2023-02-15 21:39:47,Hôpital Laquintinie,A+,53,8,0,45,3.6,1,64.1,attention,"Bon état général, légère variation température",2,21,2,False,False,normal,orageux
2023-02-16 08:41:21,Clinique des Spécialités,A+,53,3,0,50,3.8,35,97.2,normale,"Bon état général, légère variation température",3,8,2,False,False,normal,pluvieux
2023-02-16 19:00:53,Hôpital de District Bonassama,A+,39,14,25,50,3.8,11,99.0,normale,"Excellent état, conservation parfaite",3,19,2,False,False,normal,nuageux
2023-02-16 20:38:24,Hôpital Général Douala,A+,43,0,21,64,4.3,23,100.0,normale,Contrôle bactériologique négatif,3,20,2,False,False,normal,pluvieux
2023-02-16 22:30:32,Hôpital Militaire,A+,59,9,0,50,4.7,22,100.0,normale,Attention: proche expiration,3,22,2,False,False,normal,ensoleillé
2023-02-17 07:48:19,Hôpital de District Bonassama,A+,45,12,0,33,4.2,4,86.3,normale,Hémoglobine dans les normes,4,7,2,False,False,normal,nuageux
2023-02-17 09:04:20,Hôpital Militaire,A+,40,7,0,33,4.6,6,100.0,normale,"Bon état général, légère variation température",4,9,2,False,False,normal,nuageux
2023-02-17 11:19:51,Hôpital Général Douala,A+,58,6,18,70,5.1,1,66.6,attention,Attention: proche expiration,4,11,2,False,False,normal,pluvieux
2023-02-17 11:44:38,Centre Médical d'Excellence,A+,49,5,0,44,3.9,22,100.0,normale,Hémoglobine dans les normes,4,11,2,False,False,normal,ensoleillé
2023-02-17 12:49:35,Hôpital Laquintinie,A+,46,11,18,53,2.9,1,60.8,attention,Parfait pour transfusion immédiate,4,12,2,False,False,normal,ensoleillé
2023-02-17 12:54:31,Hôpital Général Douala,A+,53,4,19,68,4.3,14,96.3,normale,Urgent: vérifier température stockage,4,12,2,False,False,normal,pluvieux
2023-02-17 13:00:57,Clinique des Spécialités,A+,36,10,16,42,3.6,8,98.9,normale,Urgent: vérifier température stockage,4,13,2,False,False,normal,pluvieux
2023-02-17 13:07:09,Hôpital Laquintinie,A+,40,10,23,53,3.8,36,94.4,normale,"Bon état général, légère variation température",4,13,2,False,False,normal,pluvieux
2023-02-17 21:00:31,Centre Médical d'Excellence,A+,75,3,17,89,3.1,4,95.3,normale,Contrôle bactériologique négatif,4,21,2,False,False,normal,nuageux
2023-02-18 03:57:40,Hôpital Militaire,A+,17,4,0,13,4.5,9,100.0,faible,Hémoglobine dans les normes,5,3,2,True,False,normal,ensoleillé
2023-02-18 09:09:35,Hôpital Militaire,A+,15,2,0,13,3.6,13,100.0,faible,Hémoglobine dans les normes,5,9,2,True,False,normal,pluvieux
2023-02-18 10:20:24,Hôpital Laquintinie,A+,35,2,23,56,4.0,6,97.4,normale,"Excellent état, conservation parfaite",5,10,2,True,False,normal,pluvieux
2023-02-18 11:32:01,Hôpital Militaire,A+,39,5,0,34,3.5,16,100.0,normale,"Excellent état, conservation parfaite",5,11,2,True,False,normal,nuageux
2023-02-18 14:54:28,Clinique des Spécialités,A+,18,5,0,13,4.2,1,68.6,faible,Hémoglobine dans les normes,5,14,2,True,False,normal,ensoleillé
2023-02-18 19:05:28,Hôpital Général Douala,A+,50,2,14,62,4.5,29,100.0,normale,Hémoglobine dans les normes,5,19,2,True,False,normal,pluvieux
2023-02-18 19:05:49,Hôpital Général Douala,A+,34,3,0,31,4.7,10,95.4,normale,"Bon état général, légère variation température",5,19,2,True,False,normal,ensoleillé
2023-02-18 21:08:44,Hôpital Général Douala,A+,40,4,0,36,4.7,7,100.0,normale,"Bon état général, légère variation température",5,21,2,True,False,normal,orageux
2023-02-19 08:33:35,Centre Médical d'Excellence,A+,38,3,0,35,4.0,15,98.8,normale,Parfait pour transfusion immédiate,6,8,2,True,False,normal,pluvieux
2023-02-19 08:52:47,Clinique des Spécialités,A+,44,5,0,39,4.8,3,89.5,normale,"Bon état général, légère variation température",6,8,2,True,False,normal,nuageux
2023-02-19 14:27:26,Clinique des Spécialités,A+,33,6,0,27,4.5,17,100.0,normale,"Excellent état, conservation parfaite",6,14,2,True,False,normal,nuageux
2023-02-19 16:40:10,Clinique des Spécialités,A+,34,2,13,45,5.3,12,100.0,normale,Hémoglobine dans les normes,6,16,2,True,False,normal,ensoleillé
2023-02-20 18:47:28,Hôpital Général Douala,A+,45,5,26,66,3.4,18,98.3,normale,Attention: proche expiration,0,18,2,False,False,normal,ensoleillé
2023-02-21 00:55:54,Hôpital de District Bonassama,A+,31,4,0,27,3.5,34,93.5,normale,"État satisfaisant, contrôle qualité OK",1,0,2,False,False,normal,ensoleillé
2023-02-21 01:16:31,Hôpital Militaire,A+,25,6,0,19,3.7,10,93.4,faible,Hémoglobine dans les normes,1,1,2,False,False,normal,nuageux
2023-02-21 06:21:27,Hôpital Laquintinie,A+,35,10,22,47,3.9,30,96.1,normale,"État satisfaisant, contrôle qualité OK",1,6,2,False,False,normal,nuageux
2023-02-21 09:43:10,Hôpital Général Douala,A+,68,6,19,81,4.5,9,95.3,normale,"Bon état général, légère variation température",1,9,2,False,False,normal,ensoleillé
2023-02-21 14:21:02,Centre Médical d'Excellence,A+,33,7,0,26,3.2,11,97.2,normale,"Excellent état, conservation parfaite",1,14,2,False,False,normal,ensoleillé
2023-02-21 18:13:45,Hôpital Général Douala,A+,30,9,0,21,4.5,7,94.8,normale,"Bon état général, légère variation température",1,18,2,False,False,normal,orageux
2023-02-21 18:17:35,Hôpital de District Bonassama,A+,36,5,0,31,3.7,12,96.1,normale,Contrôle bactériologique négatif,1,18,2,False,False,normal,pluvieux
2023-02-22 00:20:11,Hôpital Laquintinie,A+,32,7,0,25,3.3,15,100.0,normale,Parfait pour transfusion immédiate,2,0,2,False,False,normal,nuageux
2023-02-22 01:48:01,Clinique des Spécialités,A+,16,12,23,27,3.6,40,88.2,normale,"Bon état général, légère variation température",2,1,2,False,False,normal,orageux
2023-02-22 04:45:48,Hôpital Militaire,A+,33,4,0,29,4.7,12,100.0,normale,Contrôle bactériologique négatif,2,4,2,False,False,normal,ensoleillé
2023-02-22 05:14:23,Hôpital Général Douala,A+,31,9,0,22,4.6,5,100.0,normale,Urgent: vérifier température stockage,2,5,2,False,False,normal,nuageux
2023-02-22 09:07:42,Centre Médical d'Excellence,A+,55,7,0,48,3.1,15,96.2,normale,"Bon état général, légère variation température",2,9,2,False,False,normal,pluvieux
2023-02-22 13:45:03,Hôpital Militaire,A+,33,7,23,49,3.9,37,100.0,normale,Attention: proche expiration,2,13,2,False,False,normal,ensoleillé
2023-02-22 14:37:20,Hôpital Général Douala,A+,37,9,0,28,4.7,5,100.0,normale,Hémoglobine dans les normes,2,14,2,False,False,normal,nuageux
2023-02-22 19:42:34,Hôpital Général Douala,A+,62,7,0,55,3.6,3,84.2,normale,Parfait pour transfusion immédiate,2,19,2,False,False,normal,pluvieux
2023-02-23 00:16:12,Hôpital Laquintinie,A+,13,6,0,7,3.9,13,96.3,critique,"URGENT: Stock critique - État satisfaisant, contrôle qualité OK",3,0,2,False,False,normal,ensoleillé
2023-02-23 04:49:00,Centre Médical d'Excellence,A+,29,11,20,38,3.6,2,82.0,normale,Contrôle bactériologique négatif,3,4,2,False,False,normal,pluvieux
2023-02-23 05:12:59,Hôpital Laquintinie,A+,22,7,0,15,3.8,13,93.3,faible,"Bon état général, légère variation température",3,5,2,False,False,normal,pluvieux
2023-02-23 05:28:21,Hôpital Laquintinie,A+,37,8,0,29,3.5,12,100.0,normale,Urgent: vérifier température stockage,3,5,2,False,False,normal,pluvieux
2023-02-23 08:34:04,Hôpital Général Douala,A+,41,10,0,31,4.2,1,59.6,attention,Urgent: vérifier température stockage,3,8,2,False,False,normal,pluvieux
2023-02-23 15:15:53,Hôpital Militaire,A+,66,9,0,57,2.7,23,99.9,normale,Urgent: vérifier température stockage,3,15,2,False,False,normal,ensoleillé
2023-02-23 19:21:52,Clinique des Spécialités,A+,40,8,0,32,4.2,1,55.9,attention,"État satisfaisant, contrôle qualité OK",3,19,2,False,False,normal,ensoleillé
2023-02-23 20:02:56,Hôpital Général Douala,A+,34,14,0,20,4.2,14,100.0,normale,"État satisfaisant, contrôle qualité OK",3,20,2,False,False,normal,orageux
2023-02-23 21:12:27,Hôpital Laquintinie,A+,37,8,0,29,4.4,17,99.9,normale,Urgent: vérifier température stockage,3,21,2,False,False,normal,ensoleillé
2023-02-23 22:45:13,Hôpital Militaire,A+,46,4,0,42,4.6,8,99.9,normale,Urgent: vérifier température stockage,3,22,2,False,False,normal,ensoleillé
2023-02-23 23:17:21,Clinique des Spécialités,A+,12,6,24,30,3.8,16,98.1,normale,"Excellent état, conservation parfaite",3,23,2,False,False,normal,pluvieux
2023-02-23 23:29:59,Centre Médical d'Excellence,A+,26,12,21,35,3.3,4,85.8,normale,Hémoglobine dans les normes,3,23,2,False,False,normal,nuageux
2023-02-24 04:18:38,Hôpital Militaire,A+,24,5,0,19,4.2,17,100.0,faible,Parfait pour transfusion immédiate,4,4,2,False,False,normal,orageux
2023-02-24 05:09:45,Centre Médical d'Excellence,A+,17,2,0,15,3.7,18,100.0,faible,"État satisfaisant, contrôle qualité OK",4,5,2,False,False,normal,ensoleillé
2023-02-24 07:50:33,Hôpital Militaire,A+,72,11,21,82,4.5,49,94.9,normale,Hémoglobine dans les normes,4,7,2,False,False,normal,pluvieux
2023-02-24 09:59:09,Clinique des Spécialités,A+,70,8,0,62,3.9,2,80.6,normale,"Bon état général, légère variation température",4,9,2,False,False,normal,ensoleillé
2023-02-24 21:13:08,Hôpital Laquintinie,A+,56,11,0,45,4.1,8,97.6,normale,Contrôle bactériologique négatif,4,21,2,False,False,normal,ensoleillé
2023-02-24 22:06:49,Hôpital Général Douala,A+,32,10,0,22,4.7,23,99.2,normale,"Bon état général, légère variation température",4,22,2,False,False,normal,ensoleillé
2023-02-25 08:10:44,Hôpital Laquintinie,A+,48,6,0,42,3.8,6,100.0,normale,Attention: proche expiration,5,8,2,True,False,normal,pluvieux
2023-02-25 13:48:21,Hôpital Militaire,A+,17,3,13,27,3.3,21,100.0,normale,Parfait pour transfusion immédiate,5,13,2,True,False,normal,nuageux
2023-02-25 16:16:00,Centre Médical d'Excellence,A+,43,6,0,37,4.1,3,85.3,normale,Urgent: vérifier température stockage,5,16,2,True,False,normal,nuageux
2023-02-26 01:56:06,Hôpital Laquintinie,A+,3,9,0,0,3.9,16,100.0,critique,"URGENT: Stock critique - Bon état général, légère variation température",6,1,2,True,False,normal,orageux
2023-02-26 02:09:48,Hôpital Laquintinie,A+,20,6,0,14,3.3,14,94.7,faible,Parfait pour transfusion immédiate,6,2,2,True,False,normal,ensoleillé
2023-02-26 02:48:24,Hôpital de District Bonassama,A+,9,4,0,5,4.7,38,94.4,critique,"URGENT: Stock critique - État satisfaisant, contrôle qualité OK",6,2,2,True,False,normal,pluvieux
2023-02-26 03:58:11,Hôpital Militaire,A+,20,5,0,15,3.7,11,100.0,faible,"Excellent état, conservation parfaite",6,3,2,True,False,normal,orageux
2023-02-26 11:00:17,Hôpital Général Douala,A+,50,7,0,43,4.2,1,63.4,attention,"État satisfaisant, contrôle qualité OK",6,11,2,True,False,campagne_don,nuageux
2023-02-26 18:49:33,Clinique des Spécialités,A+,21,3,0,18,3.9,11,100.0,faible,Contrôle bactériologique négatif,6,18,2,True,False,normal,ensoleillé
2023-02-26 18:49:33,Centre Médical d'Excellence,A+,51,6,19,64,4.3,34,100.0,normale,"État satisfaisant, contrôle qualité OK",6,18,2,True,False,normal,ensoleillé
2023-02-26 19:44:52,Centre Médical d'Excellence,A+,45,8,0,37,3.7,17,100.0,normale,Attention: proche expiration,6,19,2,True,False,normal,ensoleillé
2023-02-26 21:48:42,Hôpital Général Douala,A+,32,8,0,24,4.8,10,98.6,normale,Attention: proche expiration,6,21,2,True,False,urgence_médicale,ensoleillé
2023-02-26 21:49:54,Centre Médical d'Excellence,A+,49,8,0,41,3.9,1,60.6,attention,Attention: proche expiration,6,21,2,True,False,normal,pluvieux
2023-02-26 23:51:18,Hôpital de District Bonassama,A+,20,6,25,39,4.0,16,96.3,normale,Contrôle bactériologique négatif,6,23,2,True,False,normal,nuageux
2023-02-27 02:16:14,Hôpital Militaire,A+,26,9,19,36,4.3,8,100.0,normale,Attention: proche expiration,0,2,2,False,False,normal,orageux
2023-02-27 03:00:08,Hôpital de District Bonassama,A+,44,9,0,35,4.7,14,100.0,normale,Attention: proche expiration,0,3,2,False,False,normal,ensoleillé
2023-02-27 05:49:17,Hôpital Laquintinie,A+,19,6,18,31,3.8,1,57.6,attention,Hémoglobine dans les normes,0,5,2,False,False,normal,nuageux
2023-02-27 06:29:42,Clinique des Spécialités,A+,40,10,0,30,4.3,1,57.1,attention,Urgent: vérifier température stockage,0,6,2,False,False,normal,orageux
2023-02-27 07:31:57,Hôpital Militaire,A+,36,5,26,57,4.6,9,86.7,normale,Contrôle bactériologique négatif,0,7,2,False,False,normal,pluvieux
2023-02-27 14:25:22,Hôpital de District Bonassama,A+,81,9,23,95,4.7,38,96.9,normale,"État satisfaisant, contrôle qualité OK",0,14,2,False,False,normal,orageux
2023-02-28 06:26:43,Centre Médical d'Excellence,A+,68,7,0,61,3.8,1,52.8,attention,Contrôle bactériologique négatif,1,6,2,False,False,normal,pluvieux
2023-02-28 09:45:02,Hôpital de District Bonassama,A+,37,5,0,32,4.6,4,83.0,normale,Parfait pour transfusion immédiate,1,9,2,False,False,normal,pluvieux
2023-02-28 16:22:47,Clinique des Spécialités,A+,44,7,0,37,3.6,21,93.9,normale,Urgent: vérifier température stockage,1,16,2,False,False,normal,ensoleillé
2023-03-01 00:01:48,Hôpital Militaire,A+,17,11,0,6,4.8,8,100.0,critique,URGENT: Stock critique - Contrôle bactériologique négatif,2,0,3,False,False,normal,ensoleillé
2023-03-01 02:26:02,Clinique des Spécialités,A+,27,9,0,18,5.0,6,100.0,faible,Urgent: vérifier température stockage,2,2,3,False,False,normal,pluvieux
2023-03-01 09:46:00,Hôpital de District Bonassama,A+,47,2,0,45,4.5,13,99.8,normale,Parfait pour transfusion immédiate,2,9,3,False,False,normal,ensoleillé
2023-03-01 12:36:09,Hôpital Général Douala,A+,56,5,0,51,4.6,17,100.0,normale,Contrôle bactériologique négatif,2,12,3,False,False,normal,pluvieux
2023-03-01 13:19:40,Clinique des Spécialités,A+,37,6,0,31,4.0,56,100.0,normale,Urgent: vérifier température stockage,2,13,3,False,False,normal,ensoleillé
2023-03-01 13:44:09,Hôpital Laquintinie,A+,58,9,12,61,4.9,11,89.0,normale,Attention: proche expiration,2,13,3,False,False,normal,pluvieux
2023-03-02 03:11:13,Hôpital Militaire,A+,34,6,0,28,3.8,13,100.0,normale,Contrôle bactériologique négatif,3,3,3,False,False,normal,pluvieux
2023-03-02 06:36:50,Clinique des Spécialités,A+,56,10,0,46,4.3,10,93.6,normale,Attention: proche expiration,3,6,3,False,False,normal,pluvieux
2023-03-02 07:18:16,Clinique des Spécialités,A+,86,5,0,81,3.8,14,100.0,normale,"Excellent état, conservation parfaite",3,7,3,False,False,normal,ensoleillé
2023-03-02 08:14:16,Hôpital Laquintinie,A+,41,9,0,32,4.4,1,67.7,attention,Urgent: vérifier température stockage,3,8,3,False,False,normal,nuageux
2023-03-02 08:55:18,Hôpital Laquintinie,A+,58,7,0,51,4.4,1,59.8,attention,Contrôle bactériologique négatif,3,8,3,False,False,normal,nuageux
2023-03-02 09:41:32,Hôpital Général Douala,A+,44,6,0,38,3.8,13,100.0,normale,"État satisfaisant, contrôle qualité OK",3,9,3,False,False,normal,ensoleillé
2023-03-02 13:04:24,Hôpital de District Bonassama,A+,63,6,0,57,4.5,28,100.0,normale,"État satisfaisant, contrôle qualité OK",3,13,3,False,False,normal,nuageux
2023-03-03 00:11:52,Hôpital Militaire,A+,38,9,0,29,3.7,12,98.3,normale,Parfait pour transfusion immédiate,4,0,3,False,False,normal,ensoleillé
2023-03-03 01:37:30,Centre Médical d'Excellence,A+,24,10,0,14,4.5,7,100.0,faible,"Excellent état, conservation parfaite",4,1,3,False,False,normal,nuageux
2023-03-03 06:27:09,Clinique des Spécialités,A+,61,11,0,50,3.9,40,97.1,normale,Contrôle bactériologique négatif,4,6,3,False,False,normal,nuageux
2023-03-03 14:28:23,Clinique des Spécialités,A+,26,5,32,53,4.4,1,68.0,attention,Attention: proche expiration,4,14,3,False,False,normal,ensoleillé
2023-03-03 22:29:27,Clinique des Spécialités,A+,49,7,0,42,4.0,1,65.3,attention,Contrôle bactériologique négatif,4,22,3,False,False,normal,ensoleillé
2023-03-03 23:38:19,Hôpital Militaire,A+,25,9,0,16,5.4,1,68.7,faible,Attention: proche expiration,4,23,3,False,False,normal,ensoleillé
2023-03-04 04:37:25,Hôpital Général Douala,A+,26,8,0,18,3.8,6,97.5,faible,"Excellent état, conservation parfaite",5,4,3,True,False,normal,orageux
2023-03-04 06:59:48,Clinique des Spécialités,A+,22,6,25,41,4.4,2,85.6,normale,Contrôle bactériologique négatif,5,6,3,True,False,normal,pluvieux
2023-03-04 09:11:34,Centre Médical d'Excellence,A+,35,5,0,30,3.3,15,95.0,normale,Hémoglobine dans les normes,5,9,3,True,False,normal,ensoleillé
2023-03-04 11:59:05,Centre Médical d'Excellence,A+,41,8,0,33,4.1,8,100.0,normale,"État satisfaisant, contrôle qualité OK",5,11,3,True,False,normal,ensoleillé
2023-03-04 15:29:04,Hôpital Général Douala,A+,46,5,0,41,2.6,11,97.6,normale,Attention: proche expiration,5,15,3,True,False,normal,ensoleillé
2023-03-05 04:19:33,Hôpital Laquintinie,A+,12,7,0,5,4.4,2,83.5,critique,URGENT: Stock critique - Attention: proche expiration,6,4,3,True,False,normal,ensoleillé
2023-03-05 05:36:19,Hôpital Général Douala,A+,12,7,0,5,4.5,27,100.0,critique,"URGENT: Stock critique - Excellent état, conservation parfaite",6,5,3,True,False,normal,pluvieux
2023-03-05 05:38:00,Centre Médical d'Excellence,A+,23,9,0,14,3.6,5,92.4,faible,"Excellent état, conservation parfaite",6,5,3,True,False,normal,ensoleillé
2023-03-05 11:26:39,Hôpital de District Bonassama,A+,32,4,20,48,4.3,53,100.0,normale,Parfait pour transfusion immédiate,6,11,3,True,False,normal,ensoleillé
2023-03-05 12:04:06,Hôpital Laquintinie,A+,41,5,0,36,4.0,17,94.7,normale,"État satisfaisant, contrôle qualité OK",6,12,3,True,False,normal,pluvieux
2023-03-05 18:46:59,Hôpital Général Douala,A+,40,4,20,56,4.4,18,100.0,normale,"Excellent état, conservation parfaite",6,18,3,True,False,normal,orageux
2023-03-05 22:42:44,Centre Médical d'Excellence,A+,23,5,23,41,3.0,1,52.1,attention,Parfait pour transfusion immédiate,6,22,3,True,False,normal,pluvieux
2023-03-06 13:22:13,Centre Médical d'Excellence,A+,58,10,0,48,3.5,6,100.0,normale,Contrôle bactériologique négatif,0,13,3,False,False,normal,pluvieux
2023-03-06 16:49:22,Hôpital de District Bonassama,A+,59,9,0,50,4.2,5,100.0,normale,Contrôle bactériologique négatif,0,16,3,False,False,épidémie,ensoleillé
2023-03-06 22:26:19,Clinique des Spécialités,A+,49,5,0,44,4.6,45,100.0,normale,"Excellent état, conservation parfaite",0,22,3,False,False,normal,nuageux
2023-03-07 04:49:40,Hôpital Laquintinie,A+,27,6,0,21,3.8,8,100.0,normale,Contrôle bactériologique négatif,1,4,3,False,False,normal,ensoleillé
2023-03-07 05:44:26,Clinique des Spécialités,A+,30,5,18,43,4.0,9,100.0,normale,Hémoglobine dans les normes,1,5,3,False,False,normal,ensoleillé
2023-03-07 10:08:28,Hôpital Laquintinie,A+,50,4,22,68,3.8,2,94.1,normale,Urgent: vérifier température stockage,1,10,3,False,False,normal,pluvieux
2023-03-07 14:59:51,Hôpital Militaire,A+,73,7,19,85,3.6,6,100.0,normale,Hémoglobine dans les normes,1,14,3,False,False,normal,ensoleillé
2023-03-07 16:10:19,Hôpital Militaire,A+,75,9,21,87,3.6,1,57.5,attention,Parfait pour transfusion immédiate,1,16,3,False,False,normal,pluvieux
2023-03-07 17:23:19,Clinique des Spécialités,A+,51,8,0,43,3.9,36,99.2,normale,Hémoglobine dans les normes,1,17,3,False,False,normal,ensoleillé
2023-03-07 17:35:21,Clinique des Spécialités,A+,43,7,0,36,4.5,48,100.0,normale,Attention: proche expiration,1,17,3,False,False,normal,ensoleillé
2023-03-08 00:19:12,Hôpital Laquintinie,A+,35,9,21,47,3.8,19,99.1,normale,Contrôle bactériologique négatif,2,0,3,False,False,normal,ensoleillé
2023-03-08 03:15:00,Hôpital de District Bonassama,A+,16,7,14,23,4.6,11,100.0,normale,Parfait pour transfusion immédiate,2,3,3,False,False,normal,ensoleillé
2023-03-08 03:35:05,Hôpital Militaire,A+,36,6,26,56,3.6,13,94.1,normale,"Bon état général, légère variation température",2,3,3,False,False,épidémie,nuageux
2023-03-08 05:14:04,Clinique des Spécialités,A+,31,6,0,25,3.4,5,100.0,normale,Parfait pour transfusion immédiate,2,5,3,False,False,normal,pluvieux
2023-03-08 16:41:44,Clinique des Spécialités,A+,68,5,0,63,3.7,7,92.9,normale,"État satisfaisant, contrôle qualité OK",2,16,3,False,False,normal,nuageux
2023-03-09 03:30:08,Hôpital de District Bonassama,A+,19,9,0,10,3.7,14,97.2,faible,"Bon état général, légère variation température",3,3,3,False,False,normal,ensoleillé
2023-03-09 09:00:59,Centre Médical d'Excellence,A+,51,11,0,40,4.4,1,60.0,attention,Attention: proche expiration,3,9,3,False,False,normal,pluvieux
2023-03-09 14:57:12,Hôpital de District Bonassama,A+,68,12,20,76,3.5,11,94.4,normale,"Bon état général, légère variation température",3,14,3,False,False,normal,ensoleillé
2023-03-09 17:40:29,Hôpital de District Bonassama,A+,52,9,0,43,3.7,14,99.5,normale,"Bon état général, légère variation température",3,17,3,False,False,normal,nuageux
2023-03-09 17:41:43,Hôpital Laquintinie,A+,42,8,22,56,3.6,1,62.0,attention,Parfait pour transfusion immédiate,3,17,3,False,False,normal,nuageux
2023-03-09 20:34:41,Hôpital Militaire,A+,27,6,0,21,3.9,18,97.1,normale,Attention: proche expiration,3,20,3,False,False,normal,ensoleillé
2023-03-10 01:43:17,Hôpital de District Bonassama,A+,23,2,0,21,4.0,5,100.0,normale,Urgent: vérifier température stockage,4,1,3,False,False,normal,pluvieux
2023-03-10 04:17:57,Hôpital Militaire,A+,30,10,0,20,3.2,4,81.5,normale,Parfait pour transfusion immédiate,4,4,3,False,False,normal,nuageux
2023-03-10 09:11:17,Hôpital de District Bonassama,A+,47,11,0,36,4.6,30,100.0,normale,Urgent: vérifier température stockage,4,9,3,False,False,normal,ensoleillé
2023-03-10 09:45:04,Hôpital Général Douala,A+,41,6,0,35,4.1,13,100.0,normale,"État satisfaisant, contrôle qualité OK",4,9,3,False,False,normal,ensoleillé
2023-03-10 10:14:40,Centre Médical d'Excellence,A+,26,5,0,21,4.2,8,100.0,normale,"État satisfaisant, contrôle qualité OK",4,10,3,False,False,normal,pluvieux
2023-03-10 11:26:37,Hôpital de District Bonassama,A+,38,7,20,51,3.9,6,100.0,normale,Contrôle bactériologique négatif,4,11,3,False,False,normal,pluvieux
2023-03-10 11:29:21,Hôpital de District Bonassama,A+,70,10,0,60,4.2,8,100.0,normale,"Bon état général, légère variation température",4,11,3,False,False,normal,ensoleillé
2023-03-10 14:29:52,Hôpital Militaire,A+,70,8,0,62,4.3,12,97.6,normale,Contrôle bactériologique négatif,4,14,3,False,False,normal,ensoleillé
2023-03-10 16:17:27,Hôpital Militaire,A+,54,10,0,44,4.0,4,97.1,normale,"Excellent état, conservation parfaite",4,16,3,False,False,normal,nuageux
2023-03-10 16:24:23,Hôpital Général Douala,A+,47,7,0,40,3.9,1,59.5,attention,"État satisfaisant, contrôle qualité OK",4,16,3,False,False,normal,ensoleillé
2023-03-10 17:46:05,Hôpital Laquintinie,A+,35,9,0,26,4.6,26,100.0,normale,"État satisfaisant, contrôle qualité OK",4,17,3,False,False,normal,ensoleillé
2023-03-11 03:03:45,Hôpital Militaire,A+,13,9,22,26,4.0,3,77.3,normale,"Bon état général, légère variation température",5,3,3,True,False,normal,pluvieux
2023-03-11 04:58:38,Centre Médical d'Excellence,A+,26,4,20,42,5.0,23,100.0,normale,Parfait pour transfusion immédiate,5,4,3,True,False,normal,nuageux
2023-03-11 05:06:19,Clinique des Spécialités,A+,13,5,17,25,4.6,2,86.1,normale,"État satisfaisant, contrôle qualité OK",5,5,3,True,False,normal,ensoleillé
2023-03-11 10:02:11,Hôpital de District Bonassama,A+,34,5,0,29,4.2,4,81.8,normale,Hémoglobine dans les normes,5,10,3,True,False,normal,pluvieux
2023-03-11 16:10:49,Centre Médical d'Excellence,A+,43,3,0,40,3.7,11,100.0,normale,"Bon état général, légère variation température",5,16,3,True,False,normal,pluvieux
2023-03-11 19:53:40,Hôpital Laquintinie,A+,36,3,0,33,4.2,20,99.6,normale,"Bon état général, légère variation température",5,19,3,True,False,normal,ensoleillé
2023-03-11 20:20:27,Hôpital de District Bonassama,A+,36,5,0,31,3.8,6,92.7,normale,"Excellent état, conservation parfaite",5,20,3,True,False,normal,ensoleillé
2023-03-11 23:43:14,Hôpital Militaire,A+,27,4,0,23,4.8,55,100.0,normale,Contrôle bactériologique négatif,5,23,3,True,False,normal,pluvieux
2023-03-12 09:29:26,Hôpital de District Bonassama,A+,21,3,0,18,4.3,14,100.0,faible,Contrôle bactériologique négatif,6,9,3,True,False,normal,nuageux
2023-03-12 16:03:42,Clinique des Spécialités,A+,28,4,0,24,4.7,4,85.4,normale,Urgent: vérifier température stockage,6,16,3,True,False,normal,ensoleillé
2023-03-12 18:24:48,Hôpital de District Bonassama,A+,46,5,0,41,5.0,5,97.3,normale,Parfait pour transfusion immédiate,6,18,3,True,False,normal,ensoleillé
2023-03-12 20:55:20,Clinique des Spécialités,A+,31,3,0,28,4.4,11,98.6,normale,Attention: proche expiration,6,20,3,True,False,normal,ensoleillé
2023-03-12 22:50:29,Hôpital Militaire,A+,45,7,0,38,3.7,62,100.0,normale,Parfait pour transfusion immédiate,6,22,3,True,False,normal,nuageux
2023-03-13 00:39:37,Hôpital Général Douala,A+,13,11,22,24,4.0,9,95.0,normale,"Excellent état, conservation parfaite",0,0,3,False,False,normal,ensoleillé
2023-03-13 12:00:58,Centre Médical d'Excellence,A+,59,8,0,51,4.7,3,87.9,normale,Parfait pour transfusion immédiate,0,12,3,False,False,normal,nuageux
2023-03-13 12:46:30,Hôpital Militaire,A+,71,5,22,88,3.8,25,100.0,normale,"État satisfaisant, contrôle qualité OK",0,12,3,False,False,normal,nuageux
2023-03-13 15:44:33,Hôpital Général Douala,A+,41,7,0,34,4.1,23,98.0,normale,"Bon état général, légère variation température",0,15,3,False,False,normal,orageux
2023-03-13 21:31:19,Clinique des Spécialités,A+,40,7,15,48,3.6,1,41.3,attention,"Excellent état, conservation parfaite",0,21,3,False,False,normal,ensoleillé
2023-03-14 05:40:07,Hôpital Militaire,A+,17,9,0,8,4.2,33,100.0,critique,URGENT: Stock critique - Contrôle bactériologique négatif,1,5,3,False,False,normal,pluvieux
2023-03-14 06:57:43,Hôpital de District Bonassama,A+,54,8,0,46,3.5,8,96.6,normale,"État satisfaisant, contrôle qualité OK",1,6,3,False,False,normal,ensoleillé
2023-03-14 09:06:37,Centre Médical d'Excellence,A+,44,9,0,35,5.2,23,100.0,normale,Parfait pour transfusion immédiate,1,9,3,False,False,normal,ensoleillé
2023-03-14 09:46:41,Hôpital Militaire,A+,40,9,0,31,4.2,1,61.2,attention,"État satisfaisant, contrôle qualité OK",1,9,3,False,False,normal,ensoleillé
2023-03-14 10:13:25,Hôpital Laquintinie,A+,41,8,0,33,3.7,9,97.5,normale,"État satisfaisant, contrôle qualité OK",1,10,3,False,False,normal,pluvieux
2023-03-14 11:11:13,Hôpital Militaire,A+,82,0,0,82,2.9,4,85.3,normale,"Excellent état, conservation parfaite",1,11,3,False,False,normal,nuageux
2023-03-14 16:35:06,Hôpital Laquintinie,A+,21,7,0,14,4.1,26,99.2,faible,"Excellent état, conservation parfaite",1,16,3,False,False,normal,orageux
2023-03-14 18:21:11,Clinique des Spécialités,A+,43,3,0,40,3.7,4,85.5,normale,Parfait pour transfusion immédiate,1,18,3,False,False,normal,ensoleillé
2023-03-14 18:23:11,Clinique des Spécialités,A+,61,6,0,55,4.0,10,99.0,normale,Urgent: vérifier température stockage,1,18,3,False,False,normal,nuageux
2023-03-14 20:14:47,Clinique des Spécialités,A+,74,8,0,66,3.7,27,98.9,normale,Hémoglobine dans les normes,1,20,3,False,False,normal,orageux
2023-03-14 22:56:07,Clinique des Spécialités,A+,56,11,0,45,3.6,8,94.4,normale,Urgent: vérifier température stockage,1,22,3,False,False,normal,orageux
2023-03-15 01:09:17,Hôpital de District Bonassama,A+,24,9,0,15,4.2,36,98.9,faible,"Bon état général, légère variation température",2,1,3,False,False,normal,ensoleillé
2023-03-15 01:25:58,Clinique des Spécialités,A+,30,7,0,23,4.2,5,93.7,normale,Parfait pour transfusion immédiate,2,1,3,False,False,normal,nuageux
2023-03-15 10:53:22,Hôpital de District Bonassama,A+,34,5,25,54,4.0,4,90.7,normale,"Bon état général, légère variation température",2,10,3,False,False,normal,ensoleillé
2023-03-15 14:12:58,Hôpital Militaire,A+,39,5,0,34,3.9,9,94.5,normale,"État satisfaisant, contrôle qualité OK",2,14,3,False,False,normal,pluvieux
2023-03-16 00:35:36,Hôpital Militaire,A+,35,11,0,24,3.4,2,74.9,normale,"Bon état général, légère variation température",3,0,3,False,False,normal,ensoleillé
2023-03-16 00:40:44,Centre Médical d'Excellence,A+,12,6,0,6,4.7,19,100.0,critique,URGENT: Stock critique - Contrôle bactériologique négatif,3,0,3,False,False,normal,pluvieux
2023-03-16 05:31:37,Hôpital Général Douala,A+,13,12,0,1,4.8,25,98.0,critique,URGENT: Stock critique - Attention: proche expiration,3,5,3,False,False,normal,ensoleillé
2023-03-16 06:37:14,Hôpital de District Bonassama,A+,33,7,0,26,4.1,13,96.5,normale,"État satisfaisant, contrôle qualité OK",3,6,3,False,False,normal,pluvieux
2023-03-16 08:30:03,Hôpital Militaire,A+,41,2,0,39,4.2,5,100.0,normale,"État satisfaisant, contrôle qualité OK",3,8,3,False,False,normal,pluvieux
2023-03-16 11:30:36,Hôpital de District Bonassama,A+,47,13,21,55,5.0,32,100.0,normale,Urgent: vérifier température stockage,3,11,3,False,False,normal,ensoleillé
2023-03-16 13:44:50,Centre Médical d'Excellence,A+,39,12,0,27,4.3,7,93.5,normale,Urgent: vérifier température stockage,3,13,3,False,False,normal,pluvieux
2023-03-16 17:39:13,Hôpital de District Bonassama,A+,36,2,23,57,4.5,1,55.2,attention,Attention: proche expiration,3,17,3,False,False,normal,orageux
2023-03-16 20:59:25,Hôpital Laquintinie,A+,57,9,0,48,4.1,1,68.7,attention,"Excellent état, conservation parfaite",3,20,3,False,False,normal,nuageux
2023-03-17 04:05:09,Hôpital Général Douala,A+,21,7,0,14,4.4,42,100.0,faible,Parfait pour transfusion immédiate,4,4,3,False,False,normal,pluvieux
2023-03-17 07:31:24,Clinique des Spécialités,A+,54,8,17,63,4.0,9,100.0,normale,Contrôle bactériologique négatif,4,7,3,False,False,normal,ensoleillé
2023-03-17 10:26:57,Clinique des Spécialités,A+,42,6,0,36,3.1,1,63.3,attention,Contrôle bactériologique négatif,4,10,3,False,False,normal,ensoleillé
2023-03-17 14:12:23,Centre Médical d'Excellence,A+,54,11,0,43,4.4,7,100.0,normale,"Bon état général, légère variation température",4,14,3,False,False,normal,pluvieux
2023-03-17 14:20:14,Centre Médical d'Excellence,A+,35,4,0,31,4.5,3,75.2,normale,Parfait pour transfusion immédiate,4,14,3,False,False,normal,pluvieux
2023-03-17 15:06:04,Clinique des Spécialités,A+,46,4,0,42,3.6,1,69.3,attention,"État satisfaisant, contrôle qualité OK",4,15,3,False,False,normal,ensoleillé
2023-03-18 05:12:30,Clinique des Spécialités,A+,18,5,0,13,4.9,17,100.0,faible,"Excellent état, conservation parfaite",5,5,3,True,False,normal,pluvieux
2023-03-18 16:01:17,Centre Médical d'Excellence,A+,29,8,0,21,4.2,3,82.3,normale,Hémoglobine dans les normes,5,16,3,True,False,normal,pluvieux
2023-03-18 16:49:12,Hôpital Laquintinie,A+,47,5,0,42,5.2,13,100.0,normale,Urgent: vérifier température stockage,5,16,3,True,False,normal,pluvieux
2023-03-18 21:52:27,Hôpital Laquintinie,A+,42,5,0,37,3.7,12,100.0,normale,Contrôle bactériologique négatif,5,21,3,True,False,normal,ensoleillé
2023-03-19 02:47:18,Centre Médical d'Excellence,A+,18,4,0,14,3.1,12,96.8,faible,Parfait pour transfusion immédiate,6,2,3,True,False,normal,ensoleillé
2023-03-19 18:05:09,Hôpital de District Bonassama,A+,39,8,0,31,4.1,1,61.5,attention,Urgent: vérifier température stockage,6,18,3,True,False,normal,nuageux
2023-03-19 18:57:21,Hôpital Militaire,A+,33,2,0,31,4.5,39,99.8,normale,Attention: proche expiration,6,18,3,True,False,normal,ensoleillé
2023-03-19 22:49:13,Centre Médical d'Excellence,A+,45,6,29,68,3.4,1,56.8,attention,"État satisfaisant, contrôle qualité OK",6,22,3,True,False,normal,pluvieux
2023-03-20 01:23:17,Clinique des Spécialités,A+,23,5,0,18,3.7,21,100.0,faible,Attention: proche expiration,0,1,3,False,False,normal,orageux
2023-03-20 02:39:05,Hôpital de District Bonassama,A+,17,7,0,10,4.6,11,99.7,faible,Parfait pour transfusion immédiate,0,2,3,False,False,normal,nuageux
2023-03-20 11:52:09,Clinique des Spécialités,A+,64,10,0,54,3.3,7,100.0,normale,Urgent: vérifier température stockage,0,11,3,False,False,normal,orageux
2023-03-20 18:22:33,Hôpital Laquintinie,A+,15,1,0,14,4.7,3,90.7,faible,Parfait pour transfusion immédiate,0,18,3,False,False,normal,pluvieux
2023-03-20 19:03:15,Clinique des Spécialités,A+,46,8,19,57,4.8,22,97.1,normale,Attention: proche expiration,0,19,3,False,False,normal,pluvieux
2023-03-20 19:50:57,Hôpital de District Bonassama,A+,39,5,23,57,3.7,36,92.0,normale,Hémoglobine dans les normes,0,19,3,False,False,normal,nuageux
2023-03-20 21:15:36,Hôpital Militaire,A+,37,6,0,31,3.9,6,99.2,normale,Attention: proche expiration,0,21,3,False,False,normal,pluvieux
2023-03-21 00:05:48,Hôpital de District Bonassama,A+,18,11,0,7,3.5,5,99.8,critique,"URGENT: Stock critique - Excellent état, conservation parfaite",1,0,3,False,False,normal,pluvieux
2023-03-21 03:04:50,Clinique des Spécialités,A+,18,9,0,9,3.9,17,100.0,critique,"URGENT: Stock critique - Bon état général, légère variation température",1,3,3,False,False,normal,pluvieux
2023-03-21 05:37:51,Hôpital Laquintinie,A+,22,7,0,15,3.8,4,92.9,faible,Urgent: vérifier température stockage,1,5,3,False,False,normal,nuageux
2023-03-21 07:38:37,Hôpital Militaire,A+,33,4,0,29,4.2,8,100.0,normale,Urgent: vérifier température stockage,1,7,3,False,False,normal,nuageux
2023-03-21 09:24:37,Clinique des Spécialités,A+,59,11,22,70,3.9,8,100.0,normale,"Excellent état, conservation parfaite",1,9,3,False,False,normal,orageux
2023-03-21 20:33:54,Hôpital Général Douala,A+,21,7,24,38,3.8,8,100.0,normale,Parfait pour transfusion immédiate,1,20,3,False,False,normal,ensoleillé
2023-03-21 22:53:03,Hôpital Général Douala,A+,58,8,0,50,4.3,1,61.7,attention,"Excellent état, conservation parfaite",1,22,3,False,False,normal,ensoleillé
2023-03-21 23:36:11,Centre Médical d'Excellence,A+,42,5,21,58,4.2,3,79.6,normale,Contrôle bactériologique négatif,1,23,3,False,False,normal,ensoleillé
2023-03-22 08:56:41,Hôpital de District Bonassama,A+,41,9,0,32,3.6,1,59.4,attention,Contrôle bactériologique négatif,2,8,3,False,False,normal,nuageux
2023-03-22 10:22:56,Hôpital Militaire,A+,75,5,27,97,3.8,32,97.1,normale,Parfait pour transfusion immédiate,2,10,3,False,False,normal,orageux
2023-03-22 14:46:42,Hôpital de District Bonassama,A+,59,10,0,49,4.7,7,99.4,normale,Contrôle bactériologique négatif,2,14,3,False,False,normal,ensoleillé
2023-03-22 18:40:38,Hôpital Laquintinie,A+,39,13,14,40,4.0,18,97.9,normale,Attention: proche expiration,2,18,3,False,False,accident_route,ensoleillé
2023-03-22 19:29:19,Hôpital de District Bonassama,A+,46,2,0,44,4.0,12,100.0,normale,Attention: proche expiration,2,19,3,False,False,normal,ensoleillé
2023-03-23 05:49:02,Clinique des Spécialités,A+,32,8,0,24,4.5,28,100.0,normale,Contrôle bactériologique négatif,3,5,3,False,False,normal,pluvieux
2023-03-23 11:09:40,Hôpital Militaire,A+,66,9,19,76,4.6,8,97.4,normale,Hémoglobine dans les normes,3,11,3,False,False,normal,nuageux
2023-03-23 14:04:26,Hôpital Laquintinie,A+,59,6,0,53,3.3,1,59.9,attention,Contrôle bactériologique négatif,3,14,3,False,False,normal,ensoleillé
2023-03-23 19:03:09,Clinique des Spécialités,A+,31,8,0,23,4.8,11,100.0,normale,"Bon état général, légère variation température",3,19,3,False,False,normal,ensoleillé
2023-03-23 19:31:39,Hôpital Laquintinie,A+,83,8,0,75,4.0,1,62.6,attention,"État satisfaisant, contrôle qualité OK",3,19,3,False,False,normal,pluvieux
2023-03-24 03:38:45,Hôpital Général Douala,A+,14,5,0,9,3.2,2,87.4,critique,URGENT: Stock critique - Hémoglobine dans les normes,4,3,3,False,False,normal,nuageux
2023-03-24 04:55:43,Hôpital de District Bonassama,A+,16,6,0,10,4.5,4,83.1,faible,Urgent: vérifier température stockage,4,4,3,False,False,normal,orageux
2023-03-24 05:37:44,Clinique des Spécialités,A+,43,11,0,32,4.6,1,53.1,attention,Parfait pour transfusion immédiate,4,5,3,False,False,normal,ensoleillé
2023-03-24 07:25:06,Clinique des Spécialités,A+,36,13,0,23,3.7,19,96.7,normale,Attention: proche expiration,4,7,3,False,False,normal,ensoleillé
2023-03-24 07:27:02,Hôpital Laquintinie,A+,16,8,0,8,4.3,17,100.0,critique,URGENT: Stock critique - Parfait pour transfusion immédiate,4,7,3,False,False,normal,ensoleillé
2023-03-24 11:40:13,Hôpital Laquintinie,A+,46,5,0,41,4.4,1,58.2,attention,"Excellent état, conservation parfaite",4,11,3,False,False,normal,ensoleillé
2023-03-24 13:45:05,Hôpital Laquintinie,A+,51,9,0,42,4.0,47,100.0,normale,"Bon état général, légère variation température",4,13,3,False,False,normal,ensoleillé
2023-03-24 19:55:32,Clinique des Spécialités,A+,89,8,0,81,4.3,24,94.7,normale,"État satisfaisant, contrôle qualité OK",4,19,3,False,False,normal,orageux
2023-03-24 21:49:05,Hôpital Général Douala,A+,72,8,19,83,4.1,26,94.7,normale,Hémoglobine dans les normes,4,21,3,False,False,normal,pluvieux
2023-03-25 01:08:18,Hôpital Général Douala,A+,13,3,24,34,3.5,24,97.8,normale,Hémoglobine dans les normes,5,1,3,True,False,normal,ensoleillé
2023-03-25 01:20:00,Clinique des Spécialités,A+,11,4,0,7,3.9,10,99.3,critique,URGENT: Stock critique - Hémoglobine dans les normes,5,1,3,True,False,normal,pluvieux
2023-03-25 10:32:42,Clinique des Spécialités,A+,39,9,0,30,3.6,7,100.0,normale,Hémoglobine dans les normes,5,10,3,True,False,normal,nuageux
2023-03-25 11:28:19,Clinique des Spécialités,A+,38,5,0,33,4.4,6,97.2,normale,Parfait pour transfusion immédiate,5,11,3,True,False,normal,pluvieux
2023-03-25 21:27:50,Clinique des Spécialités,A+,16,3,24,37,3.2,5,100.0,normale,"Bon état général, légère variation température",5,21,3,True,False,normal,pluvieux
2023-03-25 21:33:16,Clinique des Spécialités,A+,43,9,22,56,4.2,6,96.1,normale,Attention: proche expiration,5,21,3,True,False,normal,ensoleillé
2023-03-26 00:57:53,Hôpital Militaire,A+,13,5,11,19,4.0,7,100.0,faible,Urgent: vérifier température stockage,6,0,3,True,False,normal,pluvieux
2023-03-26 07:32:35,Hôpital Laquintinie,A+,26,0,0,26,3.9,22,100.0,normale,"État satisfaisant, contrôle qualité OK",6,7,3,True,False,normal,nuageux
2023-03-26 09:02:07,Centre Médical d'Excellence,A+,23,4,0,19,3.6,38,99.2,faible,"Excellent état, conservation parfaite",6,9,3,True,False,normal,orageux
2023-03-26 11:50:08,Centre Médical d'Excellence,A+,5,5,18,18,3.8,11,97.8,faible,Contrôle bactériologique négatif,6,11,3,True,False,normal,pluvieux
2023-03-26 23:47:12,Hôpital de District Bonassama,A+,9,1,0,8,3.5,18,100.0,critique,"URGENT: Stock critique - Excellent état, conservation parfaite",6,23,3,True,False,normal,nuageux
2023-03-27 07:32:34,Hôpital Laquintinie,A+,70,12,0,58,3.9,17,100.0,normale,Parfait pour transfusion immédiate,0,7,3,False,False,normal,ensoleillé
2023-03-27 12:51:11,Hôpital Militaire,A+,20,10,0,10,4.3,26,100.0,faible,"Bon état général, légère variation température",0,12,3,False,False,normal,pluvieux
2023-03-27 14:12:32,Hôpital Général Douala,A+,55,3,0,52,4.1,17,100.0,normale,"Bon état général, légère variation température",0,14,3,False,False,normal,ensoleillé
2023-03-27 17:49:13,Hôpital Laquintinie,A+,70,7,0,63,4.3,26,98.1,normale,Attention: proche expiration,0,17,3,False,False,normal,pluvieux
2023-03-27 19:48:29,Hôpital de District Bonassama,A+,64,7,0,57,3.0,16,100.0,normale,Hémoglobine dans les normes,0,19,3,False,False,normal,nuageux
2023-03-27 23:05:14,Hôpital Général Douala,A+,24,3,0,21,3.5,8,100.0,normale,Hémoglobine dans les normes,0,23,3,False,False,normal,nuageux
2023-03-28 00:02:07,Hôpital Général Douala,A+,33,9,0,24,3.7,8,95.1,normale,"Excellent état, conservation parfaite",1,0,3,False,False,normal,nuageux
2023-03-28 06:46:41,Centre Médical d'Excellence,A+,43,8,0,35,4.1,19,98.8,normale,"État satisfaisant, contrôle qualité OK",1,6,3,False,False,normal,nuageux
2023-03-28 18:49:32,Hôpital Laquintinie,A+,44,12,24,56,4.5,8,93.2,normale,Contrôle bactériologique négatif,1,18,3,False,False,normal,pluvieux
2023-03-28 23:27:50,Clinique des Spécialités,A+,27,10,0,17,3.9,9,96.5,faible,Contrôle bactériologique négatif,1,23,3,False,False,normal,orageux
2023-03-29 05:48:54,Hôpital Laquintinie,A+,25,5,21,41,3.8,10,100.0,normale,Attention: proche expiration,2,5,3,False,False,normal,ensoleillé
2023-03-29 07:18:08,Hôpital Laquintinie,A+,49,7,20,62,3.1,13,98.0,normale,Contrôle bactériologique négatif,2,7,3,False,False,normal,ensoleillé
2023-03-29 19:59:59,Clinique des Spécialités,A+,38,9,19,48,3.8,33,89.8,normale,Parfait pour transfusion immédiate,2,19,3,False,False,normal,nuageux
2023-03-30 05:50:31,Clinique des Spécialités,A+,29,3,0,26,4.5,7,96.6,normale,Parfait pour transfusion immédiate,3,5,3,False,False,normal,pluvieux
2023-03-30 06:37:09,Clinique des Spécialités,A+,60,10,0,50,4.8,36,95.5,normale,"État satisfaisant, contrôle qualité OK",3,6,3,False,False,normal,pluvieux
2023-03-30 08:12:47,Centre Médical d'Excellence,A+,55,10,0,45,4.2,31,95.1,normale,Hémoglobine dans les normes,3,8,3,False,False,normal,pluvieux
2023-03-30 08:59:47,Hôpital de District Bonassama,A+,51,5,0,46,4.2,13,98.6,normale,Urgent: vérifier température stockage,3,8,3,False,False,normal,ensoleillé
2023-03-30 16:01:45,Clinique des Spécialités,A+,58,7,0,51,4.3,5,92.0,normale,"État satisfaisant, contrôle qualité OK",3,16,3,False,False,normal,nuageux
2023-03-30 17:43:00,Hôpital Militaire,A+,46,2,0,44,4.4,44,92.7,normale,Contrôle bactériologique négatif,3,17,3,False,False,normal,nuageux
2023-03-30 17:50:43,Hôpital Général Douala,A+,40,7,23,56,5.0,4,84.7,normale,"État satisfaisant, contrôle qualité OK",3,17,3,False,False,normal,ensoleillé
2023-03-30 23:37:49,Hôpital Général Douala,A+,19,7,0,12,2.8,1,59.6,faible,Hémoglobine dans les normes,3,23,3,False,False,normal,ensoleillé
2023-03-31 01:28:21,Centre Médical d'Excellence,A+,18,4,0,14,4.7,6,100.0,faible,"Excellent état, conservation parfaite",4,1,3,False,False,normal,pluvieux
2023-03-31 11:26:26,Hôpital Général Douala,A+,31,8,0,23,3.8,1,62.9,attention,"Bon état général, légère variation température",4,11,3,False,False,normal,nuageux
2023-03-31 15:59:19,Hôpital Laquintinie,A+,50,11,23,62,4.4,3,85.5,normale,"Excellent état, conservation parfaite",4,15,3,False,False,normal,pluvieux
2023-03-31 20:31:28,Hôpital Général Douala,A+,56,7,0,49,4.7,24,100.0,normale,Attention: proche expiration,4,20,3,False,False,normal,ensoleillé
2023-04-01 04:08:32,Hôpital de District Bonassama,A+,12,4,15,23,4.0,19,96.7,normale,"Excellent état, conservation parfaite",5,4,4,True,False,normal,pluvieux
2023-04-01 06:02:43,Clinique des Spécialités,A+,42,3,0,39,4.5,8,96.1,normale,Urgent: vérifier température stockage,5,6,4,True,False,normal,pluvieux
2023-04-01 22:33:39,Hôpital Laquintinie,A+,47,5,14,56,4.1,13,100.0,normale,"Excellent état, conservation parfaite",5,22,4,True,False,campagne_don,nuageux
2023-04-01 23:08:46,Hôpital de District Bonassama,A+,22,6,18,34,2.8,9,98.2,normale,Parfait pour transfusion immédiate,5,23,4,True,False,normal,ensoleillé
2023-04-02 00:45:52,Hôpital de District Bonassama,A+,22,4,0,18,4.2,18,99.6,faible,"Excellent état, conservation parfaite",6,0,4,True,False,normal,nuageux
2023-04-02 04:49:03,Clinique des Spécialités,A+,11,6,0,5,3.8,12,100.0,critique,URGENT: Stock critique - Urgent: vérifier température stockage,6,4,4,True,False,normal,ensoleillé
2023-04-02 09:42:52,Hôpital Général Douala,A+,42,4,27,65,3.5,60,92.0,normale,"État satisfaisant, contrôle qualité OK",6,9,4,True,False,normal,pluvieux
2023-04-03 00:17:51,Hôpital Laquintinie,A+,27,13,0,14,4.0,9,93.4,faible,Hémoglobine dans les normes,0,0,4,False,False,normal,orageux
2023-04-03 06:36:58,Clinique des Spécialités,A+,72,4,0,68,4.1,6,100.0,normale,Contrôle bactériologique négatif,0,6,4,False,False,normal,ensoleillé
2023-04-03 22:27:15,Hôpital de District Bonassama,A+,60,6,19,73,4.1,4,78.4,normale,Urgent: vérifier température stockage,0,22,4,False,False,normal,pluvieux
2023-04-03 22:57:16,Centre Médical d'Excellence,A+,49,7,18,60,3.7,42,100.0,normale,"Bon état général, légère variation température",0,22,4,False,False,normal,ensoleillé
2023-04-04 00:40:16,Hôpital Général Douala,A+,33,4,0,29,4.1,12,98.6,normale,Urgent: vérifier température stockage,1,0,4,False,False,normal,nuageux
2023-04-04 01:17:51,Clinique des Spécialités,A+,28,0,0,28,4.5,1,63.6,attention,Hémoglobine dans les normes,1,1,4,False,False,normal,ensoleillé
2023-04-04 09:32:08,Hôpital de District Bonassama,A+,50,8,14,56,3.8,19,100.0,normale,"Excellent état, conservation parfaite",1,9,4,False,False,normal,pluvieux
2023-04-04 12:00:23,Hôpital Général Douala,A+,52,11,0,41,3.7,21,100.0,normale,Parfait pour transfusion immédiate,1,12,4,False,False,normal,ensoleillé
2023-04-04 15:34:41,Centre Médical d'Excellence,A+,36,5,0,31,3.8,5,94.7,normale,"État satisfaisant, contrôle qualité OK",1,15,4,False,False,normal,ensoleillé
2023-04-04 16:23:17,Hôpital Laquintinie,A+,66,5,0,61,4.4,1,56.8,attention,Attention: proche expiration,1,16,4,False,False,normal,ensoleillé
2023-04-04 17:30:26,Clinique des Spécialités,A+,68,5,29,92,4.0,1,55.4,attention,"Bon état général, légère variation température",1,17,4,False,False,normal,ensoleillé
2023-04-04 21:08:26,Hôpital Général Douala,A+,55,12,19,62,3.6,14,100.0,normale,Parfait pour transfusion immédiate,1,21,4,False,False,normal,nuageux
2023-04-05 01:52:46,Clinique des Spécialités,A+,27,11,0,16,4.2,16,92.5,faible,Hémoglobine dans les normes,2,1,4,False,False,normal,nuageux
2023-04-05 13:28:28,Centre Médical d'Excellence,A+,73,8,0,65,3.7,3,79.4,normale,Parfait pour transfusion immédiate,2,13,4,False,False,normal,nuageux
2023-04-05 15:25:21,Hôpital de District Bonassama,A+,53,8,0,45,4.0,16,100.0,normale,Attention: proche expiration,2,15,4,False,False,normal,pluvieux
2023-04-05 17:44:12,Hôpital de District Bonassama,A+,28,8,0,20,3.8,8,100.0,normale,"Bon état général, légère variation température",2,17,4,False,False,normal,ensoleillé
2023-04-06 02:09:38,Hôpital de District Bonassama,A+,18,9,0,9,3.8,7,100.0,critique,"URGENT: Stock critique - Bon état général, légère variation température",3,2,4,False,False,normal,pluvieux
2023-04-06 04:31:38,Hôpital de District Bonassama,A+,40,7,0,33,4.5,14,94.7,normale,Urgent: vérifier température stockage,3,4,4,False,False,normal,nuageux
2023-04-06 05:35:27,Centre Médical d'Excellence,A+,22,4,0,18,3.9,12,100.0,faible,Contrôle bactériologique négatif,3,5,4,False,False,normal,ensoleillé
2023-04-06 15:54:37,Hôpital Militaire,A+,35,6,0,29,3.7,8,100.0,normale,Hémoglobine dans les normes,3,15,4,False,False,épidémie,pluvieux
2023-04-06 20:58:51,Hôpital Laquintinie,A+,69,7,0,62,3.4,5,92.4,normale,Urgent: vérifier température stockage,3,20,4,False,False,normal,ensoleillé
2023-04-07 02:26:15,Hôpital de District Bonassama,A+,31,7,26,50,4.5,6,100.0,normale,Urgent: vérifier température stockage,4,2,4,False,False,normal,pluvieux
2023-04-07 02:44:12,Hôpital Laquintinie,A+,26,12,0,14,3.7,24,100.0,faible,Parfait pour transfusion immédiate,4,2,4,False,False,normal,ensoleillé
2023-04-07 02:59:16,Hôpital de District Bonassama,A+,25,4,0,21,3.9,10,100.0,normale,Hémoglobine dans les normes,4,2,4,False,False,normal,nuageux
2023-04-07 03:56:20,Hôpital de District Bonassama,A+,38,10,0,28,4.5,18,89.2,normale,Parfait pour transfusion immédiate,4,3,4,False,False,normal,ensoleillé
2023-04-07 05:21:12,Hôpital Laquintinie,A+,15,13,0,2,3.5,4,84.4,critique,"URGENT: Stock critique - Excellent état, conservation parfaite",4,5,4,False,False,normal,ensoleillé
2023-04-07 05:26:34,Hôpital Laquintinie,A+,31,11,24,44,3.7,18,94.5,normale,"Excellent état, conservation parfaite",4,5,4,False,False,normal,ensoleillé
2023-04-07 05:36:21,Hôpital Militaire,A+,34,4,16,46,3.6,13,100.0,normale,Urgent: vérifier température stockage,4,5,4,False,False,normal,pluvieux
2023-04-07 07:32:49,Hôpital Général Douala,A+,55,8,0,47,3.6,18,100.0,normale,"Excellent état, conservation parfaite",4,7,4,False,False,normal,orageux
2023-04-07 07:39:12,Centre Médical d'Excellence,A+,59,9,18,68,3.5,14,96.7,normale,"Bon état général, légère variation température",4,7,4,False,False,normal,ensoleillé
2023-04-07 07:55:17,Clinique des Spécialités,A+,50,6,0,44,3.9,7,100.0,normale,Hémoglobine dans les normes,4,7,4,False,False,normal,ensoleillé
2023-04-07 09:31:54,Hôpital Laquintinie,A+,26,4,0,22,3.9,23,100.0,normale,"État satisfaisant, contrôle qualité OK",4,9,4,False,False,normal,ensoleillé
2023-04-07 18:38:25,Hôpital Militaire,A+,42,6,0,36,4.7,4,84.9,normale,"Excellent état, conservation parfaite",4,18,4,False,False,normal,ensoleillé
2023-04-08 02:52:25,Hôpital Général Douala,A+,18,5,0,13,4.0,16,98.5,faible,"État satisfaisant, contrôle qualité OK",5,2,4,True,False,normal,ensoleillé
2023-04-08 03:10:57,Clinique des Spécialités,A+,18,6,22,34,4.5,19,98.2,normale,"État satisfaisant, contrôle qualité OK",5,3,4,True,False,normal,pluvieux
2023-04-08 06:04:05,Hôpital Laquintinie,A+,39,4,0,35,5.1,1,53.9,attention,Attention: proche expiration,5,6,4,True,False,normal,ensoleillé
2023-04-08 07:10:50,Hôpital Laquintinie,A+,45,8,0,37,4.2,38,98.4,normale,Urgent: vérifier température stockage,5,7,4,True,False,normal,nuageux
2023-04-08 13:44:47,Hôpital Militaire,A+,43,3,0,40,4.2,9,87.2,normale,Contrôle bactériologique négatif,5,13,4,True,False,normal,ensoleillé
2023-04-08 18:47:11,Hôpital de District Bonassama,A+,12,3,19,28,3.6,9,96.1,normale,"Excellent état, conservation parfaite",5,18,4,True,False,normal,pluvieux
2023-04-08 20:09:55,Hôpital Laquintinie,A+,46,6,23,63,3.8,36,100.0,normale,"État satisfaisant, contrôle qualité OK",5,20,4,True,False,normal,pluvieux
2023-04-09 02:12:09,Clinique des Spécialités,A+,19,4,20,35,3.4,10,100.0,normale,Urgent: vérifier température stockage,6,2,4,True,False,normal,pluvieux
2023-04-09 02:25:00,Hôpital de District Bonassama,A+,13,7,19,25,3.5,1,68.4,attention,Hémoglobine dans les normes,6,2,4,True,False,normal,nuageux
2023-04-09 05:08:27,Hôpital Militaire,A+,20,6,0,14,3.8,4,88.7,faible,"État satisfaisant, contrôle qualité OK",6,5,4,True,False,normal,ensoleillé
2023-04-09 05:48:09,Hôpital Militaire,A+,15,5,14,24,4.5,43,100.0,normale,Contrôle bactériologique négatif,6,5,4,True,False,normal,nuageux
2023-04-09 14:39:21,Hôpital Militaire,A+,41,8,0,33,4.6,26,99.0,normale,Hémoglobine dans les normes,6,14,4,True,False,normal,ensoleillé
2023-04-09 15:12:06,Centre Médical d'Excellence,A+,30,7,0,23,3.4,4,87.4,normale,Parfait pour transfusion immédiate,6,15,4,True,False,normal,ensoleillé
2023-04-09 16:20:34,Hôpital Laquintinie,A+,24,4,28,48,3.9,3,81.7,normale,Hémoglobine dans les normes,6,16,4,True,False,normal,pluvieux
2023-04-09 16:57:23,Hôpital Laquintinie,A+,38,8,11,41,3.9,6,98.3,normale,Attention: proche expiration,6,16,4,True,False,normal,ensoleillé
2023-04-10 01:41:45,Hôpital Laquintinie,A+,30,3,0,27,3.9,10,100.0,normale,Hémoglobine dans les normes,0,1,4,False,False,normal,pluvieux
2023-04-10 04:45:07,Clinique des Spécialités,A+,29,10,15,34,4.2,37,100.0,normale,Attention: proche expiration,0,4,4,False,False,normal,nuageux
2023-04-10 04:58:41,Hôpital Laquintinie,A+,25,6,0,19,4.4,1,58.9,faible,"Excellent état, conservation parfaite",0,4,4,False,False,normal,nuageux
2023-04-10 12:12:41,Hôpital de District Bonassama,A+,52,9,0,43,4.1,2,81.0,normale,"Bon état général, légère variation température",0,12,4,False,False,normal,ensoleillé
2023-04-10 16:21:34,Hôpital de District Bonassama,A+,51,5,0,46,4.3,13,96.1,normale,"Bon état général, légère variation température",0,16,4,False,False,normal,nuageux
2023-04-11 00:12:10,Clinique des Spécialités,A+,20,7,0,13,2.9,6,91.9,faible,"Bon état général, légère variation température",1,0,4,False,False,normal,ensoleillé
2023-04-11 21:20:22,Hôpital Laquintinie,A+,80,8,0,72,4.2,2,85.3,normale,"État satisfaisant, contrôle qualité OK",1,21,4,False,False,normal,orageux
2023-04-11 23:14:23,Clinique des Spécialités,A+,16,5,15,26,4.4,4,79.8,normale,Contrôle bactériologique négatif,1,23,4,False,False,normal,nuageux
2023-04-12 10:59:21,Hôpital de District Bonassama,A+,54,4,17,67,4.8,1,63.8,attention,Attention: proche expiration,2,10,4,False,False,normal,pluvieux
2023-04-12 16:26:43,Hôpital Militaire,A+,63,6,0,57,4.0,3,82.4,normale,"Excellent état, conservation parfaite",2,16,4,False,False,normal,orageux
2023-04-13 06:37:55,Clinique des Spécialités,A+,43,5,0,38,4.0,28,98.7,normale,"Bon état général, légère variation température",3,6,4,False,False,normal,nuageux
2023-04-13 07:48:26,Centre Médical d'Excellence,A+,49,9,0,40,3.9,5,100.0,normale,"Excellent état, conservation parfaite",3,7,4,False,False,normal,pluvieux
2023-04-13 14:26:33,Hôpital Militaire,A+,34,7,21,48,3.9,7,88.2,normale,Attention: proche expiration,3,14,4,False,False,normal,pluvieux
2023-04-13 21:31:51,Clinique des Spécialités,A+,34,7,0,27,4.2,11,96.5,normale,"Excellent état, conservation parfaite",3,21,4,False,False,normal,pluvieux
2023-04-13 23:52:11,Clinique des Spécialités,A+,18,6,0,12,3.5,13,100.0,faible,"Excellent état, conservation parfaite",3,23,4,False,False,normal,ensoleillé
2023-04-14 03:09:26,Hôpital Militaire,A+,16,6,0,10,3.6,4,91.4,faible,"Excellent état, conservation parfaite",4,3,4,False,False,normal,pluvieux
2023-04-14 07:16:53,Hôpital Militaire,A+,43,2,0,41,3.4,8,100.0,normale,Urgent: vérifier température stockage,4,7,4,False,False,normal,ensoleillé
2023-04-14 12:40:22,Hôpital de District Bonassama,A+,41,10,25,56,4.2,29,100.0,normale,Attention: proche expiration,4,12,4,False,False,normal,orageux
2023-04-14 20:35:25,Clinique des Spécialités,A+,44,11,0,33,3.8,36,100.0,normale,"Bon état général, légère variation température",4,20,4,False,False,normal,pluvieux
2023-04-15 07:18:32,Clinique des Spécialités,A+,45,6,0,39,3.6,32,96.8,normale,"Bon état général, légère variation température",5,7,4,True,False,normal,nuageux
2023-04-15 10:51:40,Clinique des Spécialités,A+,28,2,0,26,4.3,6,99.3,normale,Contrôle bactériologique négatif,5,10,4,True,False,normal,pluvieux
2023-04-15 16:09:36,Hôpital Général Douala,A+,39,3,0,36,4.7,9,100.0,normale,"État satisfaisant, contrôle qualité OK",5,16,4,True,False,normal,ensoleillé
2023-04-15 18:50:42,Hôpital Laquintinie,A+,31,5,0,26,3.7,28,99.9,normale,Hémoglobine dans les normes,5,18,4,True,False,normal,ensoleillé
2023-04-15 21:26:52,Clinique des Spécialités,A+,36,4,0,32,3.9,11,97.7,normale,"Excellent état, conservation parfaite",5,21,4,True,False,normal,nuageux
2023-04-15 21:37:42,Hôpital Militaire,A+,8,8,21,21,4.4,8,93.2,normale,Contrôle bactériologique négatif,5,21,4,True,False,normal,ensoleillé
2023-04-15 23:47:06,Clinique des Spécialités,A+,22,8,15,29,4.3,1,61.5,attention,Urgent: vérifier température stockage,5,23,4,True,False,normal,pluvieux
2023-04-16 00:36:24,Centre Médical d'Excellence,A+,20,8,0,12,3.9,18,94.8,faible,"État satisfaisant, contrôle qualité OK",6,0,4,True,False,normal,pluvieux
2023-04-16 09:17:10,Hôpital Militaire,A+,19,5,0,14,4.3,22,98.2,faible,Attention: proche expiration,6,9,4,True,False,normal,pluvieux
2023-04-16 09:50:32,Centre Médical d'Excellence,A+,38,1,0,37,4.1,7,98.0,normale,Contrôle bactériologique négatif,6,9,4,True,False,normal,nuageux
2023-04-16 15:47:39,Hôpital de District Bonassama,A+,34,2,21,53,4.0,21,95.8,normale,Attention: proche expiration,6,15,4,True,False,normal,nuageux
2023-04-16 22:34:48,Centre Médical d'Excellence,A+,46,6,0,40,3.1,75,100.0,normale,"Excellent état, conservation parfaite",6,22,4,True,False,normal,pluvieux
2023-04-16 23:25:59,Clinique des Spécialités,A+,20,5,0,15,4.3,15,100.0,faible,Urgent: vérifier température stockage,6,23,4,True,False,normal,ensoleillé
2023-04-17 00:14:10,Hôpital Général Douala,A+,23,7,0,16,3.9,7,89.5,faible,Contrôle bactériologique négatif,0,0,4,False,False,normal,pluvieux
2023-04-17 04:21:33,Centre Médical d'Excellence,A+,27,6,0,21,5.0,7,99.0,normale,Contrôle bactériologique négatif,0,4,4,False,False,normal,pluvieux
2023-04-17 12:43:01,Hôpital de District Bonassama,A+,31,10,16,37,4.7,37,97.8,normale,Contrôle bactériologique négatif,0,12,4,False,False,normal,nuageux
2023-04-17 15:54:49,Hôpital Militaire,A+,55,10,0,45,4.7,1,61.6,attention,"Bon état général, légère variation température",0,15,4,False,False,normal,ensoleillé
2023-04-17 17:13:15,Hôpital Laquintinie,A+,54,5,0,49,4.3,5,100.0,normale,Parfait pour transfusion immédiate,0,17,4,False,False,normal,nuageux
2023-04-17 21:58:47,Centre Médical d'Excellence,A+,51,7,0,44,4.4,22,95.4,normale,"Excellent état, conservation parfaite",0,21,4,False,False,normal,pluvieux
2023-04-18 04:38:08,Centre Médical d'Excellence,A+,26,12,0,14,3.5,1,62.4,faible,"Excellent état, conservation parfaite",1,4,4,False,False,normal,pluvieux
2023-04-18 11:29:09,Hôpital Laquintinie,A+,28,5,15,38,3.5,18,100.0,normale,"État satisfaisant, contrôle qualité OK",1,11,4,False,False,normal,pluvieux
2023-04-18 12:21:06,Clinique des Spécialités,A+,16,10,0,6,4.5,23,95.3,critique,URGENT: Stock critique - Urgent: vérifier température stockage,1,12,4,False,False,normal,pluvieux
2023-04-18 13:38:50,Hôpital de District Bonassama,A+,32,9,0,23,3.7,2,89.5,normale,"Excellent état, conservation parfaite",1,13,4,False,False,normal,orageux
2023-04-19 00:01:39,Hôpital Militaire,A+,33,5,0,28,3.1,45,94.0,normale,Urgent: vérifier température stockage,2,0,4,False,False,normal,ensoleillé
2023-04-19 00:36:59,Clinique des Spécialités,A+,15,6,15,24,2.8,28,95.2,normale,"Bon état général, légère variation température",2,0,4,False,False,normal,pluvieux
2023-04-19 01:31:00,Hôpital Général Douala,A+,24,9,0,15,4.3,18,90.4,faible,"Bon état général, légère variation température",2,1,4,False,False,normal,pluvieux
2023-04-19 03:01:29,Centre Médical d'Excellence,A+,21,10,18,29,3.2,88,98.3,normale,"État satisfaisant, contrôle qualité OK",2,3,4,False,False,normal,ensoleillé
2023-04-19 08:39:53,Hôpital de District Bonassama,A+,14,7,0,7,3.8,5,94.7,critique,URGENT: Stock critique - Attention: proche expiration,2,8,4,False,False,normal,pluvieux
2023-04-19 20:45:23,Hôpital Militaire,A+,60,11,0,49,2.8,30,95.3,normale,Contrôle bactériologique négatif,2,20,4,False,False,normal,pluvieux
2023-04-20 00:51:06,Hôpital de District Bonassama,A+,8,13,0,0,3.8,9,95.8,critique,URGENT: Stock critique - Contrôle bactériologique négatif,3,0,4,False,False,normal,nuageux
2023-04-20 01:10:30,Centre Médical d'Excellence,A+,19,9,0,10,3.4,33,99.0,faible,Attention: proche expiration,3,1,4,False,False,normal,pluvieux
2023-04-20 01:24:27,Hôpital de District Bonassama,A+,22,9,29,42,4.2,7,98.2,normale,"Excellent état, conservation parfaite",3,1,4,False,False,normal,pluvieux
2023-04-20 11:06:08,Hôpital de District Bonassama,A+,52,10,20,62,3.3,1,56.2,attention,Parfait pour transfusion immédiate,3,11,4,False,False,normal,nuageux
2023-04-20 15:32:19,Clinique des Spécialités,A+,61,6,0,55,3.6,7,100.0,normale,"Excellent état, conservation parfaite",3,15,4,False,False,normal,ensoleillé
2023-04-20 18:58:21,Centre Médical d'Excellence,A+,31,9,0,22,4.1,15,95.3,normale,"Excellent état, conservation parfaite",3,18,4,False,False,normal,pluvieux
2023-04-20 19:36:53,Centre Médical d'Excellence,A+,57,12,0,45,4.1,1,59.8,attention,"Excellent état, conservation parfaite",3,19,4,False,False,campagne_don,pluvieux
2023-04-21 09:51:32,Hôpital Général Douala,A+,40,9,15,46,4.4,15,94.4,normale,Contrôle bactériologique négatif,4,9,4,False,False,normal,ensoleillé
2023-04-21 14:02:22,Hôpital de District Bonassama,A+,36,11,19,44,3.6,15,100.0,normale,Contrôle bactériologique négatif,4,14,4,False,False,normal,pluvieux
2023-04-21 17:51:02,Hôpital Laquintinie,A+,56,8,23,71,3.8,7,96.8,normale,"Excellent état, conservation parfaite",4,17,4,False,False,normal,ensoleillé
2023-04-21 23:00:41,Hôpital Général Douala,A+,32,8,14,38,4.3,6,97.3,normale,Attention: proche expiration,4,23,4,False,False,normal,nuageux
2023-04-22 01:32:43,Clinique des Spécialités,A+,21,6,19,34,4.7,16,100.0,normale,Urgent: vérifier température stockage,5,1,4,True,False,normal,ensoleillé
2023-04-22 02:20:09,Hôpital Général Douala,A+,9,3,28,34,3.5,51,100.0,normale,Hémoglobine dans les normes,5,2,4,True,False,normal,nuageux
2023-04-22 04:25:05,Hôpital Militaire,A+,18,2,0,16,4.1,47,89.1,faible,Urgent: vérifier température stockage,5,4,4,True,False,normal,ensoleillé
2023-04-22 08:02:55,Hôpital Général Douala,A+,26,4,0,22,3.4,2,83.0,normale,Hémoglobine dans les normes,5,8,4,True,False,normal,pluvieux
2023-04-22 13:50:05,Clinique des Spécialités,A+,23,4,0,19,4.0,49,100.0,faible,Attention: proche expiration,5,13,4,True,False,épidémie,nuageux
2023-04-22 21:08:53,Centre Médical d'Excellence,A+,33,4,12,41,3.3,1,59.4,attention,"Bon état général, légère variation température",5,21,4,True,False,normal,nuageux
2023-04-23 00:18:06,Hôpital Militaire,A+,19,3,0,16,3.3,14,93.1,faible,Parfait pour transfusion immédiate,6,0,4,True,False,épidémie,nuageux
2023-04-23 03:11:42,Hôpital Laquintinie,A+,19,3,15,31,3.7,27,96.7,normale,"Bon état général, légère variation température",6,3,4,True,False,normal,nuageux
2023-04-23 05:46:23,Hôpital Laquintinie,A+,23,3,0,20,3.6,7,100.0,normale,Parfait pour transfusion immédiate,6,5,4,True,False,normal,ensoleillé
2023-04-23 11:44:11,Hôpital Laquintinie,A+,33,1,0,32,3.9,11,100.0,normale,"Bon état général, légère variation température",6,11,4,True,False,normal,nuageux
2023-04-23 12:52:52,Hôpital Militaire,A+,35,1,0,34,3.8,7,99.4,normale,Hémoglobine dans les normes,6,12,4,True,False,normal,orageux
2023-04-23 13:39:44,Hôpital Laquintinie,A+,40,5,0,35,4.1,12,100.0,normale,Urgent: vérifier température stockage,6,13,4,True,False,normal,nuageux
2023-04-23 14:59:57,Clinique des Spécialités,A+,47,4,0,43,3.7,23,96.8,normale,"État satisfaisant, contrôle qualité OK",6,14,4,True,False,normal,orageux
2023-04-23 18:25:21,Hôpital Laquintinie,A+,65,6,0,59,4.2,3,84.8,normale,Parfait pour transfusion immédiate,6,18,4,True,False,normal,pluvieux
2023-04-23 22:55:22,Clinique des Spécialités,A+,37,9,0,28,3.7,1,56.9,attention,Contrôle bactériologique négatif,6,22,4,True,False,normal,nuageux
2023-04-24 04:08:51,Clinique des Spécialités,A+,24,2,0,22,5.3,3,91.5,normale,Contrôle bactériologique négatif,0,4,4,False,False,normal,ensoleillé
2023-04-24 09:26:18,Hôpital Militaire,A+,31,7,18,42,3.7,5,95.1,normale,"État satisfaisant, contrôle qualité OK",0,9,4,False,False,normal,pluvieux
2023-04-24 10:56:53,Hôpital de District Bonassama,A+,58,7,18,69,4.2,21,99.4,normale,Attention: proche expiration,0,10,4,False,False,normal,pluvieux
2023-04-24 11:00:47,Hôpital de District Bonassama,A+,62,10,0,52,3.9,18,95.5,normale,Contrôle bactériologique négatif,0,11,4,False,False,normal,nuageux
2023-04-24 17:27:20,Hôpital Militaire,A+,22,10,0,12,5.2,28,100.0,faible,Contrôle bactériologique négatif,0,17,4,False,False,normal,nuageux
2023-04-24 20:24:07,Clinique des Spécialités,A+,61,11,0,50,4.9,11,100.0,normale,"État satisfaisant, contrôle qualité OK",0,20,4,False,False,normal,nuageux
2023-04-24 20:45:13,Hôpital de District Bonassama,A+,61,10,0,51,3.9,2,83.2,normale,"Excellent état, conservation parfaite",0,20,4,False,False,normal,orageux
2023-04-25 02:20:45,Clinique des Spécialités,A+,22,12,0,10,4.5,4,86.7,faible,"Excellent état, conservation parfaite",1,2,4,False,False,normal,pluvieux
2023-04-25 12:28:28,Hôpital Général Douala,A+,43,3,13,53,4.1,11,97.7,normale,"État satisfaisant, contrôle qualité OK",1,12,4,False,False,normal,ensoleillé
2023-04-25 21:17:00,Hôpital Général Douala,A+,63,9,25,79,3.9,5,97.3,normale,Urgent: vérifier température stockage,1,21,4,False,False,normal,pluvieux
2023-04-25 23:41:54,Hôpital Militaire,A+,20,7,16,29,4.8,5,96.3,normale,Contrôle bactériologique négatif,1,23,4,False,False,normal,pluvieux
2023-04-26 00:56:29,Hôpital de District Bonassama,A+,38,9,0,29,3.2,10,95.8,normale,Contrôle bactériologique négatif,2,0,4,False,False,normal,ensoleillé
2023-04-26 02:15:34,Hôpital Général Douala,A+,34,10,0,24,3.5,27,100.0,normale,"État satisfaisant, contrôle qualité OK",2,2,4,False,False,normal,pluvieux
2023-04-26 04:48:38,Hôpital Général Douala,A+,23,14,0,9,4.2,16,94.5,critique,URGENT: Stock critique - Contrôle bactériologique négatif,2,4,4,False,False,normal,ensoleillé
2023-04-26 08:09:13,Centre Médical d'Excellence,A+,58,6,20,72,3.7,3,87.2,normale,Attention: proche expiration,2,8,4,False,False,normal,ensoleillé
2023-04-26 11:28:55,Clinique des Spécialités,A+,68,9,0,59,3.9,3,91.4,normale,Contrôle bactériologique négatif,2,11,4,False,False,normal,pluvieux
2023-04-26 12:22:33,Hôpital Militaire,A+,42,6,0,36,3.7,43,100.0,normale,Attention: proche expiration,2,12,4,False,False,normal,pluvieux
2023-04-26 22:17:14,Hôpital Général Douala,A+,37,11,26,52,4.4,4,98.2,normale,Attention: proche expiration,2,22,4,False,False,normal,pluvieux
2023-04-26 23:51:29,Clinique des Spécialités,A+,20,1,0,19,3.1,36,99.0,faible,Parfait pour transfusion immédiate,2,23,4,False,False,normal,pluvieux
2023-04-27 02:38:20,Hôpital de District Bonassama,A+,16,11,30,35,4.9,37,91.0,normale,Urgent: vérifier température stockage,3,2,4,False,False,normal,pluvieux
2023-04-27 04:36:40,Hôpital Laquintinie,A+,40,7,0,33,3.8,21,100.0,normale,Contrôle bactériologique négatif,3,4,4,False,False,normal,nuageux
2023-04-27 08:14:18,Centre Médical d'Excellence,A+,53,9,22,66,3.9,20,100.0,normale,"Bon état général, légère variation température",3,8,4,False,False,normal,ensoleillé
2023-04-27 09:07:33,Hôpital Général Douala,A+,60,7,0,53,4.5,7,96.7,normale,"Excellent état, conservation parfaite",3,9,4,False,False,normal,orageux
2023-04-27 09:16:34,Hôpital de District Bonassama,A+,47,5,0,42,4.1,10,96.7,normale,Hémoglobine dans les normes,3,9,4,False,False,normal,ensoleillé
2023-04-28 00:06:30,Hôpital Militaire,A+,24,12,22,34,4.6,1,62.3,attention,Urgent: vérifier température stockage,4,0,4,False,False,normal,ensoleillé
2023-04-28 01:50:31,Clinique des Spécialités,A+,22,6,0,16,3.6,17,100.0,faible,Hémoglobine dans les normes,4,1,4,False,False,campagne_don,nuageux
2023-04-28 05:56:45,Hôpital Militaire,A+,18,10,17,25,4.4,39,100.0,normale,"État satisfaisant, contrôle qualité OK",4,5,4,False,False,normal,ensoleillé
2023-04-28 10:44:02,Clinique des Spécialités,A+,36,5,0,31,3.8,6,100.0,normale,Hémoglobine dans les normes,4,10,4,False,False,normal,ensoleillé
2023-04-28 11:14:51,Centre Médical d'Excellence,A+,50,9,21,62,4.1,2,84.8,normale,Parfait pour transfusion immédiate,4,11,4,False,False,normal,orageux
2023-04-29 16:58:18,Hôpital Général Douala,A+,33,4,13,42,4.6,17,100.0,normale,Parfait pour transfusion immédiate,5,16,4,True,False,normal,orageux
2023-04-29 20:32:08,Centre Médical d'Excellence,A+,42,4,26,64,3.8,11,95.2,normale,Contrôle bactériologique négatif,5,20,4,True,False,normal,ensoleillé
2023-04-30 00:57:26,Hôpital Général Douala,A+,15,8,20,27,4.2,57,100.0,normale,Hémoglobine dans les normes,6,0,4,True,False,normal,pluvieux
2023-04-30 02:06:46,Hôpital de District Bonassama,A+,16,9,0,7,3.8,5,100.0,critique,"URGENT: Stock critique - État satisfaisant, contrôle qualité OK",6,2,4,True,False,normal,orageux
2023-04-30 02:11:37,Hôpital Laquintinie,A+,19,6,12,25,3.5,27,100.0,normale,"État satisfaisant, contrôle qualité OK",6,2,4,True,False,normal,ensoleillé
2023-04-30 15:39:10,Centre Médical d'Excellence,A+,31,7,0,24,3.0,18,94.0,normale,"Bon état général, légère variation température",6,15,4,True,False,normal,nuageux
2023-04-30 19:19:37,Clinique des Spécialités,A+,33,4,0,29,4.2,1,61.1,attention,"État satisfaisant, contrôle qualité OK",6,19,4,True,False,normal,pluvieux
2023-05-01 11:15:40,Hôpital Militaire,A+,50,9,20,61,3.9,2,86.6,normale,Contrôle bactériologique négatif,0,11,5,False,False,normal,nuageux
2023-05-01 11:55:32,Hôpital Général Douala,A+,36,4,31,63,4.8,4,82.8,normale,"Excellent état, conservation parfaite",0,11,5,False,False,normal,orageux
2023-05-01 16:51:57,Clinique des Spécialités,A+,42,5,0,37,4.5,23,92.8,normale,"État satisfaisant, contrôle qualité OK",0,16,5,False,False,normal,nuageux
2023-05-01 16:54:13,Centre Médical d'Excellence,A+,48,7,17,58,3.9,29,92.5,normale,"Bon état général, légère variation température",0,16,5,False,False,normal,ensoleillé
2023-05-01 17:40:46,Clinique des Spécialités,A+,49,11,0,38,4.5,5,100.0,normale,Attention: proche expiration,0,17,5,False,False,normal,nuageux
2023-05-01 20:37:25,Hôpital Laquintinie,A+,48,7,22,63,3.3,37,100.0,normale,"Excellent état, conservation parfaite",0,20,5,False,False,normal,pluvieux
2023-05-02 08:49:56,Centre Médical d'Excellence,A+,55,10,0,45,3.7,17,100.0,normale,"Excellent état, conservation parfaite",1,8,5,False,False,normal,ensoleillé
2023-05-02 15:00:31,Clinique des Spécialités,A+,59,7,0,52,4.5,2,76.7,normale,"État satisfaisant, contrôle qualité OK",1,15,5,False,False,normal,nuageux
2023-05-02 17:01:21,Centre Médical d'Excellence,A+,52,6,0,46,3.5,1,52.6,attention,"État satisfaisant, contrôle qualité OK",1,17,5,False,False,normal,ensoleillé
2023-05-02 19:26:15,Hôpital de District Bonassama,A+,65,4,28,89,3.9,14,100.0,normale,Parfait pour transfusion immédiate,1,19,5,False,False,normal,nuageux
2023-05-02 19:37:29,Hôpital Général Douala,A+,45,6,0,39,4.4,15,100.0,normale,"Excellent état, conservation parfaite",1,19,5,False,False,normal,pluvieux
2023-05-03 03:11:04,Hôpital Général Douala,A+,14,6,0,8,4.8,32,97.2,critique,"URGENT: Stock critique - État satisfaisant, contrôle qualité OK",2,3,5,False,False,normal,orageux
2023-05-03 03:41:59,Hôpital Militaire,A+,22,8,0,14,4.2,1,59.3,faible,"État satisfaisant, contrôle qualité OK",2,3,5,False,False,normal,orageux
2023-05-03 03:51:52,Hôpital Militaire,A+,14,9,10,15,5.0,18,100.0,faible,"État satisfaisant, contrôle qualité OK",2,3,5,False,False,normal,ensoleillé
2023-05-03 04:10:47,Hôpital Laquintinie,A+,43,7,0,36,4.1,18,92.5,normale,"Excellent état, conservation parfaite",2,4,5,False,False,normal,ensoleillé
2023-05-03 10:03:35,Centre Médical d'Excellence,A+,74,14,0,60,3.5,39,98.8,normale,"Bon état général, légère variation température",2,10,5,False,False,normal,pluvieux
2023-05-03 18:41:41,Clinique des Spécialités,A+,43,5,0,38,4.1,9,100.0,normale,"État satisfaisant, contrôle qualité OK",2,18,5,False,False,normal,ensoleillé
2023-05-04 01:41:05,Hôpital Militaire,A+,32,6,0,26,3.9,4,92.4,normale,Hémoglobine dans les normes,3,1,5,False,False,normal,pluvieux
2023-05-04 21:43:06,Clinique des Spécialités,A+,20,7,0,13,4.1,1,63.1,faible,"Bon état général, légère variation température",3,21,5,False,False,normal,pluvieux
2023-05-04 22:11:02,Hôpital Général Douala,A+,51,5,0,46,3.8,8,100.0,normale,Hémoglobine dans les normes,3,22,5,False,False,normal,nuageux
2023-05-04 23:00:01,Centre Médical d'Excellence,A+,25,6,0,19,3.2,26,100.0,faible,Attention: proche expiration,3,23,5,False,False,normal,nuageux
2023-05-05 19:33:14,Hôpital Laquintinie,A+,77,8,0,69,4.4,4,87.7,normale,Contrôle bactériologique négatif,4,19,5,False,False,normal,pluvieux
2023-05-05 20:24:27,Hôpital Laquintinie,A+,34,11,0,23,2.8,1,58.0,attention,Attention: proche expiration,4,20,5,False,False,accident_route,ensoleillé
2023-05-05 21:07:51,Hôpital Général Douala,A+,70,7,0,63,4.0,7,100.0,normale,Hémoglobine dans les normes,4,21,5,False,False,normal,pluvieux
2023-05-06 03:18:12,Hôpital Militaire,A+,19,6,0,13,3.4,16,99.8,faible,Hémoglobine dans les normes,5,3,5,True,False,normal,ensoleillé
2023-05-06 03:34:42,Centre Médical d'Excellence,A+,11,5,0,6,5.0,9,100.0,critique,"URGENT: Stock critique - État satisfaisant, contrôle qualité OK",5,3,5,True,False,normal,pluvieux
2023-05-06 04:36:42,Clinique des Spécialités,A+,17,5,26,38,4.9,7,97.7,normale,Parfait pour transfusion immédiate,5,4,5,True,False,normal,nuageux
2023-05-06 07:47:21,Hôpital Laquintinie,A+,26,1,21,46,3.4,1,56.0,attention,Hémoglobine dans les normes,5,7,5,True,False,normal,nuageux
2023-05-06 09:52:18,Hôpital Militaire,A+,15,3,0,12,4.9,15,96.8,faible,Parfait pour transfusion immédiate,5,9,5,True,False,normal,nuageux
2023-05-06 18:40:46,Clinique des Spécialités,A+,41,2,0,39,4.2,43,95.4,normale,"Excellent état, conservation parfaite",5,18,5,True,False,normal,ensoleillé
2023-05-07 00:56:35,Clinique des Spécialités,A+,22,5,0,17,4.7,3,84.7,faible,Urgent: vérifier température stockage,6,0,5,True,False,normal,pluvieux
2023-05-07 00:57:42,Hôpital de District Bonassama,A+,18,5,0,13,3.9,4,84.6,faible,Urgent: vérifier température stockage,6,0,5,True,False,normal,pluvieux
2023-05-07 11:41:58,Hôpital de District Bonassama,A+,41,6,0,35,4.3,11,100.0,normale,Urgent: vérifier température stockage,6,11,5,True,False,normal,pluvieux
2023-05-07 14:16:41,Hôpital Laquintinie,A+,42,7,0,35,3.6,37,100.0,normale,Attention: proche expiration,6,14,5,True,False,normal,ensoleillé
2023-05-07 17:24:19,Clinique des Spécialités,A+,15,7,0,8,4.9,35,100.0,critique,URGENT: Stock critique - Contrôle bactériologique négatif,6,17,5,True,False,normal,ensoleillé
2023-05-07 22:14:22,Clinique des Spécialités,A+,23,6,0,17,4.9,8,96.9,faible,Urgent: vérifier température stockage,6,22,5,True,False,normal,nuageux
2023-05-08 01:03:49,Clinique des Spécialités,A+,38,6,0,32,4.6,1,59.4,attention,Attention: proche expiration,0,1,5,False,False,normal,ensoleillé
2023-05-08 02:32:40,Hôpital Général Douala,A+,5,10,0,0,4.2,17,96.3,critique,"URGENT: Stock critique - Bon état général, légère variation température",0,2,5,False,False,normal,pluvieux
2023-05-08 04:18:01,Clinique des Spécialités,A+,35,9,18,44,4.3,4,83.3,normale,Attention: proche expiration,0,4,5,False,False,normal,ensoleillé
2023-05-08 05:54:56,Clinique des Spécialités,A+,33,4,0,29,4.3,1,62.1,attention,"État satisfaisant, contrôle qualité OK",0,5,5,False,False,normal,ensoleillé
2023-05-08 08:30:43,Hôpital de District Bonassama,A+,57,3,9,63,3.9,13,100.0,normale,Attention: proche expiration,0,8,5,False,False,normal,pluvieux
2023-05-08 08:46:08,Clinique des Spécialités,A+,81,15,0,66,3.0,8,100.0,normale,Parfait pour transfusion immédiate,0,8,5,False,False,campagne_don,ensoleillé
2023-05-08 09:15:53,Hôpital Laquintinie,A+,35,9,0,26,2.7,9,94.0,normale,Parfait pour transfusion immédiate,0,9,5,False,False,normal,pluvieux
2023-05-08 15:03:08,Hôpital Laquintinie,A+,64,4,22,82,4.4,29,98.2,normale,Attention: proche expiration,0,15,5,False,False,accident_route,pluvieux
2023-05-09 04:51:11,Hôpital Général Douala,A+,25,5,0,20,4.0,12,100.0,normale,Parfait pour transfusion immédiate,1,4,5,False,False,normal,ensoleillé
2023-05-09 10:49:08,Hôpital Général Douala,A+,48,10,0,38,3.1,49,100.0,normale,"État satisfaisant, contrôle qualité OK",1,10,5,False,False,normal,ensoleillé
2023-05-09 17:45:44,Hôpital Général Douala,A+,66,11,0,55,3.1,25,90.2,normale,Attention: proche expiration,1,17,5,False,False,normal,orageux
2023-05-09 18:01:00,Hôpital Militaire,A+,44,7,0,37,3.3,4,82.0,normale,"État satisfaisant, contrôle qualité OK",1,18,5,False,False,normal,nuageux
2023-05-09 21:07:27,Clinique des Spécialités,A+,38,4,0,34,2.8,1,67.1,attention,"Excellent état, conservation parfaite",1,21,5,False,False,normal,nuageux
2023-05-10 02:22:30,Hôpital Laquintinie,A+,19,7,0,12,4.3,11,90.6,faible,Attention: proche expiration,2,2,5,False,False,normal,pluvieux
2023-05-10 03:22:51,Hôpital Militaire,A+,24,6,0,18,3.3,3,82.0,faible,"Excellent état, conservation parfaite",2,3,5,False,False,normal,ensoleillé
2023-05-10 10:21:14,Clinique des Spécialités,A+,46,7,0,39,3.9,4,79.1,normale,Parfait pour transfusion immédiate,2,10,5,False,False,normal,nuageux
2023-05-10 13:50:40,Hôpital de District Bonassama,A+,51,8,0,43,4.5,1,56.4,attention,Parfait pour transfusion immédiate,2,13,5,False,False,normal,ensoleillé
2023-05-10 16:32:26,Clinique des Spécialités,A+,49,3,28,74,4.9,2,86.2,normale,Hémoglobine dans les normes,2,16,5,False,False,normal,pluvieux
2023-05-10 20:39:14,Clinique des Spécialités,A+,55,10,0,45,4.5,5,89.4,normale,Urgent: vérifier température stockage,2,20,5,False,False,normal,orageux
2023-05-11 03:55:38,Centre Médical d'Excellence,A+,14,12,0,2,4.0,2,88.7,critique,"URGENT: Stock critique - Excellent état, conservation parfaite",3,3,5,False,False,normal,ensoleillé
2023-05-11 04:34:19,Hôpital Général Douala,A+,31,7,17,41,4.4,8,100.0,normale,"État satisfaisant, contrôle qualité OK",3,4,5,False,False,normal,ensoleillé
2023-05-11 06:08:55,Clinique des Spécialités,A+,42,13,0,29,3.7,41,90.8,normale,"État satisfaisant, contrôle qualité OK",3,6,5,False,False,normal,ensoleillé
2023-05-11 14:43:00,Hôpital de District Bonassama,A+,46,16,0,30,3.8,9,100.0,normale,"Excellent état, conservation parfaite",3,14,5,False,False,normal,pluvieux
2023-05-11 16:44:10,Hôpital Laquintinie,A+,52,5,0,47,2.9,36,100.0,normale,Attention: proche expiration,3,16,5,False,False,normal,pluvieux
2023-05-12 03:43:54,Hôpital Laquintinie,A+,10,6,0,4,3.7,2,89.7,critique,"URGENT: Stock critique - Excellent état, conservation parfaite",4,3,5,False,False,normal,ensoleillé
2023-05-12 05:02:34,Hôpital Laquintinie,A+,33,5,0,28,5.0,1,60.6,attention,Hémoglobine dans les normes,4,5,5,False,False,normal,pluvieux
2023-05-12 09:50:51,Hôpital Général Douala,A+,78,5,0,73,3.8,3,81.2,normale,"État satisfaisant, contrôle qualité OK",4,9,5,False,False,normal,nuageux
2023-05-12 17:40:14,Clinique des Spécialités,A+,33,8,0,25,3.5,2,87.9,normale,Contrôle bactériologique négatif,4,17,5,False,False,normal,ensoleillé
2023-05-12 19:52:48,Hôpital Militaire,A+,45,6,0,39,3.7,1,54.5,attention,Contrôle bactériologique négatif,4,19,5,False,False,normal,ensoleillé
2023-05-12 22:37:23,Hôpital de District Bonassama,A+,47,12,19,54,4.7,20,98.6,normale,Hémoglobine dans les normes,4,22,5,False,False,normal,nuageux
2023-05-12 23:12:56,Hôpital Laquintinie,A+,25,12,0,13,4.5,9,100.0,faible,Hémoglobine dans les normes,4,23,5,False,False,normal,ensoleillé
2023-05-13 08:27:00,Clinique des Spécialités,A+,28,4,0,24,4.2,32,100.0,normale,Hémoglobine dans les normes,5,8,5,True,False,normal,ensoleillé
2023-05-13 11:23:29,Clinique des Spécialités,A+,47,3,14,58,4.2,9,89.2,normale,Hémoglobine dans les normes,5,11,5,True,False,normal,nuageux
2023-05-13 19:18:54,Hôpital Général Douala,A+,33,3,0,30,4.8,2,80.3,normale,Hémoglobine dans les normes,5,19,5,True,False,normal,nuageux
2023-05-13 20:52:18,Hôpital Général Douala,A+,27,4,0,23,4.3,33,100.0,normale,Contrôle bactériologique négatif,5,20,5,True,False,normal,pluvieux
2023-05-14 00:26:36,Centre Médical d'Excellence,A+,20,5,0,15,4.8,6,92.3,faible,Attention: proche expiration,6,0,5,True,False,normal,ensoleillé
2023-05-14 04:38:44,Hôpital Laquintinie,A+,14,3,0,11,4.0,2,81.9,faible,Attention: proche expiration,6,4,5,True,False,normal,ensoleillé
2023-05-14 04:59:11,Hôpital Général Douala,A+,19,2,0,17,4.3,2,87.5,faible,Urgent: vérifier température stockage,6,4,5,True,False,accident_route,pluvieux
2023-05-14 06:05:10,Hôpital Laquintinie,A+,34,4,0,30,3.6,16,100.0,normale,Urgent: vérifier température stockage,6,6,5,True,False,normal,pluvieux
2023-05-14 06:53:33,Hôpital Général Douala,A+,53,2,0,51,3.3,27,92.4,normale,"Excellent état, conservation parfaite",6,6,5,True,False,normal,ensoleillé
2023-05-14 07:50:46,Hôpital Général Douala,A+,44,6,0,38,4.1,26,100.0,normale,"Bon état général, légère variation température",6,7,5,True,False,normal,ensoleillé
2023-05-14 10:03:05,Centre Médical d'Excellence,A+,55,8,0,47,3.4,9,97.1,normale,Urgent: vérifier température stockage,6,10,5,True,False,normal,pluvieux
2023-05-14 20:36:52,Hôpital de District Bonassama,A+,41,8,22,55,3.5,4,78.7,normale,Contrôle bactériologique négatif,6,20,5,True,False,campagne_don,pluvieux
2023-05-14 20:40:31,Centre Médical d'Excellence,A+,42,4,0,38,4.4,34,100.0,normale,Hémoglobine dans les normes,6,20,5,True,False,normal,pluvieux
2023-05-14 22:03:33,Centre Médical d'Excellence,A+,30,5,0,25,3.9,2,89.8,normale,"État satisfaisant, contrôle qualité OK",6,22,5,True,False,normal,orageux
2023-05-15 03:54:40,Hôpital Militaire,A+,23,9,0,14,3.6,7,94.1,faible,Contrôle bactériologique négatif,0,3,5,False,False,normal,ensoleillé
2023-05-15 05:43:18,Hôpital Général Douala,A+,25,12,0,13,4.8,9,100.0,faible,"Excellent état, conservation parfaite",0,5,5,False,False,normal,orageux
2023-05-15 06:34:43,Hôpital Général Douala,A+,53,9,0,44,3.1,10,100.0,normale,Parfait pour transfusion immédiate,0,6,5,False,False,normal,ensoleillé
2023-05-15 16:09:02,Hôpital Laquintinie,A+,62,13,0,49,4.2,46,93.1,normale,Attention: proche expiration,0,16,5,False,False,normal,ensoleillé
2023-05-15 16:41:33,Centre Médical d'Excellence,A+,19,8,0,11,3.4,10,99.7,faible,Hémoglobine dans les normes,0,16,5,False,False,normal,pluvieux
2023-05-15 16:44:22,Hôpital de District Bonassama,A+,55,11,0,44,4.1,3,88.1,normale,Hémoglobine dans les normes,0,16,5,False,False,normal,pluvieux
2023-05-16 12:50:00,Hôpital Général Douala,A+,62,7,0,55,4.4,41,97.5,normale,Attention: proche expiration,1,12,5,False,False,normal,ensoleillé
2023-05-16 17:02:26,Hôpital Laquintinie,A+,71,10,0,61,4.2,14,100.0,normale,Attention: proche expiration,1,17,5,False,False,normal,pluvieux
2023-05-16 17:04:19,Clinique des Spécialités,A+,68,9,0,59,3.4,1,58.1,attention,Contrôle bactériologique négatif,1,17,5,False,False,normal,pluvieux
2023-05-16 17:33:27,Clinique des Spécialités,A+,72,10,0,62,4.7,13,100.0,normale,Contrôle bactériologique négatif,1,17,5,False,False,normal,nuageux
2023-05-16 17:47:20,Hôpital de District Bonassama,A+,57,9,0,48,4.1,8,100.0,normale,"Bon état général, légère variation température",1,17,5,False,False,normal,ensoleillé
2023-05-16 19:40:45,Hôpital de District Bonassama,A+,56,7,0,49,4.6,51,99.0,normale,Contrôle bactériologique négatif,1,19,5,False,False,normal,orageux
2023-05-16 20:26:34,Centre Médical d'Excellence,A+,45,5,0,40,3.4,24,97.4,normale,Urgent: vérifier température stockage,1,20,5,False,False,normal,nuageux
2023-05-16 21:56:32,Centre Médical d'Excellence,A+,67,11,13,69,3.0,11,100.0,normale,Parfait pour transfusion immédiate,1,21,5,False,False,normal,pluvieux
2023-05-16 23:28:06,Centre Médical d'Excellence,A+,9,11,0,0,3.8,30,100.0,critique,URGENT: Stock critique - Urgent: vérifier température stockage,1,23,5,False,False,normal,pluvieux
2023-05-17 07:55:44,Hôpital Laquintinie,A+,56,13,17,60,4.0,8,96.1,normale,Parfait pour transfusion immédiate,2,7,5,False,False,normal,ensoleillé
2023-05-17 08:40:42,Hôpital Laquintinie,A+,82,15,0,67,4.3,46,94.4,normale,Hémoglobine dans les normes,2,8,5,False,False,normal,ensoleillé
2023-05-17 20:12:18,Hôpital Laquintinie,A+,25,11,0,14,3.6,4,90.6,faible,Hémoglobine dans les normes,2,20,5,False,False,normal,orageux
2023-05-18 14:20:28,Hôpital Militaire,A+,54,8,0,46,4.2,12,100.0,normale,Urgent: vérifier température stockage,3,14,5,False,False,normal,ensoleillé
2023-05-18 18:08:38,Hôpital de District Bonassama,A+,50,3,0,47,4.2,4,83.4,normale,"État satisfaisant, contrôle qualité OK",3,18,5,False,False,normal,pluvieux
2023-05-18 18:38:47,Clinique des Spécialités,A+,47,8,0,39,3.9,36,100.0,normale,Contrôle bactériologique négatif,3,18,5,False,False,normal,ensoleillé
2023-05-18 19:19:54,Centre Médical d'Excellence,A+,47,3,0,44,3.4,6,97.4,normale,Hémoglobine dans les normes,3,19,5,False,False,normal,pluvieux
2023-05-19 00:44:33,Hôpital de District Bonassama,A+,28,3,0,25,3.3,25,95.0,normale,Attention: proche expiration,4,0,5,False,False,normal,ensoleillé
2023-05-19 01:06:55,Clinique des Spécialités,A+,24,4,0,20,4.2,1,59.8,attention,"Excellent état, conservation parfaite",4,1,5,False,False,normal,ensoleillé
2023-05-19 02:11:01,Hôpital Militaire,A+,28,11,0,17,4.8,1,62.1,faible,Contrôle bactériologique négatif,4,2,5,False,False,normal,ensoleillé
2023-05-19 16:06:55,Hôpital Laquintinie,A+,72,13,0,59,4.8,1,56.2,attention,Attention: proche expiration,4,16,5,False,False,normal,ensoleillé
2023-05-19 21:02:32,Centre Médical d'Excellence,A+,46,6,13,53,4.0,9,100.0,normale,"Excellent état, conservation parfaite",4,21,5,False,False,normal,pluvieux
2023-05-19 22:15:19,Hôpital de District Bonassama,A+,42,6,0,36,5.0,3,92.2,normale,"Bon état général, légère variation température",4,22,5,False,False,normal,nuageux
2023-05-20 00:34:54,Clinique des Spécialités,A+,14,6,0,8,3.2,1,63.2,critique,URGENT: Stock critique - Urgent: vérifier température stockage,5,0,5,True,False,normal,pluvieux
2023-05-20 06:33:24,Hôpital Général Douala,A+,34,5,0,29,4.1,8,100.0,normale,"État satisfaisant, contrôle qualité OK",5,6,5,True,False,épidémie,nuageux
2023-05-20 18:43:26,Hôpital de District Bonassama,A+,40,8,0,32,5.0,12,99.0,normale,Urgent: vérifier température stockage,5,18,5,True,False,normal,nuageux
2023-05-21 05:24:18,Hôpital Laquintinie,A+,22,7,0,15,3.7,70,100.0,faible,"État satisfaisant, contrôle qualité OK",6,5,5,True,False,normal,orageux
2023-05-21 06:55:12,Hôpital Militaire,A+,35,6,0,29,3.7,11,96.3,normale,Urgent: vérifier température stockage,6,6,5,True,False,normal,nuageux
2023-05-21 14:57:07,Hôpital Militaire,A+,46,3,20,63,3.8,6,95.1,normale,"État satisfaisant, contrôle qualité OK",6,14,5,True,False,normal,pluvieux
2023-05-22 01:31:35,Hôpital Laquintinie,A+,31,13,0,18,3.5,10,100.0,faible,Hémoglobine dans les normes,0,1,5,False,False,normal,nuageux
2023-05-22 02:28:05,Centre Médical d'Excellence,A+,19,2,0,17,4.7,4,87.9,faible,Parfait pour transfusion immédiate,0,2,5,False,False,normal,nuageux
2023-05-22 05:35:14,Hôpital Laquintinie,A+,21,5,0,16,5.4,29,96.4,faible,Hémoglobine dans les normes,0,5,5,False,False,urgence_médicale,nuageux
2023-05-22 05:36:30,Hôpital Militaire,A+,22,5,0,17,3.1,7,93.8,faible,"Excellent état, conservation parfaite",0,5,5,False,False,normal,ensoleillé
2023-05-22 18:58:18,Hôpital Militaire,A+,47,12,0,35,4.3,3,89.3,normale,Hémoglobine dans les normes,0,18,5,False,False,normal,pluvieux
2023-05-23 00:41:09,Hôpital Laquintinie,A+,32,6,0,26,4.1,1,63.4,attention,Contrôle bactériologique négatif,1,0,5,False,False,normal,nuageux
2023-05-23 06:06:09,Hôpital de District Bonassama,A+,55,7,0,48,3.1,21,100.0,normale,Hémoglobine dans les normes,1,6,5,False,False,normal,ensoleillé
2023-05-23 09:57:49,Hôpital Laquintinie,A+,37,4,21,54,4.1,54,99.7,normale,"État satisfaisant, contrôle qualité OK",1,9,5,False,False,normal,ensoleillé
2023-05-23 13:17:35,Hôpital Général Douala,A+,24,10,0,14,3.3,14,98.0,faible,"État satisfaisant, contrôle qualité OK",1,13,5,False,False,normal,ensoleillé
2023-05-23 16:38:34,Clinique des Spécialités,A+,43,7,0,36,3.4,12,100.0,normale,Attention: proche expiration,1,16,5,False,False,normal,nuageux
2023-05-23 21:43:52,Clinique des Spécialités,A+,32,9,0,23,3.9,17,98.5,normale,Urgent: vérifier température stockage,1,21,5,False,False,normal,orageux
2023-05-23 23:00:07,Hôpital de District Bonassama,A+,36,2,0,34,3.8,21,99.2,normale,Urgent: vérifier température stockage,1,23,5,False,False,normal,orageux
2023-05-24 04:17:27,Hôpital Militaire,A+,33,8,0,25,3.7,30,100.0,normale,Hémoglobine dans les normes,2,4,5,False,False,normal,nuageux
2023-05-24 07:32:45,Hôpital Militaire,A+,79,7,21,93,3.7,20,99.1,normale,"Bon état général, légère variation température",2,7,5,False,False,normal,pluvieux
2023-05-24 10:46:36,Hôpital Laquintinie,A+,54,8,21,67,3.8,7,100.0,normale,Urgent: vérifier température stockage,2,10,5,False,False,normal,ensoleillé
2023-05-24 18:26:29,Hôpital Laquintinie,A+,47,5,0,42,5.1,23,100.0,normale,Attention: proche expiration,2,18,5,False,False,normal,ensoleillé
2023-05-25 01:33:07,Hôpital de District Bonassama,A+,22,5,0,17,3.1,10,100.0,faible,"Excellent état, conservation parfaite",3,1,5,False,False,normal,pluvieux
2023-05-25 01:43:31,Hôpital de District Bonassama,A+,18,12,0,6,4.9,52,91.5,critique,"URGENT: Stock critique - Bon état général, légère variation température",3,1,5,False,False,normal,ensoleillé
2023-05-25 03:07:49,Hôpital Laquintinie,A+,31,6,0,25,4.7,17,100.0,normale,Attention: proche expiration,3,3,5,False,False,normal,pluvieux
2023-05-25 03:34:25,Hôpital de District Bonassama,A+,15,7,0,8,4.1,25,98.1,critique,"URGENT: Stock critique - Excellent état, conservation parfaite",3,3,5,False,False,normal,ensoleillé
2023-05-25 05:06:05,Hôpital Laquintinie,A+,17,9,0,8,4.6,11,100.0,critique,URGENT: Stock critique - Hémoglobine dans les normes,3,5,5,False,False,normal,pluvieux
2023-05-25 07:11:43,Clinique des Spécialités,A+,63,7,16,72,4.2,6,98.3,normale,Hémoglobine dans les normes,3,7,5,False,False,normal,pluvieux
2023-05-25 08:03:14,Hôpital de District Bonassama,A+,101,10,0,91,4.2,9,92.3,normale,Parfait pour transfusion immédiate,3,8,5,False,False,normal,ensoleillé
2023-05-25 15:59:34,Centre Médical d'Excellence,A+,74,7,0,67,4.5,9,98.7,normale,"Bon état général, légère variation température",3,15,5,False,False,normal,pluvieux
2023-05-25 18:41:21,Hôpital de District Bonassama,A+,36,13,0,23,4.9,9,95.4,normale,Attention: proche expiration,3,18,5,False,False,normal,pluvieux
2023-05-25 20:04:57,Centre Médical d'Excellence,A+,68,9,0,59,3.8,11,93.7,normale,"État satisfaisant, contrôle qualité OK",3,20,5,False,False,normal,orageux
2023-05-25 23:14:29,Hôpital Militaire,A+,38,8,0,30,4.2,29,100.0,normale,Parfait pour transfusion immédiate,3,23,5,False,False,normal,pluvieux
2023-05-26 04:50:25,Hôpital Général Douala,A+,22,6,0,16,4.1,3,86.8,faible,Parfait pour transfusion immédiate,4,4,5,False,False,normal,nuageux
2023-05-26 05:03:56,Hôpital Général Douala,A+,31,9,0,22,4.1,33,90.1,normale,"État satisfaisant, contrôle qualité OK",4,5,5,False,False,normal,ensoleillé
2023-05-26 06:05:44,Clinique des Spécialités,A+,68,10,20,78,4.5,19,94.1,normale,Urgent: vérifier température stockage,4,6,5,False,False,normal,ensoleillé
2023-05-26 10:29:04,Hôpital Général Douala,A+,41,8,0,33,4.8,13,99.8,normale,"État satisfaisant, contrôle qualité OK",4,10,5,False,False,normal,pluvieux
2023-05-26 13:06:27,Clinique des Spécialités,A+,71,15,26,82,4.8,7,100.0,normale,"État satisfaisant, contrôle qualité OK",4,13,5,False,False,normal,ensoleillé
2023-05-26 14:19:26,Hôpital Militaire,A+,46,3,0,43,4.2,2,89.6,normale,Attention: proche expiration,4,14,5,False,False,normal,pluvieux
2023-05-26 22:51:46,Hôpital de District Bonassama,A+,18,4,0,14,3.7,54,96.4,faible,"État satisfaisant, contrôle qualité OK",4,22,5,False,False,normal,orageux
2023-05-27 02:59:06,Hôpital de District Bonassama,A+,18,8,0,10,5.0,25,99.8,faible,Hémoglobine dans les normes,5,2,5,True,False,normal,ensoleillé
2023-05-27 07:24:14,Hôpital Laquintinie,A+,26,5,0,21,3.5,28,100.0,normale,Contrôle bactériologique négatif,5,7,5,True,False,normal,pluvieux
2023-05-27 12:13:45,Hôpital Militaire,A+,32,2,0,30,4.2,1,65.9,attention,Attention: proche expiration,5,12,5,True,False,normal,pluvieux
2023-05-27 14:30:43,Clinique des Spécialités,A+,39,7,22,54,3.4,17,100.0,normale,Attention: proche expiration,5,14,5,True,False,normal,ensoleillé
2023-05-27 15:40:14,Centre Médical d'Excellence,A+,37,4,0,33,4.2,1,56.7,attention,Contrôle bactériologique négatif,5,15,5,True,False,normal,ensoleillé
2023-05-27 20:19:43,Hôpital Laquintinie,A+,34,5,27,56,4.3,15,100.0,normale,"État satisfaisant, contrôle qualité OK",5,20,5,True,False,normal,ensoleillé
2023-05-28 01:57:03,Centre Médical d'Excellence,A+,7,7,0,0,4.0,24,100.0,critique,"URGENT: Stock critique - Bon état général, légère variation température",6,1,5,True,False,normal,ensoleillé
2023-05-28 04:31:18,Centre Médical d'Excellence,A+,13,6,13,20,3.9,2,80.8,normale,Attention: proche expiration,6,4,5,True,False,normal,orageux
2023-05-28 18:21:47,Hôpital Général Douala,A+,32,4,23,51,4.5,9,97.8,normale,Attention: proche expiration,6,18,5,True,False,normal,ensoleillé
2023-05-28 19:15:05,Hôpital de District Bonassama,A+,42,6,0,36,4.4,6,97.7,normale,Urgent: vérifier température stockage,6,19,5,True,False,normal,ensoleillé
2023-05-28 23:16:22,Clinique des Spécialités,A+,18,4,14,28,4.8,24,90.1,normale,Hémoglobine dans les normes,6,23,5,True,False,normal,ensoleillé
2023-05-29 00:11:57,Clinique des Spécialités,A+,36,6,0,30,3.9,14,100.0,normale,Hémoglobine dans les normes,0,0,5,False,False,normal,pluvieux
2023-05-29 02:26:14,Hôpital de District Bonassama,A+,22,6,0,16,3.9,25,96.9,faible,Hémoglobine dans les normes,0,2,5,False,False,normal,ensoleillé
2023-05-29 03:49:01,Hôpital Militaire,A+,21,15,24,30,4.1,44,92.8,normale,Contrôle bactériologique négatif,0,3,5,False,False,normal,ensoleillé
2023-05-29 04:46:21,Hôpital Général Douala,A+,19,9,0,10,3.9,13,95.7,faible,Hémoglobine dans les normes,0,4,5,False,False,normal,orageux
2023-05-29 06:19:14,Hôpital Général Douala,A+,56,5,0,51,3.3,1,62.9,attention,"Excellent état, conservation parfaite",0,6,5,False,False,normal,ensoleillé
2023-05-29 08:31:39,Hôpital Laquintinie,A+,65,1,23,87,5.0,7,100.0,normale,Contrôle bactériologique négatif,0,8,5,False,False,normal,orageux
2023-05-29 13:20:42,Hôpital Militaire,A+,62,6,15,71,3.2,13,99.5,normale,Attention: proche expiration,0,13,5,False,False,normal,ensoleillé
2023-05-29 14:24:25,Hôpital Laquintinie,A+,50,13,0,37,3.6,49,100.0,normale,"Excellent état, conservation parfaite",0,14,5,False,False,normal,ensoleillé
2023-05-29 19:39:05,Centre Médical d'Excellence,A+,56,7,0,49,4.4,1,54.9,attention,"Excellent état, conservation parfaite",0,19,5,False,False,normal,nuageux
2023-05-29 23:13:45,Hôpital de District Bonassama,A+,29,10,0,19,2.9,37,100.0,faible,Contrôle bactériologique négatif,0,23,5,False,False,normal,ensoleillé
2023-05-30 04:59:41,Centre Médical d'Excellence,A+,19,12,0,7,3.0,6,99.6,critique,"URGENT: Stock critique - État satisfaisant, contrôle qualité OK",1,4,5,False,False,normal,ensoleillé
2023-05-30 13:39:47,Clinique des Spécialités,A+,42,11,0,31,4.2,7,100.0,normale,Attention: proche expiration,1,13,5,False,False,normal,pluvieux
2023-05-30 15:27:08,Hôpital Laquintinie,A+,64,6,0,58,4.2,6,97.1,normale,"Excellent état, conservation parfaite",1,15,5,False,False,normal,pluvieux
2023-05-30 17:13:20,Clinique des Spécialités,A+,42,1,12,53,4.1,14,100.0,normale,Parfait pour transfusion immédiate,1,17,5,False,False,normal,nuageux
2023-05-31 05:27:03,Hôpital Laquintinie,A+,19,3,0,16,4.5,5,100.0,faible,"Bon état général, légère variation température",2,5,5,False,False,normal,ensoleillé
2023-05-31 06:26:19,Hôpital Général Douala,A+,20,6,0,14,4.2,49,95.0,faible,Parfait pour transfusion immédiate,2,6,5,False,False,normal,nuageux
2023-05-31 09:03:53,Centre Médical d'Excellence,A+,75,5,19,89,3.2,1,56.4,attention,Urgent: vérifier température stockage,2,9,5,False,False,normal,nuageux
2023-05-31 09:27:08,Hôpital de District Bonassama,A+,52,5,0,47,5.1,1,57.5,attention,Parfait pour transfusion immédiate,2,9,5,False,False,normal,orageux
2023-05-31 12:27:47,Hôpital Militaire,A+,58,9,0,49,3.9,4,89.9,normale,"Bon état général, légère variation température",2,12,5,False,False,normal,nuageux
2023-06-01 03:20:31,Hôpital Laquintinie,A+,16,4,0,12,3.7,4,95.4,faible,"Bon état général, légère variation température",3,3,6,False,False,normal,ensoleillé
2023-06-01 05:09:02,Hôpital de District Bonassama,A+,27,8,0,19,3.9,5,95.2,faible,Attention: proche expiration,3,5,6,False,False,normal,ensoleillé
2023-06-01 06:47:31,Hôpital de District Bonassama,A+,28,7,0,21,4.1,12,97.3,normale,Urgent: vérifier température stockage,3,6,6,False,False,normal,orageux
2023-06-01 14:30:33,Hôpital de District Bonassama,A+,51,8,0,43,4.3,13,96.4,normale,Parfait pour transfusion immédiate,3,14,6,False,False,normal,ensoleillé
2023-06-01 22:24:34,Hôpital Militaire,A+,42,12,0,30,4.1,1,52.1,attention,"État satisfaisant, contrôle qualité OK",3,22,6,False,False,normal,pluvieux
2023-06-01 22:48:44,Clinique des Spécialités,A+,68,2,0,66,5.1,4,85.2,normale,Attention: proche expiration,3,22,6,False,False,normal,nuageux
2023-06-02 04:26:35,Centre Médical d'Excellence,A+,13,7,0,6,3.8,14,99.7,critique,URGENT: Stock critique - Hémoglobine dans les normes,4,4,6,False,False,normal,ensoleillé
2023-06-02 22:48:43,Clinique des Spécialités,A+,40,5,0,35,3.5,13,100.0,normale,Parfait pour transfusion immédiate,4,22,6,False,False,normal,ensoleillé
2023-06-03 04:15:08,Clinique des Spécialités,A+,18,1,20,37,3.7,9,100.0,normale,Contrôle bactériologique négatif,5,4,6,True,False,normal,ensoleillé
2023-06-03 12:33:03,Hôpital de District Bonassama,A+,28,6,0,22,4.1,17,97.9,normale,Contrôle bactériologique négatif,5,12,6,True,False,normal,ensoleillé
2023-06-03 12:34:41,Clinique des Spécialités,A+,46,7,0,39,3.4,30,88.6,normale,Urgent: vérifier température stockage,5,12,6,True,False,normal,nuageux
2023-06-03 12:42:46,Hôpital Laquintinie,A+,32,8,0,24,3.0,14,97.9,normale,Hémoglobine dans les normes,5,12,6,True,False,normal,ensoleillé
2023-06-03 23:56:09,Hôpital de District Bonassama,A+,18,5,0,13,4.5,19,92.3,faible,Urgent: vérifier température stockage,5,23,6,True,False,normal,pluvieux
2023-06-04 00:26:26,Hôpital Laquintinie,A+,12,2,0,10,3.1,26,100.0,faible,"Bon état général, légère variation température",6,0,6,True,False,normal,pluvieux
2023-06-04 12:42:28,Hôpital Général Douala,A+,47,7,21,61,4.1,2,77.6,normale,"Excellent état, conservation parfaite",6,12,6,True,False,normal,ensoleillé
2023-06-04 13:55:00,Clinique des Spécialités,A+,42,7,0,35,4.3,7,100.0,normale,"Bon état général, légère variation température",6,13,6,True,False,normal,pluvieux
2023-06-04 15:43:39,Clinique des Spécialités,A+,48,4,0,44,4.4,27,99.1,normale,Attention: proche expiration,6,15,6,True,False,normal,pluvieux
2023-06-04 19:50:00,Hôpital Général Douala,A+,30,4,0,26,4.5,1,50.9,attention,Urgent: vérifier température stockage,6,19,6,True,False,normal,ensoleillé
2023-06-05 04:35:49,Centre Médical d'Excellence,A+,27,6,13,34,3.4,52,100.0,normale,Attention: proche expiration,0,4,6,False,False,normal,orageux
2023-06-05 07:58:26,Hôpital Militaire,A+,74,11,0,63,4.2,2,89.7,normale,"Bon état général, légère variation température",0,7,6,False,False,normal,nuageux
2023-06-05 09:57:09,Hôpital Militaire,A+,60,8,26,78,4.0,9,100.0,normale,"État satisfaisant, contrôle qualité OK",0,9,6,False,False,normal,ensoleillé
2023-06-05 12:21:50,Centre Médical d'Excellence,A+,66,3,0,63,4.6,6,100.0,normale,Hémoglobine dans les normes,0,12,6,False,False,normal,pluvieux
2023-06-05 20:54:07,Hôpital de District Bonassama,A+,19,9,32,42,3.9,32,95.8,normale,"Bon état général, légère variation température",0,20,6,False,False,normal,nuageux
2023-06-06 01:55:41,Hôpital de District Bonassama,A+,28,9,0,19,3.7,4,85.2,faible,"État satisfaisant, contrôle qualité OK",1,1,6,False,False,campagne_don,pluvieux
2023-06-06 03:56:05,Hôpital Militaire,A+,17,8,0,9,4.2,17,95.8,critique,URGENT: Stock critique - Hémoglobine dans les normes,1,3,6,False,False,normal,nuageux
2023-06-06 09:51:22,Hôpital Militaire,A+,54,6,0,48,4.4,16,93.3,normale,Urgent: vérifier température stockage,1,9,6,False,False,normal,nuageux
2023-06-06 12:44:41,Centre Médical d'Excellence,A+,49,10,0,39,5.2,9,100.0,normale,"Bon état général, légère variation température",1,12,6,False,False,normal,nuageux
2023-06-06 16:08:56,Centre Médical d'Excellence,A+,10,15,0,0,3.7,8,100.0,critique,"URGENT: Stock critique - État satisfaisant, contrôle qualité OK",1,16,6,False,False,normal,ensoleillé
2023-06-06 17:07:14,Centre Médical d'Excellence,A+,43,5,0,38,3.0,20,90.9,normale,Contrôle bactériologique négatif,1,17,6,False,False,normal,orageux
2023-06-06 17:12:47,Centre Médical d'Excellence,A+,68,9,0,59,4.2,1,63.8,attention,Attention: proche expiration,1,17,6,False,False,normal,ensoleillé
2023-06-06 20:56:04,Clinique des Spécialités,A+,44,8,0,36,4.3,5,91.2,normale,"État satisfaisant, contrôle qualité OK",1,20,6,False,False,normal,orageux
2023-06-07 05:20:27,Hôpital Militaire,A+,38,6,0,32,3.5,19,100.0,normale,Contrôle bactériologique négatif,2,5,6,False,False,normal,ensoleillé
2023-06-07 05:57:16,Centre Médical d'Excellence,A+,32,3,19,48,4.7,22,100.0,normale,"Excellent état, conservation parfaite",2,5,6,False,False,normal,orageux
2023-06-07 08:41:33,Centre Médical d'Excellence,A+,77,3,0,74,3.6,38,100.0,normale,Attention: proche expiration,2,8,6,False,False,normal,nuageux
2023-06-07 08:54:11,Hôpital de District Bonassama,A+,41,2,0,39,3.6,4,87.4,normale,"État satisfaisant, contrôle qualité OK",2,8,6,False,False,normal,nuageux
2023-06-08 17:49:57,Clinique des Spécialités,A+,73,3,0,70,4.2,3,83.4,normale,Hémoglobine dans les normes,3,17,6,False,False,normal,ensoleillé
2023-06-09 07:22:12,Hôpital Laquintinie,A+,63,7,0,56,3.6,8,100.0,normale,"État satisfaisant, contrôle qualité OK",4,7,6,False,False,normal,ensoleillé
2023-06-09 10:52:27,Hôpital Militaire,A+,33,3,0,30,3.8,26,93.1,normale,Attention: proche expiration,4,10,6,False,False,accident_route,nuageux
2023-06-09 22:03:03,Hôpital Général Douala,A+,57,5,0,52,3.6,6,98.7,normale,Urgent: vérifier température stockage,4,22,6,False,False,normal,ensoleillé
2023-06-10 05:55:32,Hôpital Général Douala,A+,17,6,18,29,3.5,5,100.0,normale,Hémoglobine dans les normes,5,5,6,True,False,normal,pluvieux
2023-06-10 08:19:07,Hôpital Militaire,A+,33,7,14,40,4.6,76,100.0,normale,Attention: proche expiration,5,8,6,True,False,normal,pluvieux
2023-06-10 13:09:10,Hôpital Laquintinie,A+,25,6,0,19,4.3,1,60.3,faible,Hémoglobine dans les normes,5,13,6,True,False,normal,ensoleillé
2023-06-10 17:26:45,Clinique des Spécialités,A+,40,7,0,33,4.6,67,97.1,normale,Contrôle bactériologique négatif,5,17,6,True,False,normal,ensoleillé
2023-06-10 18:34:20,Centre Médical d'Excellence,A+,6,9,12,12,4.6,18,98.4,faible,Contrôle bactériologique négatif,5,18,6,True,False,normal,ensoleillé
2023-06-10 21:22:34,Hôpital de District Bonassama,A+,34,4,0,30,4.4,1,61.5,attention,"État satisfaisant, contrôle qualité OK",5,21,6,True,False,normal,ensoleillé
2023-06-10 23:51:04,Hôpital Laquintinie,A+,10,5,0,5,2.9,1,55.2,critique,URGENT: Stock critique - Hémoglobine dans les normes,5,23,6,True,False,normal,ensoleillé
2023-06-11 04:59:29,Centre Médical d'Excellence,A+,14,6,0,8,3.9,10,89.8,critique,URGENT: Stock critique - Attention: proche expiration,6,4,6,True,False,normal,pluvieux
2023-06-11 07:34:56,Hôpital Laquintinie,A+,31,4,0,27,4.8,17,94.0,normale,Hémoglobine dans les normes,6,7,6,True,False,normal,ensoleillé
2023-06-11 10:26:42,Hôpital Général Douala,A+,47,6,20,61,4.2,3,95.9,normale,"Bon état général, légère variation température",6,10,6,True,False,normal,ensoleillé
2023-06-11 14:44:27,Hôpital de District Bonassama,A+,6,8,0,0,3.1,25,100.0,critique,"URGENT: Stock critique - Bon état général, légère variation température",6,14,6,True,False,normal,nuageux
2023-06-11 16:17:12,Hôpital Laquintinie,A+,31,6,0,25,3.6,11,100.0,normale,Contrôle bactériologique négatif,6,16,6,True,False,normal,nuageux
2023-06-11 18:31:12,Clinique des Spécialités,A+,35,2,0,33,4.2,1,68.6,attention,Attention: proche expiration,6,18,6,True,False,normal,ensoleillé
2023-06-11 21:54:27,Hôpital Militaire,A+,32,10,0,22,3.5,5,96.8,normale,"Excellent état, conservation parfaite",6,21,6,True,False,normal,ensoleillé
2023-06-11 22:15:08,Hôpital de District Bonassama,A+,22,4,19,37,4.0,1,60.4,attention,Hémoglobine dans les normes,6,22,6,True,False,normal,pluvieux
2023-06-12 01:15:47,Hôpital Laquintinie,A+,42,15,0,27,3.3,15,100.0,normale,Hémoglobine dans les normes,0,1,6,False,False,normal,ensoleillé
2023-06-12 04:49:09,Hôpital de District Bonassama,A+,28,10,18,36,3.6,35,100.0,normale,Contrôle bactériologique négatif,0,4,6,False,False,normal,pluvieux
2023-06-12 17:07:54,Centre Médical d'Excellence,A+,34,6,0,28,4.5,67,95.0,normale,"Excellent état, conservation parfaite",0,17,6,False,False,normal,ensoleillé
2023-06-12 19:49:56,Hôpital Général Douala,A+,33,2,0,31,4.3,49,100.0,normale,Hémoglobine dans les normes,0,19,6,False,False,normal,nuageux
2023-06-12 22:45:24,Hôpital Laquintinie,A+,63,3,0,60,3.7,15,98.6,normale,Attention: proche expiration,0,22,6,False,False,normal,pluvieux
2023-06-13 13:05:21,Clinique des Spécialités,A+,83,8,0,75,4.5,27,98.6,normale,Hémoglobine dans les normes,1,13,6,False,False,normal,pluvieux
2023-06-13 18:01:23,Hôpital Général Douala,A+,52,7,0,45,4.6,3,86.1,normale,Contrôle bactériologique négatif,1,18,6,False,False,normal,nuageux
2023-06-14 01:14:53,Hôpital Général Douala,A+,33,2,22,53,3.5,33,100.0,normale,Hémoglobine dans les normes,2,1,6,False,False,normal,ensoleillé
2023-06-14 02:00:37,Hôpital Laquintinie,A+,16,10,0,6,4.0,14,92.9,critique,URGENT: Stock critique - Contrôle bactériologique négatif,2,2,6,False,False,normal,ensoleillé
2023-06-14 13:40:48,Hôpital Militaire,A+,54,6,0,48,3.7,1,51.2,attention,Contrôle bactériologique négatif,2,13,6,False,False,épidémie,ensoleillé
2023-06-14 14:20:21,Hôpital de District Bonassama,A+,34,10,0,24,4.5,1,59.8,attention,"Bon état général, légère variation température",2,14,6,False,False,normal,ensoleillé
2023-06-15 03:40:46,Hôpital de District Bonassama,A+,25,10,19,34,4.5,5,93.1,normale,Contrôle bactériologique négatif,3,3,6,False,False,normal,ensoleillé
2023-06-15 14:33:05,Centre Médical d'Excellence,A+,49,10,0,39,4.3,7,100.0,normale,"Bon état général, légère variation température",3,14,6,False,False,normal,ensoleillé
2023-06-15 22:15:07,Hôpital de District Bonassama,A+,30,7,0,23,3.8,1,62.1,attention,Contrôle bactériologique négatif,3,22,6,False,False,normal,orageux
2023-06-16 07:27:36,Centre Médical d'Excellence,A+,60,0,9,69,4.1,5,96.6,normale,Contrôle bactériologique négatif,4,7,6,False,False,normal,orageux
2023-06-16 08:03:50,Hôpital Laquintinie,A+,47,10,0,37,4.0,31,100.0,normale,Urgent: vérifier température stockage,4,8,6,False,False,normal,ensoleillé
2023-06-16 11:30:46,Hôpital Militaire,A+,62,6,0,56,4.4,29,100.0,normale,"Bon état général, légère variation température",4,11,6,False,False,normal,orageux
2023-06-16 13:32:27,Hôpital Général Douala,A+,55,13,0,42,4.1,4,81.6,normale,"Excellent état, conservation parfaite",4,13,6,False,False,normal,nuageux
2023-06-16 14:23:08,Hôpital Militaire,A+,62,6,0,56,4.0,10,100.0,normale,Parfait pour transfusion immédiate,4,14,6,False,False,normal,pluvieux
2023-06-16 15:35:39,Hôpital Général Douala,A+,35,4,0,31,4.0,22,99.8,normale,Urgent: vérifier température stockage,4,15,6,False,False,normal,pluvieux
2023-06-16 19:40:15,Hôpital Général Douala,A+,51,10,23,64,4.6,19,94.1,normale,Parfait pour transfusion immédiate,4,19,6,False,False,normal,nuageux
2023-06-17 00:42:47,Hôpital de District Bonassama,A+,26,6,0,20,3.6,7,100.0,normale,"Bon état général, légère variation température",5,0,6,True,False,normal,nuageux
2023-06-17 01:09:17,Centre Médical d'Excellence,A+,22,6,14,30,3.2,4,81.1,normale,Parfait pour transfusion immédiate,5,1,6,True,False,normal,pluvieux
2023-06-17 04:05:55,Centre Médical d'Excellence,A+,19,7,24,36,3.8,15,96.9,normale,"Bon état général, légère variation température",5,4,6,True,False,normal,nuageux
2023-06-17 07:12:57,Hôpital Général Douala,A+,35,2,0,33,4.4,4,82.5,normale,Parfait pour transfusion immédiate,5,7,6,True,False,normal,ensoleillé
2023-06-17 09:35:49,Hôpital Militaire,A+,36,6,0,30,3.3,3,90.8,normale,"État satisfaisant, contrôle qualité OK",5,9,6,True,False,normal,orageux
2023-06-17 15:07:14,Hôpital Général Douala,A+,25,8,0,17,3.9,3,86.7,faible,Urgent: vérifier température stockage,5,15,6,True,False,normal,pluvieux
2023-06-17 20:46:42,Hôpital de District Bonassama,A+,24,4,0,20,3.7,6,97.1,normale,Contrôle bactériologique négatif,5,20,6,True,False,normal,nuageux
2023-06-17 20:59:21,Clinique des Spécialités,A+,9,7,25,27,3.7,17,91.7,normale,"État satisfaisant, contrôle qualité OK",5,20,6,True,False,normal,pluvieux
2023-06-17 21:47:03,Hôpital Militaire,A+,9,8,13,14,4.0,2,82.5,faible,Attention: proche expiration,5,21,6,True,False,normal,ensoleillé
2023-06-18 01:17:04,Hôpital Général Douala,A+,17,4,0,13,4.7,14,100.0,faible,Parfait pour transfusion immédiate,6,1,6,True,False,normal,ensoleillé
2023-06-18 01:53:48,Hôpital Général Douala,A+,19,5,0,14,3.9,9,100.0,faible,Hémoglobine dans les normes,6,1,6,True,False,normal,nuageux
2023-06-18 02:16:46,Hôpital Militaire,A+,8,6,13,15,4.1,3,91.8,faible,"Bon état général, légère variation température",6,2,6,True,False,normal,ensoleillé
2023-06-18 11:16:19,Hôpital Laquintinie,A+,40,8,10,42,4.4,8,100.0,normale,Parfait pour transfusion immédiate,6,11,6,True,False,normal,nuageux
2023-06-18 17:35:54,Centre Médical d'Excellence,A+,42,4,0,38,4.3,20,100.0,normale,"Bon état général, légère variation température",6,17,6,True,False,normal,pluvieux
2023-06-19 02:12:39,Hôpital de District Bonassama,A+,32,7,18,43,4.4,3,86.1,normale,"État satisfaisant, contrôle qualité OK",0,2,6,False,False,normal,pluvieux
2023-06-19 04:54:04,Hôpital Laquintinie,A+,34,4,0,30,4.6,48,96.7,normale,"Excellent état, conservation parfaite",0,4,6,False,False,normal,ensoleillé
2023-06-19 04:57:40,Centre Médical d'Excellence,A+,23,8,21,36,4.1,3,85.7,normale,Urgent: vérifier température stockage,0,4,6,False,False,normal,pluvieux
2023-06-19 10:07:43,Hôpital de District Bonassama,A+,77,9,21,89,3.3,1,67.3,attention,Attention: proche expiration,0,10,6,False,False,campagne_don,nuageux
2023-06-19 12:16:07,Hôpital de District Bonassama,A+,51,10,22,63,5.0,43,100.0,normale,Parfait pour transfusion immédiate,0,12,6,False,False,normal,ensoleillé
2023-06-20 00:57:23,Hôpital Militaire,A+,31,6,0,25,4.0,16,95.2,normale,Contrôle bactériologique négatif,1,0,6,False,False,normal,nuageux
2023-06-20 01:06:17,Hôpital Laquintinie,A+,29,2,0,27,3.6,3,83.4,normale,Attention: proche expiration,1,1,6,False,False,urgence_médicale,ensoleillé
2023-06-20 06:22:52,Hôpital Militaire,A+,12,11,0,1,4.0,19,100.0,critique,URGENT: Stock critique - Urgent: vérifier température stockage,1,6,6,False,False,normal,nuageux
2023-06-20 14:59:03,Centre Médical d'Excellence,A+,44,6,0,38,3.9,2,79.8,normale,"État satisfaisant, contrôle qualité OK",1,14,6,False,False,normal,nuageux
2023-06-20 20:42:48,Centre Médical d'Excellence,A+,67,6,0,61,4.2,14,100.0,normale,Contrôle bactériologique négatif,1,20,6,False,False,normal,pluvieux
2023-06-21 03:43:14,Hôpital Général Douala,A+,32,1,0,31,3.4,1,60.0,attention,"État satisfaisant, contrôle qualité OK",2,3,6,False,False,normal,pluvieux
2023-06-21 03:45:51,Hôpital de District Bonassama,A+,17,6,21,32,4.6,31,93.1,normale,"État satisfaisant, contrôle qualité OK",2,3,6,False,False,normal,pluvieux
2023-06-21 07:51:28,Hôpital Général Douala,A+,45,8,0,37,5.0,15,100.0,normale,"État satisfaisant, contrôle qualité OK",2,7,6,False,False,normal,ensoleillé
2023-06-21 09:37:15,Hôpital Laquintinie,A+,42,8,0,34,4.2,6,100.0,normale,Urgent: vérifier température stockage,2,9,6,False,False,normal,nuageux
2023-06-21 09:53:28,Hôpital de District Bonassama,A+,68,6,0,62,4.0,4,82.5,normale,"Excellent état, conservation parfaite",2,9,6,False,False,normal,ensoleillé
2023-06-21 13:47:00,Hôpital Général Douala,A+,61,7,0,54,4.4,13,100.0,normale,"État satisfaisant, contrôle qualité OK",2,13,6,False,False,normal,ensoleillé
2023-06-21 17:32:21,Hôpital Militaire,A+,54,10,7,51,4.1,5,100.0,normale,"Bon état général, légère variation température",2,17,6,False,False,normal,pluvieux
2023-06-21 18:07:07,Hôpital de District Bonassama,A+,34,9,0,25,3.9,25,100.0,normale,"Bon état général, légère variation température",2,18,6,False,False,normal,ensoleillé
2023-06-22 21:25:30,Hôpital Laquintinie,A+,69,9,0,60,4.5,6,98.8,normale,"État satisfaisant, contrôle qualité OK",3,21,6,False,False,normal,orageux
2023-06-23 03:49:58,Hôpital de District Bonassama,A+,32,5,0,27,4.2,14,100.0,normale,Contrôle bactériologique négatif,4,3,6,False,False,normal,pluvieux
2023-06-23 11:43:57,Hôpital de District Bonassama,A+,42,12,0,30,3.7,18,99.2,normale,"État satisfaisant, contrôle qualité OK",4,11,6,False,False,normal,ensoleillé
2023-06-23 12:17:48,Hôpital Militaire,A+,32,7,0,25,3.3,13,100.0,normale,Parfait pour transfusion immédiate,4,12,6,False,False,normal,pluvieux
2023-06-23 15:14:23,Hôpital Laquintinie,A+,37,5,0,32,3.4,9,99.3,normale,"État satisfaisant, contrôle qualité OK",4,15,6,False,False,normal,pluvieux
2023-06-23 16:54:10,Clinique des Spécialités,A+,54,9,0,45,3.7,16,87.9,normale,Contrôle bactériologique négatif,4,16,6,False,False,normal,pluvieux
2023-06-23 21:16:49,Hôpital de District Bonassama,A+,66,7,0,59,4.2,1,74.2,normale,Hémoglobine dans les normes,4,21,6,False,False,normal,ensoleillé
2023-06-24 00:44:12,Hôpital Laquintinie,A+,15,7,21,29,3.9,11,93.8,normale,Attention: proche expiration,5,0,6,True,False,normal,ensoleillé
2023-06-24 01:07:09,Hôpital Militaire,A+,13,6,0,7,3.8,12,96.1,critique,URGENT: Stock critique - Parfait pour transfusion immédiate,5,1,6,True,False,normal,ensoleillé
2023-06-24 04:40:27,Clinique des Spécialités,A+,13,6,0,7,4.0,20,97.6,critique,"URGENT: Stock critique - Bon état général, légère variation température",5,4,6,True,False,normal,pluvieux
2023-06-24 06:54:47,Hôpital Général Douala,A+,52,4,0,48,4.5,30,97.9,normale,"Bon état général, légère variation température",5,6,6,True,False,normal,ensoleillé
2023-06-24 12:38:41,Hôpital de District Bonassama,A+,14,1,0,13,4.0,1,46.9,faible,Parfait pour transfusion immédiate,5,12,6,True,False,normal,ensoleillé
2023-06-24 20:41:33,Hôpital Laquintinie,A+,50,3,17,64,4.6,25,99.8,normale,Hémoglobine dans les normes,5,20,6,True,False,normal,pluvieux
2023-06-24 21:03:54,Hôpital Général Douala,A+,53,3,0,50,4.5,4,87.0,normale,Parfait pour transfusion immédiate,5,21,6,True,False,normal,pluvieux
2023-06-24 23:19:07,Hôpital Laquintinie,A+,20,5,23,38,4.0,6,98.1,normale,Attention: proche expiration,5,23,6,True,False,normal,ensoleillé
2023-06-25 01:11:16,Hôpital de District Bonassama,A+,6,5,0,1,4.4,27,100.0,critique,URGENT: Stock critique - Hémoglobine dans les normes,6,1,6,True,False,normal,ensoleillé
2023-06-25 02:59:42,Hôpital Laquintinie,A+,15,1,0,14,3.0,9,99.5,faible,Hémoglobine dans les normes,6,2,6,True,False,normal,ensoleillé
2023-06-25 03:01:07,Hôpital Général Douala,A+,15,1,20,34,4.7,1,61.2,attention,"Excellent état, conservation parfaite",6,3,6,True,False,normal,pluvieux
2023-06-25 06:52:11,Hôpital Laquintinie,A+,33,0,20,53,3.7,10,100.0,normale,Hémoglobine dans les normes,6,6,6,True,False,normal,ensoleillé
2023-06-25 07:55:25,Centre Médical d'Excellence,A+,32,9,0,23,4.1,13,100.0,normale,"Bon état général, légère variation température",6,7,6,True,False,normal,ensoleillé
2023-06-25 11:12:07,Hôpital Militaire,A+,35,6,0,29,4.0,1,58.3,attention,"Bon état général, légère variation température",6,11,6,True,False,normal,nuageux
2023-06-25 13:36:22,Hôpital Général Douala,A+,38,1,0,37,4.4,6,94.7,normale,"État satisfaisant, contrôle qualité OK",6,13,6,True,False,normal,nuageux
2023-06-25 15:43:20,Clinique des Spécialités,A+,39,8,0,31,3.8,1,65.4,attention,Attention: proche expiration,6,15,6,True,False,normal,ensoleillé
2023-06-25 16:30:29,Clinique des Spécialités,A+,30,8,0,22,4.0,10,92.6,normale,Attention: proche expiration,6,16,6,True,False,normal,nuageux
2023-06-25 16:46:32,Centre Médical d'Excellence,A+,32,3,22,51,2.8,14,100.0,normale,Urgent: vérifier température stockage,6,16,6,True,False,normal,orageux
2023-06-25 20:07:46,Hôpital Général Douala,A+,51,7,26,70,4.2,18,90.9,normale,Attention: proche expiration,6,20,6,True,False,normal,ensoleillé
2023-06-26 03:34:15,Hôpital de District Bonassama,A+,21,10,0,11,3.3,3,89.9,faible,"Excellent état, conservation parfaite",0,3,6,False,False,normal,nuageux
2023-06-26 06:28:43,Hôpital Militaire,A+,1,9,22,22,4.9,6,98.0,normale,"État satisfaisant, contrôle qualité OK",0,6,6,False,False,normal,nuageux
2023-06-26 07:48:22,Hôpital Militaire,A+,54,9,0,45,4.3,3,87.6,normale,"État satisfaisant, contrôle qualité OK",0,7,6,False,False,normal,pluvieux
2023-06-26 12:37:10,Clinique des Spécialités,A+,26,13,18,31,3.3,14,92.8,normale,Urgent: vérifier température stockage,0,12,6,False,False,normal,nuageux
2023-06-26 12:54:24,Hôpital Laquintinie,A+,36,6,0,30,3.4,14,100.0,normale,Urgent: vérifier température stockage,0,12,6,False,False,normal,orageux
2023-06-26 21:00:16,Hôpital Laquintinie,A+,61,9,0,52,4.0,1,55.6,attention,Urgent: vérifier température stockage,0,21,6,False,False,normal,nuageux
2023-06-26 23:21:01,Centre Médical d'Excellence,A+,27,5,0,22,3.6,3,80.2,normale,"Bon état général, légère variation température",0,23,6,False,False,normal,ensoleillé
2023-06-27 01:02:09,Hôpital Général Douala,A+,30,4,0,26,4.0,13,100.0,normale,Urgent: vérifier température stockage,1,1,6,False,False,normal,ensoleillé
2023-06-27 08:19:26,Hôpital Général Douala,A+,54,8,0,46,3.7,21,92.3,normale,Parfait pour transfusion immédiate,1,8,6,False,False,normal,nuageux
2023-06-27 12:02:48,Centre Médical d'Excellence,A+,46,8,0,38,3.5,3,85.8,normale,Parfait pour transfusion immédiate,1,12,6,False,False,normal,nuageux
2023-06-27 14:50:12,Centre Médical d'Excellence,A+,36,12,0,24,4.3,1,64.1,attention,"État satisfaisant, contrôle qualité OK",1,14,6,False,False,normal,pluvieux
2023-06-27 16:15:44,Hôpital Général Douala,A+,52,9,0,43,5.1,2,82.8,normale,Hémoglobine dans les normes,1,16,6,False,False,normal,nuageux
2023-06-28 03:30:24,Hôpital Laquintinie,A+,40,8,0,32,4.5,33,100.0,normale,Contrôle bactériologique négatif,2,3,6,False,False,normal,pluvieux
2023-06-28 06:31:55,Clinique des Spécialités,A+,69,14,0,55,4.6,25,100.0,normale,Contrôle bactériologique négatif,2,6,6,False,False,normal,ensoleillé
2023-06-28 09:45:42,Hôpital de District Bonassama,A+,57,3,0,54,3.3,23,97.9,normale,Parfait pour transfusion immédiate,2,9,6,False,False,normal,nuageux
2023-06-28 11:58:52,Centre Médical d'Excellence,A+,58,7,0,51,3.7,39,100.0,normale,Attention: proche expiration,2,11,6,False,False,normal,nuageux
2023-06-29 05:56:14,Hôpital de District Bonassama,A+,20,0,0,20,3.6,8,97.5,normale,"Excellent état, conservation parfaite",3,5,6,False,False,normal,pluvieux
2023-06-29 06:28:19,Clinique des Spécialités,A+,47,7,0,40,4.1,45,100.0,normale,Hémoglobine dans les normes,3,6,6,False,False,normal,pluvieux
2023-06-29 08:12:16,Hôpital Général Douala,A+,33,6,18,45,4.6,10,100.0,normale,Contrôle bactériologique négatif,3,8,6,False,False,normal,nuageux
2023-06-29 09:23:16,Hôpital de District Bonassama,A+,34,1,0,33,4.4,2,86.1,normale,"Excellent état, conservation parfaite",3,9,6,False,False,urgence_médicale,pluvieux
2023-06-29 13:01:32,Hôpital de District Bonassama,A+,37,12,0,25,3.7,13,100.0,normale,"Bon état général, légère variation température",3,13,6,False,False,normal,ensoleillé
2023-06-29 14:52:11,Hôpital de District Bonassama,A+,56,6,0,50,3.4,5,100.0,normale,Hémoglobine dans les normes,3,14,6,False,False,normal,ensoleillé
2023-06-30 02:06:59,Hôpital de District Bonassama,A+,29,6,0,23,3.9,6,100.0,normale,Hémoglobine dans les normes,4,2,6,False,False,normal,ensoleillé
2023-06-30 16:29:20,Centre Médical d'Excellence,A+,56,7,0,49,3.8,2,76.5,normale,Contrôle bactériologique négatif,4,16,6,False,False,normal,pluvieux
2023-06-30 19:15:16,Hôpital Général Douala,A+,42,6,14,50,5.3,7,92.3,normale,Parfait pour transfusion immédiate,4,19,6,False,False,normal,ensoleillé
2023-06-30 20:04:35,Hôpital Militaire,A+,55,7,0,48,3.7,12,94.0,normale,Attention: proche expiration,4,20,6,False,False,normal,ensoleillé
2023-07-01 03:23:03,Hôpital Militaire,A+,31,2,0,29,4.2,11,100.0,normale,Parfait pour transfusion immédiate,5,3,7,True,True,normal,pluvieux
2023-07-01 07:28:16,Centre Médical d'Excellence,A+,43,7,22,58,3.5,17,98.0,normale,Urgent: vérifier température stockage,5,7,7,True,True,normal,pluvieux
2023-07-01 10:56:05,Hôpital de District Bonassama,A+,50,5,0,45,3.6,5,91.5,normale,Urgent: vérifier température stockage,5,10,7,True,True,normal,ensoleillé
2023-07-01 12:27:48,Hôpital de District Bonassama,A+,40,7,16,49,3.0,10,97.5,normale,Parfait pour transfusion immédiate,5,12,7,True,True,normal,pluvieux
2023-07-01 15:01:56,Hôpital de District Bonassama,A+,23,6,0,17,4.0,11,100.0,faible,Urgent: vérifier température stockage,5,15,7,True,True,normal,pluvieux
2023-07-01 17:28:33,Hôpital de District Bonassama,A+,34,6,0,28,3.4,7,100.0,normale,"Excellent état, conservation parfaite",5,17,7,True,True,épidémie,pluvieux
2023-07-02 06:06:09,Clinique des Spécialités,A+,58,5,16,69,3.9,1,51.9,attention,Attention: proche expiration,6,6,7,True,True,normal,nuageux
2023-07-02 09:13:26,Hôpital Laquintinie,A+,48,5,0,43,4.1,32,100.0,normale,Contrôle bactériologique négatif,6,9,7,True,True,normal,ensoleillé
2023-07-02 11:47:50,Clinique des Spécialités,A+,24,9,18,33,4.3,24,92.3,normale,Contrôle bactériologique négatif,6,11,7,True,True,normal,ensoleillé
2023-07-02 13:56:01,Hôpital Laquintinie,A+,56,10,0,46,3.8,12,98.2,normale,"État satisfaisant, contrôle qualité OK",6,13,7,True,True,normal,ensoleillé
2023-07-02 16:41:41,Clinique des Spécialités,A+,72,5,26,93,3.8,6,97.8,normale,Hémoglobine dans les normes,6,16,7,True,True,normal,ensoleillé
2023-07-02 23:22:21,Clinique des Spécialités,A+,27,12,19,34,4.0,5,100.0,normale,"Bon état général, légère variation température",6,23,7,True,True,normal,pluvieux
2023-07-03 04:36:14,Centre Médical d'Excellence,A+,34,10,0,24,3.7,29,96.6,normale,Attention: proche expiration,0,4,7,False,True,normal,pluvieux
2023-07-03 09:53:51,Hôpital Général Douala,A+,46,7,0,39,4.2,35,94.0,normale,Urgent: vérifier température stockage,0,9,7,False,True,normal,ensoleillé
2023-07-03 23:31:09,Hôpital Général Douala,A+,36,9,0,27,3.8,2,89.0,normale,Parfait pour transfusion immédiate,0,23,7,False,True,normal,nuageux
2023-07-03 23:48:43,Hôpital Militaire,A+,30,12,0,18,4.1,5,98.2,faible,"État satisfaisant, contrôle qualité OK",0,23,7,False,True,normal,ensoleillé
2023-07-04 02:36:42,Clinique des Spécialités,A+,34,5,24,53,3.6,1,57.1,attention,Hémoglobine dans les normes,1,2,7,False,True,normal,pluvieux
2023-07-04 06:35:46,Hôpital de District Bonassama,A+,48,6,0,42,3.0,10,100.0,normale,Hémoglobine dans les normes,1,6,7,False,True,normal,ensoleillé
2023-07-04 09:11:19,Hôpital Militaire,A+,87,7,0,80,3.9,26,100.0,normale,"Bon état général, légère variation température",1,9,7,False,True,normal,pluvieux
2023-07-04 14:11:15,Hôpital Laquintinie,A+,42,11,0,31,3.9,14,92.0,normale,"État satisfaisant, contrôle qualité OK",1,14,7,False,True,normal,pluvieux
2023-07-04 14:43:31,Hôpital Laquintinie,A+,84,4,0,80,4.5,8,100.0,normale,Urgent: vérifier température stockage,1,14,7,False,True,normal,ensoleillé
2023-07-04 20:13:25,Clinique des Spécialités,A+,59,12,0,47,3.6,9,98.6,normale,"Excellent état, conservation parfaite",1,20,7,False,True,normal,ensoleillé
2023-07-04 23:21:43,Hôpital Militaire,A+,32,8,0,24,3.5,1,56.7,attention,"Excellent état, conservation parfaite",1,23,7,False,True,normal,pluvieux
2023-07-05 04:55:08,Centre Médical d'Excellence,A+,24,11,0,13,4.5,28,100.0,faible,Urgent: vérifier température stockage,2,4,7,False,True,accident_route,ensoleillé
2023-07-05 22:54:33,Centre Médical d'Excellence,A+,75,6,19,88,3.6,23,100.0,normale,"Bon état général, légère variation température",2,22,7,False,True,normal,pluvieux
2023-07-05 23:00:09,Clinique des Spécialités,A+,25,8,0,17,4.2,45,100.0,faible,Attention: proche expiration,2,23,7,False,True,normal,nuageux
2023-07-06 02:01:09,Hôpital Laquintinie,A+,22,5,0,17,4.5,3,75.6,faible,"Bon état général, légère variation température",3,2,7,False,True,normal,orageux
2023-07-06 08:06:08,Clinique des Spécialités,A+,91,12,22,101,3.6,9,100.0,normale,Parfait pour transfusion immédiate,3,8,7,False,True,normal,pluvieux
2023-07-06 08:22:37,Hôpital Laquintinie,A+,38,17,0,21,3.7,4,79.9,normale,"Excellent état, conservation parfaite",3,8,7,False,True,normal,ensoleillé
2023-07-06 13:39:50,Hôpital Laquintinie,A+,44,7,0,37,3.5,23,100.0,normale,"Excellent état, conservation parfaite",3,13,7,False,True,normal,ensoleillé
2023-07-06 14:00:47,Hôpital Laquintinie,A+,44,6,0,38,4.1,35,100.0,normale,Contrôle bactériologique négatif,3,14,7,False,True,normal,pluvieux
2023-07-06 15:23:02,Clinique des Spécialités,A+,75,5,22,92,3.3,11,100.0,normale,"Excellent état, conservation parfaite",3,15,7,False,True,normal,nuageux
2023-07-06 18:44:58,Hôpital de District Bonassama,A+,47,5,20,62,4.2,6,94.2,normale,"Excellent état, conservation parfaite",3,18,7,False,True,normal,pluvieux
2023-07-06 19:26:24,Hôpital Laquintinie,A+,57,3,20,74,3.9,10,96.4,normale,"Bon état général, légère variation température",3,19,7,False,True,normal,ensoleillé
2023-07-07 01:24:50,Hôpital de District Bonassama,A+,31,16,19,34,3.5,2,78.7,normale,"Excellent état, conservation parfaite",4,1,7,False,True,normal,pluvieux
2023-07-07 07:44:55,Hôpital Laquintinie,A+,58,14,22,66,4.9,5,92.7,normale,"État satisfaisant, contrôle qualité OK",4,7,7,False,True,normal,pluvieux
2023-07-07 08:03:10,Hôpital Militaire,A+,68,11,0,57,4.5,20,100.0,normale,Attention: proche expiration,4,8,7,False,True,normal,nuageux
2023-07-07 08:56:05,Hôpital Général Douala,A+,92,11,0,81,4.6,5,100.0,normale,Parfait pour transfusion immédiate,4,8,7,False,True,normal,ensoleillé
2023-07-07 13:21:40,Hôpital Général Douala,A+,84,12,24,96,4.4,12,100.0,normale,"État satisfaisant, contrôle qualité OK",4,13,7,False,True,normal,ensoleillé
2023-07-07 14:45:26,Hôpital Militaire,A+,78,5,19,92,3.6,23,100.0,normale,Contrôle bactériologique négatif,4,14,7,False,True,normal,pluvieux
2023-07-07 21:42:15,Clinique des Spécialités,A+,94,3,0,91,3.5,6,95.6,normale,Hémoglobine dans les normes,4,21,7,False,True,normal,pluvieux
2023-07-07 22:17:59,Centre Médical d'Excellence,A+,66,13,0,53,4.1,8,100.0,normale,Attention: proche expiration,4,22,7,False,True,normal,pluvieux
2023-07-08 01:31:38,Hôpital Militaire,A+,25,4,0,21,4.2,30,100.0,normale,Attention: proche expiration,5,1,7,True,True,normal,ensoleillé
2023-07-08 03:03:55,Centre Médical d'Excellence,A+,20,8,0,12,3.7,26,100.0,faible,Parfait pour transfusion immédiate,5,3,7,True,True,normal,nuageux
2023-07-08 03:29:25,Hôpital Général Douala,A+,23,5,0,18,3.8,46,98.9,faible,Hémoglobine dans les normes,5,3,7,True,True,normal,nuageux
2023-07-08 12:28:04,Hôpital de District Bonassama,A+,40,5,0,35,4.0,31,100.0,normale,"Excellent état, conservation parfaite",5,12,7,True,True,normal,nuageux
2023-07-08 13:54:12,Hôpital Laquintinie,A+,30,8,20,42,3.6,9,100.0,normale,"Bon état général, légère variation température",5,13,7,True,True,normal,nuageux
2023-07-08 14:26:44,Centre Médical d'Excellence,A+,31,5,0,26,3.4,4,85.9,normale,Parfait pour transfusion immédiate,5,14,7,True,True,normal,pluvieux
2023-07-08 18:19:55,Clinique des Spécialités,A+,45,10,25,60,3.6,13,100.0,normale,Parfait pour transfusion immédiate,5,18,7,True,True,normal,ensoleillé
2023-07-09 19:37:24,Hôpital Militaire,A+,70,4,19,85,3.5,9,93.1,normale,Hémoglobine dans les normes,6,19,7,True,True,normal,pluvieux
2023-07-10 02:38:52,Hôpital de District Bonassama,A+,11,9,0,2,4.0,5,100.0,critique,"URGENT: Stock critique - État satisfaisant, contrôle qualité OK",0,2,7,False,True,normal,ensoleillé
2023-07-10 03:03:11,Hôpital de District Bonassama,A+,20,8,23,35,4.9,1,64.5,attention,"Bon état général, légère variation température",0,3,7,False,True,normal,ensoleillé
2023-07-10 08:50:24,Hôpital Laquintinie,A+,78,11,0,67,3.7,14,91.7,normale,Attention: proche expiration,0,8,7,False,True,normal,pluvieux
2023-07-10 12:13:07,Clinique des Spécialités,A+,67,7,0,60,3.8,10,100.0,normale,"Excellent état, conservation parfaite",0,12,7,False,True,normal,nuageux
2023-07-10 12:58:21,Hôpital Général Douala,A+,38,5,0,33,4.2,19,100.0,normale,Urgent: vérifier température stockage,0,12,7,False,True,normal,nuageux
2023-07-10 22:02:50,Clinique des Spécialités,A+,79,8,0,71,4.0,12,100.0,normale,"Bon état général, légère variation température",0,22,7,False,True,normal,orageux
2023-07-10 23:41:45,Clinique des Spécialités,A+,22,11,0,11,3.8,28,100.0,faible,Attention: proche expiration,0,23,7,False,True,normal,nuageux
2023-07-11 14:27:15,Centre Médical d'Excellence,A+,83,16,0,67,3.5,3,85.6,normale,"Excellent état, conservation parfaite",1,14,7,False,True,normal,pluvieux
2023-07-11 15:28:28,Clinique des Spécialités,A+,71,6,0,65,3.5,2,88.2,normale,"État satisfaisant, contrôle qualité OK",1,15,7,False,True,épidémie,ensoleillé
2023-07-11 17:53:42,Hôpital Laquintinie,A+,38,5,0,33,4.0,34,97.8,normale,Hémoglobine dans les normes,1,17,7,False,True,normal,orageux
2023-07-11 20:36:39,Hôpital Général Douala,A+,50,4,0,46,4.8,2,82.8,normale,"Excellent état, conservation parfaite",1,20,7,False,True,normal,pluvieux
2023-07-12 03:29:29,Hôpital de District Bonassama,A+,20,13,0,7,4.0,13,100.0,critique,URGENT: Stock critique - Parfait pour transfusion immédiate,2,3,7,False,True,normal,nuageux
2023-07-12 04:31:24,Hôpital de District Bonassama,A+,27,9,0,18,3.7,3,87.5,faible,"État satisfaisant, contrôle qualité OK",2,4,7,False,True,normal,nuageux
2023-07-12 09:15:38,Hôpital Général Douala,A+,43,3,0,40,3.6,33,96.3,normale,Attention: proche expiration,2,9,7,False,True,normal,pluvieux
2023-07-12 10:12:22,Hôpital Laquintinie,A+,43,12,0,31,4.3,21,100.0,normale,Hémoglobine dans les normes,2,10,7,False,True,normal,nuageux
2023-07-12 12:35:53,Clinique des Spécialités,A+,57,5,0,52,3.5,5,95.1,normale,Parfait pour transfusion immédiate,2,12,7,False,True,normal,ensoleillé
2023-07-12 13:36:15,Hôpital Général Douala,A+,47,9,0,38,4.3,19,100.0,normale,"Bon état général, légère variation température",2,13,7,False,True,normal,pluvieux
2023-07-12 22:56:18,Hôpital de District Bonassama,A+,53,3,27,77,4.5,5,100.0,normale,Hémoglobine dans les normes,2,22,7,False,True,normal,pluvieux
2023-07-12 23:08:57,Hôpital Général Douala,A+,15,12,0,3,3.6,2,86.9,critique,URGENT: Stock critique - Parfait pour transfusion immédiate,2,23,7,False,True,normal,ensoleillé
2023-07-12 23:28:31,Hôpital Laquintinie,A+,32,10,27,49,3.9,19,100.0,normale,Hémoglobine dans les normes,2,23,7,False,True,normal,orageux
2023-07-13 02:38:13,Centre Médical d'Excellence,A+,39,8,0,31,4.9,10,100.0,normale,"Excellent état, conservation parfaite",3,2,7,False,True,normal,orageux
2023-07-13 10:45:47,Hôpital Général Douala,A+,66,5,0,61,3.1,8,95.7,normale,Attention: proche expiration,3,10,7,False,True,normal,nuageux
2023-07-13 12:52:59,Centre Médical d'Excellence,A+,48,11,11,48,4.3,1,53.8,attention,"Bon état général, légère variation température",3,12,7,False,True,normal,pluvieux
2023-07-13 16:14:18,Hôpital de District Bonassama,A+,51,6,0,45,4.0,11,89.7,normale,"État satisfaisant, contrôle qualité OK",3,16,7,False,True,normal,pluvieux
2023-07-13 19:20:35,Hôpital Général Douala,A+,84,3,19,100,4.5,1,64.8,attention,Attention: proche expiration,3,19,7,False,True,normal,pluvieux
2023-07-13 22:02:57,Hôpital Militaire,A+,118,9,21,130,3.8,30,97.1,normale,Contrôle bactériologique négatif,3,22,7,False,True,normal,pluvieux
2023-07-14 00:54:28,Hôpital Laquintinie,A+,20,5,0,15,3.4,2,83.2,faible,Attention: proche expiration,4,0,7,False,True,normal,pluvieux
2023-07-14 02:26:24,Centre Médical d'Excellence,A+,11,10,21,22,4.3,1,55.0,attention,"Bon état général, légère variation température",4,2,7,False,True,normal,ensoleillé
2023-07-14 22:32:23,Hôpital Laquintinie,A+,52,6,0,46,4.0,6,100.0,normale,Parfait pour transfusion immédiate,4,22,7,False,True,normal,orageux
2023-07-14 23:00:28,Centre Médical d'Excellence,A+,3,5,23,23,3.0,1,53.3,attention,Hémoglobine dans les normes,4,23,7,False,True,normal,nuageux
2023-07-14 23:04:44,Clinique des Spécialités,A+,41,6,0,35,3.8,16,96.6,normale,Urgent: vérifier température stockage,4,23,7,False,True,normal,ensoleillé
2023-07-15 03:45:46,Centre Médical d'Excellence,A+,17,8,0,9,3.6,6,99.5,critique,URGENT: Stock critique - Parfait pour transfusion immédiate,5,3,7,True,True,normal,pluvieux
2023-07-15 06:44:16,Hôpital Militaire,A+,38,4,0,34,3.9,13,100.0,normale,"Excellent état, conservation parfaite",5,6,7,True,True,normal,ensoleillé
2023-07-15 10:50:11,Clinique des Spécialités,A+,45,3,0,42,3.7,2,81.7,normale,"Bon état général, légère variation température",5,10,7,True,True,normal,pluvieux
2023-07-15 12:47:56,Hôpital Laquintinie,A+,54,1,0,53,4.2,1,65.2,attention,"État satisfaisant, contrôle qualité OK",5,12,7,True,True,normal,pluvieux
2023-07-15 18:56:33,Hôpital Laquintinie,A+,37,8,0,29,3.3,2,77.1,normale,"État satisfaisant, contrôle qualité OK",5,18,7,True,True,normal,orageux
2023-07-15 20:46:17,Hôpital Laquintinie,A+,44,8,19,55,4.5,1,62.0,attention,"Excellent état, conservation parfaite",5,20,7,True,True,normal,ensoleillé
2023-07-16 02:45:54,Hôpital Général Douala,A+,27,7,0,20,4.1,16,100.0,normale,"Bon état général, légère variation température",6,2,7,True,True,normal,pluvieux
2023-07-16 03:06:32,Hôpital Laquintinie,A+,3,10,0,0,2.7,35,100.0,critique,URGENT: Stock critique - Hémoglobine dans les normes,6,3,7,True,True,normal,nuageux
2023-07-16 09:33:55,Centre Médical d'Excellence,A+,45,4,0,41,3.5,4,88.7,normale,Parfait pour transfusion immédiate,6,9,7,True,True,normal,nuageux
2023-07-17 00:05:51,Hôpital Général Douala,A+,23,9,0,14,4.2,4,81.5,faible,"État satisfaisant, contrôle qualité OK",0,0,7,False,True,normal,orageux
2023-07-17 00:12:12,Clinique des Spécialités,A+,25,7,0,18,4.3,19,100.0,faible,Hémoglobine dans les normes,0,0,7,False,True,normal,ensoleillé
2023-07-17 00:31:07,Centre Médical d'Excellence,A+,19,10,19,28,3.8,5,100.0,normale,Contrôle bactériologique négatif,0,0,7,False,True,normal,ensoleillé
2023-07-17 04:07:00,Hôpital de District Bonassama,A+,33,9,0,24,4.0,1,63.0,attention,Urgent: vérifier température stockage,0,4,7,False,True,normal,pluvieux
2023-07-17 11:49:13,Hôpital de District Bonassama,A+,54,2,19,71,4.3,1,55.5,attention,Attention: proche expiration,0,11,7,False,True,normal,orageux
2023-07-17 12:22:40,Hôpital de District Bonassama,A+,75,11,20,84,3.4,19,94.6,normale,"Bon état général, légère variation température",0,12,7,False,True,urgence_médicale,pluvieux
2023-07-17 15:43:55,Hôpital de District Bonassama,A+,34,6,0,28,3.8,34,99.1,normale,"Bon état général, légère variation température",0,15,7,False,True,normal,ensoleillé
2023-07-18 00:04:06,Hôpital de District Bonassama,A+,26,11,16,31,3.9,2,88.1,normale,Attention: proche expiration,1,0,7,False,True,normal,orageux
2023-07-18 03:25:33,Hôpital Militaire,A+,38,6,0,32,2.9,11,94.3,normale,"Excellent état, conservation parfaite",1,3,7,False,True,normal,pluvieux
2023-07-18 06:43:01,Hôpital de District Bonassama,A+,54,5,0,49,4.8,3,83.5,normale,Urgent: vérifier température stockage,1,6,7,False,True,normal,nuageux
2023-07-18 09:01:23,Hôpital de District Bonassama,A+,38,3,0,35,4.5,9,100.0,normale,"Excellent état, conservation parfaite",1,9,7,False,True,normal,pluvieux
2023-07-18 09:29:31,Hôpital de District Bonassama,A+,66,11,0,55,3.6,5,97.4,normale,Hémoglobine dans les normes,1,9,7,False,True,normal,ensoleillé
2023-07-18 13:57:50,Hôpital Général Douala,A+,64,12,0,52,4.1,2,86.3,normale,Parfait pour transfusion immédiate,1,13,7,False,True,normal,ensoleillé
2023-07-18 20:27:10,Hôpital Général Douala,A+,47,6,0,41,4.3,24,100.0,normale,Attention: proche expiration,1,20,7,False,True,normal,ensoleillé
2023-07-19 05:17:04,Hôpital Laquintinie,A+,37,13,10,34,4.6,1,63.2,attention,Hémoglobine dans les normes,2,5,7,False,True,épidémie,pluvieux
2023-07-19 07:52:16,Hôpital de District Bonassama,A+,78,4,0,74,3.9,2,85.0,normale,Attention: proche expiration,2,7,7,False,True,normal,ensoleillé
2023-07-19 09:05:11,Hôpital Laquintinie,A+,62,10,0,52,4.1,6,100.0,normale,"État satisfaisant, contrôle qualité OK",2,9,7,False,True,normal,ensoleillé
2023-07-19 15:44:05,Clinique des Spécialités,A+,79,11,0,68,4.1,12,100.0,normale,Parfait pour transfusion immédiate,2,15,7,False,True,normal,nuageux
2023-07-19 19:24:33,Hôpital de District Bonassama,A+,60,9,0,51,4.7,1,58.7,attention,Parfait pour transfusion immédiate,2,19,7,False,True,normal,ensoleillé
2023-07-19 20:47:31,Hôpital Militaire,A+,82,11,21,92,4.4,22,100.0,normale,Hémoglobine dans les normes,2,20,7,False,True,normal,nuageux
2023-07-19 23:19:45,Hôpital Général Douala,A+,26,7,0,19,4.8,62,95.6,faible,Parfait pour transfusion immédiate,2,23,7,False,True,normal,pluvieux
2023-07-20 00:11:30,Centre Médical d'Excellence,A+,26,9,0,17,4.3,4,80.6,faible,Contrôle bactériologique négatif,3,0,7,False,True,normal,orageux
2023-07-20 07:46:12,Hôpital Laquintinie,A+,44,5,0,39,4.7,13,100.0,normale,Parfait pour transfusion immédiate,3,7,7,False,True,normal,orageux
2023-07-20 14:53:06,Hôpital Général Douala,A+,41,7,0,34,4.7,7,100.0,normale,Contrôle bactériologique négatif,3,14,7,False,True,normal,ensoleillé
2023-07-20 21:02:25,Hôpital Laquintinie,A+,65,10,0,55,4.8,1,66.3,attention,Attention: proche expiration,3,21,7,False,True,normal,ensoleillé
2023-07-20 21:03:51,Hôpital Général Douala,A+,88,2,13,99,4.9,16,96.4,normale,"État satisfaisant, contrôle qualité OK",3,21,7,False,True,normal,orageux
2023-07-20 22:11:28,Hôpital Militaire,A+,33,11,0,22,2.8,17,99.8,normale,Parfait pour transfusion immédiate,3,22,7,False,True,normal,ensoleillé
2023-07-21 02:23:37,Hôpital Militaire,A+,31,9,25,47,4.2,8,93.7,normale,"Excellent état, conservation parfaite",4,2,7,False,True,normal,nuageux
2023-07-21 06:57:32,Hôpital Laquintinie,A+,52,10,0,42,4.7,5,100.0,normale,Urgent: vérifier température stockage,4,6,7,False,True,normal,ensoleillé
2023-07-21 10:52:31,Hôpital de District Bonassama,A+,67,11,19,75,5.0,2,84.3,normale,Attention: proche expiration,4,10,7,False,True,normal,orageux
2023-07-21 22:45:42,Centre Médical d'Excellence,A+,58,4,0,54,3.4,1,68.2,attention,Urgent: vérifier température stockage,4,22,7,False,True,normal,pluvieux
2023-07-21 23:42:06,Hôpital Général Douala,A+,32,12,0,20,2.8,7,100.0,normale,"État satisfaisant, contrôle qualité OK",4,23,7,False,True,normal,pluvieux
2023-07-22 00:21:24,Hôpital Général Douala,A+,27,3,0,24,4.4,7,97.0,normale,"Excellent état, conservation parfaite",5,0,7,True,True,normal,pluvieux
2023-07-22 03:12:05,Hôpital Militaire,A+,20,8,0,12,4.4,12,100.0,faible,"État satisfaisant, contrôle qualité OK",5,3,7,True,True,normal,pluvieux
2023-07-22 09:24:26,Hôpital Laquintinie,A+,34,13,0,21,3.8,6,100.0,normale,Hémoglobine dans les normes,5,9,7,True,True,normal,nuageux
2023-07-22 09:36:21,Hôpital Général Douala,A+,54,6,0,48,4.6,1,64.1,attention,Parfait pour transfusion immédiate,5,9,7,True,True,normal,ensoleillé
2023-07-22 21:03:01,Hôpital Général Douala,A+,35,3,0,32,4.5,3,87.4,normale,Parfait pour transfusion immédiate,5,21,7,True,True,normal,pluvieux
2023-07-23 00:17:34,Centre Médical d'Excellence,A+,19,7,17,29,4.2,10,98.2,normale,Contrôle bactériologique négatif,6,0,7,True,True,normal,pluvieux
2023-07-23 06:46:04,Clinique des Spécialités,A+,26,7,0,19,4.0,6,97.2,faible,Contrôle bactériologique négatif,6,6,7,True,True,normal,ensoleillé
2023-07-23 13:33:08,Hôpital de District Bonassama,A+,39,6,0,33,4.0,3,85.8,normale,Urgent: vérifier température stockage,6,13,7,True,True,urgence_médicale,pluvieux
2023-07-23 20:10:32,Centre Médical d'Excellence,A+,49,0,20,69,4.3,36,100.0,normale,Parfait pour transfusion immédiate,6,20,7,True,True,normal,ensoleillé
2023-07-23 21:41:27,Clinique des Spécialités,A+,46,8,0,38,3.8,25,95.7,normale,"Excellent état, conservation parfaite",6,21,7,True,True,normal,ensoleillé
2023-07-23 22:06:22,Centre Médical d'Excellence,A+,44,2,14,56,4.0,18,100.0,normale,"État satisfaisant, contrôle qualité OK",6,22,7,True,True,normal,nuageux
2023-07-24 02:57:57,Clinique des Spécialités,A+,36,5,20,51,4.4,6,100.0,normale,"État satisfaisant, contrôle qualité OK",0,2,7,False,True,normal,ensoleillé
2023-07-24 03:51:52,Clinique des Spécialités,A+,23,3,22,42,3.9,3,89.3,normale,"État satisfaisant, contrôle qualité OK",0,3,7,False,True,normal,nuageux
2023-07-24 06:54:51,Clinique des Spécialités,A+,86,8,26,104,4.3,12,97.3,normale,"État satisfaisant, contrôle qualité OK",0,6,7,False,True,normal,nuageux
2023-07-24 13:00:02,Hôpital Général Douala,A+,47,9,23,61,3.7,8,96.7,normale,Attention: proche expiration,0,13,7,False,True,normal,nuageux
2023-07-24 18:15:45,Hôpital Militaire,A+,55,12,23,66,3.6,9,100.0,normale,"Excellent état, conservation parfaite",0,18,7,False,True,normal,ensoleillé
2023-07-24 20:22:17,Clinique des Spécialités,A+,33,5,0,28,4.2,5,98.9,normale,Hémoglobine dans les normes,0,20,7,False,True,normal,nuageux
2023-07-24 22:56:09,Hôpital Général Douala,A+,79,8,30,101,4.3,3,76.3,normale,Hémoglobine dans les normes,0,22,7,False,True,normal,ensoleillé
2023-07-24 23:17:40,Hôpital Laquintinie,A+,23,9,0,14,3.8,6,100.0,faible,"État satisfaisant, contrôle qualité OK",0,23,7,False,True,normal,pluvieux
2023-07-25 06:28:31,Hôpital de District Bonassama,A+,60,8,0,52,4.6,9,94.8,normale,Hémoglobine dans les normes,1,6,7,False,True,normal,ensoleillé
2023-07-25 09:28:59,Hôpital Général Douala,A+,63,12,0,51,4.6,33,100.0,normale,"Bon état général, légère variation température",1,9,7,False,True,normal,ensoleillé
2023-07-26 00:33:49,Hôpital Militaire,A+,33,7,0,26,3.7,1,66.1,attention,Parfait pour transfusion immédiate,2,0,7,False,True,normal,pluvieux
2023-07-26 01:20:49,Hôpital Militaire,A+,24,6,24,42,4.4,7,100.0,normale,Hémoglobine dans les normes,2,1,7,False,True,normal,ensoleillé
2023-07-26 03:24:36,Hôpital de District Bonassama,A+,26,6,0,20,3.7,11,95.6,normale,Urgent: vérifier température stockage,2,3,7,False,True,normal,ensoleillé
2023-07-26 03:26:10,Clinique des Spécialités,A+,36,9,0,27,3.9,36,100.0,normale,Attention: proche expiration,2,3,7,False,True,normal,orageux
2023-07-26 05:57:46,Centre Médical d'Excellence,A+,17,11,0,6,4.2,124,100.0,critique,URGENT: Stock critique - Hémoglobine dans les normes,2,5,7,False,True,normal,orageux
2023-07-26 09:58:24,Hôpital Général Douala,A+,69,8,0,61,4.0,23,95.4,normale,Attention: proche expiration,2,9,7,False,True,normal,pluvieux
2023-07-26 11:34:30,Clinique des Spécialités,A+,54,10,0,44,3.9,7,98.4,normale,"Bon état général, légère variation température",2,11,7,False,True,normal,ensoleillé
2023-07-26 11:58:43,Hôpital Laquintinie,A+,55,11,0,44,3.6,11,95.5,normale,Hémoglobine dans les normes,2,11,7,False,True,normal,nuageux
2023-07-26 13:00:03,Hôpital Général Douala,A+,53,9,0,44,3.8,22,97.8,normale,Contrôle bactériologique négatif,2,13,7,False,True,normal,pluvieux
2023-07-26 14:32:22,Centre Médical d'Excellence,A+,60,14,0,46,3.8,34,100.0,normale,Attention: proche expiration,2,14,7,False,True,normal,nuageux
2023-07-26 15:18:56,Hôpital de District Bonassama,A+,49,11,26,64,2.8,14,93.8,normale,"Excellent état, conservation parfaite",2,15,7,False,True,normal,nuageux
2023-07-26 19:17:09,Centre Médical d'Excellence,A+,61,12,0,49,4.3,4,87.1,normale,Attention: proche expiration,2,19,7,False,True,normal,pluvieux
2023-07-26 19:22:06,Hôpital Général Douala,A+,62,10,0,52,3.9,36,93.8,normale,Contrôle bactériologique négatif,2,19,7,False,True,normal,pluvieux
2023-07-27 00:49:06,Hôpital de District Bonassama,A+,34,15,19,38,3.4,23,93.3,normale,Parfait pour transfusion immédiate,3,0,7,False,True,normal,ensoleillé
2023-07-27 09:17:15,Centre Médical d'Excellence,A+,92,13,0,79,4.9,23,100.0,normale,Attention: proche expiration,3,9,7,False,True,normal,pluvieux
2023-07-27 11:22:42,Hôpital de District Bonassama,A+,73,16,0,57,3.9,8,97.9,normale,"Bon état général, légère variation température",3,11,7,False,True,normal,ensoleillé
2023-07-27 22:12:53,Centre Médical d'Excellence,A+,57,13,28,72,4.6,16,93.0,normale,Urgent: vérifier température stockage,3,22,7,False,True,normal,ensoleillé
2023-07-27 23:53:49,Hôpital Laquintinie,A+,40,8,29,61,4.0,3,85.7,normale,"État satisfaisant, contrôle qualité OK",3,23,7,False,True,campagne_don,ensoleillé
2023-07-28 01:33:29,Hôpital Militaire,A+,28,10,0,18,3.7,11,100.0,faible,Parfait pour transfusion immédiate,4,1,7,False,True,normal,nuageux
2023-07-28 03:58:56,Hôpital Laquintinie,A+,37,8,0,29,4.1,6,100.0,normale,"Bon état général, légère variation température",4,3,7,False,True,normal,orageux
2023-07-28 07:16:34,Hôpital de District Bonassama,A+,42,11,21,52,3.2,5,100.0,normale,"État satisfaisant, contrôle qualité OK",4,7,7,False,True,normal,ensoleillé
2023-07-28 11:38:52,Clinique des Spécialités,A+,44,1,15,58,3.3,15,97.9,normale,Urgent: vérifier température stockage,4,11,7,False,True,normal,nuageux
2023-07-28 13:42:22,Centre Médical d'Excellence,A+,68,5,22,85,3.8,11,100.0,normale,Attention: proche expiration,4,13,7,False,True,normal,nuageux
2023-07-28 14:32:39,Clinique des Spécialités,A+,45,6,0,39,3.7,1,66.7,attention,Parfait pour transfusion immédiate,4,14,7,False,True,normal,orageux
2023-07-28 15:23:13,Clinique des Spécialités,A+,29,3,0,26,4.3,22,100.0,normale,Contrôle bactériologique négatif,4,15,7,False,True,normal,ensoleillé
2023-07-28 15:25:15,Hôpital Laquintinie,A+,75,10,0,65,4.1,18,98.1,normale,Urgent: vérifier température stockage,4,15,7,False,True,normal,pluvieux
2023-07-28 18:06:53,Hôpital Général Douala,A+,21,7,0,14,3.8,9,100.0,faible,Parfait pour transfusion immédiate,4,18,7,False,True,normal,pluvieux
2023-07-28 19:45:28,Hôpital de District Bonassama,A+,57,11,25,71,4.1,62,96.2,normale,Urgent: vérifier température stockage,4,19,7,False,True,normal,ensoleillé
2023-07-28 22:29:11,Hôpital de District Bonassama,A+,38,9,0,29,4.1,39,89.9,normale,"Excellent état, conservation parfaite",4,22,7,False,True,normal,ensoleillé
2023-07-29 05:54:42,Hôpital Laquintinie,A+,21,2,0,19,3.6,14,96.1,faible,Hémoglobine dans les normes,5,5,7,True,True,normal,ensoleillé
2023-07-29 10:41:44,Hôpital Général Douala,A+,62,7,0,55,4.5,1,60.0,attention,"Excellent état, conservation parfaite",5,10,7,True,True,normal,ensoleillé
2023-07-29 12:10:26,Centre Médical d'Excellence,A+,22,4,0,18,4.7,3,89.2,faible,"Bon état général, légère variation température",5,12,7,True,True,normal,ensoleillé
2023-07-29 13:50:58,Hôpital Laquintinie,A+,38,8,0,30,4.4,25,100.0,normale,Attention: proche expiration,5,13,7,True,True,normal,pluvieux
2023-07-29 15:10:25,Hôpital de District Bonassama,A+,51,8,0,43,2.8,15,100.0,normale,Parfait pour transfusion immédiate,5,15,7,True,True,normal,pluvieux
2023-07-30 02:22:16,Clinique des Spécialités,A+,23,7,0,16,4.1,20,97.3,faible,"Excellent état, conservation parfaite",6,2,7,True,True,normal,pluvieux
2023-07-30 11:12:31,Clinique des Spécialités,A+,39,1,0,38,4.4,32,99.1,normale,"État satisfaisant, contrôle qualité OK",6,11,7,True,True,normal,pluvieux
2023-07-30 14:12:04,Hôpital Laquintinie,A+,25,7,26,44,4.1,3,99.7,normale,Contrôle bactériologique négatif,6,14,7,True,True,normal,ensoleillé
2023-07-30 20:13:56,Hôpital Militaire,A+,36,8,0,28,3.8,2,88.7,normale,Contrôle bactériologique négatif,6,20,7,True,True,normal,nuageux
2023-07-30 21:17:49,Hôpital Général Douala,A+,59,10,0,49,4.8,25,100.0,normale,Parfait pour transfusion immédiate,6,21,7,True,True,urgence_médicale,orageux
2023-07-30 22:05:58,Hôpital Laquintinie,A+,36,5,16,47,3.9,11,96.5,normale,"Bon état général, légère variation température",6,22,7,True,True,normal,ensoleillé
2023-07-30 23:04:39,Hôpital Militaire,A+,21,8,26,39,4.1,12,99.5,normale,"État satisfaisant, contrôle qualité OK",6,23,7,True,True,normal,orageux
2023-07-31 02:37:36,Clinique des Spécialités,A+,25,1,18,42,3.6,11,100.0,normale,"Bon état général, légère variation température",0,2,7,False,True,normal,orageux
2023-07-31 06:57:06,Hôpital de District Bonassama,A+,74,9,21,86,4.3,16,100.0,normale,Attention: proche expiration,0,6,7,False,True,normal,ensoleillé
2023-07-31 12:53:50,Hôpital de District Bonassama,A+,45,15,0,30,4.9,3,85.1,normale,Parfait pour transfusion immédiate,0,12,7,False,True,normal,orageux
2023-07-31 14:43:03,Centre Médical d'Excellence,A+,63,12,20,71,4.1,3,84.2,normale,"Bon état général, légère variation température",0,14,7,False,True,normal,nuageux
2023-07-31 15:34:35,Hôpital Militaire,A+,58,10,0,48,4.2,7,100.0,normale,Hémoglobine dans les normes,0,15,7,False,True,normal,nuageux
2023-07-31 15:39:00,Centre Médical d'Excellence,A+,69,14,19,74,4.1,13,100.0,normale,"Excellent état, conservation parfaite",0,15,7,False,True,normal,orageux
2023-07-31 17:24:22,Centre Médical d'Excellence,A+,74,6,24,92,3.8,1,54.3,attention,"Bon état général, légère variation température",0,17,7,False,True,normal,ensoleillé
2023-08-01 00:18:24,Centre Médical d'Excellence,A+,27,8,21,40,3.7,37,100.0,normale,"Bon état général, légère variation température",1,0,8,False,True,normal,pluvieux
2023-08-01 05:08:09,Hôpital Militaire,A+,37,9,0,28,4.1,54,99.5,normale,Attention: proche expiration,1,5,8,False,True,normal,nuageux
2023-08-01 11:25:26,Clinique des Spécialités,A+,45,14,0,31,3.9,94,94.8,normale,"Excellent état, conservation parfaite",1,11,8,False,True,normal,pluvieux
2023-08-01 15:00:46,Hôpital Militaire,A+,77,6,0,71,3.4,1,57.0,attention,Contrôle bactériologique négatif,1,15,8,False,True,normal,orageux
2023-08-02 05:44:39,Hôpital Militaire,A+,38,12,0,26,3.1,10,100.0,normale,"Bon état général, légère variation température",2,5,8,False,True,normal,ensoleillé
2023-08-02 07:56:47,Clinique des Spécialités,A+,49,3,0,46,3.5,2,87.8,normale,Urgent: vérifier température stockage,2,7,8,False,True,normal,nuageux
2023-08-02 10:18:36,Hôpital Général Douala,A+,77,16,19,80,4.0,1,55.6,attention,"Excellent état, conservation parfaite",2,10,8,False,True,normal,pluvieux
2023-08-02 21:40:45,Hôpital Laquintinie,A+,36,10,0,26,5.0,24,99.9,normale,Urgent: vérifier température stockage,2,21,8,False,True,normal,orageux
2023-08-02 22:12:24,Clinique des Spécialités,A+,46,14,22,54,4.6,1,60.3,attention,Contrôle bactériologique négatif,2,22,8,False,True,normal,nuageux
2023-08-03 05:47:03,Clinique des Spécialités,A+,51,10,0,41,4.4,25,100.0,normale,Urgent: vérifier température stockage,3,5,8,False,True,normal,orageux
2023-08-03 06:48:11,Hôpital Laquintinie,A+,71,13,0,58,4.2,6,100.0,normale,Attention: proche expiration,3,6,8,False,True,normal,ensoleillé
2023-08-03 06:48:34,Hôpital Militaire,A+,27,11,0,16,3.7,71,99.0,faible,Hémoglobine dans les normes,3,6,8,False,True,normal,orageux
2023-08-03 09:14:39,Hôpital Militaire,A+,61,10,0,51,3.0,29,100.0,normale,Contrôle bactériologique négatif,3,9,8,False,True,normal,pluvieux
2023-08-03 09:32:06,Hôpital Militaire,A+,54,7,0,47,4.6,2,80.2,normale,Hémoglobine dans les normes,3,9,8,False,True,normal,ensoleillé
2023-08-03 12:28:05,Hôpital de District Bonassama,A+,51,15,19,55,4.4,2,83.9,normale,Hémoglobine dans les normes,3,12,8,False,True,normal,ensoleillé
2023-08-03 13:15:15,Hôpital Général Douala,A+,77,11,0,66,3.9,35,100.0,normale,Parfait pour transfusion immédiate,3,13,8,False,True,normal,ensoleillé
2023-08-03 20:52:29,Hôpital Laquintinie,A+,52,11,23,64,4.0,1,67.4,attention,Hémoglobine dans les normes,3,20,8,False,True,normal,ensoleillé
2023-08-04 00:30:06,Hôpital Laquintinie,A+,24,9,0,15,4.4,1,55.8,faible,"État satisfaisant, contrôle qualité OK",4,0,8,False,True,normal,pluvieux
2023-08-04 02:20:58,Clinique des Spécialités,A+,32,7,0,25,3.7,44,90.6,normale,Attention: proche expiration,4,2,8,False,True,normal,orageux
2023-08-04 02:50:16,Centre Médical d'Excellence,A+,29,6,15,38,4.9,4,80.4,normale,Contrôle bactériologique négatif,4,2,8,False,True,normal,ensoleillé
2023-08-04 10:26:01,Clinique des Spécialités,A+,22,7,0,15,4.6,17,90.7,faible,"État satisfaisant, contrôle qualité OK",4,10,8,False,True,normal,pluvieux
2023-08-04 10:59:27,Clinique des Spécialités,A+,54,12,0,42,3.6,12,100.0,normale,Contrôle bactériologique négatif,4,10,8,False,True,normal,ensoleillé
2023-08-04 20:48:57,Hôpital Militaire,A+,92,11,15,96,3.6,11,100.0,normale,Attention: proche expiration,4,20,8,False,True,normal,ensoleillé
2023-08-04 21:46:57,Hôpital Militaire,A+,80,12,19,87,4.6,10,100.0,normale,"Excellent état, conservation parfaite",4,21,8,False,True,normal,nuageux
2023-08-04 23:16:30,Hôpital Militaire,A+,33,8,0,25,3.9,12,88.2,normale,Urgent: vérifier température stockage,4,23,8,False,True,normal,nuageux
2023-08-05 02:14:20,Hôpital Laquintinie,A+,19,6,0,13,4.6,1,59.3,faible,Hémoglobine dans les normes,5,2,8,True,True,normal,orageux
2023-08-05 09:43:55,Centre Médical d'Excellence,A+,43,6,0,37,4.9,33,97.6,normale,Urgent: vérifier température stockage,5,9,8,True,True,normal,ensoleillé
2023-08-05 14:25:20,Centre Médical d'Excellence,A+,50,3,24,71,4.7,2,78.8,normale,Parfait pour transfusion immédiate,5,14,8,True,True,urgence_médicale,nuageux
2023-08-05 17:35:01,Hôpital de District Bonassama,A+,32,4,0,28,3.7,11,100.0,normale,Parfait pour transfusion immédiate,5,17,8,True,True,normal,pluvieux
2023-08-05 17:38:50,Hôpital Général Douala,A+,25,1,19,43,3.9,15,98.2,normale,Attention: proche expiration,5,17,8,True,True,normal,nuageux
2023-08-05 18:49:27,Hôpital Général Douala,A+,39,8,0,31,4.2,8,89.9,normale,Attention: proche expiration,5,18,8,True,True,normal,ensoleillé
2023-08-05 21:59:42,Hôpital Militaire,A+,59,8,0,51,3.8,4,83.4,normale,"Bon état général, légère variation température",5,21,8,True,True,normal,pluvieux
2023-08-06 00:36:47,Hôpital Général Douala,A+,22,10,0,12,3.8,77,100.0,faible,Hémoglobine dans les normes,6,0,8,True,True,normal,nuageux
2023-08-06 08:09:42,Hôpital Militaire,A+,48,7,0,41,3.6,1,66.1,attention,Parfait pour transfusion immédiate,6,8,8,True,True,normal,nuageux
2023-08-06 09:19:46,Clinique des Spécialités,A+,36,10,20,46,3.8,1,58.6,attention,"État satisfaisant, contrôle qualité OK",6,9,8,True,True,normal,pluvieux
2023-08-06 15:10:04,Centre Médical d'Excellence,A+,57,9,0,48,4.3,12,100.0,normale,Hémoglobine dans les normes,6,15,8,True,True,normal,ensoleillé
2023-08-06 23:37:51,Hôpital Militaire,A+,18,4,0,14,4.9,34,100.0,faible,Parfait pour transfusion immédiate,6,23,8,True,True,normal,pluvieux
2023-08-06 23:51:59,Hôpital Laquintinie,A+,30,12,0,18,4.9,10,98.0,faible,"Bon état général, légère variation température",6,23,8,True,True,normal,ensoleillé
2023-08-07 06:59:32,Hôpital Militaire,A+,65,11,0,54,3.7,18,100.0,normale,Contrôle bactériologique négatif,0,6,8,False,True,normal,pluvieux
2023-08-07 08:26:02,Hôpital Laquintinie,A+,57,8,0,49,4.4,2,87.6,normale,Hémoglobine dans les normes,0,8,8,False,True,normal,ensoleillé
2023-08-07 15:40:13,Hôpital Laquintinie,A+,51,0,0,51,4.1,14,100.0,normale,"Bon état général, légère variation température",0,15,8,False,True,normal,nuageux
2023-08-08 02:28:44,Hôpital Général Douala,A+,31,9,13,35,4.7,3,75.2,normale,"Bon état général, légère variation température",1,2,8,False,True,normal,pluvieux
2023-08-08 04:47:21,Centre Médical d'Excellence,A+,40,4,0,36,4.5,29,100.0,normale,Attention: proche expiration,1,4,8,False,True,normal,ensoleillé
2023-08-08 05:56:43,Hôpital Militaire,A+,35,9,0,26,3.8,7,100.0,normale,Parfait pour transfusion immédiate,1,5,8,False,True,normal,pluvieux
2023-08-08 09:35:16,Clinique des Spécialités,A+,89,9,22,102,4.7,7,100.0,normale,Hémoglobine dans les normes,1,9,8,False,True,normal,orageux
2023-08-08 10:16:18,Centre Médical d'Excellence,A+,45,9,0,36,4.3,21,100.0,normale,Attention: proche expiration,1,10,8,False,True,normal,nuageux
2023-08-08 16:29:15,Hôpital Militaire,A+,88,11,0,77,4.4,42,100.0,normale,Attention: proche expiration,1,16,8,False,True,normal,ensoleillé
2023-08-09 02:21:37,Hôpital de District Bonassama,A+,32,9,0,23,3.7,26,100.0,normale,Hémoglobine dans les normes,2,2,8,False,True,normal,pluvieux
2023-08-09 05:47:39,Centre Médical d'Excellence,A+,36,7,0,29,4.0,1,65.9,attention,"Excellent état, conservation parfaite",2,5,8,False,True,normal,ensoleillé
2023-08-09 15:54:42,Hôpital Militaire,A+,47,5,0,42,4.2,42,96.3,normale,"Bon état général, légère variation température",2,15,8,False,True,normal,orageux
2023-08-09 21:44:39,Clinique des Spécialités,A+,71,18,0,53,4.4,2,87.4,normale,Hémoglobine dans les normes,2,21,8,False,True,normal,orageux
2023-08-09 23:20:07,Centre Médical d'Excellence,A+,41,0,0,41,3.9,17,100.0,normale,"Bon état général, légère variation température",2,23,8,False,True,normal,nuageux
2023-08-10 01:50:11,Centre Médical d'Excellence,A+,16,7,0,9,3.7,20,97.5,critique,"URGENT: Stock critique - État satisfaisant, contrôle qualité OK",3,1,8,False,True,normal,ensoleillé
2023-08-10 19:01:54,Hôpital Laquintinie,A+,49,5,0,44,4.1,15,96.2,normale,"Bon état général, légère variation température",3,19,8,False,True,normal,nuageux
2023-08-10 20:58:55,Centre Médical d'Excellence,A+,51,10,0,41,3.6,5,100.0,normale,Attention: proche expiration,3,20,8,False,True,normal,pluvieux
2023-08-10 21:34:39,Centre Médical d'Excellence,A+,75,13,14,76,3.3,1,59.2,attention,Parfait pour transfusion immédiate,3,21,8,False,True,normal,ensoleillé
2023-08-11 00:04:09,Hôpital Laquintinie,A+,36,5,0,31,3.8,3,87.7,normale,"État satisfaisant, contrôle qualité OK",4,0,8,False,True,normal,ensoleillé
2023-08-11 06:59:15,Hôpital Militaire,A+,82,10,0,72,3.8,9,100.0,normale,Urgent: vérifier température stockage,4,6,8,False,True,normal,ensoleillé
2023-08-11 08:12:21,Hôpital Général Douala,A+,53,10,0,43,4.1,37,99.9,normale,Attention: proche expiration,4,8,8,False,True,normal,orageux
2023-08-11 09:52:22,Centre Médical d'Excellence,A+,46,6,0,40,4.6,3,89.6,normale,Contrôle bactériologique négatif,4,9,8,False,True,normal,ensoleillé
2023-08-11 10:30:31,Clinique des Spécialités,A+,47,2,28,73,4.5,19,100.0,normale,"Excellent état, conservation parfaite",4,10,8,False,True,normal,orageux
2023-08-11 10:34:46,Hôpital Militaire,A+,75,9,0,66,4.2,1,62.2,attention,"Bon état général, légère variation température",4,10,8,False,True,normal,pluvieux
2023-08-11 13:07:20,Hôpital de District Bonassama,A+,59,9,15,65,4.8,16,98.1,normale,Urgent: vérifier température stockage,4,13,8,False,True,normal,orageux
2023-08-11 13:22:42,Hôpital Laquintinie,A+,59,9,16,66,4.0,53,100.0,normale,Parfait pour transfusion immédiate,4,13,8,False,True,normal,nuageux
2023-08-11 17:31:03,Hôpital de District Bonassama,A+,42,13,0,29,4.2,12,100.0,normale,Parfait pour transfusion immédiate,4,17,8,False,True,normal,ensoleillé
2023-08-11 20:39:51,Hôpital Général Douala,A+,84,10,0,74,3.8,4,85.0,normale,Contrôle bactériologique négatif,4,20,8,False,True,normal,pluvieux
2023-08-12 02:17:12,Hôpital Militaire,A+,18,7,0,11,4.1,15,100.0,faible,"État satisfaisant, contrôle qualité OK",5,2,8,True,True,normal,pluvieux
2023-08-12 03:01:17,Hôpital Général Douala,A+,28,8,0,20,4.2,9,95.2,normale,"Excellent état, conservation parfaite",5,3,8,True,True,normal,ensoleillé
2023-08-12 05:43:46,Hôpital Général Douala,A+,15,11,0,4,3.9,26,100.0,critique,URGENT: Stock critique - Urgent: vérifier température stockage,5,5,8,True,True,normal,ensoleillé
2023-08-13 09:49:27,Hôpital Militaire,A+,42,1,21,62,4.0,8,100.0,normale,Urgent: vérifier température stockage,6,9,8,True,True,normal,nuageux
2023-08-13 11:27:53,Hôpital Laquintinie,A+,54,12,0,42,3.8,20,91.1,normale,"Excellent état, conservation parfaite",6,11,8,True,True,normal,orageux
2023-08-13 18:44:59,Clinique des Spécialités,A+,44,7,0,37,4.9,2,72.9,normale,Hémoglobine dans les normes,6,18,8,True,True,normal,orageux
2023-08-13 21:58:52,Hôpital Laquintinie,A+,47,9,0,38,3.9,19,100.0,normale,"Excellent état, conservation parfaite",6,21,8,True,True,normal,ensoleillé
2023-08-13 23:42:23,Centre Médical d'Excellence,A+,24,6,0,18,3.9,2,92.1,faible,Hémoglobine dans les normes,6,23,8,True,True,normal,pluvieux
2023-08-14 10:37:22,Centre Médical d'Excellence,A+,70,5,24,89,4.4,1,62.0,attention,Attention: proche expiration,0,10,8,False,True,campagne_don,pluvieux
2023-08-14 15:52:22,Hôpital Général Douala,A+,60,7,0,53,4.7,16,100.0,normale,"Bon état général, légère variation température",0,15,8,False,True,normal,ensoleillé
2023-08-14 18:39:07,Hôpital de District Bonassama,A+,63,14,15,64,3.6,3,79.7,normale,Hémoglobine dans les normes,0,18,8,False,True,normal,pluvieux
2023-08-14 21:52:27,Hôpital de District Bonassama,A+,23,14,0,9,4.5,12,99.1,critique,URGENT: Stock critique - Hémoglobine dans les normes,0,21,8,False,True,normal,ensoleillé
2023-08-15 04:27:31,Hôpital Général Douala,A+,30,5,0,25,4.3,1,64.0,attention,"État satisfaisant, contrôle qualité OK",1,4,8,False,True,normal,nuageux
2023-08-15 05:40:16,Hôpital Laquintinie,A+,32,7,21,46,3.9,17,96.1,normale,Parfait pour transfusion immédiate,1,5,8,False,True,normal,pluvieux
2023-08-15 06:21:00,Hôpital de District Bonassama,A+,38,11,13,40,3.6,9,100.0,normale,"Bon état général, légère variation température",1,6,8,False,True,normal,nuageux
2023-08-15 09:42:02,Hôpital Militaire,A+,62,6,28,84,4.3,15,100.0,normale,Contrôle bactériologique négatif,1,9,8,False,True,normal,nuageux
2023-08-15 10:52:26,Hôpital Général Douala,A+,46,7,0,39,3.8,11,97.0,normale,Attention: proche expiration,1,10,8,False,True,normal,ensoleillé
2023-08-15 13:47:34,Hôpital Laquintinie,A+,76,8,20,88,3.9,4,84.1,normale,Urgent: vérifier température stockage,1,13,8,False,True,normal,ensoleillé
2023-08-15 15:03:01,Hôpital de District Bonassama,A+,77,14,14,77,3.5,12,93.7,normale,Contrôle bactériologique négatif,1,15,8,False,True,normal,ensoleillé
2023-08-15 20:00:17,Hôpital Militaire,A+,91,15,0,76,2.9,41,93.6,normale,Attention: proche expiration,1,20,8,False,True,normal,ensoleillé
2023-08-16 01:26:41,Hôpital Général Douala,A+,34,7,0,27,3.5,13,100.0,normale,"Bon état général, légère variation température",2,1,8,False,True,normal,pluvieux
2023-08-16 01:48:40,Hôpital Militaire,A+,33,4,0,29,3.4,21,100.0,normale,Urgent: vérifier température stockage,2,1,8,False,True,normal,ensoleillé
2023-08-16 04:20:36,Hôpital Militaire,A+,28,8,21,41,4.0,20,100.0,normale,Urgent: vérifier température stockage,2,4,8,False,True,normal,nuageux
2023-08-16 07:59:57,Clinique des Spécialités,A+,91,10,0,81,3.5,3,87.2,normale,Parfait pour transfusion immédiate,2,7,8,False,True,normal,pluvieux
2023-08-16 10:14:31,Hôpital Général Douala,A+,56,8,0,48,3.4,53,100.0,normale,Urgent: vérifier température stockage,2,10,8,False,True,normal,ensoleillé
2023-08-16 13:49:34,Hôpital Laquintinie,A+,68,7,18,79,4.1,11,100.0,normale,Parfait pour transfusion immédiate,2,13,8,False,True,normal,pluvieux
2023-08-16 15:47:32,Centre Médical d'Excellence,A+,75,11,23,87,4.5,12,98.0,normale,Parfait pour transfusion immédiate,2,15,8,False,True,normal,pluvieux
2023-08-16 17:31:43,Hôpital Militaire,A+,63,10,19,72,3.0,11,100.0,normale,"Excellent état, conservation parfaite",2,17,8,False,True,normal,nuageux
2023-08-16 17:36:48,Hôpital de District Bonassama,A+,48,8,19,59,4.2,1,59.3,attention,Hémoglobine dans les normes,2,17,8,False,True,normal,pluvieux
2023-08-16 23:35:39,Hôpital Laquintinie,A+,25,8,0,17,4.9,61,100.0,faible,Urgent: vérifier température stockage,2,23,8,False,True,normal,pluvieux
2023-08-17 00:33:43,Hôpital Laquintinie,A+,34,16,0,18,4.9,4,84.1,faible,Urgent: vérifier température stockage,3,0,8,False,True,normal,orageux
2023-08-17 01:57:39,Hôpital Militaire,A+,19,8,0,11,3.4,5,99.7,faible,Hémoglobine dans les normes,3,1,8,False,True,normal,pluvieux
2023-08-17 02:20:26,Clinique des Spécialités,A+,29,8,0,21,3.5,75,100.0,normale,Urgent: vérifier température stockage,3,2,8,False,True,normal,pluvieux
2023-08-17 07:19:19,Hôpital de District Bonassama,A+,82,13,0,69,4.4,23,98.6,normale,Urgent: vérifier température stockage,3,7,8,False,True,normal,nuageux
2023-08-17 07:20:26,Centre Médical d'Excellence,A+,65,12,17,70,4.9,4,84.9,normale,Urgent: vérifier température stockage,3,7,8,False,True,normal,ensoleillé
2023-08-17 09:20:17,Clinique des Spécialités,A+,62,7,22,77,2.7,2,81.1,normale,"Excellent état, conservation parfaite",3,9,8,False,True,normal,nuageux
2023-08-17 14:52:56,Centre Médical d'Excellence,A+,50,6,0,44,4.9,58,100.0,normale,Urgent: vérifier température stockage,3,14,8,False,True,normal,nuageux
2023-08-17 16:18:31,Hôpital Militaire,A+,54,8,0,46,3.9,38,100.0,normale,"Excellent état, conservation parfaite",3,16,8,False,True,accident_route,pluvieux
2023-08-17 19:00:35,Hôpital de District Bonassama,A+,39,12,0,27,4.3,12,97.8,normale,Parfait pour transfusion immédiate,3,19,8,False,True,normal,pluvieux
2023-08-17 20:01:36,Hôpital Militaire,A+,26,11,23,38,4.0,19,100.0,normale,Contrôle bactériologique négatif,3,20,8,False,True,normal,orageux
2023-08-17 23:23:00,Hôpital Laquintinie,A+,38,11,0,27,4.2,4,90.0,normale,Urgent: vérifier température stockage,3,23,8,False,True,normal,ensoleillé
2023-08-18 01:13:20,Clinique des Spécialités,A+,28,15,0,13,4.5,4,85.2,faible,Parfait pour transfusion immédiate,4,1,8,False,True,normal,pluvieux
2023-08-18 02:50:31,Hôpital Militaire,A+,39,4,0,35,3.4,16,100.0,normale,"Bon état général, légère variation température",4,2,8,False,True,urgence_médicale,orageux
2023-08-18 08:15:01,Hôpital Militaire,A+,69,6,0,63,3.3,12,100.0,normale,Urgent: vérifier température stockage,4,8,8,False,True,normal,nuageux
2023-08-18 12:44:34,Centre Médical d'Excellence,A+,76,14,0,62,3.9,6,100.0,normale,"État satisfaisant, contrôle qualité OK",4,12,8,False,True,normal,ensoleillé
2023-08-18 13:45:59,Hôpital Général Douala,A+,46,8,0,38,4.6,26,100.0,normale,Hémoglobine dans les normes,4,13,8,False,True,normal,nuageux
2023-08-18 21:46:31,Hôpital Laquintinie,A+,58,15,0,43,4.4,9,95.9,normale,Urgent: vérifier température stockage,4,21,8,False,True,normal,nuageux
2023-08-19 02:38:01,Clinique des Spécialités,A+,18,11,0,7,4.4,30,100.0,critique,URGENT: Stock critique - Urgent: vérifier température stockage,5,2,8,True,True,normal,ensoleillé
2023-08-19 05:00:32,Hôpital Général Douala,A+,30,4,24,50,4.0,5,100.0,normale,Contrôle bactériologique négatif,5,5,8,True,True,normal,ensoleillé
2023-08-19 08:28:27,Hôpital Laquintinie,A+,42,4,0,38,4.4,18,99.0,normale,"Bon état général, légère variation température",5,8,8,True,True,normal,nuageux
2023-08-19 08:44:47,Hôpital Général Douala,A+,59,5,0,54,3.5,1,62.2,attention,"État satisfaisant, contrôle qualité OK",5,8,8,True,True,normal,ensoleillé
2023-08-20 01:40:42,Hôpital Laquintinie,A+,27,6,24,45,3.4,19,94.7,normale,Attention: proche expiration,6,1,8,True,True,normal,orageux
2023-08-20 02:41:31,Hôpital Laquintinie,A+,10,5,0,5,4.9,14,100.0,critique,URGENT: Stock critique - Hémoglobine dans les normes,6,2,8,True,True,normal,pluvieux
2023-08-20 03:03:09,Hôpital Laquintinie,A+,23,3,0,20,4.3,12,100.0,normale,"État satisfaisant, contrôle qualité OK",6,3,8,True,True,normal,nuageux
2023-08-20 04:34:52,Centre Médical d'Excellence,A+,17,3,0,14,3.9,3,92.6,faible,"État satisfaisant, contrôle qualité OK",6,4,8,True,True,normal,nuageux
2023-08-20 04:35:33,Hôpital Général Douala,A+,29,1,0,28,4.4,1,58.9,attention,Parfait pour transfusion immédiate,6,4,8,True,True,normal,pluvieux
2023-08-20 08:29:13,Clinique des Spécialités,A+,47,7,20,60,3.9,1,68.5,attention,Hémoglobine dans les normes,6,8,8,True,True,normal,pluvieux
2023-08-20 11:28:02,Hôpital Laquintinie,A+,54,4,19,69,4.9,18,100.0,normale,Attention: proche expiration,6,11,8,True,True,normal,orageux
2023-08-20 22:13:01,Hôpital Général Douala,A+,32,3,0,29,3.9,9,95.7,normale,Attention: proche expiration,6,22,8,True,True,normal,pluvieux
2023-08-20 23:43:07,Hôpital Général Douala,A+,12,5,0,7,4.0,45,100.0,critique,URGENT: Stock critique - Parfait pour transfusion immédiate,6,23,8,True,True,normal,ensoleillé
2023-08-21 00:18:34,Hôpital Laquintinie,A+,26,11,0,15,2.9,1,73.1,faible,Attention: proche expiration,0,0,8,False,True,normal,orageux
2023-08-21 05:02:27,Hôpital Général Douala,A+,36,11,0,25,4.3,7,93.6,normale,"État satisfaisant, contrôle qualité OK",0,5,8,False,True,épidémie,pluvieux
2023-08-21 06:20:32,Hôpital Militaire,A+,64,10,0,54,4.2,10,90.2,normale,Parfait pour transfusion immédiate,0,6,8,False,True,normal,pluvieux
2023-08-21 06:30:15,Centre Médical d'Excellence,A+,62,9,0,53,4.2,1,63.3,attention,"Excellent état, conservation parfaite",0,6,8,False,True,normal,ensoleillé
2023-08-21 09:25:13,Hôpital Laquintinie,A+,50,12,20,58,3.7,4,89.0,normale,Hémoglobine dans les normes,0,9,8,False,True,urgence_médicale,pluvieux
2023-08-21 19:53:57,Hôpital de District Bonassama,A+,40,9,16,47,3.4,3,78.3,normale,Parfait pour transfusion immédiate,0,19,8,False,True,normal,nuageux
2023-08-21 21:10:30,Clinique des Spécialités,A+,36,13,0,23,4.3,17,92.4,normale,"Excellent état, conservation parfaite",0,21,8,False,True,normal,nuageux
2023-08-21 22:01:59,Hôpital Laquintinie,A+,36,6,13,43,5.0,8,100.0,normale,"Excellent état, conservation parfaite",0,22,8,False,True,normal,ensoleillé
2023-08-22 02:42:04,Hôpital Laquintinie,A+,32,11,0,21,3.7,14,100.0,normale,Urgent: vérifier température stockage,1,2,8,False,True,normal,orageux
2023-08-22 04:04:12,Hôpital Général Douala,A+,42,15,0,27,3.2,8,100.0,normale,Contrôle bactériologique négatif,1,4,8,False,True,normal,pluvieux
2023-08-22 04:34:24,Clinique des Spécialités,A+,37,10,0,27,3.3,26,99.1,normale,Hémoglobine dans les normes,1,4,8,False,True,normal,nuageux
2023-08-22 08:00:57,Hôpital de District Bonassama,A+,46,10,0,36,3.8,8,100.0,normale,Parfait pour transfusion immédiate,1,8,8,False,True,normal,pluvieux
2023-08-22 08:41:47,Centre Médical d'Excellence,A+,66,7,0,59,3.7,4,87.6,normale,Hémoglobine dans les normes,1,8,8,False,True,normal,ensoleillé
2023-08-22 11:03:18,Clinique des Spécialités,A+,26,13,0,13,4.0,13,97.1,faible,Contrôle bactériologique négatif,1,11,8,False,True,normal,nuageux
2023-08-22 11:06:37,Hôpital Laquintinie,A+,29,12,0,17,4.4,9,96.7,faible,Contrôle bactériologique négatif,1,11,8,False,True,normal,nuageux
2023-08-22 18:08:46,Hôpital Militaire,A+,51,7,0,44,4.2,14,99.3,normale,Parfait pour transfusion immédiate,1,18,8,False,True,normal,nuageux
2023-08-22 18:38:44,Hôpital Général Douala,A+,38,8,0,30,3.5,3,81.5,normale,Urgent: vérifier température stockage,1,18,8,False,True,normal,ensoleillé
2023-08-22 19:14:45,Clinique des Spécialités,A+,55,9,17,63,2.6,1,54.6,attention,Hémoglobine dans les normes,1,19,8,False,True,normal,nuageux
2023-08-22 20:24:23,Hôpital de District Bonassama,A+,56,5,0,51,3.3,1,64.2,attention,Attention: proche expiration,1,20,8,False,True,normal,ensoleillé
2023-08-23 01:08:08,Centre Médical d'Excellence,A+,28,4,0,24,3.7,4,90.5,normale,Urgent: vérifier température stockage,2,1,8,False,True,normal,pluvieux
2023-08-23 04:30:10,Hôpital Général Douala,A+,27,4,0,23,4.2,42,97.7,normale,Contrôle bactériologique négatif,2,4,8,False,True,normal,pluvieux
2023-08-23 05:49:40,Clinique des Spécialités,A+,41,6,0,35,3.7,13,100.0,normale,Contrôle bactériologique négatif,2,5,8,False,True,normal,ensoleillé
2023-08-23 17:49:23,Hôpital Laquintinie,A+,40,10,0,30,4.2,27,100.0,normale,"Excellent état, conservation parfaite",2,17,8,False,True,normal,pluvieux
2023-08-24 01:36:45,Hôpital Militaire,A+,28,9,0,19,3.8,1,65.4,faible,Contrôle bactériologique négatif,3,1,8,False,True,normal,nuageux
2023-08-24 03:42:30,Hôpital de District Bonassama,A+,31,7,0,24,3.6,12,97.4,normale,"État satisfaisant, contrôle qualité OK",3,3,8,False,True,normal,pluvieux
2023-08-24 05:47:44,Clinique des Spécialités,A+,34,11,0,23,4.1,45,100.0,normale,"État satisfaisant, contrôle qualité OK",3,5,8,False,True,normal,pluvieux
2023-08-24 06:55:57,Hôpital Général Douala,A+,81,13,0,68,4.0,44,99.3,normale,Attention: proche expiration,3,6,8,False,True,normal,pluvieux
2023-08-24 13:19:21,Clinique des Spécialités,A+,52,12,0,40,3.9,3,88.7,normale,"État satisfaisant, contrôle qualité OK",3,13,8,False,True,normal,ensoleillé
2023-08-24 18:20:54,Centre Médical d'Excellence,A+,77,11,23,89,4.3,4,90.9,normale,Attention: proche expiration,3,18,8,False,True,normal,ensoleillé
2023-08-24 20:06:31,Hôpital Général Douala,A+,50,12,22,60,5.1,9,100.0,normale,"Excellent état, conservation parfaite",3,20,8,False,True,normal,ensoleillé
2023-08-24 20:29:33,Hôpital de District Bonassama,A+,24,14,0,10,4.1,19,99.6,faible,Attention: proche expiration,3,20,8,False,True,normal,ensoleillé
2023-08-24 20:37:07,Clinique des Spécialités,A+,69,9,0,60,4.2,61,100.0,normale,"Excellent état, conservation parfaite",3,20,8,False,True,normal,pluvieux
2023-08-24 21:06:24,Hôpital Militaire,A+,43,5,0,38,3.6,1,66.0,attention,"Excellent état, conservation parfaite",3,21,8,False,True,normal,ensoleillé
2023-08-25 08:01:52,Centre Médical d'Excellence,A+,67,1,0,66,3.7,15,97.8,normale,Hémoglobine dans les normes,4,8,8,False,True,normal,ensoleillé
2023-08-25 18:42:10,Hôpital Militaire,A+,30,11,0,19,3.4,15,100.0,faible,Hémoglobine dans les normes,4,18,8,False,True,urgence_médicale,pluvieux
2023-08-26 02:43:26,Hôpital de District Bonassama,A+,20,9,0,11,3.9,1,65.7,faible,Hémoglobine dans les normes,5,2,8,True,True,normal,orageux
2023-08-26 08:37:35,Hôpital de District Bonassama,A+,74,5,0,69,3.8,20,96.7,normale,Contrôle bactériologique négatif,5,8,8,True,True,normal,ensoleillé
2023-08-26 08:59:12,Clinique des Spécialités,A+,37,4,24,57,4.8,7,100.0,normale,"État satisfaisant, contrôle qualité OK",5,8,8,True,True,normal,pluvieux
2023-08-26 15:53:53,Hôpital Militaire,A+,35,7,21,49,3.7,15,94.7,normale,Attention: proche expiration,5,15,8,True,True,normal,ensoleillé
2023-08-26 20:25:26,Hôpital Militaire,A+,22,13,0,9,3.4,1,63.1,critique,URGENT: Stock critique - Urgent: vérifier température stockage,5,20,8,True,True,normal,pluvieux
2023-08-26 20:42:31,Hôpital Militaire,A+,48,6,22,64,3.9,9,100.0,normale,Urgent: vérifier température stockage,5,20,8,True,True,normal,orageux
2023-08-26 21:14:15,Hôpital Général Douala,A+,43,3,0,40,4.9,133,100.0,normale,Urgent: vérifier température stockage,5,21,8,True,True,normal,ensoleillé
2023-08-27 08:04:39,Hôpital Général Douala,A+,38,5,24,57,3.8,25,100.0,normale,Contrôle bactériologique négatif,6,8,8,True,True,normal,pluvieux
2023-08-27 14:18:17,Centre Médical d'Excellence,A+,60,8,26,78,4.3,35,97.4,normale,"Bon état général, légère variation température",6,14,8,True,True,normal,nuageux
2023-08-27 16:45:03,Clinique des Spécialités,A+,47,5,0,42,3.4,15,99.7,normale,Urgent: vérifier température stockage,6,16,8,True,True,normal,ensoleillé
2023-08-28 06:12:19,Hôpital Général Douala,A+,48,7,0,41,4.5,14,96.6,normale,"État satisfaisant, contrôle qualité OK",0,6,8,False,True,normal,ensoleillé
2023-08-28 09:17:00,Hôpital Militaire,A+,55,6,15,64,5.2,13,100.0,normale,Contrôle bactériologique négatif,0,9,8,False,True,normal,ensoleillé
2023-08-28 16:34:42,Hôpital Général Douala,A+,88,5,22,105,3.8,4,82.3,normale,Hémoglobine dans les normes,0,16,8,False,True,normal,pluvieux
2023-08-28 22:01:49,Hôpital Militaire,A+,58,15,19,62,3.9,25,100.0,normale,"État satisfaisant, contrôle qualité OK",0,22,8,False,True,normal,ensoleillé
2023-08-29 00:27:56,Hôpital Militaire,A+,40,11,18,47,3.6,18,100.0,normale,Contrôle bactériologique négatif,1,0,8,False,True,normal,ensoleillé
2023-08-29 04:40:30,Hôpital Général Douala,A+,46,4,0,42,4.6,26,100.0,normale,Attention: proche expiration,1,4,8,False,True,normal,pluvieux
2023-08-29 11:25:19,Hôpital Général Douala,A+,71,9,0,62,4.9,24,98.5,normale,Urgent: vérifier température stockage,1,11,8,False,True,normal,ensoleillé
2023-08-29 11:45:59,Hôpital Militaire,A+,66,9,21,78,4.2,14,95.7,normale,Parfait pour transfusion immédiate,1,11,8,False,True,normal,ensoleillé
2023-08-29 14:09:21,Hôpital de District Bonassama,A+,115,14,0,101,3.9,1,59.0,attention,Parfait pour transfusion immédiate,1,14,8,False,True,normal,ensoleillé
2023-08-29 17:04:57,Hôpital de District Bonassama,A+,81,12,22,91,4.9,16,97.5,normale,Contrôle bactériologique négatif,1,17,8,False,True,normal,ensoleillé
2023-08-29 22:31:35,Hôpital de District Bonassama,A+,82,10,20,92,4.0,24,100.0,normale,Hémoglobine dans les normes,1,22,8,False,True,normal,ensoleillé
2023-08-30 02:00:57,Hôpital Militaire,A+,27,12,13,28,3.9,8,100.0,normale,Parfait pour transfusion immédiate,2,2,8,False,True,normal,ensoleillé
2023-08-30 10:03:07,Centre Médical d'Excellence,A+,25,14,0,11,4.2,15,100.0,faible,Parfait pour transfusion immédiate,2,10,8,False,True,normal,nuageux
2023-08-30 11:56:30,Hôpital Militaire,A+,84,12,30,102,4.7,2,86.7,normale,Hémoglobine dans les normes,2,11,8,False,True,normal,nuageux
2023-08-30 14:24:40,Hôpital Militaire,A+,60,9,0,51,4.4,10,93.3,normale,Urgent: vérifier température stockage,2,14,8,False,True,normal,pluvieux
2023-08-30 16:24:51,Clinique des Spécialités,A+,43,13,0,30,4.1,9,100.0,normale,Urgent: vérifier température stockage,2,16,8,False,True,normal,pluvieux
2023-08-31 00:41:14,Hôpital Laquintinie,A+,28,0,0,28,4.3,5,100.0,normale,Hémoglobine dans les normes,3,0,8,False,True,normal,pluvieux
2023-08-31 07:57:58,Hôpital Militaire,A+,52,12,0,40,4.2,31,100.0,normale,Parfait pour transfusion immédiate,3,7,8,False,True,normal,ensoleillé
2023-08-31 09:03:31,Hôpital Militaire,A+,74,11,0,63,4.2,16,100.0,normale,"État satisfaisant, contrôle qualité OK",3,9,8,False,True,normal,pluvieux
2023-08-31 13:53:38,Hôpital Général Douala,A+,47,6,25,66,4.2,21,98.9,normale,Hémoglobine dans les normes,3,13,8,False,True,normal,nuageux
2023-08-31 16:44:28,Hôpital Militaire,A+,54,8,17,63,4.4,4,93.9,normale,"Excellent état, conservation parfaite",3,16,8,False,True,normal,orageux
2023-08-31 21:22:49,Hôpital de District Bonassama,A+,37,8,0,29,3.9,1,56.8,attention,Urgent: vérifier température stockage,3,21,8,False,True,normal,pluvieux
2023-09-01 06:12:52,Centre Médical d'Excellence,A+,64,6,13,71,3.7,19,100.0,normale,Parfait pour transfusion immédiate,4,6,9,False,False,normal,ensoleillé
2023-09-01 08:24:33,Hôpital Général Douala,A+,35,7,0,28,2.7,1,57.0,attention,Urgent: vérifier température stockage,4,8,9,False,False,normal,pluvieux
2023-09-01 19:05:51,Hôpital Général Douala,A+,34,11,0,23,4.2,2,86.6,normale,"État satisfaisant, contrôle qualité OK",4,19,9,False,False,normal,pluvieux
2023-09-01 22:03:47,Hôpital Militaire,A+,70,3,0,67,3.7,24,87.5,normale,"État satisfaisant, contrôle qualité OK",4,22,9,False,False,normal,nuageux
2023-09-02 03:51:08,Clinique des Spécialités,A+,19,3,0,16,4.7,17,100.0,faible,"État satisfaisant, contrôle qualité OK",5,3,9,True,False,normal,nuageux
2023-09-02 04:40:19,Hôpital Laquintinie,A+,23,5,0,18,3.1,3,97.2,faible,Hémoglobine dans les normes,5,4,9,True,False,campagne_don,ensoleillé
2023-09-02 05:43:15,Clinique des Spécialités,A+,18,6,0,12,4.1,14,97.5,faible,Parfait pour transfusion immédiate,5,5,9,True,False,normal,pluvieux
2023-09-02 05:50:03,Hôpital de District Bonassama,A+,14,5,0,9,4.4,6,96.8,critique,"URGENT: Stock critique - Bon état général, légère variation température",5,5,9,True,False,normal,ensoleillé
2023-09-02 08:16:28,Clinique des Spécialités,A+,18,6,0,12,3.9,1,55.4,faible,Parfait pour transfusion immédiate,5,8,9,True,False,normal,ensoleillé
2023-09-02 14:39:05,Hôpital Laquintinie,A+,35,6,0,29,4.9,7,97.0,normale,Contrôle bactériologique négatif,5,14,9,True,False,normal,pluvieux
2023-09-02 23:40:01,Hôpital Militaire,A+,20,6,24,38,4.4,13,97.8,normale,"Excellent état, conservation parfaite",5,23,9,True,False,normal,ensoleillé
2023-09-03 06:20:33,Hôpital Laquintinie,A+,38,3,0,35,3.2,1,67.9,attention,"Excellent état, conservation parfaite",6,6,9,True,False,normal,ensoleillé
2023-09-03 07:21:36,Hôpital Militaire,A+,21,7,0,14,3.6,8,100.0,faible,"État satisfaisant, contrôle qualité OK",6,7,9,True,False,normal,ensoleillé
2023-09-03 09:36:50,Hôpital de District Bonassama,A+,22,3,0,19,4.6,6,97.2,faible,"Bon état général, légère variation température",6,9,9,True,False,normal,ensoleillé
2023-09-03 20:05:01,Centre Médical d'Excellence,A+,27,2,20,45,4.1,5,100.0,normale,"Excellent état, conservation parfaite",6,20,9,True,False,normal,ensoleillé
2023-09-03 22:21:59,Hôpital Laquintinie,A+,21,4,0,17,4.6,30,100.0,faible,Attention: proche expiration,6,22,9,True,False,normal,ensoleillé
2023-09-04 03:28:09,Hôpital Laquintinie,A+,27,7,0,20,5.1,20,94.2,normale,Contrôle bactériologique négatif,0,3,9,False,False,normal,orageux
2023-09-04 04:43:41,Centre Médical d'Excellence,A+,27,5,20,42,4.0,3,82.0,normale,"État satisfaisant, contrôle qualité OK",0,4,9,False,False,normal,ensoleillé
2023-09-04 06:35:25,Hôpital Laquintinie,A+,44,8,0,36,5.0,3,86.9,normale,Hémoglobine dans les normes,0,6,9,False,False,normal,pluvieux
2023-09-04 13:39:12,Hôpital Général Douala,A+,48,12,18,54,3.1,8,100.0,normale,Attention: proche expiration,0,13,9,False,False,épidémie,pluvieux
2023-09-05 03:37:29,Hôpital Laquintinie,A+,27,10,0,17,4.5,1,62.8,faible,Urgent: vérifier température stockage,1,3,9,False,False,normal,pluvieux
2023-09-05 09:25:44,Hôpital Militaire,A+,52,10,18,60,3.6,16,100.0,normale,"État satisfaisant, contrôle qualité OK",1,9,9,False,False,normal,ensoleillé
2023-09-05 11:51:28,Hôpital de District Bonassama,A+,49,7,0,42,4.2,5,98.3,normale,Contrôle bactériologique négatif,1,11,9,False,False,normal,orageux
2023-09-05 12:45:53,Centre Médical d'Excellence,A+,57,5,25,77,4.5,20,95.4,normale,"Bon état général, légère variation température",1,12,9,False,False,normal,pluvieux
2023-09-05 13:23:06,Hôpital de District Bonassama,A+,22,9,18,31,4.1,13,97.5,normale,Contrôle bactériologique négatif,1,13,9,False,False,normal,ensoleillé
2023-09-05 22:42:22,Hôpital de District Bonassama,A+,53,9,0,44,3.6,40,100.0,normale,Parfait pour transfusion immédiate,1,22,9,False,False,normal,nuageux
2023-09-06 01:00:59,Hôpital Militaire,A+,25,11,27,41,3.9,1,61.5,attention,Parfait pour transfusion immédiate,2,1,9,False,False,normal,ensoleillé
2023-09-06 03:54:06,Hôpital Militaire,A+,32,10,22,44,4.3,16,92.7,normale,"Excellent état, conservation parfaite",2,3,9,False,False,normal,nuageux
2023-09-06 05:12:40,Centre Médical d'Excellence,A+,31,6,25,50,4.1,10,100.0,normale,"État satisfaisant, contrôle qualité OK",2,5,9,False,False,normal,pluvieux
2023-09-06 06:13:19,Hôpital de District Bonassama,A+,55,8,11,58,4.2,22,91.2,normale,Urgent: vérifier température stockage,2,6,9,False,False,campagne_don,pluvieux
2023-09-06 12:57:20,Hôpital Général Douala,A+,21,6,17,32,4.0,11,100.0,normale,Urgent: vérifier température stockage,2,12,9,False,False,normal,orageux
2023-09-06 14:22:53,Hôpital Laquintinie,A+,42,9,0,33,3.9,6,94.5,normale,Urgent: vérifier température stockage,2,14,9,False,False,normal,nuageux
2023-09-06 14:46:57,Hôpital Laquintinie,A+,59,12,17,64,4.6,43,100.0,normale,Hémoglobine dans les normes,2,14,9,False,False,accident_route,orageux
2023-09-06 18:18:42,Hôpital Général Douala,A+,54,4,0,50,4.0,15,100.0,normale,Attention: proche expiration,2,18,9,False,False,normal,pluvieux
2023-09-06 21:37:18,Clinique des Spécialités,A+,56,11,18,63,3.5,6,100.0,normale,"État satisfaisant, contrôle qualité OK",2,21,9,False,False,accident_route,ensoleillé
2023-09-06 23:57:08,Hôpital Général Douala,A+,23,6,20,37,3.9,6,100.0,normale,Attention: proche expiration,2,23,9,False,False,normal,pluvieux
2023-09-07 04:06:22,Hôpital de District Bonassama,A+,35,9,0,26,4.9,29,94.1,normale,Attention: proche expiration,3,4,9,False,False,normal,pluvieux
2023-09-07 04:28:38,Centre Médical d'Excellence,A+,33,6,16,43,5.0,16,96.4,normale,Parfait pour transfusion immédiate,3,4,9,False,False,normal,ensoleillé
2023-09-07 10:44:16,Clinique des Spécialités,A+,46,7,0,39,4.4,25,100.0,normale,Parfait pour transfusion immédiate,3,10,9,False,False,normal,ensoleillé
2023-09-07 13:55:37,Hôpital Général Douala,A+,28,7,0,21,4.1,13,100.0,normale,Hémoglobine dans les normes,3,13,9,False,False,normal,pluvieux
2023-09-08 05:10:27,Clinique des Spécialités,A+,33,12,0,21,3.5,32,96.4,normale,"État satisfaisant, contrôle qualité OK",4,5,9,False,False,campagne_don,ensoleillé
2023-09-08 06:19:13,Hôpital de District Bonassama,A+,39,6,0,33,4.1,18,100.0,normale,"État satisfaisant, contrôle qualité OK",4,6,9,False,False,accident_route,pluvieux
2023-09-08 08:26:14,Clinique des Spécialités,A+,57,6,21,72,3.5,2,98.1,normale,Urgent: vérifier température stockage,4,8,9,False,False,normal,ensoleillé
2023-09-08 17:35:04,Hôpital de District Bonassama,A+,33,8,18,43,4.1,18,92.8,normale,Urgent: vérifier température stockage,4,17,9,False,False,normal,pluvieux
2023-09-08 17:43:45,Centre Médical d'Excellence,A+,52,15,0,37,4.1,5,97.2,normale,Contrôle bactériologique négatif,4,17,9,False,False,normal,orageux
2023-09-08 20:48:19,Hôpital Général Douala,A+,55,2,0,53,3.4,41,100.0,normale,Contrôle bactériologique négatif,4,20,9,False,False,normal,orageux
2023-09-08 21:20:24,Centre Médical d'Excellence,A+,37,6,0,31,4.5,7,100.0,normale,Contrôle bactériologique négatif,4,21,9,False,False,normal,ensoleillé
2023-09-09 00:29:12,Hôpital de District Bonassama,A+,21,5,0,16,3.7,3,92.0,faible,Urgent: vérifier température stockage,5,0,9,True,False,normal,pluvieux
2023-09-09 05:50:51,Hôpital Général Douala,A+,19,7,0,12,4.7,36,100.0,faible,Parfait pour transfusion immédiate,5,5,9,True,False,normal,ensoleillé
2023-09-09 11:34:22,Centre Médical d'Excellence,A+,29,4,0,25,3.6,4,77.9,normale,Contrôle bactériologique négatif,5,11,9,True,False,normal,orageux
2023-09-09 11:35:11,Hôpital Général Douala,A+,45,4,12,53,4.5,5,100.0,normale,Urgent: vérifier température stockage,5,11,9,True,False,normal,pluvieux
2023-09-09 13:41:10,Centre Médical d'Excellence,A+,30,7,14,37,3.6,15,96.8,normale,"Excellent état, conservation parfaite",5,13,9,True,False,normal,orageux
2023-09-10 02:09:26,Hôpital Laquintinie,A+,17,6,0,11,4.1,27,100.0,faible,"Excellent état, conservation parfaite",6,2,9,True,False,normal,ensoleillé
2023-09-10 03:46:21,Hôpital Général Douala,A+,14,3,0,11,4.1,7,99.4,faible,"Bon état général, légère variation température",6,3,9,True,False,urgence_médicale,nuageux
2023-09-10 09:57:29,Hôpital Laquintinie,A+,32,7,17,42,3.3,42,100.0,normale,Attention: proche expiration,6,9,9,True,False,normal,pluvieux
2023-09-10 10:41:14,Hôpital Laquintinie,A+,49,9,0,40,4.5,3,82.9,normale,Contrôle bactériologique négatif,6,10,9,True,False,urgence_médicale,orageux
2023-09-10 12:43:28,Centre Médical d'Excellence,A+,32,6,0,26,4.2,1,67.8,attention,"Bon état général, légère variation température",6,12,9,True,False,normal,nuageux
2023-09-10 19:25:49,Clinique des Spécialités,A+,23,8,17,32,5.2,8,100.0,normale,"Bon état général, légère variation température",6,19,9,True,False,normal,pluvieux
2023-09-11 00:01:25,Hôpital Laquintinie,A+,11,7,0,4,4.1,16,94.6,critique,"URGENT: Stock critique - Excellent état, conservation parfaite",0,0,9,False,False,normal,pluvieux
2023-09-11 04:17:42,Hôpital Général Douala,A+,25,6,0,19,4.1,7,100.0,faible,"Bon état général, légère variation température",0,4,9,False,False,normal,ensoleillé
2023-09-11 06:58:37,Hôpital Laquintinie,A+,60,8,0,52,3.7,31,99.0,normale,"État satisfaisant, contrôle qualité OK",0,6,9,False,False,normal,ensoleillé
2023-09-11 08:47:43,Hôpital de District Bonassama,A+,78,4,0,74,3.8,11,98.9,normale,Attention: proche expiration,0,8,9,False,False,normal,pluvieux
2023-09-11 10:21:59,Hôpital Général Douala,A+,66,9,0,57,3.3,8,99.6,normale,"Bon état général, légère variation température",0,10,9,False,False,normal,pluvieux
2023-09-11 12:39:40,Hôpital Général Douala,A+,43,6,0,37,3.8,22,96.7,normale,"Excellent état, conservation parfaite",0,12,9,False,False,normal,ensoleillé
2023-09-11 20:52:38,Hôpital de District Bonassama,A+,38,6,0,32,3.9,8,100.0,normale,"Bon état général, légère variation température",0,20,9,False,False,normal,pluvieux
2023-09-13 05:22:35,Clinique des Spécialités,A+,31,6,22,47,4.0,4,84.1,normale,"Excellent état, conservation parfaite",2,5,9,False,False,normal,orageux
2023-09-13 11:07:00,Hôpital Laquintinie,A+,52,6,19,65,4.0,9,100.0,normale,Urgent: vérifier température stockage,2,11,9,False,False,normal,orageux
2023-09-13 11:49:55,Hôpital Général Douala,A+,74,8,0,66,4.4,3,87.9,normale,Parfait pour transfusion immédiate,2,11,9,False,False,normal,ensoleillé
2023-09-13 14:54:38,Hôpital Laquintinie,A+,56,6,0,50,4.6,16,98.5,normale,"Excellent état, conservation parfaite",2,14,9,False,False,normal,nuageux
2023-09-13 18:03:59,Hôpital de District Bonassama,A+,50,5,0,45,3.5,97,95.7,normale,"Bon état général, légère variation température",2,18,9,False,False,normal,pluvieux
2023-09-13 19:28:16,Centre Médical d'Excellence,A+,39,4,0,35,4.6,2,85.0,normale,"Bon état général, légère variation température",2,19,9,False,False,normal,orageux
2023-09-13 21:22:27,Hôpital Général Douala,A+,68,4,0,64,4.1,11,92.6,normale,Parfait pour transfusion immédiate,2,21,9,False,False,normal,pluvieux
2023-09-14 01:10:48,Hôpital Militaire,A+,33,7,23,49,3.9,3,87.1,normale,Attention: proche expiration,3,1,9,False,False,normal,nuageux
2023-09-14 02:44:37,Hôpital Général Douala,A+,21,10,0,11,4.6,25,97.4,faible,Contrôle bactériologique négatif,3,2,9,False,False,normal,nuageux
2023-09-14 06:58:29,Hôpital de District Bonassama,A+,45,9,0,36,3.9,7,100.0,normale,"Excellent état, conservation parfaite",3,6,9,False,False,normal,ensoleillé
2023-09-14 07:11:59,Hôpital Général Douala,A+,51,8,0,43,4.4,1,55.5,attention,"État satisfaisant, contrôle qualité OK",3,7,9,False,False,normal,ensoleillé
2023-09-14 08:19:04,Centre Médical d'Excellence,A+,41,9,15,47,3.8,13,100.0,normale,"Excellent état, conservation parfaite",3,8,9,False,False,normal,ensoleillé
2023-09-14 10:00:55,Hôpital Laquintinie,A+,42,5,27,64,3.9,37,100.0,normale,"Bon état général, légère variation température",3,10,9,False,False,normal,nuageux
2023-09-14 12:05:22,Hôpital Laquintinie,A+,40,10,17,47,4.1,8,88.5,normale,Contrôle bactériologique négatif,3,12,9,False,False,normal,pluvieux
2023-09-15 00:59:44,Hôpital Général Douala,A+,37,15,0,22,4.1,8,95.0,normale,Urgent: vérifier température stockage,4,0,9,False,False,normal,pluvieux
2023-09-15 04:05:38,Hôpital de District Bonassama,A+,27,15,0,12,4.3,14,100.0,faible,Hémoglobine dans les normes,4,4,9,False,False,normal,pluvieux
2023-09-15 06:28:58,Hôpital Laquintinie,A+,39,9,0,30,3.3,2,86.4,normale,"Bon état général, légère variation température",4,6,9,False,False,normal,ensoleillé
2023-09-15 07:11:00,Hôpital Laquintinie,A+,48,8,0,40,5.0,32,94.9,normale,Urgent: vérifier température stockage,4,7,9,False,False,normal,pluvieux
2023-09-15 09:43:39,Hôpital Laquintinie,A+,43,6,0,37,4.7,15,95.2,normale,"Bon état général, légère variation température",4,9,9,False,False,normal,ensoleillé
2023-09-15 14:50:03,Hôpital Général Douala,A+,32,9,0,23,3.8,33,100.0,normale,Urgent: vérifier température stockage,4,14,9,False,False,normal,nuageux
2023-09-15 22:09:37,Hôpital Militaire,A+,35,10,0,25,3.4,30,100.0,normale,Hémoglobine dans les normes,4,22,9,False,False,normal,ensoleillé
2023-09-16 03:57:34,Clinique des Spécialités,A+,8,6,0,2,3.7,34,96.6,critique,URGENT: Stock critique - Parfait pour transfusion immédiate,5,3,9,True,False,normal,pluvieux
2023-09-16 13:12:09,Hôpital de District Bonassama,A+,37,4,0,33,4.3,18,99.3,normale,"État satisfaisant, contrôle qualité OK",5,13,9,True,False,normal,ensoleillé
2023-09-16 15:55:41,Centre Médical d'Excellence,A+,32,5,25,52,3.6,3,91.4,normale,Hémoglobine dans les normes,5,15,9,True,False,urgence_médicale,ensoleillé
2023-09-16 20:44:03,Hôpital Laquintinie,A+,23,8,0,15,4.2,3,86.5,faible,"État satisfaisant, contrôle qualité OK",5,20,9,True,False,normal,ensoleillé
2023-09-17 05:10:08,Hôpital Laquintinie,A+,13,4,0,9,4.7,11,94.9,critique,URGENT: Stock critique - Parfait pour transfusion immédiate,6,5,9,True,False,normal,ensoleillé
2023-09-17 05:47:01,Hôpital Laquintinie,A+,10,4,0,6,4.4,8,100.0,critique,URGENT: Stock critique - Urgent: vérifier température stockage,6,5,9,True,False,normal,pluvieux
2023-09-17 11:00:35,Clinique des Spécialités,A+,45,3,25,67,4.0,38,100.0,normale,Urgent: vérifier température stockage,6,11,9,True,False,normal,nuageux
2023-09-17 11:41:57,Hôpital de District Bonassama,A+,10,2,19,27,4.2,5,100.0,normale,Hémoglobine dans les normes,6,11,9,True,False,normal,orageux
2023-09-17 13:04:17,Hôpital Laquintinie,A+,43,4,0,39,4.1,6,99.7,normale,Attention: proche expiration,6,13,9,True,False,normal,ensoleillé
2023-09-17 13:16:44,Hôpital de District Bonassama,A+,46,6,0,40,3.9,10,100.0,normale,Contrôle bactériologique négatif,6,13,9,True,False,normal,orageux
2023-09-17 16:52:49,Hôpital Laquintinie,A+,30,3,0,27,4.2,5,100.0,normale,Parfait pour transfusion immédiate,6,16,9,True,False,normal,ensoleillé
2023-09-17 18:31:54,Hôpital Général Douala,A+,35,7,0,28,3.4,25,97.1,normale,Contrôle bactériologique négatif,6,18,9,True,False,normal,orageux
2023-09-17 22:36:02,Hôpital Général Douala,A+,38,6,14,46,4.0,5,100.0,normale,"État satisfaisant, contrôle qualité OK",6,22,9,True,False,normal,ensoleillé
2023-09-17 23:07:34,Hôpital de District Bonassama,A+,15,2,0,13,3.5,4,84.3,faible,Parfait pour transfusion immédiate,6,23,9,True,False,normal,ensoleillé
2023-09-17 23:13:23,Hôpital Laquintinie,A+,17,7,0,10,4.3,6,100.0,faible,Contrôle bactériologique négatif,6,23,9,True,False,normal,orageux
2023-09-17 23:46:28,Hôpital Laquintinie,A+,21,5,0,16,2.5,3,88.5,faible,Attention: proche expiration,6,23,9,True,False,normal,pluvieux
2023-09-18 00:50:24,Hôpital de District Bonassama,A+,21,7,19,33,3.4,11,100.0,normale,Parfait pour transfusion immédiate,0,0,9,False,False,normal,ensoleillé
2023-09-18 09:09:08,Clinique des Spécialités,A+,46,7,0,39,3.9,2,80.9,normale,Urgent: vérifier température stockage,0,9,9,False,False,normal,ensoleillé
2023-09-18 14:18:00,Hôpital de District Bonassama,A+,60,7,0,53,3.7,8,100.0,normale,Parfait pour transfusion immédiate,0,14,9,False,False,normal,nuageux
2023-09-18 14:29:56,Clinique des Spécialités,A+,59,10,0,49,4.7,21,100.0,normale,"État satisfaisant, contrôle qualité OK",0,14,9,False,False,normal,pluvieux
2023-09-18 18:44:48,Clinique des Spécialités,A+,44,8,34,70,4.3,1,60.5,attention,"Bon état général, légère variation température",0,18,9,False,False,normal,ensoleillé
2023-09-19 00:07:27,Hôpital Laquintinie,A+,25,9,0,16,4.1,20,92.0,faible,Hémoglobine dans les normes,1,0,9,False,False,normal,ensoleillé
2023-09-19 04:03:18,Hôpital de District Bonassama,A+,25,9,20,36,3.6,14,100.0,normale,Hémoglobine dans les normes,1,4,9,False,False,normal,nuageux
2023-09-19 04:39:38,Hôpital de District Bonassama,A+,26,8,0,18,3.9,29,100.0,faible,"Bon état général, légère variation température",1,4,9,False,False,normal,nuageux
2023-09-19 09:13:55,Hôpital Général Douala,A+,64,10,0,54,4.3,1,62.9,attention,"Bon état général, légère variation température",1,9,9,False,False,normal,pluvieux
2023-09-19 13:44:24,Hôpital de District Bonassama,A+,24,6,0,18,4.2,9,100.0,faible,"État satisfaisant, contrôle qualité OK",1,13,9,False,False,normal,ensoleillé
2023-09-19 21:30:12,Hôpital Laquintinie,A+,57,12,0,45,4.5,24,100.0,normale,Contrôle bactériologique négatif,1,21,9,False,False,normal,ensoleillé
2023-09-19 21:57:41,Hôpital Militaire,A+,73,7,22,88,4.0,4,81.5,normale,Urgent: vérifier température stockage,1,21,9,False,False,normal,ensoleillé
2023-09-20 02:04:55,Hôpital Général Douala,A+,25,10,0,15,4.4,18,100.0,faible,Contrôle bactériologique négatif,2,2,9,False,False,normal,nuageux
2023-09-20 04:02:38,Hôpital Militaire,A+,21,4,0,17,4.9,17,100.0,faible,Urgent: vérifier température stockage,2,4,9,False,False,normal,pluvieux
2023-09-20 17:34:12,Hôpital de District Bonassama,A+,62,8,0,54,4.1,5,91.2,normale,"État satisfaisant, contrôle qualité OK",2,17,9,False,False,normal,pluvieux
2023-09-20 20:34:17,Centre Médical d'Excellence,A+,17,6,0,11,4.0,2,82.7,faible,"Bon état général, légère variation température",2,20,9,False,False,épidémie,orageux
2023-09-20 20:37:18,Hôpital de District Bonassama,A+,27,7,0,20,4.3,1,67.7,attention,Urgent: vérifier température stockage,2,20,9,False,False,normal,ensoleillé
2023-09-20 22:48:00,Hôpital Laquintinie,A+,38,12,0,26,3.7,1,58.5,attention,Hémoglobine dans les normes,2,22,9,False,False,normal,ensoleillé
2023-09-21 01:50:29,Centre Médical d'Excellence,A+,28,10,0,18,3.8,3,84.1,faible,Contrôle bactériologique négatif,3,1,9,False,False,normal,pluvieux
2023-09-21 03:48:57,Hôpital Général Douala,A+,27,8,0,19,3.8,2,76.3,faible,"Bon état général, légère variation température",3,3,9,False,False,normal,ensoleillé
2023-09-21 05:02:52,Hôpital de District Bonassama,A+,30,7,22,45,3.6,26,94.7,normale,Urgent: vérifier température stockage,3,5,9,False,False,normal,ensoleillé
2023-09-21 09:40:04,Clinique des Spécialités,A+,55,8,0,47,3.9,4,81.8,normale,Hémoglobine dans les normes,3,9,9,False,False,normal,orageux
2023-09-22 23:31:10,Hôpital Général Douala,A+,20,10,16,26,4.2,5,100.0,normale,Urgent: vérifier température stockage,4,23,9,False,False,normal,pluvieux
2023-09-23 00:47:03,Hôpital Laquintinie,A+,14,6,0,8,3.6,8,99.1,critique,"URGENT: Stock critique - État satisfaisant, contrôle qualité OK",5,0,9,True,False,normal,nuageux
2023-09-23 01:21:13,Clinique des Spécialités,A+,17,4,0,13,3.1,2,94.7,faible,Urgent: vérifier température stockage,5,1,9,True,False,normal,pluvieux
2023-09-23 05:45:29,Hôpital Général Douala,A+,19,4,0,15,4.2,28,100.0,faible,"État satisfaisant, contrôle qualité OK",5,5,9,True,False,normal,ensoleillé
2023-09-23 14:46:47,Hôpital Général Douala,A+,44,6,0,38,4.2,52,100.0,normale,Contrôle bactériologique négatif,5,14,9,True,False,normal,ensoleillé
2023-09-24 04:45:08,Hôpital Militaire,A+,18,8,0,10,3.3,1,57.3,faible,"État satisfaisant, contrôle qualité OK",6,4,9,True,False,normal,nuageux
2023-09-24 06:42:14,Hôpital de District Bonassama,A+,42,7,19,54,3.4,20,100.0,normale,"État satisfaisant, contrôle qualité OK",6,6,9,True,False,normal,orageux
2023-09-24 07:42:22,Hôpital de District Bonassama,A+,42,2,0,40,4.9,13,100.0,normale,Urgent: vérifier température stockage,6,7,9,True,False,normal,pluvieux
2023-09-24 08:38:28,Clinique des Spécialités,A+,37,6,0,31,4.4,1,57.2,attention,"Excellent état, conservation parfaite",6,8,9,True,False,normal,pluvieux
2023-09-24 14:51:47,Hôpital de District Bonassama,A+,33,8,0,25,3.7,53,94.8,normale,Attention: proche expiration,6,14,9,True,False,normal,pluvieux
2023-09-24 18:16:37,Centre Médical d'Excellence,A+,54,2,0,52,4.7,1,60.2,attention,Urgent: vérifier température stockage,6,18,9,True,False,normal,orageux
2023-09-24 20:54:15,Hôpital Laquintinie,A+,42,3,19,58,3.4,2,84.4,normale,Attention: proche expiration,6,20,9,True,False,normal,pluvieux
2023-09-24 21:58:12,Hôpital Général Douala,A+,43,8,0,35,3.7,1,60.0,attention,"Excellent état, conservation parfaite",6,21,9,True,False,normal,ensoleillé
2023-09-25 01:10:49,Centre Médical d'Excellence,A+,35,11,22,46,4.0,4,84.2,normale,"Bon état général, légère variation température",0,1,9,False,False,normal,pluvieux
2023-09-25 07:18:12,Hôpital de District Bonassama,A+,71,1,16,86,3.2,39,100.0,normale,Parfait pour transfusion immédiate,0,7,9,False,False,normal,nuageux
2023-09-25 09:36:50,Hôpital Militaire,A+,45,12,0,33,4.1,2,88.3,normale,Hémoglobine dans les normes,0,9,9,False,False,normal,ensoleillé
2023-09-25 22:03:57,Hôpital Militaire,A+,39,4,22,57,3.8,25,100.0,normale,Urgent: vérifier température stockage,0,22,9,False,False,normal,pluvieux
2023-09-26 05:15:09,Hôpital de District Bonassama,A+,20,9,0,11,4.0,6,92.2,faible,Attention: proche expiration,1,5,9,False,False,normal,ensoleillé
2023-09-26 08:16:15,Hôpital de District Bonassama,A+,64,0,19,83,3.9,13,99.2,normale,"Bon état général, légère variation température",1,8,9,False,False,normal,nuageux
2023-09-26 14:39:37,Hôpital Militaire,A+,39,7,0,32,4.6,28,100.0,normale,Attention: proche expiration,1,14,9,False,False,normal,ensoleillé
2023-09-26 19:46:33,Hôpital Laquintinie,A+,16,9,0,7,4.8,12,100.0,critique,URGENT: Stock critique - Contrôle bactériologique négatif,1,19,9,False,False,normal,ensoleillé
2023-09-27 03:47:28,Hôpital Militaire,A+,30,4,0,26,3.5,61,100.0,normale,Attention: proche expiration,2,3,9,False,False,normal,ensoleillé
2023-09-27 04:33:39,Hôpital Général Douala,A+,20,10,19,29,4.2,23,100.0,normale,"Excellent état, conservation parfaite",2,4,9,False,False,normal,pluvieux
2023-09-27 06:18:59,Hôpital Général Douala,A+,46,4,0,42,3.2,1,65.2,attention,Contrôle bactériologique négatif,2,6,9,False,False,normal,pluvieux
2023-09-27 15:55:30,Hôpital Laquintinie,A+,62,4,0,58,3.4,6,100.0,normale,"Bon état général, légère variation température",2,15,9,False,False,normal,ensoleillé
2023-09-27 16:00:58,Hôpital Général Douala,A+,48,8,0,40,4.6,9,94.7,normale,"État satisfaisant, contrôle qualité OK",2,16,9,False,False,accident_route,ensoleillé
2023-09-27 22:13:22,Hôpital Militaire,A+,29,8,0,21,4.4,10,93.6,normale,"Bon état général, légère variation température",2,22,9,False,False,normal,ensoleillé
2023-09-27 22:45:09,Hôpital Laquintinie,A+,46,9,0,37,3.3,26,100.0,normale,"Bon état général, légère variation température",2,22,9,False,False,normal,nuageux
2023-09-28 08:11:24,Clinique des Spécialités,A+,50,2,16,64,4.0,2,96.1,normale,Contrôle bactériologique négatif,3,8,9,False,False,normal,ensoleillé
2023-09-28 08:32:56,Hôpital de District Bonassama,A+,51,13,20,58,5.2,1,56.6,attention,"État satisfaisant, contrôle qualité OK",3,8,9,False,False,normal,pluvieux
2023-09-28 13:51:34,Hôpital de District Bonassama,A+,51,9,0,42,4.1,99,97.5,normale,Parfait pour transfusion immédiate,3,13,9,False,False,normal,nuageux
2023-09-28 15:39:41,Hôpital Militaire,A+,64,9,0,55,4.2,36,100.0,normale,Urgent: vérifier température stockage,3,15,9,False,False,normal,nuageux
2023-09-28 15:45:19,Hôpital de District Bonassama,A+,54,7,0,47,3.4,17,98.5,normale,Hémoglobine dans les normes,3,15,9,False,False,accident_route,ensoleillé
2023-09-29 02:37:28,Hôpital Général Douala,A+,30,9,0,21,3.6,19,100.0,normale,Parfait pour transfusion immédiate,4,2,9,False,False,normal,nuageux
2023-09-29 11:04:08,Hôpital Laquintinie,A+,62,3,0,59,4.5,2,86.3,normale,Parfait pour transfusion immédiate,4,11,9,False,False,normal,pluvieux
2023-09-29 13:09:55,Clinique des Spécialités,A+,51,9,0,42,4.5,5,95.7,normale,"État satisfaisant, contrôle qualité OK",4,13,9,False,False,normal,ensoleillé
2023-09-29 19:24:17,Centre Médical d'Excellence,A+,17,10,0,7,4.4,22,100.0,critique,"URGENT: Stock critique - Bon état général, légère variation température",4,19,9,False,False,normal,ensoleillé
2023-09-29 21:12:58,Centre Médical d'Excellence,A+,48,11,0,37,3.6,34,95.1,normale,Urgent: vérifier température stockage,4,21,9,False,False,normal,orageux
2023-09-29 23:14:21,Centre Médical d'Excellence,A+,30,6,0,24,4.8,2,90.9,normale,"Bon état général, légère variation température",4,23,9,False,False,campagne_don,nuageux
2023-09-30 11:57:00,Centre Médical d'Excellence,A+,36,5,0,31,3.6,6,100.0,normale,Hémoglobine dans les normes,5,11,9,True,False,normal,orageux
2023-09-30 16:52:24,Hôpital Général Douala,A+,15,3,0,12,3.5,8,100.0,faible,Urgent: vérifier température stockage,5,16,9,True,False,normal,pluvieux
2023-09-30 21:58:47,Hôpital Militaire,A+,37,6,0,31,4.6,10,100.0,normale,Attention: proche expiration,5,21,9,True,False,normal,ensoleillé
2023-09-30 22:12:12,Clinique des Spécialités,A+,27,1,0,26,4.4,20,100.0,normale,Parfait pour transfusion immédiate,5,22,9,True,False,normal,pluvieux
2023-10-01 04:53:10,Hôpital Général Douala,A+,23,7,0,16,4.2,4,86.2,faible,"Bon état général, légère variation température",6,4,10,True,False,normal,nuageux
2023-10-01 07:30:38,Hôpital de District Bonassama,A+,43,2,0,41,3.3,9,99.0,normale,Parfait pour transfusion immédiate,6,7,10,True,False,normal,pluvieux
2023-10-01 10:04:14,Hôpital Militaire,A+,39,5,23,57,4.1,24,95.0,normale,Attention: proche expiration,6,10,10,True,False,normal,ensoleillé
2023-10-01 11:41:05,Clinique des Spécialités,A+,22,6,0,16,5.2,8,100.0,faible,Parfait pour transfusion immédiate,6,11,10,True,False,normal,pluvieux
2023-10-01 13:20:47,Clinique des Spécialités,A+,33,2,0,31,4.3,14,100.0,normale,Contrôle bactériologique négatif,6,13,10,True,False,normal,pluvieux
2023-10-01 17:28:52,Clinique des Spécialités,A+,23,4,0,19,3.4,13,100.0,faible,"Bon état général, légère variation température",6,17,10,True,False,normal,pluvieux
2023-10-01 18:58:10,Hôpital Général Douala,A+,20,4,0,16,3.9,12,93.9,faible,Contrôle bactériologique négatif,6,18,10,True,False,normal,pluvieux
2023-10-02 11:06:13,Clinique des Spécialités,A+,49,2,0,47,3.3,16,100.0,normale,"État satisfaisant, contrôle qualité OK",0,11,10,False,False,normal,pluvieux
2023-10-02 15:16:11,Centre Médical d'Excellence,A+,50,7,14,57,4.2,8,100.0,normale,"État satisfaisant, contrôle qualité OK",0,15,10,False,False,normal,orageux
2023-10-02 17:49:03,Hôpital Militaire,A+,72,4,0,68,4.0,1,56.0,attention,Contrôle bactériologique négatif,0,17,10,False,False,normal,orageux
2023-10-02 21:33:43,Clinique des Spécialités,A+,67,6,0,61,4.5,40,100.0,normale,Urgent: vérifier température stockage,0,21,10,False,False,normal,pluvieux
2023-10-02 21:46:36,Hôpital Militaire,A+,39,9,14,44,4.0,1,57.8,attention,"État satisfaisant, contrôle qualité OK",0,21,10,False,False,normal,ensoleillé
2023-10-03 06:16:02,Hôpital Général Douala,A+,57,7,0,50,4.5,34,100.0,normale,"Bon état général, légère variation température",1,6,10,False,False,normal,nuageux
2023-10-03 10:48:11,Hôpital Laquintinie,A+,23,5,0,18,4.7,6,100.0,faible,"Excellent état, conservation parfaite",1,10,10,False,False,normal,ensoleillé
2023-10-04 00:54:43,Hôpital Militaire,A+,28,6,0,22,3.9,1,69.8,attention,Hémoglobine dans les normes,2,0,10,False,False,normal,ensoleillé
2023-10-04 02:10:48,Hôpital Laquintinie,A+,21,5,0,16,3.6,2,79.5,faible,Urgent: vérifier température stockage,2,2,10,False,False,normal,pluvieux
2023-10-04 06:21:53,Hôpital Général Douala,A+,51,4,21,68,3.9,13,100.0,normale,Urgent: vérifier température stockage,2,6,10,False,False,normal,ensoleillé
2023-10-04 08:15:40,Hôpital Général Douala,A+,46,14,0,32,4.0,24,99.1,normale,"Excellent état, conservation parfaite",2,8,10,False,False,normal,nuageux
2023-10-04 12:03:18,Hôpital Laquintinie,A+,55,13,0,42,3.3,13,97.8,normale,"État satisfaisant, contrôle qualité OK",2,12,10,False,False,normal,ensoleillé
2023-10-04 18:23:05,Hôpital Laquintinie,A+,52,11,0,41,4.0,1,59.9,attention,Attention: proche expiration,2,18,10,False,False,normal,nuageux
2023-10-04 21:55:03,Hôpital Général Douala,A+,64,6,0,58,4.0,8,98.2,normale,"État satisfaisant, contrôle qualité OK",2,21,10,False,False,normal,nuageux
2023-10-04 23:20:28,Centre Médical d'Excellence,A+,13,7,0,6,4.7,7,94.8,critique,URGENT: Stock critique - Contrôle bactériologique négatif,2,23,10,False,False,normal,pluvieux
2023-10-05 12:39:46,Clinique des Spécialités,A+,26,8,0,18,4.0,6,98.3,faible,"Excellent état, conservation parfaite",3,12,10,False,False,normal,nuageux
2023-10-05 16:12:44,Hôpital Laquintinie,A+,47,4,0,43,4.2,1,62.6,attention,Contrôle bactériologique négatif,3,16,10,False,False,normal,ensoleillé
2023-10-06 07:44:14,Hôpital de District Bonassama,A+,25,9,0,16,3.2,1,63.7,faible,Urgent: vérifier température stockage,4,7,10,False,False,normal,nuageux
2023-10-06 08:25:59,Hôpital de District Bonassama,A+,39,6,15,48,4.5,30,94.3,normale,Attention: proche expiration,4,8,10,False,False,normal,ensoleillé
2023-10-06 16:59:41,Hôpital Militaire,A+,73,8,0,65,4.7,2,85.1,normale,Attention: proche expiration,4,16,10,False,False,normal,nuageux
2023-10-06 20:54:54,Hôpital Militaire,A+,60,8,0,52,3.5,33,100.0,normale,Hémoglobine dans les normes,4,20,10,False,False,normal,ensoleillé
2023-10-07 04:10:08,Hôpital Général Douala,A+,28,4,0,24,3.5,14,100.0,normale,Hémoglobine dans les normes,5,4,10,True,False,normal,pluvieux
2023-10-07 04:19:10,Centre Médical d'Excellence,A+,9,6,13,16,3.6,1,54.7,faible,"Bon état général, légère variation température",5,4,10,True,False,urgence_médicale,ensoleillé
2023-10-07 05:13:24,Hôpital Laquintinie,A+,20,7,0,13,3.7,22,99.1,faible,Contrôle bactériologique négatif,5,5,10,True,False,normal,nuageux
2023-10-07 16:00:48,Hôpital Laquintinie,A+,35,6,0,29,4.0,17,93.5,normale,"État satisfaisant, contrôle qualité OK",5,16,10,True,False,normal,pluvieux
2023-10-07 23:05:56,Centre Médical d'Excellence,A+,10,5,0,5,4.1,7,100.0,critique,URGENT: Stock critique - Attention: proche expiration,5,23,10,True,False,normal,orageux
2023-10-08 02:58:38,Centre Médical d'Excellence,A+,4,5,0,0,3.4,12,100.0,critique,URGENT: Stock critique - Contrôle bactériologique négatif,6,2,10,True,False,normal,pluvieux
2023-10-08 08:32:35,Hôpital Militaire,A+,31,5,0,26,4.4,8,100.0,normale,"Bon état général, légère variation température",6,8,10,True,False,normal,ensoleillé
2023-10-08 16:12:57,Centre Médical d'Excellence,A+,37,3,14,48,4.1,21,99.2,normale,Attention: proche expiration,6,16,10,True,False,normal,ensoleillé
2023-10-08 17:23:42,Centre Médical d'Excellence,A+,27,5,0,22,4.3,19,97.6,normale,Contrôle bactériologique négatif,6,17,10,True,False,normal,pluvieux
2023-10-08 20:15:41,Centre Médical d'Excellence,A+,33,4,0,29,4.5,1,60.1,attention,Attention: proche expiration,6,20,10,True,False,normal,ensoleillé
2023-10-08 23:22:08,Centre Médical d'Excellence,A+,13,3,20,30,4.5,16,98.2,normale,Hémoglobine dans les normes,6,23,10,True,False,normal,pluvieux
2023-10-09 03:44:12,Hôpital Général Douala,A+,30,10,10,30,4.5,13,100.0,normale,Contrôle bactériologique négatif,0,3,10,False,False,normal,ensoleillé
2023-10-09 17:19:03,Clinique des Spécialités,A+,46,4,0,42,4.5,1,63.1,attention,Attention: proche expiration,0,17,10,False,False,accident_route,ensoleillé
2023-10-09 22:56:21,Clinique des Spécialités,A+,51,8,15,58,4.1,2,90.0,normale,Attention: proche expiration,0,22,10,False,False,normal,ensoleillé
2023-10-10 04:30:29,Hôpital Général Douala,A+,21,7,0,14,4.6,7,93.7,faible,"Excellent état, conservation parfaite",1,4,10,False,False,normal,ensoleillé
2023-10-10 13:45:49,Centre Médical d'Excellence,A+,59,9,29,79,4.1,4,82.7,normale,"État satisfaisant, contrôle qualité OK",1,13,10,False,False,normal,ensoleillé
2023-10-10 14:07:56,Hôpital de District Bonassama,A+,72,8,16,80,3.5,2,76.8,normale,"Bon état général, légère variation température",1,14,10,False,False,normal,nuageux
2023-10-10 20:56:43,Hôpital Laquintinie,A+,67,6,0,61,3.2,28,100.0,normale,Hémoglobine dans les normes,1,20,10,False,False,accident_route,pluvieux
2023-10-11 04:42:03,Hôpital de District Bonassama,A+,25,13,0,12,3.6,6,98.9,faible,Parfait pour transfusion immédiate,2,4,10,False,False,normal,ensoleillé
2023-10-11 08:50:14,Hôpital de District Bonassama,A+,55,8,25,72,4.1,12,100.0,normale,Contrôle bactériologique négatif,2,8,10,False,False,normal,nuageux
2023-10-11 12:25:07,Centre Médical d'Excellence,A+,77,3,0,74,3.4,22,94.4,normale,"Bon état général, légère variation température",2,12,10,False,False,normal,ensoleillé
2023-10-11 12:50:25,Hôpital Laquintinie,A+,40,6,0,34,3.0,7,100.0,normale,Parfait pour transfusion immédiate,2,12,10,False,False,normal,ensoleillé
2023-10-11 15:29:57,Hôpital de District Bonassama,A+,80,9,18,89,3.6,25,100.0,normale,Urgent: vérifier température stockage,2,15,10,False,False,normal,ensoleillé
2023-10-11 15:45:42,Hôpital de District Bonassama,A+,73,10,0,63,4.1,9,100.0,normale,"Bon état général, légère variation température",2,15,10,False,False,normal,nuageux
2023-10-11 20:05:34,Hôpital Militaire,A+,8,6,25,27,2.9,41,100.0,normale,Urgent: vérifier température stockage,2,20,10,False,False,normal,ensoleillé
2023-10-11 22:16:20,Hôpital Général Douala,A+,47,3,0,44,4.2,10,100.0,normale,Parfait pour transfusion immédiate,2,22,10,False,False,normal,orageux
2023-10-11 23:03:49,Centre Médical d'Excellence,A+,21,8,0,13,4.7,12,100.0,faible,"Excellent état, conservation parfaite",2,23,10,False,False,normal,pluvieux
2023-10-12 02:43:57,Hôpital Laquintinie,A+,32,5,0,27,4.4,3,79.2,normale,Hémoglobine dans les normes,3,2,10,False,False,normal,ensoleillé
2023-10-12 06:46:00,Hôpital Militaire,A+,55,6,0,49,4.4,19,98.9,normale,"État satisfaisant, contrôle qualité OK",3,6,10,False,False,normal,nuageux
2023-10-12 08:41:01,Hôpital Général Douala,A+,57,9,0,48,2.9,1,52.7,attention,Urgent: vérifier température stockage,3,8,10,False,False,normal,pluvieux
2023-10-12 11:25:14,Centre Médical d'Excellence,A+,46,8,19,57,3.7,22,100.0,normale,Hémoglobine dans les normes,3,11,10,False,False,normal,ensoleillé
2023-10-12 11:57:26,Hôpital de District Bonassama,A+,66,7,19,78,4.7,10,100.0,normale,Attention: proche expiration,3,11,10,False,False,normal,nuageux
2023-10-12 14:24:32,Clinique des Spécialités,A+,39,8,19,50,4.4,16,96.4,normale,Attention: proche expiration,3,14,10,False,False,normal,nuageux
2023-10-12 16:07:51,Hôpital Militaire,A+,50,9,0,41,4.0,58,99.2,normale,Hémoglobine dans les normes,3,16,10,False,False,normal,ensoleillé
2023-10-13 01:35:00,Hôpital Général Douala,A+,20,10,20,30,4.3,7,100.0,normale,"Bon état général, légère variation température",4,1,10,False,False,normal,nuageux
2023-10-13 02:36:22,Hôpital Général Douala,A+,14,3,0,11,3.7,13,95.8,faible,Hémoglobine dans les normes,4,2,10,False,False,normal,ensoleillé
2023-10-13 04:16:44,Clinique des Spécialités,A+,29,6,0,23,3.5,19,100.0,normale,Hémoglobine dans les normes,4,4,10,False,False,normal,orageux
2023-10-13 06:21:44,Hôpital Général Douala,A+,58,9,0,49,3.5,1,54.6,attention,"État satisfaisant, contrôle qualité OK",4,6,10,False,False,normal,ensoleillé
2023-10-13 11:40:57,Hôpital de District Bonassama,A+,40,1,0,39,3.8,1,64.7,attention,Urgent: vérifier température stockage,4,11,10,False,False,normal,ensoleillé
2023-10-13 21:43:16,Clinique des Spécialités,A+,65,13,0,52,4.0,2,86.2,normale,Hémoglobine dans les normes,4,21,10,False,False,normal,orageux
2023-10-14 15:35:45,Hôpital Général Douala,A+,32,7,0,25,4.7,8,100.0,normale,Urgent: vérifier température stockage,5,15,10,True,False,normal,orageux
2023-10-14 16:42:32,Hôpital de District Bonassama,A+,16,8,18,26,4.6,8,100.0,normale,Parfait pour transfusion immédiate,5,16,10,True,False,normal,pluvieux
2023-10-14 17:22:13,Hôpital Laquintinie,A+,41,7,0,34,3.7,35,100.0,normale,Urgent: vérifier température stockage,5,17,10,True,False,normal,nuageux
2023-10-14 19:22:47,Hôpital de District Bonassama,A+,38,1,0,37,3.6,15,93.9,normale,"État satisfaisant, contrôle qualité OK",5,19,10,True,False,normal,ensoleillé
2023-10-14 20:14:11,Hôpital de District Bonassama,A+,26,6,19,39,4.7,4,80.9,normale,Contrôle bactériologique négatif,5,20,10,True,False,normal,ensoleillé
2023-10-14 22:16:35,Hôpital Militaire,A+,9,5,18,22,3.9,3,78.9,normale,Parfait pour transfusion immédiate,5,22,10,True,False,normal,pluvieux
2023-10-16 01:35:42,Hôpital Laquintinie,A+,24,9,0,15,4.2,14,100.0,faible,"État satisfaisant, contrôle qualité OK",0,1,10,False,False,normal,pluvieux
2023-10-16 12:56:19,Hôpital Militaire,A+,65,13,20,72,3.7,4,92.3,normale,"État satisfaisant, contrôle qualité OK",0,12,10,False,False,normal,pluvieux
2023-10-16 16:48:38,Clinique des Spécialités,A+,38,9,16,45,3.9,6,96.9,normale,"Bon état général, légère variation température",0,16,10,False,False,normal,pluvieux
2023-10-16 17:51:13,Hôpital Militaire,A+,73,6,0,67,4.1,4,81.6,normale,Contrôle bactériologique négatif,0,17,10,False,False,normal,nuageux
2023-10-16 22:18:00,Clinique des Spécialités,A+,40,10,0,30,3.3,10,99.7,normale,"État satisfaisant, contrôle qualité OK",0,22,10,False,False,accident_route,ensoleillé
2023-10-17 07:34:54,Hôpital Laquintinie,A+,33,8,0,25,3.8,10,95.1,normale,Parfait pour transfusion immédiate,1,7,10,False,False,normal,ensoleillé
2023-10-17 23:57:07,Centre Médical d'Excellence,A+,34,6,0,28,3.8,4,78.7,normale,Parfait pour transfusion immédiate,1,23,10,False,False,normal,ensoleillé
2023-10-18 00:46:01,Hôpital de District Bonassama,A+,24,12,0,12,4.4,120,100.0,faible,Attention: proche expiration,2,0,10,False,False,normal,orageux
2023-10-18 06:59:02,Clinique des Spécialités,A+,51,11,23,63,3.7,1,65.5,attention,Attention: proche expiration,2,6,10,False,False,normal,ensoleillé
2023-10-18 08:59:44,Hôpital Laquintinie,A+,49,10,0,39,4.0,2,88.0,normale,Contrôle bactériologique négatif,2,8,10,False,False,normal,ensoleillé
2023-10-18 14:12:59,Centre Médical d'Excellence,A+,65,10,0,55,4.0,5,100.0,normale,Contrôle bactériologique négatif,2,14,10,False,False,normal,ensoleillé
2023-10-19 05:04:49,Hôpital Militaire,A+,20,9,0,11,4.0,1,49.5,faible,"État satisfaisant, contrôle qualité OK",3,5,10,False,False,normal,pluvieux
2023-10-19 07:50:46,Hôpital de District Bonassama,A+,47,6,0,41,4.2,8,100.0,normale,"État satisfaisant, contrôle qualité OK",3,7,10,False,False,normal,nuageux
2023-10-19 10:50:02,Clinique des Spécialités,A+,33,5,0,28,4.1,4,86.3,normale,Attention: proche expiration,3,10,10,False,False,normal,nuageux
2023-10-19 13:09:45,Hôpital Laquintinie,A+,45,6,11,50,4.1,13,100.0,normale,Urgent: vérifier température stockage,3,13,10,False,False,normal,pluvieux
2023-10-19 13:36:26,Clinique des Spécialités,A+,56,7,16,65,4.0,2,95.6,normale,Hémoglobine dans les normes,3,13,10,False,False,normal,pluvieux
2023-10-19 14:54:09,Centre Médical d'Excellence,A+,47,12,0,35,4.2,56,97.3,normale,Attention: proche expiration,3,14,10,False,False,normal,orageux
2023-10-19 17:31:04,Hôpital Militaire,A+,84,2,0,82,5.4,12,100.0,normale,"Bon état général, légère variation température",3,17,10,False,False,normal,ensoleillé
2023-10-19 17:39:28,Hôpital de District Bonassama,A+,30,9,0,21,4.3,7,100.0,normale,Attention: proche expiration,3,17,10,False,False,normal,nuageux
2023-10-19 21:49:11,Hôpital Militaire,A+,35,5,21,51,3.7,8,91.6,normale,"Bon état général, légère variation température",3,21,10,False,False,épidémie,pluvieux
2023-10-20 00:00:05,Clinique des Spécialités,A+,13,9,14,18,4.1,3,92.6,faible,"État satisfaisant, contrôle qualité OK",4,0,10,False,False,normal,pluvieux
2023-10-20 11:18:33,Centre Médical d'Excellence,A+,45,6,0,39,4.4,9,97.0,normale,"Excellent état, conservation parfaite",4,11,10,False,False,normal,nuageux
2023-10-20 11:32:50,Clinique des Spécialités,A+,41,10,0,31,4.7,53,100.0,normale,Contrôle bactériologique négatif,4,11,10,False,False,normal,orageux
2023-10-20 11:59:54,Hôpital Militaire,A+,43,6,21,58,4.6,1,53.6,attention,"Excellent état, conservation parfaite",4,11,10,False,False,normal,pluvieux
2023-10-20 22:31:46,Hôpital Militaire,A+,48,2,20,66,3.9,42,100.0,normale,Urgent: vérifier température stockage,4,22,10,False,False,normal,ensoleillé
2023-10-20 23:42:39,Centre Médical d'Excellence,A+,32,7,0,25,3.6,27,100.0,normale,Attention: proche expiration,4,23,10,False,False,normal,pluvieux
2023-10-21 00:20:36,Centre Médical d'Excellence,A+,8,5,0,3,4.6,17,96.5,critique,"URGENT: Stock critique - Bon état général, légère variation température",5,0,10,True,False,normal,ensoleillé
2023-10-21 02:47:22,Centre Médical d'Excellence,A+,17,6,0,11,4.4,16,94.1,faible,Parfait pour transfusion immédiate,5,2,10,True,False,normal,ensoleillé
2023-10-21 03:27:08,Hôpital Laquintinie,A+,14,2,0,12,3.6,5,100.0,faible,Contrôle bactériologique négatif,5,3,10,True,False,accident_route,ensoleillé
2023-10-21 04:03:37,Hôpital de District Bonassama,A+,18,3,17,32,4.0,17,98.8,normale,"État satisfaisant, contrôle qualité OK",5,4,10,True,False,normal,nuageux
2023-10-21 12:05:58,Clinique des Spécialités,A+,47,6,21,62,3.9,30,100.0,normale,"Bon état général, légère variation température",5,12,10,True,False,normal,ensoleillé
2023-10-21 13:51:15,Hôpital Laquintinie,A+,16,7,0,9,3.9,7,100.0,critique,URGENT: Stock critique - Parfait pour transfusion immédiate,5,13,10,True,False,normal,ensoleillé
2023-10-21 17:10:00,Clinique des Spécialités,A+,39,5,0,34,3.8,3,87.9,normale,Urgent: vérifier température stockage,5,17,10,True,False,normal,pluvieux
2023-10-21 20:32:57,Hôpital de District Bonassama,A+,53,7,14,60,4.0,2,84.0,normale,"Bon état général, légère variation température",5,20,10,True,False,normal,nuageux
2023-10-22 13:51:45,Clinique des Spécialités,A+,40,5,0,35,3.7,8,98.6,normale,"Bon état général, légère variation température",6,13,10,True,False,normal,pluvieux
2023-10-22 16:51:45,Hôpital Laquintinie,A+,28,5,0,23,3.9,1,62.2,attention,Contrôle bactériologique négatif,6,16,10,True,False,normal,ensoleillé
2023-10-22 18:45:16,Hôpital de District Bonassama,A+,57,4,0,53,3.8,31,100.0,normale,Hémoglobine dans les normes,6,18,10,True,False,normal,pluvieux
2023-10-22 18:55:17,Hôpital Militaire,A+,41,9,26,58,3.9,5,99.0,normale,"État satisfaisant, contrôle qualité OK",6,18,10,True,False,normal,ensoleillé
2023-10-22 19:13:14,Hôpital de District Bonassama,A+,35,3,0,32,3.2,9,96.3,normale,"Bon état général, légère variation température",6,19,10,True,False,normal,pluvieux
2023-10-22 19:25:14,Hôpital Laquintinie,A+,21,4,0,17,4.2,2,83.9,faible,Urgent: vérifier température stockage,6,19,10,True,False,normal,ensoleillé
2023-10-22 21:27:16,Hôpital de District Bonassama,A+,42,4,15,53,3.6,1,55.6,attention,"État satisfaisant, contrôle qualité OK",6,21,10,True,False,normal,pluvieux
2023-10-23 10:36:53,Centre Médical d'Excellence,A+,54,5,22,71,3.5,5,100.0,normale,Urgent: vérifier température stockage,0,10,10,False,False,normal,orageux
2023-10-23 11:21:28,Hôpital de District Bonassama,A+,23,9,14,28,4.4,6,91.2,normale,Attention: proche expiration,0,11,10,False,False,normal,ensoleillé
2023-10-23 17:40:03,Hôpital Militaire,A+,48,5,0,43,4.3,13,100.0,normale,Attention: proche expiration,0,17,10,False,False,normal,nuageux
2023-10-23 19:15:33,Hôpital Laquintinie,A+,21,10,0,11,4.0,11,99.5,faible,Contrôle bactériologique négatif,0,19,10,False,False,normal,pluvieux
2023-10-23 22:54:38,Hôpital de District Bonassama,A+,49,8,0,41,3.4,27,100.0,normale,Attention: proche expiration,0,22,10,False,False,normal,pluvieux
2023-10-24 07:01:02,Clinique des Spécialités,A+,44,8,24,60,4.4,1,53.0,attention,Urgent: vérifier température stockage,1,7,10,False,False,normal,ensoleillé
2023-10-24 08:05:23,Clinique des Spécialités,A+,31,6,0,25,3.4,75,100.0,normale,Attention: proche expiration,1,8,10,False,False,normal,pluvieux
2023-10-24 10:43:00,Hôpital Militaire,A+,64,11,22,75,3.4,3,87.1,normale,Attention: proche expiration,1,10,10,False,False,normal,ensoleillé
2023-10-24 14:03:21,Centre Médical d'Excellence,A+,31,7,0,24,4.5,14,98.7,normale,Hémoglobine dans les normes,1,14,10,False,False,normal,pluvieux
2023-10-24 16:01:45,Hôpital Laquintinie,A+,60,9,0,51,4.3,11,96.5,normale,Urgent: vérifier température stockage,1,16,10,False,False,urgence_médicale,orageux
2023-10-24 19:58:38,Hôpital Général Douala,A+,56,8,0,48,4.3,2,89.4,normale,Attention: proche expiration,1,19,10,False,False,normal,ensoleillé
2023-10-25 03:50:54,Hôpital Général Douala,A+,24,8,0,16,3.8,19,100.0,faible,Attention: proche expiration,2,3,10,False,False,normal,ensoleillé
2023-10-25 09:50:03,Hôpital Laquintinie,A+,58,1,0,57,3.6,13,89.2,normale,"Bon état général, légère variation température",2,9,10,False,False,normal,ensoleillé
2023-10-25 11:26:50,Centre Médical d'Excellence,A+,50,7,15,58,3.8,14,100.0,normale,Parfait pour transfusion immédiate,2,11,10,False,False,normal,nuageux
2023-10-25 22:03:29,Centre Médical d'Excellence,A+,61,6,0,55,5.2,49,100.0,normale,Attention: proche expiration,2,22,10,False,False,normal,ensoleillé
2023-10-26 13:47:33,Hôpital Laquintinie,A+,16,6,22,32,4.4,44,97.0,normale,"Excellent état, conservation parfaite",3,13,10,False,False,normal,ensoleillé
2023-10-26 14:15:56,Hôpital Général Douala,A+,43,3,23,63,4.6,3,84.4,normale,Hémoglobine dans les normes,3,14,10,False,False,normal,ensoleillé
2023-10-26 15:24:04,Hôpital Militaire,A+,51,8,0,43,3.7,34,100.0,normale,Parfait pour transfusion immédiate,3,15,10,False,False,normal,pluvieux
2023-10-26 16:46:25,Hôpital de District Bonassama,A+,49,3,0,46,4.2,9,100.0,normale,Attention: proche expiration,3,16,10,False,False,normal,ensoleillé
2023-10-26 18:55:22,Hôpital Militaire,A+,35,4,0,31,3.8,2,86.5,normale,Hémoglobine dans les normes,3,18,10,False,False,normal,pluvieux
2023-10-27 02:25:48,Centre Médical d'Excellence,A+,15,11,19,23,3.8,1,49.4,attention,Urgent: vérifier température stockage,4,2,10,False,False,normal,ensoleillé
2023-10-27 08:16:40,Hôpital Laquintinie,A+,43,4,0,39,4.1,7,100.0,normale,"Bon état général, légère variation température",4,8,10,False,False,normal,pluvieux
2023-10-27 20:22:45,Hôpital de District Bonassama,A+,55,8,0,47,4.0,33,93.6,normale,Hémoglobine dans les normes,4,20,10,False,False,normal,pluvieux
2023-10-28 02:45:06,Hôpital Général Douala,A+,19,4,0,15,3.3,39,92.4,faible,Hémoglobine dans les normes,5,2,10,True,False,normal,orageux
2023-10-28 12:11:35,Clinique des Spécialités,A+,31,6,0,25,4.4,1,56.3,attention,Contrôle bactériologique négatif,5,12,10,True,False,normal,nuageux
2023-10-28 12:27:20,Clinique des Spécialités,A+,44,5,0,39,3.6,55,96.5,normale,"Bon état général, légère variation température",5,12,10,True,False,normal,ensoleillé
2023-10-29 00:40:57,Centre Médical d'Excellence,A+,15,4,0,11,4.9,27,89.4,faible,"Excellent état, conservation parfaite",6,0,10,True,False,normal,pluvieux
2023-10-29 01:43:38,Hôpital Militaire,A+,21,7,0,14,3.3,5,100.0,faible,"Bon état général, légère variation température",6,1,10,True,False,normal,ensoleillé
2023-10-29 08:49:38,Hôpital Laquintinie,A+,26,6,17,37,4.1,4,85.8,normale,Parfait pour transfusion immédiate,6,8,10,True,False,normal,pluvieux
2023-10-29 14:39:21,Hôpital de District Bonassama,A+,39,5,0,34,3.6,1,55.6,attention,"Bon état général, légère variation température",6,14,10,True,False,normal,ensoleillé
2023-10-29 17:50:59,Hôpital Général Douala,A+,45,3,25,67,4.1,5,100.0,normale,Urgent: vérifier température stockage,6,17,10,True,False,normal,orageux
2023-10-29 21:20:17,Clinique des Spécialités,A+,20,5,28,43,4.2,3,81.6,normale,Attention: proche expiration,6,21,10,True,False,normal,ensoleillé
2023-10-29 23:07:23,Hôpital Général Douala,A+,19,3,16,32,3.9,26,100.0,normale,Contrôle bactériologique négatif,6,23,10,True,False,normal,pluvieux
2023-10-30 11:17:57,Hôpital Laquintinie,A+,37,9,0,28,4.2,2,87.4,normale,"État satisfaisant, contrôle qualité OK",0,11,10,False,False,normal,ensoleillé
2023-10-30 11:37:38,Hôpital Militaire,A+,65,5,0,60,4.0,2,84.2,normale,"État satisfaisant, contrôle qualité OK",0,11,10,False,False,normal,ensoleillé
2023-10-30 12:31:30,Clinique des Spécialités,A+,68,12,0,56,4.4,8,100.0,normale,Urgent: vérifier température stockage,0,12,10,False,False,normal,orageux
2023-10-30 16:45:55,Clinique des Spécialités,A+,58,11,0,47,3.8,23,88.3,normale,Parfait pour transfusion immédiate,0,16,10,False,False,normal,pluvieux
2023-10-30 17:27:12,Hôpital de District Bonassama,A+,47,10,0,37,4.1,32,100.0,normale,Parfait pour transfusion immédiate,0,17,10,False,False,normal,pluvieux
2023-10-31 02:10:58,Centre Médical d'Excellence,A+,19,5,0,14,4.6,40,96.6,faible,Attention: proche expiration,1,2,10,False,False,campagne_don,pluvieux
2023-10-31 02:24:34,Hôpital Militaire,A+,18,7,0,11,4.2,2,75.9,faible,"Bon état général, légère variation température",1,2,10,False,False,normal,pluvieux
2023-10-31 04:54:15,Hôpital de District Bonassama,A+,30,9,0,21,3.5,8,97.9,normale,"Excellent état, conservation parfaite",1,4,10,False,False,normal,ensoleillé
2023-10-31 07:46:28,Hôpital Général Douala,A+,31,8,0,23,4.5,11,96.6,normale,"État satisfaisant, contrôle qualité OK",1,7,10,False,False,normal,pluvieux
2023-10-31 07:51:08,Hôpital de District Bonassama,A+,66,5,0,61,3.6,35,90.8,normale,"Excellent état, conservation parfaite",1,7,10,False,False,normal,pluvieux
2023-10-31 12:02:30,Clinique des Spécialités,A+,67,2,0,65,4.5,7,100.0,normale,"État satisfaisant, contrôle qualité OK",1,12,10,False,False,normal,pluvieux
2023-10-31 12:45:05,Clinique des Spécialités,A+,51,5,21,67,4.6,1,63.6,attention,"État satisfaisant, contrôle qualité OK",1,12,10,False,False,normal,ensoleillé
2023-10-31 14:03:11,Clinique des Spécialités,A+,56,10,0,46,4.5,32,95.7,normale,Hémoglobine dans les normes,1,14,10,False,False,normal,pluvieux
2023-10-31 14:05:47,Hôpital Général Douala,A+,40,8,0,32,4.1,10,96.8,normale,Attention: proche expiration,1,14,10,False,False,normal,nuageux
2023-11-01 03:25:44,Clinique des Spécialités,A+,19,3,0,16,4.7,54,100.0,faible,Attention: proche expiration,2,3,11,False,False,normal,orageux
2023-11-01 06:44:25,Centre Médical d'Excellence,A+,70,5,22,87,3.3,13,94.7,normale,Urgent: vérifier température stockage,2,6,11,False,False,normal,ensoleillé
2023-11-01 07:22:51,Clinique des Spécialités,A+,53,12,22,63,4.1,6,96.1,normale,Hémoglobine dans les normes,2,7,11,False,False,normal,nuageux
2023-11-01 08:27:07,Hôpital de District Bonassama,A+,58,11,0,47,3.8,6,99.0,normale,Hémoglobine dans les normes,2,8,11,False,False,normal,ensoleillé
2023-11-01 09:28:27,Centre Médical d'Excellence,A+,38,8,24,54,4.6,1,63.0,attention,"Excellent état, conservation parfaite",2,9,11,False,False,normal,pluvieux
2023-11-01 13:06:49,Clinique des Spécialités,A+,36,5,0,31,4.0,1,59.1,attention,"Bon état général, légère variation température",2,13,11,False,False,normal,pluvieux
2023-11-01 20:11:17,Hôpital Militaire,A+,39,8,0,31,3.5,9,100.0,normale,Hémoglobine dans les normes,2,20,11,False,False,normal,ensoleillé
2023-11-01 23:34:40,Clinique des Spécialités,A+,29,8,0,21,3.6,43,99.6,normale,Parfait pour transfusion immédiate,2,23,11,False,False,normal,ensoleillé
2023-11-02 19:44:44,Hôpital Laquintinie,A+,30,3,0,27,3.6,15,100.0,normale,"Excellent état, conservation parfaite",3,19,11,False,False,normal,ensoleillé
2023-11-03 03:19:15,Clinique des Spécialités,A+,19,5,23,37,4.3,1,58.4,attention,"État satisfaisant, contrôle qualité OK",4,3,11,False,False,normal,nuageux
2023-11-03 06:47:17,Hôpital Militaire,A+,48,4,35,79,4.0,1,71.9,normale,Parfait pour transfusion immédiate,4,6,11,False,False,normal,pluvieux
2023-11-03 07:23:21,Centre Médical d'Excellence,A+,60,4,0,56,4.0,1,62.6,attention,"État satisfaisant, contrôle qualité OK",4,7,11,False,False,normal,nuageux
2023-11-03 08:42:24,Clinique des Spécialités,A+,32,9,11,34,3.7,7,99.9,normale,Contrôle bactériologique négatif,4,8,11,False,False,normal,pluvieux
2023-11-03 13:52:12,Hôpital de District Bonassama,A+,66,5,18,79,3.3,3,82.7,normale,Hémoglobine dans les normes,4,13,11,False,False,normal,pluvieux
2023-11-04 05:56:46,Hôpital Général Douala,A+,15,1,0,14,4.4,24,100.0,faible,Contrôle bactériologique négatif,5,5,11,True,False,normal,pluvieux
2023-11-04 09:26:17,Hôpital Laquintinie,A+,29,1,0,28,2.9,2,89.1,normale,Urgent: vérifier température stockage,5,9,11,True,False,normal,nuageux
2023-11-04 16:52:44,Hôpital Laquintinie,A+,20,6,0,14,4.6,11,100.0,faible,Hémoglobine dans les normes,5,16,11,True,False,normal,pluvieux
2023-11-04 22:44:34,Hôpital Général Douala,A+,32,4,0,28,3.8,4,79.0,normale,Urgent: vérifier température stockage,5,22,11,True,False,normal,nuageux
2023-11-05 00:25:34,Hôpital Laquintinie,A+,10,3,0,7,3.6,11,100.0,critique,URGENT: Stock critique - Urgent: vérifier température stockage,6,0,11,True,False,normal,orageux
2023-11-05 05:51:19,Hôpital Laquintinie,A+,13,7,0,6,4.9,50,96.0,critique,"URGENT: Stock critique - Bon état général, légère variation température",6,5,11,True,False,normal,pluvieux
2023-11-05 12:27:22,Centre Médical d'Excellence,A+,22,9,26,39,4.0,27,98.0,normale,"Excellent état, conservation parfaite",6,12,11,True,False,normal,pluvieux
2023-11-05 16:55:20,Hôpital de District Bonassama,A+,45,6,0,39,4.7,1,56.1,attention,Contrôle bactériologique négatif,6,16,11,True,False,normal,ensoleillé
2023-11-05 17:42:09,Centre Médical d'Excellence,A+,39,6,0,33,3.2,5,100.0,normale,"État satisfaisant, contrôle qualité OK",6,17,11,True,False,normal,nuageux
2023-11-05 19:51:12,Centre Médical d'Excellence,A+,35,3,0,32,4.4,17,94.1,normale,"Excellent état, conservation parfaite",6,19,11,True,False,normal,pluvieux
2023-11-05 22:23:20,Hôpital Laquintinie,A+,39,2,0,37,3.8,25,95.9,normale,Urgent: vérifier température stockage,6,22,11,True,False,normal,ensoleillé
2023-11-05 23:27:44,Clinique des Spécialités,A+,14,4,0,10,4.0,12,98.6,faible,Contrôle bactériologique négatif,6,23,11,True,False,normal,pluvieux
2023-11-06 01:32:39,Hôpital de District Bonassama,A+,24,6,12,30,4.4,13,90.8,normale,"Bon état général, légère variation température",0,1,11,False,False,normal,ensoleillé
2023-11-06 05:21:07,Hôpital Laquintinie,A+,22,3,0,19,5.0,16,100.0,faible,Parfait pour transfusion immédiate,0,5,11,False,False,normal,pluvieux
2023-11-06 06:24:37,Centre Médical d'Excellence,A+,44,11,0,33,3.8,21,100.0,normale,Attention: proche expiration,0,6,11,False,False,normal,ensoleillé
2023-11-06 06:52:18,Clinique des Spécialités,A+,50,8,0,42,3.7,3,82.8,normale,"Excellent état, conservation parfaite",0,6,11,False,False,normal,pluvieux
2023-11-06 10:53:12,Centre Médical d'Excellence,A+,51,3,20,68,4.8,14,96.8,normale,"État satisfaisant, contrôle qualité OK",0,10,11,False,False,normal,ensoleillé
2023-11-06 13:17:24,Hôpital Général Douala,A+,53,6,27,74,4.9,50,100.0,normale,"Bon état général, légère variation température",0,13,11,False,False,normal,pluvieux
2023-11-06 18:43:03,Hôpital Militaire,A+,24,6,0,18,3.5,5,100.0,faible,Contrôle bactériologique négatif,0,18,11,False,False,normal,ensoleillé
2023-11-06 22:12:53,Hôpital Général Douala,A+,57,15,0,42,3.2,12,100.0,normale,Contrôle bactériologique négatif,0,22,11,False,False,normal,nuageux
2023-11-07 07:04:55,Hôpital Laquintinie,A+,63,6,0,57,4.7,1,62.5,attention,Parfait pour transfusion immédiate,1,7,11,False,False,normal,ensoleillé
2023-11-07 08:10:02,Hôpital Laquintinie,A+,65,7,0,58,3.9,5,100.0,normale,"État satisfaisant, contrôle qualité OK",1,8,11,False,False,normal,pluvieux
2023-11-07 11:08:51,Hôpital Militaire,A+,25,0,0,25,4.1,12,100.0,normale,Hémoglobine dans les normes,1,11,11,False,False,normal,pluvieux
2023-11-07 12:17:52,Clinique des Spécialités,A+,20,12,24,32,3.4,10,93.3,normale,"État satisfaisant, contrôle qualité OK",1,12,11,False,False,normal,nuageux
2023-11-07 12:23:20,Clinique des Spécialités,A+,63,12,17,68,3.9,52,97.5,normale,Attention: proche expiration,1,12,11,False,False,normal,pluvieux
2023-11-07 15:51:21,Centre Médical d'Excellence,A+,55,9,0,46,4.1,15,98.6,normale,"Excellent état, conservation parfaite",1,15,11,False,False,normal,pluvieux
2023-11-08 18:38:19,Hôpital de District Bonassama,A+,51,11,25,65,4.8,13,98.4,normale,Attention: proche expiration,2,18,11,False,False,normal,nuageux
2023-11-08 20:40:27,Centre Médical d'Excellence,A+,21,12,0,9,4.5,9,100.0,critique,URGENT: Stock critique - Parfait pour transfusion immédiate,2,20,11,False,False,normal,pluvieux
2023-11-09 03:30:39,Hôpital Laquintinie,A+,47,11,0,36,4.6,23,99.9,normale,"État satisfaisant, contrôle qualité OK",3,3,11,False,False,normal,ensoleillé
2023-11-09 04:55:47,Centre Médical d'Excellence,A+,26,9,22,39,4.4,13,96.8,normale,Hémoglobine dans les normes,3,4,11,False,False,normal,ensoleillé
2023-11-09 12:40:36,Hôpital Militaire,A+,50,6,23,67,4.6,14,97.3,normale,"Bon état général, légère variation température",3,12,11,False,False,normal,nuageux
2023-11-09 14:23:53,Hôpital Militaire,A+,27,10,21,38,3.5,19,95.1,normale,Attention: proche expiration,3,14,11,False,False,normal,pluvieux
2023-11-09 15:31:07,Hôpital Laquintinie,A+,63,5,0,58,4.6,13,100.0,normale,"Bon état général, légère variation température",3,15,11,False,False,normal,ensoleillé
2023-11-09 18:24:52,Clinique des Spécialités,A+,34,11,0,23,3.5,14,100.0,normale,"Excellent état, conservation parfaite",3,18,11,False,False,normal,ensoleillé
2023-11-09 21:05:57,Hôpital Militaire,A+,90,12,0,78,5.1,1,57.4,attention,"Bon état général, légère variation température",3,21,11,False,False,normal,pluvieux
2023-11-10 01:56:07,Hôpital Général Douala,A+,30,5,0,25,3.8,1,58.7,attention,Urgent: vérifier température stockage,4,1,11,False,False,normal,nuageux
2023-11-10 04:34:32,Clinique des Spécialités,A+,24,5,21,40,3.4,9,100.0,normale,"Bon état général, légère variation température",4,4,11,False,False,normal,nuageux
2023-11-10 22:43:15,Clinique des Spécialités,A+,46,11,0,35,3.4,3,90.4,normale,"Excellent état, conservation parfaite",4,22,11,False,False,normal,nuageux
2023-11-10 23:09:32,Hôpital Laquintinie,A+,20,5,0,15,4.3,11,97.2,faible,Parfait pour transfusion immédiate,4,23,11,False,False,normal,ensoleillé
2023-11-11 00:05:22,Hôpital Laquintinie,A+,19,5,23,37,3.4,8,100.0,normale,Urgent: vérifier température stockage,5,0,11,True,False,normal,pluvieux
2023-11-11 02:09:56,Centre Médical d'Excellence,A+,21,4,11,28,3.7,22,96.4,normale,Contrôle bactériologique négatif,5,2,11,True,False,normal,orageux
2023-11-11 06:51:46,Hôpital Militaire,A+,32,4,0,28,4.2,3,92.9,normale,Urgent: vérifier température stockage,5,6,11,True,False,normal,pluvieux
2023-11-11 11:54:25,Clinique des Spécialités,A+,45,6,0,39,4.0,1,57.7,attention,Attention: proche expiration,5,11,11,True,False,normal,nuageux
2023-11-11 19:03:46,Hôpital Laquintinie,A+,42,3,0,39,4.7,8,100.0,normale,Parfait pour transfusion immédiate,5,19,11,True,False,normal,orageux
2023-11-12 05:46:40,Hôpital de District Bonassama,A+,18,4,0,14,3.6,1,56.6,faible,Contrôle bactériologique négatif,6,5,11,True,False,normal,ensoleillé
2023-11-12 07:04:55,Centre Médical d'Excellence,A+,31,4,0,27,3.6,98,98.1,normale,Contrôle bactériologique négatif,6,7,11,True,False,normal,orageux
2023-11-12 19:02:49,Centre Médical d'Excellence,A+,41,5,0,36,4.6,17,95.4,normale,Parfait pour transfusion immédiate,6,19,11,True,False,normal,pluvieux
2023-11-12 20:54:57,Hôpital Général Douala,A+,36,7,0,29,3.6,20,100.0,normale,Parfait pour transfusion immédiate,6,20,11,True,False,normal,orageux
2023-11-12 23:40:38,Hôpital Militaire,A+,18,6,0,12,4.6,19,100.0,faible,Attention: proche expiration,6,23,11,True,False,normal,pluvieux
2023-11-13 00:06:31,Hôpital Militaire,A+,40,13,0,27,4.5,17,100.0,normale,"Excellent état, conservation parfaite",0,0,11,False,False,normal,pluvieux
2023-11-13 04:11:16,Hôpital Général Douala,A+,24,6,0,18,3.9,42,96.3,faible,Hémoglobine dans les normes,0,4,11,False,False,normal,pluvieux
2023-11-13 05:10:51,Hôpital Laquintinie,A+,25,12,0,13,3.9,17,94.9,faible,Attention: proche expiration,0,5,11,False,False,campagne_don,ensoleillé
2023-11-13 05:22:24,Centre Médical d'Excellence,A+,20,8,0,12,3.1,19,100.0,faible,Contrôle bactériologique négatif,0,5,11,False,False,normal,pluvieux
2023-11-13 08:10:02,Hôpital de District Bonassama,A+,66,14,20,72,5.5,39,97.0,normale,Hémoglobine dans les normes,0,8,11,False,False,normal,ensoleillé
2023-11-13 12:23:38,Hôpital Laquintinie,A+,46,11,17,52,4.8,6,100.0,normale,"Bon état général, légère variation température",0,12,11,False,False,normal,nuageux
2023-11-13 18:45:44,Clinique des Spécialités,A+,53,11,22,64,4.2,40,100.0,normale,"Bon état général, légère variation température",0,18,11,False,False,normal,pluvieux
2023-11-13 21:07:19,Centre Médical d'Excellence,A+,50,6,0,44,3.5,6,100.0,normale,Hémoglobine dans les normes,0,21,11,False,False,normal,ensoleillé
2023-11-13 23:17:06,Hôpital Militaire,A+,10,11,0,0,3.9,7,90.8,critique,"URGENT: Stock critique - Excellent état, conservation parfaite",0,23,11,False,False,normal,ensoleillé
2023-11-14 11:43:53,Centre Médical d'Excellence,A+,66,9,27,84,3.8,31,100.0,normale,Attention: proche expiration,1,11,11,False,False,normal,nuageux
2023-11-14 12:33:46,Hôpital Général Douala,A+,44,10,0,34,4.1,32,96.7,normale,Hémoglobine dans les normes,1,12,11,False,False,normal,orageux
2023-11-14 23:49:46,Hôpital de District Bonassama,A+,27,6,26,47,4.0,9,100.0,normale,Contrôle bactériologique négatif,1,23,11,False,False,normal,nuageux
2023-11-15 05:26:04,Hôpital Militaire,A+,44,13,0,31,3.4,1,58.8,attention,Hémoglobine dans les normes,2,5,11,False,False,normal,ensoleillé
2023-11-15 05:38:35,Hôpital Laquintinie,A+,22,6,20,36,3.6,1,53.5,attention,"État satisfaisant, contrôle qualité OK",2,5,11,False,False,normal,pluvieux
2023-11-15 05:40:40,Clinique des Spécialités,A+,19,11,0,8,3.7,62,97.3,critique,URGENT: Stock critique - Parfait pour transfusion immédiate,2,5,11,False,False,normal,ensoleillé
2023-11-15 07:03:19,Centre Médical d'Excellence,A+,50,11,0,39,3.3,34,100.0,normale,Parfait pour transfusion immédiate,2,7,11,False,False,normal,nuageux
2023-11-15 11:27:41,Hôpital Général Douala,A+,67,12,23,78,4.1,25,99.7,normale,Hémoglobine dans les normes,2,11,11,False,False,normal,ensoleillé
2023-11-15 14:43:14,Clinique des Spécialités,A+,49,2,0,47,3.9,3,82.3,normale,"Bon état général, légère variation température",2,14,11,False,False,normal,nuageux
2023-11-15 14:43:53,Hôpital Militaire,A+,44,4,0,40,6.0,3,76.5,normale,"État satisfaisant, contrôle qualité OK",2,14,11,False,False,normal,pluvieux
2023-11-16 00:27:30,Clinique des Spécialités,A+,21,7,0,14,4.4,2,79.9,faible,Contrôle bactériologique négatif,3,0,11,False,False,normal,nuageux
2023-11-16 00:37:48,Centre Médical d'Excellence,A+,21,9,0,12,3.9,9,91.8,faible,Urgent: vérifier température stockage,3,0,11,False,False,normal,nuageux
2023-11-16 04:10:15,Clinique des Spécialités,A+,38,9,20,49,4.0,54,100.0,normale,"Bon état général, légère variation température",3,4,11,False,False,normal,nuageux
2023-11-16 04:29:54,Hôpital de District Bonassama,A+,18,4,0,14,4.3,8,100.0,faible,Parfait pour transfusion immédiate,3,4,11,False,False,normal,ensoleillé
2023-11-16 14:18:39,Centre Médical d'Excellence,A+,24,10,0,14,4.5,10,99.7,faible,"État satisfaisant, contrôle qualité OK",3,14,11,False,False,normal,nuageux
2023-11-16 14:47:20,Hôpital de District Bonassama,A+,32,7,0,25,3.9,10,100.0,normale,Hémoglobine dans les normes,3,14,11,False,False,normal,orageux
2023-11-16 19:13:09,Hôpital Militaire,A+,46,1,30,75,4.1,3,89.4,normale,Hémoglobine dans les normes,3,19,11,False,False,normal,orageux
2023-11-17 02:34:09,Clinique des Spécialités,A+,28,11,21,38,4.2,7,95.7,normale,Contrôle bactériologique négatif,4,2,11,False,False,normal,orageux
2023-11-17 04:25:34,Hôpital Militaire,A+,22,3,0,19,4.0,2,85.7,faible,"Bon état général, légère variation température",4,4,11,False,False,normal,pluvieux
2023-11-17 04:48:03,Hôpital de District Bonassama,A+,29,10,0,19,4.9,34,100.0,faible,Attention: proche expiration,4,4,11,False,False,normal,nuageux
2023-11-17 08:48:45,Hôpital Laquintinie,A+,72,6,0,66,3.6,20,100.0,normale,Hémoglobine dans les normes,4,8,11,False,False,normal,nuageux
2023-11-17 11:53:43,Centre Médical d'Excellence,A+,46,9,0,37,3.3,6,100.0,normale,Parfait pour transfusion immédiate,4,11,11,False,False,normal,nuageux
2023-11-17 17:01:57,Hôpital Général Douala,A+,66,8,0,58,4.8,7,100.0,normale,"Bon état général, légère variation température",4,17,11,False,False,normal,pluvieux
2023-11-17 22:07:41,Centre Médical d'Excellence,A+,75,4,0,71,4.6,45,100.0,normale,"Excellent état, conservation parfaite",4,22,11,False,False,normal,pluvieux
2023-11-18 03:42:31,Hôpital Militaire,A+,18,5,0,13,3.8,3,89.7,faible,Attention: proche expiration,5,3,11,True,False,normal,pluvieux
2023-11-18 04:12:47,Clinique des Spécialités,A+,4,3,0,1,3.9,6,87.3,critique,"URGENT: Stock critique - État satisfaisant, contrôle qualité OK",5,4,11,True,False,normal,ensoleillé
2023-11-18 08:41:05,Centre Médical d'Excellence,A+,31,8,0,23,3.9,1,57.1,attention,Contrôle bactériologique négatif,5,8,11,True,False,normal,pluvieux
2023-11-18 10:25:02,Hôpital de District Bonassama,A+,41,7,0,34,4.2,13,97.3,normale,"Excellent état, conservation parfaite",5,10,11,True,False,normal,pluvieux
2023-11-18 14:33:45,Clinique des Spécialités,A+,40,7,20,53,3.4,3,85.7,normale,"État satisfaisant, contrôle qualité OK",5,14,11,True,False,normal,ensoleillé
2023-11-18 17:27:55,Hôpital Militaire,A+,48,7,0,41,4.1,1,57.0,attention,Contrôle bactériologique négatif,5,17,11,True,False,accident_route,nuageux
2023-11-19 01:14:39,Centre Médical d'Excellence,A+,8,9,25,25,5.5,30,96.5,normale,"Bon état général, légère variation température",6,1,11,True,False,normal,nuageux
2023-11-19 03:07:05,Hôpital de District Bonassama,A+,22,5,0,17,3.7,7,90.6,faible,"État satisfaisant, contrôle qualité OK",6,3,11,True,False,normal,pluvieux
2023-11-19 18:16:04,Hôpital Laquintinie,A+,38,7,27,58,3.9,1,56.7,attention,Parfait pour transfusion immédiate,6,18,11,True,False,normal,ensoleillé
2023-11-19 23:00:19,Hôpital Laquintinie,A+,22,2,0,20,4.4,1,64.6,attention,"État satisfaisant, contrôle qualité OK",6,23,11,True,False,normal,nuageux
2023-11-20 11:51:39,Hôpital de District Bonassama,A+,59,9,0,50,3.7,1,59.8,attention,Contrôle bactériologique négatif,0,11,11,False,False,normal,ensoleillé
2023-11-20 12:22:50,Clinique des Spécialités,A+,52,12,0,40,3.2,8,100.0,normale,Urgent: vérifier température stockage,0,12,11,False,False,normal,pluvieux
2023-11-20 19:57:43,Hôpital de District Bonassama,A+,46,6,0,40,3.8,1,71.3,normale,Parfait pour transfusion immédiate,0,19,11,False,False,normal,pluvieux
2023-11-20 21:17:47,Hôpital Général Douala,A+,49,6,0,43,4.2,24,100.0,normale,"État satisfaisant, contrôle qualité OK",0,21,11,False,False,normal,pluvieux
2023-11-20 22:28:13,Centre Médical d'Excellence,A+,54,6,23,71,4.1,11,100.0,normale,"Excellent état, conservation parfaite",0,22,11,False,False,normal,ensoleillé
2023-11-21 03:42:44,Hôpital Militaire,A+,21,8,0,13,4.4,16,100.0,faible,"Excellent état, conservation parfaite",1,3,11,False,False,normal,pluvieux
2023-11-21 03:45:13,Centre Médical d'Excellence,A+,19,12,0,7,3.4,1,53.6,critique,URGENT: Stock critique - Contrôle bactériologique négatif,1,3,11,False,False,normal,ensoleillé
2023-11-21 13:49:04,Hôpital de District Bonassama,A+,74,9,0,65,4.1,10,93.9,normale,"Bon état général, légère variation température",1,13,11,False,False,normal,pluvieux
2023-11-21 16:14:18,Clinique des Spécialités,A+,46,8,18,56,3.3,20,99.5,normale,Contrôle bactériologique négatif,1,16,11,False,False,normal,nuageux
2023-11-21 17:02:09,Hôpital Militaire,A+,65,9,21,77,4.0,2,88.6,normale,Parfait pour transfusion immédiate,1,17,11,False,False,normal,ensoleillé
2023-11-21 18:04:08,Hôpital de District Bonassama,A+,61,9,0,52,4.2,6,93.8,normale,Hémoglobine dans les normes,1,18,11,False,False,normal,pluvieux
2023-11-22 12:55:54,Hôpital Laquintinie,A+,68,8,0,60,4.3,3,90.6,normale,Contrôle bactériologique négatif,2,12,11,False,False,normal,ensoleillé
2023-11-22 20:02:39,Hôpital Laquintinie,A+,86,11,16,91,3.2,5,99.3,normale,Parfait pour transfusion immédiate,2,20,11,False,False,normal,nuageux
2023-11-22 22:51:54,Hôpital de District Bonassama,A+,74,6,0,68,3.8,2,76.1,normale,"Excellent état, conservation parfaite",2,22,11,False,False,normal,pluvieux
2023-11-22 23:49:06,Hôpital Général Douala,A+,32,1,0,31,3.5,4,85.6,normale,Contrôle bactériologique négatif,2,23,11,False,False,normal,pluvieux
2023-11-23 02:12:11,Clinique des Spécialités,A+,15,3,21,33,3.5,30,100.0,normale,Parfait pour transfusion immédiate,3,2,11,False,False,normal,nuageux
2023-11-23 08:52:11,Hôpital de District Bonassama,A+,34,10,19,43,3.4,13,100.0,normale,Hémoglobine dans les normes,3,8,11,False,False,normal,nuageux
2023-11-23 14:17:52,Hôpital Militaire,A+,62,5,0,57,4.5,21,91.0,normale,Hémoglobine dans les normes,3,14,11,False,False,normal,pluvieux
2023-11-24 06:58:51,Clinique des Spécialités,A+,60,5,17,72,4.9,3,82.8,normale,Hémoglobine dans les normes,4,6,11,False,False,normal,pluvieux
2023-11-24 07:39:45,Hôpital Militaire,A+,50,7,23,66,3.7,18,98.7,normale,"État satisfaisant, contrôle qualité OK",4,7,11,False,False,normal,pluvieux
2023-11-24 15:30:21,Hôpital de District Bonassama,A+,51,8,0,43,4.0,4,87.5,normale,Parfait pour transfusion immédiate,4,15,11,False,False,normal,nuageux
2023-11-24 16:16:53,Clinique des Spécialités,A+,60,5,29,84,4.4,32,100.0,normale,Parfait pour transfusion immédiate,4,16,11,False,False,normal,pluvieux
2023-11-24 21:10:20,Hôpital Militaire,A+,32,7,0,25,3.5,5,97.5,normale,Hémoglobine dans les normes,4,21,11,False,False,normal,orageux
2023-11-25 03:03:11,Hôpital de District Bonassama,A+,13,5,0,8,4.1,34,98.0,critique,"URGENT: Stock critique - Excellent état, conservation parfaite",5,3,11,True,False,normal,pluvieux
2023-11-25 04:03:24,Centre Médical d'Excellence,A+,8,2,0,6,2.7,7,96.9,critique,"URGENT: Stock critique - État satisfaisant, contrôle qualité OK",5,4,11,True,False,normal,ensoleillé
2023-11-25 15:13:36,Hôpital Militaire,A+,42,7,0,35,4.0,5,100.0,normale,Hémoglobine dans les normes,5,15,11,True,False,normal,pluvieux
2023-11-25 19:46:02,Clinique des Spécialités,A+,26,6,0,20,4.0,25,100.0,normale,Contrôle bactériologique négatif,5,19,11,True,False,normal,ensoleillé
2023-11-26 13:26:24,Hôpital de District Bonassama,A+,52,10,0,42,4.0,10,100.0,normale,Hémoglobine dans les normes,6,13,11,True,False,normal,nuageux
2023-11-26 14:22:17,Hôpital Militaire,A+,27,8,18,37,3.8,14,100.0,normale,Contrôle bactériologique négatif,6,14,11,True,False,accident_route,pluvieux
2023-11-26 19:12:12,Hôpital Militaire,A+,26,7,0,19,4.4,36,94.5,faible,Contrôle bactériologique négatif,6,19,11,True,False,normal,ensoleillé
2023-11-26 21:15:05,Hôpital de District Bonassama,A+,30,4,27,53,3.7,32,97.1,normale,"État satisfaisant, contrôle qualité OK",6,21,11,True,False,normal,pluvieux
2023-11-26 23:26:07,Hôpital de District Bonassama,A+,6,6,20,20,3.7,6,91.4,normale,Attention: proche expiration,6,23,11,True,False,normal,ensoleillé
2023-11-27 01:43:31,Hôpital Militaire,A+,32,3,20,49,4.0,9,100.0,normale,Parfait pour transfusion immédiate,0,1,11,False,False,normal,nuageux
2023-11-27 02:37:41,Clinique des Spécialités,A+,20,14,0,6,3.8,3,82.0,critique,"URGENT: Stock critique - Bon état général, légère variation température",0,2,11,False,False,normal,pluvieux
2023-11-27 05:29:06,Clinique des Spécialités,A+,10,5,0,5,3.3,8,96.3,critique,URGENT: Stock critique - Attention: proche expiration,0,5,11,False,False,épidémie,ensoleillé
2023-11-27 14:46:58,Hôpital Militaire,A+,63,0,21,84,4.0,6,99.2,normale,Urgent: vérifier température stockage,0,14,11,False,False,normal,ensoleillé
2023-11-27 18:15:56,Hôpital de District Bonassama,A+,32,7,0,25,4.2,19,99.6,normale,Hémoglobine dans les normes,0,18,11,False,False,normal,ensoleillé
2023-11-27 18:49:38,Hôpital Laquintinie,A+,48,5,0,43,3.4,2,83.5,normale,Attention: proche expiration,0,18,11,False,False,normal,ensoleillé
2023-11-27 20:21:12,Centre Médical d'Excellence,A+,73,9,0,64,4.1,2,82.3,normale,"Excellent état, conservation parfaite",0,20,11,False,False,normal,ensoleillé
2023-11-27 22:40:51,Hôpital Général Douala,A+,45,7,0,38,3.4,1,53.2,attention,Contrôle bactériologique négatif,0,22,11,False,False,normal,pluvieux
2023-11-28 07:14:19,Centre Médical d'Excellence,A+,50,6,22,66,3.2,15,100.0,normale,Contrôle bactériologique négatif,1,7,11,False,False,normal,ensoleillé
2023-11-28 08:04:24,Centre Médical d'Excellence,A+,47,4,29,72,3.7,28,89.5,normale,Hémoglobine dans les normes,1,8,11,False,False,normal,ensoleillé
2023-11-28 08:24:55,Clinique des Spécialités,A+,44,7,0,37,4.2,9,100.0,normale,Parfait pour transfusion immédiate,1,8,11,False,False,normal,nuageux
2023-11-28 10:09:42,Hôpital de District Bonassama,A+,30,9,16,37,4.9,7,98.1,normale,Hémoglobine dans les normes,1,10,11,False,False,normal,pluvieux
2023-11-28 16:42:47,Centre Médical d'Excellence,A+,55,6,0,49,2.9,24,100.0,normale,Attention: proche expiration,1,16,11,False,False,normal,pluvieux
2023-11-28 17:17:15,Hôpital Général Douala,A+,58,3,0,55,3.7,9,91.8,normale,Urgent: vérifier température stockage,1,17,11,False,False,accident_route,ensoleillé
2023-11-28 17:52:35,Hôpital Militaire,A+,57,12,0,45,4.0,2,79.1,normale,Attention: proche expiration,1,17,11,False,False,normal,ensoleillé
2023-11-28 18:20:58,Clinique des Spécialités,A+,26,9,0,17,4.0,6,93.7,faible,Attention: proche expiration,1,18,11,False,False,normal,nuageux
2023-11-28 20:33:36,Centre Médical d'Excellence,A+,77,3,0,74,4.1,2,85.9,normale,Parfait pour transfusion immédiate,1,20,11,False,False,normal,pluvieux
2023-11-28 21:10:16,Hôpital Militaire,A+,34,9,0,25,3.8,7,97.1,normale,Contrôle bactériologique négatif,1,21,11,False,False,normal,pluvieux
2023-11-28 22:39:02,Clinique des Spécialités,A+,62,10,0,52,4.6,5,97.3,normale,Parfait pour transfusion immédiate,1,22,11,False,False,normal,ensoleillé
2023-11-29 08:37:53,Hôpital de District Bonassama,A+,50,11,0,39,4.2,8,100.0,normale,Hémoglobine dans les normes,2,8,11,False,False,normal,ensoleillé
2023-11-29 10:55:26,Hôpital Général Douala,A+,52,1,14,65,3.6,8,100.0,normale,"Bon état général, légère variation température",2,10,11,False,False,normal,pluvieux
2023-11-29 16:09:27,Hôpital Laquintinie,A+,23,9,0,14,4.1,5,98.0,faible,Urgent: vérifier température stockage,2,16,11,False,False,normal,nuageux
2023-11-29 16:37:37,Hôpital de District Bonassama,A+,70,11,0,59,5.3,28,94.0,normale,"État satisfaisant, contrôle qualité OK",2,16,11,False,False,normal,ensoleillé
2023-11-29 17:10:58,Hôpital Général Douala,A+,52,6,0,46,3.4,11,100.0,normale,"État satisfaisant, contrôle qualité OK",2,17,11,False,False,normal,pluvieux
2023-11-29 22:02:07,Clinique des Spécialités,A+,36,5,0,31,3.5,8,100.0,normale,Urgent: vérifier température stockage,2,22,11,False,False,normal,nuageux
2023-11-29 23:31:36,Centre Médical d'Excellence,A+,17,12,20,25,4.0,15,100.0,normale,Contrôle bactériologique négatif,2,23,11,False,False,normal,orageux
2023-11-30 04:52:10,Hôpital Général Douala,A+,32,6,0,26,4.8,1,57.2,attention,Hémoglobine dans les normes,3,4,11,False,False,normal,nuageux
2023-11-30 05:10:11,Hôpital Militaire,A+,20,7,0,13,4.7,15,96.9,faible,"Excellent état, conservation parfaite",3,5,11,False,False,normal,ensoleillé
2023-11-30 11:32:51,Hôpital Laquintinie,A+,35,11,0,24,3.8,1,59.5,attention,"Excellent état, conservation parfaite",3,11,11,False,False,normal,ensoleillé
2023-12-01 11:06:54,Hôpital de District Bonassama,A+,50,9,19,60,3.9,6,100.0,normale,"Excellent état, conservation parfaite",4,11,12,False,True,normal,pluvieux
2023-12-01 21:16:06,Clinique des Spécialités,A+,68,10,0,58,4.1,2,86.5,normale,Parfait pour transfusion immédiate,4,21,12,False,True,normal,nuageux
2023-12-01 23:07:01,Hôpital Général Douala,A+,38,6,0,32,3.5,13,97.1,normale,"Excellent état, conservation parfaite",4,23,12,False,True,normal,ensoleillé
2023-12-01 23:45:40,Hôpital Laquintinie,A+,41,12,18,47,4.0,20,98.8,normale,"Excellent état, conservation parfaite",4,23,12,False,True,normal,pluvieux
2023-12-02 00:56:44,Centre Médical d'Excellence,A+,21,9,0,12,3.9,10,95.8,faible,"Bon état général, légère variation température",5,0,12,True,True,normal,pluvieux
2023-12-02 14:12:52,Hôpital de District Bonassama,A+,45,5,0,40,3.3,1,54.2,attention,Contrôle bactériologique négatif,5,14,12,True,True,normal,pluvieux
2023-12-02 14:30:55,Hôpital Laquintinie,A+,25,9,0,16,4.6,1,53.2,faible,Attention: proche expiration,5,14,12,True,True,normal,pluvieux
2023-12-02 20:17:34,Hôpital Général Douala,A+,49,8,18,59,3.7,1,53.5,attention,Parfait pour transfusion immédiate,5,20,12,True,True,normal,nuageux
2023-12-02 22:45:15,Hôpital Laquintinie,A+,41,5,0,36,3.6,6,100.0,normale,"État satisfaisant, contrôle qualité OK",5,22,12,True,True,normal,ensoleillé
2023-12-02 23:32:21,Clinique des Spécialités,A+,27,6,0,21,4.0,14,100.0,normale,Hémoglobine dans les normes,5,23,12,True,True,normal,ensoleillé
2023-12-03 02:43:37,Centre Médical d'Excellence,A+,18,3,0,15,3.5,21,100.0,faible,Hémoglobine dans les normes,6,2,12,True,True,normal,ensoleillé
2023-12-03 04:59:12,Hôpital Militaire,A+,17,11,0,6,3.7,27,100.0,critique,URGENT: Stock critique - Urgent: vérifier température stockage,6,4,12,True,True,normal,pluvieux
2023-12-03 05:30:54,Clinique des Spécialités,A+,17,13,18,22,3.5,3,83.7,normale,"Excellent état, conservation parfaite",6,5,12,True,True,normal,ensoleillé
2023-12-03 14:35:27,Clinique des Spécialités,A+,26,1,16,41,4.3,7,100.0,normale,Contrôle bactériologique négatif,6,14,12,True,True,normal,nuageux
2023-12-03 16:26:16,Hôpital Général Douala,A+,42,10,0,32,3.9,3,81.3,normale,"État satisfaisant, contrôle qualité OK",6,16,12,True,True,normal,pluvieux
2023-12-03 16:39:56,Clinique des Spécialités,A+,51,4,0,47,3.7,41,100.0,normale,"Bon état général, légère variation température",6,16,12,True,True,normal,pluvieux
2023-12-03 17:02:42,Hôpital de District Bonassama,A+,46,4,0,42,4.2,4,79.9,normale,Urgent: vérifier température stockage,6,17,12,True,True,normal,ensoleillé
2023-12-03 19:19:30,Clinique des Spécialités,A+,39,7,26,58,4.1,25,100.0,normale,Contrôle bactériologique négatif,6,19,12,True,True,normal,pluvieux
2023-12-04 00:03:29,Hôpital Laquintinie,A+,33,0,0,33,3.7,21,97.4,normale,Urgent: vérifier température stockage,0,0,12,False,True,normal,ensoleillé
2023-12-04 01:23:47,Hôpital de District Bonassama,A+,21,10,0,11,3.3,1,61.0,faible,"État satisfaisant, contrôle qualité OK",0,1,12,False,True,normal,orageux
2023-12-04 21:35:55,Clinique des Spécialités,A+,85,6,0,79,3.6,8,95.8,normale,"Excellent état, conservation parfaite",0,21,12,False,True,normal,pluvieux
2023-12-04 23:52:34,Hôpital Militaire,A+,29,9,0,20,3.6,9,100.0,normale,Urgent: vérifier température stockage,0,23,12,False,True,normal,ensoleillé
2023-12-05 01:51:22,Clinique des Spécialités,A+,20,13,15,22,3.9,29,95.3,normale,Urgent: vérifier température stockage,1,1,12,False,True,normal,pluvieux
2023-12-05 09:11:57,Centre Médical d'Excellence,A+,36,6,18,48,3.9,20,98.3,normale,Contrôle bactériologique négatif,1,9,12,False,True,normal,ensoleillé
2023-12-05 10:07:48,Hôpital Militaire,A+,51,13,14,52,3.7,18,100.0,normale,"Bon état général, légère variation température",1,10,12,False,True,normal,orageux
2023-12-05 10:38:40,Hôpital Laquintinie,A+,65,4,0,61,4.3,2,88.5,normale,"Bon état général, légère variation température",1,10,12,False,True,normal,pluvieux
2023-12-05 22:43:23,Hôpital Général Douala,A+,48,3,0,45,3.7,4,90.4,normale,"Excellent état, conservation parfaite",1,22,12,False,True,normal,nuageux
2023-12-06 02:52:43,Hôpital Militaire,A+,25,9,24,40,3.7,5,100.0,normale,"État satisfaisant, contrôle qualité OK",2,2,12,False,True,normal,ensoleillé
2023-12-06 08:38:42,Clinique des Spécialités,A+,50,7,0,43,4.2,1,62.4,attention,"Bon état général, légère variation température",2,8,12,False,True,normal,nuageux
2023-12-06 08:59:50,Hôpital Militaire,A+,38,11,0,27,4.0,10,92.1,normale,"État satisfaisant, contrôle qualité OK",2,8,12,False,True,normal,orageux
2023-12-06 09:28:59,Hôpital Laquintinie,A+,42,9,22,55,4.1,59,96.4,normale,Contrôle bactériologique négatif,2,9,12,False,True,normal,nuageux
2023-12-06 12:19:02,Centre Médical d'Excellence,A+,70,18,0,52,4.1,49,97.8,normale,Urgent: vérifier température stockage,2,12,12,False,True,normal,pluvieux
2023-12-06 16:13:28,Hôpital de District Bonassama,A+,45,8,0,37,4.3,20,100.0,normale,Attention: proche expiration,2,16,12,False,True,normal,pluvieux
2023-12-06 23:55:39,Hôpital Général Douala,A+,46,9,24,61,3.5,19,99.7,normale,Hémoglobine dans les normes,2,23,12,False,True,normal,ensoleillé
2023-12-07 03:42:57,Hôpital Laquintinie,A+,27,10,0,17,3.8,1,54.9,faible,Contrôle bactériologique négatif,3,3,12,False,True,normal,nuageux
2023-12-07 05:10:17,Clinique des Spécialités,A+,36,9,0,27,5.0,18,96.6,normale,"Excellent état, conservation parfaite",3,5,12,False,True,normal,ensoleillé
2023-12-07 06:50:03,Hôpital Militaire,A+,59,8,0,51,3.7,85,100.0,normale,Contrôle bactériologique négatif,3,6,12,False,True,normal,pluvieux
2023-12-07 15:44:56,Hôpital Général Douala,A+,74,16,0,58,3.8,15,97.0,normale,"Excellent état, conservation parfaite",3,15,12,False,True,accident_route,ensoleillé
2023-12-07 16:12:49,Hôpital de District Bonassama,A+,62,9,30,83,4.4,55,100.0,normale,"Excellent état, conservation parfaite",3,16,12,False,True,campagne_don,ensoleillé
2023-12-07 23:33:20,Hôpital Laquintinie,A+,35,10,17,42,4.2,30,98.5,normale,Parfait pour transfusion immédiate,3,23,12,False,True,normal,ensoleillé
2023-12-08 08:12:51,Centre Médical d'Excellence,A+,58,12,27,73,4.0,32,99.4,normale,"Bon état général, légère variation température",4,8,12,False,True,normal,ensoleillé
2023-12-08 11:28:40,Hôpital Laquintinie,A+,49,13,20,56,3.9,46,97.1,normale,Parfait pour transfusion immédiate,4,11,12,False,True,normal,nuageux
2023-12-08 12:41:29,Hôpital de District Bonassama,A+,68,9,0,59,4.1,11,100.0,normale,Attention: proche expiration,4,12,12,False,True,normal,orageux
2023-12-08 18:16:38,Hôpital Général Douala,A+,71,5,0,66,3.4,19,100.0,normale,Contrôle bactériologique négatif,4,18,12,False,True,normal,pluvieux
2023-12-08 21:13:14,Hôpital Général Douala,A+,58,14,18,62,4.8,3,86.9,normale,"Excellent état, conservation parfaite",4,21,12,False,True,normal,ensoleillé
2023-12-09 02:16:39,Centre Médical d'Excellence,A+,20,6,0,14,3.8,27,95.4,faible,"État satisfaisant, contrôle qualité OK",5,2,12,True,True,normal,ensoleillé
2023-12-09 08:54:25,Hôpital Laquintinie,A+,30,3,20,47,4.2,18,100.0,normale,Urgent: vérifier température stockage,5,8,12,True,True,normal,orageux
2023-12-09 18:29:52,Hôpital Général Douala,A+,49,6,0,43,4.0,15,90.3,normale,Hémoglobine dans les normes,5,18,12,True,True,normal,pluvieux
2023-12-10 20:16:08,Centre Médical d'Excellence,A+,50,5,0,45,4.1,12,100.0,normale,"État satisfaisant, contrôle qualité OK",6,20,12,True,True,normal,ensoleillé
2023-12-10 20:36:57,Hôpital Militaire,A+,58,9,0,49,4.5,22,98.2,normale,"État satisfaisant, contrôle qualité OK",6,20,12,True,True,normal,pluvieux
2023-12-11 00:21:58,Hôpital Militaire,A+,12,10,0,2,4.6,3,84.9,critique,"URGENT: Stock critique - État satisfaisant, contrôle qualité OK",0,0,12,False,True,normal,pluvieux
2023-12-11 00:58:25,Hôpital Général Douala,A+,32,8,19,43,4.8,23,100.0,normale,Hémoglobine dans les normes,0,0,12,False,True,normal,nuageux
2023-12-11 06:05:27,Hôpital Laquintinie,A+,66,7,14,73,4.0,26,96.0,normale,Hémoglobine dans les normes,0,6,12,False,True,normal,ensoleillé
2023-12-11 11:34:20,Centre Médical d'Excellence,A+,47,12,0,35,4.8,14,100.0,normale,Urgent: vérifier température stockage,0,11,12,False,True,normal,ensoleillé
2023-12-11 11:37:17,Clinique des Spécialités,A+,60,7,0,53,2.6,4,88.1,normale,Parfait pour transfusion immédiate,0,11,12,False,True,normal,nuageux
2023-12-11 13:39:59,Centre Médical d'Excellence,A+,51,6,0,45,4.7,9,91.2,normale,Urgent: vérifier température stockage,0,13,12,False,True,normal,orageux
2023-12-11 17:37:21,Hôpital de District Bonassama,A+,71,13,0,58,3.9,8,100.0,normale,Hémoglobine dans les normes,0,17,12,False,True,normal,pluvieux
2023-12-12 01:26:14,Clinique des Spécialités,A+,9,14,0,0,3.8,36,99.5,critique,URGENT: Stock critique - Parfait pour transfusion immédiate,1,1,12,False,True,normal,pluvieux
2023-12-12 05:40:29,Hôpital de District Bonassama,A+,34,9,0,25,3.7,25,100.0,normale,Parfait pour transfusion immédiate,1,5,12,False,True,normal,pluvieux
2023-12-12 17:00:12,Hôpital de District Bonassama,A+,44,10,10,44,3.3,18,98.6,normale,Attention: proche expiration,1,17,12,False,True,normal,ensoleillé
2023-12-12 19:02:03,Hôpital Général Douala,A+,51,8,0,43,4.4,3,91.9,normale,Parfait pour transfusion immédiate,1,19,12,False,True,normal,ensoleillé
2023-12-12 21:54:50,Hôpital Général Douala,A+,72,9,0,63,3.8,3,81.3,normale,"Excellent état, conservation parfaite",1,21,12,False,True,normal,ensoleillé
2023-12-13 12:50:04,Hôpital Laquintinie,A+,66,10,15,71,4.5,53,100.0,normale,Contrôle bactériologique négatif,2,12,12,False,True,normal,ensoleillé
2023-12-13 14:31:01,Hôpital Laquintinie,A+,63,8,12,67,4.6,18,95.6,normale,"Bon état général, légère variation température",2,14,12,False,True,accident_route,ensoleillé
2023-12-13 14:57:11,Clinique des Spécialités,A+,77,7,20,90,3.7,8,100.0,normale,Hémoglobine dans les normes,2,14,12,False,True,normal,ensoleillé
2023-12-14 04:14:36,Centre Médical d'Excellence,A+,22,12,0,10,3.9,68,100.0,faible,Parfait pour transfusion immédiate,3,4,12,False,True,normal,ensoleillé
2023-12-14 08:15:50,Hôpital Général Douala,A+,83,4,0,79,4.2,7,91.9,normale,Parfait pour transfusion immédiate,3,8,12,False,True,normal,pluvieux
2023-12-14 10:57:21,Hôpital Général Douala,A+,63,10,0,53,3.5,11,100.0,normale,Contrôle bactériologique négatif,3,10,12,False,True,normal,pluvieux
2023-12-14 11:02:53,Hôpital Laquintinie,A+,53,9,0,44,4.6,13,100.0,normale,Urgent: vérifier température stockage,3,11,12,False,True,normal,pluvieux
2023-12-14 19:23:39,Clinique des Spécialités,A+,39,13,0,26,4.2,19,100.0,normale,Contrôle bactériologique négatif,3,19,12,False,True,normal,ensoleillé
2023-12-14 23:34:55,Hôpital Militaire,A+,35,4,0,31,3.9,24,92.9,normale,"Excellent état, conservation parfaite",3,23,12,False,True,normal,ensoleillé
2023-12-15 15:05:24,Hôpital Militaire,A+,63,2,21,82,3.6,2,77.1,normale,"État satisfaisant, contrôle qualité OK",4,15,12,False,True,normal,ensoleillé
2023-12-15 15:18:54,Hôpital de District Bonassama,A+,94,6,0,88,4.1,5,93.4,normale,Urgent: vérifier température stockage,4,15,12,False,True,normal,ensoleillé
2023-12-15 20:00:48,Hôpital de District Bonassama,A+,65,6,0,59,4.1,3,80.0,normale,Contrôle bactériologique négatif,4,20,12,False,True,normal,ensoleillé
2023-12-16 02:37:05,Hôpital de District Bonassama,A+,23,2,0,21,4.2,12,94.1,normale,Parfait pour transfusion immédiate,5,2,12,True,True,normal,nuageux
2023-12-16 07:14:07,Hôpital Laquintinie,A+,28,7,17,38,3.6,20,95.5,normale,"Bon état général, légère variation température",5,7,12,True,True,normal,orageux
2023-12-16 12:04:09,Clinique des Spécialités,A+,29,3,13,39,4.9,3,85.7,normale,"Bon état général, légère variation température",5,12,12,True,True,normal,ensoleillé
2023-12-16 22:07:58,Hôpital de District Bonassama,A+,31,9,0,22,4.0,20,94.9,normale,Contrôle bactériologique négatif,5,22,12,True,True,normal,ensoleillé
2023-12-16 23:45:15,Centre Médical d'Excellence,A+,16,1,18,33,3.6,8,97.8,normale,Parfait pour transfusion immédiate,5,23,12,True,True,normal,pluvieux
2023-12-17 04:24:46,Hôpital Militaire,A+,20,4,24,40,4.0,22,100.0,normale,Hémoglobine dans les normes,6,4,12,True,True,normal,pluvieux
2023-12-17 05:36:29,Centre Médical d'Excellence,A+,13,7,0,6,3.8,18,100.0,critique,"URGENT: Stock critique - État satisfaisant, contrôle qualité OK",6,5,12,True,True,normal,pluvieux
2023-12-17 06:57:27,Hôpital de District Bonassama,A+,42,10,19,51,3.7,29,100.0,normale,Contrôle bactériologique négatif,6,6,12,True,True,normal,ensoleillé
2023-12-17 07:21:45,Hôpital de District Bonassama,A+,44,2,0,42,4.2,20,100.0,normale,"Bon état général, légère variation température",6,7,12,True,True,normal,pluvieux
2023-12-17 09:20:26,Hôpital Général Douala,A+,67,9,16,74,4.2,4,95.6,normale,Hémoglobine dans les normes,6,9,12,True,True,normal,nuageux
2023-12-17 13:47:58,Clinique des Spécialités,A+,43,6,0,37,3.9,9,93.7,normale,Urgent: vérifier température stockage,6,13,12,True,True,normal,ensoleillé
2023-12-18 00:52:04,Centre Médical d'Excellence,A+,26,7,20,39,4.4,15,100.0,normale,Urgent: vérifier température stockage,0,0,12,False,True,campagne_don,ensoleillé
2023-12-18 04:58:24,Hôpital Laquintinie,A+,21,13,26,34,4.1,28,90.4,normale,Hémoglobine dans les normes,0,4,12,False,True,normal,nuageux
2023-12-18 08:46:15,Centre Médical d'Excellence,A+,95,6,0,89,4.7,24,99.3,normale,"Excellent état, conservation parfaite",0,8,12,False,True,normal,nuageux
2023-12-18 16:17:19,Clinique des Spécialités,A+,64,14,0,50,3.9,7,100.0,normale,"Excellent état, conservation parfaite",0,16,12,False,True,normal,orageux
2023-12-18 19:26:29,Centre Médical d'Excellence,A+,62,5,0,57,3.3,19,100.0,normale,Parfait pour transfusion immédiate,0,19,12,False,True,normal,orageux
2023-12-18 23:56:35,Hôpital Général Douala,A+,15,5,21,31,3.3,19,100.0,normale,Parfait pour transfusion immédiate,0,23,12,False,True,normal,nuageux
2023-12-19 02:55:05,Hôpital Militaire,A+,35,5,0,30,4.2,9,100.0,normale,Urgent: vérifier température stockage,1,2,12,False,True,normal,ensoleillé
2023-12-19 09:50:14,Hôpital Militaire,A+,50,12,17,55,2.7,1,61.0,attention,Hémoglobine dans les normes,1,9,12,False,True,normal,ensoleillé
2023-12-19 23:31:19,Hôpital Laquintinie,A+,36,7,0,29,4.4,17,100.0,normale,Parfait pour transfusion immédiate,1,23,12,False,True,normal,ensoleillé
2023-12-20 01:35:39,Hôpital Militaire,A+,15,1,0,14,4.6,32,100.0,faible,Parfait pour transfusion immédiate,2,1,12,False,True,normal,pluvieux
2023-12-20 01:41:32,Hôpital Général Douala,A+,19,8,0,11,4.5,28,100.0,faible,Hémoglobine dans les normes,2,1,12,False,True,normal,orageux
2023-12-20 21:56:32,Hôpital Laquintinie,A+,48,4,0,44,4.0,19,100.0,normale,"Excellent état, conservation parfaite",2,21,12,False,True,accident_route,nuageux
2023-12-21 04:26:43,Centre Médical d'Excellence,A+,24,6,21,39,4.4,10,100.0,normale,"État satisfaisant, contrôle qualité OK",3,4,12,False,True,normal,ensoleillé
2023-12-21 08:37:47,Hôpital Militaire,A+,77,12,0,65,4.1,22,100.0,normale,Attention: proche expiration,3,8,12,False,True,normal,orageux
2023-12-21 12:24:54,Centre Médical d'Excellence,A+,57,7,0,50,3.0,18,100.0,normale,Contrôle bactériologique négatif,3,12,12,False,True,accident_route,pluvieux
2023-12-21 14:55:43,Hôpital Militaire,A+,94,10,21,105,4.2,4,77.8,normale,Urgent: vérifier température stockage,3,14,12,False,True,normal,ensoleillé
2023-12-21 15:32:55,Hôpital Général Douala,A+,65,1,20,84,3.3,10,98.7,normale,"État satisfaisant, contrôle qualité OK",3,15,12,False,True,normal,orageux
2023-12-21 17:34:13,Hôpital Laquintinie,A+,64,11,17,70,3.5,8,95.6,normale,Parfait pour transfusion immédiate,3,17,12,False,True,normal,pluvieux
2023-12-22 02:29:48,Hôpital Général Douala,A+,28,7,0,21,4.0,28,93.2,normale,"État satisfaisant, contrôle qualité OK",4,2,12,False,True,normal,ensoleillé
2023-12-22 15:15:31,Hôpital Laquintinie,A+,73,11,0,62,4.1,1,62.7,attention,Parfait pour transfusion immédiate,4,15,12,False,True,normal,nuageux
2023-12-22 20:03:50,Centre Médical d'Excellence,A+,69,7,0,62,3.0,7,100.0,normale,Hémoglobine dans les normes,4,20,12,False,True,normal,orageux
2023-12-23 06:06:11,Clinique des Spécialités,A+,34,8,14,40,3.6,11,100.0,normale,"Bon état général, légère variation température",5,6,12,True,True,normal,nuageux
2023-12-23 06:53:06,Clinique des Spécialités,A+,47,0,0,47,3.6,8,100.0,normale,"Bon état général, légère variation température",5,6,12,True,True,normal,ensoleillé
2023-12-23 11:29:02,Hôpital Laquintinie,A+,39,9,0,30,4.5,11,100.0,normale,"Excellent état, conservation parfaite",5,11,12,True,True,normal,pluvieux
2023-12-23 14:09:24,Hôpital Laquintinie,A+,34,5,0,29,4.1,22,100.0,normale,Contrôle bactériologique négatif,5,14,12,True,True,normal,ensoleillé
2023-12-24 06:14:18,Centre Médical d'Excellence,A+,39,3,0,36,3.7,24,100.0,normale,Hémoglobine dans les normes,6,6,12,True,True,normal,ensoleillé
2023-12-24 07:00:38,Hôpital Général Douala,A+,48,7,0,41,4.3,1,63.9,attention,Urgent: vérifier température stockage,6,7,12,True,True,normal,ensoleillé
2023-12-24 12:23:25,Hôpital Laquintinie,A+,40,3,0,37,4.6,12,92.3,normale,"Bon état général, légère variation température",6,12,12,True,True,normal,ensoleillé
2023-12-24 17:15:14,Clinique des Spécialités,A+,53,4,0,49,3.6,16,95.6,normale,"État satisfaisant, contrôle qualité OK",6,17,12,True,True,normal,ensoleillé
2023-12-24 21:24:39,Centre Médical d'Excellence,A+,45,4,14,55,5.0,4,78.4,normale,Attention: proche expiration,6,21,12,True,True,normal,pluvieux
2023-12-24 23:39:56,Centre Médical d'Excellence,A+,17,6,29,40,4.5,6,98.6,normale,Hémoglobine dans les normes,6,23,12,True,True,normal,ensoleillé
2023-12-25 04:22:57,Hôpital Militaire,A+,19,11,0,8,4.4,29,99.6,critique,"URGENT: Stock critique - Bon état général, légère variation température",0,4,12,False,True,normal,ensoleillé
2023-12-25 06:04:54,Hôpital Général Douala,A+,54,7,18,65,4.9,16,87.9,normale,Attention: proche expiration,0,6,12,False,True,normal,pluvieux
2023-12-25 16:32:49,Hôpital de District Bonassama,A+,71,12,0,59,4.3,2,85.8,normale,"État satisfaisant, contrôle qualité OK",0,16,12,False,True,normal,pluvieux
2023-12-25 17:11:29,Hôpital Laquintinie,A+,64,12,0,52,4.8,4,87.0,normale,"Bon état général, légère variation température",0,17,12,False,True,normal,pluvieux
2023-12-26 04:38:02,Hôpital Laquintinie,A+,50,9,0,41,4.4,12,100.0,normale,Urgent: vérifier température stockage,1,4,12,False,True,normal,nuageux
2023-12-26 05:08:59,Hôpital de District Bonassama,A+,18,15,0,3,4.2,1,62.9,critique,URGENT: Stock critique - Parfait pour transfusion immédiate,1,5,12,False,True,normal,nuageux
2023-12-26 09:54:47,Hôpital Laquintinie,A+,38,12,0,26,3.2,17,100.0,normale,Parfait pour transfusion immédiate,1,9,12,False,True,normal,pluvieux
2023-12-26 11:15:52,Clinique des Spécialités,A+,43,14,0,29,3.5,3,70.6,normale,"Bon état général, légère variation température",1,11,12,False,True,normal,ensoleillé
2023-12-26 16:49:36,Hôpital Militaire,A+,97,13,0,84,3.5,11,98.2,normale,"Excellent état, conservation parfaite",1,16,12,False,True,normal,ensoleillé
2023-12-26 18:01:16,Hôpital Laquintinie,A+,39,12,0,27,4.0,14,100.0,normale,Attention: proche expiration,1,18,12,False,True,normal,ensoleillé
2023-12-26 18:41:54,Hôpital Général Douala,A+,49,7,23,65,4.8,24,99.8,normale,"Bon état général, légère variation température",1,18,12,False,True,normal,nuageux
2023-12-26 21:02:29,Hôpital Général Douala,A+,52,8,0,44,3.6,14,98.0,normale,Parfait pour transfusion immédiate,1,21,12,False,True,normal,ensoleillé
2023-12-27 05:26:11,Clinique des Spécialités,A+,18,5,0,13,3.9,11,100.0,faible,"Bon état général, légère variation température",2,5,12,False,True,normal,pluvieux
2023-12-27 06:23:24,Clinique des Spécialités,A+,56,10,26,72,4.8,23,100.0,normale,Attention: proche expiration,2,6,12,False,True,normal,ensoleillé
2023-12-27 09:56:16,Clinique des Spécialités,A+,41,8,0,33,4.4,26,94.8,normale,Urgent: vérifier température stockage,2,9,12,False,True,normal,nuageux
2023-12-27 15:39:08,Hôpital Laquintinie,A+,47,5,18,60,4.2,9,97.9,normale,Urgent: vérifier température stockage,2,15,12,False,True,normal,nuageux
2023-12-27 20:04:12,Hôpital de District Bonassama,A+,82,11,0,71,4.0,9,100.0,normale,"Excellent état, conservation parfaite",2,20,12,False,True,normal,orageux
2023-12-28 00:11:15,Hôpital Général Douala,A+,18,7,0,11,3.0,1,59.0,faible,"État satisfaisant, contrôle qualité OK",3,0,12,False,True,normal,pluvieux
2023-12-28 09:30:14,Centre Médical d'Excellence,A+,43,7,0,36,4.0,11,100.0,normale,Urgent: vérifier température stockage,3,9,12,False,True,normal,nuageux
2023-12-28 15:14:57,Hôpital Militaire,A+,36,10,0,26,4.3,8,96.4,normale,Urgent: vérifier température stockage,3,15,12,False,True,normal,ensoleillé
2023-12-28 19:21:05,Hôpital de District Bonassama,A+,45,3,24,66,4.5,5,100.0,normale,Parfait pour transfusion immédiate,3,19,12,False,True,normal,ensoleillé
2023-12-28 21:02:58,Hôpital Général Douala,A+,18,10,0,8,4.3,18,95.4,critique,URGENT: Stock critique - Parfait pour transfusion immédiate,3,21,12,False,True,normal,pluvieux
2023-12-29 03:41:54,Hôpital Militaire,A+,22,0,0,22,4.2,1,65.8,attention,Contrôle bactériologique négatif,4,3,12,False,True,normal,ensoleillé
2023-12-29 06:34:12,Hôpital Militaire,A+,55,11,0,44,3.9,11,100.0,normale,Parfait pour transfusion immédiate,4,6,12,False,True,normal,nuageux
2023-12-29 11:39:08,Hôpital Général Douala,A+,72,7,0,65,4.3,40,100.0,normale,"Excellent état, conservation parfaite",4,11,12,False,True,normal,pluvieux
2023-12-29 12:54:54,Hôpital de District Bonassama,A+,44,14,0,30,3.8,21,100.0,normale,"Excellent état, conservation parfaite",4,12,12,False,True,normal,pluvieux
2023-12-29 15:05:58,Centre Médical d'Excellence,A+,52,6,16,62,3.7,13,100.0,normale,Urgent: vérifier température stockage,4,15,12,False,True,normal,pluvieux
2023-12-30 05:39:46,Centre Médical d'Excellence,A+,19,6,0,13,3.9,3,88.0,faible,Attention: proche expiration,5,5,12,True,True,normal,pluvieux
2023-12-30 08:38:39,Hôpital de District Bonassama,A+,57,9,0,48,4.0,9,100.0,normale,Hémoglobine dans les normes,5,8,12,True,True,normal,ensoleillé
2023-12-30 09:51:01,Hôpital de District Bonassama,A+,49,8,17,58,4.3,15,100.0,normale,Contrôle bactériologique négatif,5,9,12,True,True,normal,ensoleillé
2023-12-30 15:15:28,Hôpital Général Douala,A+,38,8,0,30,4.1,16,100.0,normale,"Excellent état, conservation parfaite",5,15,12,True,True,épidémie,ensoleillé
2023-12-30 23:00:35,Clinique des Spécialités,A+,19,10,0,9,4.1,30,99.7,critique,URGENT: Stock critique - Parfait pour transfusion immédiate,5,23,12,True,True,normal,pluvieux
2023-12-31 00:02:09,Hôpital Général Douala,A+,27,8,0,19,4.1,15,99.1,faible,"Bon état général, légère variation température",6,0,12,True,True,normal,pluvieux
2023-12-31 09:45:26,Hôpital Militaire,A+,43,6,27,64,4.4,27,89.7,normale,Hémoglobine dans les normes,6,9,12,True,True,normal,pluvieux
2023-12-31 10:49:20,Hôpital Militaire,A+,34,10,0,24,4.3,4,80.9,normale,Attention: proche expiration,6,10,12,True,True,normal,ensoleillé
2023-12-31 10:59:10,Hôpital Général Douala,A+,31,5,0,26,3.5,27,98.9,normale,Attention: proche expiration,6,10,12,True,True,normal,ensoleillé
2023-12-31 12:38:57,Centre Médical d'Excellence,A+,43,4,0,39,3.6,9,98.6,normale,Hémoglobine dans les normes,6,12,12,True,True,normal,nuageux
2023-12-31 20:25:40,Clinique des Spécialités,A+,36,2,19,53,4.0,6,97.1,normale,Urgent: vérifier température stockage,6,20,12,True,True,normal,ensoleillé
2023-12-31 21:29:58,Hôpital de District Bonassama,A+,42,2,18,58,3.5,16,100.0,normale,Contrôle bactériologique négatif,6,21,12,True,True,normal,pluvieux
