timestamp,hospital,blood_type,stock_initial,demand,supply,stock_final,temperature,days_to_expiry,quality_score,urgency,quality_comment,day_of_week,hour,month,is_weekend,is_holiday_season,special_event,weather
2022-01-01 12:36:00,Hôpital Militaire,O+,25,4,20,41,4.3,19,100.0,normale,Urgent: vérifier température stockage,5,12,1,True,True,normal,ensoleillé
2022-01-01 12:44:28,Hôpital Laquintinie,O+,39,5,0,34,3.2,1,65.5,attention,Parfait pour transfusion immédiate,5,12,1,True,True,normal,ensoleillé
2022-01-01 15:43:13,Hôpital Militaire,O+,84,4,0,80,3.8,1,59.7,attention,"Excellent état, conservation parfaite",5,15,1,True,True,normal,ensoleillé
2022-01-01 21:27:26,Hôpital Militaire,O+,48,9,0,39,4.1,3,86.6,normale,Parfait pour transfusion immédiate,5,21,1,True,True,normal,pluvieux
2022-01-01 22:22:24,Hôpital Militaire,O+,59,7,27,79,3.9,8,98.2,normale,Attention: proche expiration,5,22,1,True,True,normal,nuageux
2022-01-01 23:52:57,Clinique des Spécialités,O+,4,7,0,0,3.8,6,98.6,critique,URGENT: Stock critique - Contrôle bactériologique négatif,5,23,1,True,True,normal,pluvieux
2022-01-02 07:31:39,Clinique des Spécialités,O+,30,6,0,24,3.8,3,89.6,normale,Contrôle bactériologique négatif,6,7,1,True,True,normal,ensoleillé
2022-01-02 16:10:44,Hôpital Laquintinie,O+,48,4,0,44,4.3,2,84.2,normale,"Bon état général, légère variation température",6,16,1,True,True,normal,pluvieux
2022-01-02 22:06:05,Hôpital Militaire,O+,49,9,0,40,4.1,1,64.2,attention,Hémoglobine dans les normes,6,22,1,True,True,normal,ensoleillé
2022-01-03 03:02:24,Hôpital Laquintinie,O+,17,9,0,8,3.5,1,64.9,critique,"URGENT: Stock critique - État satisfaisant, contrôle qualité OK",0,3,1,False,True,normal,nuageux
2022-01-03 04:51:30,Centre Médical d'Excellence,O+,28,12,0,16,3.8,7,100.0,faible,Parfait pour transfusion immédiate,0,4,1,False,True,normal,nuageux
2022-01-03 08:12:44,Clinique des Spécialités,O+,43,7,0,36,4.4,17,100.0,normale,"État satisfaisant, contrôle qualité OK",0,8,1,False,True,normal,ensoleillé
2022-01-03 12:29:49,Hôpital de District Bonassama,O+,64,6,20,78,4.4,18,100.0,normale,Parfait pour transfusion immédiate,0,12,1,False,True,normal,pluvieux
2022-01-03 16:44:48,Hôpital de District Bonassama,O+,64,10,18,72,4.1,1,55.7,attention,Contrôle bactériologique négatif,0,16,1,False,True,normal,pluvieux
2022-01-03 18:05:47,Centre Médical d'Excellence,O+,69,5,0,64,5.2,15,100.0,normale,Attention: proche expiration,0,18,1,False,True,normal,ensoleillé
2022-01-03 21:02:34,Hôpital Général Douala,O+,60,11,0,49,4.5,4,81.9,normale,Attention: proche expiration,0,21,1,False,True,normal,pluvieux
2022-01-04 13:11:30,Hôpital Laquintinie,O+,48,8,0,40,4.5,31,100.0,normale,Urgent: vérifier température stockage,1,13,1,False,True,urgence_médicale,ensoleillé
2022-01-04 14:42:33,Hôpital de District Bonassama,O+,48,12,0,36,4.3,24,96.4,normale,Contrôle bactériologique négatif,1,14,1,False,True,normal,ensoleillé
2022-01-04 15:51:57,Centre Médical d'Excellence,O+,87,8,24,103,4.0,26,100.0,normale,Urgent: vérifier température stockage,1,15,1,False,True,normal,ensoleillé
2022-01-04 22:39:10,Hôpital Général Douala,O+,73,12,24,85,3.7,11,100.0,normale,Urgent: vérifier température stockage,1,22,1,False,True,normal,nuageux
2022-01-05 09:13:58,Hôpital Général Douala,O+,52,16,22,58,3.9,14,100.0,normale,"Excellent état, conservation parfaite",2,9,1,False,True,normal,pluvieux
2022-01-05 13:57:50,Hôpital Général Douala,O+,73,14,19,78,4.0,24,98.6,normale,Contrôle bactériologique négatif,2,13,1,False,True,normal,ensoleillé
2022-01-05 18:17:42,Hôpital Laquintinie,O+,15,6,0,9,3.9,30,99.7,critique,"URGENT: Stock critique - Excellent état, conservation parfaite",2,18,1,False,True,normal,nuageux
2022-01-05 22:21:53,Centre Médical d'Excellence,O+,87,10,29,106,3.8,2,77.0,normale,"État satisfaisant, contrôle qualité OK",2,22,1,False,True,normal,nuageux
2022-01-06 01:08:44,Hôpital Militaire,O+,20,8,0,12,4.7,3,89.4,faible,"État satisfaisant, contrôle qualité OK",3,1,1,False,True,normal,ensoleillé
2022-01-06 03:23:04,Centre Médical d'Excellence,O+,25,7,0,18,3.6,1,57.2,faible,Urgent: vérifier température stockage,3,3,1,False,True,normal,ensoleillé
2022-01-06 14:33:10,Clinique des Spécialités,O+,52,15,14,51,4.7,12,93.5,normale,Hémoglobine dans les normes,3,14,1,False,True,normal,ensoleillé
2022-01-06 18:30:18,Hôpital de District Bonassama,O+,46,7,21,60,4.5,3,81.2,normale,"État satisfaisant, contrôle qualité OK",3,18,1,False,True,normal,ensoleillé
2022-01-07 08:26:16,Clinique des Spécialités,O+,31,9,0,22,3.9,11,100.0,normale,"Bon état général, légère variation température",4,8,1,False,True,normal,ensoleillé
2022-01-07 08:56:07,Hôpital de District Bonassama,O+,44,10,29,63,3.6,23,98.0,normale,"Bon état général, légère variation température",4,8,1,False,True,normal,ensoleillé
2022-01-07 11:02:31,Clinique des Spécialités,O+,77,9,0,68,3.8,5,100.0,normale,Hémoglobine dans les normes,4,11,1,False,True,normal,nuageux
2022-01-07 13:46:31,Hôpital Général Douala,O+,84,13,0,71,3.2,6,100.0,normale,Hémoglobine dans les normes,4,13,1,False,True,normal,orageux
2022-01-07 21:52:13,Centre Médical d'Excellence,O+,35,16,0,19,4.1,38,100.0,faible,Contrôle bactériologique négatif,4,21,1,False,True,campagne_don,pluvieux
2022-01-08 02:14:38,Hôpital Laquintinie,O+,26,0,0,26,3.9,6,100.0,normale,Contrôle bactériologique négatif,5,2,1,True,True,normal,ensoleillé
2022-01-08 02:24:33,Hôpital Général Douala,O+,11,6,19,24,4.0,8,93.4,normale,Attention: proche expiration,5,2,1,True,True,normal,ensoleillé
2022-01-08 04:45:09,Hôpital Laquintinie,O+,27,2,0,25,3.5,48,100.0,normale,Contrôle bactériologique négatif,5,4,1,True,True,normal,ensoleillé
2022-01-08 05:39:09,Hôpital Militaire,O+,29,0,0,29,3.0,12,93.8,normale,Urgent: vérifier température stockage,5,5,1,True,True,urgence_médicale,pluvieux
2022-01-08 08:09:50,Hôpital Militaire,O+,37,6,15,46,4.0,3,85.1,normale,Parfait pour transfusion immédiate,5,8,1,True,True,normal,ensoleillé
2022-01-08 10:51:37,Clinique des Spécialités,O+,44,7,0,37,4.8,3,80.0,normale,Contrôle bactériologique négatif,5,10,1,True,True,normal,ensoleillé
2022-01-08 12:18:18,Centre Médical d'Excellence,O+,51,3,19,67,3.1,44,97.3,normale,Contrôle bactériologique négatif,5,12,1,True,True,normal,nuageux
2022-01-08 13:15:12,Hôpital Général Douala,O+,54,6,24,72,5.1,4,88.4,normale,Parfait pour transfusion immédiate,5,13,1,True,True,accident_route,ensoleillé
2022-01-08 21:13:49,Clinique des Spécialités,O+,36,8,0,28,4.8,16,100.0,normale,"Bon état général, légère variation température",5,21,1,True,True,normal,ensoleillé
2022-01-09 05:11:16,Centre Médical d'Excellence,O+,21,7,0,14,4.3,1,52.4,faible,"Excellent état, conservation parfaite",6,5,1,True,True,normal,ensoleillé
2022-01-09 07:39:22,Centre Médical d'Excellence,O+,22,5,23,40,3.1,1,65.7,attention,Contrôle bactériologique négatif,6,7,1,True,True,normal,ensoleillé
2022-01-09 09:01:01,Clinique des Spécialités,O+,25,6,20,39,4.4,16,100.0,normale,Urgent: vérifier température stockage,6,9,1,True,True,normal,pluvieux
2022-01-09 15:51:17,Hôpital de District Bonassama,O+,36,8,20,48,4.4,1,60.7,attention,"Bon état général, légère variation température",6,15,1,True,True,normal,pluvieux
2022-01-09 18:35:46,Centre Médical d'Excellence,O+,47,6,20,61,3.8,26,100.0,normale,Hémoglobine dans les normes,6,18,1,True,True,normal,nuageux
2022-01-10 04:55:05,Hôpital Laquintinie,O+,26,5,0,21,4.4,2,90.2,normale,Hémoglobine dans les normes,0,4,1,False,True,normal,ensoleillé
2022-01-10 05:08:35,Hôpital Militaire,O+,23,7,0,16,5.2,13,100.0,faible,Hémoglobine dans les normes,0,5,1,False,True,normal,nuageux
2022-01-10 11:15:10,Hôpital Général Douala,O+,30,11,22,41,4.2,27,100.0,normale,"Excellent état, conservation parfaite",0,11,1,False,True,normal,ensoleillé
2022-01-10 11:34:09,Hôpital Militaire,O+,78,15,0,63,3.7,31,100.0,normale,"Excellent état, conservation parfaite",0,11,1,False,True,normal,nuageux
2022-01-10 12:38:37,Hôpital Laquintinie,O+,53,6,0,47,3.7,25,100.0,normale,"État satisfaisant, contrôle qualité OK",0,12,1,False,True,normal,ensoleillé
2022-01-10 13:03:58,Hôpital Militaire,O+,55,9,17,63,4.0,4,85.4,normale,Attention: proche expiration,0,13,1,False,True,normal,nuageux
2022-01-10 14:02:44,Hôpital Général Douala,O+,86,10,0,76,4.1,11,98.0,normale,Hémoglobine dans les normes,0,14,1,False,True,normal,pluvieux
2022-01-10 19:10:11,Clinique des Spécialités,O+,29,8,19,40,4.3,3,89.9,normale,Hémoglobine dans les normes,0,19,1,False,True,normal,orageux
2022-01-10 21:39:57,Hôpital Général Douala,O+,77,8,0,69,4.3,3,84.9,normale,"Bon état général, légère variation température",0,21,1,False,True,normal,nuageux
2022-01-10 22:03:34,Hôpital Militaire,O+,72,12,0,60,4.2,14,100.0,normale,Contrôle bactériologique négatif,0,22,1,False,True,normal,ensoleillé
2022-01-11 00:25:47,Hôpital Général Douala,O+,17,8,0,9,3.6,13,99.9,critique,URGENT: Stock critique - Hémoglobine dans les normes,1,0,1,False,True,normal,ensoleillé
2022-01-11 14:54:37,Clinique des Spécialités,O+,59,7,0,52,3.9,64,98.0,normale,"Bon état général, légère variation température",1,14,1,False,True,normal,pluvieux
2022-01-11 19:27:45,Clinique des Spécialités,O+,77,11,0,66,3.8,1,57.8,attention,"Excellent état, conservation parfaite",1,19,1,False,True,normal,ensoleillé
2022-01-11 20:41:11,Hôpital Laquintinie,O+,92,10,26,108,3.7,25,100.0,normale,Attention: proche expiration,1,20,1,False,True,normal,pluvieux
2022-01-11 23:44:40,Centre Médical d'Excellence,O+,56,9,0,47,3.5,84,100.0,normale,Hémoglobine dans les normes,1,23,1,False,True,normal,pluvieux
2022-01-12 10:29:27,Centre Médical d'Excellence,O+,30,7,21,44,4.3,14,93.7,normale,"Bon état général, légère variation température",2,10,1,False,True,normal,nuageux
2022-01-12 11:06:22,Hôpital Militaire,O+,67,7,0,60,4.2,10,98.5,normale,"État satisfaisant, contrôle qualité OK",2,11,1,False,True,normal,orageux
2022-01-12 22:05:59,Centre Médical d'Excellence,O+,54,10,13,57,4.0,41,96.6,normale,"Bon état général, légère variation température",2,22,1,False,True,normal,orageux
2022-01-13 04:48:52,Hôpital Laquintinie,O+,29,16,0,13,4.5,12,100.0,faible,"Bon état général, légère variation température",3,4,1,False,True,normal,ensoleillé
2022-01-13 08:57:35,Hôpital Général Douala,O+,29,6,0,23,4.5,21,100.0,normale,"Bon état général, légère variation température",3,8,1,False,True,normal,nuageux
2022-01-13 14:21:39,Centre Médical d'Excellence,O+,83,8,14,89,3.4,17,91.8,normale,"Bon état général, légère variation température",3,14,1,False,True,normal,ensoleillé
2022-01-13 15:30:23,Hôpital de District Bonassama,O+,79,15,19,83,4.0,9,100.0,normale,Urgent: vérifier température stockage,3,15,1,False,True,urgence_médicale,nuageux
2022-01-13 18:03:32,Hôpital Militaire,O+,72,11,0,61,3.9,39,100.0,normale,"État satisfaisant, contrôle qualité OK",3,18,1,False,True,normal,nuageux
2022-01-13 22:08:07,Clinique des Spécialités,O+,49,3,0,46,3.9,17,99.2,normale,"Excellent état, conservation parfaite",3,22,1,False,True,normal,pluvieux
2022-01-14 02:52:13,Hôpital Général Douala,O+,27,11,16,32,4.6,34,98.5,normale,Contrôle bactériologique négatif,4,2,1,False,True,normal,pluvieux
2022-01-14 09:26:15,Hôpital Laquintinie,O+,64,6,0,58,5.1,2,78.8,normale,Contrôle bactériologique négatif,4,9,1,False,True,normal,orageux
2022-01-14 11:58:31,Hôpital Laquintinie,O+,53,11,13,55,4.6,11,100.0,normale,Contrôle bactériologique négatif,4,11,1,False,True,normal,ensoleillé
2022-01-14 17:23:59,Centre Médical d'Excellence,O+,34,2,0,32,4.5,71,100.0,normale,Parfait pour transfusion immédiate,4,17,1,False,True,normal,nuageux
2022-01-15 12:57:48,Hôpital Militaire,O+,31,2,0,29,5.1,10,94.3,normale,Attention: proche expiration,5,12,1,True,True,normal,ensoleillé
2022-01-15 13:22:03,Centre Médical d'Excellence,O+,45,6,0,39,3.8,40,100.0,normale,Hémoglobine dans les normes,5,13,1,True,True,urgence_médicale,ensoleillé
2022-01-15 17:01:05,Hôpital Général Douala,O+,39,7,0,32,5.2,21,98.5,normale,Contrôle bactériologique négatif,5,17,1,True,True,normal,nuageux
2022-01-15 20:30:39,Centre Médical d'Excellence,O+,33,6,0,27,3.7,1,57.9,attention,"État satisfaisant, contrôle qualité OK",5,20,1,True,True,normal,ensoleillé
2022-01-16 11:07:33,Hôpital Militaire,O+,33,7,0,26,3.4,20,100.0,normale,Attention: proche expiration,6,11,1,True,True,normal,ensoleillé
2022-01-16 14:16:51,Hôpital Général Douala,O+,32,8,0,24,4.3,7,100.0,normale,Attention: proche expiration,6,14,1,True,True,normal,nuageux
2022-01-17 04:47:39,Centre Médical d'Excellence,O+,37,12,0,25,3.5,11,100.0,normale,Contrôle bactériologique négatif,0,4,1,False,True,normal,ensoleillé
2022-01-17 20:32:34,Hôpital Militaire,O+,50,5,24,69,3.3,2,79.5,normale,Hémoglobine dans les normes,0,20,1,False,True,normal,pluvieux
2022-01-18 00:29:09,Hôpital Général Douala,O+,49,8,11,52,4.9,13,100.0,normale,Urgent: vérifier température stockage,1,0,1,False,True,normal,ensoleillé
2022-01-18 00:29:34,Hôpital Général Douala,O+,24,12,0,12,4.0,1,66.6,faible,"Bon état général, légère variation température",1,0,1,False,True,normal,ensoleillé
2022-01-18 06:31:02,Hôpital Général Douala,O+,81,2,0,79,3.4,6,100.0,normale,Urgent: vérifier température stockage,1,6,1,False,True,normal,nuageux
2022-01-18 13:01:01,Clinique des Spécialités,O+,66,10,0,56,3.5,4,80.5,normale,Hémoglobine dans les normes,1,13,1,False,True,normal,ensoleillé
2022-01-18 14:58:38,Hôpital de District Bonassama,O+,44,6,0,38,3.8,22,100.0,normale,Hémoglobine dans les normes,1,14,1,False,True,normal,pluvieux
2022-01-19 10:47:13,Hôpital Militaire,O+,51,16,19,54,3.6,10,100.0,normale,"Bon état général, légère variation température",2,10,1,False,True,normal,ensoleillé
2022-01-19 13:43:10,Hôpital Laquintinie,O+,48,9,0,39,3.7,4,88.0,normale,Urgent: vérifier température stockage,2,13,1,False,True,normal,pluvieux
2022-01-19 19:14:52,Hôpital Laquintinie,O+,53,11,0,42,4.2,22,99.8,normale,"Excellent état, conservation parfaite",2,19,1,False,True,normal,ensoleillé
2022-01-20 04:32:53,Hôpital Général Douala,O+,36,8,20,48,4.5,5,100.0,normale,Attention: proche expiration,3,4,1,False,True,normal,ensoleillé
2022-01-20 06:03:04,Hôpital Laquintinie,O+,55,11,0,44,3.7,33,97.4,normale,Hémoglobine dans les normes,3,6,1,False,True,normal,pluvieux
2022-01-20 06:13:24,Hôpital Général Douala,O+,56,5,0,51,3.6,32,100.0,normale,Parfait pour transfusion immédiate,3,6,1,False,True,normal,ensoleillé
2022-01-20 08:23:43,Clinique des Spécialités,O+,69,9,0,60,4.1,16,99.8,normale,Hémoglobine dans les normes,3,8,1,False,True,normal,pluvieux
2022-01-20 08:38:22,Hôpital Général Douala,O+,38,8,0,30,4.0,11,98.7,normale,"État satisfaisant, contrôle qualité OK",3,8,1,False,True,normal,nuageux
2022-01-20 08:49:04,Clinique des Spécialités,O+,45,11,20,54,3.8,25,90.2,normale,Parfait pour transfusion immédiate,3,8,1,False,True,normal,ensoleillé
2022-01-20 15:06:24,Hôpital Laquintinie,O+,32,14,25,43,4.0,2,85.7,normale,"Bon état général, légère variation température",3,15,1,False,True,normal,nuageux
2022-01-20 16:49:49,Hôpital Laquintinie,O+,81,5,0,76,3.8,27,100.0,normale,Contrôle bactériologique négatif,3,16,1,False,True,normal,pluvieux
2022-01-20 22:40:49,Hôpital Laquintinie,O+,73,12,22,83,4.1,12,100.0,normale,"Excellent état, conservation parfaite",3,22,1,False,True,normal,ensoleillé
2022-01-21 03:03:34,Hôpital Général Douala,O+,33,7,20,46,3.1,13,98.5,normale,Attention: proche expiration,4,3,1,False,True,normal,nuageux
2022-01-21 06:15:00,Hôpital Général Douala,O+,73,7,20,86,4.2,1,65.8,attention,Parfait pour transfusion immédiate,4,6,1,False,True,normal,nuageux
2022-01-21 09:33:26,Hôpital Général Douala,O+,41,12,20,49,3.9,15,88.0,normale,"Bon état général, légère variation température",4,9,1,False,True,normal,pluvieux
2022-01-21 14:39:58,Hôpital Général Douala,O+,43,7,0,36,3.9,1,60.0,attention,Attention: proche expiration,4,14,1,False,True,normal,ensoleillé
2022-01-21 20:20:02,Hôpital Militaire,O+,62,7,0,55,3.6,7,100.0,normale,"Excellent état, conservation parfaite",4,20,1,False,True,normal,pluvieux
2022-01-21 22:41:27,Hôpital de District Bonassama,O+,63,12,0,51,4.2,1,63.2,attention,Attention: proche expiration,4,22,1,False,True,normal,ensoleillé
2022-01-22 01:13:07,Centre Médical d'Excellence,O+,21,4,0,17,3.2,9,96.8,faible,Urgent: vérifier température stockage,5,1,1,True,True,normal,ensoleillé
2022-01-22 04:52:23,Hôpital Général Douala,O+,8,8,23,23,4.2,8,100.0,normale,"Bon état général, légère variation température",5,4,1,True,True,normal,ensoleillé
2022-01-22 05:51:14,Hôpital de District Bonassama,O+,15,3,24,36,4.3,29,100.0,normale,"Bon état général, légère variation température",5,5,1,True,True,normal,ensoleillé
2022-01-22 07:42:51,Hôpital Laquintinie,O+,19,4,0,15,3.1,13,100.0,faible,Urgent: vérifier température stockage,5,7,1,True,True,normal,ensoleillé
2022-01-22 10:30:40,Clinique des Spécialités,O+,29,10,15,34,3.5,1,57.8,attention,Parfait pour transfusion immédiate,5,10,1,True,True,normal,ensoleillé
2022-01-22 12:26:35,Hôpital Militaire,O+,24,9,0,15,3.9,5,96.4,faible,Urgent: vérifier température stockage,5,12,1,True,True,normal,pluvieux
2022-01-22 20:41:52,Hôpital Militaire,O+,21,9,0,12,4.9,2,82.7,faible,Attention: proche expiration,5,20,1,True,True,normal,ensoleillé
2022-01-23 04:36:27,Hôpital Général Douala,O+,30,7,0,23,3.9,5,100.0,normale,"État satisfaisant, contrôle qualité OK",6,4,1,True,True,normal,orageux
2022-01-23 08:06:59,Clinique des Spécialités,O+,39,3,0,36,3.9,7,100.0,normale,"Bon état général, légère variation température",6,8,1,True,True,normal,ensoleillé
2022-01-23 11:37:58,Hôpital Militaire,O+,23,4,0,19,4.3,7,96.4,faible,"Bon état général, légère variation température",6,11,1,True,True,normal,pluvieux
2022-01-23 12:27:46,Clinique des Spécialités,O+,56,6,27,77,3.9,10,100.0,normale,"Excellent état, conservation parfaite",6,12,1,True,True,normal,nuageux
2022-01-23 13:03:42,Hôpital de District Bonassama,O+,66,6,0,60,4.5,2,90.5,normale,Parfait pour transfusion immédiate,6,13,1,True,True,normal,pluvieux
2022-01-23 14:47:14,Hôpital Militaire,O+,48,8,24,64,4.3,14,100.0,normale,Hémoglobine dans les normes,6,14,1,True,True,normal,ensoleillé
2022-01-23 16:11:00,Hôpital Militaire,O+,42,8,0,34,3.8,10,98.9,normale,Attention: proche expiration,6,16,1,True,True,normal,pluvieux
2022-01-23 17:25:46,Hôpital Général Douala,O+,39,6,12,45,3.5,4,81.2,normale,Contrôle bactériologique négatif,6,17,1,True,True,normal,pluvieux
2022-01-23 18:15:21,Hôpital Général Douala,O+,40,8,0,32,3.9,9,100.0,normale,Hémoglobine dans les normes,6,18,1,True,True,normal,ensoleillé
2022-01-24 00:15:44,Hôpital Laquintinie,O+,24,9,0,15,4.5,1,54.8,faible,"Excellent état, conservation parfaite",0,0,1,False,True,normal,ensoleillé
2022-01-24 02:05:11,Hôpital Militaire,O+,22,13,0,9,3.9,4,81.1,critique,URGENT: Stock critique - Urgent: vérifier température stockage,0,2,1,False,True,normal,nuageux
2022-01-24 03:27:37,Hôpital Militaire,O+,39,7,0,32,3.9,36,100.0,normale,Hémoglobine dans les normes,0,3,1,False,True,normal,pluvieux
2022-01-24 22:30:38,Hôpital Militaire,O+,82,8,25,99,3.8,31,100.0,normale,Urgent: vérifier température stockage,0,22,1,False,True,normal,ensoleillé
2022-01-25 01:45:18,Hôpital Général Douala,O+,39,4,0,35,4.8,3,81.2,normale,Parfait pour transfusion immédiate,1,1,1,False,True,normal,ensoleillé
2022-01-25 02:26:27,Hôpital Général Douala,O+,22,4,0,18,3.1,27,100.0,faible,"Excellent état, conservation parfaite",1,2,1,False,True,normal,orageux
2022-01-25 04:41:24,Hôpital Laquintinie,O+,31,15,0,16,3.9,4,86.0,faible,"Bon état général, légère variation température",1,4,1,False,True,normal,nuageux
2022-01-25 06:59:06,Hôpital de District Bonassama,O+,47,9,12,50,3.7,2,82.0,normale,Hémoglobine dans les normes,1,6,1,False,True,normal,pluvieux
2022-01-25 09:34:47,Hôpital Laquintinie,O+,67,14,0,53,4.2,15,98.2,normale,"Excellent état, conservation parfaite",1,9,1,False,True,normal,nuageux
2022-01-25 14:38:31,Hôpital Général Douala,O+,99,2,0,97,3.7,2,84.6,normale,"Excellent état, conservation parfaite",1,14,1,False,True,accident_route,pluvieux
2022-01-25 22:17:11,Centre Médical d'Excellence,O+,57,6,22,73,3.6,37,92.2,normale,Contrôle bactériologique négatif,1,22,1,False,True,normal,ensoleillé
2022-01-26 00:34:27,Hôpital Laquintinie,O+,42,5,0,37,3.6,37,97.0,normale,"Excellent état, conservation parfaite",2,0,1,False,True,normal,nuageux
2022-01-26 04:34:40,Centre Médical d'Excellence,O+,21,11,0,10,4.1,4,90.3,faible,Attention: proche expiration,2,4,1,False,True,normal,orageux
2022-01-26 08:27:03,Hôpital de District Bonassama,O+,81,12,0,69,3.9,5,100.0,normale,Hémoglobine dans les normes,2,8,1,False,True,normal,pluvieux
2022-01-26 12:33:03,Hôpital Laquintinie,O+,79,12,0,67,3.8,24,100.0,normale,Parfait pour transfusion immédiate,2,12,1,False,True,normal,nuageux
2022-01-26 22:51:34,Hôpital Militaire,O+,42,8,0,34,3.4,30,94.9,normale,"Bon état général, légère variation température",2,22,1,False,True,normal,pluvieux
2022-01-26 23:46:28,Hôpital de District Bonassama,O+,24,12,22,34,4.0,5,96.8,normale,Hémoglobine dans les normes,2,23,1,False,True,normal,ensoleillé
2022-01-27 02:43:57,Hôpital Laquintinie,O+,27,7,17,37,3.3,52,100.0,normale,"Excellent état, conservation parfaite",3,2,1,False,True,normal,nuageux
2022-01-27 22:09:47,Clinique des Spécialités,O+,81,13,0,68,3.2,4,89.6,normale,Parfait pour transfusion immédiate,3,22,1,False,True,normal,pluvieux
2022-01-27 22:39:05,Hôpital Militaire,O+,56,10,0,46,4.8,17,100.0,normale,Contrôle bactériologique négatif,3,22,1,False,True,normal,pluvieux
2022-01-28 01:51:15,Hôpital Général Douala,O+,15,8,0,7,4.8,1,57.5,critique,"URGENT: Stock critique - État satisfaisant, contrôle qualité OK",4,1,1,False,True,normal,ensoleillé
2022-01-28 07:20:10,Hôpital de District Bonassama,O+,88,14,0,74,4.4,1,55.1,attention,Parfait pour transfusion immédiate,4,7,1,False,True,normal,nuageux
2022-01-28 17:27:51,Hôpital Général Douala,O+,79,11,19,87,4.4,8,94.9,normale,Urgent: vérifier température stockage,4,17,1,False,True,normal,ensoleillé
2022-01-28 20:06:24,Clinique des Spécialités,O+,64,8,0,56,4.9,4,79.9,normale,"Bon état général, légère variation température",4,20,1,False,True,normal,orageux
2022-01-28 23:36:47,Hôpital Militaire,O+,23,13,18,28,4.4,31,100.0,normale,Contrôle bactériologique négatif,4,23,1,False,True,normal,pluvieux
2022-01-29 05:25:25,Hôpital Laquintinie,O+,18,10,0,8,3.4,16,100.0,critique,URGENT: Stock critique - Attention: proche expiration,5,5,1,True,True,normal,ensoleillé
2022-01-29 12:31:48,Hôpital de District Bonassama,O+,42,3,19,58,4.3,1,71.1,normale,Urgent: vérifier température stockage,5,12,1,True,True,normal,pluvieux
2022-01-29 13:21:08,Hôpital Laquintinie,O+,37,4,0,33,4.2,3,81.0,normale,Hémoglobine dans les normes,5,13,1,True,True,normal,pluvieux
2022-01-29 17:25:40,Hôpital Militaire,O+,41,4,0,37,5.0,17,100.0,normale,"État satisfaisant, contrôle qualité OK",5,17,1,True,True,normal,pluvieux
2022-01-30 00:39:25,Clinique des Spécialités,O+,22,10,0,12,4.7,20,100.0,faible,Contrôle bactériologique négatif,6,0,1,True,True,normal,nuageux
2022-01-30 00:46:09,Hôpital Laquintinie,O+,13,6,0,7,4.5,20,100.0,critique,URGENT: Stock critique - Contrôle bactériologique négatif,6,0,1,True,True,normal,ensoleillé
2022-01-30 02:24:38,Hôpital de District Bonassama,O+,20,3,0,17,3.5,3,89.7,faible,"État satisfaisant, contrôle qualité OK",6,2,1,True,True,normal,nuageux
2022-01-30 05:02:59,Hôpital Laquintinie,O+,28,5,0,23,4.6,4,88.0,normale,Hémoglobine dans les normes,6,5,1,True,True,normal,pluvieux
2022-01-30 05:18:36,Centre Médical d'Excellence,O+,21,6,0,15,3.3,4,90.5,faible,Contrôle bactériologique négatif,6,5,1,True,True,normal,ensoleillé
2022-01-30 07:27:20,Hôpital de District Bonassama,O+,50,8,0,42,3.5,8,100.0,normale,Parfait pour transfusion immédiate,6,7,1,True,True,normal,pluvieux
2022-01-30 11:41:43,Hôpital Général Douala,O+,55,11,21,65,4.9,7,97.5,normale,"Excellent état, conservation parfaite",6,11,1,True,True,normal,ensoleillé
2022-01-31 02:57:31,Hôpital Militaire,O+,19,10,0,9,3.8,16,100.0,critique,URGENT: Stock critique - Urgent: vérifier température stockage,0,2,1,False,True,normal,ensoleillé
2022-01-31 05:24:32,Hôpital Général Douala,O+,34,14,0,20,4.4,24,100.0,normale,Urgent: vérifier température stockage,0,5,1,False,True,accident_route,pluvieux
2022-01-31 11:42:11,Clinique des Spécialités,O+,67,8,26,85,3.6,24,100.0,normale,Attention: proche expiration,0,11,1,False,True,normal,nuageux
2022-01-31 16:07:11,Hôpital Laquintinie,O+,53,10,0,43,4.4,2,83.1,normale,"Excellent état, conservation parfaite",0,16,1,False,True,normal,nuageux
2022-01-31 22:25:35,Hôpital de District Bonassama,O+,52,12,20,60,3.4,10,97.5,normale,Contrôle bactériologique négatif,0,22,1,False,True,normal,pluvieux
2022-01-31 23:03:31,Hôpital Militaire,O+,0,4,0,0,3.8,29,100.0,critique,URGENT: Stock critique - Urgent: vérifier température stockage,0,23,1,False,True,normal,pluvieux
2022-02-01 02:44:52,Hôpital Général Douala,O+,28,9,0,19,4.3,3,80.1,faible,Attention: proche expiration,1,2,2,False,False,normal,pluvieux
2022-02-01 05:58:21,Hôpital Militaire,O+,23,4,0,19,3.6,9,98.7,faible,"Bon état général, légère variation température",1,5,2,False,False,normal,pluvieux
2022-02-01 06:24:21,Hôpital Laquintinie,O+,40,5,27,62,4.8,2,84.0,normale,"État satisfaisant, contrôle qualité OK",1,6,2,False,False,normal,ensoleillé
2022-02-01 12:59:54,Hôpital de District Bonassama,O+,53,5,0,48,3.6,7,97.3,normale,"Bon état général, légère variation température",1,12,2,False,False,normal,pluvieux
2022-02-01 13:28:37,Clinique des Spécialités,O+,71,6,14,79,4.4,12,94.4,normale,"Excellent état, conservation parfaite",1,13,2,False,False,normal,pluvieux
2022-02-01 13:49:46,Hôpital Laquintinie,O+,40,7,0,33,4.8,4,85.7,normale,Contrôle bactériologique négatif,1,13,2,False,False,normal,pluvieux
2022-02-01 23:07:07,Hôpital Laquintinie,O+,31,8,0,23,4.3,1,63.5,attention,Urgent: vérifier température stockage,1,23,2,False,False,normal,pluvieux
2022-02-02 19:16:06,Clinique des Spécialités,O+,41,4,0,37,4.2,7,100.0,normale,"État satisfaisant, contrôle qualité OK",2,19,2,False,False,normal,pluvieux
2022-02-02 20:34:16,Hôpital Laquintinie,O+,47,5,14,56,4.1,1,62.4,attention,Urgent: vérifier température stockage,2,20,2,False,False,normal,nuageux
2022-02-03 00:34:23,Hôpital de District Bonassama,O+,23,5,15,33,3.4,31,98.5,normale,"Bon état général, légère variation température",3,0,2,False,False,normal,nuageux
2022-02-03 01:13:20,Centre Médical d'Excellence,O+,25,3,0,22,4.2,40,98.7,normale,Parfait pour transfusion immédiate,3,1,2,False,False,normal,orageux
2022-02-03 03:32:11,Clinique des Spécialités,O+,35,12,0,23,4.7,11,97.2,normale,Urgent: vérifier température stockage,3,3,2,False,False,normal,pluvieux
2022-02-03 03:55:01,Hôpital Laquintinie,O+,37,6,0,31,3.9,26,100.0,normale,Hémoglobine dans les normes,3,3,2,False,False,normal,orageux
2022-02-03 15:29:47,Clinique des Spécialités,O+,37,7,0,30,3.4,3,86.7,normale,"Bon état général, légère variation température",3,15,2,False,False,normal,pluvieux
2022-02-03 17:44:53,Hôpital Laquintinie,O+,44,7,0,37,3.9,23,100.0,normale,Urgent: vérifier température stockage,3,17,2,False,False,normal,ensoleillé
2022-02-03 22:29:09,Hôpital Militaire,O+,59,10,15,64,3.6,7,93.3,normale,Hémoglobine dans les normes,3,22,2,False,False,normal,ensoleillé
2022-02-04 00:04:02,Hôpital de District Bonassama,O+,36,5,15,46,4.3,33,98.4,normale,"Excellent état, conservation parfaite",4,0,2,False,False,normal,nuageux
2022-02-04 01:27:15,Hôpital Militaire,O+,22,11,15,26,4.7,4,79.3,normale,"Bon état général, légère variation température",4,1,2,False,False,normal,orageux
2022-02-04 04:46:40,Clinique des Spécialités,O+,31,9,0,22,4.7,1,61.5,attention,Attention: proche expiration,4,4,2,False,False,normal,ensoleillé
2022-02-04 04:55:33,Hôpital de District Bonassama,O+,29,5,0,24,4.3,1,58.0,attention,Attention: proche expiration,4,4,2,False,False,normal,pluvieux
2022-02-04 08:37:56,Hôpital Militaire,O+,37,10,0,27,4.5,1,61.6,attention,Attention: proche expiration,4,8,2,False,False,normal,ensoleillé
2022-02-04 09:45:00,Hôpital Général Douala,O+,45,1,0,44,3.9,9,100.0,normale,"État satisfaisant, contrôle qualité OK",4,9,2,False,False,normal,pluvieux
2022-02-04 15:43:11,Hôpital de District Bonassama,O+,33,7,0,26,3.5,11,100.0,normale,Attention: proche expiration,4,15,2,False,False,normal,ensoleillé
2022-02-04 16:57:08,Centre Médical d'Excellence,O+,51,8,22,65,3.9,1,61.3,attention,Contrôle bactériologique négatif,4,16,2,False,False,normal,ensoleillé
2022-02-05 04:30:56,Hôpital Laquintinie,O+,10,4,13,19,4.0,11,100.0,faible,Urgent: vérifier température stockage,5,4,2,True,False,normal,pluvieux
2022-02-05 05:19:32,Hôpital Militaire,O+,14,7,0,7,3.6,16,91.8,critique,"URGENT: Stock critique - Excellent état, conservation parfaite",5,5,2,True,False,normal,nuageux
2022-02-05 06:38:27,Hôpital Général Douala,O+,26,4,0,22,3.5,12,100.0,normale,Contrôle bactériologique négatif,5,6,2,True,False,normal,pluvieux
2022-02-05 07:28:09,Hôpital de District Bonassama,O+,45,7,0,38,4.0,19,100.0,normale,Hémoglobine dans les normes,5,7,2,True,False,normal,nuageux
2022-02-05 08:02:09,Hôpital Général Douala,O+,30,1,0,29,4.5,3,86.7,normale,"État satisfaisant, contrôle qualité OK",5,8,2,True,False,normal,ensoleillé
2022-02-05 12:11:51,Hôpital Militaire,O+,26,8,0,18,3.7,3,95.8,faible,Parfait pour transfusion immédiate,5,12,2,True,False,normal,pluvieux
2022-02-05 12:15:06,Hôpital Général Douala,O+,13,7,0,6,3.8,21,99.2,critique,URGENT: Stock critique - Hémoglobine dans les normes,5,12,2,True,False,épidémie,ensoleillé
2022-02-05 13:21:56,Clinique des Spécialités,O+,47,3,0,44,4.7,9,97.1,normale,Attention: proche expiration,5,13,2,True,False,normal,ensoleillé
2022-02-05 16:59:10,Hôpital Laquintinie,O+,45,6,21,60,4.1,1,67.0,attention,Attention: proche expiration,5,16,2,True,False,normal,pluvieux
2022-02-05 17:09:28,Hôpital Militaire,O+,32,7,17,42,3.9,13,94.3,normale,Hémoglobine dans les normes,5,17,2,True,False,normal,pluvieux
2022-02-05 20:06:27,Hôpital de District Bonassama,O+,27,7,0,20,4.3,1,55.9,attention,"Excellent état, conservation parfaite",5,20,2,True,False,normal,pluvieux
2022-02-06 01:39:25,Hôpital Militaire,O+,14,7,0,7,3.9,15,94.7,critique,"URGENT: Stock critique - Excellent état, conservation parfaite",6,1,2,True,False,urgence_médicale,nuageux
2022-02-06 09:58:58,Hôpital Militaire,O+,19,9,0,10,4.0,13,100.0,faible,Attention: proche expiration,6,9,2,True,False,normal,ensoleillé
2022-02-07 01:21:57,Hôpital Laquintinie,O+,29,8,10,31,5.1,1,63.0,attention,"État satisfaisant, contrôle qualité OK",0,1,2,False,False,normal,pluvieux
2022-02-07 17:43:35,Clinique des Spécialités,O+,46,4,0,42,2.9,10,100.0,normale,Hémoglobine dans les normes,0,17,2,False,False,urgence_médicale,ensoleillé
2022-02-07 20:06:41,Hôpital Général Douala,O+,32,8,0,24,5.3,12,93.2,normale,Contrôle bactériologique négatif,0,20,2,False,False,normal,nuageux
2022-02-08 00:30:20,Centre Médical d'Excellence,O+,29,10,0,19,3.9,2,97.2,faible,"État satisfaisant, contrôle qualité OK",1,0,2,False,False,normal,ensoleillé
2022-02-08 03:01:20,Hôpital Général Douala,O+,29,0,0,29,4.0,1,60.2,attention,Hémoglobine dans les normes,1,3,2,False,False,normal,ensoleillé
2022-02-08 06:51:01,Hôpital Laquintinie,O+,64,8,21,77,4.8,36,97.8,normale,Attention: proche expiration,1,6,2,False,False,urgence_médicale,nuageux
2022-02-08 06:56:01,Hôpital Général Douala,O+,41,5,15,51,4.3,13,90.8,normale,Parfait pour transfusion immédiate,1,6,2,False,False,normal,ensoleillé
2022-02-08 13:16:18,Clinique des Spécialités,O+,57,8,0,49,4.3,1,58.2,attention,"Bon état général, légère variation température",1,13,2,False,False,normal,nuageux
2022-02-08 21:33:45,Hôpital Militaire,O+,48,9,0,39,4.2,19,95.9,normale,Hémoglobine dans les normes,1,21,2,False,False,normal,pluvieux
2022-02-08 22:43:15,Hôpital Militaire,O+,50,3,0,47,3.7,15,91.1,normale,"Excellent état, conservation parfaite",1,22,2,False,False,normal,pluvieux
2022-02-09 00:08:18,Hôpital Militaire,O+,21,3,0,18,3.6,22,96.8,faible,Contrôle bactériologique négatif,2,0,2,False,False,normal,pluvieux
2022-02-09 01:22:24,Hôpital Militaire,O+,35,5,18,48,4.0,1,56.4,attention,Hémoglobine dans les normes,2,1,2,False,False,urgence_médicale,pluvieux
2022-02-09 04:34:05,Hôpital Militaire,O+,20,9,0,11,4.2,17,100.0,faible,"Excellent état, conservation parfaite",2,4,2,False,False,normal,pluvieux
2022-02-09 06:08:29,Hôpital de District Bonassama,O+,48,9,0,39,4.6,25,100.0,normale,"État satisfaisant, contrôle qualité OK",2,6,2,False,False,normal,ensoleillé
2022-02-09 06:51:06,Hôpital Général Douala,O+,46,13,25,58,4.2,11,98.3,normale,"Bon état général, légère variation température",2,6,2,False,False,normal,pluvieux
2022-02-09 07:21:03,Clinique des Spécialités,O+,41,8,0,33,4.2,17,100.0,normale,"Bon état général, légère variation température",2,7,2,False,False,normal,nuageux
2022-02-09 20:29:48,Hôpital Laquintinie,O+,57,6,22,73,3.2,20,98.6,normale,Attention: proche expiration,2,20,2,False,False,normal,pluvieux
2022-02-10 16:09:50,Hôpital Général Douala,O+,40,5,0,35,3.6,7,92.7,normale,Urgent: vérifier température stockage,3,16,2,False,False,normal,pluvieux
2022-02-10 17:51:41,Clinique des Spécialités,O+,61,11,0,50,4.1,1,54.0,attention,"Bon état général, légère variation température",3,17,2,False,False,normal,pluvieux
2022-02-10 19:06:12,Hôpital Militaire,O+,69,6,0,63,4.6,3,77.6,normale,"Excellent état, conservation parfaite",3,19,2,False,False,normal,nuageux
2022-02-11 05:12:11,Hôpital Laquintinie,O+,20,3,0,17,3.7,36,98.7,faible,Contrôle bactériologique négatif,4,5,2,False,False,normal,ensoleillé
2022-02-11 08:46:49,Hôpital Militaire,O+,55,7,0,48,4.3,31,100.0,normale,"État satisfaisant, contrôle qualité OK",4,8,2,False,False,normal,pluvieux
2022-02-11 15:23:10,Hôpital de District Bonassama,O+,72,9,0,63,3.7,8,100.0,normale,Hémoglobine dans les normes,4,15,2,False,False,normal,ensoleillé
2022-02-11 16:36:39,Centre Médical d'Excellence,O+,67,6,0,61,4.1,20,100.0,normale,Attention: proche expiration,4,16,2,False,False,accident_route,pluvieux
2022-02-11 16:58:26,Hôpital Général Douala,O+,45,11,0,34,3.9,16,97.2,normale,Parfait pour transfusion immédiate,4,16,2,False,False,normal,pluvieux
2022-02-11 23:47:17,Hôpital de District Bonassama,O+,28,5,0,23,4.8,22,100.0,normale,Hémoglobine dans les normes,4,23,2,False,False,normal,ensoleillé
2022-02-12 01:49:26,Hôpital Militaire,O+,21,4,13,30,3.8,8,100.0,normale,"Excellent état, conservation parfaite",5,1,2,True,False,normal,ensoleillé
2022-02-12 04:42:21,Clinique des Spécialités,O+,15,4,0,11,5.2,13,100.0,faible,Attention: proche expiration,5,4,2,True,False,normal,nuageux
2022-02-12 05:52:17,Hôpital Général Douala,O+,16,10,0,6,3.0,10,100.0,critique,"URGENT: Stock critique - Excellent état, conservation parfaite",5,5,2,True,False,normal,ensoleillé
2022-02-12 08:49:24,Centre Médical d'Excellence,O+,27,4,0,23,4.8,1,60.1,attention,Hémoglobine dans les normes,5,8,2,True,False,normal,ensoleillé
2022-02-12 09:11:10,Hôpital Général Douala,O+,47,5,0,42,3.7,1,52.1,attention,Parfait pour transfusion immédiate,5,9,2,True,False,normal,ensoleillé
2022-02-12 17:54:04,Hôpital de District Bonassama,O+,25,5,18,38,4.1,40,97.3,normale,"Bon état général, légère variation température",5,17,2,True,False,normal,pluvieux
2022-02-12 18:27:58,Hôpital de District Bonassama,O+,37,3,0,34,3.7,31,100.0,normale,Attention: proche expiration,5,18,2,True,False,normal,nuageux
2022-02-12 20:54:11,Hôpital Militaire,O+,37,7,0,30,3.8,3,81.2,normale,Parfait pour transfusion immédiate,5,20,2,True,False,normal,orageux
2022-02-12 23:22:30,Hôpital Laquintinie,O+,21,7,0,14,3.5,21,97.1,faible,Contrôle bactériologique négatif,5,23,2,True,False,normal,ensoleillé
2022-02-13 10:12:46,Centre Médical d'Excellence,O+,36,6,0,30,4.3,4,84.1,normale,Attention: proche expiration,6,10,2,True,False,normal,nuageux
2022-02-14 02:21:23,Hôpital Général Douala,O+,22,10,0,12,4.3,49,100.0,faible,Parfait pour transfusion immédiate,0,2,2,False,False,normal,ensoleillé
2022-02-14 09:38:16,Hôpital Militaire,O+,45,8,0,37,3.8,17,91.8,normale,Contrôle bactériologique négatif,0,9,2,False,False,normal,ensoleillé
2022-02-14 13:13:54,Hôpital Général Douala,O+,79,14,19,84,5.3,3,84.8,normale,"Excellent état, conservation parfaite",0,13,2,False,False,normal,pluvieux
2022-02-14 18:15:17,Hôpital de District Bonassama,O+,38,5,0,33,3.1,1,60.2,attention,Attention: proche expiration,0,18,2,False,False,normal,pluvieux
2022-02-14 20:17:29,Hôpital Laquintinie,O+,6,9,0,0,4.0,29,100.0,critique,URGENT: Stock critique - Attention: proche expiration,0,20,2,False,False,normal,ensoleillé
2022-02-15 04:38:21,Clinique des Spécialités,O+,32,5,0,27,3.2,5,93.9,normale,Contrôle bactériologique négatif,1,4,2,False,False,normal,pluvieux
2022-02-15 10:42:46,Hôpital Laquintinie,O+,52,6,0,46,3.6,27,100.0,normale,"Bon état général, légère variation température",1,10,2,False,False,normal,nuageux
2022-02-15 17:29:11,Hôpital Militaire,O+,70,4,0,66,3.8,18,99.2,normale,"Bon état général, légère variation température",1,17,2,False,False,accident_route,nuageux
2022-02-16 00:47:02,Hôpital de District Bonassama,O+,21,2,0,19,4.5,65,100.0,faible,Hémoglobine dans les normes,2,0,2,False,False,normal,pluvieux
2022-02-16 07:59:19,Centre Médical d'Excellence,O+,43,8,22,57,4.9,9,100.0,normale,Hémoglobine dans les normes,2,7,2,False,False,normal,ensoleillé
2022-02-16 14:07:35,Clinique des Spécialités,O+,40,9,0,31,3.5,15,100.0,normale,Hémoglobine dans les normes,2,14,2,False,False,normal,nuageux
2022-02-16 15:34:27,Hôpital Laquintinie,O+,41,7,0,34,4.5,18,97.7,normale,"État satisfaisant, contrôle qualité OK",2,15,2,False,False,normal,ensoleillé
2022-02-16 23:13:16,Centre Médical d'Excellence,O+,27,3,15,39,3.9,6,100.0,normale,"État satisfaisant, contrôle qualité OK",2,23,2,False,False,normal,ensoleillé
2022-02-17 05:52:03,Centre Médical d'Excellence,O+,17,9,0,8,3.6,2,83.3,critique,URGENT: Stock critique - Parfait pour transfusion immédiate,3,5,2,False,False,normal,pluvieux
2022-02-17 08:19:53,Centre Médical d'Excellence,O+,32,9,0,23,4.9,22,100.0,normale,Parfait pour transfusion immédiate,3,8,2,False,False,normal,pluvieux
2022-02-17 08:19:57,Centre Médical d'Excellence,O+,59,9,0,50,4.4,5,93.2,normale,Attention: proche expiration,3,8,2,False,False,normal,orageux
2022-02-17 08:49:09,Hôpital Laquintinie,O+,43,6,24,61,3.4,2,88.4,normale,"État satisfaisant, contrôle qualité OK",3,8,2,False,False,normal,ensoleillé
2022-02-17 16:54:36,Hôpital de District Bonassama,O+,72,9,0,63,3.7,7,90.7,normale,Attention: proche expiration,3,16,2,False,False,normal,ensoleillé
2022-02-17 18:06:42,Centre Médical d'Excellence,O+,57,7,0,50,4.1,35,96.3,normale,"État satisfaisant, contrôle qualité OK",3,18,2,False,False,normal,pluvieux
2022-02-18 01:24:33,Clinique des Spécialités,O+,32,12,17,37,4.5,12,99.4,normale,Urgent: vérifier température stockage,4,1,2,False,False,normal,orageux
2022-02-18 03:56:40,Hôpital Militaire,O+,33,11,0,22,3.5,24,100.0,normale,"État satisfaisant, contrôle qualité OK",4,3,2,False,False,normal,ensoleillé
2022-02-18 06:04:53,Hôpital Militaire,O+,51,7,0,44,3.6,1,64.3,attention,Attention: proche expiration,4,6,2,False,False,normal,nuageux
2022-02-18 09:02:12,Clinique des Spécialités,O+,74,3,0,71,3.9,25,100.0,normale,Attention: proche expiration,4,9,2,False,False,normal,ensoleillé
2022-02-18 19:49:01,Hôpital Laquintinie,O+,76,6,23,93,4.7,1,53.1,attention,"Bon état général, légère variation température",4,19,2,False,False,normal,ensoleillé
2022-02-18 22:16:03,Clinique des Spécialités,O+,63,8,0,55,4.9,14,92.6,normale,"Bon état général, légère variation température",4,22,2,False,False,campagne_don,ensoleillé
2022-02-19 02:32:29,Centre Médical d'Excellence,O+,26,4,16,38,3.3,4,87.1,normale,"Bon état général, légère variation température",5,2,2,True,False,normal,orageux
2022-02-19 02:50:02,Hôpital Général Douala,O+,15,8,17,24,3.7,10,100.0,normale,Contrôle bactériologique négatif,5,2,2,True,False,normal,nuageux
2022-02-19 04:34:10,Clinique des Spécialités,O+,26,4,0,22,3.9,3,98.2,normale,Urgent: vérifier température stockage,5,4,2,True,False,normal,pluvieux
2022-02-19 04:46:33,Hôpital Militaire,O+,11,5,18,24,3.5,22,100.0,normale,Contrôle bactériologique négatif,5,4,2,True,False,normal,nuageux
2022-02-19 09:14:55,Hôpital Militaire,O+,22,3,0,19,4.4,3,90.7,faible,Hémoglobine dans les normes,5,9,2,True,False,normal,pluvieux
2022-02-19 13:10:35,Hôpital de District Bonassama,O+,31,6,0,25,4.2,14,97.5,normale,Attention: proche expiration,5,13,2,True,False,normal,ensoleillé
2022-02-19 16:15:22,Hôpital Général Douala,O+,40,6,0,34,4.3,28,97.2,normale,"Bon état général, légère variation température",5,16,2,True,False,normal,ensoleillé
2022-02-19 18:32:46,Hôpital Laquintinie,O+,13,10,0,3,3.6,17,100.0,critique,"URGENT: Stock critique - Bon état général, légère variation température",5,18,2,True,False,normal,ensoleillé
2022-02-20 01:50:45,Hôpital Militaire,O+,1,5,0,0,3.7,11,100.0,critique,"URGENT: Stock critique - État satisfaisant, contrôle qualité OK",6,1,2,True,False,normal,pluvieux
2022-02-20 10:18:21,Clinique des Spécialités,O+,37,3,18,52,4.3,4,78.7,normale,Attention: proche expiration,6,10,2,True,False,normal,pluvieux
2022-02-20 10:33:07,Hôpital Militaire,O+,37,7,14,44,4.2,21,95.8,normale,Contrôle bactériologique négatif,6,10,2,True,False,normal,nuageux
2022-02-20 18:29:44,Centre Médical d'Excellence,O+,31,8,0,23,3.9,12,89.5,normale,"État satisfaisant, contrôle qualité OK",6,18,2,True,False,normal,nuageux
2022-02-20 23:11:20,Centre Médical d'Excellence,O+,13,1,0,12,4.0,4,86.9,faible,"Excellent état, conservation parfaite",6,23,2,True,False,normal,orageux
2022-02-21 19:00:08,Centre Médical d'Excellence,O+,43,6,0,37,4.4,3,76.6,normale,"État satisfaisant, contrôle qualité OK",0,19,2,False,False,normal,pluvieux
2022-02-22 01:04:50,Hôpital Général Douala,O+,26,9,15,32,3.8,1,62.5,attention,Urgent: vérifier température stockage,1,1,2,False,False,normal,nuageux
2022-02-22 01:11:36,Hôpital Laquintinie,O+,30,7,0,23,3.7,44,100.0,normale,Parfait pour transfusion immédiate,1,1,2,False,False,normal,pluvieux
2022-02-22 07:43:58,Hôpital Général Douala,O+,51,5,23,69,3.4,23,100.0,normale,"Excellent état, conservation parfaite",1,7,2,False,False,normal,nuageux
2022-02-22 08:25:59,Hôpital Laquintinie,O+,48,5,0,43,3.7,1,55.0,attention,Parfait pour transfusion immédiate,1,8,2,False,False,normal,ensoleillé
2022-02-22 13:23:53,Hôpital Militaire,O+,57,6,0,51,4.8,18,100.0,normale,Parfait pour transfusion immédiate,1,13,2,False,False,normal,nuageux
2022-02-22 16:08:43,Hôpital Général Douala,O+,65,5,19,79,3.7,8,100.0,normale,Parfait pour transfusion immédiate,1,16,2,False,False,accident_route,ensoleillé
2022-02-22 18:52:56,Clinique des Spécialités,O+,95,9,0,86,3.7,3,83.9,normale,"Excellent état, conservation parfaite",1,18,2,False,False,normal,nuageux
2022-02-22 23:52:28,Hôpital Laquintinie,O+,22,11,0,11,3.9,58,98.4,faible,"État satisfaisant, contrôle qualité OK",1,23,2,False,False,normal,nuageux
2022-02-23 00:56:53,Hôpital Laquintinie,O+,20,8,19,31,3.8,9,100.0,normale,"Bon état général, légère variation température",2,0,2,False,False,normal,ensoleillé
2022-02-23 07:08:20,Hôpital Laquintinie,O+,54,8,0,46,3.7,4,84.7,normale,Attention: proche expiration,2,7,2,False,False,normal,nuageux
2022-02-23 11:19:28,Clinique des Spécialités,O+,73,8,0,65,4.9,1,70.3,normale,Attention: proche expiration,2,11,2,False,False,normal,ensoleillé
2022-02-23 18:12:53,Hôpital Laquintinie,O+,50,10,14,54,4.1,9,95.0,normale,"Excellent état, conservation parfaite",2,18,2,False,False,normal,pluvieux
2022-02-23 21:40:53,Hôpital Militaire,O+,59,7,0,52,3.4,18,90.5,normale,Attention: proche expiration,2,21,2,False,False,normal,ensoleillé
2022-02-23 22:05:47,Hôpital de District Bonassama,O+,38,3,0,35,3.8,1,55.3,attention,"Bon état général, légère variation température",2,22,2,False,False,normal,orageux
2022-02-24 01:09:58,Hôpital de District Bonassama,O+,22,8,0,14,4.3,24,100.0,faible,"Bon état général, légère variation température",3,1,2,False,False,normal,nuageux
2022-02-24 01:36:31,Hôpital de District Bonassama,O+,21,11,0,10,4.1,34,100.0,faible,Parfait pour transfusion immédiate,3,1,2,False,False,normal,orageux
2022-02-24 05:19:54,Hôpital Militaire,O+,30,4,0,26,3.9,14,100.0,normale,Parfait pour transfusion immédiate,3,5,2,False,False,normal,ensoleillé
2022-02-24 10:45:10,Hôpital Laquintinie,O+,36,12,0,24,3.5,12,97.2,normale,"Bon état général, légère variation température",3,10,2,False,False,normal,pluvieux
2022-02-24 16:34:51,Hôpital Laquintinie,O+,56,8,0,48,3.6,12,93.0,normale,"Bon état général, légère variation température",3,16,2,False,False,normal,ensoleillé
2022-02-24 17:08:08,Hôpital Général Douala,O+,53,6,0,47,3.6,1,47.7,attention,Parfait pour transfusion immédiate,3,17,2,False,False,normal,nuageux
2022-02-25 00:20:07,Centre Médical d'Excellence,O+,20,6,0,14,4.1,13,99.2,faible,"Excellent état, conservation parfaite",4,0,2,False,False,normal,nuageux
2022-02-25 00:55:00,Centre Médical d'Excellence,O+,19,10,0,9,3.6,6,100.0,critique,URGENT: Stock critique - Parfait pour transfusion immédiate,4,0,2,False,False,normal,nuageux
2022-02-25 02:07:08,Clinique des Spécialités,O+,28,6,23,45,3.6,2,93.3,normale,Contrôle bactériologique négatif,4,2,2,False,False,normal,pluvieux
2022-02-25 03:24:25,Centre Médical d'Excellence,O+,41,9,0,32,4.3,13,98.7,normale,"Excellent état, conservation parfaite",4,3,2,False,False,normal,orageux
2022-02-25 11:02:21,Centre Médical d'Excellence,O+,57,6,17,68,4.3,1,49.6,attention,"État satisfaisant, contrôle qualité OK",4,11,2,False,False,épidémie,ensoleillé
2022-02-25 11:10:33,Hôpital Général Douala,O+,60,4,24,80,4.4,6,100.0,normale,Attention: proche expiration,4,11,2,False,False,épidémie,nuageux
2022-02-25 15:32:26,Centre Médical d'Excellence,O+,58,2,0,56,3.7,5,100.0,normale,Hémoglobine dans les normes,4,15,2,False,False,normal,nuageux
2022-02-25 22:48:04,Hôpital de District Bonassama,O+,37,7,0,30,3.2,5,98.3,normale,Urgent: vérifier température stockage,4,22,2,False,False,normal,ensoleillé
2022-02-25 23:35:04,Hôpital Militaire,O+,39,3,13,49,3.9,3,91.9,normale,"Bon état général, légère variation température",4,23,2,False,False,normal,nuageux
2022-02-26 08:18:06,Hôpital Général Douala,O+,39,4,0,35,3.6,30,98.3,normale,Attention: proche expiration,5,8,2,True,False,normal,pluvieux
2022-02-26 09:09:55,Hôpital Laquintinie,O+,32,3,0,29,4.5,9,95.5,normale,"Excellent état, conservation parfaite",5,9,2,True,False,épidémie,ensoleillé
2022-02-26 13:36:59,Hôpital de District Bonassama,O+,39,6,21,54,3.6,5,92.0,normale,Urgent: vérifier température stockage,5,13,2,True,False,normal,nuageux
2022-02-26 16:18:56,Hôpital de District Bonassama,O+,33,8,14,39,3.9,11,100.0,normale,Urgent: vérifier température stockage,5,16,2,True,False,accident_route,nuageux
2022-02-26 19:30:49,Hôpital Militaire,O+,31,2,0,29,5.1,1,54.4,attention,Contrôle bactériologique négatif,5,19,2,True,False,normal,pluvieux
2022-02-27 08:53:08,Hôpital Militaire,O+,42,5,10,47,5.0,1,65.7,attention,Urgent: vérifier température stockage,6,8,2,True,False,normal,nuageux
2022-02-27 12:25:48,Hôpital Laquintinie,O+,39,7,10,42,3.7,3,86.9,normale,Attention: proche expiration,6,12,2,True,False,normal,ensoleillé
2022-02-27 12:59:30,Clinique des Spécialités,O+,7,2,0,5,4.3,16,89.3,critique,URGENT: Stock critique - Contrôle bactériologique négatif,6,12,2,True,False,normal,nuageux
2022-02-27 14:32:10,Hôpital Général Douala,O+,35,6,0,29,4.3,15,99.4,normale,"État satisfaisant, contrôle qualité OK",6,14,2,True,False,normal,ensoleillé
2022-02-28 06:08:47,Hôpital Laquintinie,O+,74,4,0,70,4.7,1,56.3,attention,Hémoglobine dans les normes,0,6,2,False,False,normal,ensoleillé
2022-02-28 07:00:00,Hôpital Militaire,O+,55,7,0,48,5.0,22,100.0,normale,"Excellent état, conservation parfaite",0,7,2,False,False,normal,orageux
2022-02-28 10:38:49,Hôpital Général Douala,O+,50,5,0,45,4.1,15,93.6,normale,Contrôle bactériologique négatif,0,10,2,False,False,normal,nuageux
2022-02-28 11:40:54,Hôpital Laquintinie,O+,37,11,24,50,5.1,1,58.8,attention,Attention: proche expiration,0,11,2,False,False,normal,nuageux
2022-02-28 12:05:18,Hôpital Général Douala,O+,27,10,12,29,4.1,2,87.5,normale,Contrôle bactériologique négatif,0,12,2,False,False,normal,orageux
2022-02-28 15:43:31,Clinique des Spécialités,O+,51,4,26,73,3.6,4,84.8,normale,"Bon état général, légère variation température",0,15,2,False,False,normal,ensoleillé
2022-03-01 00:40:37,Hôpital de District Bonassama,O+,36,11,14,39,4.1,19,99.4,normale,Parfait pour transfusion immédiate,1,0,3,False,False,normal,nuageux
2022-03-01 01:04:58,Hôpital Général Douala,O+,22,3,0,19,4.7,1,62.9,faible,"Bon état général, légère variation température",1,1,3,False,False,normal,ensoleillé
2022-03-01 08:12:19,Hôpital Militaire,O+,24,7,0,17,3.9,32,91.9,faible,Urgent: vérifier température stockage,1,8,3,False,False,normal,ensoleillé
2022-03-01 13:04:32,Hôpital Militaire,O+,50,0,0,50,4.6,9,100.0,normale,Urgent: vérifier température stockage,1,13,3,False,False,normal,pluvieux
2022-03-01 18:24:06,Hôpital de District Bonassama,O+,22,8,0,14,4.1,29,98.3,faible,"État satisfaisant, contrôle qualité OK",1,18,3,False,False,normal,pluvieux
2022-03-01 22:27:41,Centre Médical d'Excellence,O+,45,0,0,45,3.3,49,94.5,normale,Parfait pour transfusion immédiate,1,22,3,False,False,normal,ensoleillé
2022-03-01 23:08:29,Hôpital Laquintinie,O+,24,6,0,18,3.8,1,63.6,faible,Attention: proche expiration,1,23,3,False,False,normal,nuageux
2022-03-02 04:23:39,Clinique des Spécialités,O+,34,13,0,21,3.4,10,100.0,normale,Hémoglobine dans les normes,2,4,3,False,False,normal,ensoleillé
2022-03-02 12:52:59,Hôpital de District Bonassama,O+,47,9,0,38,4.0,11,97.0,normale,"État satisfaisant, contrôle qualité OK",2,12,3,False,False,normal,ensoleillé
2022-03-02 20:53:42,Hôpital Militaire,O+,47,5,0,42,4.9,5,100.0,normale,Contrôle bactériologique négatif,2,20,3,False,False,normal,pluvieux
2022-03-03 01:18:09,Hôpital Laquintinie,O+,15,10,19,24,3.9,3,86.1,normale,Contrôle bactériologique négatif,3,1,3,False,False,accident_route,nuageux
2022-03-03 04:08:16,Hôpital Militaire,O+,30,4,14,40,3.2,13,97.8,normale,Urgent: vérifier température stockage,3,4,3,False,False,normal,ensoleillé
2022-03-03 04:56:31,Clinique des Spécialités,O+,14,6,0,8,3.9,6,91.6,critique,URGENT: Stock critique - Parfait pour transfusion immédiate,3,4,3,False,False,normal,nuageux
2022-03-03 05:30:31,Clinique des Spécialités,O+,14,3,0,11,4.6,15,98.1,faible,"Excellent état, conservation parfaite",3,5,3,False,False,normal,pluvieux
2022-03-03 06:03:18,Hôpital de District Bonassama,O+,65,6,20,79,5.0,1,59.8,attention,"Excellent état, conservation parfaite",3,6,3,False,False,normal,pluvieux
2022-03-03 07:18:21,Hôpital Militaire,O+,20,5,14,29,2.7,17,99.5,normale,"État satisfaisant, contrôle qualité OK",3,7,3,False,False,normal,nuageux
2022-03-03 08:04:36,Clinique des Spécialités,O+,44,9,0,35,4.3,26,100.0,normale,Hémoglobine dans les normes,3,8,3,False,False,normal,nuageux
2022-03-03 09:04:07,Centre Médical d'Excellence,O+,53,5,0,48,3.7,4,89.2,normale,Attention: proche expiration,3,9,3,False,False,normal,pluvieux
2022-03-03 09:12:55,Clinique des Spécialités,O+,47,6,0,41,5.4,19,100.0,normale,Urgent: vérifier température stockage,3,9,3,False,False,normal,orageux
2022-03-03 16:12:53,Hôpital Militaire,O+,83,6,0,77,3.3,10,98.9,normale,Contrôle bactériologique négatif,3,16,3,False,False,normal,pluvieux
2022-03-03 23:25:48,Hôpital Militaire,O+,24,6,0,18,3.4,20,100.0,faible,Urgent: vérifier température stockage,3,23,3,False,False,normal,orageux
2022-03-04 05:23:09,Hôpital Laquintinie,O+,31,7,0,24,4.0,13,100.0,normale,"Excellent état, conservation parfaite",4,5,3,False,False,normal,ensoleillé
2022-03-04 09:11:09,Hôpital de District Bonassama,O+,45,14,22,53,4.6,10,100.0,normale,Parfait pour transfusion immédiate,4,9,3,False,False,normal,ensoleillé
2022-03-04 11:49:23,Hôpital de District Bonassama,O+,64,8,0,56,4.9,12,100.0,normale,Parfait pour transfusion immédiate,4,11,3,False,False,normal,ensoleillé
2022-03-04 14:04:35,Hôpital Laquintinie,O+,84,9,0,75,3.5,21,99.8,normale,"Bon état général, légère variation température",4,14,3,False,False,normal,ensoleillé
2022-03-04 14:48:29,Hôpital de District Bonassama,O+,33,4,0,29,3.8,13,100.0,normale,"Bon état général, légère variation température",4,14,3,False,False,normal,nuageux
2022-03-04 18:26:05,Clinique des Spécialités,O+,53,12,0,41,3.4,8,96.7,normale,"Excellent état, conservation parfaite",4,18,3,False,False,normal,ensoleillé
2022-03-05 07:18:25,Hôpital Militaire,O+,31,1,0,30,3.4,20,100.0,normale,"État satisfaisant, contrôle qualité OK",5,7,3,True,False,normal,nuageux
2022-03-05 16:16:53,Hôpital Général Douala,O+,29,4,0,25,3.6,1,58.3,attention,"État satisfaisant, contrôle qualité OK",5,16,3,True,False,normal,pluvieux
2022-03-05 17:17:57,Hôpital de District Bonassama,O+,30,6,0,24,3.3,10,98.1,normale,"Bon état général, légère variation température",5,17,3,True,False,normal,ensoleillé
2022-03-06 05:05:31,Centre Médical d'Excellence,O+,25,3,0,22,5.1,32,90.7,normale,Parfait pour transfusion immédiate,6,5,3,True,False,normal,orageux
2022-03-06 15:54:53,Hôpital de District Bonassama,O+,17,5,26,38,3.6,24,95.6,normale,Contrôle bactériologique négatif,6,15,3,True,False,normal,pluvieux
2022-03-07 03:32:44,Hôpital Laquintinie,O+,28,12,0,16,3.4,1,55.8,faible,Urgent: vérifier température stockage,0,3,3,False,False,normal,pluvieux
2022-03-07 11:40:33,Hôpital Général Douala,O+,62,10,23,75,4.3,3,79.9,normale,"Bon état général, légère variation température",0,11,3,False,False,normal,ensoleillé
2022-03-07 13:21:26,Clinique des Spécialités,O+,38,5,0,33,3.6,4,83.3,normale,Parfait pour transfusion immédiate,0,13,3,False,False,normal,pluvieux
2022-03-07 19:16:36,Hôpital Général Douala,O+,81,5,16,92,3.9,14,100.0,normale,"Excellent état, conservation parfaite",0,19,3,False,False,normal,pluvieux
2022-03-07 21:57:04,Centre Médical d'Excellence,O+,45,6,25,64,3.8,1,69.0,attention,Contrôle bactériologique négatif,0,21,3,False,False,normal,orageux
2022-03-07 22:41:44,Hôpital Général Douala,O+,64,9,0,55,3.2,4,79.8,normale,Parfait pour transfusion immédiate,0,22,3,False,False,normal,ensoleillé
2022-03-08 00:10:41,Hôpital Militaire,O+,11,11,0,0,3.0,2,84.3,critique,URGENT: Stock critique - Urgent: vérifier température stockage,1,0,3,False,False,normal,pluvieux
2022-03-08 02:52:46,Hôpital de District Bonassama,O+,24,12,0,12,3.5,4,93.6,faible,Hémoglobine dans les normes,1,2,3,False,False,normal,orageux
2022-03-08 03:53:13,Clinique des Spécialités,O+,19,6,0,13,3.1,14,100.0,faible,Urgent: vérifier température stockage,1,3,3,False,False,campagne_don,nuageux
2022-03-08 20:36:35,Hôpital Général Douala,O+,59,7,0,52,4.8,4,79.3,normale,Contrôle bactériologique négatif,1,20,3,False,False,normal,ensoleillé
2022-03-09 03:59:54,Centre Médical d'Excellence,O+,11,5,0,6,3.4,13,100.0,critique,URGENT: Stock critique - Parfait pour transfusion immédiate,2,3,3,False,False,normal,orageux
2022-03-09 04:34:27,Hôpital Laquintinie,O+,15,13,0,2,3.8,59,100.0,critique,"URGENT: Stock critique - Excellent état, conservation parfaite",2,4,3,False,False,normal,pluvieux
2022-03-09 07:30:48,Hôpital de District Bonassama,O+,58,5,0,53,4.7,17,92.1,normale,"Excellent état, conservation parfaite",2,7,3,False,False,normal,ensoleillé
2022-03-09 10:52:02,Centre Médical d'Excellence,O+,55,11,0,44,3.9,26,100.0,normale,Parfait pour transfusion immédiate,2,10,3,False,False,normal,orageux
2022-03-09 12:39:26,Hôpital Général Douala,O+,63,4,0,59,3.7,6,97.5,normale,Hémoglobine dans les normes,2,12,3,False,False,normal,orageux
2022-03-09 14:18:32,Centre Médical d'Excellence,O+,59,9,0,50,3.4,17,99.9,normale,Urgent: vérifier température stockage,2,14,3,False,False,normal,ensoleillé
2022-03-09 19:20:18,Hôpital Militaire,O+,74,7,22,89,4.7,9,98.3,normale,"Bon état général, légère variation température",2,19,3,False,False,normal,pluvieux
2022-03-10 02:53:47,Centre Médical d'Excellence,O+,28,0,0,28,4.2,28,95.0,normale,Attention: proche expiration,3,2,3,False,False,campagne_don,ensoleillé
2022-03-10 04:32:16,Clinique des Spécialités,O+,31,10,0,21,4.4,8,100.0,normale,Contrôle bactériologique négatif,3,4,3,False,False,normal,ensoleillé
2022-03-10 04:37:03,Hôpital Général Douala,O+,24,9,0,15,4.1,11,100.0,faible,Attention: proche expiration,3,4,3,False,False,normal,ensoleillé
2022-03-10 08:49:27,Hôpital de District Bonassama,O+,72,9,0,63,4.1,4,79.3,normale,Contrôle bactériologique négatif,3,8,3,False,False,normal,ensoleillé
2022-03-10 10:51:36,Hôpital de District Bonassama,O+,59,7,14,66,4.2,6,99.4,normale,Contrôle bactériologique négatif,3,10,3,False,False,normal,ensoleillé
2022-03-10 21:58:21,Hôpital Laquintinie,O+,45,8,0,37,3.2,2,85.4,normale,Contrôle bactériologique négatif,3,21,3,False,False,normal,orageux
2022-03-11 03:07:59,Hôpital Militaire,O+,24,4,29,49,3.4,5,100.0,normale,Parfait pour transfusion immédiate,4,3,3,False,False,normal,ensoleillé
2022-03-11 09:15:07,Hôpital de District Bonassama,O+,50,6,24,68,3.6,32,98.0,normale,"Bon état général, légère variation température",4,9,3,False,False,normal,nuageux
2022-03-11 13:24:28,Centre Médical d'Excellence,O+,53,5,0,48,3.1,17,92.1,normale,"État satisfaisant, contrôle qualité OK",4,13,3,False,False,normal,nuageux
2022-03-11 14:36:58,Hôpital Laquintinie,O+,49,11,20,58,3.9,4,89.6,normale,Attention: proche expiration,4,14,3,False,False,normal,nuageux
2022-03-12 00:12:28,Hôpital Général Douala,O+,17,5,0,12,4.1,11,100.0,faible,"Excellent état, conservation parfaite",5,0,3,True,False,normal,pluvieux
2022-03-12 01:04:14,Hôpital Général Douala,O+,16,3,0,13,4.8,4,80.9,faible,"Bon état général, légère variation température",5,1,3,True,False,normal,ensoleillé
2022-03-12 01:23:37,Hôpital Général Douala,O+,16,7,13,22,4.0,28,93.3,normale,Urgent: vérifier température stockage,5,1,3,True,False,normal,pluvieux
2022-03-12 03:14:55,Clinique des Spécialités,O+,23,6,19,36,4.1,8,91.5,normale,"Excellent état, conservation parfaite",5,3,3,True,False,normal,ensoleillé
2022-03-12 05:01:39,Hôpital Laquintinie,O+,14,4,14,24,3.6,18,97.9,normale,"Excellent état, conservation parfaite",5,5,3,True,False,normal,pluvieux
2022-03-12 11:19:14,Centre Médical d'Excellence,O+,44,5,25,64,4.4,10,100.0,normale,"État satisfaisant, contrôle qualité OK",5,11,3,True,False,normal,ensoleillé
2022-03-12 20:19:54,Hôpital Militaire,O+,29,0,0,29,3.8,16,100.0,normale,Urgent: vérifier température stockage,5,20,3,True,False,normal,nuageux
2022-03-12 20:33:11,Clinique des Spécialités,O+,29,9,19,39,3.5,9,100.0,normale,Urgent: vérifier température stockage,5,20,3,True,False,normal,pluvieux
2022-03-12 20:52:54,Hôpital Laquintinie,O+,33,2,0,31,3.9,21,100.0,normale,Hémoglobine dans les normes,5,20,3,True,False,normal,orageux
2022-03-12 23:50:54,Centre Médical d'Excellence,O+,21,9,0,12,4.5,6,90.7,faible,Parfait pour transfusion immédiate,5,23,3,True,False,normal,orageux
2022-03-13 04:54:59,Clinique des Spécialités,O+,21,5,21,37,4.0,28,97.0,normale,Parfait pour transfusion immédiate,6,4,3,True,False,normal,ensoleillé
2022-03-13 06:29:13,Clinique des Spécialités,O+,29,5,23,47,3.9,1,58.1,attention,"Excellent état, conservation parfaite",6,6,3,True,False,normal,pluvieux
2022-03-13 09:14:08,Centre Médical d'Excellence,O+,36,10,21,47,3.6,12,100.0,normale,Contrôle bactériologique négatif,6,9,3,True,False,normal,nuageux
2022-03-13 09:54:35,Hôpital de District Bonassama,O+,41,5,0,36,4.2,1,55.8,attention,Parfait pour transfusion immédiate,6,9,3,True,False,normal,ensoleillé
2022-03-13 09:59:21,Clinique des Spécialités,O+,23,2,16,37,3.8,5,99.7,normale,"État satisfaisant, contrôle qualité OK",6,9,3,True,False,normal,ensoleillé
2022-03-13 10:13:05,Hôpital de District Bonassama,O+,46,7,0,39,3.5,1,65.6,attention,"État satisfaisant, contrôle qualité OK",6,10,3,True,False,normal,ensoleillé
2022-03-13 19:39:13,Hôpital de District Bonassama,O+,44,9,16,51,5.1,26,86.4,normale,Parfait pour transfusion immédiate,6,19,3,True,False,normal,ensoleillé
2022-03-14 00:54:28,Hôpital Laquintinie,O+,19,8,0,11,3.9,5,100.0,faible,Contrôle bactériologique négatif,0,0,3,False,False,normal,pluvieux
2022-03-14 04:44:17,Hôpital Général Douala,O+,12,9,0,3,3.0,5,100.0,critique,"URGENT: Stock critique - Bon état général, légère variation température",0,4,3,False,False,normal,nuageux
2022-03-14 05:49:17,Centre Médical d'Excellence,O+,27,11,0,16,3.8,10,100.0,faible,Contrôle bactériologique négatif,0,5,3,False,False,normal,pluvieux
2022-03-14 06:38:24,Hôpital de District Bonassama,O+,26,9,12,29,3.0,19,100.0,normale,"Excellent état, conservation parfaite",0,6,3,False,False,normal,nuageux
2022-03-14 06:50:36,Clinique des Spécialités,O+,67,5,0,62,4.6,12,100.0,normale,Urgent: vérifier température stockage,0,6,3,False,False,normal,orageux
2022-03-14 09:32:43,Hôpital Général Douala,O+,21,5,0,16,3.5,26,100.0,faible,"Excellent état, conservation parfaite",0,9,3,False,False,normal,nuageux
2022-03-14 11:59:00,Hôpital Militaire,O+,39,5,0,34,4.2,7,100.0,normale,Parfait pour transfusion immédiate,0,11,3,False,False,normal,ensoleillé
2022-03-14 13:37:54,Clinique des Spécialités,O+,42,12,0,30,2.9,20,100.0,normale,Contrôle bactériologique négatif,0,13,3,False,False,normal,pluvieux
2022-03-14 14:05:22,Hôpital de District Bonassama,O+,61,10,0,51,3.7,9,94.5,normale,Hémoglobine dans les normes,0,14,3,False,False,normal,nuageux
2022-03-15 09:43:06,Hôpital Laquintinie,O+,81,6,27,102,4.0,13,100.0,normale,Parfait pour transfusion immédiate,1,9,3,False,False,normal,ensoleillé
2022-03-15 09:46:08,Centre Médical d'Excellence,O+,52,13,0,39,4.4,12,96.3,normale,"Excellent état, conservation parfaite",1,9,3,False,False,normal,ensoleillé
2022-03-15 13:48:25,Hôpital de District Bonassama,O+,46,1,0,45,3.3,3,93.5,normale,"Excellent état, conservation parfaite",1,13,3,False,False,normal,ensoleillé
2022-03-15 20:31:42,Hôpital de District Bonassama,O+,68,9,0,59,4.2,25,99.4,normale,"État satisfaisant, contrôle qualité OK",1,20,3,False,False,normal,pluvieux
2022-03-15 22:21:08,Centre Médical d'Excellence,O+,41,5,0,36,3.5,29,95.3,normale,"État satisfaisant, contrôle qualité OK",1,22,3,False,False,normal,ensoleillé
2022-03-15 23:26:31,Hôpital Militaire,O+,24,7,0,17,3.5,16,98.9,faible,"Bon état général, légère variation température",1,23,3,False,False,normal,orageux
2022-03-16 01:40:24,Centre Médical d'Excellence,O+,32,10,0,22,4.2,1,62.0,attention,Hémoglobine dans les normes,2,1,3,False,False,normal,ensoleillé
2022-03-16 01:42:53,Hôpital Militaire,O+,25,8,0,17,4.3,8,100.0,faible,Urgent: vérifier température stockage,2,1,3,False,False,normal,pluvieux
2022-03-16 02:06:26,Hôpital de District Bonassama,O+,30,7,0,23,4.0,17,95.9,normale,Hémoglobine dans les normes,2,2,3,False,False,normal,ensoleillé
2022-03-16 05:15:01,Hôpital Laquintinie,O+,31,8,29,52,3.8,5,99.7,normale,Urgent: vérifier température stockage,2,5,3,False,False,normal,nuageux
2022-03-16 18:20:50,Clinique des Spécialités,O+,47,4,20,63,4.6,1,62.5,attention,Attention: proche expiration,2,18,3,False,False,normal,ensoleillé
2022-03-16 19:11:50,Hôpital de District Bonassama,O+,71,5,0,66,3.4,11,95.1,normale,"État satisfaisant, contrôle qualité OK",2,19,3,False,False,normal,ensoleillé
2022-03-17 00:05:29,Clinique des Spécialités,O+,21,6,23,38,3.4,6,95.9,normale,Urgent: vérifier température stockage,3,0,3,False,False,normal,pluvieux
2022-03-17 02:16:24,Clinique des Spécialités,O+,31,1,18,48,3.6,32,100.0,normale,Urgent: vérifier température stockage,3,2,3,False,False,normal,pluvieux
2022-03-17 02:40:03,Centre Médical d'Excellence,O+,15,7,0,8,3.7,24,94.4,critique,"URGENT: Stock critique - État satisfaisant, contrôle qualité OK",3,2,3,False,False,normal,ensoleillé
2022-03-17 02:55:26,Clinique des Spécialités,O+,22,12,0,10,3.6,3,92.5,faible,"Bon état général, légère variation température",3,2,3,False,False,normal,nuageux
2022-03-17 04:42:00,Hôpital Laquintinie,O+,39,6,20,53,4.2,29,100.0,normale,Hémoglobine dans les normes,3,4,3,False,False,normal,orageux
2022-03-17 07:58:00,Hôpital Militaire,O+,53,13,0,40,3.9,3,91.0,normale,Parfait pour transfusion immédiate,3,7,3,False,False,normal,ensoleillé
2022-03-17 13:06:49,Hôpital Général Douala,O+,45,2,0,43,4.3,98,100.0,normale,Parfait pour transfusion immédiate,3,13,3,False,False,normal,ensoleillé
2022-03-17 19:49:30,Hôpital Militaire,O+,34,4,17,47,3.6,1,62.7,attention,"Bon état général, légère variation température",3,19,3,False,False,normal,nuageux
2022-03-17 21:14:12,Centre Médical d'Excellence,O+,70,7,27,90,3.7,17,89.2,normale,Attention: proche expiration,3,21,3,False,False,normal,nuageux
2022-03-17 21:34:30,Centre Médical d'Excellence,O+,44,9,0,35,4.4,24,92.4,normale,Contrôle bactériologique négatif,3,21,3,False,False,normal,ensoleillé
2022-03-17 21:44:18,Clinique des Spécialités,O+,50,1,0,49,3.9,2,83.1,normale,Attention: proche expiration,3,21,3,False,False,normal,pluvieux
2022-03-18 01:09:03,Hôpital Militaire,O+,21,0,0,21,4.3,3,84.6,normale,Urgent: vérifier température stockage,4,1,3,False,False,normal,pluvieux
2022-03-18 06:37:31,Hôpital Militaire,O+,47,3,23,67,3.2,14,95.2,normale,"État satisfaisant, contrôle qualité OK",4,6,3,False,False,normal,ensoleillé
2022-03-18 08:00:43,Hôpital Laquintinie,O+,31,9,0,22,3.4,9,93.5,normale,"Bon état général, légère variation température",4,8,3,False,False,normal,ensoleillé
2022-03-18 14:09:34,Clinique des Spécialités,O+,16,9,0,7,4.6,33,92.4,critique,"URGENT: Stock critique - État satisfaisant, contrôle qualité OK",4,14,3,False,False,normal,pluvieux
2022-03-18 15:38:06,Hôpital Militaire,O+,39,5,0,34,3.4,2,85.8,normale,"Excellent état, conservation parfaite",4,15,3,False,False,normal,nuageux
2022-03-18 23:02:35,Centre Médical d'Excellence,O+,14,7,0,7,4.4,4,90.3,critique,URGENT: Stock critique - Urgent: vérifier température stockage,4,23,3,False,False,normal,nuageux
2022-03-18 23:27:49,Hôpital Laquintinie,O+,28,10,0,18,4.1,3,86.1,faible,"État satisfaisant, contrôle qualité OK",4,23,3,False,False,normal,ensoleillé
2022-03-19 01:50:52,Hôpital de District Bonassama,O+,11,4,0,7,3.7,16,100.0,critique,URGENT: Stock critique - Parfait pour transfusion immédiate,5,1,3,True,False,normal,ensoleillé
2022-03-19 18:38:21,Hôpital Militaire,O+,53,4,23,72,3.7,2,82.4,normale,Urgent: vérifier température stockage,5,18,3,True,False,normal,pluvieux
2022-03-19 19:56:16,Centre Médical d'Excellence,O+,23,7,17,33,3.9,1,62.7,attention,Parfait pour transfusion immédiate,5,19,3,True,False,normal,pluvieux
2022-03-20 01:35:26,Centre Médical d'Excellence,O+,29,1,21,49,4.8,41,95.7,normale,Hémoglobine dans les normes,6,1,3,True,False,normal,pluvieux
2022-03-20 08:51:03,Clinique des Spécialités,O+,24,5,0,19,3.7,22,100.0,faible,Urgent: vérifier température stockage,6,8,3,True,False,normal,pluvieux
2022-03-20 10:35:53,Hôpital de District Bonassama,O+,43,7,0,36,4.0,23,92.9,normale,"Bon état général, légère variation température",6,10,3,True,False,normal,nuageux
2022-03-20 11:22:34,Hôpital Laquintinie,O+,28,6,19,41,4.6,10,91.2,normale,"Bon état général, légère variation température",6,11,3,True,False,normal,orageux
2022-03-20 13:24:01,Hôpital Général Douala,O+,46,6,0,40,3.6,12,99.8,normale,"Excellent état, conservation parfaite",6,13,3,True,False,normal,pluvieux
2022-03-20 15:34:56,Hôpital Général Douala,O+,29,3,20,46,4.2,1,53.4,attention,Parfait pour transfusion immédiate,6,15,3,True,False,normal,nuageux
2022-03-21 00:14:18,Hôpital Militaire,O+,32,10,13,35,4.5,1,62.5,attention,"Bon état général, légère variation température",0,0,3,False,False,normal,ensoleillé
2022-03-21 09:20:15,Hôpital de District Bonassama,O+,31,10,0,21,3.6,4,79.1,normale,Urgent: vérifier température stockage,0,9,3,False,False,normal,pluvieux
2022-03-21 13:12:26,Centre Médical d'Excellence,O+,21,9,17,29,3.9,5,100.0,normale,Contrôle bactériologique négatif,0,13,3,False,False,normal,ensoleillé
2022-03-21 14:38:54,Clinique des Spécialités,O+,54,8,0,46,4.0,1,49.5,attention,Hémoglobine dans les normes,0,14,3,False,False,normal,ensoleillé
2022-03-21 16:24:40,Hôpital Général Douala,O+,54,10,0,44,4.1,6,100.0,normale,"Excellent état, conservation parfaite",0,16,3,False,False,normal,ensoleillé
2022-03-21 16:33:49,Clinique des Spécialités,O+,57,2,14,69,4.8,14,100.0,normale,"État satisfaisant, contrôle qualité OK",0,16,3,False,False,normal,pluvieux
2022-03-21 20:12:43,Centre Médical d'Excellence,O+,41,6,0,35,4.7,20,100.0,normale,Urgent: vérifier température stockage,0,20,3,False,False,normal,pluvieux
2022-03-22 09:24:53,Hôpital Laquintinie,O+,74,3,20,91,4.4,4,83.8,normale,"État satisfaisant, contrôle qualité OK",1,9,3,False,False,normal,nuageux
2022-03-22 10:59:32,Clinique des Spécialités,O+,42,15,0,27,4.4,2,84.0,normale,Attention: proche expiration,1,10,3,False,False,normal,orageux
2022-03-22 16:58:19,Hôpital Général Douala,O+,46,9,0,37,4.1,21,100.0,normale,Hémoglobine dans les normes,1,16,3,False,False,normal,ensoleillé
2022-03-22 17:21:57,Hôpital de District Bonassama,O+,53,8,0,45,3.6,12,98.3,normale,"État satisfaisant, contrôle qualité OK",1,17,3,False,False,normal,pluvieux
2022-03-22 17:45:00,Hôpital Laquintinie,O+,58,11,0,47,4.2,1,50.4,attention,Urgent: vérifier température stockage,1,17,3,False,False,normal,nuageux
2022-03-22 20:36:33,Centre Médical d'Excellence,O+,77,9,0,68,3.7,4,87.8,normale,"Bon état général, légère variation température",1,20,3,False,False,normal,nuageux
2022-03-23 02:33:01,Hôpital Laquintinie,O+,27,2,16,41,3.4,51,95.5,normale,Attention: proche expiration,2,2,3,False,False,normal,pluvieux
2022-03-23 05:52:59,Clinique des Spécialités,O+,26,6,0,20,4.6,42,100.0,normale,Urgent: vérifier température stockage,2,5,3,False,False,normal,ensoleillé
2022-03-23 08:12:59,Hôpital Militaire,O+,49,6,19,62,2.9,8,95.4,normale,Hémoglobine dans les normes,2,8,3,False,False,normal,ensoleillé
2022-03-23 22:55:36,Clinique des Spécialités,O+,51,4,0,47,3.9,57,100.0,normale,Contrôle bactériologique négatif,2,22,3,False,False,normal,orageux
2022-03-23 23:23:13,Hôpital Laquintinie,O+,21,7,25,39,4.2,4,86.3,normale,Hémoglobine dans les normes,2,23,3,False,False,accident_route,pluvieux
2022-03-24 01:10:32,Hôpital Général Douala,O+,25,7,0,18,3.1,3,98.2,faible,"Excellent état, conservation parfaite",3,1,3,False,False,normal,nuageux
2022-03-24 01:36:11,Centre Médical d'Excellence,O+,26,3,0,23,3.8,3,77.6,normale,Hémoglobine dans les normes,3,1,3,False,False,normal,nuageux
2022-03-24 10:30:35,Hôpital de District Bonassama,O+,40,8,0,32,3.9,1,66.4,attention,Attention: proche expiration,3,10,3,False,False,normal,nuageux
2022-03-24 11:24:43,Hôpital de District Bonassama,O+,37,7,0,30,4.4,32,100.0,normale,Contrôle bactériologique négatif,3,11,3,False,False,normal,pluvieux
2022-03-24 13:59:24,Clinique des Spécialités,O+,60,9,0,51,3.5,29,100.0,normale,"État satisfaisant, contrôle qualité OK",3,13,3,False,False,normal,pluvieux
2022-03-24 14:09:26,Hôpital de District Bonassama,O+,45,7,0,38,5.0,11,100.0,normale,Urgent: vérifier température stockage,3,14,3,False,False,normal,ensoleillé
2022-03-24 16:45:12,Centre Médical d'Excellence,O+,39,10,0,29,4.2,26,99.3,normale,Urgent: vérifier température stockage,3,16,3,False,False,urgence_médicale,nuageux
2022-03-24 18:15:11,Hôpital Laquintinie,O+,47,5,0,42,3.3,8,100.0,normale,Parfait pour transfusion immédiate,3,18,3,False,False,normal,pluvieux
2022-03-24 18:51:18,Centre Médical d'Excellence,O+,66,5,0,61,3.8,27,100.0,normale,Contrôle bactériologique négatif,3,18,3,False,False,normal,nuageux
2022-03-24 22:18:00,Hôpital de District Bonassama,O+,25,7,0,18,3.9,11,99.8,faible,Attention: proche expiration,3,22,3,False,False,normal,ensoleillé
2022-03-25 01:54:25,Hôpital Militaire,O+,44,10,0,34,4.2,2,87.0,normale,Contrôle bactériologique négatif,4,1,3,False,False,normal,nuageux
2022-03-25 02:06:34,Hôpital Général Douala,O+,11,6,10,15,3.4,17,96.3,faible,Urgent: vérifier température stockage,4,2,3,False,False,normal,pluvieux
2022-03-25 02:16:33,Hôpital Général Douala,O+,26,9,17,34,4.2,2,80.0,normale,"Bon état général, légère variation température",4,2,3,False,False,normal,pluvieux
2022-03-25 08:40:25,Hôpital Militaire,O+,51,6,19,64,4.1,9,95.7,normale,Attention: proche expiration,4,8,3,False,False,normal,nuageux
2022-03-25 17:51:42,Hôpital Général Douala,O+,76,11,0,65,3.8,6,100.0,normale,Contrôle bactériologique négatif,4,17,3,False,False,normal,ensoleillé
2022-03-25 19:14:31,Centre Médical d'Excellence,O+,44,11,0,33,4.0,12,100.0,normale,"Bon état général, légère variation température",4,19,3,False,False,normal,ensoleillé
2022-03-25 21:56:58,Centre Médical d'Excellence,O+,47,10,0,37,4.3,30,94.2,normale,"État satisfaisant, contrôle qualité OK",4,21,3,False,False,accident_route,nuageux
2022-03-25 23:02:54,Hôpital Général Douala,O+,25,11,0,14,3.7,6,100.0,faible,Contrôle bactériologique négatif,4,23,3,False,False,normal,ensoleillé
2022-03-25 23:12:52,Centre Médical d'Excellence,O+,32,9,20,43,5.3,20,100.0,normale,"Bon état général, légère variation température",4,23,3,False,False,normal,pluvieux
2022-03-26 01:20:12,Hôpital Général Douala,O+,17,7,29,39,4.2,26,100.0,normale,Urgent: vérifier température stockage,5,1,3,True,False,normal,ensoleillé
2022-03-26 03:43:03,Hôpital de District Bonassama,O+,7,8,0,0,3.9,11,100.0,critique,URGENT: Stock critique - Parfait pour transfusion immédiate,5,3,3,True,False,normal,ensoleillé
2022-03-26 21:32:28,Hôpital de District Bonassama,O+,33,7,0,26,4.0,13,98.6,normale,Contrôle bactériologique négatif,5,21,3,True,False,normal,ensoleillé
2022-03-26 21:48:12,Centre Médical d'Excellence,O+,24,6,0,18,3.5,20,100.0,faible,"Bon état général, légère variation température",5,21,3,True,False,normal,orageux
2022-03-26 22:42:35,Hôpital de District Bonassama,O+,47,9,0,38,3.9,13,89.0,normale,"Bon état général, légère variation température",5,22,3,True,False,normal,nuageux
2022-03-27 03:10:39,Hôpital de District Bonassama,O+,23,4,0,19,4.5,2,82.4,faible,Attention: proche expiration,6,3,3,True,False,normal,ensoleillé
2022-03-27 08:36:03,Hôpital Militaire,O+,30,6,0,24,4.3,12,100.0,normale,"Excellent état, conservation parfaite",6,8,3,True,False,normal,pluvieux
2022-03-27 09:10:32,Centre Médical d'Excellence,O+,24,6,0,18,3.9,1,46.1,faible,Contrôle bactériologique négatif,6,9,3,True,False,normal,orageux
2022-03-27 16:26:32,Hôpital Militaire,O+,18,5,0,13,3.8,4,80.6,faible,"État satisfaisant, contrôle qualité OK",6,16,3,True,False,normal,ensoleillé
2022-03-27 18:34:53,Hôpital de District Bonassama,O+,46,5,17,58,4.1,32,100.0,normale,Contrôle bactériologique négatif,6,18,3,True,False,normal,ensoleillé
2022-03-28 02:18:07,Centre Médical d'Excellence,O+,26,7,18,37,3.6,52,100.0,normale,Contrôle bactériologique négatif,0,2,3,False,False,normal,pluvieux
2022-03-28 03:08:06,Hôpital Général Douala,O+,28,7,0,21,3.8,11,90.8,normale,Attention: proche expiration,0,3,3,False,False,normal,pluvieux
2022-03-28 08:40:23,Hôpital de District Bonassama,O+,66,12,19,73,4.6,3,83.6,normale,Contrôle bactériologique négatif,0,8,3,False,False,normal,nuageux
2022-03-28 11:21:41,Hôpital Général Douala,O+,24,10,16,30,4.9,30,91.2,normale,Attention: proche expiration,0,11,3,False,False,normal,orageux
2022-03-28 15:25:53,Clinique des Spécialités,O+,31,6,0,25,3.8,3,92.3,normale,Parfait pour transfusion immédiate,0,15,3,False,False,normal,pluvieux
2022-03-28 15:28:59,Hôpital Laquintinie,O+,50,7,0,43,3.4,5,100.0,normale,Urgent: vérifier température stockage,0,15,3,False,False,normal,ensoleillé
2022-03-28 21:21:55,Hôpital Militaire,O+,45,11,23,57,3.8,11,100.0,normale,Urgent: vérifier température stockage,0,21,3,False,False,normal,pluvieux
2022-03-28 22:34:13,Hôpital Général Douala,O+,43,4,0,39,4.6,8,100.0,normale,Contrôle bactériologique négatif,0,22,3,False,False,normal,ensoleillé
2022-03-29 03:43:24,Hôpital de District Bonassama,O+,14,5,16,25,4.6,14,100.0,normale,"État satisfaisant, contrôle qualité OK",1,3,3,False,False,normal,pluvieux
2022-03-29 04:08:33,Centre Médical d'Excellence,O+,33,7,18,44,3.5,12,100.0,normale,Attention: proche expiration,1,4,3,False,False,normal,ensoleillé
2022-03-29 06:45:39,Hôpital Général Douala,O+,55,10,0,45,4.1,16,88.9,normale,Hémoglobine dans les normes,1,6,3,False,False,normal,nuageux
2022-03-29 12:29:27,Hôpital de District Bonassama,O+,55,12,0,43,4.2,18,100.0,normale,"Bon état général, légère variation température",1,12,3,False,False,normal,pluvieux
2022-03-29 15:35:31,Clinique des Spécialités,O+,51,1,0,50,3.1,36,100.0,normale,Attention: proche expiration,1,15,3,False,False,normal,nuageux
2022-03-29 19:31:37,Hôpital Général Douala,O+,58,10,0,48,4.2,6,100.0,normale,Parfait pour transfusion immédiate,1,19,3,False,False,normal,ensoleillé
2022-03-29 21:32:12,Hôpital de District Bonassama,O+,52,7,0,45,3.1,15,100.0,normale,Attention: proche expiration,1,21,3,False,False,normal,pluvieux
2022-03-29 21:40:16,Hôpital Général Douala,O+,77,2,0,75,4.8,8,100.0,normale,Contrôle bactériologique négatif,1,21,3,False,False,normal,pluvieux
2022-03-29 22:24:21,Clinique des Spécialités,O+,42,4,0,38,4.4,7,100.0,normale,"Excellent état, conservation parfaite",1,22,3,False,False,normal,ensoleillé
2022-03-30 01:26:42,Centre Médical d'Excellence,O+,21,5,0,16,4.1,64,100.0,faible,Urgent: vérifier température stockage,2,1,3,False,False,normal,ensoleillé
2022-03-30 02:50:07,Hôpital Laquintinie,O+,22,14,0,8,4.5,28,98.1,critique,URGENT: Stock critique - Hémoglobine dans les normes,2,2,3,False,False,normal,pluvieux
2022-03-30 04:53:07,Hôpital Militaire,O+,19,11,0,8,3.6,3,85.3,critique,"URGENT: Stock critique - Bon état général, légère variation température",2,4,3,False,False,normal,pluvieux
2022-03-30 09:42:43,Hôpital de District Bonassama,O+,50,8,0,42,4.9,69,100.0,normale,"Excellent état, conservation parfaite",2,9,3,False,False,normal,pluvieux
2022-03-30 11:01:22,Hôpital Général Douala,O+,50,8,0,42,3.5,18,98.4,normale,Parfait pour transfusion immédiate,2,11,3,False,False,normal,ensoleillé
2022-03-30 12:16:28,Hôpital de District Bonassama,O+,43,3,0,40,3.6,8,100.0,normale,Hémoglobine dans les normes,2,12,3,False,False,normal,nuageux
2022-03-30 14:44:18,Hôpital de District Bonassama,O+,58,8,0,50,3.9,45,100.0,normale,Parfait pour transfusion immédiate,2,14,3,False,False,normal,ensoleillé
2022-03-30 16:27:48,Hôpital de District Bonassama,O+,75,6,27,96,3.7,1,57.7,attention,Hémoglobine dans les normes,2,16,3,False,False,normal,ensoleillé
2022-03-30 16:57:58,Hôpital Laquintinie,O+,33,5,21,49,3.6,4,89.4,normale,"État satisfaisant, contrôle qualité OK",2,16,3,False,False,normal,orageux
2022-03-30 19:07:57,Hôpital Laquintinie,O+,49,7,14,56,3.8,3,77.9,normale,"Excellent état, conservation parfaite",2,19,3,False,False,accident_route,ensoleillé
2022-03-30 21:41:47,Hôpital Général Douala,O+,28,9,0,19,3.7,1,50.7,faible,Urgent: vérifier température stockage,2,21,3,False,False,normal,ensoleillé
2022-03-30 21:53:58,Hôpital de District Bonassama,O+,38,9,21,50,4.1,7,98.7,normale,Parfait pour transfusion immédiate,2,21,3,False,False,normal,nuageux
2022-03-31 02:34:19,Hôpital Laquintinie,O+,14,5,0,9,3.7,59,100.0,critique,URGENT: Stock critique - Parfait pour transfusion immédiate,3,2,3,False,False,normal,orageux
2022-03-31 05:37:02,Hôpital de District Bonassama,O+,13,7,16,22,4.3,17,100.0,normale,Parfait pour transfusion immédiate,3,5,3,False,False,normal,orageux
2022-03-31 10:55:08,Clinique des Spécialités,O+,69,9,0,60,4.4,17,96.1,normale,Parfait pour transfusion immédiate,3,10,3,False,False,normal,ensoleillé
2022-03-31 13:58:27,Centre Médical d'Excellence,O+,30,9,21,42,3.5,8,98.7,normale,Parfait pour transfusion immédiate,3,13,3,False,False,normal,ensoleillé
2022-03-31 17:14:32,Hôpital Laquintinie,O+,39,10,0,29,3.2,8,100.0,normale,"Excellent état, conservation parfaite",3,17,3,False,False,normal,pluvieux
2022-04-01 00:33:08,Centre Médical d'Excellence,O+,18,11,0,7,4.2,7,100.0,critique,URGENT: Stock critique - Hémoglobine dans les normes,4,0,4,False,False,normal,pluvieux
2022-04-01 00:56:06,Hôpital de District Bonassama,O+,16,8,19,27,4.7,9,97.3,normale,Urgent: vérifier température stockage,4,0,4,False,False,normal,nuageux
2022-04-01 03:41:21,Hôpital de District Bonassama,O+,14,12,14,16,4.2,1,64.2,faible,"Bon état général, légère variation température",4,3,4,False,False,normal,orageux
2022-04-01 06:52:15,Clinique des Spécialités,O+,45,5,0,40,5.3,18,100.0,normale,Attention: proche expiration,4,6,4,False,False,normal,orageux
2022-04-01 07:23:53,Centre Médical d'Excellence,O+,52,7,0,45,2.6,8,94.7,normale,"État satisfaisant, contrôle qualité OK",4,7,4,False,False,normal,ensoleillé
2022-04-01 14:59:49,Hôpital Militaire,O+,66,8,0,58,3.9,28,100.0,normale,"État satisfaisant, contrôle qualité OK",4,14,4,False,False,normal,pluvieux
2022-04-01 19:29:49,Clinique des Spécialités,O+,53,9,0,44,4.0,4,85.2,normale,"État satisfaisant, contrôle qualité OK",4,19,4,False,False,normal,pluvieux
2022-04-01 20:05:08,Centre Médical d'Excellence,O+,63,12,0,51,3.5,1,68.8,attention,Attention: proche expiration,4,20,4,False,False,normal,ensoleillé
2022-04-01 21:12:20,Hôpital Laquintinie,O+,45,13,0,32,3.9,5,100.0,normale,"Excellent état, conservation parfaite",4,21,4,False,False,normal,nuageux
2022-04-02 02:55:56,Hôpital Laquintinie,O+,17,8,14,23,3.4,27,100.0,normale,Urgent: vérifier température stockage,5,2,4,True,False,normal,orageux
2022-04-02 05:43:39,Clinique des Spécialités,O+,18,3,17,32,2.9,8,99.0,normale,"État satisfaisant, contrôle qualité OK",5,5,4,True,False,normal,pluvieux
2022-04-02 06:30:16,Hôpital Général Douala,O+,37,6,26,57,4.7,14,92.4,normale,Contrôle bactériologique négatif,5,6,4,True,False,normal,orageux
2022-04-02 11:13:26,Hôpital Militaire,O+,40,7,14,47,3.6,14,94.8,normale,Parfait pour transfusion immédiate,5,11,4,True,False,normal,ensoleillé
2022-04-03 00:05:49,Hôpital Militaire,O+,15,2,0,13,3.3,1,63.7,faible,Attention: proche expiration,6,0,4,True,False,normal,pluvieux
2022-04-03 03:28:57,Hôpital Général Douala,O+,11,7,0,4,4.9,19,100.0,critique,"URGENT: Stock critique - État satisfaisant, contrôle qualité OK",6,3,4,True,False,normal,ensoleillé
2022-04-03 04:51:21,Hôpital Général Douala,O+,8,9,22,22,3.9,30,93.3,normale,Hémoglobine dans les normes,6,4,4,True,False,normal,orageux
2022-04-03 11:55:10,Centre Médical d'Excellence,O+,42,3,0,39,4.3,16,98.9,normale,Attention: proche expiration,6,11,4,True,False,normal,ensoleillé
2022-04-03 14:22:54,Hôpital Laquintinie,O+,35,7,0,28,4.1,22,95.6,normale,"État satisfaisant, contrôle qualité OK",6,14,4,True,False,normal,ensoleillé
2022-04-03 17:47:40,Hôpital Général Douala,O+,38,5,0,33,4.0,14,99.2,normale,"Excellent état, conservation parfaite",6,17,4,True,False,normal,pluvieux
2022-04-03 21:12:05,Clinique des Spécialités,O+,52,3,11,60,2.9,5,99.9,normale,"Bon état général, légère variation température",6,21,4,True,False,normal,pluvieux
2022-04-04 01:31:51,Clinique des Spécialités,O+,5,5,0,0,3.4,37,100.0,critique,URGENT: Stock critique - Hémoglobine dans les normes,0,1,4,False,False,normal,ensoleillé
2022-04-04 02:41:49,Hôpital de District Bonassama,O+,27,9,16,34,4.0,4,83.0,normale,"État satisfaisant, contrôle qualité OK",0,2,4,False,False,normal,nuageux
2022-04-04 02:50:54,Hôpital de District Bonassama,O+,19,8,0,11,3.8,3,79.5,faible,"Bon état général, légère variation température",0,2,4,False,False,normal,orageux
2022-04-04 03:21:02,Hôpital de District Bonassama,O+,18,7,0,11,3.6,2,84.8,faible,Attention: proche expiration,0,3,4,False,False,normal,ensoleillé
2022-04-04 04:40:13,Centre Médical d'Excellence,O+,25,9,0,16,3.8,3,89.2,faible,Hémoglobine dans les normes,0,4,4,False,False,normal,pluvieux
2022-04-04 19:55:14,Hôpital Laquintinie,O+,65,8,0,57,3.2,28,100.0,normale,"Bon état général, légère variation température",0,19,4,False,False,normal,orageux
2022-04-04 23:40:54,Centre Médical d'Excellence,O+,28,4,0,24,4.5,9,97.9,normale,Attention: proche expiration,0,23,4,False,False,normal,pluvieux
2022-04-05 00:37:47,Hôpital Général Douala,O+,23,5,0,18,3.8,6,96.2,faible,Hémoglobine dans les normes,1,0,4,False,False,normal,ensoleillé
2022-04-05 03:23:59,Centre Médical d'Excellence,O+,31,10,0,21,4.7,8,100.0,normale,"État satisfaisant, contrôle qualité OK",1,3,4,False,False,normal,ensoleillé
2022-04-05 15:25:04,Hôpital de District Bonassama,O+,40,2,0,38,4.0,19,99.9,normale,Hémoglobine dans les normes,1,15,4,False,False,normal,pluvieux
2022-04-05 17:31:41,Hôpital Général Douala,O+,47,9,19,57,3.5,1,55.3,attention,Parfait pour transfusion immédiate,1,17,4,False,False,normal,nuageux
2022-04-05 20:52:58,Hôpital Militaire,O+,48,4,22,66,3.8,10,92.2,normale,Hémoglobine dans les normes,1,20,4,False,False,normal,ensoleillé
2022-04-05 22:33:22,Clinique des Spécialités,O+,29,3,26,52,3.9,13,100.0,normale,Parfait pour transfusion immédiate,1,22,4,False,False,normal,ensoleillé
2022-04-06 04:04:52,Clinique des Spécialités,O+,12,10,19,21,3.7,17,95.9,normale,"Excellent état, conservation parfaite",2,4,4,False,False,normal,ensoleillé
2022-04-06 07:28:10,Hôpital de District Bonassama,O+,53,8,0,45,3.8,17,85.5,normale,"Excellent état, conservation parfaite",2,7,4,False,False,épidémie,ensoleillé
2022-04-06 16:58:19,Hôpital Laquintinie,O+,60,10,0,50,4.7,13,100.0,normale,"Excellent état, conservation parfaite",2,16,4,False,False,normal,pluvieux
2022-04-06 23:51:39,Hôpital de District Bonassama,O+,37,10,0,27,3.9,68,87.8,normale,"Bon état général, légère variation température",2,23,4,False,False,normal,pluvieux
2022-04-07 05:09:26,Hôpital de District Bonassama,O+,25,2,0,23,4.4,17,100.0,normale,Parfait pour transfusion immédiate,3,5,4,False,False,normal,ensoleillé
2022-04-07 11:56:55,Centre Médical d'Excellence,O+,56,4,31,83,4.7,2,85.0,normale,Contrôle bactériologique négatif,3,11,4,False,False,normal,pluvieux
2022-04-07 14:07:12,Clinique des Spécialités,O+,32,4,22,50,3.8,23,100.0,normale,Urgent: vérifier température stockage,3,14,4,False,False,normal,ensoleillé
2022-04-07 19:11:03,Hôpital Général Douala,O+,42,9,19,52,4.6,1,52.8,attention,"Bon état général, légère variation température",3,19,4,False,False,normal,pluvieux
2022-04-07 20:09:43,Clinique des Spécialités,O+,54,7,0,47,3.3,27,95.6,normale,"État satisfaisant, contrôle qualité OK",3,20,4,False,False,normal,pluvieux
2022-04-08 05:20:36,Hôpital Général Douala,O+,34,2,0,32,4.1,3,79.0,normale,Contrôle bactériologique négatif,4,5,4,False,False,normal,ensoleillé
2022-04-08 08:15:37,Hôpital Laquintinie,O+,12,10,0,2,3.9,53,100.0,critique,URGENT: Stock critique - Urgent: vérifier température stockage,4,8,4,False,False,normal,ensoleillé
2022-04-08 17:35:37,Clinique des Spécialités,O+,61,8,16,69,4.0,95,98.9,normale,"Bon état général, légère variation température",4,17,4,False,False,normal,ensoleillé
2022-04-08 19:23:28,Hôpital Laquintinie,O+,60,6,0,54,3.7,2,89.6,normale,Urgent: vérifier température stockage,4,19,4,False,False,normal,ensoleillé
2022-04-09 00:55:46,Hôpital Militaire,O+,11,4,0,7,3.3,1,56.1,critique,URGENT: Stock critique - Parfait pour transfusion immédiate,5,0,4,True,False,normal,pluvieux
2022-04-09 01:05:53,Centre Médical d'Excellence,O+,15,6,0,9,4.0,3,84.3,critique,URGENT: Stock critique - Hémoglobine dans les normes,5,1,4,True,False,normal,ensoleillé
2022-04-09 14:09:28,Hôpital Général Douala,O+,44,6,0,38,4.7,4,87.2,normale,Urgent: vérifier température stockage,5,14,4,True,False,normal,pluvieux
2022-04-09 19:23:57,Clinique des Spécialités,O+,32,7,0,25,4.4,1,64.5,attention,Parfait pour transfusion immédiate,5,19,4,True,False,normal,ensoleillé
2022-04-09 20:48:59,Hôpital Laquintinie,O+,34,5,14,43,3.9,11,99.6,normale,Contrôle bactériologique négatif,5,20,4,True,False,normal,ensoleillé
2022-04-10 01:48:37,Centre Médical d'Excellence,O+,15,6,0,9,4.2,15,98.7,critique,"URGENT: Stock critique - Bon état général, légère variation température",6,1,4,True,False,normal,pluvieux
2022-04-10 07:57:04,Hôpital Laquintinie,O+,31,8,0,23,3.7,17,100.0,normale,"Bon état général, légère variation température",6,7,4,True,False,normal,pluvieux
2022-04-10 09:03:05,Hôpital Laquintinie,O+,22,4,16,34,3.9,2,88.8,normale,"Bon état général, légère variation température",6,9,4,True,False,normal,ensoleillé
2022-04-10 17:12:35,Clinique des Spécialités,O+,43,3,0,40,3.7,3,92.3,normale,Urgent: vérifier température stockage,6,17,4,True,False,normal,ensoleillé
2022-04-10 22:27:33,Centre Médical d'Excellence,O+,36,9,0,27,4.3,14,100.0,normale,"État satisfaisant, contrôle qualité OK",6,22,4,True,False,normal,ensoleillé
2022-04-11 05:20:55,Hôpital Militaire,O+,26,11,0,15,3.5,5,96.5,faible,"État satisfaisant, contrôle qualité OK",0,5,4,False,False,normal,pluvieux
2022-04-11 08:11:45,Hôpital Laquintinie,O+,41,5,0,36,3.2,13,99.1,normale,Hémoglobine dans les normes,0,8,4,False,False,normal,nuageux
2022-04-11 12:18:06,Hôpital Général Douala,O+,61,11,0,50,3.8,3,98.2,normale,"État satisfaisant, contrôle qualité OK",0,12,4,False,False,normal,ensoleillé
2022-04-11 18:01:41,Hôpital Laquintinie,O+,44,7,0,37,3.6,6,100.0,normale,"Excellent état, conservation parfaite",0,18,4,False,False,normal,pluvieux
2022-04-11 21:38:48,Hôpital de District Bonassama,O+,82,10,29,101,4.7,14,95.6,normale,Hémoglobine dans les normes,0,21,4,False,False,normal,pluvieux
2022-04-12 00:36:57,Hôpital Militaire,O+,27,3,0,24,4.0,6,100.0,normale,Attention: proche expiration,1,0,4,False,False,normal,pluvieux
2022-04-12 01:31:40,Hôpital de District Bonassama,O+,40,7,19,52,4.1,1,58.3,attention,Contrôle bactériologique négatif,1,1,4,False,False,normal,nuageux
2022-04-12 03:26:38,Centre Médical d'Excellence,O+,21,9,0,12,3.9,13,89.9,faible,Parfait pour transfusion immédiate,1,3,4,False,False,normal,nuageux
2022-04-12 12:34:44,Hôpital de District Bonassama,O+,19,9,0,10,4.3,14,97.1,faible,Urgent: vérifier température stockage,1,12,4,False,False,normal,ensoleillé
2022-04-12 15:44:52,Hôpital Laquintinie,O+,34,7,12,39,4.1,22,99.5,normale,"Excellent état, conservation parfaite",1,15,4,False,False,normal,ensoleillé
2022-04-12 18:15:48,Hôpital de District Bonassama,O+,30,8,13,35,4.7,25,100.0,normale,"Excellent état, conservation parfaite",1,18,4,False,False,normal,pluvieux
2022-04-12 18:55:52,Hôpital Laquintinie,O+,51,10,0,41,2.8,14,100.0,normale,Hémoglobine dans les normes,1,18,4,False,False,normal,ensoleillé
2022-04-12 23:10:57,Clinique des Spécialités,O+,17,5,0,12,3.6,5,100.0,faible,Parfait pour transfusion immédiate,1,23,4,False,False,normal,pluvieux
2022-04-13 04:11:34,Centre Médical d'Excellence,O+,20,2,27,45,3.8,19,92.5,normale,Attention: proche expiration,2,4,4,False,False,normal,pluvieux
2022-04-13 04:39:42,Hôpital Laquintinie,O+,25,3,0,22,3.8,1,60.8,attention,Urgent: vérifier température stockage,2,4,4,False,False,normal,pluvieux
2022-04-13 11:02:17,Hôpital Militaire,O+,65,9,0,56,2.8,56,100.0,normale,"Excellent état, conservation parfaite",2,11,4,False,False,normal,nuageux
2022-04-13 11:37:14,Hôpital de District Bonassama,O+,58,13,0,45,3.7,4,82.4,normale,Parfait pour transfusion immédiate,2,11,4,False,False,normal,pluvieux
2022-04-13 12:20:21,Clinique des Spécialités,O+,45,11,0,34,4.2,27,100.0,normale,"Excellent état, conservation parfaite",2,12,4,False,False,normal,nuageux
2022-04-13 15:38:13,Hôpital Général Douala,O+,41,8,0,33,3.2,1,63.1,attention,Parfait pour transfusion immédiate,2,15,4,False,False,normal,ensoleillé
2022-04-13 15:55:24,Hôpital Général Douala,O+,63,6,0,57,3.6,54,96.9,normale,Urgent: vérifier température stockage,2,15,4,False,False,normal,ensoleillé
2022-04-13 18:28:17,Clinique des Spécialités,O+,64,9,29,84,4.0,18,93.6,normale,Urgent: vérifier température stockage,2,18,4,False,False,normal,ensoleillé
2022-04-13 21:10:09,Hôpital Militaire,O+,47,6,0,41,3.3,5,99.1,normale,Hémoglobine dans les normes,2,21,4,False,False,normal,nuageux
2022-04-14 01:32:12,Hôpital Général Douala,O+,38,4,0,34,3.6,1,52.6,attention,"Excellent état, conservation parfaite",3,1,4,False,False,normal,nuageux
2022-04-14 07:06:34,Hôpital Militaire,O+,54,13,19,60,3.8,19,100.0,normale,Parfait pour transfusion immédiate,3,7,4,False,False,normal,nuageux
2022-04-14 10:01:32,Centre Médical d'Excellence,O+,24,5,20,39,4.0,28,93.2,normale,Contrôle bactériologique négatif,3,10,4,False,False,normal,orageux
2022-04-14 16:52:42,Hôpital Militaire,O+,47,10,0,37,3.8,18,92.8,normale,"État satisfaisant, contrôle qualité OK",3,16,4,False,False,normal,pluvieux
2022-04-14 23:45:43,Centre Médical d'Excellence,O+,33,4,0,29,4.3,47,100.0,normale,"Bon état général, légère variation température",3,23,4,False,False,normal,pluvieux
2022-04-15 00:58:02,Hôpital Militaire,O+,28,2,23,49,4.2,1,62.7,attention,Parfait pour transfusion immédiate,4,0,4,False,False,normal,pluvieux
2022-04-15 03:33:21,Centre Médical d'Excellence,O+,27,3,0,24,3.2,4,81.3,normale,"Excellent état, conservation parfaite",4,3,4,False,False,normal,pluvieux
2022-04-15 07:38:31,Hôpital Militaire,O+,62,2,0,60,5.0,1,56.7,attention,"État satisfaisant, contrôle qualité OK",4,7,4,False,False,normal,ensoleillé
2022-04-15 12:06:55,Hôpital de District Bonassama,O+,59,6,0,53,3.5,7,95.7,normale,"État satisfaisant, contrôle qualité OK",4,12,4,False,False,normal,pluvieux
2022-04-15 13:47:49,Hôpital de District Bonassama,O+,38,14,21,45,4.0,21,100.0,normale,Parfait pour transfusion immédiate,4,13,4,False,False,normal,nuageux
2022-04-15 15:35:23,Hôpital Militaire,O+,56,4,0,52,3.4,32,96.4,normale,"État satisfaisant, contrôle qualité OK",4,15,4,False,False,normal,pluvieux
2022-04-15 22:10:48,Hôpital Militaire,O+,48,8,0,40,3.6,48,99.6,normale,Urgent: vérifier température stockage,4,22,4,False,False,normal,nuageux
2022-04-15 22:43:27,Hôpital Laquintinie,O+,58,6,0,52,4.4,23,100.0,normale,Urgent: vérifier température stockage,4,22,4,False,False,normal,ensoleillé
2022-04-16 08:57:40,Hôpital de District Bonassama,O+,36,5,0,31,4.0,17,100.0,normale,"Bon état général, légère variation température",5,8,4,True,False,normal,pluvieux
2022-04-16 10:09:39,Hôpital Laquintinie,O+,41,5,0,36,3.9,18,96.2,normale,"État satisfaisant, contrôle qualité OK",5,10,4,True,False,normal,orageux
2022-04-16 17:18:31,Hôpital de District Bonassama,O+,37,6,0,31,4.2,1,51.2,attention,Parfait pour transfusion immédiate,5,17,4,True,False,normal,ensoleillé
2022-04-16 17:32:38,Clinique des Spécialités,O+,17,2,0,15,3.8,4,75.6,faible,Urgent: vérifier température stockage,5,17,4,True,False,normal,pluvieux
2022-04-17 12:16:31,Hôpital Laquintinie,O+,36,9,0,27,5.1,12,98.2,normale,Parfait pour transfusion immédiate,6,12,4,True,False,normal,pluvieux
2022-04-17 12:54:48,Hôpital Général Douala,O+,50,7,0,43,4.2,17,100.0,normale,Parfait pour transfusion immédiate,6,12,4,True,False,normal,ensoleillé
2022-04-17 14:14:31,Hôpital Militaire,O+,33,5,0,28,3.0,32,100.0,normale,Hémoglobine dans les normes,6,14,4,True,False,normal,nuageux
2022-04-17 16:00:20,Hôpital Militaire,O+,30,8,0,22,4.2,1,57.5,attention,Contrôle bactériologique négatif,6,16,4,True,False,normal,ensoleillé
2022-04-17 19:25:22,Hôpital Laquintinie,O+,31,6,0,25,3.8,1,63.2,attention,Parfait pour transfusion immédiate,6,19,4,True,False,urgence_médicale,pluvieux
2022-04-17 20:24:14,Centre Médical d'Excellence,O+,27,6,0,21,4.6,3,89.5,normale,Contrôle bactériologique négatif,6,20,4,True,False,normal,ensoleillé
2022-04-18 02:01:57,Hôpital de District Bonassama,O+,18,7,0,11,4.7,3,87.6,faible,Parfait pour transfusion immédiate,0,2,4,False,False,normal,orageux
2022-04-18 05:47:01,Clinique des Spécialités,O+,29,9,0,20,4.1,41,100.0,normale,Contrôle bactériologique négatif,0,5,4,False,False,normal,nuageux
2022-04-18 06:33:01,Hôpital Militaire,O+,33,10,0,23,4.4,21,93.2,normale,"Excellent état, conservation parfaite",0,6,4,False,False,normal,pluvieux
2022-04-18 07:51:43,Hôpital de District Bonassama,O+,62,8,0,54,4.7,2,84.4,normale,Contrôle bactériologique négatif,0,7,4,False,False,normal,pluvieux
2022-04-18 19:16:59,Centre Médical d'Excellence,O+,65,9,0,56,4.3,9,92.9,normale,Hémoglobine dans les normes,0,19,4,False,False,normal,nuageux
2022-04-18 20:09:58,Centre Médical d'Excellence,O+,65,3,0,62,3.9,1,64.7,attention,Hémoglobine dans les normes,0,20,4,False,False,urgence_médicale,orageux
2022-04-18 21:35:44,Hôpital Général Douala,O+,45,6,0,39,4.1,1,62.9,attention,Contrôle bactériologique négatif,0,21,4,False,False,normal,ensoleillé
2022-04-18 23:24:30,Hôpital Laquintinie,O+,31,12,14,33,4.2,27,100.0,normale,Urgent: vérifier température stockage,0,23,4,False,False,normal,ensoleillé
2022-04-19 02:29:12,Clinique des Spécialités,O+,24,10,23,37,4.1,8,100.0,normale,Urgent: vérifier température stockage,1,2,4,False,False,normal,nuageux
2022-04-19 10:53:52,Hôpital de District Bonassama,O+,30,5,0,25,4.4,1,60.6,attention,"Excellent état, conservation parfaite",1,10,4,False,False,normal,pluvieux
2022-04-19 13:37:56,Clinique des Spécialités,O+,28,8,0,20,4.8,33,100.0,normale,"Excellent état, conservation parfaite",1,13,4,False,False,normal,ensoleillé
2022-04-19 13:42:23,Centre Médical d'Excellence,O+,56,4,18,70,3.9,27,99.1,normale,"Excellent état, conservation parfaite",1,13,4,False,False,normal,ensoleillé
2022-04-19 14:37:25,Hôpital Laquintinie,O+,62,7,20,75,3.9,1,60.5,attention,"Bon état général, légère variation température",1,14,4,False,False,normal,nuageux
2022-04-19 16:28:30,Hôpital Laquintinie,O+,72,7,0,65,3.9,13,100.0,normale,Hémoglobine dans les normes,1,16,4,False,False,normal,ensoleillé
2022-04-19 17:00:57,Hôpital Militaire,O+,69,4,0,65,3.9,25,95.6,normale,Hémoglobine dans les normes,1,17,4,False,False,normal,pluvieux
2022-04-19 17:49:12,Hôpital Général Douala,O+,56,3,24,77,4.3,2,72.5,normale,Parfait pour transfusion immédiate,1,17,4,False,False,normal,nuageux
2022-04-19 20:18:59,Clinique des Spécialités,O+,73,4,0,69,3.3,28,100.0,normale,"Bon état général, légère variation température",1,20,4,False,False,normal,pluvieux
2022-04-19 23:19:01,Clinique des Spécialités,O+,32,6,0,26,4.1,2,77.8,normale,"État satisfaisant, contrôle qualité OK",1,23,4,False,False,normal,nuageux
2022-04-20 05:11:43,Centre Médical d'Excellence,O+,27,9,0,18,3.5,5,100.0,faible,Attention: proche expiration,2,5,4,False,False,normal,orageux
2022-04-20 05:46:56,Hôpital Militaire,O+,29,2,0,27,4.4,1,57.1,attention,Parfait pour transfusion immédiate,2,5,4,False,False,normal,ensoleillé
2022-04-20 07:54:03,Centre Médical d'Excellence,O+,31,9,0,22,3.1,5,100.0,normale,Contrôle bactériologique négatif,2,7,4,False,False,normal,ensoleillé
2022-04-20 16:50:41,Hôpital de District Bonassama,O+,63,11,0,52,4.2,4,81.0,normale,"Excellent état, conservation parfaite",2,16,4,False,False,normal,pluvieux
2022-04-20 23:26:15,Hôpital Général Douala,O+,22,10,21,33,3.8,5,98.8,normale,"Excellent état, conservation parfaite",2,23,4,False,False,normal,orageux
2022-04-21 00:35:49,Hôpital Militaire,O+,30,2,0,28,3.3,52,88.4,normale,"Bon état général, légère variation température",3,0,4,False,False,normal,ensoleillé
2022-04-21 08:58:43,Hôpital de District Bonassama,O+,49,8,0,41,5.3,11,100.0,normale,Parfait pour transfusion immédiate,3,8,4,False,False,normal,orageux
2022-04-21 11:28:35,Hôpital Laquintinie,O+,73,6,0,67,3.8,81,100.0,normale,"État satisfaisant, contrôle qualité OK",3,11,4,False,False,normal,pluvieux
2022-04-21 14:02:02,Hôpital Militaire,O+,50,2,0,48,3.4,6,98.6,normale,Parfait pour transfusion immédiate,3,14,4,False,False,normal,nuageux
2022-04-21 20:20:49,Hôpital de District Bonassama,O+,41,13,23,51,4.2,4,87.4,normale,Parfait pour transfusion immédiate,3,20,4,False,False,normal,ensoleillé
2022-04-21 21:36:07,Clinique des Spécialités,O+,60,9,0,51,4.0,18,99.1,normale,"Excellent état, conservation parfaite",3,21,4,False,False,normal,pluvieux
2022-04-22 03:21:03,Clinique des Spécialités,O+,36,7,0,29,3.7,1,61.9,attention,"Excellent état, conservation parfaite",4,3,4,False,False,normal,nuageux
2022-04-22 03:54:27,Hôpital de District Bonassama,O+,25,7,0,18,4.1,32,100.0,faible,Hémoglobine dans les normes,4,3,4,False,False,normal,pluvieux
2022-04-22 06:24:04,Clinique des Spécialités,O+,20,6,0,14,3.8,43,98.6,faible,"Bon état général, légère variation température",4,6,4,False,False,normal,ensoleillé
2022-04-22 08:33:54,Hôpital Laquintinie,O+,59,11,0,48,4.1,22,99.9,normale,Contrôle bactériologique négatif,4,8,4,False,False,normal,orageux
2022-04-22 13:37:49,Clinique des Spécialités,O+,55,8,0,47,3.4,1,65.3,attention,Urgent: vérifier température stockage,4,13,4,False,False,normal,pluvieux
2022-04-22 15:05:19,Hôpital Militaire,O+,30,12,0,18,4.0,11,100.0,faible,Parfait pour transfusion immédiate,4,15,4,False,False,normal,pluvieux
2022-04-22 15:09:58,Centre Médical d'Excellence,O+,39,7,0,32,4.1,1,67.3,attention,Contrôle bactériologique négatif,4,15,4,False,False,normal,pluvieux
2022-04-22 17:58:46,Clinique des Spécialités,O+,58,4,22,76,4.2,3,85.4,normale,Hémoglobine dans les normes,4,17,4,False,False,normal,ensoleillé
2022-04-22 21:45:45,Clinique des Spécialités,O+,50,6,27,71,4.7,8,95.6,normale,Parfait pour transfusion immédiate,4,21,4,False,False,normal,nuageux
2022-04-22 23:15:06,Clinique des Spécialités,O+,15,4,0,11,3.4,26,98.8,faible,"Bon état général, légère variation température",4,23,4,False,False,normal,pluvieux
2022-04-23 01:20:18,Clinique des Spécialités,O+,16,2,0,14,4.0,6,100.0,faible,"Excellent état, conservation parfaite",5,1,4,True,False,normal,nuageux
2022-04-23 07:40:36,Centre Médical d'Excellence,O+,38,5,0,33,3.8,11,100.0,normale,Contrôle bactériologique négatif,5,7,4,True,False,normal,pluvieux
2022-04-23 08:19:18,Hôpital Général Douala,O+,32,5,0,27,3.6,7,99.2,normale,Attention: proche expiration,5,8,4,True,False,normal,nuageux
2022-04-23 13:54:04,Hôpital Général Douala,O+,29,5,0,24,4.5,6,99.6,normale,Contrôle bactériologique négatif,5,13,4,True,False,normal,orageux
2022-04-23 17:50:12,Hôpital Laquintinie,O+,34,2,0,32,3.4,6,91.6,normale,Attention: proche expiration,5,17,4,True,False,normal,pluvieux
2022-04-23 21:05:10,Hôpital de District Bonassama,O+,48,0,20,68,4.2,4,79.7,normale,"Bon état général, légère variation température",5,21,4,True,False,normal,ensoleillé
2022-04-23 21:07:06,Hôpital Général Douala,O+,22,3,21,40,3.7,6,91.8,normale,Hémoglobine dans les normes,5,21,4,True,False,normal,pluvieux
2022-04-24 00:44:31,Centre Médical d'Excellence,O+,17,4,0,13,3.9,2,91.3,faible,Parfait pour transfusion immédiate,6,0,4,True,False,normal,nuageux
2022-04-24 06:43:27,Hôpital Général Douala,O+,26,11,0,15,3.8,4,83.9,faible,Urgent: vérifier température stockage,6,6,4,True,False,normal,ensoleillé
2022-04-24 08:11:47,Hôpital Militaire,O+,39,6,0,33,4.1,18,100.0,normale,"Excellent état, conservation parfaite",6,8,4,True,False,normal,ensoleillé
2022-04-24 12:11:36,Clinique des Spécialités,O+,28,6,0,22,4.4,3,93.0,normale,"Bon état général, légère variation température",6,12,4,True,False,normal,pluvieux
2022-04-24 14:10:31,Hôpital Militaire,O+,48,6,18,60,4.6,11,100.0,normale,Contrôle bactériologique négatif,6,14,4,True,False,normal,ensoleillé
2022-04-24 17:55:05,Clinique des Spécialités,O+,23,7,24,40,3.4,11,100.0,normale,"Bon état général, légère variation température",6,17,4,True,False,normal,ensoleillé
2022-04-25 14:36:33,Hôpital Militaire,O+,53,11,20,62,4.2,1,69.8,attention,"État satisfaisant, contrôle qualité OK",0,14,4,False,False,normal,ensoleillé
2022-04-26 02:38:36,Hôpital Laquintinie,O+,23,12,0,11,4.7,8,100.0,faible,Contrôle bactériologique négatif,1,2,4,False,False,normal,nuageux
2022-04-26 03:41:43,Hôpital Général Douala,O+,10,3,0,7,3.7,6,100.0,critique,"URGENT: Stock critique - Bon état général, légère variation température",1,3,4,False,False,normal,nuageux
2022-04-26 05:08:34,Hôpital Laquintinie,O+,33,6,23,50,3.9,29,93.0,normale,"Bon état général, légère variation température",1,5,4,False,False,normal,ensoleillé
2022-04-26 10:01:09,Clinique des Spécialités,O+,51,7,0,44,3.5,8,98.9,normale,"Excellent état, conservation parfaite",1,10,4,False,False,normal,ensoleillé
2022-04-26 16:41:48,Hôpital Militaire,O+,70,5,0,65,4.9,35,100.0,normale,Attention: proche expiration,1,16,4,False,False,normal,pluvieux
2022-04-26 16:59:47,Hôpital Laquintinie,O+,65,17,0,48,4.1,9,99.5,normale,Hémoglobine dans les normes,1,16,4,False,False,normal,ensoleillé
2022-04-26 18:34:23,Centre Médical d'Excellence,O+,43,11,24,56,3.8,6,98.7,normale,Attention: proche expiration,1,18,4,False,False,normal,ensoleillé
2022-04-26 21:14:40,Hôpital Laquintinie,O+,64,2,0,62,4.3,27,100.0,normale,"Excellent état, conservation parfaite",1,21,4,False,False,normal,ensoleillé
2022-04-26 21:35:45,Hôpital Laquintinie,O+,51,0,13,64,3.8,6,100.0,normale,Hémoglobine dans les normes,1,21,4,False,False,normal,pluvieux
2022-04-26 21:37:04,Hôpital de District Bonassama,O+,36,10,0,26,4.7,9,96.8,normale,"Bon état général, légère variation température",1,21,4,False,False,normal,pluvieux
2022-04-26 23:14:42,Hôpital Laquintinie,O+,30,11,0,19,3.3,7,100.0,faible,Hémoglobine dans les normes,1,23,4,False,False,normal,ensoleillé
2022-04-26 23:32:24,Hôpital Général Douala,O+,17,9,0,8,4.1,4,83.4,critique,"URGENT: Stock critique - Bon état général, légère variation température",1,23,4,False,False,normal,orageux
2022-04-27 13:52:31,Hôpital Militaire,O+,15,6,0,9,3.8,1,57.6,critique,"URGENT: Stock critique - État satisfaisant, contrôle qualité OK",2,13,4,False,False,normal,ensoleillé
2022-04-27 16:41:03,Clinique des Spécialités,O+,54,4,18,68,3.7,7,100.0,normale,Hémoglobine dans les normes,2,16,4,False,False,normal,pluvieux
2022-04-27 19:09:43,Clinique des Spécialités,O+,21,7,21,35,4.0,1,57.7,attention,"Bon état général, légère variation température",2,19,4,False,False,normal,pluvieux
2022-04-27 21:29:14,Clinique des Spécialités,O+,56,8,0,48,4.3,33,100.0,normale,"État satisfaisant, contrôle qualité OK",2,21,4,False,False,épidémie,pluvieux
2022-04-28 02:42:50,Hôpital Général Douala,O+,37,5,0,32,4.2,28,96.8,normale,Attention: proche expiration,3,2,4,False,False,normal,orageux
2022-04-28 07:23:48,Hôpital de District Bonassama,O+,53,7,0,46,3.5,5,100.0,normale,Hémoglobine dans les normes,3,7,4,False,False,normal,ensoleillé
2022-04-28 13:49:05,Clinique des Spécialités,O+,81,10,0,71,2.7,3,89.4,normale,Urgent: vérifier température stockage,3,13,4,False,False,normal,ensoleillé
2022-04-28 20:02:43,Clinique des Spécialités,O+,65,6,0,59,4.4,9,100.0,normale,Contrôle bactériologique négatif,3,20,4,False,False,normal,nuageux
2022-04-29 04:16:07,Hôpital de District Bonassama,O+,28,6,22,44,4.1,9,100.0,normale,Attention: proche expiration,4,4,4,False,False,normal,ensoleillé
2022-04-29 08:36:46,Hôpital Laquintinie,O+,36,6,0,30,3.3,1,63.0,attention,Urgent: vérifier température stockage,4,8,4,False,False,normal,orageux
2022-04-29 13:23:44,Hôpital de District Bonassama,O+,54,9,0,45,4.3,17,100.0,normale,Attention: proche expiration,4,13,4,False,False,normal,orageux
2022-04-29 15:27:02,Hôpital Laquintinie,O+,37,9,0,28,4.4,13,96.1,normale,Hémoglobine dans les normes,4,15,4,False,False,normal,ensoleillé
2022-04-29 16:29:47,Hôpital Militaire,O+,46,9,0,37,5.0,2,88.8,normale,"Excellent état, conservation parfaite",4,16,4,False,False,normal,nuageux
2022-04-29 17:41:57,Hôpital Général Douala,O+,44,11,21,54,5.1,37,99.1,normale,Parfait pour transfusion immédiate,4,17,4,False,False,normal,pluvieux
2022-04-29 20:24:54,Hôpital de District Bonassama,O+,48,7,19,60,4.7,10,100.0,normale,"État satisfaisant, contrôle qualité OK",4,20,4,False,False,normal,ensoleillé
2022-04-30 09:14:19,Hôpital Militaire,O+,30,9,0,21,4.0,13,93.9,normale,Parfait pour transfusion immédiate,5,9,4,True,False,normal,orageux
2022-04-30 13:14:51,Hôpital Militaire,O+,20,5,0,15,4.6,1,59.7,faible,"État satisfaisant, contrôle qualité OK",5,13,4,True,False,normal,ensoleillé
2022-04-30 14:13:47,Hôpital de District Bonassama,O+,21,5,0,16,3.8,5,100.0,faible,Hémoglobine dans les normes,5,14,4,True,False,normal,pluvieux
2022-04-30 15:12:53,Hôpital de District Bonassama,O+,43,6,0,37,4.7,27,100.0,normale,Urgent: vérifier température stockage,5,15,4,True,False,normal,ensoleillé
2022-04-30 17:13:10,Hôpital Laquintinie,O+,41,5,15,51,4.3,19,93.6,normale,Contrôle bactériologique négatif,5,17,4,True,False,normal,nuageux
2022-04-30 17:26:17,Clinique des Spécialités,O+,38,6,0,32,3.9,17,97.0,normale,Hémoglobine dans les normes,5,17,4,True,False,normal,pluvieux
2022-04-30 18:53:13,Hôpital Général Douala,O+,30,0,0,30,3.7,22,95.6,normale,Parfait pour transfusion immédiate,5,18,4,True,False,normal,pluvieux
2022-04-30 19:28:47,Centre Médical d'Excellence,O+,32,9,0,23,3.7,14,88.9,normale,Parfait pour transfusion immédiate,5,19,4,True,False,épidémie,orageux
2022-05-01 00:30:56,Centre Médical d'Excellence,O+,17,8,0,9,3.7,1,58.5,critique,URGENT: Stock critique - Attention: proche expiration,6,0,5,True,False,normal,ensoleillé
2022-05-01 04:05:33,Hôpital Militaire,O+,22,5,0,17,3.8,12,97.8,faible,"État satisfaisant, contrôle qualité OK",6,4,5,True,False,normal,pluvieux
2022-05-01 05:37:19,Hôpital Général Douala,O+,25,7,0,18,3.6,5,100.0,faible,Urgent: vérifier température stockage,6,5,5,True,False,normal,pluvieux
2022-05-01 08:23:14,Hôpital Général Douala,O+,28,7,16,37,4.6,12,100.0,normale,Parfait pour transfusion immédiate,6,8,5,True,False,normal,pluvieux
2022-05-01 09:15:33,Clinique des Spécialités,O+,25,7,18,36,4.2,18,90.6,normale,Attention: proche expiration,6,9,5,True,False,normal,nuageux
2022-05-01 16:26:22,Hôpital Laquintinie,O+,32,8,0,24,4.5,5,99.2,normale,Attention: proche expiration,6,16,5,True,False,normal,ensoleillé
2022-05-01 17:03:45,Centre Médical d'Excellence,O+,28,2,0,26,3.3,1,55.4,attention,"Excellent état, conservation parfaite",6,17,5,True,False,normal,pluvieux
2022-05-01 18:20:52,Hôpital de District Bonassama,O+,36,4,0,32,3.5,25,100.0,normale,Attention: proche expiration,6,18,5,True,False,normal,ensoleillé
2022-05-01 20:13:10,Hôpital Militaire,O+,28,7,21,42,4.5,1,57.3,attention,Urgent: vérifier température stockage,6,20,5,True,False,normal,nuageux
2022-05-02 03:58:05,Hôpital de District Bonassama,O+,31,12,20,39,3.9,1,55.2,attention,Hémoglobine dans les normes,0,3,5,False,False,normal,ensoleillé
2022-05-02 09:50:50,Clinique des Spécialités,O+,49,6,23,66,4.3,23,96.2,normale,Hémoglobine dans les normes,0,9,5,False,False,normal,nuageux
2022-05-02 10:04:50,Clinique des Spécialités,O+,51,0,18,69,3.6,8,100.0,normale,Contrôle bactériologique négatif,0,10,5,False,False,normal,ensoleillé
2022-05-02 18:44:32,Hôpital Laquintinie,O+,49,6,0,43,3.7,7,100.0,normale,"Bon état général, légère variation température",0,18,5,False,False,normal,nuageux
2022-05-02 21:20:17,Hôpital Laquintinie,O+,57,10,0,47,3.7,1,58.3,attention,"Bon état général, légère variation température",0,21,5,False,False,épidémie,ensoleillé
2022-05-02 23:45:23,Hôpital Militaire,O+,19,3,0,16,3.9,34,98.7,faible,Contrôle bactériologique négatif,0,23,5,False,False,normal,pluvieux
2022-05-03 04:28:14,Centre Médical d'Excellence,O+,13,6,0,7,3.4,48,93.6,critique,URGENT: Stock critique - Urgent: vérifier température stockage,1,4,5,False,False,normal,nuageux
2022-05-03 05:21:13,Centre Médical d'Excellence,O+,14,7,25,32,3.7,31,93.9,normale,Hémoglobine dans les normes,1,5,5,False,False,normal,nuageux
2022-05-03 07:56:18,Hôpital Laquintinie,O+,43,2,0,41,4.1,12,98.4,normale,"Bon état général, légère variation température",1,7,5,False,False,normal,pluvieux
2022-05-03 08:05:06,Hôpital Militaire,O+,60,7,0,53,4.1,40,100.0,normale,Contrôle bactériologique négatif,1,8,5,False,False,normal,ensoleillé
2022-05-03 11:42:44,Hôpital Général Douala,O+,43,7,20,56,4.0,4,86.1,normale,Attention: proche expiration,1,11,5,False,False,normal,ensoleillé
2022-05-03 12:36:50,Hôpital Laquintinie,O+,30,4,0,26,4.0,11,98.6,normale,"État satisfaisant, contrôle qualité OK",1,12,5,False,False,normal,ensoleillé
2022-05-03 18:11:01,Clinique des Spécialités,O+,26,6,21,41,4.2,39,100.0,normale,"État satisfaisant, contrôle qualité OK",1,18,5,False,False,normal,pluvieux
2022-05-04 01:26:40,Hôpital Général Douala,O+,46,4,0,42,4.0,23,96.6,normale,Hémoglobine dans les normes,2,1,5,False,False,normal,ensoleillé
2022-05-04 04:43:53,Hôpital Général Douala,O+,31,4,0,27,4.3,10,89.4,normale,"État satisfaisant, contrôle qualité OK",2,4,5,False,False,normal,ensoleillé
2022-05-04 18:39:27,Hôpital Laquintinie,O+,17,10,0,7,4.2,7,100.0,critique,URGENT: Stock critique - Parfait pour transfusion immédiate,2,18,5,False,False,normal,ensoleillé
2022-05-04 19:20:44,Clinique des Spécialités,O+,61,10,0,51,5.1,21,100.0,normale,Attention: proche expiration,2,19,5,False,False,normal,orageux
2022-05-04 23:37:19,Hôpital Laquintinie,O+,19,11,14,22,3.9,17,99.7,normale,"État satisfaisant, contrôle qualité OK",2,23,5,False,False,normal,ensoleillé
2022-05-05 01:20:14,Hôpital de District Bonassama,O+,32,7,0,25,4.0,7,100.0,normale,"Bon état général, légère variation température",3,1,5,False,False,normal,orageux
2022-05-05 06:22:07,Hôpital Laquintinie,O+,74,6,0,68,2.7,15,95.6,normale,Parfait pour transfusion immédiate,3,6,5,False,False,normal,ensoleillé
2022-05-05 20:22:25,Hôpital de District Bonassama,O+,62,13,20,69,4.1,21,97.3,normale,Contrôle bactériologique négatif,3,20,5,False,False,normal,pluvieux
2022-05-05 21:20:26,Clinique des Spécialités,O+,39,10,0,29,4.5,6,94.4,normale,Hémoglobine dans les normes,3,21,5,False,False,normal,ensoleillé
2022-05-06 03:39:53,Hôpital Militaire,O+,24,6,0,18,3.6,4,84.1,faible,Urgent: vérifier température stockage,4,3,5,False,False,normal,pluvieux
2022-05-06 07:30:23,Hôpital Général Douala,O+,42,6,20,56,3.3,23,100.0,normale,Hémoglobine dans les normes,4,7,5,False,False,normal,ensoleillé
2022-05-06 11:29:32,Hôpital Général Douala,O+,30,7,22,45,4.3,27,97.4,normale,Urgent: vérifier température stockage,4,11,5,False,False,normal,ensoleillé
2022-05-06 19:53:21,Centre Médical d'Excellence,O+,49,8,0,41,4.3,7,89.6,normale,"État satisfaisant, contrôle qualité OK",4,19,5,False,False,normal,ensoleillé
2022-05-07 04:17:31,Hôpital de District Bonassama,O+,17,5,18,30,3.8,1,52.1,attention,"État satisfaisant, contrôle qualité OK",5,4,5,True,False,normal,nuageux
2022-05-07 05:06:45,Hôpital Militaire,O+,14,8,0,6,3.6,3,84.2,critique,URGENT: Stock critique - Attention: proche expiration,5,5,5,True,False,normal,ensoleillé
2022-05-07 05:15:27,Hôpital Laquintinie,O+,11,8,17,20,3.8,9,94.0,normale,Contrôle bactériologique négatif,5,5,5,True,False,urgence_médicale,orageux
2022-05-07 08:05:31,Clinique des Spécialités,O+,32,6,0,26,4.0,34,92.9,normale,"État satisfaisant, contrôle qualité OK",5,8,5,True,False,normal,pluvieux
2022-05-07 19:33:50,Hôpital Laquintinie,O+,45,8,0,37,3.2,4,77.2,normale,"État satisfaisant, contrôle qualité OK",5,19,5,True,False,normal,pluvieux
2022-05-08 00:06:52,Hôpital Laquintinie,O+,13,3,0,10,3.1,7,100.0,faible,Urgent: vérifier température stockage,6,0,5,True,False,normal,pluvieux
2022-05-08 04:48:57,Hôpital Laquintinie,O+,13,1,0,12,2.9,23,100.0,faible,"Bon état général, légère variation température",6,4,5,True,False,normal,nuageux
2022-05-08 11:21:15,Hôpital Militaire,O+,56,3,0,53,4.5,11,99.9,normale,Attention: proche expiration,6,11,5,True,False,normal,ensoleillé
2022-05-08 12:04:40,Centre Médical d'Excellence,O+,25,9,0,16,3.6,48,100.0,faible,Hémoglobine dans les normes,6,12,5,True,False,épidémie,ensoleillé
2022-05-08 15:46:56,Hôpital Laquintinie,O+,19,7,15,27,4.6,7,100.0,normale,Parfait pour transfusion immédiate,6,15,5,True,False,normal,ensoleillé
2022-05-08 16:10:18,Hôpital de District Bonassama,O+,51,4,0,47,5.0,10,100.0,normale,"Excellent état, conservation parfaite",6,16,5,True,False,normal,pluvieux
2022-05-08 23:27:53,Hôpital Général Douala,O+,15,8,0,7,3.9,4,86.3,critique,URGENT: Stock critique - Parfait pour transfusion immédiate,6,23,5,True,False,normal,nuageux
2022-05-09 03:46:14,Hôpital Militaire,O+,35,11,0,24,3.8,19,100.0,normale,Contrôle bactériologique négatif,0,3,5,False,False,normal,ensoleillé
2022-05-09 03:56:13,Hôpital Général Douala,O+,41,11,0,30,2.9,11,100.0,normale,Urgent: vérifier température stockage,0,3,5,False,False,épidémie,nuageux
2022-05-09 19:32:52,Hôpital Général Douala,O+,92,9,0,83,3.4,2,88.3,normale,Hémoglobine dans les normes,0,19,5,False,False,normal,pluvieux
2022-05-09 21:01:29,Centre Médical d'Excellence,O+,54,9,0,45,4.5,5,91.1,normale,Contrôle bactériologique négatif,0,21,5,False,False,normal,ensoleillé
2022-05-10 04:46:23,Hôpital de District Bonassama,O+,28,6,0,22,4.6,9,100.0,normale,Contrôle bactériologique négatif,1,4,5,False,False,accident_route,orageux
2022-05-10 04:46:27,Clinique des Spécialités,O+,36,9,0,27,4.0,9,100.0,normale,"Excellent état, conservation parfaite",1,4,5,False,False,normal,orageux
2022-05-10 04:49:40,Hôpital de District Bonassama,O+,24,1,0,23,3.9,3,86.3,normale,Hémoglobine dans les normes,1,4,5,False,False,normal,ensoleillé
2022-05-10 05:15:51,Clinique des Spécialités,O+,43,11,0,32,4.5,37,100.0,normale,Contrôle bactériologique négatif,1,5,5,False,False,normal,ensoleillé
2022-05-10 10:09:23,Centre Médical d'Excellence,O+,48,8,20,60,4.1,3,83.8,normale,Parfait pour transfusion immédiate,1,10,5,False,False,normal,orageux
2022-05-10 10:29:01,Hôpital Général Douala,O+,31,9,20,42,3.5,34,100.0,normale,Contrôle bactériologique négatif,1,10,5,False,False,normal,ensoleillé
2022-05-10 14:35:55,Hôpital de District Bonassama,O+,55,13,0,42,4.8,35,93.9,normale,Attention: proche expiration,1,14,5,False,False,normal,nuageux
2022-05-10 16:24:54,Hôpital Laquintinie,O+,35,11,14,38,4.0,18,100.0,normale,Parfait pour transfusion immédiate,1,16,5,False,False,normal,ensoleillé
2022-05-10 17:28:55,Hôpital Militaire,O+,54,8,0,46,4.0,45,100.0,normale,Parfait pour transfusion immédiate,1,17,5,False,False,normal,orageux
2022-05-10 19:38:21,Hôpital Laquintinie,O+,53,6,0,47,4.3,7,100.0,normale,"Bon état général, légère variation température",1,19,5,False,False,normal,nuageux
2022-05-10 20:10:38,Hôpital de District Bonassama,O+,50,5,0,45,3.7,11,100.0,normale,Attention: proche expiration,1,20,5,False,False,normal,nuageux
2022-05-10 23:02:08,Clinique des Spécialités,O+,15,11,18,22,4.0,76,100.0,normale,Hémoglobine dans les normes,1,23,5,False,False,normal,pluvieux
2022-05-10 23:49:23,Hôpital de District Bonassama,O+,21,2,0,19,3.4,8,95.5,faible,Hémoglobine dans les normes,1,23,5,False,False,normal,pluvieux
2022-05-11 02:34:42,Hôpital de District Bonassama,O+,25,11,22,36,3.3,4,83.2,normale,Attention: proche expiration,2,2,5,False,False,normal,orageux
2022-05-11 15:38:33,Hôpital de District Bonassama,O+,48,6,0,42,3.3,1,59.5,attention,Hémoglobine dans les normes,2,15,5,False,False,normal,ensoleillé
2022-05-11 16:06:08,Hôpital Général Douala,O+,55,7,12,60,3.4,3,84.5,normale,"État satisfaisant, contrôle qualité OK",2,16,5,False,False,accident_route,ensoleillé
2022-05-11 18:46:53,Hôpital Militaire,O+,53,10,0,43,4.4,16,100.0,normale,"Excellent état, conservation parfaite",2,18,5,False,False,normal,ensoleillé
2022-05-11 23:02:20,Clinique des Spécialités,O+,27,13,16,30,3.1,24,98.8,normale,Attention: proche expiration,2,23,5,False,False,normal,ensoleillé
2022-05-11 23:36:03,Hôpital Laquintinie,O+,15,10,0,5,4.6,6,100.0,critique,URGENT: Stock critique - Hémoglobine dans les normes,2,23,5,False,False,normal,pluvieux
2022-05-12 06:06:14,Centre Médical d'Excellence,O+,54,7,0,47,4.4,8,100.0,normale,Hémoglobine dans les normes,3,6,5,False,False,normal,nuageux
2022-05-12 07:51:55,Clinique des Spécialités,O+,47,11,0,36,4.3,18,99.1,normale,Attention: proche expiration,3,7,5,False,False,normal,ensoleillé
2022-05-12 11:08:48,Clinique des Spécialités,O+,57,11,14,60,4.1,19,97.3,normale,Contrôle bactériologique négatif,3,11,5,False,False,normal,pluvieux
2022-05-12 15:23:24,Hôpital Militaire,O+,52,1,19,70,4.0,26,100.0,normale,Parfait pour transfusion immédiate,3,15,5,False,False,normal,nuageux
2022-05-12 19:16:36,Hôpital Général Douala,O+,50,6,0,44,4.0,40,95.7,normale,"État satisfaisant, contrôle qualité OK",3,19,5,False,False,normal,ensoleillé
2022-05-12 20:54:52,Hôpital de District Bonassama,O+,60,8,0,52,4.8,47,100.0,normale,Attention: proche expiration,3,20,5,False,False,campagne_don,pluvieux
2022-05-12 23:49:37,Centre Médical d'Excellence,O+,21,10,0,11,5.1,5,100.0,faible,"Bon état général, légère variation température",3,23,5,False,False,normal,orageux
2022-05-13 00:43:29,Centre Médical d'Excellence,O+,20,6,0,14,4.7,37,96.3,faible,Parfait pour transfusion immédiate,4,0,5,False,False,normal,pluvieux
2022-05-13 02:59:26,Hôpital Militaire,O+,26,2,0,24,4.1,5,100.0,normale,Attention: proche expiration,4,2,5,False,False,normal,ensoleillé
2022-05-13 06:59:18,Clinique des Spécialités,O+,50,8,16,58,4.2,6,100.0,normale,"Excellent état, conservation parfaite",4,6,5,False,False,normal,ensoleillé
2022-05-13 10:34:45,Centre Médical d'Excellence,O+,33,13,0,20,4.1,7,100.0,normale,"État satisfaisant, contrôle qualité OK",4,10,5,False,False,normal,pluvieux
2022-05-13 16:32:34,Hôpital Militaire,O+,67,10,16,73,4.0,9,94.1,normale,Hémoglobine dans les normes,4,16,5,False,False,normal,ensoleillé
2022-05-13 22:15:20,Clinique des Spécialités,O+,56,2,22,76,4.0,53,100.0,normale,Hémoglobine dans les normes,4,22,5,False,False,normal,ensoleillé
2022-05-13 23:24:39,Hôpital de District Bonassama,O+,21,3,0,18,3.7,5,100.0,faible,Urgent: vérifier température stockage,4,23,5,False,False,normal,ensoleillé
2022-05-13 23:25:25,Hôpital de District Bonassama,O+,20,14,17,23,3.8,72,93.2,normale,Contrôle bactériologique négatif,4,23,5,False,False,normal,pluvieux
2022-05-14 09:24:43,Hôpital Militaire,O+,28,8,0,20,3.6,11,98.8,normale,"Bon état général, légère variation température",5,9,5,True,False,campagne_don,pluvieux
2022-05-14 11:56:53,Hôpital Militaire,O+,37,4,18,51,4.2,6,100.0,normale,Attention: proche expiration,5,11,5,True,False,normal,pluvieux
2022-05-14 18:10:26,Hôpital Laquintinie,O+,36,8,13,41,4.7,21,100.0,normale,Hémoglobine dans les normes,5,18,5,True,False,normal,nuageux
2022-05-14 18:57:15,Hôpital Militaire,O+,23,6,19,36,3.0,3,86.8,normale,"Bon état général, légère variation température",5,18,5,True,False,normal,pluvieux
2022-05-15 00:43:52,Clinique des Spécialités,O+,21,7,0,14,4.7,7,96.9,faible,Hémoglobine dans les normes,6,0,5,True,False,normal,orageux
2022-05-15 02:32:52,Hôpital Laquintinie,O+,14,3,0,11,3.0,8,100.0,faible,"État satisfaisant, contrôle qualité OK",6,2,5,True,False,urgence_médicale,ensoleillé
2022-05-15 10:32:48,Hôpital Militaire,O+,30,8,0,22,3.6,1,60.4,attention,Parfait pour transfusion immédiate,6,10,5,True,False,normal,ensoleillé
2022-05-15 12:21:15,Clinique des Spécialités,O+,41,2,0,39,4.7,10,100.0,normale,Urgent: vérifier température stockage,6,12,5,True,False,normal,pluvieux
2022-05-15 16:35:55,Hôpital Général Douala,O+,23,6,27,44,3.6,1,56.8,attention,"Excellent état, conservation parfaite",6,16,5,True,False,normal,nuageux
2022-05-15 17:17:54,Hôpital Général Douala,O+,45,6,0,39,3.8,16,91.9,normale,Urgent: vérifier température stockage,6,17,5,True,False,normal,pluvieux
2022-05-15 21:04:32,Hôpital Général Douala,O+,29,4,0,25,3.2,3,81.3,normale,Attention: proche expiration,6,21,5,True,False,normal,pluvieux
2022-05-15 22:13:37,Hôpital Militaire,O+,44,9,0,35,4.0,3,84.9,normale,"État satisfaisant, contrôle qualité OK",6,22,5,True,False,normal,nuageux
2022-05-15 22:41:56,Centre Médical d'Excellence,O+,28,4,18,42,3.4,25,100.0,normale,Parfait pour transfusion immédiate,6,22,5,True,False,normal,orageux
2022-05-16 00:47:43,Clinique des Spécialités,O+,30,5,0,25,3.8,60,100.0,normale,"État satisfaisant, contrôle qualité OK",0,0,5,False,False,normal,nuageux
2022-05-16 07:22:23,Hôpital de District Bonassama,O+,41,5,0,36,4.0,1,61.2,attention,"État satisfaisant, contrôle qualité OK",0,7,5,False,False,normal,ensoleillé
2022-05-16 18:30:53,Hôpital de District Bonassama,O+,54,9,17,62,4.6,40,100.0,normale,Hémoglobine dans les normes,0,18,5,False,False,normal,ensoleillé
2022-05-16 20:14:31,Hôpital Militaire,O+,8,14,0,0,3.8,40,100.0,critique,"URGENT: Stock critique - Bon état général, légère variation température",0,20,5,False,False,normal,nuageux
2022-05-16 23:26:38,Centre Médical d'Excellence,O+,30,8,0,22,5.3,13,95.3,normale,Urgent: vérifier température stockage,0,23,5,False,False,normal,ensoleillé
2022-05-17 03:13:16,Hôpital de District Bonassama,O+,32,14,0,18,4.1,13,97.9,faible,Contrôle bactériologique négatif,1,3,5,False,False,normal,pluvieux
2022-05-17 03:17:26,Hôpital de District Bonassama,O+,26,8,0,18,4.0,1,60.8,faible,Urgent: vérifier température stockage,1,3,5,False,False,normal,nuageux
2022-05-17 09:57:48,Clinique des Spécialités,O+,71,5,18,84,4.3,1,60.4,attention,"Excellent état, conservation parfaite",1,9,5,False,False,normal,pluvieux
2022-05-17 10:16:37,Centre Médical d'Excellence,O+,80,10,0,70,4.2,10,100.0,normale,"Excellent état, conservation parfaite",1,10,5,False,False,accident_route,ensoleillé
2022-05-17 14:46:57,Hôpital Général Douala,O+,50,4,0,46,4.7,12,100.0,normale,Attention: proche expiration,1,14,5,False,False,normal,pluvieux
2022-05-17 18:44:55,Hôpital Général Douala,O+,50,2,0,48,4.4,1,64.9,attention,Parfait pour transfusion immédiate,1,18,5,False,False,normal,pluvieux
2022-05-17 19:25:51,Hôpital Laquintinie,O+,56,10,0,46,3.6,5,100.0,normale,Attention: proche expiration,1,19,5,False,False,normal,ensoleillé
2022-05-17 20:07:17,Hôpital de District Bonassama,O+,41,7,0,34,3.5,23,100.0,normale,Contrôle bactériologique négatif,1,20,5,False,False,normal,orageux
2022-05-17 22:54:51,Hôpital Général Douala,O+,54,9,13,58,3.8,53,100.0,normale,Attention: proche expiration,1,22,5,False,False,normal,pluvieux
2022-05-18 04:11:53,Centre Médical d'Excellence,O+,29,9,0,20,3.1,6,100.0,normale,Contrôle bactériologique négatif,2,4,5,False,False,normal,ensoleillé
2022-05-18 12:12:07,Clinique des Spécialités,O+,20,6,0,14,3.6,1,51.6,faible,Attention: proche expiration,2,12,5,False,False,normal,nuageux
2022-05-18 12:29:43,Clinique des Spécialités,O+,43,10,17,50,4.7,5,96.3,normale,"Excellent état, conservation parfaite",2,12,5,False,False,normal,nuageux
2022-05-18 12:58:36,Hôpital Militaire,O+,35,7,0,28,4.6,14,95.4,normale,"Excellent état, conservation parfaite",2,12,5,False,False,normal,pluvieux
2022-05-18 22:23:59,Hôpital de District Bonassama,O+,60,3,0,57,4.0,14,94.7,normale,Urgent: vérifier température stockage,2,22,5,False,False,normal,nuageux
2022-05-18 23:23:55,Centre Médical d'Excellence,O+,29,6,16,39,3.5,18,99.1,normale,"Bon état général, légère variation température",2,23,5,False,False,normal,orageux
2022-05-19 04:50:45,Hôpital Laquintinie,O+,23,3,18,38,4.2,72,100.0,normale,"Excellent état, conservation parfaite",3,4,5,False,False,normal,nuageux
2022-05-19 06:00:51,Clinique des Spécialités,O+,36,7,0,29,4.0,18,100.0,normale,"Bon état général, légère variation température",3,6,5,False,False,normal,nuageux
2022-05-19 15:12:55,Centre Médical d'Excellence,O+,39,11,0,28,4.2,14,100.0,normale,Attention: proche expiration,3,15,5,False,False,urgence_médicale,ensoleillé
2022-05-19 22:19:05,Hôpital Laquintinie,O+,59,11,0,48,4.3,31,99.8,normale,"Bon état général, légère variation température",3,22,5,False,False,normal,nuageux
2022-05-19 22:32:18,Hôpital Laquintinie,O+,70,3,21,88,3.6,12,91.7,normale,Attention: proche expiration,3,22,5,False,False,normal,ensoleillé
2022-05-20 00:04:24,Hôpital Général Douala,O+,19,11,0,8,4.0,6,99.0,critique,"URGENT: Stock critique - Bon état général, légère variation température",4,0,5,False,False,normal,ensoleillé
2022-05-20 05:46:34,Clinique des Spécialités,O+,37,9,0,28,4.7,19,100.0,normale,"Excellent état, conservation parfaite",4,5,5,False,False,normal,ensoleillé
2022-05-20 06:20:37,Centre Médical d'Excellence,O+,57,11,0,46,3.7,18,87.9,normale,Parfait pour transfusion immédiate,4,6,5,False,False,normal,nuageux
2022-05-20 07:13:15,Hôpital de District Bonassama,O+,36,4,28,60,4.3,70,94.9,normale,"Bon état général, légère variation température",4,7,5,False,False,normal,orageux
2022-05-20 07:24:36,Hôpital Militaire,O+,38,10,26,54,3.8,1,63.7,attention,Contrôle bactériologique négatif,4,7,5,False,False,normal,ensoleillé
2022-05-20 08:29:52,Hôpital Militaire,O+,49,9,23,63,4.3,32,100.0,normale,"Bon état général, légère variation température",4,8,5,False,False,normal,ensoleillé
2022-05-20 16:00:39,Hôpital Militaire,O+,55,11,18,62,3.4,9,100.0,normale,Hémoglobine dans les normes,4,16,5,False,False,accident_route,nuageux
2022-05-20 17:22:41,Centre Médical d'Excellence,O+,17,5,16,28,3.5,6,100.0,normale,Hémoglobine dans les normes,4,17,5,False,False,normal,ensoleillé
2022-05-20 19:05:42,Clinique des Spécialités,O+,25,11,0,14,4.3,79,95.2,faible,"État satisfaisant, contrôle qualité OK",4,19,5,False,False,normal,ensoleillé
2022-05-20 20:30:13,Clinique des Spécialités,O+,45,7,0,38,4.7,5,95.9,normale,Attention: proche expiration,4,20,5,False,False,normal,pluvieux
2022-05-21 00:20:39,Clinique des Spécialités,O+,24,7,27,44,3.7,8,95.4,normale,Parfait pour transfusion immédiate,5,0,5,True,False,normal,nuageux
2022-05-21 02:05:37,Hôpital Laquintinie,O+,21,7,0,14,4.4,22,100.0,faible,Contrôle bactériologique négatif,5,2,5,True,False,normal,ensoleillé
2022-05-21 02:50:06,Clinique des Spécialités,O+,19,5,0,14,3.3,5,100.0,faible,Hémoglobine dans les normes,5,2,5,True,False,normal,ensoleillé
2022-05-21 03:11:57,Clinique des Spécialités,O+,16,6,0,10,4.8,6,94.2,faible,Hémoglobine dans les normes,5,3,5,True,False,normal,ensoleillé
2022-05-21 03:57:09,Hôpital de District Bonassama,O+,13,3,0,10,3.7,36,100.0,faible,Contrôle bactériologique négatif,5,3,5,True,False,normal,ensoleillé
2022-05-21 08:25:05,Hôpital Laquintinie,O+,43,8,19,54,4.4,19,90.9,normale,Attention: proche expiration,5,8,5,True,False,normal,pluvieux
2022-05-21 10:31:39,Centre Médical d'Excellence,O+,27,7,15,35,4.9,5,100.0,normale,Parfait pour transfusion immédiate,5,10,5,True,False,normal,orageux
2022-05-21 11:12:47,Clinique des Spécialités,O+,25,8,0,17,4.5,28,100.0,faible,Contrôle bactériologique négatif,5,11,5,True,False,normal,ensoleillé
2022-05-22 06:33:58,Hôpital Militaire,O+,28,5,0,23,2.9,9,95.9,normale,Attention: proche expiration,6,6,5,True,False,normal,ensoleillé
2022-05-22 08:02:19,Hôpital Laquintinie,O+,29,5,0,24,4.4,3,91.6,normale,Hémoglobine dans les normes,6,8,5,True,False,normal,nuageux
2022-05-22 16:18:58,Hôpital Général Douala,O+,46,7,20,59,3.0,48,94.0,normale,"Excellent état, conservation parfaite",6,16,5,True,False,normal,ensoleillé
2022-05-22 23:20:56,Hôpital de District Bonassama,O+,14,2,0,12,5.1,9,100.0,faible,Parfait pour transfusion immédiate,6,23,5,True,False,normal,pluvieux
2022-05-23 00:55:59,Hôpital de District Bonassama,O+,25,12,25,38,3.5,32,95.4,normale,"État satisfaisant, contrôle qualité OK",0,0,5,False,False,normal,ensoleillé
2022-05-23 00:58:42,Hôpital Laquintinie,O+,17,9,0,8,3.4,2,85.1,critique,"URGENT: Stock critique - Bon état général, légère variation température",0,0,5,False,False,normal,ensoleillé
2022-05-23 07:58:51,Clinique des Spécialités,O+,76,10,0,66,3.7,3,85.8,normale,"État satisfaisant, contrôle qualité OK",0,7,5,False,False,normal,pluvieux
2022-05-23 12:27:53,Hôpital Laquintinie,O+,38,9,31,60,3.5,13,99.4,normale,"Bon état général, légère variation température",0,12,5,False,False,normal,pluvieux
2022-05-23 20:23:57,Hôpital Général Douala,O+,52,5,0,47,3.5,7,100.0,normale,"État satisfaisant, contrôle qualité OK",0,20,5,False,False,normal,orageux
2022-05-23 21:34:12,Clinique des Spécialités,O+,28,3,23,48,4.4,1,64.3,attention,"Excellent état, conservation parfaite",0,21,5,False,False,normal,nuageux
2022-05-24 02:54:40,Clinique des Spécialités,O+,20,6,0,14,3.8,10,100.0,faible,"État satisfaisant, contrôle qualité OK",1,2,5,False,False,normal,ensoleillé
2022-05-24 06:25:49,Hôpital Militaire,O+,45,5,0,40,4.1,27,91.9,normale,Parfait pour transfusion immédiate,1,6,5,False,False,normal,nuageux
2022-05-24 11:55:27,Hôpital Laquintinie,O+,21,12,23,32,3.3,5,99.2,normale,Urgent: vérifier température stockage,1,11,5,False,False,normal,ensoleillé
2022-05-24 12:20:11,Hôpital Militaire,O+,65,7,0,58,4.0,15,94.1,normale,"État satisfaisant, contrôle qualité OK",1,12,5,False,False,normal,ensoleillé
2022-05-24 12:34:58,Hôpital Militaire,O+,54,12,0,42,3.6,7,100.0,normale,"Bon état général, légère variation température",1,12,5,False,False,normal,pluvieux
2022-05-25 06:24:15,Hôpital de District Bonassama,O+,50,11,0,39,2.9,77,99.2,normale,Contrôle bactériologique négatif,2,6,5,False,False,normal,ensoleillé
2022-05-25 11:24:39,Clinique des Spécialités,O+,58,5,22,75,3.8,4,83.1,normale,Hémoglobine dans les normes,2,11,5,False,False,normal,ensoleillé
2022-05-25 18:30:14,Clinique des Spécialités,O+,48,15,0,33,3.9,3,88.7,normale,"État satisfaisant, contrôle qualité OK",2,18,5,False,False,normal,ensoleillé
2022-05-25 19:04:19,Hôpital de District Bonassama,O+,35,14,0,21,4.3,19,99.9,normale,Attention: proche expiration,2,19,5,False,False,normal,nuageux
2022-05-25 22:09:29,Clinique des Spécialités,O+,69,7,0,62,4.1,24,100.0,normale,"Bon état général, légère variation température",2,22,5,False,False,normal,pluvieux
2022-05-26 04:10:27,Hôpital Laquintinie,O+,29,12,31,48,3.9,11,100.0,normale,Parfait pour transfusion immédiate,3,4,5,False,False,normal,ensoleillé
2022-05-26 08:46:27,Hôpital Militaire,O+,32,5,0,27,3.6,28,100.0,normale,"Bon état général, légère variation température",3,8,5,False,False,normal,ensoleillé
2022-05-26 13:14:09,Hôpital Laquintinie,O+,54,10,28,72,3.9,4,89.9,normale,"Bon état général, légère variation température",3,13,5,False,False,normal,nuageux
2022-05-26 16:03:44,Hôpital Général Douala,O+,51,0,0,51,4.6,79,93.7,normale,Attention: proche expiration,3,16,5,False,False,normal,pluvieux
2022-05-26 20:38:56,Clinique des Spécialités,O+,39,5,0,34,4.3,16,92.0,normale,Attention: proche expiration,3,20,5,False,False,normal,ensoleillé
2022-05-26 23:22:30,Centre Médical d'Excellence,O+,34,4,0,30,4.2,23,100.0,normale,Hémoglobine dans les normes,3,23,5,False,False,normal,ensoleillé
2022-05-27 00:35:08,Hôpital de District Bonassama,O+,11,10,0,1,3.6,22,100.0,critique,"URGENT: Stock critique - Excellent état, conservation parfaite",4,0,5,False,False,normal,pluvieux
2022-05-27 03:37:04,Clinique des Spécialités,O+,24,11,15,28,4.3,15,100.0,normale,"Excellent état, conservation parfaite",4,3,5,False,False,épidémie,nuageux
2022-05-27 04:55:47,Hôpital de District Bonassama,O+,25,9,25,41,3.2,25,97.6,normale,Attention: proche expiration,4,4,5,False,False,normal,ensoleillé
2022-05-27 07:17:11,Hôpital Laquintinie,O+,62,8,20,74,4.1,35,100.0,normale,Urgent: vérifier température stockage,4,7,5,False,False,normal,orageux
2022-05-27 08:30:57,Hôpital Laquintinie,O+,50,8,0,42,2.9,22,95.4,normale,Parfait pour transfusion immédiate,4,8,5,False,False,normal,ensoleillé
2022-05-27 12:37:33,Hôpital de District Bonassama,O+,76,4,0,72,4.5,18,97.6,normale,"Bon état général, légère variation température",4,12,5,False,False,normal,orageux
2022-05-27 19:36:25,Hôpital Général Douala,O+,45,7,0,38,4.6,22,98.8,normale,Hémoglobine dans les normes,4,19,5,False,False,normal,nuageux
2022-05-28 03:52:27,Hôpital Militaire,O+,24,3,0,21,3.8,14,100.0,normale,"Bon état général, légère variation température",5,3,5,True,False,normal,nuageux
2022-05-28 11:04:00,Hôpital de District Bonassama,O+,23,7,0,16,3.9,25,100.0,faible,Attention: proche expiration,5,11,5,True,False,normal,nuageux
2022-05-28 12:16:30,Clinique des Spécialités,O+,24,8,0,16,4.2,18,100.0,faible,Contrôle bactériologique négatif,5,12,5,True,False,normal,ensoleillé
2022-05-28 14:17:54,Clinique des Spécialités,O+,32,3,13,42,4.6,1,60.5,attention,Contrôle bactériologique négatif,5,14,5,True,False,normal,nuageux
2022-05-28 22:50:05,Hôpital Laquintinie,O+,24,4,20,40,3.8,7,98.1,normale,Attention: proche expiration,5,22,5,True,False,urgence_médicale,ensoleillé
2022-05-29 00:36:26,Hôpital de District Bonassama,O+,18,7,0,11,3.7,3,84.6,faible,Urgent: vérifier température stockage,6,0,5,True,False,normal,nuageux
2022-05-29 09:32:59,Hôpital de District Bonassama,O+,25,6,0,19,4.3,2,86.1,faible,Urgent: vérifier température stockage,6,9,5,True,False,normal,pluvieux
2022-05-29 10:25:34,Hôpital Laquintinie,O+,29,1,17,45,4.0,7,100.0,normale,Hémoglobine dans les normes,6,10,5,True,False,normal,ensoleillé
2022-05-29 18:42:16,Hôpital de District Bonassama,O+,32,6,0,26,4.3,8,100.0,normale,Parfait pour transfusion immédiate,6,18,5,True,False,normal,pluvieux
2022-05-30 01:34:25,Centre Médical d'Excellence,O+,20,7,0,13,4.3,34,100.0,faible,"Bon état général, légère variation température",0,1,5,False,False,normal,pluvieux
2022-05-30 03:14:13,Hôpital Laquintinie,O+,34,8,17,43,4.3,12,100.0,normale,Parfait pour transfusion immédiate,0,3,5,False,False,normal,ensoleillé
2022-05-30 14:01:53,Hôpital Militaire,O+,90,2,0,88,4.1,1,62.4,attention,Attention: proche expiration,0,14,5,False,False,campagne_don,pluvieux
2022-05-30 23:30:33,Hôpital Général Douala,O+,29,11,0,18,4.2,19,98.3,faible,Attention: proche expiration,0,23,5,False,False,normal,nuageux
2022-05-31 00:00:26,Hôpital de District Bonassama,O+,24,4,0,20,3.1,27,100.0,normale,Parfait pour transfusion immédiate,1,0,5,False,False,normal,ensoleillé
2022-05-31 00:12:00,Hôpital Général Douala,O+,31,5,0,26,3.1,2,87.6,normale,Attention: proche expiration,1,0,5,False,False,normal,pluvieux
2022-05-31 00:47:14,Hôpital Militaire,O+,33,9,21,45,3.4,54,92.3,normale,Parfait pour transfusion immédiate,1,0,5,False,False,normal,ensoleillé
2022-05-31 07:04:29,Hôpital de District Bonassama,O+,54,9,0,45,4.0,15,100.0,normale,Attention: proche expiration,1,7,5,False,False,normal,pluvieux
2022-05-31 08:08:05,Hôpital Militaire,O+,68,7,22,83,3.7,15,100.0,normale,"Bon état général, légère variation température",1,8,5,False,False,normal,nuageux
2022-05-31 12:58:13,Centre Médical d'Excellence,O+,45,10,0,35,4.2,17,100.0,normale,Urgent: vérifier température stockage,1,12,5,False,False,normal,ensoleillé
2022-05-31 22:30:11,Clinique des Spécialités,O+,39,6,0,33,4.0,6,90.6,normale,"État satisfaisant, contrôle qualité OK",1,22,5,False,False,normal,ensoleillé
2022-06-01 00:32:07,Centre Médical d'Excellence,O+,25,5,0,20,4.3,8,89.0,normale,Parfait pour transfusion immédiate,2,0,6,False,False,normal,pluvieux
2022-06-01 09:40:41,Hôpital de District Bonassama,O+,47,7,13,53,4.4,14,100.0,normale,Contrôle bactériologique négatif,2,9,6,False,False,normal,ensoleillé
2022-06-01 13:27:31,Centre Médical d'Excellence,O+,59,6,19,72,3.6,55,99.0,normale,Contrôle bactériologique négatif,2,13,6,False,False,normal,ensoleillé
2022-06-01 18:56:16,Hôpital de District Bonassama,O+,50,4,0,46,3.6,4,76.7,normale,"Excellent état, conservation parfaite",2,18,6,False,False,normal,ensoleillé
2022-06-01 21:16:59,Hôpital Militaire,O+,47,10,22,59,5.0,7,95.1,normale,"Excellent état, conservation parfaite",2,21,6,False,False,normal,ensoleillé
2022-06-02 04:14:27,Hôpital Laquintinie,O+,28,7,21,42,3.7,31,94.2,normale,"État satisfaisant, contrôle qualité OK",3,4,6,False,False,accident_route,pluvieux
2022-06-02 09:16:47,Hôpital de District Bonassama,O+,61,7,0,54,5.0,1,59.8,attention,Hémoglobine dans les normes,3,9,6,False,False,normal,pluvieux
2022-06-02 11:19:58,Clinique des Spécialités,O+,31,3,0,28,3.7,33,94.9,normale,Contrôle bactériologique négatif,3,11,6,False,False,normal,ensoleillé
2022-06-02 13:45:23,Centre Médical d'Excellence,O+,72,7,0,65,4.1,1,53.3,attention,Attention: proche expiration,3,13,6,False,False,normal,nuageux
2022-06-03 01:00:03,Hôpital Laquintinie,O+,26,10,15,31,3.9,9,97.5,normale,"Excellent état, conservation parfaite",4,1,6,False,False,normal,ensoleillé
2022-06-03 08:07:50,Centre Médical d'Excellence,O+,59,10,0,49,3.1,24,100.0,normale,Contrôle bactériologique négatif,4,8,6,False,False,normal,ensoleillé
2022-06-03 21:28:02,Centre Médical d'Excellence,O+,54,11,14,57,5.0,4,84.1,normale,Attention: proche expiration,4,21,6,False,False,normal,orageux
2022-06-04 10:36:08,Hôpital Militaire,O+,13,4,0,9,4.1,8,100.0,critique,URGENT: Stock critique - Urgent: vérifier température stockage,5,10,6,True,False,normal,orageux
2022-06-04 20:21:08,Centre Médical d'Excellence,O+,41,7,0,34,4.2,6,98.4,normale,Urgent: vérifier température stockage,5,20,6,True,False,normal,pluvieux
2022-06-04 22:07:43,Hôpital Général Douala,O+,35,5,20,50,4.2,5,90.9,normale,"État satisfaisant, contrôle qualité OK",5,22,6,True,False,normal,ensoleillé
2022-06-04 22:09:46,Hôpital de District Bonassama,O+,32,6,24,50,4.3,10,99.3,normale,Contrôle bactériologique négatif,5,22,6,True,False,épidémie,ensoleillé
2022-06-05 00:18:25,Centre Médical d'Excellence,O+,19,1,0,18,4.0,7,93.8,faible,Hémoglobine dans les normes,6,0,6,True,False,normal,pluvieux
2022-06-05 02:38:07,Hôpital Général Douala,O+,25,7,0,18,3.9,8,96.7,faible,"Excellent état, conservation parfaite",6,2,6,True,False,normal,orageux
2022-06-05 07:26:48,Hôpital Militaire,O+,23,4,13,32,3.1,18,96.5,normale,Contrôle bactériologique négatif,6,7,6,True,False,normal,ensoleillé
2022-06-05 08:43:32,Hôpital Militaire,O+,36,8,0,28,4.2,6,97.1,normale,"Bon état général, légère variation température",6,8,6,True,False,normal,pluvieux
2022-06-05 13:47:56,Hôpital Laquintinie,O+,43,3,25,65,4.2,25,100.0,normale,"Excellent état, conservation parfaite",6,13,6,True,False,normal,ensoleillé
2022-06-05 18:37:32,Hôpital Général Douala,O+,24,6,0,18,3.9,10,100.0,faible,Hémoglobine dans les normes,6,18,6,True,False,épidémie,ensoleillé
2022-06-05 20:44:36,Hôpital de District Bonassama,O+,23,8,25,40,4.2,30,100.0,normale,Hémoglobine dans les normes,6,20,6,True,False,normal,nuageux
2022-06-05 21:14:44,Hôpital Laquintinie,O+,22,2,27,47,3.7,44,100.0,normale,Contrôle bactériologique négatif,6,21,6,True,False,normal,pluvieux
2022-06-05 21:49:05,Hôpital Général Douala,O+,31,5,20,46,3.7,2,75.9,normale,Contrôle bactériologique négatif,6,21,6,True,False,normal,ensoleillé
2022-06-05 23:05:10,Clinique des Spécialités,O+,14,3,0,11,3.9,20,100.0,faible,"Excellent état, conservation parfaite",6,23,6,True,False,normal,ensoleillé
2022-06-06 02:32:44,Hôpital Laquintinie,O+,19,4,0,15,3.4,16,94.0,faible,"Excellent état, conservation parfaite",0,2,6,False,False,normal,orageux
2022-06-06 06:24:00,Hôpital Laquintinie,O+,62,11,0,51,3.8,29,99.3,normale,"Excellent état, conservation parfaite",0,6,6,False,False,normal,pluvieux
2022-06-06 13:55:42,Centre Médical d'Excellence,O+,39,13,0,26,4.8,22,100.0,normale,Hémoglobine dans les normes,0,13,6,False,False,normal,ensoleillé
2022-06-06 15:27:38,Hôpital Laquintinie,O+,24,6,0,18,3.5,13,100.0,faible,"Excellent état, conservation parfaite",0,15,6,False,False,normal,pluvieux
2022-06-06 20:16:50,Hôpital Militaire,O+,62,10,0,52,4.9,12,94.0,normale,"État satisfaisant, contrôle qualité OK",0,20,6,False,False,normal,orageux
2022-06-06 21:22:33,Clinique des Spécialités,O+,57,11,19,65,4.0,18,100.0,normale,Contrôle bactériologique négatif,0,21,6,False,False,normal,nuageux
2022-06-06 22:49:14,Hôpital de District Bonassama,O+,23,10,0,13,3.6,6,99.6,faible,Parfait pour transfusion immédiate,0,22,6,False,False,normal,orageux
2022-06-06 23:01:34,Hôpital de District Bonassama,O+,40,11,15,44,3.9,16,98.2,normale,Hémoglobine dans les normes,0,23,6,False,False,normal,ensoleillé
2022-06-07 00:28:31,Clinique des Spécialités,O+,32,6,15,41,4.5,13,100.0,normale,Urgent: vérifier température stockage,1,0,6,False,False,normal,nuageux
2022-06-07 01:29:03,Hôpital Laquintinie,O+,24,3,0,21,3.3,3,88.8,normale,Parfait pour transfusion immédiate,1,1,6,False,False,normal,pluvieux
2022-06-07 03:29:04,Hôpital Général Douala,O+,20,11,0,9,3.8,24,91.4,critique,"URGENT: Stock critique - État satisfaisant, contrôle qualité OK",1,3,6,False,False,normal,ensoleillé
2022-06-07 13:05:30,Centre Médical d'Excellence,O+,41,6,10,45,4.5,6,97.7,normale,"Excellent état, conservation parfaite",1,13,6,False,False,normal,pluvieux
2022-06-07 13:25:47,Hôpital de District Bonassama,O+,71,7,0,64,4.2,25,100.0,normale,"État satisfaisant, contrôle qualité OK",1,13,6,False,False,normal,ensoleillé
2022-06-07 17:49:12,Hôpital Militaire,O+,28,6,12,34,4.5,21,97.4,normale,Parfait pour transfusion immédiate,1,17,6,False,False,normal,pluvieux
2022-06-07 18:34:15,Centre Médical d'Excellence,O+,66,6,0,60,4.6,6,97.9,normale,Contrôle bactériologique négatif,1,18,6,False,False,normal,pluvieux
2022-06-07 22:28:17,Hôpital Militaire,O+,51,11,0,40,4.1,6,95.4,normale,"Bon état général, légère variation température",1,22,6,False,False,normal,ensoleillé
2022-06-08 02:36:02,Hôpital Laquintinie,O+,17,5,0,12,4.5,1,57.7,faible,Attention: proche expiration,2,2,6,False,False,normal,nuageux
2022-06-08 05:07:30,Clinique des Spécialités,O+,25,12,27,40,4.2,11,96.0,normale,"Bon état général, légère variation température",2,5,6,False,False,normal,ensoleillé
2022-06-08 07:07:57,Hôpital Militaire,O+,64,4,0,60,4.1,18,97.7,normale,Attention: proche expiration,2,7,6,False,False,normal,ensoleillé
2022-06-08 11:15:52,Hôpital Général Douala,O+,13,8,27,32,3.7,21,98.1,normale,Urgent: vérifier température stockage,2,11,6,False,False,normal,pluvieux
2022-06-08 15:36:38,Hôpital Général Douala,O+,30,9,22,43,4.6,6,97.3,normale,"Bon état général, légère variation température",2,15,6,False,False,normal,ensoleillé
2022-06-08 15:40:02,Hôpital Général Douala,O+,50,6,17,61,3.0,1,65.9,attention,"Bon état général, légère variation température",2,15,6,False,False,normal,nuageux
2022-06-08 20:24:04,Hôpital Général Douala,O+,48,11,0,37,3.9,4,91.1,normale,Urgent: vérifier température stockage,2,20,6,False,False,normal,ensoleillé
2022-06-09 08:22:23,Hôpital Militaire,O+,43,10,0,33,4.1,5,100.0,normale,"Excellent état, conservation parfaite",3,8,6,False,False,normal,nuageux
2022-06-09 09:06:01,Clinique des Spécialités,O+,48,6,0,42,3.5,8,99.2,normale,"Excellent état, conservation parfaite",3,9,6,False,False,normal,pluvieux
2022-06-09 09:18:33,Hôpital de District Bonassama,O+,71,10,0,61,4.2,18,99.2,normale,Contrôle bactériologique négatif,3,9,6,False,False,normal,pluvieux
2022-06-09 13:16:55,Hôpital Militaire,O+,36,2,0,34,4.2,11,100.0,normale,"Excellent état, conservation parfaite",3,13,6,False,False,normal,ensoleillé
2022-06-09 13:47:08,Clinique des Spécialités,O+,68,16,9,61,3.6,28,87.9,normale,Hémoglobine dans les normes,3,13,6,False,False,normal,nuageux
2022-06-09 14:42:10,Hôpital Général Douala,O+,26,10,0,16,3.8,1,61.7,faible,"Bon état général, légère variation température",3,14,6,False,False,normal,nuageux
2022-06-10 01:38:23,Hôpital Général Douala,O+,15,9,0,6,4.5,1,57.8,critique,"URGENT: Stock critique - Excellent état, conservation parfaite",4,1,6,False,False,épidémie,orageux
2022-06-10 03:06:18,Centre Médical d'Excellence,O+,34,7,0,27,3.4,20,93.6,normale,"État satisfaisant, contrôle qualité OK",4,3,6,False,False,normal,ensoleillé
2022-06-10 10:52:53,Clinique des Spécialités,O+,73,10,31,94,4.0,5,98.3,normale,Contrôle bactériologique négatif,4,10,6,False,False,normal,pluvieux
2022-06-10 13:44:41,Hôpital de District Bonassama,O+,42,6,0,36,3.6,16,97.2,normale,Hémoglobine dans les normes,4,13,6,False,False,normal,nuageux
2022-06-10 16:17:11,Clinique des Spécialités,O+,76,10,18,84,4.6,2,80.0,normale,"État satisfaisant, contrôle qualité OK",4,16,6,False,False,normal,ensoleillé
2022-06-11 00:55:36,Hôpital Militaire,O+,10,9,0,1,3.8,57,96.6,critique,URGENT: Stock critique - Contrôle bactériologique négatif,5,0,6,True,False,normal,ensoleillé
2022-06-11 09:22:14,Hôpital Laquintinie,O+,31,6,20,45,4.3,11,96.3,normale,"État satisfaisant, contrôle qualité OK",5,9,6,True,False,normal,nuageux
2022-06-11 15:25:38,Clinique des Spécialités,O+,43,4,0,39,3.8,2,79.9,normale,Parfait pour transfusion immédiate,5,15,6,True,False,normal,nuageux
2022-06-11 18:17:37,Hôpital Militaire,O+,14,6,18,26,4.4,5,100.0,normale,Contrôle bactériologique négatif,5,18,6,True,False,normal,ensoleillé
2022-06-12 03:09:36,Hôpital Laquintinie,O+,15,2,20,33,3.8,7,100.0,normale,"État satisfaisant, contrôle qualité OK",6,3,6,True,False,épidémie,pluvieux
2022-06-12 05:58:29,Hôpital Militaire,O+,23,5,0,18,4.2,3,84.4,faible,"Excellent état, conservation parfaite",6,5,6,True,False,normal,ensoleillé
2022-06-12 15:10:12,Centre Médical d'Excellence,O+,30,2,0,28,4.5,12,99.6,normale,Urgent: vérifier température stockage,6,15,6,True,False,normal,nuageux
2022-06-12 19:02:10,Clinique des Spécialités,O+,16,8,0,8,4.0,20,95.7,critique,URGENT: Stock critique - Attention: proche expiration,6,19,6,True,False,normal,ensoleillé
2022-06-12 20:47:54,Hôpital Laquintinie,O+,53,4,11,60,4.4,2,90.4,normale,Contrôle bactériologique négatif,6,20,6,True,False,normal,ensoleillé
2022-06-12 21:49:16,Hôpital Laquintinie,O+,50,3,0,47,4.3,33,100.0,normale,"État satisfaisant, contrôle qualité OK",6,21,6,True,False,normal,ensoleillé
2022-06-12 23:48:04,Hôpital Militaire,O+,30,6,0,24,4.3,75,92.0,normale,Attention: proche expiration,6,23,6,True,False,normal,pluvieux
2022-06-12 23:48:25,Hôpital de District Bonassama,O+,18,5,0,13,3.5,7,100.0,faible,Contrôle bactériologique négatif,6,23,6,True,False,normal,ensoleillé
2022-06-13 04:06:37,Clinique des Spécialités,O+,27,0,0,27,4.5,17,99.5,normale,Attention: proche expiration,0,4,6,False,False,normal,pluvieux
2022-06-13 14:25:16,Hôpital Laquintinie,O+,53,7,0,46,4.6,16,98.3,normale,Urgent: vérifier température stockage,0,14,6,False,False,normal,ensoleillé
2022-06-13 17:15:05,Centre Médical d'Excellence,O+,37,13,21,45,4.2,3,93.6,normale,"État satisfaisant, contrôle qualité OK",0,17,6,False,False,normal,ensoleillé
2022-06-13 18:39:16,Clinique des Spécialités,O+,45,5,15,55,4.6,20,100.0,normale,Parfait pour transfusion immédiate,0,18,6,False,False,normal,ensoleillé
2022-06-13 21:00:18,Hôpital de District Bonassama,O+,68,10,0,58,3.7,5,97.0,normale,Parfait pour transfusion immédiate,0,21,6,False,False,normal,ensoleillé
2022-06-14 00:52:16,Centre Médical d'Excellence,O+,30,8,0,22,4.6,9,95.3,normale,"État satisfaisant, contrôle qualité OK",1,0,6,False,False,normal,nuageux
2022-06-14 01:21:10,Clinique des Spécialités,O+,28,8,0,20,3.5,36,100.0,normale,Hémoglobine dans les normes,1,1,6,False,False,normal,ensoleillé
2022-06-14 04:36:16,Hôpital de District Bonassama,O+,22,8,0,14,4.1,1,60.6,faible,Urgent: vérifier température stockage,1,4,6,False,False,normal,nuageux
2022-06-14 05:05:58,Hôpital de District Bonassama,O+,39,9,0,30,5.0,1,59.7,attention,Attention: proche expiration,1,5,6,False,False,normal,orageux
2022-06-14 06:57:52,Hôpital de District Bonassama,O+,49,6,0,43,4.2,5,98.4,normale,Parfait pour transfusion immédiate,1,6,6,False,False,normal,ensoleillé
2022-06-14 11:03:45,Centre Médical d'Excellence,O+,63,3,0,60,3.6,43,100.0,normale,Urgent: vérifier température stockage,1,11,6,False,False,normal,nuageux
2022-06-14 13:55:07,Hôpital Laquintinie,O+,86,4,0,82,4.3,12,100.0,normale,"État satisfaisant, contrôle qualité OK",1,13,6,False,False,normal,pluvieux
2022-06-14 17:56:20,Hôpital Général Douala,O+,40,2,0,38,3.1,7,98.8,normale,Urgent: vérifier température stockage,1,17,6,False,False,normal,pluvieux
2022-06-14 18:12:02,Hôpital Militaire,O+,77,11,18,84,3.5,4,86.5,normale,Parfait pour transfusion immédiate,1,18,6,False,False,normal,pluvieux
2022-06-15 03:38:45,Hôpital de District Bonassama,O+,20,10,28,38,4.0,16,100.0,normale,Hémoglobine dans les normes,2,3,6,False,False,normal,ensoleillé
2022-06-15 05:44:19,Hôpital Militaire,O+,20,6,20,34,4.0,15,96.5,normale,Hémoglobine dans les normes,2,5,6,False,False,normal,nuageux
2022-06-15 06:08:47,Centre Médical d'Excellence,O+,48,6,0,42,3.7,2,85.7,normale,Urgent: vérifier température stockage,2,6,6,False,False,normal,ensoleillé
2022-06-15 09:43:40,Centre Médical d'Excellence,O+,31,8,20,43,3.9,24,94.3,normale,"Bon état général, légère variation température",2,9,6,False,False,normal,ensoleillé
2022-06-15 13:29:03,Hôpital Général Douala,O+,43,10,24,57,4.0,15,98.6,normale,Urgent: vérifier température stockage,2,13,6,False,False,épidémie,pluvieux
2022-06-15 13:52:20,Clinique des Spécialités,O+,33,9,0,24,4.9,17,100.0,normale,Urgent: vérifier température stockage,2,13,6,False,False,normal,ensoleillé
2022-06-15 18:27:32,Hôpital Militaire,O+,42,2,0,40,4.2,13,98.3,normale,"Bon état général, légère variation température",2,18,6,False,False,normal,pluvieux
2022-06-16 04:22:14,Hôpital Général Douala,O+,32,8,0,24,3.3,1,62.0,attention,Urgent: vérifier température stockage,3,4,6,False,False,normal,ensoleillé
2022-06-16 05:00:11,Hôpital Général Douala,O+,18,9,0,9,4.0,13,98.0,critique,URGENT: Stock critique - Urgent: vérifier température stockage,3,5,6,False,False,normal,ensoleillé
2022-06-16 05:32:09,Hôpital Laquintinie,O+,28,11,0,17,4.2,62,96.5,faible,Contrôle bactériologique négatif,3,5,6,False,False,normal,ensoleillé
2022-06-16 06:44:32,Hôpital Laquintinie,O+,44,10,23,57,3.4,46,100.0,normale,"Excellent état, conservation parfaite",3,6,6,False,False,normal,pluvieux
2022-06-16 09:39:48,Hôpital de District Bonassama,O+,67,6,0,61,4.0,44,89.0,normale,Attention: proche expiration,3,9,6,False,False,normal,ensoleillé
2022-06-16 20:05:22,Hôpital Laquintinie,O+,42,10,27,59,3.6,4,83.9,normale,Urgent: vérifier température stockage,3,20,6,False,False,normal,pluvieux
2022-06-17 02:22:03,Hôpital Laquintinie,O+,18,6,17,29,4.2,35,100.0,normale,"Excellent état, conservation parfaite",4,2,6,False,False,normal,ensoleillé
2022-06-17 08:36:07,Clinique des Spécialités,O+,24,10,22,36,3.3,17,100.0,normale,"Bon état général, légère variation température",4,8,6,False,False,normal,pluvieux
2022-06-17 13:44:23,Hôpital Militaire,O+,45,8,0,37,4.8,7,100.0,normale,Parfait pour transfusion immédiate,4,13,6,False,False,normal,orageux
2022-06-17 16:40:07,Hôpital de District Bonassama,O+,50,7,16,59,4.2,2,86.6,normale,Contrôle bactériologique négatif,4,16,6,False,False,normal,nuageux
2022-06-17 17:37:29,Clinique des Spécialités,O+,53,13,0,40,3.8,11,100.0,normale,Parfait pour transfusion immédiate,4,17,6,False,False,normal,nuageux
2022-06-17 21:36:38,Hôpital Laquintinie,O+,71,8,0,63,4.0,14,92.8,normale,Attention: proche expiration,4,21,6,False,False,normal,ensoleillé
2022-06-18 02:46:57,Hôpital de District Bonassama,O+,17,7,18,28,4.2,24,91.5,normale,Urgent: vérifier température stockage,5,2,6,True,False,normal,nuageux
2022-06-18 13:08:14,Hôpital Militaire,O+,47,7,0,40,3.2,36,100.0,normale,Contrôle bactériologique négatif,5,13,6,True,False,normal,ensoleillé
2022-06-18 16:40:45,Hôpital Général Douala,O+,35,6,0,29,3.0,4,85.4,normale,Hémoglobine dans les normes,5,16,6,True,False,normal,pluvieux
2022-06-18 18:11:29,Hôpital de District Bonassama,O+,38,4,24,58,3.5,38,100.0,normale,Parfait pour transfusion immédiate,5,18,6,True,False,normal,pluvieux
2022-06-18 19:33:32,Hôpital Laquintinie,O+,40,4,0,36,4.5,6,100.0,normale,Attention: proche expiration,5,19,6,True,False,normal,ensoleillé
2022-06-19 04:38:39,Hôpital de District Bonassama,O+,23,5,25,43,4.1,16,100.0,normale,Urgent: vérifier température stockage,6,4,6,True,False,normal,ensoleillé
2022-06-19 05:30:25,Clinique des Spécialités,O+,22,1,16,37,3.7,5,98.1,normale,"État satisfaisant, contrôle qualité OK",6,5,6,True,False,normal,pluvieux
2022-06-19 05:58:29,Clinique des Spécialités,O+,24,4,15,35,4.7,3,92.9,normale,"État satisfaisant, contrôle qualité OK",6,5,6,True,False,normal,nuageux
2022-06-19 07:56:07,Centre Médical d'Excellence,O+,22,6,21,37,4.0,15,99.8,normale,"Bon état général, légère variation température",6,7,6,True,False,normal,pluvieux
2022-06-19 11:42:41,Centre Médical d'Excellence,O+,39,3,11,47,5.0,33,100.0,normale,"État satisfaisant, contrôle qualité OK",6,11,6,True,False,normal,pluvieux
2022-06-19 15:01:09,Hôpital de District Bonassama,O+,39,6,0,33,4.0,25,100.0,normale,Contrôle bactériologique négatif,6,15,6,True,False,normal,pluvieux
2022-06-19 17:55:00,Hôpital Général Douala,O+,39,4,26,61,4.5,1,64.5,attention,"État satisfaisant, contrôle qualité OK",6,17,6,True,False,normal,ensoleillé
2022-06-19 19:42:26,Centre Médical d'Excellence,O+,42,3,0,39,4.0,1,55.6,attention,"État satisfaisant, contrôle qualité OK",6,19,6,True,False,normal,orageux
2022-06-19 23:05:02,Hôpital Laquintinie,O+,6,7,0,0,4.8,1,59.1,critique,"URGENT: Stock critique - Excellent état, conservation parfaite",6,23,6,True,False,normal,nuageux
2022-06-19 23:29:40,Centre Médical d'Excellence,O+,20,7,0,13,3.4,49,96.5,faible,"Excellent état, conservation parfaite",6,23,6,True,False,normal,ensoleillé
2022-06-20 02:32:25,Clinique des Spécialités,O+,28,7,23,44,3.4,53,97.5,normale,"Excellent état, conservation parfaite",0,2,6,False,False,normal,nuageux
2022-06-20 04:51:11,Hôpital Laquintinie,O+,22,2,0,20,4.2,7,100.0,normale,Parfait pour transfusion immédiate,0,4,6,False,False,normal,pluvieux
2022-06-20 07:36:12,Centre Médical d'Excellence,O+,39,5,0,34,2.5,11,98.0,normale,Hémoglobine dans les normes,0,7,6,False,False,normal,ensoleillé
2022-06-20 09:14:16,Hôpital Militaire,O+,53,9,19,63,3.4,1,63.5,attention,"Excellent état, conservation parfaite",0,9,6,False,False,normal,orageux
2022-06-20 13:55:24,Centre Médical d'Excellence,O+,42,12,0,30,2.9,63,99.6,normale,Parfait pour transfusion immédiate,0,13,6,False,False,normal,ensoleillé
2022-06-20 18:22:02,Centre Médical d'Excellence,O+,45,7,0,38,4.2,11,100.0,normale,Contrôle bactériologique négatif,0,18,6,False,False,normal,pluvieux
2022-06-20 20:23:20,Hôpital Laquintinie,O+,76,5,0,71,3.8,27,97.1,normale,Hémoglobine dans les normes,0,20,6,False,False,normal,pluvieux
2022-06-21 01:08:58,Hôpital Laquintinie,O+,21,8,0,13,4.1,8,100.0,faible,Attention: proche expiration,1,1,6,False,False,normal,orageux
2022-06-21 03:53:51,Hôpital Général Douala,O+,15,0,0,15,3.6,3,82.8,faible,Parfait pour transfusion immédiate,1,3,6,False,False,normal,pluvieux
2022-06-21 07:46:11,Hôpital Militaire,O+,51,13,0,38,4.2,14,96.0,normale,Contrôle bactériologique négatif,1,7,6,False,False,normal,pluvieux
2022-06-21 10:34:15,Clinique des Spécialités,O+,34,9,0,25,5.0,18,96.0,normale,Parfait pour transfusion immédiate,1,10,6,False,False,normal,orageux
2022-06-21 11:47:09,Hôpital Laquintinie,O+,56,10,0,46,3.9,1,60.8,attention,Contrôle bactériologique négatif,1,11,6,False,False,normal,ensoleillé
2022-06-21 13:47:09,Hôpital de District Bonassama,O+,51,7,19,63,4.0,8,100.0,normale,Hémoglobine dans les normes,1,13,6,False,False,normal,ensoleillé
2022-06-21 19:25:51,Clinique des Spécialités,O+,58,9,18,67,5.1,16,100.0,normale,Parfait pour transfusion immédiate,1,19,6,False,False,normal,ensoleillé
2022-06-21 20:50:53,Hôpital Laquintinie,O+,54,11,0,43,4.1,2,89.2,normale,"État satisfaisant, contrôle qualité OK",1,20,6,False,False,normal,pluvieux
2022-06-21 22:16:59,Hôpital Général Douala,O+,67,11,0,56,3.2,14,97.9,normale,"État satisfaisant, contrôle qualité OK",1,22,6,False,False,normal,nuageux
2022-06-21 22:35:01,Hôpital Militaire,O+,49,9,0,40,3.4,14,100.0,normale,Urgent: vérifier température stockage,1,22,6,False,False,normal,pluvieux
2022-06-22 02:51:22,Hôpital de District Bonassama,O+,34,6,0,28,4.0,23,98.9,normale,Urgent: vérifier température stockage,2,2,6,False,False,normal,ensoleillé
2022-06-22 05:39:56,Hôpital de District Bonassama,O+,41,6,27,62,4.3,1,68.6,attention,"Bon état général, légère variation température",2,5,6,False,False,normal,pluvieux
2022-06-22 08:16:04,Centre Médical d'Excellence,O+,43,0,24,67,4.0,11,95.4,normale,"Bon état général, légère variation température",2,8,6,False,False,normal,ensoleillé
2022-06-22 10:24:00,Hôpital Laquintinie,O+,75,10,0,65,4.1,2,94.2,normale,Contrôle bactériologique négatif,2,10,6,False,False,normal,nuageux
2022-06-22 11:58:34,Hôpital Militaire,O+,47,7,0,40,3.9,37,92.2,normale,Urgent: vérifier température stockage,2,11,6,False,False,normal,nuageux
2022-06-22 12:06:34,Hôpital Laquintinie,O+,39,5,28,62,3.5,7,100.0,normale,Attention: proche expiration,2,12,6,False,False,normal,ensoleillé
2022-06-22 15:06:20,Clinique des Spécialités,O+,42,5,26,63,3.6,8,91.3,normale,"Excellent état, conservation parfaite",2,15,6,False,False,normal,pluvieux
2022-06-22 15:45:04,Hôpital de District Bonassama,O+,61,7,22,76,3.4,14,96.1,normale,"État satisfaisant, contrôle qualité OK",2,15,6,False,False,normal,ensoleillé
2022-06-22 17:57:34,Clinique des Spécialités,O+,45,8,0,37,3.8,7,100.0,normale,Urgent: vérifier température stockage,2,17,6,False,False,normal,pluvieux
2022-06-22 20:42:40,Hôpital Laquintinie,O+,52,7,0,45,4.2,1,62.0,attention,Urgent: vérifier température stockage,2,20,6,False,False,normal,nuageux
2022-06-23 03:35:46,Centre Médical d'Excellence,O+,41,5,0,36,4.8,12,96.4,normale,Parfait pour transfusion immédiate,3,3,6,False,False,normal,ensoleillé
2022-06-23 10:44:15,Hôpital Militaire,O+,31,2,0,29,4.4,17,99.4,normale,Urgent: vérifier température stockage,3,10,6,False,False,normal,nuageux
2022-06-24 04:10:00,Hôpital de District Bonassama,O+,28,1,14,41,3.4,33,97.6,normale,"État satisfaisant, contrôle qualité OK",4,4,6,False,False,normal,pluvieux
2022-06-24 05:23:33,Hôpital Laquintinie,O+,32,10,0,22,4.1,25,96.0,normale,"État satisfaisant, contrôle qualité OK",4,5,6,False,False,normal,orageux
2022-06-24 05:39:11,Hôpital Général Douala,O+,25,6,0,19,3.7,1,61.6,faible,Parfait pour transfusion immédiate,4,5,6,False,False,normal,nuageux
2022-06-24 09:16:07,Clinique des Spécialités,O+,37,7,0,30,4.3,13,100.0,normale,Contrôle bactériologique négatif,4,9,6,False,False,normal,ensoleillé
2022-06-24 11:36:19,Hôpital Militaire,O+,70,1,19,88,4.7,27,99.6,normale,Parfait pour transfusion immédiate,4,11,6,False,False,normal,ensoleillé
2022-06-24 12:39:43,Hôpital Général Douala,O+,60,9,0,51,3.6,27,98.7,normale,Contrôle bactériologique négatif,4,12,6,False,False,normal,nuageux
2022-06-24 15:23:06,Hôpital de District Bonassama,O+,36,13,22,45,4.2,4,85.1,normale,Hémoglobine dans les normes,4,15,6,False,False,normal,ensoleillé
2022-06-24 15:49:31,Clinique des Spécialités,O+,78,5,0,73,3.9,58,92.8,normale,Contrôle bactériologique négatif,4,15,6,False,False,normal,nuageux
2022-06-25 03:04:14,Centre Médical d'Excellence,O+,18,6,0,12,3.9,2,80.3,faible,"Bon état général, légère variation température",5,3,6,True,False,normal,pluvieux
2022-06-25 05:09:58,Hôpital Laquintinie,O+,14,5,0,9,4.0,30,100.0,critique,URGENT: Stock critique - Hémoglobine dans les normes,5,5,6,True,False,normal,nuageux
2022-06-25 05:10:00,Hôpital Général Douala,O+,20,4,0,16,4.0,8,100.0,faible,"État satisfaisant, contrôle qualité OK",5,5,6,True,False,normal,pluvieux
2022-06-25 06:49:27,Hôpital Général Douala,O+,24,6,10,28,3.6,4,79.9,normale,Parfait pour transfusion immédiate,5,6,6,True,False,normal,ensoleillé
2022-06-25 07:06:47,Hôpital Militaire,O+,26,5,0,21,4.7,1,60.7,attention,Parfait pour transfusion immédiate,5,7,6,True,False,normal,pluvieux
2022-06-25 08:06:56,Hôpital Militaire,O+,41,5,0,36,4.5,10,100.0,normale,"Excellent état, conservation parfaite",5,8,6,True,False,normal,pluvieux
2022-06-25 10:35:09,Hôpital Général Douala,O+,37,7,0,30,3.3,20,98.7,normale,Attention: proche expiration,5,10,6,True,False,normal,pluvieux
2022-06-25 10:49:11,Hôpital Laquintinie,O+,28,4,0,24,3.6,8,100.0,normale,Hémoglobine dans les normes,5,10,6,True,False,normal,ensoleillé
2022-06-25 16:30:11,Centre Médical d'Excellence,O+,39,6,0,33,4.1,1,59.6,attention,"Bon état général, légère variation température",5,16,6,True,False,normal,pluvieux
2022-06-25 17:27:42,Centre Médical d'Excellence,O+,34,6,22,50,4.3,13,100.0,normale,"Bon état général, légère variation température",5,17,6,True,False,normal,ensoleillé
2022-06-25 17:53:54,Clinique des Spécialités,O+,23,4,0,19,4.9,3,81.4,faible,Urgent: vérifier température stockage,5,17,6,True,False,normal,ensoleillé
2022-06-25 18:02:08,Hôpital Laquintinie,O+,48,4,0,44,4.0,15,98.9,normale,"Bon état général, légère variation température",5,18,6,True,False,normal,nuageux
2022-06-25 23:04:06,Hôpital Général Douala,O+,15,8,0,7,4.4,55,100.0,critique,URGENT: Stock critique - Parfait pour transfusion immédiate,5,23,6,True,False,normal,ensoleillé
2022-06-26 02:19:25,Clinique des Spécialités,O+,14,6,0,8,3.8,6,90.8,critique,URGENT: Stock critique - Urgent: vérifier température stockage,6,2,6,True,False,normal,nuageux
2022-06-26 15:33:53,Hôpital de District Bonassama,O+,37,4,0,33,4.5,21,100.0,normale,Attention: proche expiration,6,15,6,True,False,normal,ensoleillé
2022-06-26 17:42:47,Hôpital Laquintinie,O+,24,9,19,34,4.5,18,100.0,normale,"Bon état général, légère variation température",6,17,6,True,False,normal,ensoleillé
2022-06-26 17:55:04,Hôpital de District Bonassama,O+,19,4,0,15,4.0,16,100.0,faible,Parfait pour transfusion immédiate,6,17,6,True,False,normal,ensoleillé
2022-06-27 00:19:54,Hôpital Militaire,O+,28,12,16,32,4.5,1,63.7,attention,"État satisfaisant, contrôle qualité OK",0,0,6,False,False,normal,ensoleillé
2022-06-27 06:17:26,Clinique des Spécialités,O+,43,5,14,52,3.3,1,61.3,attention,Hémoglobine dans les normes,0,6,6,False,False,normal,pluvieux
2022-06-27 09:46:01,Clinique des Spécialités,O+,60,4,0,56,3.7,9,99.5,normale,Contrôle bactériologique négatif,0,9,6,False,False,normal,pluvieux
2022-06-27 12:47:34,Hôpital Militaire,O+,53,7,0,46,3.6,12,100.0,normale,"État satisfaisant, contrôle qualité OK",0,12,6,False,False,normal,ensoleillé
2022-06-27 19:47:03,Hôpital de District Bonassama,O+,54,6,0,48,3.8,34,92.1,normale,Hémoglobine dans les normes,0,19,6,False,False,normal,pluvieux
2022-06-28 00:44:17,Hôpital de District Bonassama,O+,32,1,0,31,3.4,4,82.4,normale,"État satisfaisant, contrôle qualité OK",1,0,6,False,False,normal,ensoleillé
2022-06-28 09:14:54,Centre Médical d'Excellence,O+,42,11,0,31,3.9,2,82.5,normale,"Excellent état, conservation parfaite",1,9,6,False,False,normal,pluvieux
2022-06-28 11:09:28,Hôpital Laquintinie,O+,55,10,13,58,3.7,8,100.0,normale,Urgent: vérifier température stockage,1,11,6,False,False,normal,ensoleillé
2022-06-28 11:14:51,Centre Médical d'Excellence,O+,41,3,0,38,4.6,37,96.4,normale,Attention: proche expiration,1,11,6,False,False,normal,pluvieux
2022-06-28 12:02:22,Clinique des Spécialités,O+,65,10,0,55,4.7,37,100.0,normale,"Excellent état, conservation parfaite",1,12,6,False,False,normal,ensoleillé
2022-06-28 14:12:30,Clinique des Spécialités,O+,46,8,0,38,4.0,8,98.7,normale,Urgent: vérifier température stockage,1,14,6,False,False,normal,ensoleillé
2022-06-28 17:34:28,Clinique des Spécialités,O+,41,12,0,29,4.4,35,97.7,normale,Contrôle bactériologique négatif,1,17,6,False,False,normal,orageux
2022-06-29 06:49:48,Clinique des Spécialités,O+,43,9,23,57,3.2,16,92.8,normale,Attention: proche expiration,2,6,6,False,False,normal,ensoleillé
2022-06-29 10:29:15,Hôpital Général Douala,O+,41,6,0,35,3.6,2,95.6,normale,Urgent: vérifier température stockage,2,10,6,False,False,normal,pluvieux
2022-06-29 13:17:43,Hôpital Général Douala,O+,47,4,0,43,4.8,17,100.0,normale,Urgent: vérifier température stockage,2,13,6,False,False,normal,ensoleillé
2022-06-29 14:10:02,Centre Médical d'Excellence,O+,39,8,0,31,4.5,75,100.0,normale,Hémoglobine dans les normes,2,14,6,False,False,normal,ensoleillé
2022-06-29 15:01:35,Centre Médical d'Excellence,O+,52,13,24,63,4.1,18,98.1,normale,Urgent: vérifier température stockage,2,15,6,False,False,normal,nuageux
2022-06-29 18:13:52,Hôpital Général Douala,O+,55,5,0,50,4.5,4,81.0,normale,Contrôle bactériologique négatif,2,18,6,False,False,normal,pluvieux
2022-06-29 18:57:41,Centre Médical d'Excellence,O+,37,8,0,29,4.3,52,100.0,normale,"État satisfaisant, contrôle qualité OK",2,18,6,False,False,normal,pluvieux
2022-06-30 08:53:53,Hôpital de District Bonassama,O+,32,9,0,23,4.5,27,88.3,normale,"Bon état général, légère variation température",3,8,6,False,False,urgence_médicale,nuageux
2022-06-30 14:21:15,Hôpital Général Douala,O+,40,10,0,30,3.9,25,96.9,normale,"Bon état général, légère variation température",3,14,6,False,False,normal,nuageux
2022-06-30 18:14:44,Hôpital Général Douala,O+,29,7,0,22,4.6,2,89.2,normale,"Bon état général, légère variation température",3,18,6,False,False,normal,ensoleillé
2022-07-01 07:20:06,Centre Médical d'Excellence,O+,59,8,0,51,3.9,1,61.3,attention,"Bon état général, légère variation température",4,7,7,False,True,normal,ensoleillé
2022-07-01 11:45:45,Hôpital Général Douala,O+,82,11,18,89,3.6,5,98.7,normale,Attention: proche expiration,4,11,7,False,True,normal,pluvieux
2022-07-01 14:45:22,Hôpital Général Douala,O+,49,8,0,41,3.3,27,100.0,normale,"Excellent état, conservation parfaite",4,14,7,False,True,normal,orageux
2022-07-01 18:25:27,Clinique des Spécialités,O+,34,10,0,24,4.2,14,99.7,normale,"Excellent état, conservation parfaite",4,18,7,False,True,normal,ensoleillé
2022-07-01 20:45:27,Hôpital de District Bonassama,O+,88,0,0,88,4.9,28,97.0,normale,"Bon état général, légère variation température",4,20,7,False,True,normal,nuageux
2022-07-02 00:24:02,Centre Médical d'Excellence,O+,22,8,27,41,4.6,4,88.0,normale,Hémoglobine dans les normes,5,0,7,True,True,normal,ensoleillé
2022-07-02 03:16:37,Centre Médical d'Excellence,O+,24,7,0,17,4.6,5,94.2,faible,Parfait pour transfusion immédiate,5,3,7,True,True,normal,ensoleillé
2022-07-02 03:29:42,Hôpital Général Douala,O+,35,4,0,31,3.4,2,83.5,normale,"Excellent état, conservation parfaite",5,3,7,True,True,normal,ensoleillé
2022-07-02 05:46:04,Hôpital Général Douala,O+,22,5,0,17,4.4,5,99.8,faible,"Excellent état, conservation parfaite",5,5,7,True,True,normal,ensoleillé
2022-07-02 08:26:04,Hôpital de District Bonassama,O+,30,8,0,22,4.0,17,100.0,normale,"État satisfaisant, contrôle qualité OK",5,8,7,True,True,normal,pluvieux
2022-07-02 12:43:03,Hôpital Général Douala,O+,36,1,0,35,3.7,23,100.0,normale,Urgent: vérifier température stockage,5,12,7,True,True,normal,pluvieux
2022-07-02 16:31:06,Clinique des Spécialités,O+,43,0,27,70,4.4,5,99.8,normale,Urgent: vérifier température stockage,5,16,7,True,True,normal,orageux
2022-07-02 18:18:24,Hôpital Laquintinie,O+,38,5,0,33,4.1,30,93.1,normale,"Bon état général, légère variation température",5,18,7,True,True,normal,ensoleillé
2022-07-03 03:13:18,Hôpital Laquintinie,O+,35,6,17,46,3.5,51,94.2,normale,Urgent: vérifier température stockage,6,3,7,True,True,normal,ensoleillé
2022-07-03 03:43:37,Centre Médical d'Excellence,O+,22,6,0,16,4.0,15,94.0,faible,"Bon état général, légère variation température",6,3,7,True,True,normal,ensoleillé
2022-07-03 07:16:21,Centre Médical d'Excellence,O+,50,11,0,39,4.4,7,92.6,normale,"Bon état général, légère variation température",6,7,7,True,True,normal,ensoleillé
2022-07-03 09:27:30,Hôpital de District Bonassama,O+,19,3,0,16,4.5,10,100.0,faible,Contrôle bactériologique négatif,6,9,7,True,True,normal,ensoleillé
2022-07-03 12:59:57,Centre Médical d'Excellence,O+,52,6,27,73,4.0,4,86.6,normale,"État satisfaisant, contrôle qualité OK",6,12,7,True,True,normal,ensoleillé
2022-07-03 14:25:59,Centre Médical d'Excellence,O+,53,4,0,49,4.2,4,87.7,normale,Attention: proche expiration,6,14,7,True,True,normal,nuageux
2022-07-03 21:20:21,Hôpital Laquintinie,O+,51,7,0,44,4.0,12,100.0,normale,"État satisfaisant, contrôle qualité OK",6,21,7,True,True,normal,nuageux
2022-07-04 04:35:39,Clinique des Spécialités,O+,40,5,25,60,4.3,4,88.0,normale,Contrôle bactériologique négatif,0,4,7,False,True,normal,ensoleillé
2022-07-04 11:53:01,Hôpital de District Bonassama,O+,54,3,20,71,3.8,1,63.9,attention,Contrôle bactériologique négatif,0,11,7,False,True,normal,pluvieux
2022-07-04 12:47:56,Centre Médical d'Excellence,O+,82,12,0,70,4.1,3,84.8,normale,"Bon état général, légère variation température",0,12,7,False,True,normal,orageux
2022-07-04 13:06:02,Hôpital Militaire,O+,84,10,0,74,4.7,39,99.4,normale,Hémoglobine dans les normes,0,13,7,False,True,normal,ensoleillé
2022-07-04 13:56:05,Hôpital Général Douala,O+,70,16,0,54,3.8,6,99.4,normale,Contrôle bactériologique négatif,0,13,7,False,True,normal,orageux
2022-07-04 19:21:59,Hôpital Laquintinie,O+,94,3,0,91,4.6,5,99.1,normale,Attention: proche expiration,0,19,7,False,True,normal,ensoleillé
2022-07-05 05:41:06,Hôpital de District Bonassama,O+,26,9,0,17,4.6,1,67.2,faible,Contrôle bactériologique négatif,1,5,7,False,True,normal,ensoleillé
2022-07-05 09:25:43,Clinique des Spécialités,O+,58,5,17,70,3.9,13,93.4,normale,"Excellent état, conservation parfaite",1,9,7,False,True,normal,ensoleillé
2022-07-05 20:00:47,Hôpital de District Bonassama,O+,54,4,0,50,4.0,11,100.0,normale,Attention: proche expiration,1,20,7,False,True,normal,ensoleillé
2022-07-05 20:04:00,Clinique des Spécialités,O+,46,5,13,54,3.7,32,96.3,normale,Urgent: vérifier température stockage,1,20,7,False,True,normal,nuageux
2022-07-05 20:49:40,Hôpital Laquintinie,O+,41,4,0,37,4.3,24,100.0,normale,Hémoglobine dans les normes,1,20,7,False,True,normal,orageux
2022-07-06 01:45:21,Hôpital Général Douala,O+,38,8,18,48,4.5,6,92.0,normale,Parfait pour transfusion immédiate,2,1,7,False,True,normal,pluvieux
2022-07-06 07:24:39,Centre Médical d'Excellence,O+,74,5,18,87,4.9,4,87.9,normale,"Bon état général, légère variation température",2,7,7,False,True,normal,pluvieux
2022-07-06 15:33:19,Hôpital de District Bonassama,O+,43,12,0,31,3.4,11,99.2,normale,Urgent: vérifier température stockage,2,15,7,False,True,normal,ensoleillé
2022-07-06 20:26:32,Hôpital Militaire,O+,59,10,0,49,4.0,1,56.3,attention,Contrôle bactériologique négatif,2,20,7,False,True,normal,ensoleillé
2022-07-06 23:23:37,Hôpital Laquintinie,O+,25,13,17,29,4.2,6,100.0,normale,Urgent: vérifier température stockage,2,23,7,False,True,normal,pluvieux
2022-07-06 23:30:25,Hôpital Militaire,O+,29,5,0,24,4.4,2,91.7,normale,Urgent: vérifier température stockage,2,23,7,False,True,normal,pluvieux
2022-07-07 01:23:33,Hôpital Militaire,O+,23,8,0,15,3.6,4,84.2,faible,Attention: proche expiration,3,1,7,False,True,normal,ensoleillé
2022-07-07 03:59:04,Hôpital de District Bonassama,O+,46,6,0,40,3.5,7,96.7,normale,Attention: proche expiration,3,3,7,False,True,normal,ensoleillé
2022-07-07 06:05:22,Centre Médical d'Excellence,O+,76,16,0,60,3.9,2,83.0,normale,Attention: proche expiration,3,6,7,False,True,normal,ensoleillé
2022-07-07 22:03:13,Hôpital de District Bonassama,O+,53,4,16,65,3.2,1,59.7,attention,Contrôle bactériologique négatif,3,22,7,False,True,normal,ensoleillé
2022-07-07 23:36:05,Hôpital Général Douala,O+,13,10,0,3,3.4,25,100.0,critique,URGENT: Stock critique - Hémoglobine dans les normes,3,23,7,False,True,normal,orageux
2022-07-08 07:06:59,Hôpital Général Douala,O+,47,9,0,38,5.0,8,94.0,normale,Urgent: vérifier température stockage,4,7,7,False,True,normal,ensoleillé
2022-07-08 10:15:52,Clinique des Spécialités,O+,35,15,0,20,4.3,1,60.2,attention,"Bon état général, légère variation température",4,10,7,False,True,normal,ensoleillé
2022-07-08 17:47:48,Hôpital Général Douala,O+,73,14,0,59,3.8,19,100.0,normale,"Excellent état, conservation parfaite",4,17,7,False,True,normal,ensoleillé
2022-07-08 22:56:31,Hôpital Laquintinie,O+,61,15,28,74,4.3,14,93.1,normale,Hémoglobine dans les normes,4,22,7,False,True,urgence_médicale,pluvieux
2022-07-09 06:43:50,Hôpital Laquintinie,O+,59,11,0,48,4.0,3,89.3,normale,"Excellent état, conservation parfaite",5,6,7,True,True,normal,ensoleillé
2022-07-09 16:10:12,Hôpital de District Bonassama,O+,34,11,0,23,4.9,11,96.2,normale,Parfait pour transfusion immédiate,5,16,7,True,True,normal,pluvieux
2022-07-09 17:47:29,Clinique des Spécialités,O+,46,8,0,38,4.2,12,98.5,normale,Hémoglobine dans les normes,5,17,7,True,True,normal,pluvieux
2022-07-09 21:25:58,Hôpital de District Bonassama,O+,44,6,0,38,3.9,29,100.0,normale,Attention: proche expiration,5,21,7,True,True,normal,ensoleillé
2022-07-10 02:10:30,Centre Médical d'Excellence,O+,22,6,0,16,3.7,9,100.0,faible,"Bon état général, légère variation température",6,2,7,True,True,normal,ensoleillé
2022-07-10 03:36:23,Hôpital Général Douala,O+,20,7,22,35,4.1,6,95.3,normale,"Bon état général, légère variation température",6,3,7,True,True,normal,ensoleillé
2022-07-10 05:06:54,Centre Médical d'Excellence,O+,20,5,0,15,3.1,12,95.4,faible,"Bon état général, légère variation température",6,5,7,True,True,normal,ensoleillé
2022-07-10 18:03:58,Hôpital Laquintinie,O+,6,5,17,18,4.7,1,53.3,faible,Hémoglobine dans les normes,6,18,7,True,True,normal,ensoleillé
2022-07-10 20:44:22,Hôpital Militaire,O+,44,5,0,39,3.6,3,79.5,normale,"État satisfaisant, contrôle qualité OK",6,20,7,True,True,normal,ensoleillé
2022-07-10 21:45:37,Centre Médical d'Excellence,O+,57,10,0,47,3.4,8,100.0,normale,Contrôle bactériologique négatif,6,21,7,True,True,normal,orageux
2022-07-11 05:02:13,Hôpital Militaire,O+,40,11,0,29,4.5,8,96.2,normale,"Bon état général, légère variation température",0,5,7,False,True,normal,nuageux
2022-07-11 05:47:12,Hôpital Militaire,O+,35,9,0,26,4.3,12,95.1,normale,Hémoglobine dans les normes,0,5,7,False,True,normal,nuageux
2022-07-11 10:09:24,Hôpital Général Douala,O+,73,11,16,78,4.6,7,100.0,normale,"Excellent état, conservation parfaite",0,10,7,False,True,normal,nuageux
2022-07-11 13:28:11,Hôpital Laquintinie,O+,77,14,0,63,3.9,1,57.4,attention,"Bon état général, légère variation température",0,13,7,False,True,normal,pluvieux
2022-07-11 16:23:03,Hôpital Général Douala,O+,58,10,0,48,4.4,5,96.0,normale,Parfait pour transfusion immédiate,0,16,7,False,True,normal,nuageux
2022-07-11 23:26:13,Hôpital Général Douala,O+,42,10,0,32,4.0,12,91.1,normale,"Excellent état, conservation parfaite",0,23,7,False,True,normal,nuageux
2022-07-12 05:57:31,Hôpital de District Bonassama,O+,30,8,0,22,4.6,14,100.0,normale,"Bon état général, légère variation température",1,5,7,False,True,normal,ensoleillé
2022-07-12 07:51:29,Hôpital de District Bonassama,O+,46,6,0,40,4.5,41,98.2,normale,"Excellent état, conservation parfaite",1,7,7,False,True,normal,ensoleillé
2022-07-12 11:54:46,Hôpital Militaire,O+,41,12,27,56,4.2,13,100.0,normale,Attention: proche expiration,1,11,7,False,True,normal,nuageux
2022-07-13 01:48:39,Hôpital Laquintinie,O+,32,3,22,51,3.4,1,61.6,attention,Urgent: vérifier température stockage,2,1,7,False,True,normal,pluvieux
2022-07-13 06:23:57,Hôpital de District Bonassama,O+,50,6,0,44,3.1,27,100.0,normale,Urgent: vérifier température stockage,2,6,7,False,True,normal,ensoleillé
2022-07-13 08:59:41,Hôpital Militaire,O+,64,6,14,72,3.8,14,97.9,normale,Hémoglobine dans les normes,2,8,7,False,True,normal,orageux
2022-07-13 12:27:02,Clinique des Spécialités,O+,44,8,0,36,4.1,57,95.1,normale,Attention: proche expiration,2,12,7,False,True,normal,orageux
2022-07-13 13:23:33,Centre Médical d'Excellence,O+,58,11,19,66,3.5,29,100.0,normale,Attention: proche expiration,2,13,7,False,True,normal,pluvieux
2022-07-13 22:19:16,Clinique des Spécialités,O+,73,13,19,79,4.4,23,100.0,normale,"Excellent état, conservation parfaite",2,22,7,False,True,normal,orageux
2022-07-14 01:40:13,Hôpital Général Douala,O+,30,5,0,25,4.2,15,100.0,normale,"Excellent état, conservation parfaite",3,1,7,False,True,normal,nuageux
2022-07-14 04:23:51,Hôpital Laquintinie,O+,30,11,0,19,3.5,2,77.4,faible,Parfait pour transfusion immédiate,3,4,7,False,True,normal,ensoleillé
2022-07-14 05:49:08,Hôpital de District Bonassama,O+,21,11,0,10,3.9,6,100.0,faible,"Excellent état, conservation parfaite",3,5,7,False,True,normal,ensoleillé
2022-07-14 06:58:31,Centre Médical d'Excellence,O+,99,11,0,88,4.8,3,89.9,normale,Urgent: vérifier température stockage,3,6,7,False,True,normal,pluvieux
2022-07-14 14:47:44,Hôpital de District Bonassama,O+,60,13,0,47,4.1,4,92.5,normale,Urgent: vérifier température stockage,3,14,7,False,True,normal,pluvieux
2022-07-14 15:37:17,Hôpital Laquintinie,O+,56,3,0,53,3.1,1,54.5,attention,Parfait pour transfusion immédiate,3,15,7,False,True,normal,orageux
2022-07-14 17:09:21,Clinique des Spécialités,O+,67,6,0,61,4.2,33,100.0,normale,"Excellent état, conservation parfaite",3,17,7,False,True,normal,ensoleillé
2022-07-15 01:14:21,Hôpital Laquintinie,O+,22,12,0,10,4.3,61,91.4,faible,Parfait pour transfusion immédiate,4,1,7,False,True,normal,ensoleillé
2022-07-15 05:20:17,Centre Médical d'Excellence,O+,27,8,0,19,4.6,1,56.5,faible,"Bon état général, légère variation température",4,5,7,False,True,normal,pluvieux
2022-07-15 06:41:55,Centre Médical d'Excellence,O+,58,3,0,55,4.3,1,53.3,attention,"Bon état général, légère variation température",4,6,7,False,True,normal,nuageux
2022-07-15 12:01:23,Clinique des Spécialités,O+,66,4,24,86,3.3,25,96.4,normale,Contrôle bactériologique négatif,4,12,7,False,True,normal,pluvieux
2022-07-15 14:02:32,Hôpital Militaire,O+,58,10,0,48,4.1,53,93.8,normale,Attention: proche expiration,4,14,7,False,True,normal,pluvieux
2022-07-15 15:54:19,Hôpital Militaire,O+,51,10,22,63,3.9,17,100.0,normale,"Bon état général, légère variation température",4,15,7,False,True,normal,pluvieux
2022-07-15 17:35:47,Hôpital de District Bonassama,O+,62,19,0,43,5.4,5,98.4,normale,"Bon état général, légère variation température",4,17,7,False,True,normal,nuageux
2022-07-15 18:34:14,Clinique des Spécialités,O+,22,9,0,13,4.3,7,100.0,faible,Contrôle bactériologique négatif,4,18,7,False,True,normal,pluvieux
2022-07-15 22:40:55,Centre Médical d'Excellence,O+,61,12,0,49,4.6,38,95.5,normale,"Excellent état, conservation parfaite",4,22,7,False,True,normal,pluvieux
2022-07-16 00:53:55,Hôpital Général Douala,O+,21,5,0,16,4.0,1,62.6,faible,Attention: proche expiration,5,0,7,True,True,normal,pluvieux
2022-07-16 06:19:40,Hôpital Laquintinie,O+,23,7,0,16,4.9,27,97.6,faible,Parfait pour transfusion immédiate,5,6,7,True,True,normal,ensoleillé
2022-07-16 18:06:39,Hôpital Laquintinie,O+,46,10,0,36,4.3,9,100.0,normale,"Bon état général, légère variation température",5,18,7,True,True,normal,ensoleillé
2022-07-16 18:31:13,Hôpital de District Bonassama,O+,72,10,0,62,3.9,3,89.0,normale,"Bon état général, légère variation température",5,18,7,True,True,accident_route,ensoleillé
2022-07-17 12:17:46,Hôpital Laquintinie,O+,32,7,0,25,3.9,45,94.3,normale,"État satisfaisant, contrôle qualité OK",6,12,7,True,True,normal,pluvieux
2022-07-17 23:29:24,Hôpital Militaire,O+,30,6,20,44,5.0,19,100.0,normale,Parfait pour transfusion immédiate,6,23,7,True,True,normal,ensoleillé
2022-07-18 01:50:44,Hôpital Laquintinie,O+,29,14,0,15,5.3,3,80.6,faible,Contrôle bactériologique négatif,0,1,7,False,True,normal,ensoleillé
2022-07-18 19:35:36,Hôpital de District Bonassama,O+,61,7,0,54,3.9,14,98.9,normale,Parfait pour transfusion immédiate,0,19,7,False,True,normal,ensoleillé
2022-07-19 07:11:40,Centre Médical d'Excellence,O+,48,5,22,65,4.5,3,84.5,normale,Urgent: vérifier température stockage,1,7,7,False,True,normal,pluvieux
2022-07-19 08:27:02,Hôpital de District Bonassama,O+,66,5,0,61,3.9,19,100.0,normale,"Excellent état, conservation parfaite",1,8,7,False,True,normal,pluvieux
2022-07-19 14:00:06,Hôpital Général Douala,O+,67,6,28,89,3.9,4,84.0,normale,"Excellent état, conservation parfaite",1,14,7,False,True,normal,orageux
2022-07-19 19:45:53,Hôpital de District Bonassama,O+,57,9,12,60,3.7,20,99.6,normale,Hémoglobine dans les normes,1,19,7,False,True,normal,nuageux
2022-07-19 21:06:06,Clinique des Spécialités,O+,57,12,24,69,3.8,5,100.0,normale,Attention: proche expiration,1,21,7,False,True,normal,nuageux
2022-07-20 03:29:29,Hôpital Militaire,O+,23,7,0,16,4.5,33,94.1,faible,"Bon état général, légère variation température",2,3,7,False,True,normal,ensoleillé
2022-07-20 03:45:10,Hôpital Général Douala,O+,31,14,12,29,3.0,3,88.0,normale,Parfait pour transfusion immédiate,2,3,7,False,True,normal,ensoleillé
2022-07-20 07:49:10,Hôpital Général Douala,O+,53,11,0,42,3.7,49,90.6,normale,Hémoglobine dans les normes,2,7,7,False,True,normal,ensoleillé
2022-07-20 16:02:16,Hôpital Militaire,O+,86,3,16,99,4.1,34,100.0,normale,Hémoglobine dans les normes,2,16,7,False,True,normal,ensoleillé
2022-07-20 16:51:58,Hôpital Général Douala,O+,57,7,0,50,3.3,1,68.4,attention,Urgent: vérifier température stockage,2,16,7,False,True,normal,pluvieux
2022-07-21 00:45:59,Hôpital Laquintinie,O+,23,3,0,20,3.8,1,64.0,attention,"Bon état général, légère variation température",3,0,7,False,True,normal,ensoleillé
2022-07-21 08:42:49,Clinique des Spécialités,O+,75,7,0,68,4.6,8,100.0,normale,"Excellent état, conservation parfaite",3,8,7,False,True,normal,ensoleillé
2022-07-21 17:10:23,Hôpital Général Douala,O+,37,11,0,26,3.2,1,67.2,attention,"État satisfaisant, contrôle qualité OK",3,17,7,False,True,normal,nuageux
2022-07-21 18:26:50,Hôpital Militaire,O+,80,13,22,89,5.1,17,100.0,normale,Attention: proche expiration,3,18,7,False,True,normal,pluvieux
2022-07-21 19:09:15,Centre Médical d'Excellence,O+,39,10,0,29,3.7,37,95.9,normale,Parfait pour transfusion immédiate,3,19,7,False,True,normal,pluvieux
2022-07-21 22:53:25,Hôpital Militaire,O+,30,10,0,20,3.9,5,100.0,normale,Parfait pour transfusion immédiate,3,22,7,False,True,normal,nuageux
2022-07-22 01:39:54,Hôpital Militaire,O+,41,11,12,42,3.4,10,93.9,normale,"État satisfaisant, contrôle qualité OK",4,1,7,False,True,normal,pluvieux
2022-07-22 09:10:34,Hôpital de District Bonassama,O+,78,9,19,88,3.7,1,63.9,attention,"État satisfaisant, contrôle qualité OK",4,9,7,False,True,normal,pluvieux
2022-07-22 13:01:29,Centre Médical d'Excellence,O+,85,11,0,74,3.6,5,100.0,normale,Contrôle bactériologique négatif,4,13,7,False,True,normal,ensoleillé
2022-07-22 17:13:25,Hôpital Militaire,O+,43,11,20,52,4.6,60,88.5,normale,Attention: proche expiration,4,17,7,False,True,normal,ensoleillé
2022-07-22 19:23:48,Hôpital Général Douala,O+,52,3,0,49,4.0,35,100.0,normale,Contrôle bactériologique négatif,4,19,7,False,True,normal,ensoleillé
2022-07-22 23:02:20,Clinique des Spécialités,O+,29,11,0,18,3.7,5,97.6,faible,Attention: proche expiration,4,23,7,False,True,normal,orageux
2022-07-23 04:49:02,Hôpital Général Douala,O+,6,8,0,0,5.1,2,88.8,critique,"URGENT: Stock critique - État satisfaisant, contrôle qualité OK",5,4,7,True,True,normal,ensoleillé
2022-07-23 11:12:00,Centre Médical d'Excellence,O+,36,5,0,31,4.0,14,100.0,normale,Contrôle bactériologique négatif,5,11,7,True,True,normal,orageux
2022-07-23 15:29:16,Clinique des Spécialités,O+,56,2,0,54,3.6,24,100.0,normale,"Bon état général, légère variation température",5,15,7,True,True,normal,ensoleillé
2022-07-23 20:27:53,Hôpital Général Douala,O+,28,10,21,39,4.6,6,98.9,normale,"Bon état général, légère variation température",5,20,7,True,True,normal,nuageux
2022-07-24 01:51:30,Clinique des Spécialités,O+,6,6,0,0,3.4,6,100.0,critique,URGENT: Stock critique - Attention: proche expiration,6,1,7,True,True,normal,ensoleillé
2022-07-24 03:13:51,Centre Médical d'Excellence,O+,14,5,0,9,4.3,10,100.0,critique,URGENT: Stock critique - Contrôle bactériologique négatif,6,3,7,True,True,normal,ensoleillé
2022-07-24 06:18:27,Hôpital Général Douala,O+,20,7,0,13,5.0,1,59.7,faible,Hémoglobine dans les normes,6,6,7,True,True,normal,pluvieux
2022-07-24 06:33:42,Clinique des Spécialités,O+,23,7,0,16,3.6,4,90.3,faible,Contrôle bactériologique négatif,6,6,7,True,True,normal,ensoleillé
2022-07-24 11:02:58,Hôpital Laquintinie,O+,50,6,0,44,4.0,21,95.9,normale,Contrôle bactériologique négatif,6,11,7,True,True,normal,nuageux
2022-07-24 12:11:33,Hôpital Militaire,O+,28,4,20,44,3.7,8,100.0,normale,"État satisfaisant, contrôle qualité OK",6,12,7,True,True,normal,pluvieux
2022-07-24 13:11:38,Clinique des Spécialités,O+,49,5,0,44,4.2,14,89.4,normale,"État satisfaisant, contrôle qualité OK",6,13,7,True,True,épidémie,ensoleillé
2022-07-24 13:55:39,Centre Médical d'Excellence,O+,53,9,0,44,4.0,16,96.2,normale,"Bon état général, légère variation température",6,13,7,True,True,normal,pluvieux
2022-07-25 01:00:59,Hôpital Laquintinie,O+,31,8,0,23,4.0,3,92.6,normale,"Bon état général, légère variation température",0,1,7,False,True,normal,pluvieux
2022-07-25 03:38:50,Hôpital Laquintinie,O+,26,8,0,18,4.1,11,100.0,faible,Parfait pour transfusion immédiate,0,3,7,False,True,normal,ensoleillé
2022-07-25 05:46:59,Hôpital Laquintinie,O+,27,6,0,21,4.7,71,88.9,normale,Contrôle bactériologique négatif,0,5,7,False,True,normal,nuageux
2022-07-25 08:41:21,Hôpital Militaire,O+,65,11,27,81,4.8,13,98.5,normale,"État satisfaisant, contrôle qualité OK",0,8,7,False,True,normal,ensoleillé
2022-07-25 10:00:07,Clinique des Spécialités,O+,72,11,26,87,3.8,39,99.2,normale,Parfait pour transfusion immédiate,0,10,7,False,True,accident_route,ensoleillé
2022-07-25 11:39:20,Hôpital de District Bonassama,O+,59,4,18,73,3.9,27,96.7,normale,"Excellent état, conservation parfaite",0,11,7,False,True,normal,orageux
2022-07-25 20:22:57,Hôpital Militaire,O+,70,4,0,66,4.1,56,100.0,normale,"État satisfaisant, contrôle qualité OK",0,20,7,False,True,normal,ensoleillé
2022-07-26 00:53:37,Hôpital Laquintinie,O+,28,12,0,16,3.9,1,60.7,faible,Parfait pour transfusion immédiate,1,0,7,False,True,normal,pluvieux
2022-07-26 03:30:53,Hôpital Laquintinie,O+,19,8,0,11,4.1,23,97.1,faible,Attention: proche expiration,1,3,7,False,True,normal,ensoleillé
2022-07-26 05:50:45,Centre Médical d'Excellence,O+,29,7,16,38,3.8,1,63.3,attention,Parfait pour transfusion immédiate,1,5,7,False,True,normal,ensoleillé
2022-07-26 07:44:53,Centre Médical d'Excellence,O+,108,14,0,94,4.7,9,94.8,normale,"Excellent état, conservation parfaite",1,7,7,False,True,normal,nuageux
2022-07-26 22:44:09,Clinique des Spécialités,O+,64,4,0,60,4.4,13,100.0,normale,"Excellent état, conservation parfaite",1,22,7,False,True,normal,pluvieux
2022-07-26 23:59:12,Clinique des Spécialités,O+,30,9,0,21,4.3,4,76.8,normale,Hémoglobine dans les normes,1,23,7,False,True,normal,orageux
2022-07-27 00:25:24,Hôpital Laquintinie,O+,49,8,0,41,4.1,19,100.0,normale,"État satisfaisant, contrôle qualité OK",2,0,7,False,True,normal,nuageux
2022-07-27 05:37:08,Hôpital Militaire,O+,26,11,0,15,4.5,8,100.0,faible,"État satisfaisant, contrôle qualité OK",2,5,7,False,True,normal,ensoleillé
2022-07-27 06:40:46,Hôpital Militaire,O+,89,5,23,107,4.6,1,66.7,attention,Contrôle bactériologique négatif,2,6,7,False,True,normal,nuageux
2022-07-27 08:01:28,Hôpital Militaire,O+,80,10,0,70,3.8,14,100.0,normale,Parfait pour transfusion immédiate,2,8,7,False,True,normal,ensoleillé
2022-07-27 12:27:33,Hôpital de District Bonassama,O+,49,1,0,48,3.2,33,97.1,normale,Hémoglobine dans les normes,2,12,7,False,True,normal,ensoleillé
2022-07-27 15:38:09,Hôpital Laquintinie,O+,69,15,0,54,4.7,1,69.5,attention,Urgent: vérifier température stockage,2,15,7,False,True,normal,pluvieux
2022-07-27 15:54:41,Centre Médical d'Excellence,O+,14,5,0,9,3.7,1,58.3,critique,"URGENT: Stock critique - État satisfaisant, contrôle qualité OK",2,15,7,False,True,normal,pluvieux
2022-07-27 18:02:00,Hôpital de District Bonassama,O+,79,5,0,74,3.8,9,100.0,normale,Attention: proche expiration,2,18,7,False,True,normal,pluvieux
2022-07-28 12:29:12,Hôpital Général Douala,O+,64,15,0,49,3.5,4,81.9,normale,"État satisfaisant, contrôle qualité OK",3,12,7,False,True,normal,ensoleillé
2022-07-28 17:15:02,Hôpital Général Douala,O+,78,16,0,62,4.0,1,57.9,attention,Hémoglobine dans les normes,3,17,7,False,True,normal,ensoleillé
2022-07-28 23:56:10,Clinique des Spécialités,O+,27,7,0,20,3.9,43,99.1,normale,Contrôle bactériologique négatif,3,23,7,False,True,normal,nuageux
2022-07-29 06:08:00,Hôpital Militaire,O+,71,5,0,66,4.0,19,100.0,normale,"Excellent état, conservation parfaite",4,6,7,False,True,normal,ensoleillé
2022-07-29 11:28:13,Hôpital Général Douala,O+,42,15,0,27,4.1,42,98.8,normale,Parfait pour transfusion immédiate,4,11,7,False,True,normal,nuageux
2022-07-29 16:11:31,Hôpital de District Bonassama,O+,79,15,0,64,4.4,35,100.0,normale,"État satisfaisant, contrôle qualité OK",4,16,7,False,True,normal,orageux
2022-07-29 18:42:02,Clinique des Spécialités,O+,65,0,0,65,4.4,22,99.7,normale,Attention: proche expiration,4,18,7,False,True,normal,ensoleillé
2022-07-29 23:14:38,Hôpital Laquintinie,O+,32,8,0,24,3.8,1,59.7,attention,Urgent: vérifier température stockage,4,23,7,False,True,normal,ensoleillé
2022-07-30 01:17:11,Hôpital Laquintinie,O+,26,5,0,21,3.5,8,100.0,normale,"État satisfaisant, contrôle qualité OK",5,1,7,True,True,normal,pluvieux
2022-07-30 10:14:53,Hôpital Militaire,O+,40,9,0,31,4.3,8,100.0,normale,Urgent: vérifier température stockage,5,10,7,True,True,normal,pluvieux
2022-07-30 12:46:38,Hôpital Laquintinie,O+,35,4,0,31,4.5,25,94.5,normale,"Bon état général, légère variation température",5,12,7,True,True,campagne_don,orageux
2022-07-30 13:34:41,Hôpital de District Bonassama,O+,49,4,0,45,4.0,8,92.4,normale,Urgent: vérifier température stockage,5,13,7,True,True,normal,pluvieux
2022-07-30 14:16:48,Hôpital Général Douala,O+,49,6,0,43,4.3,20,99.8,normale,Parfait pour transfusion immédiate,5,14,7,True,True,normal,ensoleillé
2022-07-30 16:25:51,Hôpital Laquintinie,O+,44,4,0,40,3.8,14,96.1,normale,Parfait pour transfusion immédiate,5,16,7,True,True,normal,orageux
2022-07-30 16:36:53,Hôpital Militaire,O+,42,5,0,37,3.6,10,100.0,normale,Hémoglobine dans les normes,5,16,7,True,True,normal,ensoleillé
2022-07-30 17:03:10,Hôpital Laquintinie,O+,57,7,0,50,4.3,1,57.6,attention,Parfait pour transfusion immédiate,5,17,7,True,True,normal,ensoleillé
2022-07-31 03:20:09,Hôpital de District Bonassama,O+,20,12,14,22,4.0,1,59.4,attention,Hémoglobine dans les normes,6,3,7,True,True,normal,pluvieux
2022-07-31 03:55:59,Centre Médical d'Excellence,O+,16,6,21,31,4.6,18,100.0,normale,Contrôle bactériologique négatif,6,3,7,True,True,normal,pluvieux
2022-07-31 06:05:08,Clinique des Spécialités,O+,21,5,0,16,4.2,3,80.8,faible,Urgent: vérifier température stockage,6,6,7,True,True,normal,pluvieux
2022-07-31 18:38:34,Clinique des Spécialités,O+,55,1,0,54,4.5,31,99.3,normale,Parfait pour transfusion immédiate,6,18,7,True,True,normal,ensoleillé
2022-07-31 21:11:54,Hôpital Militaire,O+,64,7,14,71,3.5,5,100.0,normale,Attention: proche expiration,6,21,7,True,True,normal,ensoleillé
2022-07-31 22:03:06,Clinique des Spécialités,O+,33,7,0,26,3.4,4,86.2,normale,"Bon état général, légère variation température",6,22,7,True,True,normal,pluvieux
2022-08-01 04:11:56,Hôpital Laquintinie,O+,30,9,0,21,3.9,19,98.7,normale,"Bon état général, légère variation température",0,4,8,False,True,accident_route,pluvieux
2022-08-01 07:11:06,Clinique des Spécialités,O+,54,11,0,43,4.0,5,96.0,normale,"Bon état général, légère variation température",0,7,8,False,True,normal,nuageux
2022-08-01 09:00:34,Clinique des Spécialités,O+,52,13,15,54,4.9,13,100.0,normale,Parfait pour transfusion immédiate,0,9,8,False,True,normal,ensoleillé
2022-08-01 09:37:04,Hôpital Laquintinie,O+,43,10,16,49,3.4,13,100.0,normale,Parfait pour transfusion immédiate,0,9,8,False,True,normal,nuageux
2022-08-01 12:57:40,Centre Médical d'Excellence,O+,63,13,0,50,4.4,23,100.0,normale,Hémoglobine dans les normes,0,12,8,False,True,normal,ensoleillé
2022-08-01 15:55:49,Centre Médical d'Excellence,O+,61,9,0,52,4.3,3,87.8,normale,Urgent: vérifier température stockage,0,15,8,False,True,normal,nuageux
2022-08-01 19:18:38,Centre Médical d'Excellence,O+,60,8,0,52,4.5,25,100.0,normale,Urgent: vérifier température stockage,0,19,8,False,True,normal,orageux
2022-08-02 06:04:58,Hôpital Militaire,O+,78,14,0,64,4.5,50,100.0,normale,Parfait pour transfusion immédiate,1,6,8,False,True,normal,ensoleillé
2022-08-02 08:17:17,Hôpital Général Douala,O+,67,12,23,78,3.9,30,89.8,normale,Urgent: vérifier température stockage,1,8,8,False,True,normal,ensoleillé
2022-08-02 11:37:47,Hôpital Militaire,O+,55,13,0,42,3.5,6,100.0,normale,"Bon état général, légère variation température",1,11,8,False,True,normal,pluvieux
2022-08-02 14:55:05,Clinique des Spécialités,O+,84,7,27,104,3.9,1,57.2,attention,Attention: proche expiration,1,14,8,False,True,normal,orageux
2022-08-02 17:14:27,Hôpital Militaire,O+,40,1,0,39,3.5,18,88.2,normale,"État satisfaisant, contrôle qualité OK",1,17,8,False,True,normal,orageux
2022-08-02 20:25:11,Hôpital de District Bonassama,O+,51,0,0,51,3.4,7,100.0,normale,Contrôle bactériologique négatif,1,20,8,False,True,normal,ensoleillé
2022-08-02 21:25:42,Clinique des Spécialités,O+,58,7,0,51,4.2,31,100.0,normale,Hémoglobine dans les normes,1,21,8,False,True,accident_route,orageux
2022-08-03 06:48:10,Hôpital de District Bonassama,O+,72,9,0,63,4.3,7,100.0,normale,"État satisfaisant, contrôle qualité OK",2,6,8,False,True,normal,pluvieux
2022-08-03 07:50:09,Hôpital de District Bonassama,O+,54,13,15,56,3.6,9,100.0,normale,"Bon état général, légère variation température",2,7,8,False,True,normal,pluvieux
2022-08-03 07:56:43,Centre Médical d'Excellence,O+,71,10,22,83,4.6,4,86.5,normale,"État satisfaisant, contrôle qualité OK",2,7,8,False,True,normal,nuageux
2022-08-03 08:18:07,Hôpital Militaire,O+,57,5,19,71,4.2,15,100.0,normale,"Bon état général, légère variation température",2,8,8,False,True,normal,pluvieux
2022-08-03 10:52:40,Hôpital Laquintinie,O+,97,12,12,97,3.1,24,100.0,normale,"État satisfaisant, contrôle qualité OK",2,10,8,False,True,normal,nuageux
2022-08-03 13:37:29,Centre Médical d'Excellence,O+,11,13,20,20,3.3,35,100.0,normale,Contrôle bactériologique négatif,2,13,8,False,True,normal,pluvieux
2022-08-03 14:01:10,Hôpital Militaire,O+,65,10,17,72,3.7,22,100.0,normale,"Bon état général, légère variation température",2,14,8,False,True,normal,pluvieux
2022-08-03 18:19:35,Clinique des Spécialités,O+,54,10,0,44,4.0,23,97.9,normale,"Bon état général, légère variation température",2,18,8,False,True,urgence_médicale,pluvieux
2022-08-04 03:03:04,Hôpital de District Bonassama,O+,15,14,15,16,3.6,1,65.2,faible,"Bon état général, légère variation température",3,3,8,False,True,normal,ensoleillé
2022-08-04 07:42:00,Clinique des Spécialités,O+,82,8,0,74,3.7,43,100.0,normale,Attention: proche expiration,3,7,8,False,True,normal,orageux
2022-08-04 09:00:47,Centre Médical d'Excellence,O+,74,11,0,63,4.2,9,100.0,normale,Hémoglobine dans les normes,3,9,8,False,True,normal,pluvieux
2022-08-04 18:02:42,Hôpital Général Douala,O+,43,14,0,29,3.7,11,96.2,normale,"État satisfaisant, contrôle qualité OK",3,18,8,False,True,normal,pluvieux
2022-08-04 19:53:50,Hôpital Militaire,O+,37,15,0,22,4.1,42,100.0,normale,"État satisfaisant, contrôle qualité OK",3,19,8,False,True,normal,ensoleillé
2022-08-04 20:56:16,Hôpital Général Douala,O+,42,13,0,29,3.5,7,100.0,normale,Parfait pour transfusion immédiate,3,20,8,False,True,normal,ensoleillé
2022-08-05 01:51:02,Centre Médical d'Excellence,O+,29,4,0,25,4.1,4,89.1,normale,Attention: proche expiration,4,1,8,False,True,normal,pluvieux
2022-08-05 03:04:45,Hôpital de District Bonassama,O+,9,10,0,0,3.0,11,100.0,critique,URGENT: Stock critique - Hémoglobine dans les normes,4,3,8,False,True,normal,pluvieux
2022-08-05 04:43:25,Hôpital Militaire,O+,32,7,0,25,4.6,1,63.2,attention,Hémoglobine dans les normes,4,4,8,False,True,normal,ensoleillé
2022-08-05 07:57:28,Hôpital de District Bonassama,O+,67,12,23,78,4.4,5,99.0,normale,"Excellent état, conservation parfaite",4,7,8,False,True,normal,ensoleillé
2022-08-06 05:12:43,Hôpital Militaire,O+,19,11,0,8,3.8,5,100.0,critique,"URGENT: Stock critique - Excellent état, conservation parfaite",5,5,8,True,True,normal,nuageux
2022-08-06 06:44:03,Hôpital Général Douala,O+,45,5,20,60,4.3,28,93.4,normale,Hémoglobine dans les normes,5,6,8,True,True,normal,orageux
2022-08-06 08:52:01,Hôpital de District Bonassama,O+,34,8,0,26,3.9,17,100.0,normale,Parfait pour transfusion immédiate,5,8,8,True,True,épidémie,ensoleillé
2022-08-06 15:11:30,Hôpital Militaire,O+,46,7,0,39,3.7,15,95.4,normale,"État satisfaisant, contrôle qualité OK",5,15,8,True,True,normal,ensoleillé
2022-08-06 16:32:54,Hôpital Laquintinie,O+,32,6,0,26,3.3,1,57.6,attention,Contrôle bactériologique négatif,5,16,8,True,True,normal,ensoleillé
2022-08-07 02:40:07,Hôpital Général Douala,O+,16,5,0,11,3.7,1,52.8,faible,"État satisfaisant, contrôle qualité OK",6,2,8,True,True,normal,ensoleillé
2022-08-07 12:51:44,Hôpital Général Douala,O+,48,8,0,40,4.3,1,61.2,attention,Attention: proche expiration,6,12,8,True,True,normal,ensoleillé
2022-08-07 15:58:13,Hôpital Général Douala,O+,27,3,0,24,3.9,16,100.0,normale,"Bon état général, légère variation température",6,15,8,True,True,normal,pluvieux
2022-08-07 20:36:20,Hôpital Laquintinie,O+,42,4,22,60,4.4,1,57.0,attention,Hémoglobine dans les normes,6,20,8,True,True,normal,ensoleillé
2022-08-08 02:59:46,Hôpital Général Douala,O+,19,13,21,27,4.5,26,100.0,normale,"Bon état général, légère variation température",0,2,8,False,True,normal,orageux
2022-08-08 14:02:10,Hôpital Militaire,O+,88,10,0,78,5.3,34,99.6,normale,Hémoglobine dans les normes,0,14,8,False,True,normal,ensoleillé
2022-08-08 19:28:41,Clinique des Spécialités,O+,70,11,0,59,3.8,2,84.0,normale,Urgent: vérifier température stockage,0,19,8,False,True,urgence_médicale,nuageux
2022-08-08 21:54:31,Hôpital Laquintinie,O+,55,12,23,66,4.2,18,96.1,normale,Urgent: vérifier température stockage,0,21,8,False,True,épidémie,ensoleillé
2022-08-09 00:05:48,Hôpital Général Douala,O+,48,8,0,40,4.1,17,100.0,normale,Contrôle bactériologique négatif,1,0,8,False,True,normal,ensoleillé
2022-08-09 00:28:24,Hôpital Militaire,O+,34,11,0,23,3.5,1,70.2,normale,Parfait pour transfusion immédiate,1,0,8,False,True,normal,pluvieux
2022-08-09 01:02:21,Hôpital Laquintinie,O+,18,9,21,30,4.3,23,100.0,normale,Urgent: vérifier température stockage,1,1,8,False,True,normal,ensoleillé
2022-08-09 06:54:01,Hôpital Militaire,O+,57,13,0,44,3.7,33,100.0,normale,"Bon état général, légère variation température",1,6,8,False,True,normal,nuageux
2022-08-09 10:09:43,Hôpital Laquintinie,O+,81,2,0,79,4.6,20,100.0,normale,Parfait pour transfusion immédiate,1,10,8,False,True,normal,nuageux
2022-08-09 14:23:46,Hôpital Laquintinie,O+,81,12,0,69,3.9,17,98.2,normale,Hémoglobine dans les normes,1,14,8,False,True,normal,nuageux
2022-08-09 15:02:39,Hôpital Général Douala,O+,65,9,0,56,3.8,7,93.1,normale,Attention: proche expiration,1,15,8,False,True,normal,pluvieux
2022-08-09 17:24:40,Hôpital Laquintinie,O+,61,9,0,52,3.6,13,97.3,normale,Parfait pour transfusion immédiate,1,17,8,False,True,normal,orageux
2022-08-09 20:28:09,Centre Médical d'Excellence,O+,51,9,0,42,4.1,4,87.2,normale,Parfait pour transfusion immédiate,1,20,8,False,True,normal,nuageux
2022-08-09 21:15:55,Hôpital Laquintinie,O+,72,3,0,69,3.7,3,76.9,normale,Urgent: vérifier température stockage,1,21,8,False,True,normal,pluvieux
2022-08-09 22:18:00,Hôpital Général Douala,O+,54,9,0,45,4.0,3,82.6,normale,"État satisfaisant, contrôle qualité OK",1,22,8,False,True,normal,ensoleillé
2022-08-09 23:07:55,Hôpital Général Douala,O+,45,5,30,70,4.3,38,100.0,normale,Hémoglobine dans les normes,1,23,8,False,True,normal,pluvieux
2022-08-10 00:36:49,Centre Médical d'Excellence,O+,21,7,21,35,3.9,25,100.0,normale,Attention: proche expiration,2,0,8,False,True,normal,pluvieux
2022-08-10 02:16:02,Hôpital Laquintinie,O+,32,7,0,25,4.4,18,93.7,normale,"Excellent état, conservation parfaite",2,2,8,False,True,normal,pluvieux
2022-08-10 07:26:29,Clinique des Spécialités,O+,47,2,27,72,4.5,24,99.8,normale,"État satisfaisant, contrôle qualité OK",2,7,8,False,True,normal,ensoleillé
2022-08-10 09:57:35,Hôpital de District Bonassama,O+,88,4,0,84,3.8,43,100.0,normale,"État satisfaisant, contrôle qualité OK",2,9,8,False,True,normal,pluvieux
2022-08-10 22:21:31,Centre Médical d'Excellence,O+,42,8,0,34,2.9,19,100.0,normale,Parfait pour transfusion immédiate,2,22,8,False,True,normal,ensoleillé
2022-08-11 01:50:03,Hôpital Laquintinie,O+,16,7,28,37,3.6,27,100.0,normale,"Bon état général, légère variation température",3,1,8,False,True,normal,orageux
2022-08-11 02:05:01,Hôpital Laquintinie,O+,36,3,0,33,3.9,24,99.9,normale,Urgent: vérifier température stockage,3,2,8,False,True,normal,ensoleillé
2022-08-11 12:31:10,Clinique des Spécialités,O+,66,5,30,91,3.9,2,82.9,normale,"Bon état général, légère variation température",3,12,8,False,True,normal,pluvieux
2022-08-11 14:00:11,Centre Médical d'Excellence,O+,54,8,19,65,4.1,13,100.0,normale,"Bon état général, légère variation température",3,14,8,False,True,normal,nuageux
2022-08-11 22:53:56,Clinique des Spécialités,O+,56,7,0,49,4.3,2,96.0,normale,Parfait pour transfusion immédiate,3,22,8,False,True,normal,nuageux
2022-08-12 01:33:33,Clinique des Spécialités,O+,35,6,0,29,3.8,5,89.3,normale,Contrôle bactériologique négatif,4,1,8,False,True,normal,nuageux
2022-08-12 02:38:08,Hôpital Laquintinie,O+,25,12,16,29,4.3,1,54.3,attention,Attention: proche expiration,4,2,8,False,True,normal,nuageux
2022-08-12 03:27:57,Hôpital Général Douala,O+,20,9,22,33,3.7,10,94.0,normale,Contrôle bactériologique négatif,4,3,8,False,True,normal,ensoleillé
2022-08-12 05:07:58,Clinique des Spécialités,O+,33,15,0,18,3.6,7,95.8,faible,Contrôle bactériologique négatif,4,5,8,False,True,normal,ensoleillé
2022-08-12 10:54:44,Clinique des Spécialités,O+,33,7,0,26,4.2,15,99.2,normale,"Bon état général, légère variation température",4,10,8,False,True,normal,ensoleillé
2022-08-12 20:46:08,Hôpital Général Douala,O+,49,5,0,44,3.6,1,56.1,attention,"Excellent état, conservation parfaite",4,20,8,False,True,normal,pluvieux
2022-08-12 21:45:56,Clinique des Spécialités,O+,50,8,0,42,4.1,74,95.8,normale,Hémoglobine dans les normes,4,21,8,False,True,normal,nuageux
2022-08-13 04:05:28,Hôpital Militaire,O+,12,3,0,9,5.1,20,97.6,critique,URGENT: Stock critique - Urgent: vérifier température stockage,5,4,8,True,True,normal,nuageux
2022-08-13 05:12:16,Hôpital Militaire,O+,6,3,0,3,4.6,27,100.0,critique,"URGENT: Stock critique - Bon état général, légère variation température",5,5,8,True,True,normal,ensoleillé
2022-08-13 07:15:33,Hôpital de District Bonassama,O+,47,7,0,40,4.6,38,98.0,normale,"Excellent état, conservation parfaite",5,7,8,True,True,normal,ensoleillé
2022-08-13 11:25:39,Clinique des Spécialités,O+,37,3,0,34,4.0,19,95.1,normale,Hémoglobine dans les normes,5,11,8,True,True,normal,nuageux
2022-08-13 15:14:10,Hôpital Militaire,O+,38,10,15,43,4.6,1,68.1,attention,"Bon état général, légère variation température",5,15,8,True,True,normal,ensoleillé
2022-08-13 17:33:45,Hôpital Militaire,O+,52,6,17,63,3.9,20,95.5,normale,Contrôle bactériologique négatif,5,17,8,True,True,normal,pluvieux
2022-08-13 22:26:51,Hôpital Laquintinie,O+,77,7,0,70,4.0,9,100.0,normale,Parfait pour transfusion immédiate,5,22,8,True,True,normal,ensoleillé
2022-08-14 01:56:49,Centre Médical d'Excellence,O+,12,7,0,5,4.1,6,94.4,critique,"URGENT: Stock critique - Bon état général, légère variation température",6,1,8,True,True,normal,ensoleillé
2022-08-14 02:46:12,Centre Médical d'Excellence,O+,36,6,0,30,3.6,15,100.0,normale,"Excellent état, conservation parfaite",6,2,8,True,True,normal,ensoleillé
2022-08-14 03:18:40,Hôpital Laquintinie,O+,12,6,0,6,3.7,25,100.0,critique,"URGENT: Stock critique - État satisfaisant, contrôle qualité OK",6,3,8,True,True,normal,ensoleillé
2022-08-14 05:13:16,Hôpital Général Douala,O+,18,6,25,37,5.1,9,97.6,normale,"Excellent état, conservation parfaite",6,5,8,True,True,normal,ensoleillé
2022-08-14 09:56:37,Centre Médical d'Excellence,O+,52,5,0,47,3.5,26,100.0,normale,"État satisfaisant, contrôle qualité OK",6,9,8,True,True,normal,ensoleillé
2022-08-14 16:47:39,Hôpital Laquintinie,O+,49,7,0,42,4.3,8,93.2,normale,Hémoglobine dans les normes,6,16,8,True,True,normal,ensoleillé
2022-08-14 18:09:30,Clinique des Spécialités,O+,59,4,0,55,4.6,11,98.7,normale,Urgent: vérifier température stockage,6,18,8,True,True,normal,orageux
2022-08-14 21:25:22,Hôpital Militaire,O+,44,4,0,40,5.1,17,100.0,normale,"Bon état général, légère variation température",6,21,8,True,True,normal,pluvieux
2022-08-15 00:37:03,Centre Médical d'Excellence,O+,24,12,0,12,4.0,14,100.0,faible,Urgent: vérifier température stockage,0,0,8,False,True,normal,ensoleillé
2022-08-15 03:58:36,Hôpital de District Bonassama,O+,30,14,0,16,3.6,51,91.7,faible,"État satisfaisant, contrôle qualité OK",0,3,8,False,True,normal,pluvieux
2022-08-15 10:00:52,Centre Médical d'Excellence,O+,36,10,16,42,4.7,1,54.1,attention,Hémoglobine dans les normes,0,10,8,False,True,normal,ensoleillé
2022-08-15 10:16:01,Hôpital de District Bonassama,O+,29,7,0,22,3.9,9,100.0,normale,"Bon état général, légère variation température",0,10,8,False,True,normal,ensoleillé
2022-08-15 11:43:35,Hôpital Laquintinie,O+,34,4,0,30,4.4,1,63.5,attention,Contrôle bactériologique négatif,0,11,8,False,True,normal,ensoleillé
2022-08-15 14:40:26,Hôpital Laquintinie,O+,39,8,0,31,4.1,5,95.0,normale,Hémoglobine dans les normes,0,14,8,False,True,normal,ensoleillé
2022-08-15 18:58:05,Clinique des Spécialités,O+,54,7,0,47,3.8,27,97.6,normale,Contrôle bactériologique négatif,0,18,8,False,True,normal,orageux
2022-08-15 20:57:02,Centre Médical d'Excellence,O+,68,8,0,60,4.3,28,100.0,normale,Hémoglobine dans les normes,0,20,8,False,True,normal,orageux
2022-08-15 21:49:18,Hôpital Militaire,O+,17,9,0,8,4.2,33,92.6,critique,URGENT: Stock critique - Urgent: vérifier température stockage,0,21,8,False,True,normal,pluvieux
2022-08-16 00:12:08,Hôpital Général Douala,O+,27,11,0,16,4.5,16,100.0,faible,Attention: proche expiration,1,0,8,False,True,normal,nuageux
2022-08-16 04:30:45,Hôpital Militaire,O+,25,8,37,54,2.8,6,94.7,normale,"Bon état général, légère variation température",1,4,8,False,True,normal,nuageux
2022-08-16 07:06:22,Centre Médical d'Excellence,O+,67,10,0,57,4.6,33,89.9,normale,Parfait pour transfusion immédiate,1,7,8,False,True,normal,pluvieux
2022-08-16 17:04:28,Hôpital de District Bonassama,O+,72,6,0,66,3.5,10,97.9,normale,Parfait pour transfusion immédiate,1,17,8,False,True,normal,pluvieux
2022-08-16 17:14:21,Hôpital Général Douala,O+,61,14,0,47,3.4,26,100.0,normale,Hémoglobine dans les normes,1,17,8,False,True,normal,ensoleillé
2022-08-16 20:46:18,Centre Médical d'Excellence,O+,75,9,0,66,3.3,16,97.2,normale,Contrôle bactériologique négatif,1,20,8,False,True,normal,ensoleillé
2022-08-16 22:09:57,Hôpital Laquintinie,O+,37,4,19,52,4.5,8,100.0,normale,"Excellent état, conservation parfaite",1,22,8,False,True,normal,nuageux
2022-08-17 00:37:21,Hôpital Militaire,O+,31,18,23,36,2.8,18,100.0,normale,Contrôle bactériologique négatif,2,0,8,False,True,normal,ensoleillé
2022-08-17 04:12:10,Hôpital Général Douala,O+,33,11,17,39,3.9,20,93.2,normale,Urgent: vérifier température stockage,2,4,8,False,True,normal,nuageux
2022-08-17 04:31:54,Hôpital Laquintinie,O+,45,6,21,60,3.4,17,100.0,normale,"Excellent état, conservation parfaite",2,4,8,False,True,normal,pluvieux
2022-08-17 13:15:05,Hôpital de District Bonassama,O+,46,19,0,27,4.3,2,71.8,normale,Attention: proche expiration,2,13,8,False,True,normal,pluvieux
2022-08-17 18:47:58,Clinique des Spécialités,O+,45,8,13,50,4.5,37,100.0,normale,Hémoglobine dans les normes,2,18,8,False,True,normal,ensoleillé
2022-08-18 03:53:58,Hôpital Général Douala,O+,20,14,0,6,4.8,3,82.4,critique,URGENT: Stock critique - Attention: proche expiration,3,3,8,False,True,normal,nuageux
2022-08-18 06:12:33,Hôpital de District Bonassama,O+,56,14,0,42,3.9,3,79.2,normale,Urgent: vérifier température stockage,3,6,8,False,True,normal,ensoleillé
2022-08-18 07:30:00,Hôpital de District Bonassama,O+,59,17,0,42,3.6,8,98.4,normale,Attention: proche expiration,3,7,8,False,True,normal,nuageux
2022-08-18 09:44:43,Hôpital Militaire,O+,58,11,20,67,3.6,4,82.9,normale,"Excellent état, conservation parfaite",3,9,8,False,True,normal,ensoleillé
2022-08-18 10:16:21,Centre Médical d'Excellence,O+,51,6,0,45,4.6,41,99.4,normale,"Bon état général, légère variation température",3,10,8,False,True,normal,ensoleillé
2022-08-18 13:18:11,Hôpital Militaire,O+,79,10,20,89,3.8,1,67.6,attention,"État satisfaisant, contrôle qualité OK",3,13,8,False,True,normal,nuageux
2022-08-18 14:28:11,Centre Médical d'Excellence,O+,57,11,0,46,3.9,3,86.0,normale,"Excellent état, conservation parfaite",3,14,8,False,True,normal,pluvieux
2022-08-19 08:50:16,Centre Médical d'Excellence,O+,44,1,0,43,3.7,2,90.3,normale,"Bon état général, légère variation température",4,8,8,False,True,normal,pluvieux
2022-08-19 11:02:05,Hôpital de District Bonassama,O+,47,6,0,41,4.5,24,100.0,normale,Urgent: vérifier température stockage,4,11,8,False,True,normal,ensoleillé
2022-08-20 00:46:24,Hôpital de District Bonassama,O+,21,3,19,37,4.0,2,77.9,normale,Contrôle bactériologique négatif,5,0,8,True,True,normal,pluvieux
2022-08-20 03:56:15,Hôpital Militaire,O+,16,7,26,35,3.9,15,99.5,normale,"Bon état général, légère variation température",5,3,8,True,True,normal,pluvieux
2022-08-20 14:53:34,Hôpital Laquintinie,O+,23,8,0,15,4.3,1,57.9,faible,Attention: proche expiration,5,14,8,True,True,normal,ensoleillé
2022-08-20 18:26:02,Hôpital de District Bonassama,O+,38,4,0,34,3.6,10,93.3,normale,"Excellent état, conservation parfaite",5,18,8,True,True,normal,ensoleillé
2022-08-20 20:25:39,Hôpital Laquintinie,O+,25,4,21,42,5.1,6,100.0,normale,Contrôle bactériologique négatif,5,20,8,True,True,normal,nuageux
2022-08-20 22:32:35,Hôpital Militaire,O+,31,9,0,22,4.5,15,100.0,normale,Contrôle bactériologique négatif,5,22,8,True,True,normal,ensoleillé
2022-08-21 01:52:12,Clinique des Spécialités,O+,16,8,0,8,4.6,43,100.0,critique,"URGENT: Stock critique - Excellent état, conservation parfaite",6,1,8,True,True,normal,ensoleillé
2022-08-21 12:49:27,Hôpital Général Douala,O+,41,6,21,56,4.4,13,94.2,normale,Parfait pour transfusion immédiate,6,12,8,True,True,normal,pluvieux
2022-08-21 17:08:41,Hôpital Laquintinie,O+,30,8,0,22,3.5,3,89.1,normale,"Bon état général, légère variation température",6,17,8,True,True,normal,orageux
2022-08-21 19:47:13,Clinique des Spécialités,O+,29,5,0,24,3.2,6,96.8,normale,Hémoglobine dans les normes,6,19,8,True,True,normal,nuageux
2022-08-22 04:02:13,Hôpital Général Douala,O+,27,6,0,21,3.6,1,58.4,attention,Contrôle bactériologique négatif,0,4,8,False,True,normal,ensoleillé
2022-08-22 05:41:57,Centre Médical d'Excellence,O+,26,12,0,14,3.6,50,92.3,faible,Parfait pour transfusion immédiate,0,5,8,False,True,normal,ensoleillé
2022-08-22 06:24:46,Hôpital de District Bonassama,O+,52,7,0,45,3.7,1,54.2,attention,Contrôle bactériologique négatif,0,6,8,False,True,normal,pluvieux
2022-08-22 06:37:50,Hôpital de District Bonassama,O+,55,13,0,42,4.8,20,100.0,normale,Contrôle bactériologique négatif,0,6,8,False,True,normal,nuageux
2022-08-22 21:13:03,Centre Médical d'Excellence,O+,82,7,28,103,3.7,6,100.0,normale,"État satisfaisant, contrôle qualité OK",0,21,8,False,True,normal,ensoleillé
2022-08-22 21:51:54,Centre Médical d'Excellence,O+,89,16,0,73,4.1,36,99.0,normale,Urgent: vérifier température stockage,0,21,8,False,True,normal,ensoleillé
2022-08-23 05:28:53,Hôpital Général Douala,O+,35,11,18,42,4.2,15,95.9,normale,Attention: proche expiration,1,5,8,False,True,normal,ensoleillé
2022-08-23 06:47:48,Hôpital de District Bonassama,O+,78,10,0,68,3.9,2,89.1,normale,Hémoglobine dans les normes,1,6,8,False,True,normal,ensoleillé
2022-08-23 07:05:07,Hôpital Militaire,O+,85,11,0,74,3.6,1,55.7,attention,"Bon état général, légère variation température",1,7,8,False,True,normal,pluvieux
2022-08-23 09:17:48,Hôpital Laquintinie,O+,77,12,15,80,3.9,10,96.7,normale,Urgent: vérifier température stockage,1,9,8,False,True,normal,ensoleillé
2022-08-23 09:18:36,Hôpital Militaire,O+,58,10,0,48,4.1,3,93.0,normale,"État satisfaisant, contrôle qualité OK",1,9,8,False,True,normal,pluvieux
2022-08-23 10:44:10,Clinique des Spécialités,O+,48,9,17,56,4.2,9,100.0,normale,Attention: proche expiration,1,10,8,False,True,normal,ensoleillé
2022-08-23 10:50:10,Centre Médical d'Excellence,O+,78,6,0,72,4.5,23,99.7,normale,"État satisfaisant, contrôle qualité OK",1,10,8,False,True,normal,pluvieux
2022-08-23 11:10:51,Hôpital Général Douala,O+,71,5,0,66,4.4,10,100.0,normale,Parfait pour transfusion immédiate,1,11,8,False,True,normal,nuageux
2022-08-23 15:26:32,Hôpital Laquintinie,O+,38,13,0,25,4.2,4,74.4,normale,Urgent: vérifier température stockage,1,15,8,False,True,normal,pluvieux
2022-08-23 15:53:24,Hôpital de District Bonassama,O+,29,6,0,23,4.0,7,100.0,normale,Attention: proche expiration,1,15,8,False,True,normal,pluvieux
2022-08-23 16:23:33,Hôpital de District Bonassama,O+,70,0,0,70,3.8,6,99.2,normale,"État satisfaisant, contrôle qualité OK",1,16,8,False,True,normal,pluvieux
2022-08-23 19:46:08,Centre Médical d'Excellence,O+,57,5,22,74,3.7,1,66.1,attention,Contrôle bactériologique négatif,1,19,8,False,True,normal,nuageux
2022-08-23 23:19:41,Clinique des Spécialités,O+,22,7,0,15,4.7,6,99.4,faible,Urgent: vérifier température stockage,1,23,8,False,True,normal,ensoleillé
2022-08-24 01:24:28,Centre Médical d'Excellence,O+,13,18,0,0,3.9,22,100.0,critique,URGENT: Stock critique - Contrôle bactériologique négatif,2,1,8,False,True,normal,pluvieux
2022-08-24 04:58:55,Hôpital de District Bonassama,O+,36,7,19,48,3.4,3,81.3,normale,Parfait pour transfusion immédiate,2,4,8,False,True,normal,ensoleillé
2022-08-24 05:07:28,Centre Médical d'Excellence,O+,31,3,18,46,4.2,2,87.4,normale,Parfait pour transfusion immédiate,2,5,8,False,True,normal,nuageux
2022-08-24 09:21:13,Hôpital Général Douala,O+,46,9,0,37,3.4,24,93.3,normale,Parfait pour transfusion immédiate,2,9,8,False,True,normal,ensoleillé
2022-08-24 11:50:03,Hôpital Laquintinie,O+,59,9,0,50,3.7,1,60.8,attention,"Bon état général, légère variation température",2,11,8,False,True,normal,ensoleillé
2022-08-25 00:38:22,Hôpital de District Bonassama,O+,29,6,0,23,3.9,22,91.6,normale,"État satisfaisant, contrôle qualité OK",3,0,8,False,True,normal,nuageux
2022-08-25 01:16:48,Hôpital Militaire,O+,34,9,16,41,4.4,7,100.0,normale,Contrôle bactériologique négatif,3,1,8,False,True,normal,nuageux
2022-08-25 01:22:28,Hôpital Laquintinie,O+,24,3,23,44,4.1,5,96.4,normale,"Bon état général, légère variation température",3,1,8,False,True,normal,pluvieux
2022-08-25 09:46:01,Hôpital Laquintinie,O+,64,14,0,50,4.1,1,58.0,attention,Hémoglobine dans les normes,3,9,8,False,True,normal,nuageux
2022-08-25 13:13:33,Hôpital Général Douala,O+,74,4,0,70,3.8,27,95.1,normale,"État satisfaisant, contrôle qualité OK",3,13,8,False,True,normal,orageux
2022-08-25 14:07:02,Centre Médical d'Excellence,O+,63,0,0,63,4.2,13,97.3,normale,"Excellent état, conservation parfaite",3,14,8,False,True,normal,pluvieux
2022-08-25 15:14:12,Hôpital Militaire,O+,71,6,0,65,3.4,16,100.0,normale,Attention: proche expiration,3,15,8,False,True,normal,nuageux
2022-08-25 15:43:34,Hôpital Laquintinie,O+,63,11,22,74,3.9,1,59.4,attention,"Excellent état, conservation parfaite",3,15,8,False,True,normal,ensoleillé
2022-08-25 15:51:17,Hôpital Général Douala,O+,52,0,15,67,4.3,1,55.0,attention,Attention: proche expiration,3,15,8,False,True,normal,ensoleillé
2022-08-25 17:34:27,Hôpital Laquintinie,O+,53,8,0,45,3.6,2,83.9,normale,"Excellent état, conservation parfaite",3,17,8,False,True,normal,ensoleillé
2022-08-25 18:33:58,Clinique des Spécialités,O+,56,8,0,48,4.3,4,83.8,normale,"Bon état général, légère variation température",3,18,8,False,True,normal,ensoleillé
2022-08-25 19:58:48,Hôpital Général Douala,O+,80,9,0,71,3.9,8,100.0,normale,Hémoglobine dans les normes,3,19,8,False,True,normal,pluvieux
2022-08-25 20:15:39,Hôpital Militaire,O+,78,6,0,72,4.0,1,56.0,attention,"Excellent état, conservation parfaite",3,20,8,False,True,normal,ensoleillé
2022-08-26 04:41:45,Hôpital de District Bonassama,O+,32,10,17,39,4.0,6,100.0,normale,Attention: proche expiration,4,4,8,False,True,normal,orageux
2022-08-26 10:12:14,Hôpital Laquintinie,O+,54,10,0,44,4.5,5,100.0,normale,Contrôle bactériologique négatif,4,10,8,False,True,normal,ensoleillé
2022-08-26 20:05:38,Hôpital Général Douala,O+,86,11,12,87,4.4,18,97.8,normale,"Excellent état, conservation parfaite",4,20,8,False,True,normal,nuageux
2022-08-27 01:28:51,Clinique des Spécialités,O+,29,7,0,22,5.6,1,62.8,attention,Contrôle bactériologique négatif,5,1,8,True,True,normal,pluvieux
2022-08-27 01:29:48,Hôpital Laquintinie,O+,26,5,17,38,3.9,1,71.2,normale,Urgent: vérifier température stockage,5,1,8,True,True,normal,pluvieux
2022-08-27 03:52:00,Hôpital de District Bonassama,O+,27,7,0,20,4.6,8,100.0,normale,Contrôle bactériologique négatif,5,3,8,True,True,normal,ensoleillé
2022-08-27 18:52:45,Hôpital de District Bonassama,O+,41,7,25,59,4.6,2,84.1,normale,"Bon état général, légère variation température",5,18,8,True,True,normal,nuageux
2022-08-27 22:17:59,Centre Médical d'Excellence,O+,44,7,0,37,4.1,59,100.0,normale,Contrôle bactériologique négatif,5,22,8,True,True,normal,nuageux
2022-08-28 00:31:09,Centre Médical d'Excellence,O+,17,6,0,11,3.8,12,100.0,faible,"Excellent état, conservation parfaite",6,0,8,True,True,normal,ensoleillé
2022-08-28 06:12:07,Hôpital de District Bonassama,O+,39,11,0,28,4.3,2,80.4,normale,Contrôle bactériologique négatif,6,6,8,True,True,normal,ensoleillé
2022-08-28 07:04:06,Hôpital Laquintinie,O+,46,7,0,39,4.5,11,98.9,normale,Hémoglobine dans les normes,6,7,8,True,True,épidémie,ensoleillé
2022-08-28 10:21:07,Clinique des Spécialités,O+,43,9,0,34,4.5,26,100.0,normale,Hémoglobine dans les normes,6,10,8,True,True,normal,pluvieux
2022-08-28 10:31:18,Centre Médical d'Excellence,O+,64,9,22,77,4.3,12,93.0,normale,"Excellent état, conservation parfaite",6,10,8,True,True,normal,ensoleillé
2022-08-28 11:16:20,Hôpital Laquintinie,O+,49,7,0,42,3.9,14,98.9,normale,"Bon état général, légère variation température",6,11,8,True,True,normal,nuageux
2022-08-28 12:07:26,Centre Médical d'Excellence,O+,48,6,0,42,4.3,1,64.8,attention,Contrôle bactériologique négatif,6,12,8,True,True,normal,pluvieux
2022-08-28 15:36:41,Hôpital Laquintinie,O+,32,6,0,26,4.8,25,100.0,normale,Parfait pour transfusion immédiate,6,15,8,True,True,normal,nuageux
2022-08-29 01:10:00,Hôpital de District Bonassama,O+,29,14,0,15,4.9,16,100.0,faible,Parfait pour transfusion immédiate,0,1,8,False,True,normal,ensoleillé
2022-08-29 05:35:04,Hôpital de District Bonassama,O+,11,6,0,5,4.1,22,99.6,critique,"URGENT: Stock critique - État satisfaisant, contrôle qualité OK",0,5,8,False,True,normal,ensoleillé
2022-08-29 21:58:42,Hôpital Laquintinie,O+,75,12,23,86,4.0,22,96.5,normale,Parfait pour transfusion immédiate,0,21,8,False,True,normal,nuageux
2022-08-29 23:56:13,Hôpital Général Douala,O+,25,11,0,14,3.6,25,95.6,faible,"État satisfaisant, contrôle qualité OK",0,23,8,False,True,normal,pluvieux
2022-08-30 01:30:20,Hôpital Général Douala,O+,54,9,0,45,3.7,1,64.6,attention,"État satisfaisant, contrôle qualité OK",1,1,8,False,True,normal,pluvieux
2022-08-30 04:53:44,Hôpital Laquintinie,O+,37,8,0,29,4.9,15,97.5,normale,Parfait pour transfusion immédiate,1,4,8,False,True,épidémie,pluvieux
2022-08-30 20:29:54,Hôpital Laquintinie,O+,63,9,0,54,4.5,45,100.0,normale,Hémoglobine dans les normes,1,20,8,False,True,normal,nuageux
2022-08-31 00:09:01,Hôpital Laquintinie,O+,46,16,11,41,4.1,22,92.8,normale,Contrôle bactériologique négatif,2,0,8,False,True,normal,nuageux
2022-08-31 06:03:26,Hôpital Général Douala,O+,82,12,17,87,3.4,25,100.0,normale,Parfait pour transfusion immédiate,2,6,8,False,True,normal,ensoleillé
2022-08-31 10:08:24,Hôpital Laquintinie,O+,45,7,0,38,3.7,1,62.8,attention,Hémoglobine dans les normes,2,10,8,False,True,normal,orageux
2022-08-31 10:45:55,Hôpital Général Douala,O+,48,7,0,41,4.0,1,66.7,attention,"État satisfaisant, contrôle qualité OK",2,10,8,False,True,normal,pluvieux
2022-08-31 15:14:12,Hôpital Laquintinie,O+,52,15,24,61,4.4,6,99.8,normale,Hémoglobine dans les normes,2,15,8,False,True,normal,nuageux
2022-08-31 16:18:57,Hôpital Général Douala,O+,87,12,0,75,4.2,19,96.2,normale,Parfait pour transfusion immédiate,2,16,8,False,True,normal,nuageux
2022-08-31 16:28:10,Hôpital Militaire,O+,47,7,22,62,4.0,7,100.0,normale,Hémoglobine dans les normes,2,16,8,False,True,normal,pluvieux
2022-08-31 17:25:01,Centre Médical d'Excellence,O+,64,8,0,56,4.3,1,51.8,attention,Urgent: vérifier température stockage,2,17,8,False,True,normal,ensoleillé
2022-08-31 18:19:24,Centre Médical d'Excellence,O+,37,10,0,27,4.3,5,94.6,normale,Contrôle bactériologique négatif,2,18,8,False,True,normal,orageux
2022-08-31 20:17:33,Clinique des Spécialités,O+,61,3,0,58,4.2,21,98.8,normale,Urgent: vérifier température stockage,2,20,8,False,True,normal,pluvieux
2022-08-31 21:25:43,Clinique des Spécialités,O+,65,13,0,52,4.8,21,94.2,normale,"Bon état général, légère variation température",2,21,8,False,True,normal,ensoleillé
2022-09-01 09:19:21,Hôpital Militaire,O+,48,8,0,40,3.9,1,57.5,attention,Urgent: vérifier température stockage,3,9,9,False,False,normal,pluvieux
2022-09-01 11:43:45,Clinique des Spécialités,O+,41,10,0,31,3.5,3,83.1,normale,Contrôle bactériologique négatif,3,11,9,False,False,normal,ensoleillé
2022-09-01 14:01:02,Hôpital de District Bonassama,O+,44,3,0,41,4.2,19,95.6,normale,Contrôle bactériologique négatif,3,14,9,False,False,normal,ensoleillé
2022-09-01 19:36:32,Hôpital Laquintinie,O+,39,4,0,35,3.5,8,100.0,normale,Attention: proche expiration,3,19,9,False,False,normal,pluvieux
2022-09-02 07:01:29,Hôpital Laquintinie,O+,44,8,24,60,4.0,4,92.0,normale,"Bon état général, légère variation température",4,7,9,False,False,normal,nuageux
2022-09-02 14:14:55,Hôpital Militaire,O+,54,5,0,49,4.0,4,82.5,normale,Contrôle bactériologique négatif,4,14,9,False,False,normal,pluvieux
2022-09-02 18:54:53,Hôpital Laquintinie,O+,61,6,0,55,3.9,7,100.0,normale,Contrôle bactériologique négatif,4,18,9,False,False,normal,ensoleillé
2022-09-03 01:23:57,Hôpital Général Douala,O+,15,3,0,12,4.2,23,100.0,faible,"État satisfaisant, contrôle qualité OK",5,1,9,True,False,normal,nuageux
2022-09-03 02:14:24,Hôpital Laquintinie,O+,15,7,0,8,4.2,5,100.0,critique,URGENT: Stock critique - Parfait pour transfusion immédiate,5,2,9,True,False,normal,ensoleillé
2022-09-03 05:34:56,Hôpital de District Bonassama,O+,15,3,19,31,3.5,42,100.0,normale,Attention: proche expiration,5,5,9,True,False,normal,ensoleillé
2022-09-03 11:48:50,Clinique des Spécialités,O+,46,0,0,46,3.8,1,54.7,attention,Parfait pour transfusion immédiate,5,11,9,True,False,campagne_don,ensoleillé
2022-09-03 14:35:22,Hôpital Militaire,O+,26,7,22,41,3.6,28,100.0,normale,"État satisfaisant, contrôle qualité OK",5,14,9,True,False,normal,ensoleillé
2022-09-03 19:46:27,Hôpital de District Bonassama,O+,38,4,0,34,4.1,2,91.9,normale,Attention: proche expiration,5,19,9,True,False,normal,ensoleillé
2022-09-03 20:15:17,Hôpital de District Bonassama,O+,24,4,0,20,4.4,5,99.7,normale,"Excellent état, conservation parfaite",5,20,9,True,False,normal,ensoleillé
2022-09-03 21:48:33,Hôpital Laquintinie,O+,25,6,0,19,3.6,6,98.0,faible,"Bon état général, légère variation température",5,21,9,True,False,normal,nuageux
2022-09-04 05:49:26,Centre Médical d'Excellence,O+,15,8,0,7,4.0,1,61.9,critique,"URGENT: Stock critique - État satisfaisant, contrôle qualité OK",6,5,9,True,False,normal,pluvieux
2022-09-04 19:26:05,Hôpital Militaire,O+,24,8,14,30,4.0,3,89.9,normale,Contrôle bactériologique négatif,6,19,9,True,False,normal,nuageux
2022-09-05 12:07:32,Hôpital de District Bonassama,O+,73,6,0,67,4.2,26,95.6,normale,Attention: proche expiration,0,12,9,False,False,normal,ensoleillé
2022-09-05 12:42:59,Hôpital Laquintinie,O+,23,10,0,13,3.8,11,95.0,faible,"Excellent état, conservation parfaite",0,12,9,False,False,normal,ensoleillé
2022-09-05 13:38:27,Hôpital Laquintinie,O+,48,7,19,60,3.8,15,96.8,normale,Hémoglobine dans les normes,0,13,9,False,False,normal,pluvieux
2022-09-05 16:47:44,Hôpital Militaire,O+,30,13,26,43,4.1,20,100.0,normale,"État satisfaisant, contrôle qualité OK",0,16,9,False,False,normal,ensoleillé
2022-09-05 16:54:12,Hôpital Laquintinie,O+,55,3,0,52,3.5,1,65.4,attention,Urgent: vérifier température stockage,0,16,9,False,False,normal,nuageux
2022-09-06 00:29:20,Hôpital Militaire,O+,16,6,17,27,4.2,3,81.2,normale,Attention: proche expiration,1,0,9,False,False,normal,pluvieux
2022-09-06 00:29:30,Hôpital Général Douala,O+,16,4,0,12,3.8,18,93.4,faible,Contrôle bactériologique négatif,1,0,9,False,False,normal,nuageux
2022-09-06 04:15:35,Centre Médical d'Excellence,O+,30,9,14,35,4.4,8,100.0,normale,"Excellent état, conservation parfaite",1,4,9,False,False,normal,pluvieux
2022-09-06 05:32:52,Hôpital Général Douala,O+,26,0,0,26,4.0,79,100.0,normale,Hémoglobine dans les normes,1,5,9,False,False,normal,ensoleillé
2022-09-07 01:02:51,Clinique des Spécialités,O+,18,7,0,11,3.7,3,91.7,faible,"État satisfaisant, contrôle qualité OK",2,1,9,False,False,normal,ensoleillé
2022-09-07 01:37:54,Hôpital Général Douala,O+,26,9,0,17,4.2,1,54.6,faible,"Bon état général, légère variation température",2,1,9,False,False,normal,ensoleillé
2022-09-07 02:10:16,Hôpital Général Douala,O+,31,10,0,21,4.2,2,79.5,normale,"État satisfaisant, contrôle qualité OK",2,2,9,False,False,normal,ensoleillé
2022-09-07 05:25:08,Hôpital Laquintinie,O+,31,4,15,42,4.1,1,62.2,attention,"État satisfaisant, contrôle qualité OK",2,5,9,False,False,normal,pluvieux
2022-09-07 11:48:54,Centre Médical d'Excellence,O+,50,9,15,56,3.8,19,100.0,normale,"Bon état général, légère variation température",2,11,9,False,False,normal,nuageux
2022-09-07 17:41:35,Hôpital Général Douala,O+,72,8,0,64,4.1,17,90.0,normale,Attention: proche expiration,2,17,9,False,False,normal,ensoleillé
2022-09-07 19:20:17,Centre Médical d'Excellence,O+,50,4,0,46,3.8,17,96.9,normale,Hémoglobine dans les normes,2,19,9,False,False,normal,nuageux
2022-09-08 02:57:48,Hôpital Laquintinie,O+,26,8,0,18,4.2,1,56.9,faible,Attention: proche expiration,3,2,9,False,False,normal,ensoleillé
2022-09-08 07:09:39,Hôpital de District Bonassama,O+,54,4,0,50,3.9,3,87.7,normale,Urgent: vérifier température stockage,3,7,9,False,False,normal,ensoleillé
2022-09-08 10:22:11,Centre Médical d'Excellence,O+,37,10,26,53,3.6,97,100.0,normale,Urgent: vérifier température stockage,3,10,9,False,False,normal,ensoleillé
2022-09-08 14:15:34,Hôpital de District Bonassama,O+,66,7,0,59,5.0,2,88.2,normale,Urgent: vérifier température stockage,3,14,9,False,False,campagne_don,ensoleillé
2022-09-08 18:38:33,Hôpital Général Douala,O+,37,2,0,35,4.6,21,100.0,normale,Parfait pour transfusion immédiate,3,18,9,False,False,normal,nuageux
2022-09-09 04:49:47,Hôpital Général Douala,O+,37,5,27,59,5.0,8,100.0,normale,"État satisfaisant, contrôle qualité OK",4,4,9,False,False,normal,ensoleillé
2022-09-09 05:33:43,Hôpital Laquintinie,O+,21,3,0,18,4.5,1,61.3,faible,"État satisfaisant, contrôle qualité OK",4,5,9,False,False,normal,nuageux
2022-09-09 09:20:26,Hôpital Général Douala,O+,30,2,0,28,4.6,20,91.7,normale,"État satisfaisant, contrôle qualité OK",4,9,9,False,False,normal,pluvieux
2022-09-09 09:50:55,Centre Médical d'Excellence,O+,74,6,27,95,4.5,11,100.0,normale,Parfait pour transfusion immédiate,4,9,9,False,False,normal,pluvieux
2022-09-09 20:10:38,Centre Médical d'Excellence,O+,69,4,0,65,3.7,20,100.0,normale,"État satisfaisant, contrôle qualité OK",4,20,9,False,False,normal,orageux
2022-09-09 21:04:05,Hôpital Général Douala,O+,40,9,0,31,4.4,47,100.0,normale,"État satisfaisant, contrôle qualité OK",4,21,9,False,False,normal,nuageux
2022-09-10 01:22:11,Hôpital Général Douala,O+,7,5,0,2,4.4,24,100.0,critique,"URGENT: Stock critique - Excellent état, conservation parfaite",5,1,9,True,False,normal,ensoleillé
2022-09-10 03:59:28,Hôpital de District Bonassama,O+,20,3,18,35,3.9,14,100.0,normale,Urgent: vérifier température stockage,5,3,9,True,False,normal,ensoleillé
2022-09-10 05:59:07,Hôpital Laquintinie,O+,22,5,16,33,3.9,21,98.0,normale,"Bon état général, légère variation température",5,5,9,True,False,normal,ensoleillé
2022-09-10 08:29:36,Clinique des Spécialités,O+,40,2,20,58,4.4,4,79.4,normale,"Excellent état, conservation parfaite",5,8,9,True,False,normal,nuageux
2022-09-10 11:21:44,Clinique des Spécialités,O+,44,8,0,36,3.7,47,99.8,normale,Contrôle bactériologique négatif,5,11,9,True,False,normal,pluvieux
2022-09-10 14:11:30,Hôpital de District Bonassama,O+,50,8,0,42,5.3,13,96.0,normale,Urgent: vérifier température stockage,5,14,9,True,False,normal,orageux
2022-09-10 23:12:27,Clinique des Spécialités,O+,24,5,0,19,3.5,11,100.0,faible,Attention: proche expiration,5,23,9,True,False,normal,ensoleillé
2022-09-11 02:39:07,Hôpital Militaire,O+,10,5,0,5,3.6,1,55.4,critique,URGENT: Stock critique - Attention: proche expiration,6,2,9,True,False,normal,ensoleillé
2022-09-11 02:57:35,Hôpital Militaire,O+,23,7,21,37,4.0,18,100.0,normale,Contrôle bactériologique négatif,6,2,9,True,False,normal,ensoleillé
2022-09-11 04:47:57,Hôpital Laquintinie,O+,15,3,0,12,4.7,1,68.1,faible,"État satisfaisant, contrôle qualité OK",6,4,9,True,False,normal,orageux
2022-09-11 07:15:30,Hôpital Laquintinie,O+,45,6,0,39,4.1,36,100.0,normale,Contrôle bactériologique négatif,6,7,9,True,False,normal,ensoleillé
2022-09-11 07:26:39,Hôpital Général Douala,O+,33,8,16,41,3.5,6,100.0,normale,"État satisfaisant, contrôle qualité OK",6,7,9,True,False,normal,orageux
2022-09-11 07:32:43,Hôpital de District Bonassama,O+,26,5,14,35,4.0,21,89.7,normale,Contrôle bactériologique négatif,6,7,9,True,False,normal,pluvieux
2022-09-11 08:29:24,Hôpital Militaire,O+,50,6,14,58,3.6,4,84.6,normale,Parfait pour transfusion immédiate,6,8,9,True,False,normal,orageux
2022-09-11 10:47:32,Hôpital de District Bonassama,O+,36,5,0,31,4.3,5,100.0,normale,"Bon état général, légère variation température",6,10,9,True,False,normal,ensoleillé
2022-09-11 12:06:06,Centre Médical d'Excellence,O+,54,4,0,50,4.2,6,99.9,normale,"Bon état général, légère variation température",6,12,9,True,False,normal,ensoleillé
2022-09-11 19:04:01,Hôpital Laquintinie,O+,33,2,0,31,3.6,1,63.6,attention,Urgent: vérifier température stockage,6,19,9,True,False,normal,pluvieux
2022-09-11 20:34:59,Hôpital Militaire,O+,35,6,23,52,2.9,29,100.0,normale,Contrôle bactériologique négatif,6,20,9,True,False,normal,ensoleillé
2022-09-12 05:06:51,Clinique des Spécialités,O+,38,11,0,27,3.7,5,96.1,normale,"État satisfaisant, contrôle qualité OK",0,5,9,False,False,normal,nuageux
2022-09-12 05:14:19,Hôpital de District Bonassama,O+,19,4,0,15,4.0,26,97.8,faible,Parfait pour transfusion immédiate,0,5,9,False,False,normal,nuageux
2022-09-12 05:19:53,Centre Médical d'Excellence,O+,19,5,16,30,4.3,23,100.0,normale,Attention: proche expiration,0,5,9,False,False,normal,pluvieux
2022-09-12 06:01:18,Hôpital de District Bonassama,O+,37,5,0,32,4.2,1,62.9,attention,"Excellent état, conservation parfaite",0,6,9,False,False,normal,orageux
2022-09-12 06:17:45,Hôpital Militaire,O+,34,0,25,59,3.8,5,97.2,normale,"Bon état général, légère variation température",0,6,9,False,False,normal,pluvieux
2022-09-12 18:28:48,Hôpital Militaire,O+,58,11,0,47,3.1,1,53.2,attention,Parfait pour transfusion immédiate,0,18,9,False,False,normal,ensoleillé
2022-09-12 20:30:52,Hôpital Laquintinie,O+,38,10,0,28,4.1,9,100.0,normale,Attention: proche expiration,0,20,9,False,False,normal,pluvieux
2022-09-12 20:38:38,Hôpital de District Bonassama,O+,75,15,0,60,4.1,1,62.5,attention,Contrôle bactériologique négatif,0,20,9,False,False,normal,ensoleillé
2022-09-13 18:18:44,Centre Médical d'Excellence,O+,34,8,0,26,4.1,11,99.1,normale,Urgent: vérifier température stockage,1,18,9,False,False,normal,pluvieux
2022-09-13 23:06:10,Clinique des Spécialités,O+,29,1,22,50,4.1,27,98.1,normale,Attention: proche expiration,1,23,9,False,False,normal,nuageux
2022-09-14 00:39:39,Hôpital Général Douala,O+,21,6,0,15,3.9,25,100.0,faible,Urgent: vérifier température stockage,2,0,9,False,False,normal,pluvieux
2022-09-14 03:59:09,Hôpital de District Bonassama,O+,26,14,23,35,4.2,4,80.4,normale,Urgent: vérifier température stockage,2,3,9,False,False,normal,pluvieux
2022-09-14 05:08:04,Hôpital Laquintinie,O+,15,7,0,8,4.1,5,97.1,critique,"URGENT: Stock critique - État satisfaisant, contrôle qualité OK",2,5,9,False,False,accident_route,pluvieux
2022-09-14 12:32:54,Centre Médical d'Excellence,O+,42,9,0,33,4.4,20,96.2,normale,Hémoglobine dans les normes,2,12,9,False,False,normal,ensoleillé
2022-09-14 15:38:00,Clinique des Spécialités,O+,33,7,0,26,4.3,24,99.7,normale,Parfait pour transfusion immédiate,2,15,9,False,False,normal,orageux
2022-09-15 00:04:34,Hôpital de District Bonassama,O+,28,9,22,41,3.6,17,100.0,normale,Hémoglobine dans les normes,3,0,9,False,False,normal,ensoleillé
2022-09-15 03:31:39,Hôpital Militaire,O+,27,15,0,12,4.5,35,93.2,faible,Parfait pour transfusion immédiate,3,3,9,False,False,normal,ensoleillé
2022-09-15 04:21:28,Clinique des Spécialités,O+,22,4,0,18,3.1,6,98.4,faible,"État satisfaisant, contrôle qualité OK",3,4,9,False,False,normal,nuageux
2022-09-15 07:19:54,Hôpital Militaire,O+,51,1,0,50,3.9,11,100.0,normale,Parfait pour transfusion immédiate,3,7,9,False,False,normal,nuageux
2022-09-15 08:11:56,Hôpital Général Douala,O+,90,13,0,77,3.5,1,65.9,attention,Parfait pour transfusion immédiate,3,8,9,False,False,normal,nuageux
2022-09-15 11:52:07,Hôpital Général Douala,O+,57,0,14,71,3.2,32,94.0,normale,"État satisfaisant, contrôle qualité OK",3,11,9,False,False,normal,pluvieux
2022-09-15 12:46:52,Hôpital Militaire,O+,37,6,13,44,4.3,29,94.5,normale,Urgent: vérifier température stockage,3,12,9,False,False,normal,pluvieux
2022-09-15 13:24:37,Hôpital Laquintinie,O+,52,5,0,47,3.2,5,94.5,normale,Attention: proche expiration,3,13,9,False,False,normal,pluvieux
2022-09-15 15:37:22,Hôpital Général Douala,O+,40,9,0,31,3.0,57,98.7,normale,Urgent: vérifier température stockage,3,15,9,False,False,normal,pluvieux
2022-09-15 15:53:32,Hôpital Laquintinie,O+,68,4,0,64,4.8,16,95.6,normale,"Bon état général, légère variation température",3,15,9,False,False,normal,ensoleillé
2022-09-15 19:31:28,Centre Médical d'Excellence,O+,75,6,0,69,4.2,30,100.0,normale,"État satisfaisant, contrôle qualité OK",3,19,9,False,False,normal,nuageux
2022-09-15 20:49:47,Centre Médical d'Excellence,O+,48,6,0,42,4.2,24,92.7,normale,Hémoglobine dans les normes,3,20,9,False,False,normal,ensoleillé
2022-09-16 00:23:09,Hôpital Laquintinie,O+,23,8,0,15,4.5,19,100.0,faible,Parfait pour transfusion immédiate,4,0,9,False,False,normal,pluvieux
2022-09-16 00:58:39,Centre Médical d'Excellence,O+,25,7,0,18,4.2,40,100.0,faible,Attention: proche expiration,4,0,9,False,False,normal,ensoleillé
2022-09-16 03:07:09,Hôpital Laquintinie,O+,26,11,20,35,4.0,12,91.7,normale,"État satisfaisant, contrôle qualité OK",4,3,9,False,False,campagne_don,orageux
2022-09-16 06:35:46,Hôpital Laquintinie,O+,66,3,0,63,4.7,11,100.0,normale,Attention: proche expiration,4,6,9,False,False,normal,nuageux
2022-09-16 16:19:43,Clinique des Spécialités,O+,39,3,0,36,4.5,6,99.1,normale,Parfait pour transfusion immédiate,4,16,9,False,False,normal,pluvieux
2022-09-16 16:50:56,Hôpital Général Douala,O+,39,5,0,34,4.6,9,100.0,normale,"Bon état général, légère variation température",4,16,9,False,False,normal,nuageux
2022-09-16 21:19:07,Centre Médical d'Excellence,O+,75,9,0,66,4.5,6,95.7,normale,"Bon état général, légère variation température",4,21,9,False,False,normal,pluvieux
2022-09-16 22:19:07,Centre Médical d'Excellence,O+,42,5,0,37,4.8,20,100.0,normale,Attention: proche expiration,4,22,9,False,False,normal,orageux
2022-09-17 06:20:19,Hôpital Militaire,O+,33,6,21,48,3.7,5,97.7,normale,Hémoglobine dans les normes,5,6,9,True,False,normal,nuageux
2022-09-17 15:42:12,Hôpital Militaire,O+,35,6,0,29,3.7,27,100.0,normale,Contrôle bactériologique négatif,5,15,9,True,False,normal,ensoleillé
2022-09-17 22:27:00,Clinique des Spécialités,O+,25,5,0,20,4.6,11,100.0,normale,"État satisfaisant, contrôle qualité OK",5,22,9,True,False,normal,orageux
2022-09-17 23:56:07,Hôpital Laquintinie,O+,14,7,22,29,3.3,41,97.2,normale,Attention: proche expiration,5,23,9,True,False,normal,pluvieux
2022-09-18 04:14:42,Hôpital Laquintinie,O+,29,7,0,22,3.9,8,100.0,normale,"Excellent état, conservation parfaite",6,4,9,True,False,normal,ensoleillé
2022-09-18 06:53:48,Hôpital Militaire,O+,27,4,0,23,3.1,75,99.2,normale,"État satisfaisant, contrôle qualité OK",6,6,9,True,False,normal,nuageux
2022-09-18 08:21:43,Hôpital Laquintinie,O+,19,6,0,13,3.5,21,98.8,faible,Parfait pour transfusion immédiate,6,8,9,True,False,normal,ensoleillé
2022-09-18 20:39:06,Hôpital Général Douala,O+,25,4,0,21,3.6,13,95.7,normale,"Excellent état, conservation parfaite",6,20,9,True,False,normal,nuageux
2022-09-19 01:54:31,Hôpital Général Douala,O+,27,8,0,19,4.0,76,93.0,faible,"Bon état général, légère variation température",0,1,9,False,False,campagne_don,pluvieux
2022-09-19 02:37:44,Hôpital Laquintinie,O+,27,10,0,17,4.2,16,99.0,faible,"État satisfaisant, contrôle qualité OK",0,2,9,False,False,normal,nuageux
2022-09-19 04:46:53,Clinique des Spécialités,O+,30,7,0,23,3.3,2,84.1,normale,Urgent: vérifier température stockage,0,4,9,False,False,normal,nuageux
2022-09-19 06:53:15,Hôpital Militaire,O+,68,8,0,60,4.1,16,98.1,normale,"Bon état général, légère variation température",0,6,9,False,False,normal,orageux
2022-09-19 10:34:37,Hôpital Général Douala,O+,41,8,0,33,4.0,63,94.3,normale,Urgent: vérifier température stockage,0,10,9,False,False,normal,pluvieux
2022-09-19 13:44:34,Centre Médical d'Excellence,O+,58,1,21,78,4.5,1,63.3,attention,"État satisfaisant, contrôle qualité OK",0,13,9,False,False,normal,nuageux
2022-09-20 01:22:26,Hôpital de District Bonassama,O+,36,13,0,23,4.0,40,100.0,normale,"Excellent état, conservation parfaite",1,1,9,False,False,normal,pluvieux
2022-09-20 01:42:53,Centre Médical d'Excellence,O+,28,13,0,15,4.1,24,95.2,faible,"Bon état général, légère variation température",1,1,9,False,False,normal,ensoleillé
2022-09-20 03:27:58,Centre Médical d'Excellence,O+,18,5,0,13,4.5,2,82.3,faible,Attention: proche expiration,1,3,9,False,False,normal,ensoleillé
2022-09-20 08:12:44,Centre Médical d'Excellence,O+,23,8,0,15,4.1,9,100.0,faible,Hémoglobine dans les normes,1,8,9,False,False,normal,nuageux
2022-09-20 09:42:13,Hôpital Général Douala,O+,40,9,21,52,3.8,74,100.0,normale,"Bon état général, légère variation température",1,9,9,False,False,normal,pluvieux
2022-09-20 10:16:48,Hôpital Laquintinie,O+,76,5,0,71,3.5,23,100.0,normale,Attention: proche expiration,1,10,9,False,False,normal,ensoleillé
2022-09-20 11:32:16,Centre Médical d'Excellence,O+,42,9,20,53,3.8,27,100.0,normale,Contrôle bactériologique négatif,1,11,9,False,False,normal,ensoleillé
2022-09-20 11:51:19,Clinique des Spécialités,O+,69,1,15,83,3.9,13,94.8,normale,Hémoglobine dans les normes,1,11,9,False,False,normal,pluvieux
2022-09-21 00:33:05,Hôpital Laquintinie,O+,33,13,0,20,3.7,18,100.0,normale,Attention: proche expiration,2,0,9,False,False,normal,ensoleillé
2022-09-21 02:33:02,Hôpital Militaire,O+,13,8,0,5,3.9,3,85.8,critique,URGENT: Stock critique - Parfait pour transfusion immédiate,2,2,9,False,False,normal,nuageux
2022-09-21 06:08:35,Hôpital de District Bonassama,O+,49,2,18,65,4.7,32,92.7,normale,Parfait pour transfusion immédiate,2,6,9,False,False,normal,pluvieux
2022-09-21 08:06:02,Hôpital Laquintinie,O+,77,13,20,84,4.6,1,61.4,attention,"État satisfaisant, contrôle qualité OK",2,8,9,False,False,normal,pluvieux
2022-09-21 09:00:29,Hôpital Général Douala,O+,55,6,19,68,3.5,10,100.0,normale,"Bon état général, légère variation température",2,9,9,False,False,normal,ensoleillé
2022-09-21 17:28:25,Hôpital Général Douala,O+,43,9,20,54,3.1,3,74.3,normale,Hémoglobine dans les normes,2,17,9,False,False,normal,ensoleillé
2022-09-22 03:13:47,Clinique des Spécialités,O+,21,3,0,18,3.9,18,94.3,faible,Contrôle bactériologique négatif,3,3,9,False,False,normal,pluvieux
2022-09-22 04:13:11,Hôpital Militaire,O+,17,11,0,6,3.4,43,100.0,critique,URGENT: Stock critique - Urgent: vérifier température stockage,3,4,9,False,False,normal,pluvieux
2022-09-22 05:38:56,Hôpital Laquintinie,O+,31,8,0,23,4.0,30,95.3,normale,Attention: proche expiration,3,5,9,False,False,normal,pluvieux
2022-09-22 06:43:45,Clinique des Spécialités,O+,43,8,13,48,4.4,27,100.0,normale,Contrôle bactériologique négatif,3,6,9,False,False,normal,ensoleillé
2022-09-22 08:22:33,Clinique des Spécialités,O+,20,8,0,12,5.0,6,100.0,faible,"Bon état général, légère variation température",3,8,9,False,False,normal,nuageux
2022-09-22 13:06:32,Hôpital Militaire,O+,51,7,0,44,4.0,29,97.4,normale,Parfait pour transfusion immédiate,3,13,9,False,False,normal,ensoleillé
2022-09-22 18:45:42,Hôpital de District Bonassama,O+,25,11,26,40,4.2,6,100.0,normale,"État satisfaisant, contrôle qualité OK",3,18,9,False,False,normal,ensoleillé
2022-09-23 01:00:36,Clinique des Spécialités,O+,14,4,0,10,4.3,4,82.5,faible,Attention: proche expiration,4,1,9,False,False,normal,pluvieux
2022-09-23 03:26:28,Centre Médical d'Excellence,O+,30,3,0,27,3.2,4,85.1,normale,Urgent: vérifier température stockage,4,3,9,False,False,normal,orageux
2022-09-23 19:05:09,Centre Médical d'Excellence,O+,70,11,22,81,4.2,7,94.2,normale,Urgent: vérifier température stockage,4,19,9,False,False,normal,nuageux
2022-09-23 21:26:17,Hôpital de District Bonassama,O+,46,7,0,39,4.0,4,99.6,normale,Urgent: vérifier température stockage,4,21,9,False,False,normal,pluvieux
2022-09-24 03:51:19,Clinique des Spécialités,O+,11,4,13,20,4.0,34,100.0,normale,"État satisfaisant, contrôle qualité OK",5,3,9,True,False,normal,pluvieux
2022-09-24 06:06:53,Hôpital Militaire,O+,29,4,0,25,4.3,11,92.1,normale,Urgent: vérifier température stockage,5,6,9,True,False,normal,nuageux
2022-09-24 07:45:06,Hôpital Laquintinie,O+,40,7,17,50,4.4,1,65.2,attention,"État satisfaisant, contrôle qualité OK",5,7,9,True,False,normal,pluvieux
2022-09-24 13:05:50,Hôpital de District Bonassama,O+,33,9,0,24,4.3,19,100.0,normale,"État satisfaisant, contrôle qualité OK",5,13,9,True,False,normal,ensoleillé
2022-09-24 20:41:10,Hôpital Laquintinie,O+,50,3,0,47,3.4,7,99.3,normale,Attention: proche expiration,5,20,9,True,False,normal,ensoleillé
2022-09-24 20:43:15,Centre Médical d'Excellence,O+,28,4,18,42,4.2,35,100.0,normale,"Excellent état, conservation parfaite",5,20,9,True,False,normal,nuageux
2022-09-25 00:06:08,Hôpital de District Bonassama,O+,21,7,0,14,4.6,23,96.1,faible,Parfait pour transfusion immédiate,6,0,9,True,False,normal,ensoleillé
2022-09-25 01:46:22,Hôpital Laquintinie,O+,21,3,0,18,4.4,1,60.8,faible,Parfait pour transfusion immédiate,6,1,9,True,False,campagne_don,ensoleillé
2022-09-25 01:51:33,Hôpital Militaire,O+,23,5,0,18,4.3,2,87.3,faible,Hémoglobine dans les normes,6,1,9,True,False,normal,ensoleillé
2022-09-25 02:28:46,Hôpital Général Douala,O+,9,4,0,5,3.6,12,98.9,critique,URGENT: Stock critique - Attention: proche expiration,6,2,9,True,False,normal,nuageux
2022-09-25 05:15:38,Centre Médical d'Excellence,O+,16,6,24,34,4.2,1,67.3,attention,Urgent: vérifier température stockage,6,5,9,True,False,normal,pluvieux
2022-09-25 09:15:59,Hôpital Laquintinie,O+,31,3,15,43,4.3,7,100.0,normale,Attention: proche expiration,6,9,9,True,False,normal,ensoleillé
2022-09-25 09:33:27,Centre Médical d'Excellence,O+,31,7,0,24,4.6,6,100.0,normale,"Excellent état, conservation parfaite",6,9,9,True,False,normal,ensoleillé
2022-09-25 14:24:35,Hôpital de District Bonassama,O+,38,5,14,47,5.0,7,94.8,normale,Contrôle bactériologique négatif,6,14,9,True,False,normal,ensoleillé
2022-09-25 21:46:43,Hôpital Militaire,O+,49,3,0,46,4.2,2,82.9,normale,Contrôle bactériologique négatif,6,21,9,True,False,normal,pluvieux
2022-09-25 23:52:07,Centre Médical d'Excellence,O+,18,7,0,11,3.5,3,85.9,faible,Parfait pour transfusion immédiate,6,23,9,True,False,normal,pluvieux
2022-09-26 03:29:23,Clinique des Spécialités,O+,30,7,16,39,3.5,1,64.7,attention,"Excellent état, conservation parfaite",0,3,9,False,False,normal,nuageux
2022-09-26 09:48:36,Hôpital Général Douala,O+,21,12,20,29,3.7,5,93.3,normale,Urgent: vérifier température stockage,0,9,9,False,False,normal,ensoleillé
2022-09-27 01:48:20,Hôpital Laquintinie,O+,32,6,22,48,4.0,15,100.0,normale,Attention: proche expiration,1,1,9,False,False,normal,orageux
2022-09-27 15:41:10,Clinique des Spécialités,O+,61,7,0,54,3.9,9,96.0,normale,"État satisfaisant, contrôle qualité OK",1,15,9,False,False,normal,nuageux
2022-09-28 08:57:56,Hôpital de District Bonassama,O+,34,7,0,27,4.5,1,61.6,attention,Hémoglobine dans les normes,2,8,9,False,False,normal,orageux
2022-09-28 11:06:11,Hôpital Militaire,O+,67,11,0,56,4.5,1,61.5,attention,"Bon état général, légère variation température",2,11,9,False,False,normal,ensoleillé
2022-09-28 12:55:44,Hôpital de District Bonassama,O+,39,10,0,29,4.4,14,97.9,normale,Contrôle bactériologique négatif,2,12,9,False,False,normal,nuageux
2022-09-28 23:32:04,Hôpital Laquintinie,O+,32,6,31,57,4.6,1,59.2,attention,"Excellent état, conservation parfaite",2,23,9,False,False,normal,nuageux
2022-09-29 02:12:04,Clinique des Spécialités,O+,16,9,0,7,4.2,3,83.8,critique,URGENT: Stock critique - Urgent: vérifier température stockage,3,2,9,False,False,normal,ensoleillé
2022-09-29 09:20:35,Hôpital Laquintinie,O+,52,7,0,45,4.1,68,96.5,normale,Attention: proche expiration,3,9,9,False,False,normal,pluvieux
2022-09-29 12:44:17,Clinique des Spécialités,O+,31,5,0,26,3.8,6,95.6,normale,"Bon état général, légère variation température",3,12,9,False,False,urgence_médicale,nuageux
2022-09-29 13:56:57,Hôpital Laquintinie,O+,55,9,22,68,3.9,6,100.0,normale,"Bon état général, légère variation température",3,13,9,False,False,normal,ensoleillé
2022-09-29 15:11:10,Centre Médical d'Excellence,O+,55,10,0,45,4.1,4,88.4,normale,"Excellent état, conservation parfaite",3,15,9,False,False,normal,orageux
2022-09-29 22:35:52,Hôpital de District Bonassama,O+,48,9,0,39,4.2,6,100.0,normale,Attention: proche expiration,3,22,9,False,False,normal,orageux
2022-09-30 05:26:32,Centre Médical d'Excellence,O+,33,4,0,29,4.6,7,99.0,normale,Urgent: vérifier température stockage,4,5,9,False,False,normal,ensoleillé
2022-09-30 08:13:57,Hôpital Militaire,O+,49,10,0,39,3.9,11,95.8,normale,"Bon état général, légère variation température",4,8,9,False,False,normal,ensoleillé
2022-09-30 16:48:03,Hôpital Militaire,O+,37,9,15,43,3.7,27,100.0,normale,Attention: proche expiration,4,16,9,False,False,normal,pluvieux
2022-09-30 16:58:24,Centre Médical d'Excellence,O+,77,10,0,67,3.9,4,83.0,normale,"État satisfaisant, contrôle qualité OK",4,16,9,False,False,normal,ensoleillé
2022-09-30 21:43:57,Hôpital Laquintinie,O+,45,7,0,38,4.6,49,100.0,normale,"Excellent état, conservation parfaite",4,21,9,False,False,normal,pluvieux
2022-10-01 02:50:47,Hôpital Général Douala,O+,17,5,14,26,2.9,38,99.5,normale,"Excellent état, conservation parfaite",5,2,10,True,False,normal,ensoleillé
2022-10-01 05:15:33,Hôpital Général Douala,O+,16,7,0,9,3.7,16,100.0,critique,URGENT: Stock critique - Parfait pour transfusion immédiate,5,5,10,True,False,normal,pluvieux
2022-10-01 15:44:19,Clinique des Spécialités,O+,43,6,29,66,4.5,12,100.0,normale,Contrôle bactériologique négatif,5,15,10,True,False,normal,pluvieux
2022-10-01 20:10:54,Centre Médical d'Excellence,O+,46,3,15,58,4.2,26,100.0,normale,Parfait pour transfusion immédiate,5,20,10,True,False,normal,orageux
2022-10-02 06:11:29,Hôpital Militaire,O+,51,7,0,44,4.0,8,98.9,normale,"État satisfaisant, contrôle qualité OK",6,6,10,True,False,normal,nuageux
2022-10-02 06:39:02,Hôpital Militaire,O+,37,5,0,32,4.6,37,100.0,normale,Urgent: vérifier température stockage,6,6,10,True,False,normal,orageux
2022-10-02 14:25:28,Hôpital Général Douala,O+,58,4,0,54,4.5,5,100.0,normale,"Bon état général, légère variation température",6,14,10,True,False,normal,ensoleillé
2022-10-02 15:29:55,Hôpital de District Bonassama,O+,28,11,0,17,5.0,2,86.5,faible,"Excellent état, conservation parfaite",6,15,10,True,False,normal,nuageux
2022-10-02 17:02:51,Hôpital Général Douala,O+,31,7,23,47,3.8,16,100.0,normale,"Bon état général, légère variation température",6,17,10,True,False,normal,ensoleillé
2022-10-02 19:50:01,Hôpital Laquintinie,O+,46,5,0,41,4.5,3,91.5,normale,"Excellent état, conservation parfaite",6,19,10,True,False,normal,nuageux
2022-10-02 21:26:25,Hôpital Militaire,O+,24,5,0,19,3.5,22,95.7,faible,"Bon état général, légère variation température",6,21,10,True,False,normal,nuageux
2022-10-03 04:23:17,Hôpital Général Douala,O+,9,5,0,4,4.4,2,80.3,critique,URGENT: Stock critique - Urgent: vérifier température stockage,0,4,10,False,False,normal,nuageux
2022-10-03 14:22:04,Clinique des Spécialités,O+,53,6,18,65,3.9,9,100.0,normale,"Excellent état, conservation parfaite",0,14,10,False,False,normal,pluvieux
2022-10-03 14:25:00,Hôpital Général Douala,O+,31,7,0,24,3.6,2,88.5,normale,"Bon état général, légère variation température",0,14,10,False,False,normal,ensoleillé
2022-10-03 17:50:38,Centre Médical d'Excellence,O+,61,13,0,48,3.6,9,100.0,normale,"Excellent état, conservation parfaite",0,17,10,False,False,normal,ensoleillé
2022-10-03 20:16:13,Hôpital Laquintinie,O+,31,7,0,24,4.5,18,100.0,normale,"Excellent état, conservation parfaite",0,20,10,False,False,normal,nuageux
2022-10-03 23:24:24,Clinique des Spécialités,O+,12,9,0,3,4.3,10,100.0,critique,URGENT: Stock critique - Hémoglobine dans les normes,0,23,10,False,False,normal,nuageux
2022-10-04 03:19:47,Hôpital Militaire,O+,12,0,0,12,4.3,1,67.2,faible,Contrôle bactériologique négatif,1,3,10,False,False,normal,ensoleillé
2022-10-04 05:54:13,Hôpital Militaire,O+,21,8,0,13,4.2,3,85.5,faible,"Bon état général, légère variation température",1,5,10,False,False,normal,nuageux
2022-10-04 07:31:32,Centre Médical d'Excellence,O+,72,13,0,59,4.9,24,99.1,normale,"État satisfaisant, contrôle qualité OK",1,7,10,False,False,normal,pluvieux
2022-10-04 12:01:43,Hôpital Général Douala,O+,52,7,0,45,4.3,1,62.3,attention,Contrôle bactériologique négatif,1,12,10,False,False,normal,pluvieux
2022-10-05 03:42:37,Hôpital Général Douala,O+,38,11,13,40,4.2,37,100.0,normale,Urgent: vérifier température stockage,2,3,10,False,False,normal,ensoleillé
2022-10-05 06:28:51,Hôpital de District Bonassama,O+,38,11,0,27,4.5,27,95.5,normale,"Bon état général, légère variation température",2,6,10,False,False,normal,pluvieux
2022-10-05 08:42:44,Hôpital Général Douala,O+,31,9,0,22,4.2,10,100.0,normale,Hémoglobine dans les normes,2,8,10,False,False,normal,pluvieux
2022-10-05 13:47:11,Centre Médical d'Excellence,O+,43,9,0,34,5.0,37,95.2,normale,Urgent: vérifier température stockage,2,13,10,False,False,normal,ensoleillé
2022-10-05 14:17:55,Hôpital Militaire,O+,30,10,26,46,3.7,23,93.9,normale,Attention: proche expiration,2,14,10,False,False,normal,ensoleillé
2022-10-05 15:01:55,Hôpital Général Douala,O+,33,8,0,25,3.7,22,100.0,normale,"Excellent état, conservation parfaite",2,15,10,False,False,normal,nuageux
2022-10-05 16:47:37,Hôpital Général Douala,O+,37,5,14,46,4.2,13,94.6,normale,Contrôle bactériologique négatif,2,16,10,False,False,normal,pluvieux
2022-10-05 20:00:49,Clinique des Spécialités,O+,66,9,0,57,3.9,13,100.0,normale,"État satisfaisant, contrôle qualité OK",2,20,10,False,False,normal,ensoleillé
2022-10-06 00:55:14,Centre Médical d'Excellence,O+,28,7,0,21,3.8,7,100.0,normale,Contrôle bactériologique négatif,3,0,10,False,False,normal,pluvieux
2022-10-06 03:11:57,Hôpital Laquintinie,O+,32,12,0,20,4.2,2,92.8,normale,"Excellent état, conservation parfaite",3,3,10,False,False,normal,ensoleillé
2022-10-06 10:52:15,Hôpital Laquintinie,O+,66,8,0,58,3.5,1,63.1,attention,Contrôle bactériologique négatif,3,10,10,False,False,normal,ensoleillé
2022-10-06 12:46:05,Centre Médical d'Excellence,O+,63,8,0,55,3.5,22,98.4,normale,Attention: proche expiration,3,12,10,False,False,normal,ensoleillé
2022-10-06 18:43:21,Hôpital Laquintinie,O+,59,5,0,54,4.2,2,87.0,normale,"Bon état général, légère variation température",3,18,10,False,False,normal,pluvieux
2022-10-07 01:06:45,Centre Médical d'Excellence,O+,29,6,0,23,4.8,10,100.0,normale,"Excellent état, conservation parfaite",4,1,10,False,False,normal,ensoleillé
2022-10-07 01:07:00,Clinique des Spécialités,O+,18,12,0,6,4.4,2,84.0,critique,URGENT: Stock critique - Hémoglobine dans les normes,4,1,10,False,False,normal,orageux
2022-10-07 06:06:55,Clinique des Spécialités,O+,50,9,0,41,4.2,17,92.0,normale,Parfait pour transfusion immédiate,4,6,10,False,False,normal,pluvieux
2022-10-07 10:02:22,Hôpital Général Douala,O+,100,10,0,90,4.3,8,95.6,normale,Hémoglobine dans les normes,4,10,10,False,False,normal,ensoleillé
2022-10-07 13:20:54,Centre Médical d'Excellence,O+,36,7,0,29,4.2,4,82.7,normale,Contrôle bactériologique négatif,4,13,10,False,False,normal,ensoleillé
2022-10-07 20:36:05,Hôpital Militaire,O+,52,5,0,47,4.5,13,100.0,normale,Parfait pour transfusion immédiate,4,20,10,False,False,normal,orageux
2022-10-08 05:45:32,Hôpital de District Bonassama,O+,14,7,0,7,3.9,42,100.0,critique,URGENT: Stock critique - Urgent: vérifier température stockage,5,5,10,True,False,normal,ensoleillé
2022-10-08 06:20:19,Hôpital Militaire,O+,37,6,0,31,3.5,9,100.0,normale,"Excellent état, conservation parfaite",5,6,10,True,False,normal,orageux
2022-10-08 08:08:57,Clinique des Spécialités,O+,26,5,18,39,3.2,13,95.8,normale,Hémoglobine dans les normes,5,8,10,True,False,normal,nuageux
2022-10-08 11:51:22,Clinique des Spécialités,O+,35,7,28,56,4.7,27,97.6,normale,"Excellent état, conservation parfaite",5,11,10,True,False,normal,pluvieux
2022-10-08 14:12:48,Hôpital de District Bonassama,O+,27,2,0,25,3.7,5,100.0,normale,Urgent: vérifier température stockage,5,14,10,True,False,normal,ensoleillé
2022-10-09 00:09:31,Clinique des Spécialités,O+,14,1,11,24,3.5,8,90.3,normale,"Excellent état, conservation parfaite",6,0,10,True,False,normal,orageux
2022-10-09 00:57:52,Hôpital de District Bonassama,O+,7,9,26,26,4.1,4,77.5,normale,"Excellent état, conservation parfaite",6,0,10,True,False,normal,ensoleillé
2022-10-09 02:19:45,Hôpital Général Douala,O+,13,6,0,7,4.4,4,81.0,critique,"URGENT: Stock critique - État satisfaisant, contrôle qualité OK",6,2,10,True,False,normal,pluvieux
2022-10-09 07:40:27,Centre Médical d'Excellence,O+,25,5,0,20,4.1,13,100.0,normale,"Excellent état, conservation parfaite",6,7,10,True,False,normal,ensoleillé
2022-10-09 14:46:04,Hôpital Militaire,O+,45,7,0,38,4.4,1,55.2,attention,Parfait pour transfusion immédiate,6,14,10,True,False,normal,ensoleillé
2022-10-09 15:18:37,Clinique des Spécialités,O+,39,4,0,35,4.3,1,60.2,attention,Attention: proche expiration,6,15,10,True,False,urgence_médicale,ensoleillé
2022-10-09 22:27:06,Centre Médical d'Excellence,O+,45,6,0,39,3.3,14,100.0,normale,Attention: proche expiration,6,22,10,True,False,normal,pluvieux
2022-10-10 05:02:32,Hôpital Militaire,O+,29,7,0,22,4.1,12,97.6,normale,Contrôle bactériologique négatif,0,5,10,False,False,normal,ensoleillé
2022-10-10 06:54:19,Hôpital Militaire,O+,32,4,24,52,4.3,3,91.3,normale,Parfait pour transfusion immédiate,0,6,10,False,False,normal,ensoleillé
2022-10-10 07:11:12,Clinique des Spécialités,O+,53,7,15,61,3.5,9,91.1,normale,Urgent: vérifier température stockage,0,7,10,False,False,normal,ensoleillé
2022-10-10 12:02:44,Centre Médical d'Excellence,O+,48,8,19,59,3.9,20,100.0,normale,Hémoglobine dans les normes,0,12,10,False,False,normal,nuageux
2022-10-10 17:16:30,Hôpital Militaire,O+,42,11,19,50,4.1,1,54.2,attention,Hémoglobine dans les normes,0,17,10,False,False,normal,ensoleillé
2022-10-10 22:34:19,Hôpital Général Douala,O+,55,5,16,66,4.3,1,56.1,attention,Urgent: vérifier température stockage,0,22,10,False,False,normal,nuageux
2022-10-11 05:35:48,Clinique des Spécialités,O+,24,8,0,16,3.9,8,100.0,faible,Parfait pour transfusion immédiate,1,5,10,False,False,normal,ensoleillé
2022-10-11 09:30:22,Hôpital de District Bonassama,O+,83,7,32,108,4.4,34,99.1,normale,"Excellent état, conservation parfaite",1,9,10,False,False,normal,ensoleillé
2022-10-11 12:22:58,Hôpital Général Douala,O+,63,6,0,57,4.7,28,100.0,normale,Parfait pour transfusion immédiate,1,12,10,False,False,normal,ensoleillé
2022-10-11 17:04:56,Hôpital Laquintinie,O+,63,8,0,55,3.9,5,97.8,normale,Contrôle bactériologique négatif,1,17,10,False,False,normal,pluvieux
2022-10-11 19:46:55,Hôpital Laquintinie,O+,24,8,13,29,3.0,1,61.1,attention,Urgent: vérifier température stockage,1,19,10,False,False,normal,ensoleillé
2022-10-11 23:23:48,Hôpital de District Bonassama,O+,34,9,0,25,4.0,48,94.9,normale,Parfait pour transfusion immédiate,1,23,10,False,False,normal,ensoleillé
2022-10-12 02:32:28,Hôpital de District Bonassama,O+,14,13,18,19,4.0,4,74.6,faible,Attention: proche expiration,2,2,10,False,False,normal,pluvieux
2022-10-12 02:35:21,Centre Médical d'Excellence,O+,17,10,13,20,3.3,1,62.2,attention,"Excellent état, conservation parfaite",2,2,10,False,False,normal,ensoleillé
2022-10-12 03:21:12,Hôpital Laquintinie,O+,35,8,17,44,3.8,36,100.0,normale,"Excellent état, conservation parfaite",2,3,10,False,False,normal,ensoleillé
2022-10-12 04:04:43,Hôpital Général Douala,O+,19,8,0,11,4.5,15,100.0,faible,Contrôle bactériologique négatif,2,4,10,False,False,normal,nuageux
2022-10-13 07:50:34,Hôpital Général Douala,O+,54,10,0,44,4.0,32,97.3,normale,"Excellent état, conservation parfaite",3,7,10,False,False,normal,nuageux
2022-10-13 09:36:14,Hôpital de District Bonassama,O+,55,10,0,45,4.1,21,95.0,normale,"Bon état général, légère variation température",3,9,10,False,False,urgence_médicale,pluvieux
2022-10-13 11:50:04,Hôpital de District Bonassama,O+,77,9,0,68,4.3,5,100.0,normale,Parfait pour transfusion immédiate,3,11,10,False,False,normal,pluvieux
2022-10-13 22:44:09,Hôpital Laquintinie,O+,73,13,13,73,3.8,32,100.0,normale,Attention: proche expiration,3,22,10,False,False,normal,ensoleillé
2022-10-14 02:34:39,Centre Médical d'Excellence,O+,21,6,0,15,3.9,3,80.3,faible,Attention: proche expiration,4,2,10,False,False,normal,ensoleillé
2022-10-14 15:02:23,Hôpital Laquintinie,O+,54,11,0,43,3.4,15,97.8,normale,"Bon état général, légère variation température",4,15,10,False,False,normal,ensoleillé
2022-10-15 00:29:03,Hôpital Laquintinie,O+,17,5,23,35,3.2,9,99.6,normale,Contrôle bactériologique négatif,5,0,10,True,False,normal,pluvieux
2022-10-15 02:24:07,Clinique des Spécialités,O+,22,7,21,36,4.1,9,100.0,normale,Hémoglobine dans les normes,5,2,10,True,False,normal,pluvieux
2022-10-15 04:57:11,Centre Médical d'Excellence,O+,14,7,0,7,4.4,14,97.6,critique,"URGENT: Stock critique - Bon état général, légère variation température",5,4,10,True,False,normal,nuageux
2022-10-15 10:17:22,Hôpital Laquintinie,O+,33,8,0,25,3.9,17,97.9,normale,Urgent: vérifier température stockage,5,10,10,True,False,normal,ensoleillé
2022-10-15 12:40:24,Clinique des Spécialités,O+,51,1,0,50,3.8,6,92.9,normale,Contrôle bactériologique négatif,5,12,10,True,False,normal,ensoleillé
2022-10-15 13:16:11,Hôpital de District Bonassama,O+,38,2,0,36,3.8,17,95.0,normale,Parfait pour transfusion immédiate,5,13,10,True,False,normal,ensoleillé
2022-10-16 03:16:46,Hôpital de District Bonassama,O+,7,4,18,21,4.3,9,99.9,normale,Urgent: vérifier température stockage,6,3,10,True,False,normal,ensoleillé
2022-10-16 04:09:21,Clinique des Spécialités,O+,16,2,17,31,4.5,2,78.4,normale,Urgent: vérifier température stockage,6,4,10,True,False,normal,pluvieux
2022-10-16 04:19:25,Centre Médical d'Excellence,O+,19,5,0,14,3.3,6,98.3,faible,Hémoglobine dans les normes,6,4,10,True,False,normal,ensoleillé
2022-10-16 05:23:09,Centre Médical d'Excellence,O+,23,6,0,17,4.1,40,96.3,faible,"État satisfaisant, contrôle qualité OK",6,5,10,True,False,campagne_don,pluvieux
2022-10-16 11:20:36,Centre Médical d'Excellence,O+,32,8,13,37,4.2,18,97.3,normale,"Bon état général, légère variation température",6,11,10,True,False,normal,nuageux
2022-10-16 12:46:14,Hôpital Général Douala,O+,41,6,0,35,4.0,1,56.4,attention,Hémoglobine dans les normes,6,12,10,True,False,normal,pluvieux
2022-10-16 16:39:45,Hôpital Laquintinie,O+,45,7,21,59,3.6,45,99.0,normale,Attention: proche expiration,6,16,10,True,False,normal,ensoleillé
2022-10-16 17:21:14,Hôpital Militaire,O+,19,6,0,13,3.8,15,100.0,faible,Hémoglobine dans les normes,6,17,10,True,False,normal,nuageux
2022-10-16 20:08:55,Centre Médical d'Excellence,O+,25,7,0,18,3.6,6,100.0,faible,Urgent: vérifier température stockage,6,20,10,True,False,normal,ensoleillé
2022-10-16 20:45:41,Hôpital de District Bonassama,O+,21,7,0,14,3.9,8,97.8,faible,Urgent: vérifier température stockage,6,20,10,True,False,normal,ensoleillé
2022-10-16 22:49:55,Hôpital Laquintinie,O+,37,2,0,35,4.0,2,80.6,normale,"État satisfaisant, contrôle qualité OK",6,22,10,True,False,normal,ensoleillé
2022-10-17 07:17:01,Clinique des Spécialités,O+,46,7,0,39,3.9,31,100.0,normale,"Bon état général, légère variation température",0,7,10,False,False,normal,orageux
2022-10-17 10:10:49,Centre Médical d'Excellence,O+,29,4,26,51,3.5,22,98.1,normale,Parfait pour transfusion immédiate,0,10,10,False,False,normal,ensoleillé
2022-10-17 13:38:52,Hôpital Militaire,O+,64,10,0,54,3.7,17,100.0,normale,"État satisfaisant, contrôle qualité OK",0,13,10,False,False,normal,pluvieux
2022-10-17 17:29:18,Hôpital Militaire,O+,64,4,0,60,4.3,36,96.3,normale,"Excellent état, conservation parfaite",0,17,10,False,False,normal,ensoleillé
2022-10-17 19:06:51,Hôpital Militaire,O+,41,8,0,33,4.3,1,61.0,attention,"État satisfaisant, contrôle qualité OK",0,19,10,False,False,normal,pluvieux
2022-10-17 20:57:54,Hôpital Général Douala,O+,20,8,16,28,5.2,9,100.0,normale,"État satisfaisant, contrôle qualité OK",0,20,10,False,False,normal,ensoleillé
2022-10-17 22:51:39,Hôpital Laquintinie,O+,39,6,0,33,4.4,35,100.0,normale,Parfait pour transfusion immédiate,0,22,10,False,False,normal,ensoleillé
2022-10-18 01:03:45,Hôpital Général Douala,O+,27,10,0,17,4.4,3,81.5,faible,Parfait pour transfusion immédiate,1,1,10,False,False,normal,pluvieux
2022-10-18 04:14:12,Hôpital Général Douala,O+,28,12,25,41,3.3,13,100.0,normale,"Excellent état, conservation parfaite",1,4,10,False,False,normal,orageux
2022-10-18 09:49:17,Hôpital Laquintinie,O+,54,9,0,45,4.5,9,100.0,normale,Contrôle bactériologique négatif,1,9,10,False,False,normal,ensoleillé
2022-10-18 10:11:29,Hôpital Laquintinie,O+,72,3,0,69,3.5,50,92.2,normale,"Bon état général, légère variation température",1,10,10,False,False,normal,ensoleillé
2022-10-18 11:06:30,Centre Médical d'Excellence,O+,50,8,13,55,4.3,2,91.0,normale,Parfait pour transfusion immédiate,1,11,10,False,False,normal,ensoleillé
2022-10-18 14:05:39,Hôpital Militaire,O+,54,9,21,66,3.2,32,99.6,normale,Parfait pour transfusion immédiate,1,14,10,False,False,normal,ensoleillé
2022-10-18 20:27:26,Hôpital Militaire,O+,42,5,0,37,4.0,4,84.4,normale,Contrôle bactériologique négatif,1,20,10,False,False,normal,nuageux
2022-10-19 03:32:39,Clinique des Spécialités,O+,31,10,22,43,4.6,6,97.5,normale,Hémoglobine dans les normes,2,3,10,False,False,accident_route,ensoleillé
2022-10-19 05:43:28,Hôpital Général Douala,O+,19,12,21,28,3.7,1,53.4,attention,Urgent: vérifier température stockage,2,5,10,False,False,normal,ensoleillé
2022-10-19 07:40:56,Hôpital Militaire,O+,46,8,17,55,4.2,2,82.3,normale,Attention: proche expiration,2,7,10,False,False,normal,orageux
2022-10-19 10:05:37,Hôpital Général Douala,O+,54,7,0,47,4.5,19,100.0,normale,Contrôle bactériologique négatif,2,10,10,False,False,normal,pluvieux
2022-10-19 10:59:42,Hôpital Militaire,O+,46,8,0,38,3.8,19,96.9,normale,"Excellent état, conservation parfaite",2,10,10,False,False,normal,orageux
2022-10-19 12:59:09,Hôpital Laquintinie,O+,33,4,0,29,4.3,20,97.2,normale,Contrôle bactériologique négatif,2,12,10,False,False,normal,ensoleillé
2022-10-19 14:27:59,Hôpital de District Bonassama,O+,40,6,10,44,3.0,8,100.0,normale,Contrôle bactériologique négatif,2,14,10,False,False,normal,pluvieux
2022-10-19 15:02:32,Hôpital Général Douala,O+,68,12,17,73,3.9,1,62.8,attention,"Bon état général, légère variation température",2,15,10,False,False,normal,ensoleillé
2022-10-19 16:25:51,Centre Médical d'Excellence,O+,57,7,0,50,4.2,1,58.2,attention,Hémoglobine dans les normes,2,16,10,False,False,normal,pluvieux
2022-10-20 02:10:44,Hôpital de District Bonassama,O+,20,9,0,11,3.7,34,100.0,faible,"Excellent état, conservation parfaite",3,2,10,False,False,normal,pluvieux
2022-10-20 04:46:19,Hôpital Laquintinie,O+,11,12,0,0,4.7,1,64.0,critique,URGENT: Stock critique - Attention: proche expiration,3,4,10,False,False,normal,nuageux
2022-10-20 12:27:25,Centre Médical d'Excellence,O+,61,11,0,50,3.9,24,100.0,normale,Attention: proche expiration,3,12,10,False,False,normal,orageux
2022-10-20 16:31:22,Centre Médical d'Excellence,O+,33,6,17,44,3.6,5,100.0,normale,Urgent: vérifier température stockage,3,16,10,False,False,épidémie,ensoleillé
2022-10-20 19:37:05,Centre Médical d'Excellence,O+,61,8,0,53,4.1,39,100.0,normale,Urgent: vérifier température stockage,3,19,10,False,False,urgence_médicale,pluvieux
2022-10-20 21:17:09,Hôpital de District Bonassama,O+,53,8,0,45,3.5,10,100.0,normale,Parfait pour transfusion immédiate,3,21,10,False,False,normal,ensoleillé
2022-10-20 22:57:01,Hôpital de District Bonassama,O+,47,7,0,40,3.7,2,85.2,normale,Hémoglobine dans les normes,3,22,10,False,False,normal,pluvieux
2022-10-20 23:29:04,Hôpital Laquintinie,O+,21,10,0,11,4.3,1,59.1,faible,"Bon état général, légère variation température",3,23,10,False,False,normal,nuageux
2022-10-20 23:42:18,Clinique des Spécialités,O+,35,9,30,56,4.9,51,96.6,normale,Attention: proche expiration,3,23,10,False,False,normal,orageux
2022-10-21 05:02:31,Hôpital Général Douala,O+,31,9,0,22,3.9,1,56.4,attention,Contrôle bactériologique négatif,4,5,10,False,False,normal,ensoleillé
2022-10-21 10:07:24,Hôpital Général Douala,O+,80,6,0,74,4.4,8,91.1,normale,Urgent: vérifier température stockage,4,10,10,False,False,normal,ensoleillé
2022-10-21 10:39:34,Hôpital Militaire,O+,45,4,0,41,4.7,18,96.3,normale,"Excellent état, conservation parfaite",4,10,10,False,False,normal,ensoleillé
2022-10-21 18:22:14,Hôpital Laquintinie,O+,28,11,0,17,4.0,3,92.5,faible,Attention: proche expiration,4,18,10,False,False,normal,pluvieux
2022-10-21 21:06:19,Centre Médical d'Excellence,O+,46,7,0,39,4.4,23,100.0,normale,"Bon état général, légère variation température",4,21,10,False,False,normal,ensoleillé
2022-10-22 00:23:32,Centre Médical d'Excellence,O+,12,4,16,24,4.3,13,100.0,normale,Attention: proche expiration,5,0,10,True,False,normal,pluvieux
2022-10-22 02:18:58,Hôpital Laquintinie,O+,6,7,0,0,4.6,28,99.7,critique,URGENT: Stock critique - Hémoglobine dans les normes,5,2,10,True,False,normal,nuageux
2022-10-22 03:04:52,Clinique des Spécialités,O+,14,10,17,21,3.6,5,100.0,normale,Urgent: vérifier température stockage,5,3,10,True,False,normal,nuageux
2022-10-22 03:42:50,Hôpital Général Douala,O+,12,5,19,26,3.7,8,100.0,normale,"Excellent état, conservation parfaite",5,3,10,True,False,normal,orageux
2022-10-22 11:46:48,Hôpital Militaire,O+,23,5,0,18,3.8,17,98.4,faible,Hémoglobine dans les normes,5,11,10,True,False,normal,ensoleillé
2022-10-22 14:13:32,Hôpital de District Bonassama,O+,38,6,25,57,4.2,36,99.2,normale,"Excellent état, conservation parfaite",5,14,10,True,False,campagne_don,nuageux
2022-10-22 20:32:15,Hôpital de District Bonassama,O+,35,6,0,29,4.6,10,100.0,normale,Attention: proche expiration,5,20,10,True,False,normal,pluvieux
2022-10-22 23:04:03,Centre Médical d'Excellence,O+,11,5,0,6,4.1,14,100.0,critique,URGENT: Stock critique - Urgent: vérifier température stockage,5,23,10,True,False,normal,ensoleillé
2022-10-23 01:39:43,Hôpital Général Douala,O+,15,5,0,10,4.6,25,93.0,faible,Hémoglobine dans les normes,6,1,10,True,False,normal,nuageux
2022-10-23 06:03:59,Hôpital de District Bonassama,O+,23,7,21,37,4.2,2,74.3,normale,Attention: proche expiration,6,6,10,True,False,normal,ensoleillé
2022-10-23 10:41:18,Centre Médical d'Excellence,O+,35,9,0,26,4.3,22,98.2,normale,Contrôle bactériologique négatif,6,10,10,True,False,normal,pluvieux
2022-10-23 10:45:37,Hôpital Laquintinie,O+,30,3,19,46,3.8,17,100.0,normale,"Excellent état, conservation parfaite",6,10,10,True,False,normal,ensoleillé
2022-10-23 17:21:33,Hôpital Militaire,O+,39,2,23,60,3.4,26,100.0,normale,Parfait pour transfusion immédiate,6,17,10,True,False,normal,pluvieux
2022-10-23 20:10:51,Hôpital Général Douala,O+,29,4,0,25,3.8,8,100.0,normale,Hémoglobine dans les normes,6,20,10,True,False,normal,ensoleillé
2022-10-24 02:39:49,Centre Médical d'Excellence,O+,34,10,0,24,5.0,1,63.5,attention,Attention: proche expiration,0,2,10,False,False,normal,nuageux
2022-10-24 05:08:44,Hôpital Laquintinie,O+,28,6,25,47,4.3,45,96.9,normale,Attention: proche expiration,0,5,10,False,False,normal,orageux
2022-10-24 06:03:51,Hôpital Militaire,O+,49,13,0,36,4.6,5,100.0,normale,"Bon état général, légère variation température",0,6,10,False,False,normal,nuageux
2022-10-24 08:53:16,Hôpital de District Bonassama,O+,32,4,0,28,4.0,31,100.0,normale,Urgent: vérifier température stockage,0,8,10,False,False,campagne_don,orageux
2022-10-24 10:49:47,Clinique des Spécialités,O+,56,7,0,49,3.9,4,85.0,normale,Hémoglobine dans les normes,0,10,10,False,False,normal,nuageux
2022-10-24 14:37:05,Hôpital Général Douala,O+,47,13,0,34,3.8,1,56.9,attention,"État satisfaisant, contrôle qualité OK",0,14,10,False,False,normal,ensoleillé
2022-10-24 20:51:25,Hôpital Laquintinie,O+,50,2,18,66,3.5,1,50.9,attention,"État satisfaisant, contrôle qualité OK",0,20,10,False,False,normal,ensoleillé
2022-10-25 01:56:12,Hôpital Général Douala,O+,18,7,0,11,4.8,3,81.6,faible,"Excellent état, conservation parfaite",1,1,10,False,False,normal,nuageux
2022-10-25 02:04:25,Hôpital Laquintinie,O+,23,7,0,16,4.8,14,86.6,faible,Attention: proche expiration,1,2,10,False,False,normal,orageux
2022-10-25 04:47:44,Clinique des Spécialités,O+,33,8,0,25,4.3,22,91.7,normale,Contrôle bactériologique négatif,1,4,10,False,False,normal,pluvieux
2022-10-25 06:35:37,Hôpital de District Bonassama,O+,75,4,21,92,3.6,25,86.6,normale,"État satisfaisant, contrôle qualité OK",1,6,10,False,False,normal,pluvieux
2022-10-25 08:55:23,Hôpital Militaire,O+,38,8,21,51,3.7,7,98.0,normale,Parfait pour transfusion immédiate,1,8,10,False,False,normal,pluvieux
2022-10-25 10:47:54,Hôpital Militaire,O+,43,3,0,40,4.1,9,97.3,normale,Parfait pour transfusion immédiate,1,10,10,False,False,normal,nuageux
2022-10-25 11:05:38,Hôpital Général Douala,O+,15,10,0,5,3.5,8,100.0,critique,"URGENT: Stock critique - État satisfaisant, contrôle qualité OK",1,11,10,False,False,normal,ensoleillé
2022-10-25 11:15:17,Hôpital Général Douala,O+,46,10,26,62,4.7,8,99.3,normale,"Bon état général, légère variation température",1,11,10,False,False,normal,ensoleillé
2022-10-25 11:55:20,Hôpital de District Bonassama,O+,36,6,0,30,4.5,3,86.2,normale,"Bon état général, légère variation température",1,11,10,False,False,accident_route,pluvieux
2022-10-25 12:56:27,Hôpital de District Bonassama,O+,46,9,0,37,3.9,42,100.0,normale,Contrôle bactériologique négatif,1,12,10,False,False,normal,orageux
2022-10-25 17:32:09,Hôpital Laquintinie,O+,40,14,0,26,2.8,14,95.8,normale,"Excellent état, conservation parfaite",1,17,10,False,False,normal,ensoleillé
2022-10-25 22:33:41,Centre Médical d'Excellence,O+,23,7,0,16,3.4,3,92.4,faible,Hémoglobine dans les normes,1,22,10,False,False,normal,ensoleillé
2022-10-26 02:51:26,Hôpital Général Douala,O+,19,5,0,14,4.3,22,100.0,faible,"Excellent état, conservation parfaite",2,2,10,False,False,normal,pluvieux
2022-10-26 06:52:25,Hôpital de District Bonassama,O+,43,10,0,33,4.1,3,95.1,normale,Contrôle bactériologique négatif,2,6,10,False,False,normal,pluvieux
2022-10-26 20:34:57,Hôpital Général Douala,O+,52,12,22,62,4.0,4,89.5,normale,"Excellent état, conservation parfaite",2,20,10,False,False,normal,nuageux
2022-10-26 22:37:12,Clinique des Spécialités,O+,62,8,18,72,3.6,19,97.6,normale,"Bon état général, légère variation température",2,22,10,False,False,normal,ensoleillé
2022-10-26 22:40:10,Centre Médical d'Excellence,O+,56,6,31,81,3.0,7,96.2,normale,"Bon état général, légère variation température",2,22,10,False,False,normal,ensoleillé
2022-10-27 04:33:47,Hôpital Général Douala,O+,26,8,15,33,4.4,1,59.5,attention,Contrôle bactériologique négatif,3,4,10,False,False,normal,ensoleillé
2022-10-27 09:31:49,Hôpital Laquintinie,O+,63,9,19,73,3.1,62,100.0,normale,Hémoglobine dans les normes,3,9,10,False,False,accident_route,ensoleillé
2022-10-27 17:25:42,Clinique des Spécialités,O+,10,7,27,30,4.3,72,91.2,normale,Parfait pour transfusion immédiate,3,17,10,False,False,normal,ensoleillé
2022-10-27 18:23:20,Hôpital de District Bonassama,O+,51,7,0,44,4.5,36,94.0,normale,"Bon état général, légère variation température",3,18,10,False,False,normal,ensoleillé
2022-10-27 21:39:39,Clinique des Spécialités,O+,29,11,21,39,3.8,18,100.0,normale,"Excellent état, conservation parfaite",3,21,10,False,False,normal,ensoleillé
2022-10-28 11:59:25,Centre Médical d'Excellence,O+,43,7,0,36,3.8,20,93.8,normale,Urgent: vérifier température stockage,4,11,10,False,False,normal,ensoleillé
2022-10-28 17:22:58,Hôpital Général Douala,O+,76,7,0,69,3.7,9,100.0,normale,Parfait pour transfusion immédiate,4,17,10,False,False,normal,ensoleillé
2022-10-28 21:37:09,Hôpital Général Douala,O+,47,10,0,37,4.3,12,100.0,normale,Contrôle bactériologique négatif,4,21,10,False,False,normal,ensoleillé
2022-10-28 22:46:59,Clinique des Spécialités,O+,23,4,0,19,4.2,47,99.3,faible,"État satisfaisant, contrôle qualité OK",4,22,10,False,False,normal,ensoleillé
2022-10-28 23:21:10,Hôpital Militaire,O+,17,6,21,32,4.9,20,96.6,normale,"Excellent état, conservation parfaite",4,23,10,False,False,normal,orageux
2022-10-29 00:01:44,Centre Médical d'Excellence,O+,25,5,16,36,4.0,39,100.0,normale,"Excellent état, conservation parfaite",5,0,10,True,False,normal,pluvieux
2022-10-29 01:10:04,Hôpital Militaire,O+,27,1,0,26,4.6,15,94.8,normale,"État satisfaisant, contrôle qualité OK",5,1,10,True,False,normal,nuageux
2022-10-29 10:34:47,Hôpital Général Douala,O+,30,6,17,41,3.3,3,86.6,normale,Contrôle bactériologique négatif,5,10,10,True,False,normal,ensoleillé
2022-10-29 10:41:33,Hôpital Laquintinie,O+,42,6,28,64,4.2,47,100.0,normale,Parfait pour transfusion immédiate,5,10,10,True,False,normal,nuageux
2022-10-29 15:57:06,Hôpital de District Bonassama,O+,43,7,0,36,4.1,9,98.1,normale,"État satisfaisant, contrôle qualité OK",5,15,10,True,False,normal,ensoleillé
2022-10-29 16:43:14,Hôpital Militaire,O+,31,4,0,27,4.1,2,81.1,normale,Contrôle bactériologique négatif,5,16,10,True,False,normal,pluvieux
2022-10-29 17:28:48,Hôpital de District Bonassama,O+,28,5,17,40,4.1,36,89.5,normale,Attention: proche expiration,5,17,10,True,False,normal,pluvieux
2022-10-29 20:45:39,Centre Médical d'Excellence,O+,41,6,20,55,3.9,1,57.9,attention,"État satisfaisant, contrôle qualité OK",5,20,10,True,False,normal,pluvieux
2022-10-30 01:22:22,Hôpital Général Douala,O+,18,5,0,13,4.6,3,89.2,faible,"Excellent état, conservation parfaite",6,1,10,True,False,normal,nuageux
2022-10-30 04:59:09,Clinique des Spécialités,O+,23,7,0,16,3.9,1,50.4,faible,Attention: proche expiration,6,4,10,True,False,normal,ensoleillé
2022-10-30 14:02:30,Hôpital Laquintinie,O+,34,9,0,25,4.6,5,86.9,normale,"État satisfaisant, contrôle qualité OK",6,14,10,True,False,normal,pluvieux
2022-10-30 15:04:48,Centre Médical d'Excellence,O+,41,6,0,35,3.6,17,99.4,normale,Contrôle bactériologique négatif,6,15,10,True,False,normal,ensoleillé
2022-10-30 19:15:36,Hôpital Général Douala,O+,18,5,0,13,4.4,1,56.3,faible,Urgent: vérifier température stockage,6,19,10,True,False,normal,pluvieux
2022-10-30 21:48:13,Centre Médical d'Excellence,O+,42,5,0,37,3.6,3,72.5,normale,"Excellent état, conservation parfaite",6,21,10,True,False,normal,pluvieux
2022-10-30 23:26:27,Hôpital de District Bonassama,O+,15,4,28,39,4.6,7,100.0,normale,Urgent: vérifier température stockage,6,23,10,True,False,normal,orageux
2022-10-31 03:44:02,Hôpital de District Bonassama,O+,19,4,0,15,3.5,24,89.1,faible,"État satisfaisant, contrôle qualité OK",0,3,10,False,False,normal,orageux
2022-10-31 16:37:46,Hôpital Militaire,O+,56,6,0,50,4.2,16,100.0,normale,"État satisfaisant, contrôle qualité OK",0,16,10,False,False,normal,nuageux
2022-11-01 06:46:05,Clinique des Spécialités,O+,34,10,0,24,4.3,13,100.0,normale,"Excellent état, conservation parfaite",1,6,11,False,False,normal,nuageux
2022-11-01 09:51:28,Centre Médical d'Excellence,O+,56,12,0,44,4.1,11,100.0,normale,Contrôle bactériologique négatif,1,9,11,False,False,normal,pluvieux
2022-11-01 19:16:19,Hôpital Laquintinie,O+,67,6,21,82,3.5,17,100.0,normale,"Bon état général, légère variation température",1,19,11,False,False,normal,ensoleillé
2022-11-01 23:14:11,Centre Médical d'Excellence,O+,17,5,14,26,4.1,2,82.1,normale,Hémoglobine dans les normes,1,23,11,False,False,normal,nuageux
2022-11-02 03:11:28,Hôpital Militaire,O+,26,2,14,38,4.7,1,60.7,attention,"Excellent état, conservation parfaite",2,3,11,False,False,accident_route,nuageux
2022-11-02 04:13:41,Hôpital de District Bonassama,O+,18,7,0,11,4.2,10,100.0,faible,"État satisfaisant, contrôle qualité OK",2,4,11,False,False,normal,ensoleillé
2022-11-02 04:50:30,Hôpital Laquintinie,O+,41,8,0,33,4.2,16,100.0,normale,Urgent: vérifier température stockage,2,4,11,False,False,normal,pluvieux
2022-11-02 05:10:07,Hôpital Laquintinie,O+,15,8,0,7,4.6,8,94.7,critique,URGENT: Stock critique - Urgent: vérifier température stockage,2,5,11,False,False,normal,nuageux
2022-11-02 10:33:56,Hôpital de District Bonassama,O+,34,8,0,26,3.1,4,86.5,normale,Parfait pour transfusion immédiate,2,10,11,False,False,normal,ensoleillé
2022-11-02 22:53:50,Hôpital de District Bonassama,O+,44,10,0,34,4.5,43,96.9,normale,"Bon état général, légère variation température",2,22,11,False,False,campagne_don,ensoleillé
2022-11-03 01:04:11,Hôpital Général Douala,O+,22,4,25,43,3.6,55,92.9,normale,Hémoglobine dans les normes,3,1,11,False,False,normal,nuageux
2022-11-03 03:30:06,Centre Médical d'Excellence,O+,29,7,16,38,3.7,24,100.0,normale,Attention: proche expiration,3,3,11,False,False,normal,ensoleillé
2022-11-03 06:42:08,Hôpital Militaire,O+,35,11,0,24,4.8,5,100.0,normale,Urgent: vérifier température stockage,3,6,11,False,False,normal,ensoleillé
2022-11-03 10:37:04,Centre Médical d'Excellence,O+,38,13,0,25,4.0,6,100.0,normale,"Excellent état, conservation parfaite",3,10,11,False,False,normal,pluvieux
2022-11-03 19:18:33,Hôpital Général Douala,O+,64,5,0,59,5.0,39,94.9,normale,"État satisfaisant, contrôle qualité OK",3,19,11,False,False,normal,ensoleillé
2022-11-03 21:26:41,Hôpital Laquintinie,O+,19,6,0,13,4.2,1,60.7,faible,"Bon état général, légère variation température",3,21,11,False,False,normal,ensoleillé
2022-11-03 22:00:05,Hôpital Militaire,O+,42,4,0,38,4.1,1,65.3,attention,Urgent: vérifier température stockage,3,22,11,False,False,normal,ensoleillé
2022-11-04 01:16:35,Hôpital Général Douala,O+,31,10,0,21,4.1,7,95.8,normale,Attention: proche expiration,4,1,11,False,False,normal,pluvieux
2022-11-04 09:58:58,Hôpital Général Douala,O+,63,8,21,76,3.5,50,96.4,normale,Hémoglobine dans les normes,4,9,11,False,False,normal,pluvieux
2022-11-04 20:52:04,Centre Médical d'Excellence,O+,55,4,0,51,3.6,4,92.6,normale,Parfait pour transfusion immédiate,4,20,11,False,False,normal,ensoleillé
2022-11-04 22:26:15,Hôpital Général Douala,O+,39,8,0,31,3.9,20,100.0,normale,"Bon état général, légère variation température",4,22,11,False,False,normal,ensoleillé
2022-11-05 02:10:28,Hôpital Laquintinie,O+,13,6,0,7,3.9,1,68.6,critique,"URGENT: Stock critique - État satisfaisant, contrôle qualité OK",5,2,11,True,False,normal,pluvieux
2022-11-05 08:30:54,Clinique des Spécialités,O+,27,1,20,46,4.1,36,100.0,normale,"Excellent état, conservation parfaite",5,8,11,True,False,normal,nuageux
2022-11-05 08:50:59,Centre Médical d'Excellence,O+,29,4,0,25,3.3,7,93.9,normale,"Bon état général, légère variation température",5,8,11,True,False,normal,ensoleillé
2022-11-05 09:56:35,Hôpital Laquintinie,O+,45,6,0,39,4.2,1,62.7,attention,Contrôle bactériologique négatif,5,9,11,True,False,normal,ensoleillé
2022-11-05 11:27:35,Centre Médical d'Excellence,O+,47,8,15,54,4.6,6,100.0,normale,Parfait pour transfusion immédiate,5,11,11,True,False,normal,ensoleillé
2022-11-05 17:19:42,Hôpital Militaire,O+,40,6,0,34,3.9,7,92.2,normale,Parfait pour transfusion immédiate,5,17,11,True,False,normal,pluvieux
2022-11-06 03:53:32,Centre Médical d'Excellence,O+,17,1,0,16,3.7,1,61.8,faible,Contrôle bactériologique négatif,6,3,11,True,False,normal,nuageux
2022-11-06 04:00:04,Centre Médical d'Excellence,O+,17,5,0,12,3.5,1,54.2,faible,Hémoglobine dans les normes,6,4,11,True,False,normal,ensoleillé
2022-11-06 05:51:39,Hôpital Général Douala,O+,6,3,0,3,4.1,2,86.0,critique,URGENT: Stock critique - Hémoglobine dans les normes,6,5,11,True,False,normal,ensoleillé
2022-11-06 10:44:59,Hôpital Général Douala,O+,27,5,0,22,4.0,27,100.0,normale,"Bon état général, légère variation température",6,10,11,True,False,normal,ensoleillé
2022-11-06 11:56:39,Clinique des Spécialités,O+,40,5,0,35,3.9,30,92.3,normale,"État satisfaisant, contrôle qualité OK",6,11,11,True,False,normal,ensoleillé
2022-11-06 13:04:56,Clinique des Spécialités,O+,26,4,24,46,4.7,12,100.0,normale,Hémoglobine dans les normes,6,13,11,True,False,normal,pluvieux
2022-11-06 16:52:09,Hôpital Général Douala,O+,29,3,0,26,4.3,18,100.0,normale,Urgent: vérifier température stockage,6,16,11,True,False,normal,pluvieux
2022-11-07 09:24:52,Hôpital Militaire,O+,59,8,0,51,4.3,5,100.0,normale,"Bon état général, légère variation température",0,9,11,False,False,normal,ensoleillé
2022-11-07 16:56:46,Hôpital Militaire,O+,46,10,0,36,4.6,2,82.2,normale,Contrôle bactériologique négatif,0,16,11,False,False,accident_route,ensoleillé
2022-11-07 21:12:17,Hôpital Laquintinie,O+,36,10,0,26,4.2,4,90.6,normale,Parfait pour transfusion immédiate,0,21,11,False,False,normal,pluvieux
2022-11-08 00:55:32,Hôpital Laquintinie,O+,19,5,0,14,4.1,4,84.4,faible,"Bon état général, légère variation température",1,0,11,False,False,normal,ensoleillé
2022-11-08 03:23:10,Clinique des Spécialités,O+,24,5,0,19,4.0,3,78.2,faible,Contrôle bactériologique négatif,1,3,11,False,False,normal,nuageux
2022-11-08 03:35:14,Hôpital Général Douala,O+,29,4,0,25,3.9,40,100.0,normale,Attention: proche expiration,1,3,11,False,False,normal,nuageux
2022-11-08 07:09:42,Hôpital de District Bonassama,O+,38,7,0,31,3.6,10,97.1,normale,"État satisfaisant, contrôle qualité OK",1,7,11,False,False,normal,nuageux
2022-11-08 11:55:58,Clinique des Spécialités,O+,16,6,0,10,4.5,11,91.4,faible,Parfait pour transfusion immédiate,1,11,11,False,False,normal,pluvieux
2022-11-08 14:15:13,Hôpital de District Bonassama,O+,33,8,0,25,4.3,16,97.6,normale,Hémoglobine dans les normes,1,14,11,False,False,normal,pluvieux
2022-11-08 22:41:17,Clinique des Spécialités,O+,43,2,26,67,3.8,5,89.3,normale,Hémoglobine dans les normes,1,22,11,False,False,normal,orageux
2022-11-08 22:55:27,Hôpital Général Douala,O+,62,5,0,57,3.6,14,100.0,normale,Urgent: vérifier température stockage,1,22,11,False,False,normal,pluvieux
2022-11-09 00:36:06,Hôpital Militaire,O+,21,4,0,17,4.2,18,93.3,faible,Attention: proche expiration,2,0,11,False,False,normal,nuageux
2022-11-09 05:59:01,Clinique des Spécialités,O+,35,11,0,24,4.1,4,85.2,normale,"Excellent état, conservation parfaite",2,5,11,False,False,normal,nuageux
2022-11-09 10:46:10,Hôpital de District Bonassama,O+,64,7,0,57,3.4,1,62.7,attention,"Excellent état, conservation parfaite",2,10,11,False,False,normal,nuageux
2022-11-09 10:59:40,Hôpital Laquintinie,O+,48,7,0,41,3.8,35,99.9,normale,Urgent: vérifier température stockage,2,10,11,False,False,normal,pluvieux
2022-11-09 15:18:09,Clinique des Spécialités,O+,48,8,18,58,4.4,9,95.6,normale,"État satisfaisant, contrôle qualité OK",2,15,11,False,False,normal,ensoleillé
2022-11-09 17:24:16,Hôpital de District Bonassama,O+,36,6,25,55,4.7,15,98.0,normale,Contrôle bactériologique négatif,2,17,11,False,False,normal,ensoleillé
2022-11-10 07:45:55,Hôpital Laquintinie,O+,80,8,0,72,4.3,1,54.3,attention,"Bon état général, légère variation température",3,7,11,False,False,normal,orageux
2022-11-10 20:56:26,Hôpital de District Bonassama,O+,34,6,0,28,4.5,1,59.5,attention,Contrôle bactériologique négatif,3,20,11,False,False,normal,ensoleillé
2022-11-11 01:00:32,Hôpital Général Douala,O+,21,3,0,18,3.0,1,59.4,faible,"État satisfaisant, contrôle qualité OK",4,1,11,False,False,normal,pluvieux
2022-11-11 02:35:00,Hôpital Militaire,O+,35,8,28,55,3.1,6,90.6,normale,Parfait pour transfusion immédiate,4,2,11,False,False,normal,nuageux
2022-11-11 03:22:30,Hôpital de District Bonassama,O+,18,1,0,17,4.8,8,100.0,faible,Parfait pour transfusion immédiate,4,3,11,False,False,normal,pluvieux
2022-11-11 03:27:27,Hôpital Laquintinie,O+,24,10,0,14,4.1,19,84.4,faible,Parfait pour transfusion immédiate,4,3,11,False,False,normal,nuageux
2022-11-11 05:35:18,Clinique des Spécialités,O+,33,9,0,24,4.5,1,52.9,attention,Hémoglobine dans les normes,4,5,11,False,False,normal,ensoleillé
2022-11-11 11:15:48,Hôpital de District Bonassama,O+,37,2,19,54,4.4,33,100.0,normale,"Bon état général, légère variation température",4,11,11,False,False,normal,ensoleillé
2022-11-11 14:37:53,Hôpital Laquintinie,O+,24,4,0,20,4.0,19,97.5,normale,Urgent: vérifier température stockage,4,14,11,False,False,normal,nuageux
2022-11-11 18:56:06,Hôpital Laquintinie,O+,87,7,0,80,4.4,19,100.0,normale,"État satisfaisant, contrôle qualité OK",4,18,11,False,False,normal,pluvieux
2022-11-11 20:27:54,Clinique des Spécialités,O+,23,11,0,12,4.2,52,98.9,faible,"État satisfaisant, contrôle qualité OK",4,20,11,False,False,normal,ensoleillé
2022-11-11 22:09:13,Hôpital Militaire,O+,47,5,15,57,4.3,53,99.9,normale,"Bon état général, légère variation température",4,22,11,False,False,normal,ensoleillé
2022-11-12 02:32:05,Hôpital Général Douala,O+,9,3,0,6,2.6,36,100.0,critique,"URGENT: Stock critique - Excellent état, conservation parfaite",5,2,11,True,False,normal,orageux
2022-11-12 08:59:50,Clinique des Spécialités,O+,42,5,0,37,4.3,1,72.6,normale,"Excellent état, conservation parfaite",5,8,11,True,False,normal,nuageux
2022-11-12 12:18:27,Hôpital Militaire,O+,32,7,0,25,4.0,2,81.4,normale,"Excellent état, conservation parfaite",5,12,11,True,False,normal,nuageux
2022-11-12 15:25:24,Hôpital Général Douala,O+,33,4,0,29,3.2,36,100.0,normale,Urgent: vérifier température stockage,5,15,11,True,False,normal,orageux
2022-11-12 16:06:25,Hôpital Laquintinie,O+,36,8,0,28,3.1,15,96.4,normale,Urgent: vérifier température stockage,5,16,11,True,False,normal,pluvieux
2022-11-12 16:22:09,Clinique des Spécialités,O+,42,8,0,34,3.6,19,95.7,normale,"Excellent état, conservation parfaite",5,16,11,True,False,normal,ensoleillé
2022-11-12 17:56:35,Clinique des Spécialités,O+,33,5,0,28,3.5,12,100.0,normale,"Bon état général, légère variation température",5,17,11,True,False,normal,ensoleillé
2022-11-12 19:54:37,Clinique des Spécialités,O+,41,6,0,35,4.2,1,51.2,attention,"Excellent état, conservation parfaite",5,19,11,True,False,normal,pluvieux
2022-11-13 01:18:16,Hôpital Laquintinie,O+,15,7,0,8,3.6,17,100.0,critique,"URGENT: Stock critique - Bon état général, légère variation température",6,1,11,True,False,normal,ensoleillé
2022-11-13 03:09:27,Clinique des Spécialités,O+,22,6,0,16,4.4,1,58.8,faible,Hémoglobine dans les normes,6,3,11,True,False,accident_route,pluvieux
2022-11-13 05:32:22,Hôpital Général Douala,O+,30,7,29,52,3.5,15,86.7,normale,Attention: proche expiration,6,5,11,True,False,normal,orageux
2022-11-13 08:17:27,Hôpital Laquintinie,O+,23,8,27,42,4.3,58,100.0,normale,Urgent: vérifier température stockage,6,8,11,True,False,normal,nuageux
2022-11-13 13:48:14,Clinique des Spécialités,O+,35,7,0,28,3.5,12,94.3,normale,"Bon état général, légère variation température",6,13,11,True,False,normal,pluvieux
2022-11-13 14:12:10,Clinique des Spécialités,O+,45,5,19,59,4.2,26,100.0,normale,Urgent: vérifier température stockage,6,14,11,True,False,normal,ensoleillé
2022-11-13 14:49:32,Clinique des Spécialités,O+,33,6,0,27,3.5,50,100.0,normale,Attention: proche expiration,6,14,11,True,False,normal,nuageux
2022-11-13 23:49:53,Hôpital de District Bonassama,O+,12,4,23,31,4.3,17,99.9,normale,"État satisfaisant, contrôle qualité OK",6,23,11,True,False,normal,orageux
2022-11-14 02:30:09,Hôpital de District Bonassama,O+,20,5,0,15,3.8,53,96.8,faible,Parfait pour transfusion immédiate,0,2,11,False,False,normal,pluvieux
2022-11-14 08:39:14,Hôpital Laquintinie,O+,38,6,0,32,3.9,20,98.7,normale,"Bon état général, légère variation température",0,8,11,False,False,normal,pluvieux
2022-11-14 09:43:36,Clinique des Spécialités,O+,43,9,22,56,4.4,1,61.4,attention,"Excellent état, conservation parfaite",0,9,11,False,False,normal,nuageux
2022-11-14 13:25:28,Hôpital Général Douala,O+,68,3,18,83,4.1,22,100.0,normale,Contrôle bactériologique négatif,0,13,11,False,False,normal,ensoleillé
2022-11-14 13:49:55,Hôpital Militaire,O+,57,3,0,54,4.8,7,99.5,normale,Contrôle bactériologique négatif,0,13,11,False,False,normal,pluvieux
2022-11-14 18:49:01,Hôpital Militaire,O+,36,7,0,29,4.0,16,97.5,normale,"État satisfaisant, contrôle qualité OK",0,18,11,False,False,normal,pluvieux
2022-11-15 00:53:58,Hôpital de District Bonassama,O+,21,12,0,9,4.9,31,100.0,critique,URGENT: Stock critique - Contrôle bactériologique négatif,1,0,11,False,False,normal,nuageux
2022-11-15 01:46:02,Hôpital Militaire,O+,28,6,0,22,4.1,38,100.0,normale,Parfait pour transfusion immédiate,1,1,11,False,False,normal,pluvieux
2022-11-15 11:37:37,Centre Médical d'Excellence,O+,17,5,0,12,2.9,21,93.0,faible,"État satisfaisant, contrôle qualité OK",1,11,11,False,False,normal,ensoleillé
2022-11-15 13:46:32,Centre Médical d'Excellence,O+,69,7,23,85,4.9,1,64.6,attention,"État satisfaisant, contrôle qualité OK",1,13,11,False,False,normal,ensoleillé
2022-11-16 02:57:34,Hôpital Laquintinie,O+,37,2,0,35,5.1,7,95.6,normale,Parfait pour transfusion immédiate,2,2,11,False,False,normal,ensoleillé
2022-11-16 19:46:46,Hôpital Général Douala,O+,43,8,26,61,3.5,35,97.6,normale,Attention: proche expiration,2,19,11,False,False,normal,nuageux
2022-11-17 01:12:04,Hôpital Militaire,O+,25,6,23,42,3.7,1,56.7,attention,Attention: proche expiration,3,1,11,False,False,normal,ensoleillé
2022-11-17 06:32:51,Clinique des Spécialités,O+,37,11,20,46,4.2,6,100.0,normale,Attention: proche expiration,3,6,11,False,False,normal,ensoleillé
2022-11-17 07:32:53,Hôpital Militaire,O+,48,6,0,42,3.6,11,100.0,normale,Contrôle bactériologique négatif,3,7,11,False,False,normal,ensoleillé
2022-11-17 08:10:38,Hôpital de District Bonassama,O+,45,4,0,41,5.4,2,87.3,normale,"État satisfaisant, contrôle qualité OK",3,8,11,False,False,normal,orageux
2022-11-17 08:24:31,Hôpital Militaire,O+,60,7,0,53,3.5,21,98.3,normale,Contrôle bactériologique négatif,3,8,11,False,False,normal,pluvieux
2022-11-17 11:20:12,Hôpital de District Bonassama,O+,26,4,0,22,3.8,1,55.3,attention,"État satisfaisant, contrôle qualité OK",3,11,11,False,False,normal,ensoleillé
2022-11-17 18:08:03,Hôpital Général Douala,O+,40,5,15,50,4.7,15,100.0,normale,"Bon état général, légère variation température",3,18,11,False,False,normal,nuageux
2022-11-17 19:56:12,Hôpital de District Bonassama,O+,68,5,0,63,3.3,3,80.8,normale,Parfait pour transfusion immédiate,3,19,11,False,False,normal,orageux
2022-11-17 23:07:52,Hôpital Général Douala,O+,16,7,0,9,4.5,1,63.2,critique,"URGENT: Stock critique - Bon état général, légère variation température",3,23,11,False,False,normal,nuageux
2022-11-18 00:29:45,Centre Médical d'Excellence,O+,17,7,0,10,4.4,22,93.3,faible,Hémoglobine dans les normes,4,0,11,False,False,normal,ensoleillé
2022-11-18 05:19:15,Hôpital de District Bonassama,O+,24,10,0,14,3.7,16,98.2,faible,Urgent: vérifier température stockage,4,5,11,False,False,normal,nuageux
2022-11-18 05:43:41,Hôpital Laquintinie,O+,26,7,20,39,4.2,1,71.0,normale,"Bon état général, légère variation température",4,5,11,False,False,normal,pluvieux
2022-11-18 10:02:38,Hôpital Militaire,O+,57,6,0,51,3.6,5,100.0,normale,"Bon état général, légère variation température",4,10,11,False,False,normal,pluvieux
2022-11-18 11:05:16,Centre Médical d'Excellence,O+,38,6,12,44,4.8,83,100.0,normale,"Excellent état, conservation parfaite",4,11,11,False,False,normal,ensoleillé
2022-11-18 12:13:03,Hôpital de District Bonassama,O+,20,10,0,10,3.9,16,97.0,faible,Hémoglobine dans les normes,4,12,11,False,False,normal,ensoleillé
2022-11-18 12:38:39,Clinique des Spécialités,O+,51,5,17,63,4.4,1,60.4,attention,Hémoglobine dans les normes,4,12,11,False,False,normal,pluvieux
2022-11-18 17:07:54,Hôpital Militaire,O+,41,2,0,39,4.1,1,60.0,attention,Parfait pour transfusion immédiate,4,17,11,False,False,normal,ensoleillé
2022-11-18 17:42:55,Hôpital Militaire,O+,40,7,0,33,4.1,21,100.0,normale,Attention: proche expiration,4,17,11,False,False,normal,pluvieux
2022-11-18 21:44:25,Hôpital Militaire,O+,79,6,0,73,4.1,44,100.0,normale,Hémoglobine dans les normes,4,21,11,False,False,normal,nuageux
2022-11-18 21:45:58,Hôpital Laquintinie,O+,29,9,0,20,4.4,1,62.1,attention,"État satisfaisant, contrôle qualité OK",4,21,11,False,False,normal,nuageux
2022-11-18 22:17:14,Hôpital Général Douala,O+,27,4,0,23,3.7,47,100.0,normale,Urgent: vérifier température stockage,4,22,11,False,False,normal,pluvieux
2022-11-19 06:00:29,Hôpital Laquintinie,O+,58,0,0,58,4.5,27,100.0,normale,"État satisfaisant, contrôle qualité OK",5,6,11,True,False,normal,orageux
2022-11-19 11:36:06,Hôpital Laquintinie,O+,27,7,0,20,3.7,25,100.0,normale,Urgent: vérifier température stockage,5,11,11,True,False,normal,nuageux
2022-11-19 17:18:04,Hôpital Laquintinie,O+,39,8,0,31,3.7,39,100.0,normale,"Bon état général, légère variation température",5,17,11,True,False,normal,ensoleillé
2022-11-19 19:31:39,Hôpital de District Bonassama,O+,26,2,28,52,4.2,10,91.9,normale,"État satisfaisant, contrôle qualité OK",5,19,11,True,False,épidémie,nuageux
2022-11-19 22:35:36,Clinique des Spécialités,O+,28,6,15,37,3.1,1,50.7,attention,Hémoglobine dans les normes,5,22,11,True,False,normal,orageux
2022-11-19 23:55:26,Hôpital Général Douala,O+,21,3,20,38,4.4,23,94.2,normale,Contrôle bactériologique négatif,5,23,11,True,False,normal,ensoleillé
2022-11-20 01:31:13,Hôpital Général Douala,O+,12,9,0,3,4.0,15,100.0,critique,URGENT: Stock critique - Parfait pour transfusion immédiate,6,1,11,True,False,normal,pluvieux
2022-11-20 01:55:46,Clinique des Spécialités,O+,10,6,18,22,3.5,21,100.0,normale,"Bon état général, légère variation température",6,1,11,True,False,normal,nuageux
2022-11-20 06:02:45,Centre Médical d'Excellence,O+,40,7,19,52,3.8,5,100.0,normale,Parfait pour transfusion immédiate,6,6,11,True,False,normal,pluvieux
2022-11-20 08:51:13,Hôpital Général Douala,O+,20,9,20,31,4.1,21,100.0,normale,Attention: proche expiration,6,8,11,True,False,normal,pluvieux
2022-11-20 13:44:25,Hôpital Laquintinie,O+,48,6,0,42,4.0,38,96.9,normale,Attention: proche expiration,6,13,11,True,False,normal,nuageux
2022-11-20 20:38:25,Hôpital Laquintinie,O+,27,7,0,20,3.7,82,100.0,normale,Attention: proche expiration,6,20,11,True,False,normal,nuageux
2022-11-21 08:13:10,Hôpital de District Bonassama,O+,36,9,23,50,3.9,34,100.0,normale,Attention: proche expiration,0,8,11,False,False,normal,ensoleillé
2022-11-22 02:37:47,Hôpital de District Bonassama,O+,31,11,0,20,4.4,12,97.4,normale,"État satisfaisant, contrôle qualité OK",1,2,11,False,False,normal,pluvieux
2022-11-22 04:28:35,Hôpital de District Bonassama,O+,37,5,0,32,4.0,12,100.0,normale,"Bon état général, légère variation température",1,4,11,False,False,normal,ensoleillé
2022-11-22 06:44:04,Hôpital Général Douala,O+,26,7,0,19,4.5,2,82.8,faible,Hémoglobine dans les normes,1,6,11,False,False,normal,ensoleillé
2022-11-22 07:28:40,Centre Médical d'Excellence,O+,33,14,0,19,5.1,4,84.6,faible,Attention: proche expiration,1,7,11,False,False,normal,ensoleillé
2022-11-22 11:57:41,Hôpital Général Douala,O+,61,8,0,53,3.6,1,65.3,attention,Urgent: vérifier température stockage,1,11,11,False,False,normal,pluvieux
2022-11-22 12:27:31,Centre Médical d'Excellence,O+,45,9,23,59,3.4,4,89.6,normale,Urgent: vérifier température stockage,1,12,11,False,False,normal,pluvieux
2022-11-22 15:06:12,Hôpital de District Bonassama,O+,30,4,0,26,4.7,6,100.0,normale,Parfait pour transfusion immédiate,1,15,11,False,False,normal,nuageux
2022-11-22 20:18:28,Hôpital Laquintinie,O+,36,9,0,27,3.1,8,98.6,normale,Urgent: vérifier température stockage,1,20,11,False,False,normal,nuageux
2022-11-22 20:24:58,Centre Médical d'Excellence,O+,25,5,0,20,4.4,18,99.3,normale,Attention: proche expiration,1,20,11,False,False,urgence_médicale,nuageux
2022-11-22 22:54:11,Hôpital de District Bonassama,O+,56,8,0,48,4.0,23,100.0,normale,"État satisfaisant, contrôle qualité OK",1,22,11,False,False,normal,ensoleillé
2022-11-23 01:32:46,Hôpital Laquintinie,O+,31,1,0,30,3.3,1,61.1,attention,Urgent: vérifier température stockage,2,1,11,False,False,normal,orageux
2022-11-23 02:06:55,Centre Médical d'Excellence,O+,18,3,0,15,3.6,4,80.6,faible,Parfait pour transfusion immédiate,2,2,11,False,False,normal,pluvieux
2022-11-23 18:07:06,Hôpital Militaire,O+,33,5,29,57,3.8,19,97.9,normale,Attention: proche expiration,2,18,11,False,False,normal,ensoleillé
2022-11-23 21:27:53,Clinique des Spécialités,O+,34,7,0,27,3.3,1,62.0,attention,Urgent: vérifier température stockage,2,21,11,False,False,normal,ensoleillé
2022-11-23 21:36:45,Hôpital de District Bonassama,O+,22,7,24,39,3.6,45,95.8,normale,"Excellent état, conservation parfaite",2,21,11,False,False,normal,ensoleillé
2022-11-23 23:16:24,Clinique des Spécialités,O+,27,9,0,18,3.5,9,100.0,faible,"Bon état général, légère variation température",2,23,11,False,False,normal,orageux
2022-11-24 00:18:32,Centre Médical d'Excellence,O+,15,8,0,7,3.3,27,98.7,critique,URGENT: Stock critique - Parfait pour transfusion immédiate,3,0,11,False,False,normal,nuageux
2022-11-24 03:13:36,Clinique des Spécialités,O+,25,2,16,39,3.8,31,99.5,normale,Contrôle bactériologique négatif,3,3,11,False,False,normal,pluvieux
2022-11-24 17:11:34,Hôpital Général Douala,O+,61,11,0,50,3.8,26,96.3,normale,Urgent: vérifier température stockage,3,17,11,False,False,normal,pluvieux
2022-11-25 00:30:08,Hôpital de District Bonassama,O+,30,10,0,20,4.5,10,100.0,normale,Contrôle bactériologique négatif,4,0,11,False,False,normal,pluvieux
2022-11-25 03:28:05,Hôpital de District Bonassama,O+,17,3,0,14,4.1,2,84.1,faible,Attention: proche expiration,4,3,11,False,False,normal,ensoleillé
2022-11-25 06:06:12,Hôpital Laquintinie,O+,71,4,12,79,4.5,12,98.8,normale,Hémoglobine dans les normes,4,6,11,False,False,normal,pluvieux
2022-11-25 14:00:52,Centre Médical d'Excellence,O+,65,5,0,60,3.6,8,100.0,normale,"État satisfaisant, contrôle qualité OK",4,14,11,False,False,normal,pluvieux
2022-11-25 15:40:36,Hôpital Militaire,O+,47,2,20,65,2.6,5,100.0,normale,Contrôle bactériologique négatif,4,15,11,False,False,normal,ensoleillé
2022-11-25 15:51:46,Clinique des Spécialités,O+,36,10,0,26,4.4,4,87.6,normale,Urgent: vérifier température stockage,4,15,11,False,False,normal,ensoleillé
2022-11-25 23:22:08,Clinique des Spécialités,O+,14,9,0,5,4.5,30,100.0,critique,URGENT: Stock critique - Attention: proche expiration,4,23,11,False,False,normal,nuageux
2022-11-25 23:45:34,Centre Médical d'Excellence,O+,18,9,0,9,3.5,25,99.5,critique,URGENT: Stock critique - Urgent: vérifier température stockage,4,23,11,False,False,normal,pluvieux
2022-11-26 00:01:28,Clinique des Spécialités,O+,12,4,14,22,3.6,55,100.0,normale,Parfait pour transfusion immédiate,5,0,11,True,False,normal,orageux
2022-11-26 02:17:30,Hôpital Militaire,O+,13,7,0,6,4.8,16,100.0,critique,"URGENT: Stock critique - État satisfaisant, contrôle qualité OK",5,2,11,True,False,normal,orageux
2022-11-26 09:38:42,Clinique des Spécialités,O+,12,7,0,5,3.8,8,97.3,critique,"URGENT: Stock critique - État satisfaisant, contrôle qualité OK",5,9,11,True,False,normal,nuageux
2022-11-26 10:15:25,Hôpital Général Douala,O+,30,2,0,28,4.5,50,100.0,normale,Contrôle bactériologique négatif,5,10,11,True,False,normal,pluvieux
2022-11-26 21:03:36,Clinique des Spécialités,O+,31,5,18,44,3.8,4,85.7,normale,"État satisfaisant, contrôle qualité OK",5,21,11,True,False,normal,nuageux
2022-11-26 22:19:16,Clinique des Spécialités,O+,43,4,0,39,4.2,23,99.0,normale,Attention: proche expiration,5,22,11,True,False,campagne_don,nuageux
2022-11-26 22:56:25,Hôpital Laquintinie,O+,48,5,0,43,3.8,77,100.0,normale,Hémoglobine dans les normes,5,22,11,True,False,normal,pluvieux
2022-11-27 05:09:53,Hôpital Militaire,O+,24,4,0,20,4.3,23,95.7,normale,"Excellent état, conservation parfaite",6,5,11,True,False,normal,nuageux
2022-11-27 05:17:58,Centre Médical d'Excellence,O+,16,7,0,9,3.9,2,85.1,critique,URGENT: Stock critique - Urgent: vérifier température stockage,6,5,11,True,False,normal,pluvieux
2022-11-27 05:27:28,Centre Médical d'Excellence,O+,10,6,16,20,4.4,1,67.6,attention,Contrôle bactériologique négatif,6,5,11,True,False,normal,ensoleillé
2022-11-27 11:41:50,Centre Médical d'Excellence,O+,44,3,20,61,4.0,24,98.8,normale,"Excellent état, conservation parfaite",6,11,11,True,False,normal,ensoleillé
2022-11-27 22:33:00,Centre Médical d'Excellence,O+,30,5,22,47,3.9,9,98.1,normale,Parfait pour transfusion immédiate,6,22,11,True,False,normal,ensoleillé
2022-11-28 01:09:27,Hôpital de District Bonassama,O+,23,7,26,42,4.1,26,100.0,normale,"État satisfaisant, contrôle qualité OK",0,1,11,False,False,normal,pluvieux
2022-11-28 05:53:01,Hôpital Militaire,O+,24,5,24,43,3.5,21,96.4,normale,"Bon état général, légère variation température",0,5,11,False,False,normal,pluvieux
2022-11-28 11:01:27,Clinique des Spécialités,O+,57,6,0,51,3.9,1,62.5,attention,Urgent: vérifier température stockage,0,11,11,False,False,normal,orageux
2022-11-28 11:27:27,Hôpital Militaire,O+,35,10,19,44,4.3,17,95.9,normale,"Bon état général, légère variation température",0,11,11,False,False,normal,nuageux
2022-11-28 15:32:50,Hôpital de District Bonassama,O+,78,13,0,65,3.3,21,100.0,normale,"Excellent état, conservation parfaite",0,15,11,False,False,normal,pluvieux
2022-11-28 16:51:22,Hôpital Général Douala,O+,57,9,0,48,3.5,37,100.0,normale,Urgent: vérifier température stockage,0,16,11,False,False,normal,ensoleillé
2022-11-28 17:49:51,Hôpital Militaire,O+,38,15,0,23,4.1,2,88.2,normale,Parfait pour transfusion immédiate,0,17,11,False,False,normal,ensoleillé
2022-11-28 21:53:37,Hôpital Général Douala,O+,54,12,25,67,3.9,1,60.3,attention,"Excellent état, conservation parfaite",0,21,11,False,False,normal,pluvieux
2022-11-29 02:12:56,Centre Médical d'Excellence,O+,26,12,0,14,4.9,1,66.9,faible,Contrôle bactériologique négatif,1,2,11,False,False,normal,nuageux
2022-11-29 03:09:10,Hôpital Militaire,O+,43,6,21,58,3.5,7,92.6,normale,Hémoglobine dans les normes,1,3,11,False,False,normal,nuageux
2022-11-29 03:47:46,Hôpital Général Douala,O+,15,7,13,21,4.0,15,100.0,normale,"Excellent état, conservation parfaite",1,3,11,False,False,normal,ensoleillé
2022-11-29 04:57:59,Clinique des Spécialités,O+,9,8,14,15,4.3,25,95.4,faible,"État satisfaisant, contrôle qualité OK",1,4,11,False,False,normal,ensoleillé
2022-11-29 06:45:25,Centre Médical d'Excellence,O+,29,11,23,41,4.0,10,95.8,normale,Contrôle bactériologique négatif,1,6,11,False,False,normal,nuageux
2022-11-29 09:47:01,Centre Médical d'Excellence,O+,77,10,13,80,3.9,1,64.7,attention,Urgent: vérifier température stockage,1,9,11,False,False,normal,nuageux
2022-11-29 13:36:45,Clinique des Spécialités,O+,53,6,22,69,4.9,2,81.2,normale,Parfait pour transfusion immédiate,1,13,11,False,False,normal,ensoleillé
2022-11-29 16:13:42,Centre Médical d'Excellence,O+,57,5,22,74,3.1,10,97.4,normale,Hémoglobine dans les normes,1,16,11,False,False,normal,nuageux
2022-11-29 19:57:52,Centre Médical d'Excellence,O+,58,6,0,52,3.5,86,87.1,normale,Contrôle bactériologique négatif,1,19,11,False,False,normal,ensoleillé
2022-11-30 05:36:50,Hôpital Général Douala,O+,24,7,17,34,3.6,1,51.2,attention,"Bon état général, légère variation température",2,5,11,False,False,normal,ensoleillé
2022-11-30 12:23:10,Hôpital Général Douala,O+,36,8,24,52,3.6,2,85.1,normale,"Excellent état, conservation parfaite",2,12,11,False,False,normal,ensoleillé
2022-11-30 19:48:18,Centre Médical d'Excellence,O+,77,9,23,91,4.0,1,63.7,attention,"État satisfaisant, contrôle qualité OK",2,19,11,False,False,normal,nuageux
2022-11-30 22:10:15,Hôpital Général Douala,O+,24,8,19,35,4.2,18,98.2,normale,Urgent: vérifier température stockage,2,22,11,False,False,normal,ensoleillé
2022-12-01 03:29:48,Hôpital Laquintinie,O+,40,13,0,27,4.3,1,63.2,attention,"État satisfaisant, contrôle qualité OK",3,3,12,False,True,normal,pluvieux
2022-12-01 07:21:24,Hôpital Militaire,O+,67,3,0,64,3.1,5,94.7,normale,Parfait pour transfusion immédiate,3,7,12,False,True,normal,nuageux
2022-12-01 07:53:44,Hôpital de District Bonassama,O+,62,15,19,66,4.4,6,100.0,normale,Contrôle bactériologique négatif,3,7,12,False,True,normal,ensoleillé
2022-12-01 11:16:05,Clinique des Spécialités,O+,37,4,0,33,4.6,1,59.4,attention,Urgent: vérifier température stockage,3,11,12,False,True,normal,ensoleillé
2022-12-01 11:59:28,Centre Médical d'Excellence,O+,71,16,0,55,4.1,15,100.0,normale,"Bon état général, légère variation température",3,11,12,False,True,normal,pluvieux
2022-12-01 12:28:40,Hôpital de District Bonassama,O+,47,11,0,36,4.6,3,92.8,normale,Hémoglobine dans les normes,3,12,12,False,True,normal,pluvieux
2022-12-01 19:22:35,Hôpital Laquintinie,O+,50,6,12,56,3.6,3,81.8,normale,"Excellent état, conservation parfaite",3,19,12,False,True,normal,pluvieux
2022-12-01 23:08:57,Hôpital de District Bonassama,O+,42,5,0,37,3.7,21,95.9,normale,"État satisfaisant, contrôle qualité OK",3,23,12,False,True,normal,nuageux
2022-12-02 00:26:58,Hôpital Militaire,O+,28,9,0,19,3.7,9,98.8,faible,"État satisfaisant, contrôle qualité OK",4,0,12,False,True,normal,ensoleillé
2022-12-02 07:45:36,Hôpital Laquintinie,O+,50,3,0,47,3.2,4,80.0,normale,Contrôle bactériologique négatif,4,7,12,False,True,normal,orageux
2022-12-02 10:13:45,Centre Médical d'Excellence,O+,30,8,0,22,4.3,1,57.1,attention,"Excellent état, conservation parfaite",4,10,12,False,True,normal,nuageux
2022-12-02 10:45:42,Clinique des Spécialités,O+,40,11,0,29,4.5,6,100.0,normale,"Bon état général, légère variation température",4,10,12,False,True,normal,ensoleillé
2022-12-02 15:34:12,Clinique des Spécialités,O+,24,8,0,16,4.2,21,100.0,faible,"État satisfaisant, contrôle qualité OK",4,15,12,False,True,normal,pluvieux
2022-12-03 04:52:11,Hôpital Militaire,O+,13,2,0,11,3.3,7,100.0,faible,"État satisfaisant, contrôle qualité OK",5,4,12,True,True,normal,ensoleillé
2022-12-03 06:02:10,Hôpital de District Bonassama,O+,52,6,0,46,3.5,10,100.0,normale,Contrôle bactériologique négatif,5,6,12,True,True,normal,nuageux
2022-12-03 08:10:18,Hôpital Général Douala,O+,52,7,0,45,4.2,4,81.0,normale,Attention: proche expiration,5,8,12,True,True,normal,pluvieux
2022-12-03 10:37:12,Hôpital de District Bonassama,O+,46,10,0,36,4.9,2,79.8,normale,"Excellent état, conservation parfaite",5,10,12,True,True,normal,ensoleillé
2022-12-03 17:27:42,Centre Médical d'Excellence,O+,43,11,0,32,4.4,10,96.7,normale,Urgent: vérifier température stockage,5,17,12,True,True,normal,ensoleillé
2022-12-03 20:58:00,Hôpital de District Bonassama,O+,68,7,17,78,3.5,20,94.8,normale,Attention: proche expiration,5,20,12,True,True,normal,ensoleillé
2022-12-04 00:39:43,Clinique des Spécialités,O+,29,8,20,41,4.3,82,100.0,normale,"Excellent état, conservation parfaite",6,0,12,True,True,normal,ensoleillé
2022-12-04 14:57:10,Hôpital Militaire,O+,31,9,0,22,3.6,5,100.0,normale,Contrôle bactériologique négatif,6,14,12,True,True,normal,orageux
2022-12-04 16:36:42,Centre Médical d'Excellence,O+,45,3,0,42,3.6,2,86.8,normale,"État satisfaisant, contrôle qualité OK",6,16,12,True,True,normal,ensoleillé
2022-12-04 20:40:06,Centre Médical d'Excellence,O+,29,2,0,27,4.3,15,98.2,normale,Contrôle bactériologique négatif,6,20,12,True,True,urgence_médicale,nuageux
2022-12-05 04:01:25,Hôpital Militaire,O+,36,13,0,23,3.8,1,59.6,attention,Parfait pour transfusion immédiate,0,4,12,False,True,normal,nuageux
2022-12-05 13:29:06,Hôpital Général Douala,O+,28,10,0,18,4.3,1,60.7,faible,Urgent: vérifier température stockage,0,13,12,False,True,normal,ensoleillé
2022-12-05 16:42:04,Hôpital de District Bonassama,O+,42,2,19,59,4.5,37,100.0,normale,"Bon état général, légère variation température",0,16,12,False,True,normal,nuageux
2022-12-05 16:42:14,Hôpital Militaire,O+,58,8,28,78,3.5,1,64.6,attention,Parfait pour transfusion immédiate,0,16,12,False,True,normal,ensoleillé
2022-12-05 16:54:22,Clinique des Spécialités,O+,63,13,21,71,4.3,21,100.0,normale,"Excellent état, conservation parfaite",0,16,12,False,True,épidémie,pluvieux
2022-12-06 05:19:57,Centre Médical d'Excellence,O+,32,16,0,16,3.3,8,100.0,faible,"Bon état général, légère variation température",1,5,12,False,True,normal,ensoleillé
2022-12-06 07:49:00,Centre Médical d'Excellence,O+,67,12,14,69,3.9,22,94.5,normale,Hémoglobine dans les normes,1,7,12,False,True,normal,ensoleillé
2022-12-06 11:54:56,Hôpital Laquintinie,O+,42,11,14,45,2.8,8,100.0,normale,"État satisfaisant, contrôle qualité OK",1,11,12,False,True,normal,orageux
2022-12-06 22:49:25,Hôpital Militaire,O+,52,10,0,42,4.0,15,100.0,normale,Contrôle bactériologique négatif,1,22,12,False,True,normal,orageux
2022-12-06 22:52:29,Hôpital Laquintinie,O+,55,13,0,42,3.6,21,95.7,normale,Parfait pour transfusion immédiate,1,22,12,False,True,normal,ensoleillé
2022-12-06 23:35:23,Hôpital Général Douala,O+,26,13,0,13,3.6,6,97.0,faible,"Excellent état, conservation parfaite",1,23,12,False,True,normal,ensoleillé
2022-12-07 04:36:31,Clinique des Spécialités,O+,33,10,0,23,3.4,5,100.0,normale,Parfait pour transfusion immédiate,2,4,12,False,True,normal,pluvieux
2022-12-07 06:46:38,Hôpital Militaire,O+,94,5,24,113,3.7,2,86.4,normale,Parfait pour transfusion immédiate,2,6,12,False,True,normal,pluvieux
2022-12-07 07:04:33,Hôpital Général Douala,O+,83,10,15,88,3.9,11,93.9,normale,Contrôle bactériologique négatif,2,7,12,False,True,accident_route,pluvieux
2022-12-07 07:56:48,Hôpital Laquintinie,O+,61,6,0,55,4.4,2,79.3,normale,"Excellent état, conservation parfaite",2,7,12,False,True,normal,pluvieux
2022-12-07 08:08:00,Centre Médical d'Excellence,O+,62,19,13,56,3.9,1,59.0,attention,Parfait pour transfusion immédiate,2,8,12,False,True,normal,ensoleillé
2022-12-07 13:23:33,Hôpital Militaire,O+,71,7,0,64,3.9,33,90.2,normale,"Bon état général, légère variation température",2,13,12,False,True,normal,nuageux
2022-12-07 17:14:15,Clinique des Spécialités,O+,50,11,19,58,3.5,11,91.2,normale,Hémoglobine dans les normes,2,17,12,False,True,normal,ensoleillé
2022-12-07 18:18:46,Clinique des Spécialités,O+,61,9,20,72,4.8,1,60.7,attention,Urgent: vérifier température stockage,2,18,12,False,True,normal,ensoleillé
2022-12-07 22:51:35,Hôpital Général Douala,O+,11,14,0,0,4.2,2,82.5,critique,"URGENT: Stock critique - Excellent état, conservation parfaite",2,22,12,False,True,normal,nuageux
2022-12-08 02:24:49,Hôpital Laquintinie,O+,37,6,0,31,3.2,14,96.3,normale,"État satisfaisant, contrôle qualité OK",3,2,12,False,True,normal,ensoleillé
2022-12-08 04:52:10,Hôpital Laquintinie,O+,15,0,25,40,3.6,19,100.0,normale,"Excellent état, conservation parfaite",3,4,12,False,True,normal,ensoleillé
2022-12-08 11:57:54,Hôpital Militaire,O+,65,13,0,52,4.4,27,99.2,normale,"Excellent état, conservation parfaite",3,11,12,False,True,normal,pluvieux
2022-12-08 13:17:05,Hôpital Militaire,O+,56,12,0,44,4.1,1,65.5,attention,"Excellent état, conservation parfaite",3,13,12,False,True,normal,ensoleillé
2022-12-08 13:21:20,Hôpital Laquintinie,O+,28,8,0,20,3.4,19,90.9,normale,"État satisfaisant, contrôle qualité OK",3,13,12,False,True,normal,ensoleillé
2022-12-08 21:38:35,Hôpital Laquintinie,O+,50,11,16,55,4.0,3,86.3,normale,Attention: proche expiration,3,21,12,False,True,épidémie,pluvieux
2022-12-08 22:21:00,Centre Médical d'Excellence,O+,71,6,0,65,5.0,2,81.9,normale,Urgent: vérifier température stockage,3,22,12,False,True,normal,pluvieux
2022-12-08 23:54:09,Hôpital de District Bonassama,O+,30,5,0,25,4.5,24,95.9,normale,"Excellent état, conservation parfaite",3,23,12,False,True,normal,pluvieux
2022-12-09 05:19:51,Centre Médical d'Excellence,O+,38,10,0,28,4.1,12,98.4,normale,Urgent: vérifier température stockage,4,5,12,False,True,normal,pluvieux
2022-12-09 09:32:23,Hôpital Militaire,O+,66,6,0,60,3.6,8,100.0,normale,"État satisfaisant, contrôle qualité OK",4,9,12,False,True,normal,nuageux
2022-12-09 13:33:17,Hôpital de District Bonassama,O+,78,8,0,70,3.7,2,81.1,normale,Parfait pour transfusion immédiate,4,13,12,False,True,normal,nuageux
2022-12-09 18:09:58,Clinique des Spécialités,O+,49,11,19,57,3.6,1,53.8,attention,"Bon état général, légère variation température",4,18,12,False,True,normal,orageux
2022-12-09 23:40:46,Hôpital Général Douala,O+,22,6,27,43,4.1,5,100.0,normale,Hémoglobine dans les normes,4,23,12,False,True,normal,ensoleillé
2022-12-10 03:29:17,Centre Médical d'Excellence,O+,26,4,0,22,4.7,12,96.5,normale,"Excellent état, conservation parfaite",5,3,12,True,True,normal,ensoleillé
2022-12-10 04:24:39,Clinique des Spécialités,O+,12,7,0,5,4.3,53,100.0,critique,URGENT: Stock critique - Urgent: vérifier température stockage,5,4,12,True,True,normal,pluvieux
2022-12-10 08:18:03,Clinique des Spécialités,O+,33,5,0,28,3.8,1,71.4,normale,Parfait pour transfusion immédiate,5,8,12,True,True,normal,pluvieux
2022-12-10 11:45:12,Hôpital Militaire,O+,31,8,0,23,4.9,10,100.0,normale,Contrôle bactériologique négatif,5,11,12,True,True,normal,pluvieux
2022-12-10 14:37:58,Hôpital Laquintinie,O+,25,8,0,17,4.1,6,97.7,faible,"Bon état général, légère variation température",5,14,12,True,True,normal,pluvieux
2022-12-10 16:52:45,Hôpital Militaire,O+,36,7,0,29,4.4,5,100.0,normale,"Excellent état, conservation parfaite",5,16,12,True,True,normal,ensoleillé
2022-12-11 02:12:07,Hôpital Général Douala,O+,30,5,0,25,3.7,18,100.0,normale,"État satisfaisant, contrôle qualité OK",6,2,12,True,True,normal,ensoleillé
2022-12-11 05:06:32,Hôpital Général Douala,O+,17,8,0,9,4.3,1,55.2,critique,URGENT: Stock critique - Attention: proche expiration,6,5,12,True,True,normal,ensoleillé
2022-12-11 10:09:32,Hôpital Laquintinie,O+,15,9,21,27,3.8,1,52.2,attention,Urgent: vérifier température stockage,6,10,12,True,True,normal,ensoleillé
2022-12-11 12:36:04,Hôpital de District Bonassama,O+,24,5,19,38,3.9,6,95.4,normale,Attention: proche expiration,6,12,12,True,True,normal,nuageux
2022-12-11 19:56:14,Hôpital de District Bonassama,O+,29,6,0,23,3.2,41,99.0,normale,"État satisfaisant, contrôle qualité OK",6,19,12,True,True,normal,ensoleillé
2022-12-12 00:16:50,Hôpital Général Douala,O+,46,12,0,34,3.4,18,100.0,normale,Urgent: vérifier température stockage,0,0,12,False,True,normal,pluvieux
2022-12-12 00:52:03,Hôpital Laquintinie,O+,29,7,0,22,3.0,25,100.0,normale,"Bon état général, légère variation température",0,0,12,False,True,normal,pluvieux
2022-12-12 10:28:38,Hôpital de District Bonassama,O+,68,15,0,53,4.2,28,99.8,normale,Attention: proche expiration,0,10,12,False,True,normal,pluvieux
2022-12-12 12:03:44,Hôpital de District Bonassama,O+,87,5,0,82,3.2,8,100.0,normale,Urgent: vérifier température stockage,0,12,12,False,True,normal,pluvieux
2022-12-12 13:30:25,Hôpital Laquintinie,O+,51,14,0,37,4.1,10,97.9,normale,Parfait pour transfusion immédiate,0,13,12,False,True,normal,nuageux
2022-12-12 17:28:26,Hôpital Général Douala,O+,10,9,0,1,4.1,13,97.3,critique,URGENT: Stock critique - Contrôle bactériologique négatif,0,17,12,False,True,normal,ensoleillé
2022-12-12 19:25:55,Clinique des Spécialités,O+,65,11,26,80,3.4,16,94.2,normale,Contrôle bactériologique négatif,0,19,12,False,True,normal,nuageux
2022-12-13 00:23:57,Hôpital Militaire,O+,22,9,18,31,3.4,7,95.7,normale,Contrôle bactériologique négatif,1,0,12,False,True,normal,ensoleillé
2022-12-13 01:46:57,Clinique des Spécialités,O+,25,6,17,36,3.4,42,96.5,normale,Attention: proche expiration,1,1,12,False,True,normal,pluvieux
2022-12-13 05:51:12,Hôpital Militaire,O+,35,11,20,44,4.4,26,97.6,normale,Hémoglobine dans les normes,1,5,12,False,True,épidémie,orageux
2022-12-13 06:59:25,Clinique des Spécialités,O+,60,10,0,50,4.9,9,100.0,normale,"Bon état général, légère variation température",1,6,12,False,True,normal,ensoleillé
2022-12-13 08:25:55,Centre Médical d'Excellence,O+,57,6,0,51,4.6,4,87.8,normale,"Excellent état, conservation parfaite",1,8,12,False,True,normal,nuageux
2022-12-13 08:28:20,Hôpital de District Bonassama,O+,68,8,20,80,3.6,6,98.7,normale,Urgent: vérifier température stockage,1,8,12,False,True,normal,orageux
2022-12-13 09:32:00,Centre Médical d'Excellence,O+,67,13,0,54,4.4,17,93.6,normale,Hémoglobine dans les normes,1,9,12,False,True,normal,pluvieux
2022-12-13 14:09:07,Hôpital Laquintinie,O+,69,10,21,80,4.3,14,92.0,normale,Parfait pour transfusion immédiate,1,14,12,False,True,normal,ensoleillé
2022-12-13 15:08:01,Centre Médical d'Excellence,O+,69,4,19,84,3.1,1,56.1,attention,Hémoglobine dans les normes,1,15,12,False,True,normal,pluvieux
2022-12-13 18:15:52,Hôpital Général Douala,O+,20,9,0,11,4.8,1,60.2,faible,"Bon état général, légère variation température",1,18,12,False,True,normal,nuageux
2022-12-13 21:07:54,Clinique des Spécialités,O+,43,9,0,34,3.8,5,100.0,normale,Urgent: vérifier température stockage,1,21,12,False,True,normal,pluvieux
2022-12-13 23:45:13,Centre Médical d'Excellence,O+,26,8,21,39,4.1,10,100.0,normale,Parfait pour transfusion immédiate,1,23,12,False,True,normal,ensoleillé
2022-12-13 23:59:09,Hôpital Militaire,O+,33,6,0,27,4.7,2,84.8,normale,Urgent: vérifier température stockage,1,23,12,False,True,normal,nuageux
2022-12-14 07:06:03,Hôpital de District Bonassama,O+,83,8,0,75,3.9,2,82.6,normale,"Excellent état, conservation parfaite",2,7,12,False,True,normal,ensoleillé
2022-12-14 14:00:02,Clinique des Spécialités,O+,71,11,0,60,3.8,18,100.0,normale,"Bon état général, légère variation température",2,14,12,False,True,accident_route,ensoleillé
2022-12-15 01:09:47,Centre Médical d'Excellence,O+,33,8,19,44,4.7,12,100.0,normale,"Excellent état, conservation parfaite",3,1,12,False,True,campagne_don,pluvieux
2022-12-15 07:19:27,Clinique des Spécialités,O+,74,11,0,63,4.3,17,100.0,normale,Attention: proche expiration,3,7,12,False,True,normal,ensoleillé
2022-12-15 14:37:22,Hôpital de District Bonassama,O+,80,13,29,96,3.9,12,99.6,normale,"État satisfaisant, contrôle qualité OK",3,14,12,False,True,normal,ensoleillé
2022-12-15 16:37:25,Clinique des Spécialités,O+,42,11,0,31,4.5,1,60.8,attention,"État satisfaisant, contrôle qualité OK",3,16,12,False,True,normal,ensoleillé
2022-12-15 21:07:13,Hôpital Laquintinie,O+,51,12,0,39,4.4,3,88.9,normale,Parfait pour transfusion immédiate,3,21,12,False,True,normal,pluvieux
2022-12-15 21:45:27,Hôpital Militaire,O+,74,7,15,82,3.9,1,59.7,attention,"État satisfaisant, contrôle qualité OK",3,21,12,False,True,normal,pluvieux
2022-12-15 21:51:48,Hôpital Laquintinie,O+,71,4,0,67,4.9,10,96.2,normale,"Excellent état, conservation parfaite",3,21,12,False,True,normal,pluvieux
2022-12-16 01:07:43,Hôpital Laquintinie,O+,21,8,0,13,4.7,16,100.0,faible,"État satisfaisant, contrôle qualité OK",4,1,12,False,True,normal,ensoleillé
2022-12-16 07:38:37,Hôpital de District Bonassama,O+,57,4,0,53,2.6,4,85.9,normale,Parfait pour transfusion immédiate,4,7,12,False,True,normal,nuageux
2022-12-16 09:54:05,Clinique des Spécialités,O+,87,15,0,72,4.1,34,95.3,normale,"Bon état général, légère variation température",4,9,12,False,True,normal,nuageux
2022-12-16 13:45:20,Hôpital Militaire,O+,79,7,23,95,3.6,16,100.0,normale,Contrôle bactériologique négatif,4,13,12,False,True,normal,pluvieux
2022-12-16 13:54:30,Hôpital Militaire,O+,66,5,0,61,3.8,45,100.0,normale,"État satisfaisant, contrôle qualité OK",4,13,12,False,True,normal,pluvieux
2022-12-16 17:59:20,Clinique des Spécialités,O+,59,8,18,69,5.0,15,100.0,normale,"Bon état général, légère variation température",4,17,12,False,True,normal,ensoleillé
2022-12-17 05:07:17,Hôpital Laquintinie,O+,19,7,0,12,4.3,17,94.3,faible,Urgent: vérifier température stockage,5,5,12,True,True,accident_route,pluvieux
2022-12-17 07:16:02,Hôpital Général Douala,O+,32,13,0,19,4.4,1,59.2,faible,Contrôle bactériologique négatif,5,7,12,True,True,normal,ensoleillé
2022-12-17 16:18:42,Clinique des Spécialités,O+,37,9,0,28,3.4,12,100.0,normale,"Excellent état, conservation parfaite",5,16,12,True,True,normal,nuageux
2022-12-17 17:35:37,Hôpital Général Douala,O+,53,6,15,62,3.9,5,100.0,normale,Contrôle bactériologique négatif,5,17,12,True,True,normal,ensoleillé
2022-12-18 00:20:41,Hôpital de District Bonassama,O+,16,8,0,8,3.9,2,89.3,critique,URGENT: Stock critique - Attention: proche expiration,6,0,12,True,True,urgence_médicale,ensoleillé
2022-12-18 01:29:15,Hôpital Général Douala,O+,14,5,0,9,4.1,30,95.9,critique,URGENT: Stock critique - Attention: proche expiration,6,1,12,True,True,normal,pluvieux
2022-12-18 01:59:30,Hôpital Militaire,O+,21,4,0,17,4.4,8,92.2,faible,Urgent: vérifier température stockage,6,1,12,True,True,normal,orageux
2022-12-18 10:07:06,Hôpital Laquintinie,O+,38,6,0,32,3.8,9,98.3,normale,Contrôle bactériologique négatif,6,10,12,True,True,normal,pluvieux
2022-12-18 10:13:37,Hôpital de District Bonassama,O+,45,2,19,62,4.8,6,100.0,normale,"État satisfaisant, contrôle qualité OK",6,10,12,True,True,normal,pluvieux
2022-12-18 11:48:59,Hôpital Militaire,O+,47,9,19,57,4.1,11,98.4,normale,Urgent: vérifier température stockage,6,11,12,True,True,normal,nuageux
2022-12-18 16:11:34,Hôpital Militaire,O+,46,8,0,38,3.5,14,97.0,normale,"Bon état général, légère variation température",6,16,12,True,True,normal,ensoleillé
2022-12-18 20:03:18,Hôpital Laquintinie,O+,60,4,24,80,4.4,4,86.2,normale,"Excellent état, conservation parfaite",6,20,12,True,True,normal,ensoleillé
2022-12-19 00:47:36,Clinique des Spécialités,O+,27,9,0,18,4.3,69,95.3,faible,"État satisfaisant, contrôle qualité OK",0,0,12,False,True,normal,orageux
2022-12-19 04:35:26,Hôpital Militaire,O+,15,10,0,5,4.6,8,99.9,critique,URGENT: Stock critique - Hémoglobine dans les normes,0,4,12,False,True,normal,ensoleillé
2022-12-19 08:31:57,Clinique des Spécialités,O+,78,5,0,73,4.6,2,82.4,normale,Attention: proche expiration,0,8,12,False,True,normal,ensoleillé
2022-12-19 09:52:06,Clinique des Spécialités,O+,50,16,17,51,4.4,31,100.0,normale,Parfait pour transfusion immédiate,0,9,12,False,True,normal,nuageux
2022-12-19 10:01:22,Centre Médical d'Excellence,O+,66,2,0,64,3.3,12,95.7,normale,Hémoglobine dans les normes,0,10,12,False,True,campagne_don,ensoleillé
2022-12-19 10:17:54,Centre Médical d'Excellence,O+,69,9,17,77,4.5,1,68.3,attention,Contrôle bactériologique négatif,0,10,12,False,True,normal,nuageux
2022-12-19 15:49:17,Hôpital Laquintinie,O+,79,7,30,102,3.9,15,96.3,normale,"Bon état général, légère variation température",0,15,12,False,True,normal,pluvieux
2022-12-20 03:00:21,Hôpital de District Bonassama,O+,28,7,0,21,3.0,5,98.8,normale,Hémoglobine dans les normes,1,3,12,False,True,normal,nuageux
2022-12-20 03:54:33,Hôpital de District Bonassama,O+,18,9,0,9,3.3,22,100.0,critique,URGENT: Stock critique - Contrôle bactériologique négatif,1,3,12,False,True,normal,nuageux
2022-12-20 04:08:28,Hôpital de District Bonassama,O+,41,10,0,31,3.1,14,100.0,normale,Parfait pour transfusion immédiate,1,4,12,False,True,normal,nuageux
2022-12-20 05:49:33,Centre Médical d'Excellence,O+,32,10,0,22,3.5,1,58.7,attention,Contrôle bactériologique négatif,1,5,12,False,True,normal,ensoleillé
2022-12-20 06:34:10,Centre Médical d'Excellence,O+,42,5,0,37,4.1,4,83.5,normale,Urgent: vérifier température stockage,1,6,12,False,True,normal,nuageux
2022-12-20 13:30:05,Hôpital Général Douala,O+,37,13,0,24,3.8,27,97.0,normale,Hémoglobine dans les normes,1,13,12,False,True,normal,pluvieux
2022-12-20 16:00:55,Hôpital de District Bonassama,O+,51,9,17,59,2.6,5,100.0,normale,Attention: proche expiration,1,16,12,False,True,normal,ensoleillé
2022-12-20 16:06:44,Hôpital Laquintinie,O+,59,7,0,52,4.1,13,89.7,normale,Contrôle bactériologique négatif,1,16,12,False,True,normal,pluvieux
2022-12-20 16:14:19,Hôpital de District Bonassama,O+,58,11,0,47,4.4,11,99.2,normale,"Excellent état, conservation parfaite",1,16,12,False,True,normal,ensoleillé
2022-12-21 03:04:56,Centre Médical d'Excellence,O+,9,15,25,25,4.1,34,100.0,normale,Urgent: vérifier température stockage,2,3,12,False,True,normal,ensoleillé
2022-12-21 04:59:24,Hôpital Militaire,O+,16,10,20,26,4.4,15,95.9,normale,Attention: proche expiration,2,4,12,False,True,normal,pluvieux
2022-12-21 13:03:54,Hôpital Militaire,O+,64,8,15,71,4.1,17,98.9,normale,Hémoglobine dans les normes,2,13,12,False,True,normal,nuageux
2022-12-21 14:29:52,Hôpital Laquintinie,O+,67,6,0,61,3.1,1,58.1,attention,Parfait pour transfusion immédiate,2,14,12,False,True,normal,ensoleillé
2022-12-21 18:21:57,Hôpital Laquintinie,O+,43,18,0,25,3.9,1,60.1,attention,Urgent: vérifier température stockage,2,18,12,False,True,normal,ensoleillé
2022-12-21 19:07:01,Hôpital Général Douala,O+,61,12,0,49,4.1,18,93.2,normale,Parfait pour transfusion immédiate,2,19,12,False,True,normal,pluvieux
2022-12-21 19:20:26,Clinique des Spécialités,O+,32,10,0,22,4.4,6,97.0,normale,Hémoglobine dans les normes,2,19,12,False,True,épidémie,pluvieux
2022-12-21 21:45:24,Centre Médical d'Excellence,O+,63,14,14,63,4.3,27,100.0,normale,"Excellent état, conservation parfaite",2,21,12,False,True,normal,ensoleillé
2022-12-21 22:05:11,Hôpital de District Bonassama,O+,69,10,0,59,4.3,6,100.0,normale,"Excellent état, conservation parfaite",2,22,12,False,True,normal,ensoleillé
2022-12-22 03:17:01,Centre Médical d'Excellence,O+,45,4,0,41,4.5,1,59.5,attention,"État satisfaisant, contrôle qualité OK",3,3,12,False,True,normal,pluvieux
2022-12-22 03:23:48,Hôpital de District Bonassama,O+,41,14,0,27,3.9,17,99.8,normale,"Excellent état, conservation parfaite",3,3,12,False,True,normal,orageux
2022-12-22 05:05:18,Clinique des Spécialités,O+,28,6,15,37,4.3,5,100.0,normale,Urgent: vérifier température stockage,3,5,12,False,True,urgence_médicale,pluvieux
2022-12-22 09:15:20,Centre Médical d'Excellence,O+,57,9,0,48,4.9,35,93.3,normale,Hémoglobine dans les normes,3,9,12,False,True,normal,nuageux
2022-12-22 15:09:34,Hôpital Laquintinie,O+,44,11,33,66,4.2,1,55.1,attention,"État satisfaisant, contrôle qualité OK",3,15,12,False,True,normal,pluvieux
2022-12-22 18:29:53,Hôpital Laquintinie,O+,71,10,0,61,4.0,11,100.0,normale,Attention: proche expiration,3,18,12,False,True,normal,ensoleillé
2022-12-22 18:31:53,Hôpital Laquintinie,O+,65,12,0,53,3.5,23,99.1,normale,Contrôle bactériologique négatif,3,18,12,False,True,normal,nuageux
2022-12-23 02:06:48,Hôpital de District Bonassama,O+,23,6,0,17,4.6,13,100.0,faible,Attention: proche expiration,4,2,12,False,True,campagne_don,pluvieux
2022-12-23 02:16:37,Hôpital Général Douala,O+,23,6,0,17,4.5,11,100.0,faible,Hémoglobine dans les normes,4,2,12,False,True,normal,nuageux
2022-12-23 09:33:16,Hôpital de District Bonassama,O+,61,7,31,85,3.7,6,98.6,normale,"Bon état général, légère variation température",4,9,12,False,True,normal,nuageux
2022-12-23 10:47:08,Hôpital de District Bonassama,O+,97,19,0,78,4.0,2,80.0,normale,Contrôle bactériologique négatif,4,10,12,False,True,normal,ensoleillé
2022-12-23 12:20:35,Clinique des Spécialités,O+,37,2,0,35,4.0,1,64.3,attention,"Excellent état, conservation parfaite",4,12,12,False,True,normal,ensoleillé
2022-12-23 17:39:09,Hôpital Laquintinie,O+,54,6,0,48,4.1,1,51.5,attention,"Bon état général, légère variation température",4,17,12,False,True,normal,ensoleillé
2022-12-23 19:14:52,Clinique des Spécialités,O+,54,7,0,47,4.3,14,100.0,normale,"Excellent état, conservation parfaite",4,19,12,False,True,normal,ensoleillé
2022-12-23 20:18:01,Hôpital Laquintinie,O+,48,12,0,36,3.1,4,88.7,normale,Attention: proche expiration,4,20,12,False,True,normal,ensoleillé
2022-12-23 23:13:30,Hôpital Général Douala,O+,23,12,0,11,4.2,8,90.7,faible,Contrôle bactériologique négatif,4,23,12,False,True,normal,ensoleillé
2022-12-24 00:17:54,Hôpital de District Bonassama,O+,14,6,0,8,4.5,13,100.0,critique,URGENT: Stock critique - Hémoglobine dans les normes,5,0,12,True,True,normal,ensoleillé
2022-12-24 02:09:45,Hôpital Militaire,O+,24,11,21,34,3.7,11,100.0,normale,Hémoglobine dans les normes,5,2,12,True,True,normal,ensoleillé
2022-12-24 12:40:27,Clinique des Spécialités,O+,37,8,0,29,4.2,6,95.3,normale,Hémoglobine dans les normes,5,12,12,True,True,normal,pluvieux
2022-12-24 18:32:26,Centre Médical d'Excellence,O+,48,6,0,42,4.4,43,93.2,normale,Parfait pour transfusion immédiate,5,18,12,True,True,normal,pluvieux
2022-12-24 22:34:48,Clinique des Spécialités,O+,61,6,27,82,5.1,6,99.1,normale,"Excellent état, conservation parfaite",5,22,12,True,True,normal,pluvieux
2022-12-24 23:58:25,Hôpital Laquintinie,O+,16,10,0,6,3.7,22,98.9,critique,URGENT: Stock critique - Hémoglobine dans les normes,5,23,12,True,True,normal,ensoleillé
2022-12-25 06:36:23,Hôpital Militaire,O+,65,3,0,62,4.5,15,99.8,normale,"Bon état général, légère variation température",6,6,12,True,True,normal,nuageux
2022-12-25 08:08:04,Centre Médical d'Excellence,O+,39,3,0,36,4.7,2,82.6,normale,"Excellent état, conservation parfaite",6,8,12,True,True,normal,nuageux
2022-12-25 14:20:18,Hôpital Général Douala,O+,43,7,22,58,4.7,15,100.0,normale,"État satisfaisant, contrôle qualité OK",6,14,12,True,True,normal,nuageux
2022-12-25 15:30:13,Centre Médical d'Excellence,O+,58,8,0,50,3.4,14,100.0,normale,Contrôle bactériologique négatif,6,15,12,True,True,normal,ensoleillé
2022-12-25 19:51:47,Centre Médical d'Excellence,O+,12,4,0,8,4.0,6,100.0,critique,URGENT: Stock critique - Attention: proche expiration,6,19,12,True,True,normal,pluvieux
2022-12-25 21:06:37,Hôpital Laquintinie,O+,20,6,26,40,4.1,14,93.8,normale,Contrôle bactériologique négatif,6,21,12,True,True,normal,ensoleillé
2022-12-26 03:21:22,Clinique des Spécialités,O+,22,10,0,12,4.4,9,98.8,faible,Contrôle bactériologique négatif,0,3,12,False,True,normal,ensoleillé
2022-12-26 05:22:36,Hôpital Laquintinie,O+,42,7,0,35,4.0,1,64.7,attention,Hémoglobine dans les normes,0,5,12,False,True,normal,nuageux
2022-12-26 08:00:44,Hôpital Général Douala,O+,43,4,0,39,3.8,1,66.3,attention,Hémoglobine dans les normes,0,8,12,False,True,normal,nuageux
2022-12-26 09:34:13,Hôpital Laquintinie,O+,78,11,0,67,3.6,12,99.1,normale,"État satisfaisant, contrôle qualité OK",0,9,12,False,True,normal,orageux
2022-12-26 13:14:19,Hôpital Militaire,O+,82,9,16,89,4.1,15,98.4,normale,Parfait pour transfusion immédiate,0,13,12,False,True,normal,nuageux
2022-12-26 15:24:52,Hôpital de District Bonassama,O+,85,14,17,88,3.0,25,100.0,normale,"Bon état général, légère variation température",0,15,12,False,True,normal,ensoleillé
2022-12-26 21:24:23,Centre Médical d'Excellence,O+,63,17,27,73,4.3,42,100.0,normale,Urgent: vérifier température stockage,0,21,12,False,True,normal,pluvieux
2022-12-26 23:22:06,Hôpital de District Bonassama,O+,25,10,23,38,3.6,8,100.0,normale,Parfait pour transfusion immédiate,0,23,12,False,True,normal,ensoleillé
2022-12-27 03:42:17,Hôpital Général Douala,O+,33,9,0,24,3.9,6,100.0,normale,Urgent: vérifier température stockage,1,3,12,False,True,normal,orageux
2022-12-27 04:57:55,Clinique des Spécialités,O+,30,6,0,24,3.6,16,100.0,normale,"Bon état général, légère variation température",1,4,12,False,True,normal,ensoleillé
2022-12-27 05:07:28,Hôpital Laquintinie,O+,24,0,0,24,4.0,2,75.9,normale,Parfait pour transfusion immédiate,1,5,12,False,True,normal,nuageux
2022-12-27 05:07:29,Hôpital Général Douala,O+,33,6,17,44,4.2,20,93.4,normale,Hémoglobine dans les normes,1,5,12,False,True,normal,pluvieux
2022-12-27 09:51:54,Centre Médical d'Excellence,O+,57,9,0,48,4.3,8,96.7,normale,Hémoglobine dans les normes,1,9,12,False,True,normal,pluvieux
2022-12-27 13:36:48,Hôpital Laquintinie,O+,23,3,19,39,4.1,9,100.0,normale,Urgent: vérifier température stockage,1,13,12,False,True,normal,ensoleillé
2022-12-27 15:06:02,Hôpital Général Douala,O+,62,13,0,49,3.8,7,100.0,normale,Attention: proche expiration,1,15,12,False,True,normal,ensoleillé
2022-12-27 19:50:15,Hôpital de District Bonassama,O+,52,11,0,41,4.9,23,93.7,normale,"Bon état général, légère variation température",1,19,12,False,True,normal,ensoleillé
2022-12-27 21:11:54,Clinique des Spécialités,O+,61,6,13,68,3.7,54,100.0,normale,"État satisfaisant, contrôle qualité OK",1,21,12,False,True,normal,ensoleillé
2022-12-27 22:47:37,Hôpital Général Douala,O+,32,18,0,14,3.7,4,72.8,faible,Hémoglobine dans les normes,1,22,12,False,True,normal,ensoleillé
2022-12-28 01:52:30,Hôpital de District Bonassama,O+,46,12,0,34,5.1,6,94.7,normale,"État satisfaisant, contrôle qualité OK",2,1,12,False,True,normal,pluvieux
2022-12-28 02:05:46,Centre Médical d'Excellence,O+,33,10,0,23,4.7,26,100.0,normale,"État satisfaisant, contrôle qualité OK",2,2,12,False,True,normal,nuageux
2022-12-28 04:00:29,Hôpital Militaire,O+,13,9,17,21,4.0,27,95.0,normale,"Bon état général, légère variation température",2,4,12,False,True,normal,pluvieux
2022-12-28 08:56:57,Clinique des Spécialités,O+,58,10,0,48,3.6,3,83.6,normale,Parfait pour transfusion immédiate,2,8,12,False,True,normal,nuageux
2022-12-28 14:11:17,Hôpital Laquintinie,O+,59,11,17,65,4.1,12,92.7,normale,Contrôle bactériologique négatif,2,14,12,False,True,normal,orageux
2022-12-28 17:11:26,Clinique des Spécialités,O+,57,19,0,38,3.7,8,98.0,normale,Contrôle bactériologique négatif,2,17,12,False,True,normal,ensoleillé
2022-12-28 21:27:30,Centre Médical d'Excellence,O+,41,9,23,55,3.9,12,100.0,normale,"Bon état général, légère variation température",2,21,12,False,True,normal,nuageux
2022-12-29 05:02:46,Clinique des Spécialités,O+,51,10,0,41,4.1,4,87.7,normale,"Bon état général, légère variation température",3,5,12,False,True,campagne_don,ensoleillé
2022-12-29 07:40:44,Hôpital Militaire,O+,63,13,0,50,4.9,16,100.0,normale,Urgent: vérifier température stockage,3,7,12,False,True,normal,ensoleillé
2022-12-29 14:03:52,Hôpital de District Bonassama,O+,47,6,0,41,3.4,21,100.0,normale,Contrôle bactériologique négatif,3,14,12,False,True,normal,ensoleillé
2022-12-29 15:11:51,Hôpital Militaire,O+,60,5,0,55,3.6,9,100.0,normale,Urgent: vérifier température stockage,3,15,12,False,True,normal,ensoleillé
2022-12-29 17:58:14,Clinique des Spécialités,O+,72,14,20,78,4.0,34,100.0,normale,"État satisfaisant, contrôle qualité OK",3,17,12,False,True,normal,ensoleillé
2022-12-29 23:00:57,Centre Médical d'Excellence,O+,14,7,0,7,3.3,35,100.0,critique,URGENT: Stock critique - Attention: proche expiration,3,23,12,False,True,normal,pluvieux
2022-12-30 13:04:56,Hôpital Militaire,O+,73,2,0,71,4.4,13,97.4,normale,"Bon état général, légère variation température",4,13,12,False,True,normal,pluvieux
2022-12-30 19:30:37,Clinique des Spécialités,O+,46,5,0,41,4.2,18,100.0,normale,"Bon état général, légère variation température",4,19,12,False,True,normal,nuageux
2022-12-31 05:19:21,Hôpital Laquintinie,O+,23,7,0,16,3.5,1,54.9,faible,"État satisfaisant, contrôle qualité OK",5,5,12,True,True,normal,orageux
2022-12-31 15:56:08,Centre Médical d'Excellence,O+,65,6,15,74,3.6,14,97.5,normale,"État satisfaisant, contrôle qualité OK",5,15,12,True,True,normal,ensoleillé
2022-12-31 15:56:20,Hôpital Militaire,O+,48,7,0,41,4.3,6,96.6,normale,Contrôle bactériologique négatif,5,15,12,True,True,normal,nuageux
2022-12-31 19:21:43,Hôpital Général Douala,O+,36,8,21,49,4.3,22,100.0,normale,"Excellent état, conservation parfaite",5,19,12,True,True,normal,ensoleillé
2022-12-31 23:48:12,Clinique des Spécialités,O+,26,2,0,24,3.9,1,51.4,attention,Contrôle bactériologique négatif,5,23,12,True,True,normal,ensoleillé
2023-01-01 01:37:43,Hôpital de District Bonassama,O+,28,2,23,49,4.4,16,100.0,normale,Contrôle bactériologique négatif,6,1,1,True,True,normal,nuageux
2023-01-01 03:57:11,Hôpital Général Douala,O+,29,2,24,51,4.8,11,97.5,normale,Contrôle bactériologique négatif,6,3,1,True,True,normal,nuageux
2023-01-01 04:10:16,Hôpital Laquintinie,O+,16,3,0,13,4.4,20,96.8,faible,"État satisfaisant, contrôle qualité OK",6,4,1,True,True,normal,nuageux
2023-01-01 10:46:15,Centre Médical d'Excellence,O+,36,7,0,29,3.7,1,54.2,attention,Parfait pour transfusion immédiate,6,10,1,True,True,normal,ensoleillé
2023-01-01 11:36:39,Clinique des Spécialités,O+,41,3,0,38,3.1,7,100.0,normale,Contrôle bactériologique négatif,6,11,1,True,True,normal,ensoleillé
2023-01-01 12:22:29,Hôpital de District Bonassama,O+,60,7,0,53,4.2,23,100.0,normale,Urgent: vérifier température stockage,6,12,1,True,True,normal,pluvieux
2023-01-01 15:08:49,Hôpital Militaire,O+,36,7,0,29,4.4,13,98.3,normale,Parfait pour transfusion immédiate,6,15,1,True,True,épidémie,nuageux
2023-01-01 16:39:43,Hôpital de District Bonassama,O+,37,5,0,32,3.8,1,57.8,attention,Urgent: vérifier température stockage,6,16,1,True,True,normal,nuageux
2023-01-01 16:52:17,Centre Médical d'Excellence,O+,37,7,0,30,4.4,4,92.3,normale,"État satisfaisant, contrôle qualité OK",6,16,1,True,True,normal,ensoleillé
2023-01-01 19:53:41,Centre Médical d'Excellence,O+,39,10,29,58,3.4,5,100.0,normale,Hémoglobine dans les normes,6,19,1,True,True,normal,pluvieux
2023-01-01 20:20:56,Hôpital Laquintinie,O+,33,9,0,24,3.9,21,96.7,normale,"Bon état général, légère variation température",6,20,1,True,True,normal,ensoleillé
2023-01-02 00:10:14,Clinique des Spécialités,O+,27,14,0,13,4.0,6,98.2,faible,"Bon état général, légère variation température",0,0,1,False,True,normal,ensoleillé
2023-01-02 07:21:46,Hôpital Militaire,O+,55,10,0,45,3.7,19,98.9,normale,Hémoglobine dans les normes,0,7,1,False,True,normal,ensoleillé
2023-01-02 08:32:27,Centre Médical d'Excellence,O+,28,5,0,23,3.7,5,100.0,normale,Parfait pour transfusion immédiate,0,8,1,False,True,normal,orageux
2023-01-02 10:19:45,Hôpital de District Bonassama,O+,83,11,17,89,2.6,1,64.3,attention,Parfait pour transfusion immédiate,0,10,1,False,True,normal,ensoleillé
2023-01-02 16:39:19,Hôpital Militaire,O+,53,10,0,43,3.7,3,80.9,normale,"Bon état général, légère variation température",0,16,1,False,True,normal,ensoleillé
2023-01-02 22:14:49,Hôpital Militaire,O+,24,12,0,12,3.9,15,97.0,faible,Hémoglobine dans les normes,0,22,1,False,True,normal,pluvieux
2023-01-02 23:08:08,Hôpital Laquintinie,O+,39,10,14,43,4.3,6,93.3,normale,Attention: proche expiration,0,23,1,False,True,normal,orageux
2023-01-03 08:54:58,Centre Médical d'Excellence,O+,38,9,0,29,4.8,5,100.0,normale,"Excellent état, conservation parfaite",1,8,1,False,True,normal,pluvieux
2023-01-03 09:07:01,Centre Médical d'Excellence,O+,53,8,0,45,3.4,21,92.0,normale,Parfait pour transfusion immédiate,1,9,1,False,True,normal,pluvieux
2023-01-03 16:48:40,Hôpital Militaire,O+,68,12,0,56,4.4,8,95.1,normale,"Excellent état, conservation parfaite",1,16,1,False,True,normal,orageux
2023-01-03 18:28:28,Clinique des Spécialités,O+,76,7,25,94,3.7,10,95.6,normale,"État satisfaisant, contrôle qualité OK",1,18,1,False,True,campagne_don,ensoleillé
2023-01-03 19:59:48,Hôpital Militaire,O+,56,1,19,74,3.2,6,100.0,normale,Parfait pour transfusion immédiate,1,19,1,False,True,normal,nuageux
2023-01-04 01:08:48,Hôpital Général Douala,O+,21,12,25,34,3.3,12,93.6,normale,"État satisfaisant, contrôle qualité OK",2,1,1,False,True,normal,ensoleillé
2023-01-04 02:20:06,Hôpital Général Douala,O+,49,8,20,61,3.9,16,99.9,normale,"Bon état général, légère variation température",2,2,1,False,True,normal,ensoleillé
2023-01-04 11:23:19,Hôpital Militaire,O+,53,8,0,45,4.0,22,94.6,normale,"État satisfaisant, contrôle qualité OK",2,11,1,False,True,normal,orageux
2023-01-04 11:41:46,Hôpital Laquintinie,O+,72,7,0,65,3.8,18,100.0,normale,Urgent: vérifier température stockage,2,11,1,False,True,normal,pluvieux
2023-01-04 14:51:18,Hôpital Laquintinie,O+,32,12,0,20,4.9,1,58.2,attention,"État satisfaisant, contrôle qualité OK",2,14,1,False,True,normal,pluvieux
2023-01-04 17:20:18,Hôpital de District Bonassama,O+,65,8,0,57,4.3,2,92.9,normale,Attention: proche expiration,2,17,1,False,True,normal,nuageux
2023-01-04 19:22:05,Hôpital Laquintinie,O+,47,8,0,39,3.6,49,100.0,normale,Attention: proche expiration,2,19,1,False,True,normal,nuageux
2023-01-04 20:14:41,Hôpital Laquintinie,O+,51,9,0,42,4.4,8,100.0,normale,"Bon état général, légère variation température",2,20,1,False,True,normal,ensoleillé
2023-01-05 02:42:32,Hôpital Militaire,O+,28,9,24,43,4.0,10,99.2,normale,"État satisfaisant, contrôle qualité OK",3,2,1,False,True,normal,ensoleillé
2023-01-05 03:41:15,Hôpital de District Bonassama,O+,15,15,0,0,3.6,17,100.0,critique,URGENT: Stock critique - Urgent: vérifier température stockage,3,3,1,False,True,normal,ensoleillé
2023-01-05 11:15:29,Hôpital Laquintinie,O+,46,8,0,38,4.6,1,64.5,attention,Hémoglobine dans les normes,3,11,1,False,True,normal,ensoleillé
2023-01-05 12:20:48,Hôpital Laquintinie,O+,57,10,0,47,4.4,38,100.0,normale,Attention: proche expiration,3,12,1,False,True,accident_route,nuageux
2023-01-05 14:34:25,Hôpital de District Bonassama,O+,49,6,0,43,3.8,49,100.0,normale,Contrôle bactériologique négatif,3,14,1,False,True,normal,ensoleillé
2023-01-05 15:37:30,Centre Médical d'Excellence,O+,93,7,0,86,4.2,12,99.9,normale,Urgent: vérifier température stockage,3,15,1,False,True,normal,pluvieux
2023-01-05 17:30:56,Hôpital Laquintinie,O+,62,11,0,51,3.6,12,100.0,normale,Attention: proche expiration,3,17,1,False,True,normal,ensoleillé
2023-01-05 19:01:07,Clinique des Spécialités,O+,57,11,0,46,3.7,1,67.9,attention,Urgent: vérifier température stockage,3,19,1,False,True,normal,nuageux
2023-01-05 20:10:03,Clinique des Spécialités,O+,60,12,0,48,3.6,3,84.8,normale,Parfait pour transfusion immédiate,3,20,1,False,True,normal,orageux
2023-01-05 21:52:05,Hôpital de District Bonassama,O+,56,8,0,48,4.0,4,86.2,normale,Contrôle bactériologique négatif,3,21,1,False,True,normal,nuageux
2023-01-05 22:14:46,Hôpital de District Bonassama,O+,67,11,22,78,4.3,2,82.1,normale,Contrôle bactériologique négatif,3,22,1,False,True,normal,pluvieux
2023-01-06 03:20:19,Hôpital Laquintinie,O+,43,11,0,32,3.5,5,100.0,normale,Parfait pour transfusion immédiate,4,3,1,False,True,normal,nuageux
2023-01-06 03:38:15,Hôpital Militaire,O+,16,5,21,32,4.0,38,100.0,normale,Urgent: vérifier température stockage,4,3,1,False,True,normal,ensoleillé
2023-01-06 04:30:33,Hôpital Laquintinie,O+,27,8,0,19,4.1,1,65.6,faible,Contrôle bactériologique négatif,4,4,1,False,True,normal,ensoleillé
2023-01-06 13:10:29,Hôpital Militaire,O+,56,10,0,46,3.8,47,99.1,normale,Contrôle bactériologique négatif,4,13,1,False,True,normal,ensoleillé
2023-01-07 06:21:38,Centre Médical d'Excellence,O+,38,5,0,33,4.9,14,100.0,normale,Attention: proche expiration,5,6,1,True,True,normal,ensoleillé
2023-01-07 09:57:24,Clinique des Spécialités,O+,33,10,19,42,4.2,14,100.0,normale,Attention: proche expiration,5,9,1,True,True,normal,ensoleillé
2023-01-07 12:31:56,Hôpital Général Douala,O+,47,6,0,41,4.8,1,59.9,attention,Attention: proche expiration,5,12,1,True,True,normal,ensoleillé
2023-01-07 13:28:53,Hôpital Militaire,O+,64,7,0,57,4.9,2,82.0,normale,"Excellent état, conservation parfaite",5,13,1,True,True,normal,ensoleillé
2023-01-07 16:28:03,Clinique des Spécialités,O+,52,7,23,68,3.9,5,100.0,normale,"Excellent état, conservation parfaite",5,16,1,True,True,normal,ensoleillé
2023-01-07 21:45:06,Centre Médical d'Excellence,O+,50,7,0,43,4.2,15,100.0,normale,Contrôle bactériologique négatif,5,21,1,True,True,normal,ensoleillé
2023-01-07 23:43:55,Hôpital Militaire,O+,13,5,27,35,3.3,14,95.0,normale,Attention: proche expiration,5,23,1,True,True,normal,nuageux
2023-01-08 00:51:26,Hôpital Général Douala,O+,10,7,26,29,4.2,10,100.0,normale,"Bon état général, légère variation température",6,0,1,True,True,normal,ensoleillé
2023-01-08 03:13:31,Hôpital de District Bonassama,O+,18,4,0,14,3.6,5,95.2,faible,Attention: proche expiration,6,3,1,True,True,normal,orageux
2023-01-08 13:57:57,Hôpital Militaire,O+,49,9,0,40,4.4,3,85.5,normale,Urgent: vérifier température stockage,6,13,1,True,True,normal,ensoleillé
2023-01-08 16:11:02,Clinique des Spécialités,O+,31,8,0,23,4.5,2,87.3,normale,"Excellent état, conservation parfaite",6,16,1,True,True,normal,pluvieux
2023-01-08 18:59:25,Clinique des Spécialités,O+,24,5,0,19,4.8,26,100.0,faible,Attention: proche expiration,6,18,1,True,True,normal,ensoleillé
2023-01-09 02:44:39,Hôpital Général Douala,O+,42,8,20,54,5.4,6,100.0,normale,Contrôle bactériologique négatif,0,2,1,False,True,normal,ensoleillé
2023-01-09 04:54:23,Hôpital Général Douala,O+,32,10,0,22,3.6,13,93.7,normale,Attention: proche expiration,0,4,1,False,True,normal,pluvieux
2023-01-09 06:51:32,Centre Médical d'Excellence,O+,67,14,0,53,4.0,27,100.0,normale,"Excellent état, conservation parfaite",0,6,1,False,True,normal,pluvieux
2023-01-09 08:13:31,Hôpital Général Douala,O+,34,9,19,44,3.8,1,64.8,attention,Attention: proche expiration,0,8,1,False,True,normal,pluvieux
2023-01-10 00:07:15,Hôpital de District Bonassama,O+,37,13,26,50,4.3,10,94.5,normale,Urgent: vérifier température stockage,1,0,1,False,True,normal,nuageux
2023-01-10 02:38:17,Clinique des Spécialités,O+,38,10,0,28,4.4,2,91.3,normale,Attention: proche expiration,1,2,1,False,True,normal,nuageux
2023-01-10 04:15:18,Centre Médical d'Excellence,O+,28,12,22,38,3.6,2,85.8,normale,Contrôle bactériologique négatif,1,4,1,False,True,normal,ensoleillé
2023-01-10 06:17:40,Hôpital Général Douala,O+,66,4,0,62,3.1,23,96.8,normale,"Bon état général, légère variation température",1,6,1,False,True,normal,ensoleillé
2023-01-10 07:49:13,Hôpital Général Douala,O+,36,14,16,38,4.2,52,100.0,normale,Urgent: vérifier température stockage,1,7,1,False,True,normal,ensoleillé
2023-01-10 17:51:03,Hôpital Général Douala,O+,70,4,21,87,3.9,49,92.3,normale,Attention: proche expiration,1,17,1,False,True,normal,ensoleillé
2023-01-10 18:26:38,Hôpital Général Douala,O+,33,12,0,21,4.4,13,100.0,normale,Hémoglobine dans les normes,1,18,1,False,True,normal,pluvieux
2023-01-10 19:04:13,Centre Médical d'Excellence,O+,67,18,0,49,3.7,30,99.5,normale,"Bon état général, légère variation température",1,19,1,False,True,normal,nuageux
2023-01-10 21:29:38,Clinique des Spécialités,O+,32,11,0,21,3.9,3,81.9,normale,"Bon état général, légère variation température",1,21,1,False,True,normal,ensoleillé
2023-01-10 23:30:19,Hôpital Général Douala,O+,21,11,0,10,3.5,12,95.9,faible,"Bon état général, légère variation température",1,23,1,False,True,normal,pluvieux
2023-01-11 02:30:15,Hôpital Militaire,O+,22,5,16,33,4.0,5,100.0,normale,Urgent: vérifier température stockage,2,2,1,False,True,normal,ensoleillé
2023-01-11 02:44:38,Hôpital Général Douala,O+,29,8,0,21,3.6,2,81.3,normale,Urgent: vérifier température stockage,2,2,1,False,True,normal,nuageux
2023-01-11 04:15:48,Clinique des Spécialités,O+,28,11,0,17,4.9,15,100.0,faible,"Excellent état, conservation parfaite",2,4,1,False,True,normal,pluvieux
2023-01-11 05:15:26,Hôpital Laquintinie,O+,28,8,0,20,3.9,38,89.3,normale,"Bon état général, légère variation température",2,5,1,False,True,normal,nuageux
2023-01-11 07:34:41,Hôpital de District Bonassama,O+,54,11,23,66,4.1,18,99.3,normale,"État satisfaisant, contrôle qualité OK",2,7,1,False,True,normal,ensoleillé
2023-01-11 07:39:04,Centre Médical d'Excellence,O+,80,14,0,66,4.7,8,100.0,normale,Urgent: vérifier température stockage,2,7,1,False,True,normal,orageux
2023-01-11 12:34:12,Hôpital Militaire,O+,51,6,19,64,4.4,16,98.8,normale,Attention: proche expiration,2,12,1,False,True,normal,nuageux
2023-01-11 13:09:24,Clinique des Spécialités,O+,62,5,0,57,3.4,19,99.8,normale,Contrôle bactériologique négatif,2,13,1,False,True,normal,pluvieux
2023-01-12 03:09:55,Hôpital Général Douala,O+,25,7,0,18,3.8,8,97.6,faible,"Bon état général, légère variation température",3,3,1,False,True,normal,ensoleillé
2023-01-12 06:00:51,Clinique des Spécialités,O+,27,11,0,16,4.2,4,81.3,faible,Contrôle bactériologique négatif,3,6,1,False,True,normal,pluvieux
2023-01-12 06:59:42,Hôpital Militaire,O+,78,10,21,89,4.0,1,50.6,attention,"Bon état général, légère variation température",3,6,1,False,True,normal,nuageux
2023-01-12 08:20:49,Clinique des Spécialités,O+,89,10,0,79,4.4,1,67.0,attention,Parfait pour transfusion immédiate,3,8,1,False,True,normal,ensoleillé
2023-01-12 09:32:35,Hôpital de District Bonassama,O+,84,9,19,94,4.7,4,81.3,normale,Parfait pour transfusion immédiate,3,9,1,False,True,normal,ensoleillé
2023-01-12 09:45:54,Hôpital Laquintinie,O+,71,6,0,65,3.5,25,95.2,normale,Hémoglobine dans les normes,3,9,1,False,True,normal,ensoleillé
2023-01-12 10:45:26,Hôpital Militaire,O+,68,10,0,58,3.8,5,96.4,normale,"Bon état général, légère variation température",3,10,1,False,True,normal,ensoleillé
2023-01-12 18:11:59,Centre Médical d'Excellence,O+,54,12,0,42,4.5,4,88.4,normale,Attention: proche expiration,3,18,1,False,True,normal,pluvieux
2023-01-13 00:46:55,Hôpital Laquintinie,O+,18,8,0,10,4.2,3,85.4,faible,"État satisfaisant, contrôle qualité OK",4,0,1,False,True,normal,pluvieux
2023-01-13 09:06:35,Hôpital Général Douala,O+,39,3,0,36,3.5,6,97.9,normale,"Bon état général, légère variation température",4,9,1,False,True,normal,pluvieux
2023-01-13 11:31:07,Hôpital de District Bonassama,O+,4,7,0,0,3.8,1,58.2,critique,URGENT: Stock critique - Urgent: vérifier température stockage,4,11,1,False,True,normal,nuageux
2023-01-13 16:44:49,Hôpital Laquintinie,O+,68,6,28,90,3.5,9,95.2,normale,Hémoglobine dans les normes,4,16,1,False,True,normal,pluvieux
2023-01-13 23:15:28,Hôpital Militaire,O+,34,2,0,32,4.3,3,80.9,normale,Contrôle bactériologique négatif,4,23,1,False,True,normal,nuageux
2023-01-13 23:26:47,Clinique des Spécialités,O+,34,8,0,26,4.6,14,99.0,normale,"Excellent état, conservation parfaite",4,23,1,False,True,normal,ensoleillé
2023-01-14 00:12:45,Hôpital Général Douala,O+,32,10,0,22,4.3,31,100.0,normale,"État satisfaisant, contrôle qualité OK",5,0,1,True,True,normal,pluvieux
2023-01-14 00:46:13,Hôpital Laquintinie,O+,22,6,0,16,3.6,8,100.0,faible,"Bon état général, légère variation température",5,0,1,True,True,normal,ensoleillé
2023-01-14 02:41:51,Hôpital Général Douala,O+,27,5,0,22,3.6,29,97.7,normale,"État satisfaisant, contrôle qualité OK",5,2,1,True,True,normal,nuageux
2023-01-14 14:49:06,Hôpital Général Douala,O+,36,15,16,37,3.9,3,88.6,normale,"Bon état général, légère variation température",5,14,1,True,True,normal,pluvieux
2023-01-14 15:47:03,Clinique des Spécialités,O+,48,3,0,45,3.6,27,100.0,normale,"Bon état général, légère variation température",5,15,1,True,True,normal,ensoleillé
2023-01-14 22:23:24,Hôpital Général Douala,O+,46,3,0,43,3.6,2,91.6,normale,Contrôle bactériologique négatif,5,22,1,True,True,normal,pluvieux
2023-01-15 05:15:25,Hôpital Général Douala,O+,19,11,13,21,4.1,16,95.6,normale,"Excellent état, conservation parfaite",6,5,1,True,True,normal,pluvieux
2023-01-15 10:53:37,Hôpital Laquintinie,O+,51,6,0,45,4.4,23,98.5,normale,"Bon état général, légère variation température",6,10,1,True,True,normal,ensoleillé
2023-01-15 15:38:42,Hôpital Militaire,O+,49,3,0,46,3.9,15,98.8,normale,Attention: proche expiration,6,15,1,True,True,normal,nuageux
2023-01-15 16:24:49,Hôpital Général Douala,O+,36,4,0,32,4.1,65,98.4,normale,Parfait pour transfusion immédiate,6,16,1,True,True,normal,ensoleillé
2023-01-15 17:39:28,Clinique des Spécialités,O+,40,9,0,31,4.1,4,82.6,normale,"Excellent état, conservation parfaite",6,17,1,True,True,normal,pluvieux
2023-01-15 23:57:20,Hôpital Militaire,O+,31,1,0,30,3.3,37,100.0,normale,Hémoglobine dans les normes,6,23,1,True,True,normal,ensoleillé
2023-01-16 02:05:23,Hôpital Militaire,O+,32,13,0,19,3.5,4,84.7,faible,"Excellent état, conservation parfaite",0,2,1,False,True,normal,ensoleillé
2023-01-16 04:38:33,Hôpital de District Bonassama,O+,24,5,0,19,4.1,1,59.0,faible,Parfait pour transfusion immédiate,0,4,1,False,True,normal,ensoleillé
2023-01-16 13:11:51,Hôpital Général Douala,O+,85,10,0,75,4.6,7,91.0,normale,"Excellent état, conservation parfaite",0,13,1,False,True,normal,pluvieux
2023-01-16 18:55:44,Hôpital Général Douala,O+,52,4,0,48,3.4,5,95.9,normale,"État satisfaisant, contrôle qualité OK",0,18,1,False,True,normal,ensoleillé
2023-01-16 22:23:51,Clinique des Spécialités,O+,41,13,0,28,3.3,17,99.4,normale,"Bon état général, légère variation température",0,22,1,False,True,normal,ensoleillé
2023-01-17 01:21:52,Hôpital Militaire,O+,41,15,0,26,4.1,6,98.5,normale,Contrôle bactériologique négatif,1,1,1,False,True,normal,pluvieux
2023-01-17 06:38:31,Hôpital Laquintinie,O+,30,15,0,15,4.1,14,97.3,faible,Urgent: vérifier température stockage,1,6,1,False,True,normal,nuageux
2023-01-17 07:56:21,Hôpital Laquintinie,O+,49,12,22,59,4.6,21,95.3,normale,"Excellent état, conservation parfaite",1,7,1,False,True,normal,nuageux
2023-01-17 20:26:46,Hôpital de District Bonassama,O+,38,12,0,26,4.0,11,99.6,normale,"Excellent état, conservation parfaite",1,20,1,False,True,campagne_don,nuageux
2023-01-17 22:21:30,Hôpital Laquintinie,O+,70,13,18,75,4.5,56,100.0,normale,Parfait pour transfusion immédiate,1,22,1,False,True,normal,nuageux
2023-01-17 22:26:05,Hôpital Laquintinie,O+,83,10,0,73,3.8,3,82.9,normale,Parfait pour transfusion immédiate,1,22,1,False,True,normal,pluvieux
2023-01-17 22:49:13,Hôpital Militaire,O+,62,13,0,49,5.0,28,100.0,normale,Parfait pour transfusion immédiate,1,22,1,False,True,normal,pluvieux
2023-01-18 03:28:13,Centre Médical d'Excellence,O+,31,8,0,23,3.6,18,100.0,normale,"Excellent état, conservation parfaite",2,3,1,False,True,normal,pluvieux
2023-01-18 07:46:16,Clinique des Spécialités,O+,89,7,19,101,3.5,7,98.5,normale,Hémoglobine dans les normes,2,7,1,False,True,normal,ensoleillé
2023-01-18 23:07:20,Clinique des Spécialités,O+,37,10,0,27,4.1,1,57.0,attention,Hémoglobine dans les normes,2,23,1,False,True,normal,ensoleillé
2023-01-18 23:42:52,Hôpital Général Douala,O+,20,10,0,10,3.5,2,84.8,faible,"État satisfaisant, contrôle qualité OK",2,23,1,False,True,normal,ensoleillé
2023-01-19 06:53:16,Centre Médical d'Excellence,O+,59,18,26,67,4.2,8,95.5,normale,Parfait pour transfusion immédiate,3,6,1,False,True,normal,ensoleillé
2023-01-19 07:48:07,Hôpital Général Douala,O+,65,12,14,67,4.5,3,83.4,normale,"Excellent état, conservation parfaite",3,7,1,False,True,normal,nuageux
2023-01-19 08:59:23,Clinique des Spécialités,O+,90,9,15,96,4.1,5,92.1,normale,"Excellent état, conservation parfaite",3,8,1,False,True,normal,ensoleillé
2023-01-19 11:28:25,Hôpital Général Douala,O+,83,5,0,78,4.1,4,87.8,normale,Attention: proche expiration,3,11,1,False,True,normal,ensoleillé
2023-01-19 13:00:36,Hôpital Laquintinie,O+,37,7,0,30,4.6,7,100.0,normale,Attention: proche expiration,3,13,1,False,True,normal,nuageux
2023-01-19 17:14:11,Centre Médical d'Excellence,O+,64,9,17,72,4.1,9,97.0,normale,"Excellent état, conservation parfaite",3,17,1,False,True,normal,ensoleillé
2023-01-19 18:42:02,Hôpital Militaire,O+,55,4,16,67,3.8,21,96.5,normale,Parfait pour transfusion immédiate,3,18,1,False,True,normal,pluvieux
2023-01-19 19:00:32,Hôpital Laquintinie,O+,63,7,0,56,4.0,16,100.0,normale,Contrôle bactériologique négatif,3,19,1,False,True,normal,ensoleillé
2023-01-19 22:19:45,Hôpital Militaire,O+,76,9,0,67,4.5,13,99.2,normale,Urgent: vérifier température stockage,3,22,1,False,True,normal,pluvieux
2023-01-20 09:22:32,Hôpital Laquintinie,O+,48,5,0,43,4.5,22,97.3,normale,"Bon état général, légère variation température",4,9,1,False,True,normal,ensoleillé
2023-01-20 17:35:42,Clinique des Spécialités,O+,62,4,21,79,4.1,17,94.2,normale,"Bon état général, légère variation température",4,17,1,False,True,normal,orageux
2023-01-20 20:12:43,Hôpital Laquintinie,O+,72,9,0,63,4.3,38,94.9,normale,"Bon état général, légère variation température",4,20,1,False,True,urgence_médicale,ensoleillé
2023-01-21 02:25:38,Clinique des Spécialités,O+,20,8,0,12,4.0,5,97.7,faible,Contrôle bactériologique négatif,5,2,1,True,True,normal,pluvieux
2023-01-21 02:40:49,Hôpital de District Bonassama,O+,31,6,27,52,3.8,3,85.5,normale,"État satisfaisant, contrôle qualité OK",5,2,1,True,True,normal,nuageux
2023-01-21 03:01:58,Hôpital Militaire,O+,24,2,0,22,4.0,14,98.2,normale,Contrôle bactériologique négatif,5,3,1,True,True,normal,ensoleillé
2023-01-21 13:48:27,Hôpital Militaire,O+,40,1,0,39,3.4,14,100.0,normale,Parfait pour transfusion immédiate,5,13,1,True,True,normal,nuageux
2023-01-21 19:40:03,Hôpital Militaire,O+,57,11,0,46,4.3,12,94.2,normale,Parfait pour transfusion immédiate,5,19,1,True,True,normal,ensoleillé
2023-01-21 19:44:39,Centre Médical d'Excellence,O+,40,4,22,58,4.0,5,99.6,normale,"État satisfaisant, contrôle qualité OK",5,19,1,True,True,normal,ensoleillé
2023-01-22 03:25:35,Hôpital Laquintinie,O+,18,4,0,14,4.8,4,88.0,faible,"Bon état général, légère variation température",6,3,1,True,True,normal,ensoleillé
2023-01-22 10:30:29,Hôpital de District Bonassama,O+,33,4,0,29,4.0,18,92.0,normale,Contrôle bactériologique négatif,6,10,1,True,True,campagne_don,ensoleillé
2023-01-22 10:59:18,Clinique des Spécialités,O+,40,5,0,35,3.9,3,92.8,normale,"État satisfaisant, contrôle qualité OK",6,10,1,True,True,normal,nuageux
2023-01-22 13:49:34,Hôpital Militaire,O+,69,8,0,61,3.9,9,95.7,normale,Parfait pour transfusion immédiate,6,13,1,True,True,normal,pluvieux
2023-01-22 20:06:08,Hôpital Militaire,O+,30,5,0,25,4.1,11,100.0,normale,Contrôle bactériologique négatif,6,20,1,True,True,normal,orageux
2023-01-22 22:19:07,Clinique des Spécialités,O+,44,5,23,62,3.6,42,95.7,normale,Contrôle bactériologique négatif,6,22,1,True,True,campagne_don,ensoleillé
2023-01-23 02:23:33,Hôpital de District Bonassama,O+,41,13,29,57,5.0,3,86.0,normale,"État satisfaisant, contrôle qualité OK",0,2,1,False,True,normal,ensoleillé
2023-01-23 02:46:12,Clinique des Spécialités,O+,32,10,17,39,3.2,2,82.1,normale,Urgent: vérifier température stockage,0,2,1,False,True,normal,ensoleillé
2023-01-23 03:53:45,Hôpital de District Bonassama,O+,39,8,0,31,4.2,1,57.0,attention,Attention: proche expiration,0,3,1,False,True,normal,ensoleillé
2023-01-23 07:21:54,Hôpital Militaire,O+,54,7,0,47,3.5,4,77.6,normale,Contrôle bactériologique négatif,0,7,1,False,True,normal,ensoleillé
2023-01-23 09:44:49,Hôpital de District Bonassama,O+,50,8,0,42,4.2,1,61.0,attention,Urgent: vérifier température stockage,0,9,1,False,True,normal,nuageux
2023-01-23 12:00:49,Hôpital de District Bonassama,O+,40,7,0,33,4.4,21,94.2,normale,Urgent: vérifier température stockage,0,12,1,False,True,accident_route,ensoleillé
2023-01-23 14:01:18,Hôpital Militaire,O+,47,6,0,41,3.6,19,99.2,normale,"Bon état général, légère variation température",0,14,1,False,True,normal,ensoleillé
2023-01-23 14:51:13,Hôpital Général Douala,O+,74,2,0,72,3.9,29,95.6,normale,"État satisfaisant, contrôle qualité OK",0,14,1,False,True,normal,pluvieux
2023-01-23 16:05:12,Hôpital de District Bonassama,O+,51,16,23,58,5.1,39,100.0,normale,Contrôle bactériologique négatif,0,16,1,False,True,normal,ensoleillé
2023-01-24 01:10:42,Hôpital Militaire,O+,22,15,12,19,4.2,40,100.0,faible,Hémoglobine dans les normes,1,1,1,False,True,normal,ensoleillé
2023-01-24 05:29:31,Hôpital Général Douala,O+,42,7,25,60,3.7,9,100.0,normale,"Bon état général, légère variation température",1,5,1,False,True,normal,orageux
2023-01-24 17:21:30,Hôpital Militaire,O+,34,12,0,22,3.2,13,100.0,normale,Hémoglobine dans les normes,1,17,1,False,True,normal,nuageux
2023-01-24 20:48:27,Hôpital de District Bonassama,O+,50,12,24,62,3.6,1,62.9,attention,Contrôle bactériologique négatif,1,20,1,False,True,normal,pluvieux
2023-01-24 23:27:19,Hôpital Général Douala,O+,28,10,0,18,4.9,19,100.0,faible,Contrôle bactériologique négatif,1,23,1,False,True,normal,ensoleillé
2023-01-25 10:09:50,Hôpital Laquintinie,O+,77,8,15,84,3.1,91,100.0,normale,"Excellent état, conservation parfaite",2,10,1,False,True,normal,ensoleillé
2023-01-25 18:07:56,Clinique des Spécialités,O+,39,9,0,30,4.1,7,100.0,normale,Attention: proche expiration,2,18,1,False,True,normal,orageux
2023-01-25 18:35:36,Hôpital Laquintinie,O+,52,4,0,48,3.3,20,100.0,normale,Attention: proche expiration,2,18,1,False,True,normal,nuageux
2023-01-26 01:04:35,Hôpital de District Bonassama,O+,26,9,0,17,3.1,8,100.0,faible,Urgent: vérifier température stockage,3,1,1,False,True,normal,ensoleillé
2023-01-26 01:59:07,Centre Médical d'Excellence,O+,29,15,0,14,3.1,8,100.0,faible,Contrôle bactériologique négatif,3,1,1,False,True,normal,pluvieux
2023-01-26 03:23:08,Centre Médical d'Excellence,O+,25,14,23,34,4.2,22,100.0,normale,Parfait pour transfusion immédiate,3,3,1,False,True,normal,ensoleillé
2023-01-26 05:17:20,Hôpital Général Douala,O+,29,9,0,20,3.6,2,85.8,normale,"État satisfaisant, contrôle qualité OK",3,5,1,False,True,normal,pluvieux
2023-01-26 13:33:36,Hôpital de District Bonassama,O+,40,4,0,36,3.1,27,94.6,normale,"Excellent état, conservation parfaite",3,13,1,False,True,normal,ensoleillé
2023-01-26 14:51:36,Hôpital de District Bonassama,O+,15,7,18,26,3.4,13,96.8,normale,"Bon état général, légère variation température",3,14,1,False,True,normal,nuageux
2023-01-26 23:44:14,Hôpital Général Douala,O+,48,13,0,35,4.5,1,60.7,attention,Parfait pour transfusion immédiate,3,23,1,False,True,normal,ensoleillé
2023-01-27 13:17:37,Hôpital Général Douala,O+,63,10,0,53,4.0,29,99.7,normale,"Excellent état, conservation parfaite",4,13,1,False,True,normal,ensoleillé
2023-01-28 00:09:19,Hôpital Général Douala,O+,21,11,28,38,3.4,44,100.0,normale,Hémoglobine dans les normes,5,0,1,True,True,normal,nuageux
2023-01-28 04:11:24,Hôpital Militaire,O+,13,6,0,7,3.7,8,100.0,critique,"URGENT: Stock critique - Excellent état, conservation parfaite",5,4,1,True,True,normal,orageux
2023-01-28 08:14:17,Hôpital de District Bonassama,O+,40,7,0,33,3.7,8,100.0,normale,Attention: proche expiration,5,8,1,True,True,normal,pluvieux
2023-01-29 04:57:43,Hôpital de District Bonassama,O+,12,9,0,3,4.0,2,84.3,critique,URGENT: Stock critique - Parfait pour transfusion immédiate,6,4,1,True,True,normal,ensoleillé
2023-01-29 11:54:22,Hôpital Militaire,O+,55,8,0,47,3.9,24,99.7,normale,"État satisfaisant, contrôle qualité OK",6,11,1,True,True,normal,ensoleillé
2023-01-29 13:17:38,Hôpital de District Bonassama,O+,22,12,0,10,3.9,1,60.4,faible,Attention: proche expiration,6,13,1,True,True,normal,pluvieux
2023-01-29 15:20:55,Hôpital Laquintinie,O+,37,7,0,30,3.7,23,94.3,normale,"Excellent état, conservation parfaite",6,15,1,True,True,normal,nuageux
2023-01-29 17:50:51,Centre Médical d'Excellence,O+,32,5,0,27,4.0,47,100.0,normale,Hémoglobine dans les normes,6,17,1,True,True,normal,ensoleillé
2023-01-29 20:25:45,Hôpital Laquintinie,O+,17,5,0,12,4.9,12,100.0,faible,"Excellent état, conservation parfaite",6,20,1,True,True,épidémie,ensoleillé
2023-01-29 21:26:55,Hôpital Militaire,O+,35,7,0,28,4.3,13,98.4,normale,Attention: proche expiration,6,21,1,True,True,normal,ensoleillé
2023-01-30 01:02:03,Clinique des Spécialités,O+,36,9,0,27,4.1,33,100.0,normale,Hémoglobine dans les normes,0,1,1,False,True,normal,ensoleillé
2023-01-30 01:02:12,Clinique des Spécialités,O+,19,16,0,3,3.9,24,99.5,critique,"URGENT: Stock critique - Bon état général, légère variation température",0,1,1,False,True,normal,ensoleillé
2023-01-30 02:51:19,Hôpital Laquintinie,O+,35,6,19,48,4.9,33,95.4,normale,"Excellent état, conservation parfaite",0,2,1,False,True,normal,ensoleillé
2023-01-30 08:01:19,Clinique des Spécialités,O+,64,10,9,63,4.5,10,98.4,normale,"Excellent état, conservation parfaite",0,8,1,False,True,accident_route,nuageux
2023-01-30 08:54:58,Hôpital de District Bonassama,O+,82,3,0,79,3.7,40,100.0,normale,Hémoglobine dans les normes,0,8,1,False,True,normal,ensoleillé
2023-01-30 18:17:48,Hôpital Général Douala,O+,51,8,0,43,3.2,6,100.0,normale,Hémoglobine dans les normes,0,18,1,False,True,normal,pluvieux
2023-01-30 20:00:43,Hôpital Général Douala,O+,71,10,0,61,3.7,17,100.0,normale,Contrôle bactériologique négatif,0,20,1,False,True,épidémie,ensoleillé
2023-01-30 20:06:08,Hôpital de District Bonassama,O+,60,4,0,56,4.1,5,99.4,normale,Contrôle bactériologique négatif,0,20,1,False,True,normal,ensoleillé
2023-01-30 20:12:37,Clinique des Spécialités,O+,84,7,0,77,4.4,2,81.3,normale,"Excellent état, conservation parfaite",0,20,1,False,True,normal,ensoleillé
2023-01-31 10:43:53,Hôpital Militaire,O+,85,0,0,85,4.3,15,100.0,normale,Attention: proche expiration,1,10,1,False,True,normal,pluvieux
2023-02-01 02:11:43,Hôpital Général Douala,O+,17,4,0,13,3.8,26,100.0,faible,Parfait pour transfusion immédiate,2,2,2,False,False,normal,ensoleillé
2023-02-01 11:22:32,Hôpital Général Douala,O+,13,8,25,30,3.7,1,59.1,attention,"État satisfaisant, contrôle qualité OK",2,11,2,False,False,normal,pluvieux
2023-02-01 13:18:06,Hôpital Laquintinie,O+,60,9,0,51,4.6,15,100.0,normale,Attention: proche expiration,2,13,2,False,False,normal,pluvieux
2023-02-01 15:41:42,Hôpital Militaire,O+,42,7,25,60,3.9,8,100.0,normale,Hémoglobine dans les normes,2,15,2,False,False,normal,nuageux
2023-02-01 18:05:37,Hôpital Laquintinie,O+,64,8,0,56,4.0,1,64.8,attention,Attention: proche expiration,2,18,2,False,False,normal,ensoleillé
2023-02-01 18:06:49,Hôpital de District Bonassama,O+,49,7,0,42,3.3,39,100.0,normale,"Bon état général, légère variation température",2,18,2,False,False,normal,ensoleillé
2023-02-01 18:27:56,Centre Médical d'Excellence,O+,30,12,23,41,4.5,20,88.2,normale,Urgent: vérifier température stockage,2,18,2,False,False,normal,ensoleillé
2023-02-01 20:16:55,Centre Médical d'Excellence,O+,60,8,0,52,3.9,14,100.0,normale,"Bon état général, légère variation température",2,20,2,False,False,normal,pluvieux
2023-02-02 00:13:17,Hôpital de District Bonassama,O+,24,5,0,19,4.7,33,100.0,faible,Contrôle bactériologique négatif,3,0,2,False,False,normal,ensoleillé
2023-02-02 00:58:26,Hôpital Militaire,O+,26,5,0,21,3.2,3,89.0,normale,Urgent: vérifier température stockage,3,0,2,False,False,normal,ensoleillé
2023-02-02 03:24:37,Hôpital Général Douala,O+,13,5,0,8,4.7,1,57.1,critique,"URGENT: Stock critique - Bon état général, légère variation température",3,3,2,False,False,normal,ensoleillé
2023-02-02 07:18:24,Hôpital de District Bonassama,O+,67,11,0,56,4.7,1,55.1,attention,Parfait pour transfusion immédiate,3,7,2,False,False,normal,pluvieux
2023-02-02 10:52:44,Hôpital Militaire,O+,48,6,0,42,4.4,14,100.0,normale,"État satisfaisant, contrôle qualité OK",3,10,2,False,False,normal,ensoleillé
2023-02-03 02:40:29,Hôpital Général Douala,O+,19,0,0,19,4.8,19,100.0,faible,Attention: proche expiration,4,2,2,False,False,normal,ensoleillé
2023-02-03 07:35:35,Hôpital Militaire,O+,28,8,0,20,4.6,8,100.0,normale,Contrôle bactériologique négatif,4,7,2,False,False,normal,ensoleillé
2023-02-03 16:15:20,Centre Médical d'Excellence,O+,58,7,0,51,3.8,15,99.4,normale,Attention: proche expiration,4,16,2,False,False,normal,ensoleillé
2023-02-03 17:35:19,Hôpital Militaire,O+,51,6,17,62,3.5,12,100.0,normale,Urgent: vérifier température stockage,4,17,2,False,False,normal,nuageux
2023-02-03 19:34:55,Centre Médical d'Excellence,O+,35,11,0,24,4.1,14,100.0,normale,"État satisfaisant, contrôle qualité OK",4,19,2,False,False,normal,orageux
2023-02-03 19:56:45,Centre Médical d'Excellence,O+,44,3,0,41,3.8,3,87.4,normale,Attention: proche expiration,4,19,2,False,False,normal,pluvieux
2023-02-04 02:47:58,Hôpital de District Bonassama,O+,14,0,0,14,4.2,2,76.4,faible,Urgent: vérifier température stockage,5,2,2,True,False,normal,nuageux
2023-02-04 03:41:29,Centre Médical d'Excellence,O+,0,10,0,0,4.3,3,90.6,critique,URGENT: Stock critique - Attention: proche expiration,5,3,2,True,False,normal,nuageux
2023-02-04 08:12:08,Hôpital Militaire,O+,54,4,0,50,4.0,8,93.4,normale,Contrôle bactériologique négatif,5,8,2,True,False,normal,nuageux
2023-02-04 08:33:53,Hôpital Général Douala,O+,33,0,17,50,3.8,5,91.3,normale,Contrôle bactériologique négatif,5,8,2,True,False,normal,orageux
2023-02-04 10:20:00,Clinique des Spécialités,O+,17,5,13,25,4.6,1,59.8,attention,"Excellent état, conservation parfaite",5,10,2,True,False,normal,ensoleillé
2023-02-04 11:24:56,Centre Médical d'Excellence,O+,27,7,0,20,4.6,18,100.0,normale,"Bon état général, légère variation température",5,11,2,True,False,normal,pluvieux
2023-02-04 13:23:25,Hôpital Laquintinie,O+,19,4,0,15,3.6,6,100.0,faible,Contrôle bactériologique négatif,5,13,2,True,False,normal,ensoleillé
2023-02-04 15:44:40,Centre Médical d'Excellence,O+,8,8,17,17,4.3,63,97.4,faible,Urgent: vérifier température stockage,5,15,2,True,False,normal,pluvieux
2023-02-04 19:23:00,Hôpital Militaire,O+,50,7,18,61,5.0,45,100.0,normale,"Bon état général, légère variation température",5,19,2,True,False,normal,pluvieux
2023-02-04 19:49:06,Hôpital Général Douala,O+,24,6,0,18,3.9,11,95.3,faible,Attention: proche expiration,5,19,2,True,False,normal,ensoleillé
2023-02-05 05:31:39,Centre Médical d'Excellence,O+,11,5,0,6,3.9,8,99.3,critique,"URGENT: Stock critique - État satisfaisant, contrôle qualité OK",6,5,2,True,False,normal,orageux
2023-02-05 07:10:43,Hôpital Général Douala,O+,34,2,0,32,4.9,3,73.4,normale,"Bon état général, légère variation température",6,7,2,True,False,normal,ensoleillé
2023-02-05 17:14:52,Centre Médical d'Excellence,O+,43,2,0,41,3.5,4,84.4,normale,Parfait pour transfusion immédiate,6,17,2,True,False,normal,pluvieux
2023-02-05 21:17:55,Hôpital Militaire,O+,36,6,24,54,4.7,22,99.4,normale,Contrôle bactériologique négatif,6,21,2,True,False,normal,ensoleillé
2023-02-06 01:52:03,Centre Médical d'Excellence,O+,21,10,0,11,4.9,7,97.5,faible,"Excellent état, conservation parfaite",0,1,2,False,False,normal,ensoleillé
2023-02-06 04:20:11,Clinique des Spécialités,O+,38,6,0,32,4.2,4,85.2,normale,"Bon état général, légère variation température",0,4,2,False,False,normal,ensoleillé
2023-02-06 06:18:34,Clinique des Spécialités,O+,42,5,0,37,3.5,19,96.3,normale,Parfait pour transfusion immédiate,0,6,2,False,False,normal,pluvieux
2023-02-06 07:17:40,Hôpital de District Bonassama,O+,52,9,0,43,3.4,16,100.0,normale,"Bon état général, légère variation température",0,7,2,False,False,normal,ensoleillé
2023-02-06 11:06:52,Clinique des Spécialités,O+,39,8,0,31,4.1,2,84.6,normale,Contrôle bactériologique négatif,0,11,2,False,False,normal,pluvieux
2023-02-06 12:38:17,Hôpital de District Bonassama,O+,34,11,0,23,3.6,11,100.0,normale,Hémoglobine dans les normes,0,12,2,False,False,normal,nuageux
2023-02-06 19:03:04,Hôpital Militaire,O+,37,11,0,26,4.0,27,97.4,normale,Urgent: vérifier température stockage,0,19,2,False,False,normal,ensoleillé
2023-02-06 20:17:22,Hôpital Général Douala,O+,43,9,0,34,5.0,16,93.8,normale,"Bon état général, légère variation température",0,20,2,False,False,normal,pluvieux
2023-02-07 03:32:35,Centre Médical d'Excellence,O+,28,7,0,21,3.5,53,90.2,normale,"Bon état général, légère variation température",1,3,2,False,False,normal,nuageux
2023-02-07 06:04:49,Hôpital Militaire,O+,66,3,20,83,4.2,3,92.4,normale,Urgent: vérifier température stockage,1,6,2,False,False,normal,pluvieux
2023-02-07 07:25:56,Centre Médical d'Excellence,O+,45,3,0,42,4.7,23,100.0,normale,"Excellent état, conservation parfaite",1,7,2,False,False,normal,ensoleillé
2023-02-07 10:07:25,Hôpital Militaire,O+,66,9,0,57,4.0,44,100.0,normale,"Excellent état, conservation parfaite",1,10,2,False,False,normal,ensoleillé
2023-02-07 21:19:05,Hôpital Laquintinie,O+,49,9,0,40,3.8,43,100.0,normale,"Excellent état, conservation parfaite",1,21,2,False,False,normal,nuageux
2023-02-07 23:05:28,Hôpital Général Douala,O+,21,7,18,32,4.2,2,84.4,normale,"État satisfaisant, contrôle qualité OK",1,23,2,False,False,normal,pluvieux
2023-02-08 02:11:13,Hôpital Militaire,O+,28,9,0,19,4.7,24,100.0,faible,"Excellent état, conservation parfaite",2,2,2,False,False,normal,orageux
2023-02-08 08:00:12,Clinique des Spécialités,O+,46,12,0,34,3.8,18,100.0,normale,Parfait pour transfusion immédiate,2,8,2,False,False,normal,nuageux
2023-02-08 16:01:05,Clinique des Spécialités,O+,41,7,0,34,4.0,8,99.9,normale,"Excellent état, conservation parfaite",2,16,2,False,False,normal,nuageux
2023-02-08 17:00:50,Clinique des Spécialités,O+,50,1,0,49,3.7,4,82.8,normale,Contrôle bactériologique négatif,2,17,2,False,False,normal,pluvieux
2023-02-08 20:01:03,Hôpital de District Bonassama,O+,71,12,25,84,4.4,22,100.0,normale,Urgent: vérifier température stockage,2,20,2,False,False,normal,pluvieux
2023-02-08 20:33:00,Hôpital Général Douala,O+,46,6,0,40,2.9,1,57.9,attention,Parfait pour transfusion immédiate,2,20,2,False,False,normal,orageux
2023-02-09 03:16:01,Clinique des Spécialités,O+,23,8,0,15,4.0,1,56.7,faible,Parfait pour transfusion immédiate,3,3,2,False,False,normal,ensoleillé
2023-02-09 03:52:09,Clinique des Spécialités,O+,30,14,0,16,4.5,27,99.1,faible,Hémoglobine dans les normes,3,3,2,False,False,normal,nuageux
2023-02-09 08:16:18,Hôpital de District Bonassama,O+,48,9,26,65,4.9,6,99.6,normale,Contrôle bactériologique négatif,3,8,2,False,False,normal,ensoleillé
2023-02-09 08:48:16,Centre Médical d'Excellence,O+,57,1,0,56,3.6,9,94.8,normale,Attention: proche expiration,3,8,2,False,False,normal,nuageux
2023-02-09 09:23:37,Hôpital de District Bonassama,O+,49,7,0,42,3.3,1,61.4,attention,Urgent: vérifier température stockage,3,9,2,False,False,normal,nuageux
2023-02-09 14:56:42,Hôpital Militaire,O+,51,8,0,43,4.7,14,98.0,normale,Urgent: vérifier température stockage,3,14,2,False,False,normal,pluvieux
2023-02-09 16:14:50,Centre Médical d'Excellence,O+,64,10,22,76,3.7,8,99.9,normale,Urgent: vérifier température stockage,3,16,2,False,False,normal,nuageux
2023-02-09 17:30:32,Centre Médical d'Excellence,O+,40,7,0,33,4.3,24,100.0,normale,Attention: proche expiration,3,17,2,False,False,normal,ensoleillé
2023-02-09 18:44:14,Hôpital Militaire,O+,32,8,11,35,3.8,26,96.0,normale,Contrôle bactériologique négatif,3,18,2,False,False,normal,nuageux
2023-02-09 23:05:43,Hôpital Laquintinie,O+,22,9,14,27,3.3,30,90.3,normale,Hémoglobine dans les normes,3,23,2,False,False,normal,pluvieux
2023-02-10 06:03:51,Hôpital Général Douala,O+,58,10,0,48,4.1,41,99.0,normale,Urgent: vérifier température stockage,4,6,2,False,False,normal,pluvieux
2023-02-10 09:59:38,Centre Médical d'Excellence,O+,37,4,0,33,4.3,8,96.2,normale,Urgent: vérifier température stockage,4,9,2,False,False,normal,pluvieux
2023-02-10 10:30:26,Hôpital de District Bonassama,O+,39,6,14,47,3.9,12,98.2,normale,Contrôle bactériologique négatif,4,10,2,False,False,normal,ensoleillé
2023-02-10 17:12:51,Hôpital de District Bonassama,O+,21,2,0,19,3.3,18,99.6,faible,Parfait pour transfusion immédiate,4,17,2,False,False,normal,ensoleillé
2023-02-10 21:15:42,Centre Médical d'Excellence,O+,63,7,16,72,3.4,7,97.8,normale,Hémoglobine dans les normes,4,21,2,False,False,campagne_don,nuageux
2023-02-10 21:38:22,Hôpital Général Douala,O+,33,7,0,26,3.9,13,100.0,normale,Urgent: vérifier température stockage,4,21,2,False,False,normal,ensoleillé
2023-02-10 23:07:58,Hôpital Laquintinie,O+,36,6,0,30,4.3,6,97.5,normale,Attention: proche expiration,4,23,2,False,False,normal,pluvieux
2023-02-11 00:23:35,Clinique des Spécialités,O+,23,6,15,32,4.9,18,100.0,normale,Hémoglobine dans les normes,5,0,2,True,False,normal,ensoleillé
2023-02-11 01:22:34,Hôpital de District Bonassama,O+,2,4,0,0,5.0,6,100.0,critique,URGENT: Stock critique - Parfait pour transfusion immédiate,5,1,2,True,False,normal,nuageux
2023-02-11 07:39:24,Centre Médical d'Excellence,O+,40,7,0,33,3.1,8,98.7,normale,"Bon état général, légère variation température",5,7,2,True,False,normal,ensoleillé
2023-02-11 08:09:00,Hôpital Militaire,O+,28,5,0,23,4.1,4,87.1,normale,"Excellent état, conservation parfaite",5,8,2,True,False,normal,ensoleillé
2023-02-11 13:59:52,Centre Médical d'Excellence,O+,23,7,17,33,3.5,20,100.0,normale,Attention: proche expiration,5,13,2,True,False,normal,pluvieux
2023-02-11 17:07:57,Hôpital Laquintinie,O+,48,6,26,68,3.3,6,100.0,normale,"Bon état général, légère variation température",5,17,2,True,False,normal,ensoleillé
2023-02-11 20:39:44,Centre Médical d'Excellence,O+,47,7,26,66,5.0,5,100.0,normale,"État satisfaisant, contrôle qualité OK",5,20,2,True,False,normal,nuageux
2023-02-12 01:20:45,Centre Médical d'Excellence,O+,11,3,0,8,4.1,28,100.0,critique,URGENT: Stock critique - Attention: proche expiration,6,1,2,True,False,normal,ensoleillé
2023-02-12 01:22:06,Centre Médical d'Excellence,O+,13,5,27,35,4.6,9,100.0,normale,Parfait pour transfusion immédiate,6,1,2,True,False,normal,orageux
2023-02-12 04:41:13,Hôpital Général Douala,O+,16,6,0,10,3.5,37,96.6,faible,"Bon état général, légère variation température",6,4,2,True,False,normal,nuageux
2023-02-12 08:42:00,Hôpital Militaire,O+,46,5,28,69,4.0,1,60.5,attention,Contrôle bactériologique négatif,6,8,2,True,False,normal,nuageux
2023-02-12 15:18:53,Clinique des Spécialités,O+,28,8,23,43,3.5,15,100.0,normale,"Bon état général, légère variation température",6,15,2,True,False,normal,ensoleillé
2023-02-12 20:34:52,Hôpital Laquintinie,O+,55,7,0,48,4.2,9,93.2,normale,Parfait pour transfusion immédiate,6,20,2,True,False,campagne_don,ensoleillé
2023-02-13 00:19:16,Hôpital Laquintinie,O+,9,10,0,0,3.5,9,100.0,critique,"URGENT: Stock critique - Excellent état, conservation parfaite",0,0,2,False,False,normal,nuageux
2023-02-13 02:04:26,Centre Médical d'Excellence,O+,33,6,0,27,4.0,11,94.2,normale,Hémoglobine dans les normes,0,2,2,False,False,normal,pluvieux
2023-02-13 06:52:43,Centre Médical d'Excellence,O+,31,9,0,22,3.6,11,97.9,normale,Attention: proche expiration,0,6,2,False,False,normal,ensoleillé
2023-02-13 07:40:38,Hôpital Général Douala,O+,61,5,0,56,4.1,11,100.0,normale,Attention: proche expiration,0,7,2,False,False,normal,pluvieux
2023-02-13 14:27:31,Hôpital Laquintinie,O+,37,6,0,31,3.3,5,100.0,normale,Contrôle bactériologique négatif,0,14,2,False,False,normal,pluvieux
2023-02-13 14:56:42,Clinique des Spécialités,O+,91,5,24,110,4.3,5,100.0,normale,"Bon état général, légère variation température",0,14,2,False,False,normal,ensoleillé
2023-02-13 16:55:48,Hôpital Laquintinie,O+,55,3,0,52,4.5,61,100.0,normale,Attention: proche expiration,0,16,2,False,False,normal,ensoleillé
2023-02-13 20:40:59,Hôpital de District Bonassama,O+,45,9,0,36,3.4,2,83.8,normale,"Bon état général, légère variation température",0,20,2,False,False,normal,pluvieux
2023-02-13 21:26:17,Hôpital Général Douala,O+,65,1,26,90,3.5,2,95.2,normale,Attention: proche expiration,0,21,2,False,False,normal,ensoleillé
2023-02-13 21:42:41,Clinique des Spécialités,O+,29,4,23,48,4.3,7,100.0,normale,"Excellent état, conservation parfaite",0,21,2,False,False,normal,ensoleillé
2023-02-14 06:45:49,Hôpital Général Douala,O+,65,6,0,59,4.1,13,94.2,normale,Urgent: vérifier température stockage,1,6,2,False,False,normal,pluvieux
2023-02-14 15:14:26,Hôpital Militaire,O+,57,4,22,75,3.6,10,99.6,normale,"Bon état général, légère variation température",1,15,2,False,False,normal,pluvieux
2023-02-14 21:19:15,Centre Médical d'Excellence,O+,44,11,0,33,4.1,8,94.6,normale,"Bon état général, légère variation température",1,21,2,False,False,normal,pluvieux
2023-02-15 20:10:09,Hôpital Général Douala,O+,36,6,0,30,5.0,2,84.0,normale,Attention: proche expiration,2,20,2,False,False,normal,nuageux
2023-02-15 20:16:46,Hôpital Laquintinie,O+,44,8,0,36,3.8,1,60.9,attention,Contrôle bactériologique négatif,2,20,2,False,False,normal,nuageux
2023-02-15 23:24:22,Hôpital Militaire,O+,18,4,18,32,3.5,11,95.1,normale,Hémoglobine dans les normes,2,23,2,False,False,normal,pluvieux
2023-02-16 05:03:36,Hôpital Laquintinie,O+,33,5,22,50,4.0,2,90.0,normale,Attention: proche expiration,3,5,2,False,False,normal,nuageux
2023-02-16 05:19:59,Clinique des Spécialités,O+,31,8,0,23,3.7,4,89.7,normale,"Bon état général, légère variation température",3,5,2,False,False,normal,ensoleillé
2023-02-16 05:50:51,Hôpital de District Bonassama,O+,19,8,0,11,3.8,13,98.4,faible,Hémoglobine dans les normes,3,5,2,False,False,normal,orageux
2023-02-16 12:27:28,Hôpital Général Douala,O+,60,6,0,54,4.3,6,92.5,normale,Hémoglobine dans les normes,3,12,2,False,False,normal,nuageux
2023-02-16 12:29:44,Clinique des Spécialités,O+,29,5,21,45,4.9,8,100.0,normale,Urgent: vérifier température stockage,3,12,2,False,False,normal,ensoleillé
2023-02-16 12:54:20,Hôpital de District Bonassama,O+,30,9,0,21,4.0,16,100.0,normale,"Bon état général, légère variation température",3,12,2,False,False,normal,pluvieux
2023-02-16 15:45:48,Hôpital de District Bonassama,O+,48,7,0,41,4.2,1,52.7,attention,"Excellent état, conservation parfaite",3,15,2,False,False,normal,ensoleillé
2023-02-17 00:54:50,Hôpital Militaire,O+,31,5,0,26,4.2,5,100.0,normale,"Excellent état, conservation parfaite",4,0,2,False,False,normal,pluvieux
2023-02-17 01:12:58,Hôpital Laquintinie,O+,12,4,0,8,4.3,10,100.0,critique,URGENT: Stock critique - Contrôle bactériologique négatif,4,1,2,False,False,normal,ensoleillé
2023-02-17 01:23:27,Clinique des Spécialités,O+,13,7,0,6,4.0,2,83.1,critique,"URGENT: Stock critique - Excellent état, conservation parfaite",4,1,2,False,False,normal,nuageux
2023-02-17 02:17:46,Hôpital Laquintinie,O+,24,9,0,15,3.0,15,96.6,faible,"Excellent état, conservation parfaite",4,2,2,False,False,normal,pluvieux
2023-02-17 03:11:26,Hôpital de District Bonassama,O+,15,4,22,33,4.1,22,100.0,normale,Attention: proche expiration,4,3,2,False,False,normal,pluvieux
2023-02-17 11:11:14,Hôpital Laquintinie,O+,40,8,0,32,4.3,18,100.0,normale,"Bon état général, légère variation température",4,11,2,False,False,normal,ensoleillé
2023-02-17 13:39:28,Hôpital Laquintinie,O+,55,12,0,43,4.1,20,100.0,normale,"État satisfaisant, contrôle qualité OK",4,13,2,False,False,normal,ensoleillé
2023-02-17 15:19:34,Hôpital de District Bonassama,O+,51,7,0,44,3.7,7,100.0,normale,"État satisfaisant, contrôle qualité OK",4,15,2,False,False,normal,nuageux
2023-02-17 16:01:33,Hôpital Général Douala,O+,44,4,0,40,4.3,22,94.7,normale,Attention: proche expiration,4,16,2,False,False,normal,nuageux
2023-02-17 18:34:20,Hôpital Militaire,O+,47,11,0,36,4.8,13,89.5,normale,Contrôle bactériologique négatif,4,18,2,False,False,épidémie,nuageux
2023-02-17 22:52:49,Hôpital Laquintinie,O+,46,5,0,41,3.8,38,98.4,normale,"Excellent état, conservation parfaite",4,22,2,False,False,normal,orageux
2023-02-18 03:25:05,Hôpital Laquintinie,O+,13,4,0,9,4.2,12,96.7,critique,"URGENT: Stock critique - Bon état général, légère variation température",5,3,2,True,False,normal,pluvieux
2023-02-18 04:09:35,Hôpital Laquintinie,O+,21,8,0,13,3.6,15,98.2,faible,"Excellent état, conservation parfaite",5,4,2,True,False,campagne_don,pluvieux
2023-02-18 06:58:54,Clinique des Spécialités,O+,34,2,0,32,3.4,4,82.7,normale,Urgent: vérifier température stockage,5,6,2,True,False,normal,nuageux
2023-02-18 10:25:59,Hôpital de District Bonassama,O+,45,3,21,63,4.4,2,86.1,normale,Urgent: vérifier température stockage,5,10,2,True,False,normal,nuageux
2023-02-18 18:21:45,Centre Médical d'Excellence,O+,30,8,0,22,4.6,13,100.0,normale,"Excellent état, conservation parfaite",5,18,2,True,False,urgence_médicale,pluvieux
2023-02-18 18:36:29,Hôpital Militaire,O+,41,3,0,38,3.9,15,95.2,normale,Parfait pour transfusion immédiate,5,18,2,True,False,normal,pluvieux
2023-02-18 23:07:23,Centre Médical d'Excellence,O+,20,4,24,40,3.9,15,93.3,normale,Urgent: vérifier température stockage,5,23,2,True,False,normal,orageux
2023-02-19 02:12:31,Hôpital de District Bonassama,O+,23,7,20,36,4.8,24,100.0,normale,Parfait pour transfusion immédiate,6,2,2,True,False,normal,nuageux
2023-02-19 03:40:37,Clinique des Spécialités,O+,7,5,0,2,3.9,13,99.9,critique,"URGENT: Stock critique - État satisfaisant, contrôle qualité OK",6,3,2,True,False,normal,nuageux
2023-02-19 08:45:04,Clinique des Spécialités,O+,26,7,0,19,4.0,13,100.0,faible,"État satisfaisant, contrôle qualité OK",6,8,2,True,False,normal,nuageux
2023-02-19 11:26:27,Hôpital Laquintinie,O+,26,6,0,20,3.3,8,95.2,normale,"Bon état général, légère variation température",6,11,2,True,False,normal,pluvieux
2023-02-19 11:57:33,Hôpital Laquintinie,O+,38,0,0,38,4.0,10,100.0,normale,Attention: proche expiration,6,11,2,True,False,normal,orageux
2023-02-19 14:25:44,Hôpital Laquintinie,O+,19,4,0,15,4.3,17,100.0,faible,Contrôle bactériologique négatif,6,14,2,True,False,normal,ensoleillé
2023-02-19 16:37:34,Hôpital de District Bonassama,O+,27,5,0,22,4.7,15,93.3,normale,Attention: proche expiration,6,16,2,True,False,normal,ensoleillé
2023-02-19 17:21:49,Hôpital Militaire,O+,15,5,13,23,3.6,26,100.0,normale,"Excellent état, conservation parfaite",6,17,2,True,False,normal,orageux
2023-02-19 20:47:10,Hôpital Militaire,O+,37,5,0,32,4.1,2,76.0,normale,"Bon état général, légère variation température",6,20,2,True,False,normal,ensoleillé
2023-02-19 21:05:20,Clinique des Spécialités,O+,42,6,20,56,3.1,5,99.1,normale,Contrôle bactériologique négatif,6,21,2,True,False,normal,pluvieux
2023-02-20 02:23:38,Hôpital Général Douala,O+,16,14,0,2,4.4,23,100.0,critique,"URGENT: Stock critique - État satisfaisant, contrôle qualité OK",0,2,2,False,False,normal,pluvieux
2023-02-20 08:09:13,Hôpital Général Douala,O+,57,8,0,49,4.0,13,90.8,normale,Contrôle bactériologique négatif,0,8,2,False,False,urgence_médicale,nuageux
2023-02-20 12:34:39,Hôpital de District Bonassama,O+,58,9,0,49,4.7,1,41.9,attention,Urgent: vérifier température stockage,0,12,2,False,False,normal,ensoleillé
2023-02-20 13:44:34,Clinique des Spécialités,O+,85,10,0,75,4.1,1,55.2,attention,Contrôle bactériologique négatif,0,13,2,False,False,normal,orageux
2023-02-20 14:57:58,Centre Médical d'Excellence,O+,45,9,0,36,4.8,24,100.0,normale,Hémoglobine dans les normes,0,14,2,False,False,normal,pluvieux
2023-02-20 15:57:41,Hôpital Général Douala,O+,52,4,24,72,4.4,21,96.9,normale,Attention: proche expiration,0,15,2,False,False,normal,nuageux
2023-02-20 19:01:34,Clinique des Spécialités,O+,54,6,0,48,3.6,6,100.0,normale,Attention: proche expiration,0,19,2,False,False,normal,ensoleillé
2023-02-21 05:13:41,Hôpital Général Douala,O+,22,12,0,10,4.9,19,95.0,faible,"État satisfaisant, contrôle qualité OK",1,5,2,False,False,normal,nuageux
2023-02-21 11:47:08,Hôpital Militaire,O+,42,8,15,49,4.4,5,100.0,normale,Hémoglobine dans les normes,1,11,2,False,False,normal,orageux
2023-02-21 13:05:27,Centre Médical d'Excellence,O+,43,5,0,38,3.9,23,100.0,normale,Urgent: vérifier température stockage,1,13,2,False,False,normal,pluvieux
2023-02-21 15:02:15,Hôpital de District Bonassama,O+,48,8,14,54,3.3,1,63.6,attention,"État satisfaisant, contrôle qualité OK",1,15,2,False,False,normal,pluvieux
2023-02-21 20:04:13,Centre Médical d'Excellence,O+,42,7,0,35,3.5,22,93.2,normale,"Bon état général, légère variation température",1,20,2,False,False,normal,nuageux
2023-02-22 00:39:10,Clinique des Spécialités,O+,35,2,0,33,3.5,18,100.0,normale,"Bon état général, légère variation température",2,0,2,False,False,normal,ensoleillé
2023-02-22 01:51:08,Hôpital Laquintinie,O+,17,12,0,5,4.7,11,99.1,critique,URGENT: Stock critique - Parfait pour transfusion immédiate,2,1,2,False,False,normal,ensoleillé
2023-02-22 09:28:32,Centre Médical d'Excellence,O+,50,9,0,41,3.7,2,91.9,normale,Attention: proche expiration,2,9,2,False,False,normal,nuageux
2023-02-22 19:14:45,Clinique des Spécialités,O+,54,2,0,52,3.3,23,100.0,normale,Attention: proche expiration,2,19,2,False,False,normal,pluvieux
2023-02-22 21:08:55,Hôpital de District Bonassama,O+,44,8,0,36,3.7,1,59.4,attention,"Excellent état, conservation parfaite",2,21,2,False,False,normal,nuageux
2023-02-23 01:09:30,Centre Médical d'Excellence,O+,24,6,0,18,3.2,2,81.6,faible,Urgent: vérifier température stockage,3,1,2,False,False,normal,ensoleillé
2023-02-23 04:43:57,Hôpital de District Bonassama,O+,19,13,0,6,4.5,1,57.8,critique,URGENT: Stock critique - Parfait pour transfusion immédiate,3,4,2,False,False,normal,pluvieux
2023-02-23 07:49:12,Hôpital Militaire,O+,70,4,24,90,3.4,40,97.2,normale,"État satisfaisant, contrôle qualité OK",3,7,2,False,False,normal,pluvieux
2023-02-23 07:52:10,Hôpital Laquintinie,O+,45,8,0,37,4.1,7,98.9,normale,Parfait pour transfusion immédiate,3,7,2,False,False,normal,orageux
2023-02-23 11:22:25,Hôpital Général Douala,O+,46,11,0,35,3.8,60,100.0,normale,"État satisfaisant, contrôle qualité OK",3,11,2,False,False,normal,pluvieux
2023-02-23 14:52:39,Hôpital de District Bonassama,O+,67,9,0,58,3.2,4,82.9,normale,"Bon état général, légère variation température",3,14,2,False,False,normal,pluvieux
2023-02-23 21:01:09,Hôpital Militaire,O+,72,3,12,81,4.9,7,100.0,normale,"Excellent état, conservation parfaite",3,21,2,False,False,normal,ensoleillé
2023-02-23 21:17:08,Hôpital de District Bonassama,O+,63,8,14,69,4.5,5,100.0,normale,Attention: proche expiration,3,21,2,False,False,normal,ensoleillé
2023-02-24 04:08:34,Centre Médical d'Excellence,O+,16,6,21,31,4.5,9,100.0,normale,Contrôle bactériologique négatif,4,4,2,False,False,campagne_don,orageux
2023-02-24 06:03:22,Centre Médical d'Excellence,O+,46,12,0,34,4.4,5,100.0,normale,"État satisfaisant, contrôle qualité OK",4,6,2,False,False,normal,nuageux
2023-02-24 09:21:08,Hôpital de District Bonassama,O+,28,9,0,19,3.4,8,97.1,faible,"Bon état général, légère variation température",4,9,2,False,False,normal,ensoleillé
2023-02-24 12:40:04,Hôpital Général Douala,O+,85,8,0,77,4.2,54,96.8,normale,Attention: proche expiration,4,12,2,False,False,normal,nuageux
2023-02-24 13:10:02,Clinique des Spécialités,O+,53,6,20,67,2.5,3,87.6,normale,"État satisfaisant, contrôle qualité OK",4,13,2,False,False,normal,ensoleillé
2023-02-24 20:11:26,Hôpital Laquintinie,O+,86,8,0,78,4.4,10,99.6,normale,"État satisfaisant, contrôle qualité OK",4,20,2,False,False,normal,pluvieux
2023-02-24 20:37:13,Hôpital Militaire,O+,64,8,0,56,4.9,9,97.6,normale,Urgent: vérifier température stockage,4,20,2,False,False,normal,ensoleillé
2023-02-24 20:48:50,Hôpital Général Douala,O+,37,7,0,30,2.9,16,100.0,normale,Attention: proche expiration,4,20,2,False,False,normal,ensoleillé
2023-02-24 21:05:15,Hôpital Général Douala,O+,35,5,0,30,3.4,2,86.8,normale,Attention: proche expiration,4,21,2,False,False,normal,nuageux
2023-02-24 21:17:22,Hôpital de District Bonassama,O+,45,9,0,36,3.7,5,100.0,normale,"Excellent état, conservation parfaite",4,21,2,False,False,normal,nuageux
2023-02-25 00:38:42,Hôpital Militaire,O+,19,3,0,16,3.7,16,100.0,faible,Urgent: vérifier température stockage,5,0,2,True,False,normal,pluvieux
2023-02-25 05:16:10,Hôpital de District Bonassama,O+,17,7,25,35,3.2,11,89.9,normale,Urgent: vérifier température stockage,5,5,2,True,False,normal,ensoleillé
2023-02-25 11:34:00,Hôpital de District Bonassama,O+,40,5,14,49,3.4,17,97.0,normale,Urgent: vérifier température stockage,5,11,2,True,False,normal,ensoleillé
2023-02-25 13:20:27,Hôpital Général Douala,O+,40,8,0,32,4.6,7,100.0,normale,Contrôle bactériologique négatif,5,13,2,True,False,normal,pluvieux
2023-02-25 15:08:03,Clinique des Spécialités,O+,40,4,0,36,4.3,4,86.4,normale,"Excellent état, conservation parfaite",5,15,2,True,False,normal,pluvieux
2023-02-26 00:25:15,Hôpital Général Douala,O+,16,7,0,9,4.0,11,96.3,critique,URGENT: Stock critique - Parfait pour transfusion immédiate,6,0,2,True,False,normal,ensoleillé
2023-02-26 03:15:04,Hôpital de District Bonassama,O+,17,5,0,12,4.3,6,100.0,faible,"Bon état général, légère variation température",6,3,2,True,False,normal,pluvieux
2023-02-26 07:46:45,Clinique des Spécialités,O+,35,9,0,26,4.6,11,100.0,normale,"Bon état général, légère variation température",6,7,2,True,False,normal,ensoleillé
2023-02-26 10:40:39,Hôpital Laquintinie,O+,47,4,0,43,4.0,1,57.7,attention,"État satisfaisant, contrôle qualité OK",6,10,2,True,False,normal,nuageux
2023-02-26 13:17:47,Hôpital Laquintinie,O+,46,9,0,37,4.3,6,99.4,normale,Contrôle bactériologique négatif,6,13,2,True,False,normal,ensoleillé
2023-02-26 20:13:58,Centre Médical d'Excellence,O+,51,4,0,47,4.0,20,100.0,normale,Urgent: vérifier température stockage,6,20,2,True,False,normal,nuageux
2023-02-27 07:52:51,Hôpital de District Bonassama,O+,29,7,0,22,3.6,3,93.3,normale,"État satisfaisant, contrôle qualité OK",0,7,2,False,False,normal,orageux
2023-02-27 15:14:39,Clinique des Spécialités,O+,37,8,0,29,3.9,19,96.4,normale,"État satisfaisant, contrôle qualité OK",0,15,2,False,False,normal,orageux
2023-02-27 21:34:45,Hôpital Général Douala,O+,40,12,0,28,4.3,10,99.4,normale,Parfait pour transfusion immédiate,0,21,2,False,False,normal,pluvieux
2023-02-27 22:43:00,Centre Médical d'Excellence,O+,31,11,24,44,4.5,16,100.0,normale,Hémoglobine dans les normes,0,22,2,False,False,normal,pluvieux
2023-02-27 23:22:42,Hôpital Militaire,O+,33,8,0,25,4.7,23,98.7,normale,Attention: proche expiration,0,23,2,False,False,normal,pluvieux
2023-02-28 14:22:08,Centre Médical d'Excellence,O+,69,8,19,80,3.6,1,61.2,attention,Hémoglobine dans les normes,1,14,2,False,False,normal,ensoleillé
2023-02-28 18:18:05,Clinique des Spécialités,O+,40,9,14,45,3.6,1,63.9,attention,Attention: proche expiration,1,18,2,False,False,normal,ensoleillé
2023-02-28 19:15:48,Hôpital Laquintinie,O+,46,2,0,44,4.0,28,100.0,normale,Urgent: vérifier température stockage,1,19,2,False,False,normal,ensoleillé
2023-02-28 21:02:29,Hôpital Militaire,O+,47,9,0,38,4.5,5,100.0,normale,Contrôle bactériologique négatif,1,21,2,False,False,normal,ensoleillé
2023-03-01 02:37:28,Clinique des Spécialités,O+,28,3,19,44,4.7,13,99.8,normale,"Bon état général, légère variation température",2,2,3,False,False,normal,pluvieux
2023-03-01 04:53:29,Clinique des Spécialités,O+,24,11,0,13,4.7,32,99.0,faible,"Bon état général, légère variation température",2,4,3,False,False,campagne_don,ensoleillé
2023-03-01 07:16:15,Hôpital Général Douala,O+,33,6,18,45,3.6,52,94.8,normale,Attention: proche expiration,2,7,3,False,False,normal,nuageux
2023-03-01 08:45:47,Centre Médical d'Excellence,O+,63,6,23,80,4.6,7,97.9,normale,Hémoglobine dans les normes,2,8,3,False,False,normal,ensoleillé
2023-03-01 08:49:05,Hôpital Général Douala,O+,43,5,0,38,4.9,3,81.5,normale,Hémoglobine dans les normes,2,8,3,False,False,normal,ensoleillé
2023-03-01 10:05:08,Hôpital Général Douala,O+,52,10,0,42,4.0,28,90.8,normale,"Bon état général, légère variation température",2,10,3,False,False,normal,ensoleillé
2023-03-01 12:21:43,Centre Médical d'Excellence,O+,37,1,0,36,3.6,9,100.0,normale,Contrôle bactériologique négatif,2,12,3,False,False,normal,pluvieux
2023-03-02 02:04:59,Centre Médical d'Excellence,O+,24,1,0,23,3.1,5,100.0,normale,"Excellent état, conservation parfaite",3,2,3,False,False,normal,ensoleillé
2023-03-02 02:36:28,Hôpital de District Bonassama,O+,37,11,0,26,4.4,31,100.0,normale,"Excellent état, conservation parfaite",3,2,3,False,False,urgence_médicale,ensoleillé
2023-03-02 11:50:36,Hôpital de District Bonassama,O+,43,8,0,35,3.6,9,99.5,normale,"Bon état général, légère variation température",3,11,3,False,False,normal,pluvieux
2023-03-02 14:30:36,Centre Médical d'Excellence,O+,53,15,0,38,4.4,1,56.7,attention,Hémoglobine dans les normes,3,14,3,False,False,normal,ensoleillé
2023-03-02 18:18:05,Hôpital de District Bonassama,O+,47,6,0,41,4.0,6,88.9,normale,"Bon état général, légère variation température",3,18,3,False,False,normal,ensoleillé
2023-03-03 01:57:46,Hôpital Militaire,O+,14,7,0,7,4.0,3,87.0,critique,"URGENT: Stock critique - Excellent état, conservation parfaite",4,1,3,False,False,normal,ensoleillé
2023-03-03 07:19:34,Centre Médical d'Excellence,O+,41,8,0,33,4.0,16,100.0,normale,Attention: proche expiration,4,7,3,False,False,normal,ensoleillé
2023-03-03 07:57:37,Hôpital Général Douala,O+,47,7,0,40,4.5,13,100.0,normale,Parfait pour transfusion immédiate,4,7,3,False,False,normal,orageux
2023-03-03 11:56:36,Hôpital Laquintinie,O+,53,6,0,47,3.2,17,100.0,normale,Hémoglobine dans les normes,4,11,3,False,False,normal,ensoleillé
2023-03-03 14:11:46,Clinique des Spécialités,O+,31,9,0,22,3.7,34,99.5,normale,Contrôle bactériologique négatif,4,14,3,False,False,normal,orageux
2023-03-03 20:54:45,Hôpital Général Douala,O+,61,9,0,52,4.2,11,100.0,normale,Contrôle bactériologique négatif,4,20,3,False,False,normal,nuageux
2023-03-03 21:08:58,Hôpital Laquintinie,O+,51,11,15,55,4.3,4,80.5,normale,Urgent: vérifier température stockage,4,21,3,False,False,normal,pluvieux
2023-03-04 02:04:44,Hôpital Militaire,O+,12,8,0,4,3.4,23,96.2,critique,URGENT: Stock critique - Attention: proche expiration,5,2,3,True,False,normal,orageux
2023-03-04 04:41:23,Clinique des Spécialités,O+,21,3,0,18,4.1,23,97.6,faible,"Bon état général, légère variation température",5,4,3,True,False,normal,ensoleillé
2023-03-04 06:15:33,Clinique des Spécialités,O+,28,3,0,25,3.9,4,91.7,normale,Parfait pour transfusion immédiate,5,6,3,True,False,normal,ensoleillé
2023-03-04 10:48:26,Clinique des Spécialités,O+,34,8,29,55,4.0,14,100.0,normale,Hémoglobine dans les normes,5,10,3,True,False,normal,ensoleillé
2023-03-04 11:18:55,Hôpital Militaire,O+,56,4,25,77,4.6,13,93.8,normale,Urgent: vérifier température stockage,5,11,3,True,False,normal,ensoleillé
2023-03-04 13:58:52,Clinique des Spécialités,O+,49,5,0,44,5.2,14,100.0,normale,Urgent: vérifier température stockage,5,13,3,True,False,normal,nuageux
2023-03-04 17:34:50,Centre Médical d'Excellence,O+,34,2,0,32,4.0,1,56.8,attention,"Excellent état, conservation parfaite",5,17,3,True,False,normal,orageux
2023-03-04 17:54:21,Hôpital de District Bonassama,O+,32,4,0,28,4.1,44,100.0,normale,"Excellent état, conservation parfaite",5,17,3,True,False,normal,pluvieux
2023-03-04 20:25:41,Hôpital Général Douala,O+,53,2,0,51,5.1,4,90.7,normale,Hémoglobine dans les normes,5,20,3,True,False,normal,ensoleillé
2023-03-04 22:38:19,Hôpital de District Bonassama,O+,25,6,19,38,4.4,9,100.0,normale,"Bon état général, légère variation température",5,22,3,True,False,normal,pluvieux
2023-03-05 01:29:15,Hôpital Général Douala,O+,12,3,0,9,4.2,13,99.0,critique,URGENT: Stock critique - Hémoglobine dans les normes,6,1,3,True,False,normal,ensoleillé
2023-03-05 05:02:27,Hôpital Général Douala,O+,17,2,0,15,2.3,5,99.4,faible,"Excellent état, conservation parfaite",6,5,3,True,False,normal,pluvieux
2023-03-05 10:27:26,Hôpital Militaire,O+,47,5,0,42,3.8,22,98.2,normale,Attention: proche expiration,6,10,3,True,False,normal,ensoleillé
2023-03-05 11:22:52,Hôpital Militaire,O+,52,4,26,74,4.3,56,99.7,normale,Urgent: vérifier température stockage,6,11,3,True,False,normal,pluvieux
2023-03-05 16:29:10,Clinique des Spécialités,O+,32,2,0,30,4.1,10,100.0,normale,"Excellent état, conservation parfaite",6,16,3,True,False,normal,pluvieux
2023-03-05 18:57:30,Centre Médical d'Excellence,O+,43,5,0,38,3.8,24,100.0,normale,"Bon état général, légère variation température",6,18,3,True,False,normal,ensoleillé
2023-03-05 19:02:09,Hôpital Général Douala,O+,45,10,0,35,3.5,1,62.4,attention,Urgent: vérifier température stockage,6,19,3,True,False,normal,ensoleillé
2023-03-05 19:30:14,Centre Médical d'Excellence,O+,24,6,0,18,3.2,31,96.5,faible,Parfait pour transfusion immédiate,6,19,3,True,False,normal,ensoleillé
2023-03-06 03:48:51,Centre Médical d'Excellence,O+,24,0,17,41,4.8,5,96.7,normale,Hémoglobine dans les normes,0,3,3,False,False,normal,orageux
2023-03-06 08:06:42,Hôpital de District Bonassama,O+,21,4,0,17,4.8,19,100.0,faible,Hémoglobine dans les normes,0,8,3,False,False,normal,ensoleillé
2023-03-06 14:22:15,Centre Médical d'Excellence,O+,49,8,0,41,4.1,30,100.0,normale,"Excellent état, conservation parfaite",0,14,3,False,False,normal,orageux
2023-03-06 16:52:41,Centre Médical d'Excellence,O+,59,5,0,54,3.5,20,96.8,normale,"Excellent état, conservation parfaite",0,16,3,False,False,normal,ensoleillé
2023-03-06 20:03:39,Hôpital de District Bonassama,O+,30,6,0,24,4.2,4,84.6,normale,Attention: proche expiration,0,20,3,False,False,normal,pluvieux
2023-03-07 07:42:29,Hôpital Laquintinie,O+,43,5,0,38,4.4,17,100.0,normale,"Bon état général, légère variation température",1,7,3,False,False,normal,pluvieux
2023-03-07 09:24:15,Hôpital de District Bonassama,O+,0,11,0,0,4.1,9,100.0,critique,URGENT: Stock critique - Parfait pour transfusion immédiate,1,9,3,False,False,normal,ensoleillé
2023-03-07 18:32:09,Hôpital Général Douala,O+,86,8,0,78,3.5,30,98.8,normale,Parfait pour transfusion immédiate,1,18,3,False,False,normal,nuageux
2023-03-08 00:17:50,Hôpital Général Douala,O+,25,3,19,41,3.9,14,98.6,normale,Parfait pour transfusion immédiate,2,0,3,False,False,normal,ensoleillé
2023-03-08 00:49:09,Hôpital de District Bonassama,O+,34,8,0,26,3.3,9,99.0,normale,"Bon état général, légère variation température",2,0,3,False,False,normal,ensoleillé
2023-03-08 08:17:19,Centre Médical d'Excellence,O+,29,9,0,20,4.0,23,100.0,normale,"Bon état général, légère variation température",2,8,3,False,False,normal,nuageux
2023-03-08 16:16:20,Hôpital de District Bonassama,O+,86,3,0,83,4.0,1,60.8,attention,"Bon état général, légère variation température",2,16,3,False,False,normal,ensoleillé
2023-03-08 17:07:15,Hôpital Laquintinie,O+,51,15,0,36,4.6,11,100.0,normale,"Bon état général, légère variation température",2,17,3,False,False,normal,ensoleillé
2023-03-08 17:48:26,Centre Médical d'Excellence,O+,52,7,10,55,4.7,3,82.4,normale,"Bon état général, légère variation température",2,17,3,False,False,normal,ensoleillé
2023-03-08 23:23:05,Hôpital Militaire,O+,27,9,14,32,3.9,7,97.6,normale,Attention: proche expiration,2,23,3,False,False,normal,ensoleillé
2023-03-09 01:32:24,Centre Médical d'Excellence,O+,28,4,20,44,3.3,34,100.0,normale,Urgent: vérifier température stockage,3,1,3,False,False,normal,ensoleillé
2023-03-09 02:36:50,Clinique des Spécialités,O+,48,11,26,63,4.5,1,58.2,attention,"État satisfaisant, contrôle qualité OK",3,2,3,False,False,urgence_médicale,pluvieux
2023-03-09 03:22:49,Hôpital Militaire,O+,15,6,0,9,4.6,9,100.0,critique,"URGENT: Stock critique - État satisfaisant, contrôle qualité OK",3,3,3,False,False,normal,nuageux
2023-03-09 09:58:40,Hôpital Général Douala,O+,51,7,0,44,4.1,20,92.7,normale,"Bon état général, légère variation température",3,9,3,False,False,normal,ensoleillé
2023-03-09 14:17:44,Hôpital Laquintinie,O+,60,6,0,54,4.8,26,98.8,normale,Attention: proche expiration,3,14,3,False,False,normal,ensoleillé
2023-03-09 21:03:36,Hôpital Général Douala,O+,48,9,0,39,4.6,7,94.7,normale,Parfait pour transfusion immédiate,3,21,3,False,False,normal,orageux
2023-03-09 21:34:34,Hôpital Laquintinie,O+,49,10,20,59,4.1,1,68.2,attention,"Excellent état, conservation parfaite",3,21,3,False,False,normal,pluvieux
2023-03-10 04:28:31,Clinique des Spécialités,O+,24,4,0,20,3.6,4,86.8,normale,Contrôle bactériologique négatif,4,4,3,False,False,normal,orageux
2023-03-10 11:14:07,Clinique des Spécialités,O+,52,6,0,46,4.1,12,97.3,normale,Urgent: vérifier température stockage,4,11,3,False,False,normal,pluvieux
2023-03-10 18:57:05,Hôpital Militaire,O+,53,10,23,66,4.9,5,95.8,normale,"État satisfaisant, contrôle qualité OK",4,18,3,False,False,normal,pluvieux
2023-03-10 21:37:52,Clinique des Spécialités,O+,76,4,0,72,4.6,12,100.0,normale,"État satisfaisant, contrôle qualité OK",4,21,3,False,False,normal,orageux
2023-03-11 00:36:32,Hôpital Laquintinie,O+,18,1,0,17,4.6,18,100.0,faible,Contrôle bactériologique négatif,5,0,3,True,False,normal,pluvieux
2023-03-11 00:44:05,Centre Médical d'Excellence,O+,16,9,0,7,3.3,6,88.7,critique,URGENT: Stock critique - Contrôle bactériologique négatif,5,0,3,True,False,normal,ensoleillé
2023-03-11 01:43:40,Hôpital Laquintinie,O+,23,2,16,37,4.2,6,100.0,normale,Attention: proche expiration,5,1,3,True,False,normal,ensoleillé
2023-03-11 06:15:51,Centre Médical d'Excellence,O+,31,4,0,27,3.7,4,81.9,normale,"Excellent état, conservation parfaite",5,6,3,True,False,normal,nuageux
2023-03-11 14:31:01,Hôpital Militaire,O+,19,8,21,32,3.9,5,100.0,normale,Attention: proche expiration,5,14,3,True,False,normal,nuageux
2023-03-12 05:40:54,Hôpital de District Bonassama,O+,20,9,0,11,3.2,4,84.4,faible,"État satisfaisant, contrôle qualité OK",6,5,3,True,False,normal,ensoleillé
2023-03-12 06:54:07,Hôpital Laquintinie,O+,24,3,22,43,3.7,76,100.0,normale,Contrôle bactériologique négatif,6,6,3,True,False,normal,nuageux
2023-03-12 08:14:45,Hôpital de District Bonassama,O+,40,7,0,33,4.8,13,100.0,normale,Hémoglobine dans les normes,6,8,3,True,False,épidémie,ensoleillé
2023-03-12 11:58:23,Hôpital Militaire,O+,19,5,0,14,3.5,1,61.9,faible,Parfait pour transfusion immédiate,6,11,3,True,False,normal,pluvieux
2023-03-12 15:41:14,Hôpital de District Bonassama,O+,29,2,0,27,4.5,6,98.5,normale,Parfait pour transfusion immédiate,6,15,3,True,False,normal,ensoleillé
2023-03-12 22:21:58,Centre Médical d'Excellence,O+,38,9,0,29,4.4,6,100.0,normale,Hémoglobine dans les normes,6,22,3,True,False,normal,ensoleillé
2023-03-13 00:02:12,Clinique des Spécialités,O+,23,11,0,12,4.1,20,100.0,faible,Attention: proche expiration,0,0,3,False,False,normal,nuageux
2023-03-13 01:23:31,Clinique des Spécialités,O+,0,9,0,0,4.5,72,100.0,critique,"URGENT: Stock critique - État satisfaisant, contrôle qualité OK",0,1,3,False,False,normal,nuageux
2023-03-13 04:43:46,Centre Médical d'Excellence,O+,32,13,0,19,4.5,30,88.4,faible,Urgent: vérifier température stockage,0,4,3,False,False,normal,pluvieux
2023-03-13 05:56:15,Clinique des Spécialités,O+,21,12,0,9,3.7,16,100.0,critique,URGENT: Stock critique - Urgent: vérifier température stockage,0,5,3,False,False,normal,nuageux
2023-03-13 06:20:17,Hôpital Militaire,O+,43,2,0,41,3.9,8,92.9,normale,"Bon état général, légère variation température",0,6,3,False,False,normal,ensoleillé
2023-03-13 09:01:31,Centre Médical d'Excellence,O+,68,10,12,70,3.7,36,100.0,normale,Parfait pour transfusion immédiate,0,9,3,False,False,normal,ensoleillé
2023-03-13 17:39:46,Hôpital de District Bonassama,O+,56,9,21,68,4.5,2,88.5,normale,Hémoglobine dans les normes,0,17,3,False,False,normal,ensoleillé
2023-03-13 18:38:20,Hôpital Laquintinie,O+,32,3,0,29,4.1,1,56.2,attention,Parfait pour transfusion immédiate,0,18,3,False,False,normal,ensoleillé
2023-03-13 19:38:02,Hôpital Général Douala,O+,61,4,0,57,4.1,6,96.2,normale,Contrôle bactériologique négatif,0,19,3,False,False,normal,pluvieux
2023-03-14 00:15:51,Hôpital Laquintinie,O+,32,6,0,26,3.5,18,97.2,normale,Contrôle bactériologique négatif,1,0,3,False,False,normal,nuageux
2023-03-14 01:11:07,Clinique des Spécialités,O+,19,11,18,26,4.1,13,100.0,normale,Urgent: vérifier température stockage,1,1,3,False,False,normal,ensoleillé
2023-03-14 04:05:25,Centre Médical d'Excellence,O+,15,11,0,4,3.5,9,97.6,critique,URGENT: Stock critique - Contrôle bactériologique négatif,1,4,3,False,False,normal,ensoleillé
2023-03-14 12:30:33,Hôpital Général Douala,O+,53,7,0,46,3.7,18,100.0,normale,"État satisfaisant, contrôle qualité OK",1,12,3,False,False,normal,ensoleillé
2023-03-14 18:36:06,Hôpital Militaire,O+,62,5,0,57,4.9,29,100.0,normale,Contrôle bactériologique négatif,1,18,3,False,False,normal,ensoleillé
2023-03-14 20:47:27,Centre Médical d'Excellence,O+,43,7,13,49,3.8,63,100.0,normale,Contrôle bactériologique négatif,1,20,3,False,False,normal,pluvieux
2023-03-14 22:07:09,Hôpital de District Bonassama,O+,68,5,0,63,4.9,52,96.0,normale,Attention: proche expiration,1,22,3,False,False,normal,ensoleillé
2023-03-15 00:56:34,Hôpital de District Bonassama,O+,11,8,21,24,4.7,1,59.6,attention,Attention: proche expiration,2,0,3,False,False,normal,pluvieux
2023-03-15 04:52:02,Hôpital Militaire,O+,27,4,0,23,3.8,29,97.4,normale,Parfait pour transfusion immédiate,2,4,3,False,False,normal,ensoleillé
2023-03-15 06:19:07,Centre Médical d'Excellence,O+,57,12,0,45,3.6,5,95.4,normale,Hémoglobine dans les normes,2,6,3,False,False,normal,pluvieux
2023-03-15 09:01:44,Hôpital de District Bonassama,O+,84,4,0,80,4.4,54,92.3,normale,Hémoglobine dans les normes,2,9,3,False,False,normal,pluvieux
2023-03-15 12:29:46,Hôpital Militaire,O+,48,11,0,37,3.6,41,100.0,normale,Contrôle bactériologique négatif,2,12,3,False,False,normal,pluvieux
2023-03-15 18:44:22,Hôpital Militaire,O+,40,11,0,29,4.7,20,97.5,normale,Hémoglobine dans les normes,2,18,3,False,False,normal,nuageux
2023-03-15 20:35:28,Hôpital de District Bonassama,O+,58,7,25,76,4.1,46,97.2,normale,Parfait pour transfusion immédiate,2,20,3,False,False,normal,nuageux
2023-03-16 03:46:44,Hôpital Laquintinie,O+,30,7,0,23,4.6,39,96.0,normale,"Excellent état, conservation parfaite",3,3,3,False,False,normal,pluvieux
2023-03-16 06:39:12,Hôpital Général Douala,O+,47,10,0,37,4.1,10,96.4,normale,Contrôle bactériologique négatif,3,6,3,False,False,normal,ensoleillé
2023-03-16 07:04:28,Hôpital Laquintinie,O+,0,8,0,0,3.0,26,100.0,critique,"URGENT: Stock critique - Bon état général, légère variation température",3,7,3,False,False,normal,ensoleillé
2023-03-16 08:29:19,Hôpital Militaire,O+,61,2,0,59,4.2,26,94.9,normale,Hémoglobine dans les normes,3,8,3,False,False,normal,ensoleillé
2023-03-16 12:19:55,Centre Médical d'Excellence,O+,54,4,0,50,3.1,14,97.6,normale,Attention: proche expiration,3,12,3,False,False,normal,pluvieux
2023-03-16 13:40:53,Clinique des Spécialités,O+,50,6,0,44,3.7,22,100.0,normale,"Excellent état, conservation parfaite",3,13,3,False,False,normal,ensoleillé
2023-03-16 16:17:14,Clinique des Spécialités,O+,74,10,0,64,5.1,7,87.3,normale,"Excellent état, conservation parfaite",3,16,3,False,False,normal,ensoleillé
2023-03-16 21:39:51,Hôpital Général Douala,O+,45,5,0,40,4.0,10,99.2,normale,Parfait pour transfusion immédiate,3,21,3,False,False,normal,nuageux
2023-03-16 22:59:19,Hôpital Laquintinie,O+,53,7,0,46,2.9,15,100.0,normale,Attention: proche expiration,3,22,3,False,False,normal,ensoleillé
2023-03-17 02:04:34,Hôpital de District Bonassama,O+,13,6,0,7,3.9,95,100.0,critique,URGENT: Stock critique - Contrôle bactériologique négatif,4,2,3,False,False,normal,ensoleillé
2023-03-17 03:58:39,Clinique des Spécialités,O+,26,0,0,26,3.5,6,98.2,normale,Hémoglobine dans les normes,4,3,3,False,False,normal,nuageux
2023-03-17 07:04:17,Hôpital de District Bonassama,O+,63,4,14,73,4.5,14,100.0,normale,"État satisfaisant, contrôle qualité OK",4,7,3,False,False,normal,pluvieux
2023-03-17 13:34:58,Hôpital Laquintinie,O+,33,1,17,49,3.2,48,95.8,normale,Parfait pour transfusion immédiate,4,13,3,False,False,normal,ensoleillé
2023-03-17 18:38:43,Hôpital Laquintinie,O+,39,6,0,33,3.3,19,100.0,normale,Parfait pour transfusion immédiate,4,18,3,False,False,normal,pluvieux
2023-03-18 00:21:35,Hôpital de District Bonassama,O+,16,6,0,10,4.0,1,54.9,faible,"Bon état général, légère variation température",5,0,3,True,False,normal,ensoleillé
2023-03-18 00:56:44,Hôpital Laquintinie,O+,16,2,0,14,3.9,4,95.7,faible,Contrôle bactériologique négatif,5,0,3,True,False,normal,pluvieux
2023-03-18 01:12:09,Hôpital de District Bonassama,O+,20,8,23,35,3.5,24,98.0,normale,Parfait pour transfusion immédiate,5,1,3,True,False,accident_route,ensoleillé
2023-03-18 03:34:35,Hôpital de District Bonassama,O+,24,7,0,17,5.3,1,65.8,faible,"Excellent état, conservation parfaite",5,3,3,True,False,normal,ensoleillé
2023-03-18 11:22:42,Hôpital Militaire,O+,51,0,0,51,3.8,1,61.8,attention,"Bon état général, légère variation température",5,11,3,True,False,normal,ensoleillé
2023-03-18 16:41:58,Clinique des Spécialités,O+,41,8,0,33,4.0,5,100.0,normale,"Bon état général, légère variation température",5,16,3,True,False,normal,ensoleillé
2023-03-18 21:27:58,Centre Médical d'Excellence,O+,55,4,0,51,4.2,9,100.0,normale,Parfait pour transfusion immédiate,5,21,3,True,False,normal,ensoleillé
2023-03-19 00:08:21,Hôpital de District Bonassama,O+,6,8,0,0,3.4,27,94.6,critique,"URGENT: Stock critique - État satisfaisant, contrôle qualité OK",6,0,3,True,False,normal,pluvieux
2023-03-19 00:53:27,Centre Médical d'Excellence,O+,14,7,0,7,4.0,7,92.7,critique,URGENT: Stock critique - Attention: proche expiration,6,0,3,True,False,normal,ensoleillé
2023-03-19 06:27:07,Hôpital Militaire,O+,45,7,0,38,3.2,23,97.0,normale,Urgent: vérifier température stockage,6,6,3,True,False,normal,nuageux
2023-03-19 13:38:46,Clinique des Spécialités,O+,31,7,0,24,4.4,1,69.0,attention,"Excellent état, conservation parfaite",6,13,3,True,False,épidémie,nuageux
2023-03-19 20:33:20,Hôpital Militaire,O+,29,7,0,22,4.0,10,99.8,normale,Attention: proche expiration,6,20,3,True,False,normal,ensoleillé
2023-03-20 00:09:38,Hôpital Militaire,O+,20,7,15,28,4.1,29,100.0,normale,Urgent: vérifier température stockage,0,0,3,False,False,normal,orageux
2023-03-20 00:40:07,Centre Médical d'Excellence,O+,25,10,0,15,4.2,5,95.0,faible,"Excellent état, conservation parfaite",0,0,3,False,False,normal,ensoleillé
2023-03-20 05:56:33,Clinique des Spécialités,O+,13,11,19,21,3.8,1,58.4,attention,"Excellent état, conservation parfaite",0,5,3,False,False,normal,ensoleillé
2023-03-20 06:01:34,Hôpital Militaire,O+,68,12,28,84,3.8,8,97.7,normale,"Bon état général, légère variation température",0,6,3,False,False,normal,pluvieux
2023-03-20 11:42:54,Hôpital de District Bonassama,O+,53,10,0,43,4.4,14,100.0,normale,Hémoglobine dans les normes,0,11,3,False,False,normal,orageux
2023-03-20 20:25:28,Hôpital de District Bonassama,O+,32,4,24,52,3.1,4,93.5,normale,Parfait pour transfusion immédiate,0,20,3,False,False,normal,ensoleillé
2023-03-21 05:24:42,Hôpital Militaire,O+,25,7,0,18,4.0,31,86.6,faible,"Excellent état, conservation parfaite",1,5,3,False,False,normal,ensoleillé
2023-03-21 06:06:54,Hôpital Militaire,O+,86,4,0,82,3.7,20,94.5,normale,Attention: proche expiration,1,6,3,False,False,normal,ensoleillé
2023-03-21 12:01:26,Hôpital Militaire,O+,56,8,0,48,3.6,27,93.9,normale,Hémoglobine dans les normes,1,12,3,False,False,normal,pluvieux
2023-03-21 12:07:14,Hôpital Militaire,O+,51,14,0,37,3.8,6,100.0,normale,Attention: proche expiration,1,12,3,False,False,normal,pluvieux
2023-03-21 19:28:22,Hôpital Général Douala,O+,49,4,0,45,3.8,1,60.1,attention,Attention: proche expiration,1,19,3,False,False,normal,nuageux
2023-03-21 19:55:58,Clinique des Spécialités,O+,35,4,0,31,3.4,3,88.1,normale,Parfait pour transfusion immédiate,1,19,3,False,False,normal,pluvieux
2023-03-21 22:24:52,Centre Médical d'Excellence,O+,48,4,0,44,3.7,29,100.0,normale,"Excellent état, conservation parfaite",1,22,3,False,False,normal,orageux
2023-03-22 02:08:43,Hôpital Militaire,O+,22,5,0,17,4.3,6,100.0,faible,Parfait pour transfusion immédiate,2,2,3,False,False,normal,ensoleillé
2023-03-22 10:33:48,Centre Médical d'Excellence,O+,69,7,0,62,3.6,12,96.1,normale,Attention: proche expiration,2,10,3,False,False,normal,pluvieux
2023-03-22 11:12:02,Hôpital Militaire,O+,37,5,0,32,3.4,20,99.6,normale,Contrôle bactériologique négatif,2,11,3,False,False,normal,pluvieux
2023-03-22 14:33:27,Clinique des Spécialités,O+,66,8,0,58,3.7,8,100.0,normale,Attention: proche expiration,2,14,3,False,False,normal,ensoleillé
2023-03-22 15:03:26,Clinique des Spécialités,O+,43,8,0,35,4.6,16,100.0,normale,Parfait pour transfusion immédiate,2,15,3,False,False,normal,ensoleillé
2023-03-22 17:58:36,Hôpital Militaire,O+,64,8,0,56,4.2,10,100.0,normale,Contrôle bactériologique négatif,2,17,3,False,False,normal,orageux
2023-03-22 18:30:02,Hôpital Général Douala,O+,62,4,0,58,3.8,46,99.0,normale,Hémoglobine dans les normes,2,18,3,False,False,normal,orageux
2023-03-22 21:19:57,Hôpital Laquintinie,O+,40,9,0,31,3.7,8,100.0,normale,"Bon état général, légère variation température",2,21,3,False,False,normal,ensoleillé
2023-03-22 21:59:59,Hôpital de District Bonassama,O+,24,7,25,42,4.2,15,98.7,normale,Hémoglobine dans les normes,2,21,3,False,False,normal,nuageux
2023-03-22 22:58:59,Centre Médical d'Excellence,O+,53,6,15,62,5.0,20,100.0,normale,Contrôle bactériologique négatif,2,22,3,False,False,normal,nuageux
2023-03-22 23:38:43,Hôpital Militaire,O+,23,5,0,18,3.6,15,92.3,faible,Parfait pour transfusion immédiate,2,23,3,False,False,normal,ensoleillé
2023-03-23 12:47:55,Hôpital Militaire,O+,64,2,0,62,4.4,16,100.0,normale,Parfait pour transfusion immédiate,3,12,3,False,False,normal,pluvieux
2023-03-23 12:55:20,Centre Médical d'Excellence,O+,62,1,0,61,3.9,2,78.5,normale,Contrôle bactériologique négatif,3,12,3,False,False,normal,pluvieux
2023-03-23 13:02:17,Hôpital Général Douala,O+,62,6,0,56,3.4,10,95.3,normale,Parfait pour transfusion immédiate,3,13,3,False,False,normal,pluvieux
2023-03-23 18:29:18,Hôpital Laquintinie,O+,58,15,0,43,4.4,10,100.0,normale,Contrôle bactériologique négatif,3,18,3,False,False,normal,nuageux
2023-03-23 19:09:54,Hôpital Général Douala,O+,54,7,0,47,5.0,3,82.7,normale,"État satisfaisant, contrôle qualité OK",3,19,3,False,False,normal,pluvieux
2023-03-24 03:17:00,Hôpital de District Bonassama,O+,27,10,0,17,4.8,41,98.1,faible,Contrôle bactériologique négatif,4,3,3,False,False,normal,pluvieux
2023-03-24 11:28:30,Hôpital Général Douala,O+,38,6,20,52,4.8,2,88.3,normale,Hémoglobine dans les normes,4,11,3,False,False,normal,pluvieux
2023-03-24 14:01:20,Hôpital Militaire,O+,63,9,0,54,3.5,1,55.9,attention,Hémoglobine dans les normes,4,14,3,False,False,normal,ensoleillé
2023-03-24 14:37:03,Hôpital Militaire,O+,33,4,0,29,4.1,22,100.0,normale,Urgent: vérifier température stockage,4,14,3,False,False,normal,orageux
2023-03-24 14:42:24,Hôpital Général Douala,O+,34,9,0,25,4.3,19,100.0,normale,Urgent: vérifier température stockage,4,14,3,False,False,normal,ensoleillé
2023-03-24 20:22:48,Hôpital Général Douala,O+,21,8,0,13,4.1,9,100.0,faible,Urgent: vérifier température stockage,4,20,3,False,False,normal,ensoleillé
2023-03-24 21:30:59,Hôpital Militaire,O+,42,7,0,35,5.2,7,100.0,normale,Attention: proche expiration,4,21,3,False,False,normal,ensoleillé
2023-03-24 23:47:42,Hôpital Laquintinie,O+,28,5,0,23,4.1,32,100.0,normale,Contrôle bactériologique négatif,4,23,3,False,False,normal,orageux
2023-03-25 10:37:26,Clinique des Spécialités,O+,27,2,25,50,4.5,10,100.0,normale,Attention: proche expiration,5,10,3,True,False,normal,ensoleillé
2023-03-25 11:59:31,Hôpital Général Douala,O+,31,9,0,22,3.3,1,60.5,attention,Hémoglobine dans les normes,5,11,3,True,False,normal,ensoleillé
2023-03-25 12:54:38,Hôpital Militaire,O+,39,7,0,32,4.1,2,86.0,normale,Contrôle bactériologique négatif,5,12,3,True,False,normal,ensoleillé
2023-03-25 14:29:44,Hôpital Laquintinie,O+,28,6,0,22,3.8,11,99.7,normale,Hémoglobine dans les normes,5,14,3,True,False,normal,orageux
2023-03-25 16:11:52,Centre Médical d'Excellence,O+,23,7,18,34,3.9,11,100.0,normale,Urgent: vérifier température stockage,5,16,3,True,False,normal,nuageux
2023-03-25 18:10:42,Hôpital Général Douala,O+,40,0,19,59,4.4,4,75.9,normale,"État satisfaisant, contrôle qualité OK",5,18,3,True,False,normal,pluvieux
2023-03-25 21:10:55,Clinique des Spécialités,O+,36,5,0,31,4.0,10,99.9,normale,Parfait pour transfusion immédiate,5,21,3,True,False,normal,ensoleillé
2023-03-25 21:25:20,Clinique des Spécialités,O+,45,4,19,60,3.9,4,76.1,normale,Contrôle bactériologique négatif,5,21,3,True,False,normal,ensoleillé
2023-03-26 01:19:51,Hôpital Militaire,O+,14,7,0,7,3.4,15,97.6,critique,URGENT: Stock critique - Hémoglobine dans les normes,6,1,3,True,False,normal,ensoleillé
2023-03-26 02:18:12,Hôpital Militaire,O+,18,4,22,36,5.1,8,100.0,normale,"Bon état général, légère variation température",6,2,3,True,False,normal,nuageux
2023-03-26 04:30:12,Hôpital Militaire,O+,14,5,0,9,4.5,67,100.0,critique,"URGENT: Stock critique - Bon état général, légère variation température",6,4,3,True,False,normal,nuageux
2023-03-26 10:28:18,Clinique des Spécialités,O+,30,3,22,49,3.6,13,100.0,normale,"Bon état général, légère variation température",6,10,3,True,False,normal,pluvieux
2023-03-26 15:29:34,Hôpital Militaire,O+,35,4,17,48,4.6,7,99.4,normale,Parfait pour transfusion immédiate,6,15,3,True,False,normal,ensoleillé
2023-03-26 15:50:00,Hôpital Laquintinie,O+,43,6,0,37,4.0,6,100.0,normale,"Excellent état, conservation parfaite",6,15,3,True,False,normal,pluvieux
2023-03-26 16:42:50,Hôpital Laquintinie,O+,27,5,26,48,4.2,33,95.5,normale,Contrôle bactériologique négatif,6,16,3,True,False,normal,orageux
2023-03-26 20:00:23,Centre Médical d'Excellence,O+,26,5,0,21,4.4,3,92.8,normale,"Excellent état, conservation parfaite",6,20,3,True,False,normal,ensoleillé
2023-03-26 20:42:11,Centre Médical d'Excellence,O+,32,4,0,28,4.0,29,97.6,normale,Hémoglobine dans les normes,6,20,3,True,False,normal,ensoleillé
2023-03-27 02:04:05,Hôpital Laquintinie,O+,14,4,0,10,3.4,10,94.4,faible,Parfait pour transfusion immédiate,0,2,3,False,False,normal,orageux
2023-03-27 04:02:19,Centre Médical d'Excellence,O+,11,3,23,31,4.0,18,100.0,normale,Urgent: vérifier température stockage,0,4,3,False,False,accident_route,ensoleillé
2023-03-27 07:20:54,Hôpital Général Douala,O+,50,9,0,41,4.3,14,90.7,normale,Hémoglobine dans les normes,0,7,3,False,False,normal,orageux
2023-03-27 11:41:59,Hôpital de District Bonassama,O+,48,10,0,38,4.1,4,82.0,normale,Attention: proche expiration,0,11,3,False,False,épidémie,ensoleillé
2023-03-27 16:59:38,Hôpital de District Bonassama,O+,31,9,21,43,4.4,26,98.7,normale,"Bon état général, légère variation température",0,16,3,False,False,normal,ensoleillé
2023-03-27 21:38:43,Centre Médical d'Excellence,O+,19,11,0,8,4.1,8,96.7,critique,URGENT: Stock critique - Attention: proche expiration,0,21,3,False,False,normal,ensoleillé
2023-03-28 02:17:53,Hôpital Laquintinie,O+,42,12,15,45,4.0,3,91.6,normale,Contrôle bactériologique négatif,1,2,3,False,False,normal,pluvieux
2023-03-28 08:03:38,Hôpital de District Bonassama,O+,71,3,0,68,3.9,1,57.9,attention,Attention: proche expiration,1,8,3,False,False,normal,pluvieux
2023-03-28 16:58:54,Hôpital Militaire,O+,53,5,0,48,3.5,1,58.9,attention,Parfait pour transfusion immédiate,1,16,3,False,False,normal,nuageux
2023-03-28 23:13:29,Centre Médical d'Excellence,O+,34,2,10,42,4.8,34,100.0,normale,Hémoglobine dans les normes,1,23,3,False,False,normal,ensoleillé
2023-03-29 00:26:15,Hôpital Laquintinie,O+,26,6,0,20,3.4,1,61.2,attention,Hémoglobine dans les normes,2,0,3,False,False,normal,pluvieux
2023-03-29 01:00:06,Hôpital Militaire,O+,26,10,0,16,3.5,33,100.0,faible,Attention: proche expiration,2,1,3,False,False,normal,pluvieux
2023-03-29 10:45:55,Hôpital de District Bonassama,O+,58,12,0,46,4.8,18,100.0,normale,Hémoglobine dans les normes,2,10,3,False,False,normal,ensoleillé
2023-03-29 13:18:40,Hôpital de District Bonassama,O+,34,9,0,25,3.5,6,98.1,normale,Parfait pour transfusion immédiate,2,13,3,False,False,normal,pluvieux
2023-03-29 13:53:17,Hôpital Général Douala,O+,66,6,0,60,4.5,39,100.0,normale,Urgent: vérifier température stockage,2,13,3,False,False,normal,ensoleillé
2023-03-29 14:49:05,Centre Médical d'Excellence,O+,36,9,29,56,4.6,3,82.8,normale,"Excellent état, conservation parfaite",2,14,3,False,False,normal,nuageux
2023-03-29 15:03:06,Centre Médical d'Excellence,O+,82,5,0,77,3.9,51,99.3,normale,Hémoglobine dans les normes,2,15,3,False,False,normal,ensoleillé
2023-03-29 16:17:46,Hôpital Militaire,O+,56,4,0,52,3.4,5,100.0,normale,"Bon état général, légère variation température",2,16,3,False,False,normal,ensoleillé
2023-03-29 18:38:52,Centre Médical d'Excellence,O+,55,10,19,64,4.5,5,100.0,normale,Parfait pour transfusion immédiate,2,18,3,False,False,normal,nuageux
2023-03-29 20:20:58,Hôpital de District Bonassama,O+,28,8,20,40,4.6,16,97.5,normale,"Excellent état, conservation parfaite",2,20,3,False,False,normal,pluvieux
2023-03-30 02:19:20,Clinique des Spécialités,O+,32,7,0,25,3.9,9,100.0,normale,"Bon état général, légère variation température",3,2,3,False,False,normal,orageux
2023-03-30 08:26:24,Hôpital Laquintinie,O+,40,9,15,46,4.3,9,100.0,normale,Attention: proche expiration,3,8,3,False,False,normal,ensoleillé
2023-03-30 13:56:00,Hôpital Militaire,O+,78,3,24,99,3.3,19,100.0,normale,Attention: proche expiration,3,13,3,False,False,normal,pluvieux
2023-03-30 14:20:32,Hôpital Militaire,O+,43,5,0,38,3.6,7,100.0,normale,Parfait pour transfusion immédiate,3,14,3,False,False,normal,ensoleillé
2023-03-30 15:08:37,Hôpital Militaire,O+,85,7,0,78,4.0,6,98.0,normale,Contrôle bactériologique négatif,3,15,3,False,False,normal,nuageux
2023-03-30 17:51:34,Clinique des Spécialités,O+,37,5,0,32,3.7,25,100.0,normale,Hémoglobine dans les normes,3,17,3,False,False,normal,nuageux
2023-03-31 03:32:22,Hôpital Militaire,O+,30,0,14,44,3.9,2,85.6,normale,Contrôle bactériologique négatif,4,3,3,False,False,normal,nuageux
2023-03-31 10:54:36,Clinique des Spécialités,O+,28,9,0,19,4.4,30,100.0,faible,Hémoglobine dans les normes,4,10,3,False,False,accident_route,nuageux
2023-03-31 19:49:44,Hôpital Laquintinie,O+,52,10,0,42,3.8,36,100.0,normale,Attention: proche expiration,4,19,3,False,False,normal,pluvieux
2023-04-01 01:30:13,Centre Médical d'Excellence,O+,20,3,0,17,4.4,22,100.0,faible,Attention: proche expiration,5,1,4,True,False,normal,pluvieux
2023-04-01 10:58:22,Hôpital Militaire,O+,26,5,18,39,4.2,22,100.0,normale,"Excellent état, conservation parfaite",5,10,4,True,False,normal,nuageux
2023-04-01 12:30:05,Hôpital Laquintinie,O+,60,5,0,55,4.0,22,100.0,normale,Contrôle bactériologique négatif,5,12,4,True,False,normal,ensoleillé
2023-04-01 19:14:20,Hôpital Général Douala,O+,31,5,19,45,4.1,11,98.2,normale,Parfait pour transfusion immédiate,5,19,4,True,False,normal,ensoleillé
2023-04-02 09:07:49,Clinique des Spécialités,O+,43,5,0,38,4.0,36,100.0,normale,Contrôle bactériologique négatif,6,9,4,True,False,normal,ensoleillé
2023-04-02 09:12:43,Centre Médical d'Excellence,O+,39,5,0,34,4.7,24,100.0,normale,Hémoglobine dans les normes,6,9,4,True,False,normal,nuageux
2023-04-02 09:21:13,Centre Médical d'Excellence,O+,30,3,0,27,4.5,5,100.0,normale,"État satisfaisant, contrôle qualité OK",6,9,4,True,False,normal,ensoleillé
2023-04-02 13:07:30,Clinique des Spécialités,O+,45,7,25,63,4.6,1,57.6,attention,"Bon état général, légère variation température",6,13,4,True,False,normal,ensoleillé
2023-04-02 16:54:49,Hôpital Laquintinie,O+,20,6,0,14,4.4,18,100.0,faible,"État satisfaisant, contrôle qualité OK",6,16,4,True,False,normal,pluvieux
2023-04-02 22:52:09,Centre Médical d'Excellence,O+,30,4,0,26,4.4,11,96.5,normale,Hémoglobine dans les normes,6,22,4,True,False,normal,orageux
2023-04-03 01:19:07,Hôpital Laquintinie,O+,23,4,0,19,4.3,34,100.0,faible,"Bon état général, légère variation température",0,1,4,False,False,normal,ensoleillé
2023-04-03 04:06:43,Centre Médical d'Excellence,O+,37,5,0,32,3.5,7,94.1,normale,Contrôle bactériologique négatif,0,4,4,False,False,normal,pluvieux
2023-04-03 08:14:04,Hôpital de District Bonassama,O+,64,9,0,55,4.0,7,97.9,normale,Contrôle bactériologique négatif,0,8,4,False,False,normal,pluvieux
2023-04-03 09:11:21,Centre Médical d'Excellence,O+,58,7,0,51,3.1,12,100.0,normale,"Excellent état, conservation parfaite",0,9,4,False,False,normal,nuageux
2023-04-03 12:39:07,Centre Médical d'Excellence,O+,17,9,0,8,3.3,1,53.2,critique,URGENT: Stock critique - Parfait pour transfusion immédiate,0,12,4,False,False,normal,ensoleillé
2023-04-03 16:42:30,Hôpital Militaire,O+,27,10,22,39,4.4,24,95.7,normale,"Excellent état, conservation parfaite",0,16,4,False,False,normal,pluvieux
2023-04-03 17:38:58,Hôpital Laquintinie,O+,41,11,0,30,4.1,4,81.6,normale,"Excellent état, conservation parfaite",0,17,4,False,False,normal,pluvieux
2023-04-03 18:51:00,Hôpital Général Douala,O+,70,4,0,66,4.7,26,100.0,normale,Hémoglobine dans les normes,0,18,4,False,False,normal,ensoleillé
2023-04-03 22:41:47,Hôpital Général Douala,O+,41,4,0,37,4.1,42,95.8,normale,Hémoglobine dans les normes,0,22,4,False,False,normal,nuageux
2023-04-04 09:45:38,Hôpital Laquintinie,O+,36,5,0,31,3.5,1,50.8,attention,Contrôle bactériologique négatif,1,9,4,False,False,normal,pluvieux
2023-04-04 12:16:40,Hôpital de District Bonassama,O+,32,11,0,21,3.7,1,56.0,attention,Attention: proche expiration,1,12,4,False,False,normal,pluvieux
2023-04-04 16:47:04,Clinique des Spécialités,O+,52,14,0,38,3.7,16,98.5,normale,"Excellent état, conservation parfaite",1,16,4,False,False,normal,ensoleillé
2023-04-04 19:03:09,Hôpital de District Bonassama,O+,35,4,0,31,4.5,7,100.0,normale,"État satisfaisant, contrôle qualité OK",1,19,4,False,False,normal,pluvieux
2023-04-04 20:23:01,Hôpital Laquintinie,O+,54,8,26,72,5.6,1,75.8,normale,Hémoglobine dans les normes,1,20,4,False,False,accident_route,ensoleillé
2023-04-05 01:49:50,Hôpital Militaire,O+,29,6,11,34,4.6,12,100.0,normale,Contrôle bactériologique négatif,2,1,4,False,False,normal,nuageux
2023-04-05 08:51:48,Hôpital Militaire,O+,58,8,25,75,4.7,15,100.0,normale,"État satisfaisant, contrôle qualité OK",2,8,4,False,False,normal,pluvieux
2023-04-05 11:31:27,Hôpital de District Bonassama,O+,86,1,16,101,5.1,8,99.0,normale,"État satisfaisant, contrôle qualité OK",2,11,4,False,False,normal,nuageux
2023-04-05 13:55:06,Hôpital Laquintinie,O+,46,8,24,62,4.0,9,100.0,normale,"État satisfaisant, contrôle qualité OK",2,13,4,False,False,normal,ensoleillé
2023-04-05 15:23:40,Centre Médical d'Excellence,O+,30,9,0,21,4.2,10,96.5,normale,"Excellent état, conservation parfaite",2,15,4,False,False,normal,pluvieux
2023-04-05 17:40:51,Centre Médical d'Excellence,O+,53,5,0,48,5.2,11,100.0,normale,Parfait pour transfusion immédiate,2,17,4,False,False,normal,pluvieux
2023-04-05 22:43:15,Hôpital Général Douala,O+,52,5,24,71,3.1,14,95.9,normale,"État satisfaisant, contrôle qualité OK",2,22,4,False,False,normal,nuageux
2023-04-05 23:54:43,Hôpital de District Bonassama,O+,20,7,0,13,4.3,9,100.0,faible,Hémoglobine dans les normes,2,23,4,False,False,normal,pluvieux
2023-04-06 09:46:36,Centre Médical d'Excellence,O+,54,5,0,49,4.0,23,99.9,normale,Attention: proche expiration,3,9,4,False,False,normal,pluvieux
2023-04-06 13:18:14,Hôpital Militaire,O+,44,11,24,57,3.7,3,79.3,normale,Urgent: vérifier température stockage,3,13,4,False,False,normal,nuageux
2023-04-07 05:20:32,Hôpital Laquintinie,O+,23,9,0,14,4.5,10,98.0,faible,"Excellent état, conservation parfaite",4,5,4,False,False,normal,ensoleillé
2023-04-07 09:46:30,Hôpital de District Bonassama,O+,59,5,0,54,4.8,12,100.0,normale,Contrôle bactériologique négatif,4,9,4,False,False,normal,ensoleillé
2023-04-07 10:27:01,Clinique des Spécialités,O+,48,6,0,42,2.9,1,60.8,attention,"État satisfaisant, contrôle qualité OK",4,10,4,False,False,normal,ensoleillé
2023-04-07 14:19:24,Hôpital Général Douala,O+,48,8,22,62,3.7,5,100.0,normale,Attention: proche expiration,4,14,4,False,False,normal,pluvieux
2023-04-08 03:01:32,Clinique des Spécialités,O+,16,5,19,30,3.7,1,61.0,attention,"Bon état général, légère variation température",5,3,4,True,False,normal,orageux
2023-04-08 04:22:20,Hôpital de District Bonassama,O+,23,7,0,16,4.0,29,97.9,faible,Parfait pour transfusion immédiate,5,4,4,True,False,normal,pluvieux
2023-04-08 04:29:32,Hôpital Général Douala,O+,21,5,0,16,4.5,5,92.9,faible,Urgent: vérifier température stockage,5,4,4,True,False,normal,ensoleillé
2023-04-08 12:02:08,Hôpital Laquintinie,O+,15,3,0,12,3.8,97,100.0,faible,Attention: proche expiration,5,12,4,True,False,normal,ensoleillé
2023-04-08 17:49:26,Clinique des Spécialités,O+,32,6,0,26,4.0,25,100.0,normale,"Bon état général, légère variation température",5,17,4,True,False,normal,nuageux
2023-04-08 21:54:10,Hôpital Militaire,O+,22,3,0,19,4.5,3,93.9,faible,Attention: proche expiration,5,21,4,True,False,normal,pluvieux
2023-04-09 00:36:35,Centre Médical d'Excellence,O+,8,6,23,25,3.5,3,89.3,normale,"Excellent état, conservation parfaite",6,0,4,True,False,normal,nuageux
2023-04-09 01:08:05,Clinique des Spécialités,O+,15,4,0,11,4.0,11,100.0,faible,Hémoglobine dans les normes,6,1,4,True,False,normal,nuageux
2023-04-09 03:18:54,Hôpital Laquintinie,O+,16,6,0,10,3.9,5,99.0,faible,Parfait pour transfusion immédiate,6,3,4,True,False,normal,ensoleillé
2023-04-09 06:10:59,Hôpital Militaire,O+,45,7,0,38,4.6,11,100.0,normale,"Excellent état, conservation parfaite",6,6,4,True,False,normal,ensoleillé
2023-04-09 08:11:16,Hôpital Militaire,O+,19,5,0,14,3.8,1,53.2,faible,Parfait pour transfusion immédiate,6,8,4,True,False,normal,ensoleillé
2023-04-09 08:53:39,Hôpital de District Bonassama,O+,48,4,0,44,3.3,11,96.8,normale,Attention: proche expiration,6,8,4,True,False,normal,ensoleillé
2023-04-09 10:27:11,Centre Médical d'Excellence,O+,42,6,23,59,3.5,19,95.1,normale,Attention: proche expiration,6,10,4,True,False,normal,ensoleillé
2023-04-09 12:01:19,Hôpital Militaire,O+,24,5,0,19,4.1,1,57.6,faible,"Excellent état, conservation parfaite",6,12,4,True,False,normal,nuageux
2023-04-09 14:14:01,Hôpital Militaire,O+,47,5,0,42,4.5,4,83.9,normale,"État satisfaisant, contrôle qualité OK",6,14,4,True,False,normal,ensoleillé
2023-04-09 18:52:12,Hôpital Militaire,O+,40,6,0,34,4.1,1,54.3,attention,Attention: proche expiration,6,18,4,True,False,normal,nuageux
2023-04-09 19:03:20,Hôpital Général Douala,O+,28,5,18,41,3.8,12,100.0,normale,Attention: proche expiration,6,19,4,True,False,normal,orageux
2023-04-09 19:36:26,Clinique des Spécialités,O+,36,5,0,31,3.8,25,99.5,normale,"État satisfaisant, contrôle qualité OK",6,19,4,True,False,normal,pluvieux
2023-04-09 21:28:50,Hôpital Laquintinie,O+,9,7,27,29,4.2,1,59.3,attention,Hémoglobine dans les normes,6,21,4,True,False,normal,orageux
2023-04-10 00:11:28,Hôpital de District Bonassama,O+,28,8,12,32,3.5,11,100.0,normale,Parfait pour transfusion immédiate,0,0,4,False,False,normal,ensoleillé
2023-04-10 02:33:25,Hôpital Laquintinie,O+,25,7,25,43,4.0,1,53.1,attention,Attention: proche expiration,0,2,4,False,False,normal,ensoleillé
2023-04-10 03:46:36,Hôpital de District Bonassama,O+,16,4,29,41,4.3,5,100.0,normale,"Bon état général, légère variation température",0,3,4,False,False,normal,nuageux
2023-04-10 07:31:05,Clinique des Spécialités,O+,27,6,0,21,2.9,6,100.0,normale,Parfait pour transfusion immédiate,0,7,4,False,False,normal,nuageux
2023-04-10 09:24:01,Hôpital de District Bonassama,O+,41,8,0,33,4.8,1,63.6,attention,Hémoglobine dans les normes,0,9,4,False,False,normal,ensoleillé
2023-04-10 09:59:35,Hôpital Général Douala,O+,57,9,0,48,4.0,23,99.6,normale,Urgent: vérifier température stockage,0,9,4,False,False,normal,ensoleillé
2023-04-10 12:20:39,Hôpital Général Douala,O+,61,6,0,55,4.1,36,93.1,normale,"État satisfaisant, contrôle qualité OK",0,12,4,False,False,normal,ensoleillé
2023-04-11 04:08:36,Hôpital Militaire,O+,22,5,0,17,3.1,52,98.4,faible,Parfait pour transfusion immédiate,1,4,4,False,False,normal,ensoleillé
2023-04-11 05:08:10,Hôpital Général Douala,O+,24,9,0,15,3.6,11,91.7,faible,Attention: proche expiration,1,5,4,False,False,normal,ensoleillé
2023-04-11 12:13:37,Hôpital Militaire,O+,48,11,0,37,3.5,17,94.2,normale,Urgent: vérifier température stockage,1,12,4,False,False,normal,ensoleillé
2023-04-11 12:50:02,Hôpital Général Douala,O+,28,7,0,21,4.2,2,87.0,normale,Hémoglobine dans les normes,1,12,4,False,False,normal,ensoleillé
2023-04-11 23:54:00,Hôpital Laquintinie,O+,21,10,0,11,4.3,13,100.0,faible,"Bon état général, légère variation température",1,23,4,False,False,normal,ensoleillé
2023-04-12 04:49:42,Clinique des Spécialités,O+,19,6,0,13,3.8,19,100.0,faible,"Bon état général, légère variation température",2,4,4,False,False,normal,ensoleillé
2023-04-12 08:27:19,Centre Médical d'Excellence,O+,48,11,0,37,3.8,37,99.7,normale,Contrôle bactériologique négatif,2,8,4,False,False,normal,nuageux
2023-04-12 23:46:54,Hôpital Militaire,O+,8,2,26,32,4.1,22,100.0,normale,"État satisfaisant, contrôle qualité OK",2,23,4,False,False,normal,pluvieux
2023-04-13 22:32:36,Hôpital de District Bonassama,O+,36,10,0,26,4.8,1,52.5,attention,Contrôle bactériologique négatif,3,22,4,False,False,normal,ensoleillé
2023-04-13 22:43:24,Hôpital de District Bonassama,O+,69,4,0,65,4.0,3,85.9,normale,"État satisfaisant, contrôle qualité OK",3,22,4,False,False,normal,ensoleillé
2023-04-14 11:49:06,Clinique des Spécialités,O+,90,9,22,103,4.2,21,100.0,normale,Attention: proche expiration,4,11,4,False,False,normal,nuageux
2023-04-14 11:56:19,Clinique des Spécialités,O+,62,11,22,73,4.0,3,87.9,normale,Contrôle bactériologique négatif,4,11,4,False,False,normal,ensoleillé
2023-04-14 13:26:35,Hôpital Militaire,O+,34,10,0,24,4.0,1,55.3,attention,"Excellent état, conservation parfaite",4,13,4,False,False,normal,nuageux
2023-04-14 14:22:24,Centre Médical d'Excellence,O+,41,5,0,36,2.8,25,99.4,normale,Parfait pour transfusion immédiate,4,14,4,False,False,normal,nuageux
2023-04-14 15:56:54,Hôpital Général Douala,O+,41,2,0,39,3.6,1,55.5,attention,Parfait pour transfusion immédiate,4,15,4,False,False,normal,orageux
2023-04-14 17:34:58,Hôpital de District Bonassama,O+,55,2,0,53,4.3,5,100.0,normale,Attention: proche expiration,4,17,4,False,False,normal,pluvieux
2023-04-14 22:16:08,Centre Médical d'Excellence,O+,76,6,23,93,4.5,12,95.5,normale,Contrôle bactériologique négatif,4,22,4,False,False,normal,pluvieux
2023-04-15 00:02:57,Clinique des Spécialités,O+,10,5,0,5,3.5,49,100.0,critique,URGENT: Stock critique - Contrôle bactériologique négatif,5,0,4,True,False,normal,pluvieux
2023-04-15 07:09:55,Clinique des Spécialités,O+,43,7,0,36,4.0,15,95.4,normale,Parfait pour transfusion immédiate,5,7,4,True,False,normal,ensoleillé
2023-04-15 11:22:57,Hôpital Général Douala,O+,33,2,0,31,3.8,1,63.9,attention,Parfait pour transfusion immédiate,5,11,4,True,False,normal,ensoleillé
2023-04-15 14:03:44,Hôpital Laquintinie,O+,45,2,0,43,4.2,4,88.7,normale,"Bon état général, légère variation température",5,14,4,True,False,campagne_don,ensoleillé
2023-04-15 17:52:45,Clinique des Spécialités,O+,39,3,0,36,3.7,17,98.7,normale,Attention: proche expiration,5,17,4,True,False,normal,nuageux
2023-04-16 01:09:46,Hôpital Général Douala,O+,15,3,0,12,4.2,24,100.0,faible,"État satisfaisant, contrôle qualité OK",6,1,4,True,False,normal,pluvieux
2023-04-16 04:53:38,Hôpital de District Bonassama,O+,9,5,0,4,4.3,22,100.0,critique,"URGENT: Stock critique - État satisfaisant, contrôle qualité OK",6,4,4,True,False,normal,ensoleillé
2023-04-16 05:58:24,Hôpital de District Bonassama,O+,17,8,0,9,5.0,19,100.0,critique,"URGENT: Stock critique - Excellent état, conservation parfaite",6,5,4,True,False,normal,nuageux
2023-04-16 08:45:19,Centre Médical d'Excellence,O+,32,3,0,29,3.2,3,91.5,normale,"Excellent état, conservation parfaite",6,8,4,True,False,normal,pluvieux
2023-04-16 11:47:32,Hôpital Laquintinie,O+,18,6,0,12,4.3,1,61.4,faible,"Bon état général, légère variation température",6,11,4,True,False,normal,ensoleillé
2023-04-16 19:39:20,Hôpital Militaire,O+,28,5,19,42,4.9,5,100.0,normale,"Excellent état, conservation parfaite",6,19,4,True,False,normal,pluvieux
2023-04-16 20:33:07,Centre Médical d'Excellence,O+,20,3,19,36,3.4,14,95.8,normale,Attention: proche expiration,6,20,4,True,False,normal,pluvieux
2023-04-17 03:12:24,Clinique des Spécialités,O+,18,6,26,38,4.0,23,100.0,normale,Hémoglobine dans les normes,0,3,4,False,False,normal,ensoleillé
2023-04-17 03:43:48,Hôpital Militaire,O+,20,8,15,27,5.6,19,100.0,normale,"Bon état général, légère variation température",0,3,4,False,False,normal,pluvieux
2023-04-17 04:58:01,Hôpital Laquintinie,O+,33,12,18,39,4.0,1,68.2,attention,"État satisfaisant, contrôle qualité OK",0,4,4,False,False,normal,pluvieux
2023-04-17 04:59:28,Clinique des Spécialités,O+,36,6,0,30,3.8,14,100.0,normale,Contrôle bactériologique négatif,0,4,4,False,False,normal,ensoleillé
2023-04-17 22:21:22,Hôpital de District Bonassama,O+,32,7,21,46,4.0,4,89.3,normale,"État satisfaisant, contrôle qualité OK",0,22,4,False,False,normal,ensoleillé
2023-04-18 08:45:36,Clinique des Spécialités,O+,40,15,23,48,3.8,14,93.6,normale,"Bon état général, légère variation température",1,8,4,False,False,normal,nuageux
2023-04-18 21:41:09,Clinique des Spécialités,O+,48,9,0,39,3.9,27,93.1,normale,Parfait pour transfusion immédiate,1,21,4,False,False,normal,ensoleillé
2023-04-18 23:52:38,Hôpital Laquintinie,O+,26,0,27,53,4.1,20,100.0,normale,Urgent: vérifier température stockage,1,23,4,False,False,normal,pluvieux
2023-04-19 00:27:54,Centre Médical d'Excellence,O+,24,3,0,21,4.1,18,100.0,normale,Contrôle bactériologique négatif,2,0,4,False,False,normal,ensoleillé
2023-04-19 08:08:48,Clinique des Spécialités,O+,56,7,0,49,3.9,6,100.0,normale,"Bon état général, légère variation température",2,8,4,False,False,normal,ensoleillé
2023-04-20 04:16:32,Hôpital Laquintinie,O+,35,10,18,43,3.6,1,60.6,attention,Urgent: vérifier température stockage,3,4,4,False,False,normal,orageux
2023-04-20 05:15:10,Hôpital Général Douala,O+,28,10,17,35,3.3,7,100.0,normale,"Bon état général, légère variation température",3,5,4,False,False,normal,ensoleillé
2023-04-20 06:19:25,Centre Médical d'Excellence,O+,37,3,18,52,4.5,16,100.0,normale,"Bon état général, légère variation température",3,6,4,False,False,normal,ensoleillé
2023-04-20 14:40:11,Hôpital Laquintinie,O+,72,9,0,63,3.8,2,85.9,normale,"Bon état général, légère variation température",3,14,4,False,False,normal,ensoleillé
2023-04-20 18:04:35,Hôpital de District Bonassama,O+,39,1,0,38,2.3,15,100.0,normale,"Excellent état, conservation parfaite",3,18,4,False,False,normal,nuageux
2023-04-20 20:58:14,Centre Médical d'Excellence,O+,70,0,27,97,4.0,25,100.0,normale,"Excellent état, conservation parfaite",3,20,4,False,False,normal,nuageux
2023-04-20 22:46:37,Hôpital Laquintinie,O+,59,11,23,71,3.5,15,100.0,normale,Parfait pour transfusion immédiate,3,22,4,False,False,normal,ensoleillé
2023-04-20 23:16:37,Hôpital Laquintinie,O+,17,6,0,11,4.1,20,99.6,faible,"État satisfaisant, contrôle qualité OK",3,23,4,False,False,normal,ensoleillé
2023-04-20 23:42:35,Clinique des Spécialités,O+,21,7,0,14,3.6,19,100.0,faible,Hémoglobine dans les normes,3,23,4,False,False,normal,pluvieux
2023-04-21 06:13:02,Clinique des Spécialités,O+,54,11,0,43,4.5,30,100.0,normale,"Excellent état, conservation parfaite",4,6,4,False,False,normal,orageux
2023-04-21 06:16:57,Hôpital Laquintinie,O+,47,8,16,55,4.0,16,93.6,normale,Hémoglobine dans les normes,4,6,4,False,False,normal,pluvieux
2023-04-21 07:32:39,Hôpital de District Bonassama,O+,31,11,35,55,4.5,33,100.0,normale,Hémoglobine dans les normes,4,7,4,False,False,normal,ensoleillé
2023-04-21 08:09:49,Hôpital Général Douala,O+,30,14,0,16,2.9,18,92.7,faible,Attention: proche expiration,4,8,4,False,False,normal,pluvieux
2023-04-21 09:26:07,Hôpital Laquintinie,O+,75,8,0,67,3.5,28,100.0,normale,Attention: proche expiration,4,9,4,False,False,normal,nuageux
2023-04-21 09:30:31,Clinique des Spécialités,O+,62,5,0,57,3.5,7,100.0,normale,Urgent: vérifier température stockage,4,9,4,False,False,urgence_médicale,orageux
2023-04-21 16:51:55,Hôpital de District Bonassama,O+,68,5,0,63,4.5,76,100.0,normale,Contrôle bactériologique négatif,4,16,4,False,False,normal,pluvieux
2023-04-21 21:08:38,Hôpital Militaire,O+,63,6,0,57,3.4,9,100.0,normale,Contrôle bactériologique négatif,4,21,4,False,False,normal,orageux
2023-04-22 03:52:47,Clinique des Spécialités,O+,26,5,0,21,4.2,7,96.6,normale,Contrôle bactériologique négatif,5,3,4,True,False,normal,nuageux
2023-04-22 04:42:53,Centre Médical d'Excellence,O+,15,6,18,27,4.0,4,83.1,normale,"Bon état général, légère variation température",5,4,4,True,False,normal,nuageux
2023-04-22 07:10:43,Clinique des Spécialités,O+,30,4,0,26,3.9,45,91.1,normale,"Excellent état, conservation parfaite",5,7,4,True,False,normal,ensoleillé
2023-04-22 11:08:00,Clinique des Spécialités,O+,35,5,16,46,4.3,6,100.0,normale,"Bon état général, légère variation température",5,11,4,True,False,normal,ensoleillé
2023-04-22 15:31:18,Centre Médical d'Excellence,O+,25,6,20,39,4.0,45,90.9,normale,Attention: proche expiration,5,15,4,True,False,normal,pluvieux
2023-04-22 16:21:52,Hôpital Général Douala,O+,10,6,0,4,3.5,2,87.4,critique,"URGENT: Stock critique - Bon état général, légère variation température",5,16,4,True,False,normal,ensoleillé
2023-04-22 18:33:51,Clinique des Spécialités,O+,33,1,21,53,4.1,12,100.0,normale,Contrôle bactériologique négatif,5,18,4,True,False,normal,ensoleillé
2023-04-23 05:39:42,Clinique des Spécialités,O+,11,3,0,8,4.1,19,92.8,critique,"URGENT: Stock critique - Excellent état, conservation parfaite",6,5,4,True,False,normal,pluvieux
2023-04-23 06:43:57,Hôpital Laquintinie,O+,27,6,0,21,4.2,11,99.6,normale,"Excellent état, conservation parfaite",6,6,4,True,False,normal,pluvieux
2023-04-23 06:49:17,Hôpital de District Bonassama,O+,22,6,0,16,3.6,22,99.0,faible,"État satisfaisant, contrôle qualité OK",6,6,4,True,False,normal,pluvieux
2023-04-23 09:26:55,Clinique des Spécialités,O+,3,4,0,0,3.7,6,99.8,critique,URGENT: Stock critique - Parfait pour transfusion immédiate,6,9,4,True,False,accident_route,ensoleillé
2023-04-23 13:13:20,Hôpital Laquintinie,O+,38,4,24,58,4.1,10,100.0,normale,Hémoglobine dans les normes,6,13,4,True,False,normal,pluvieux
2023-04-23 16:35:14,Hôpital de District Bonassama,O+,56,8,0,48,3.8,12,95.7,normale,"État satisfaisant, contrôle qualité OK",6,16,4,True,False,normal,ensoleillé
2023-04-23 19:58:21,Centre Médical d'Excellence,O+,38,4,0,34,4.2,2,84.9,normale,Parfait pour transfusion immédiate,6,19,4,True,False,normal,orageux
2023-04-23 22:10:20,Hôpital Militaire,O+,46,7,13,52,3.4,16,94.2,normale,"État satisfaisant, contrôle qualité OK",6,22,4,True,False,normal,nuageux
2023-04-24 03:05:48,Hôpital de District Bonassama,O+,24,5,0,19,4.1,11,100.0,faible,"Bon état général, légère variation température",0,3,4,False,False,normal,pluvieux
2023-04-24 04:35:20,Hôpital Général Douala,O+,17,10,0,7,4.3,7,98.2,critique,"URGENT: Stock critique - Bon état général, légère variation température",0,4,4,False,False,normal,ensoleillé
2023-04-24 05:03:06,Clinique des Spécialités,O+,22,6,0,16,4.9,4,80.2,faible,Parfait pour transfusion immédiate,0,5,4,False,False,normal,ensoleillé
2023-04-24 15:11:30,Centre Médical d'Excellence,O+,47,4,0,43,4.3,51,100.0,normale,Urgent: vérifier température stockage,0,15,4,False,False,normal,pluvieux
2023-04-24 16:57:02,Hôpital Militaire,O+,71,10,21,82,4.2,29,100.0,normale,"Bon état général, légère variation température",0,16,4,False,False,normal,ensoleillé
2023-04-25 04:35:20,Hôpital Général Douala,O+,29,5,0,24,4.3,100,99.1,normale,Contrôle bactériologique négatif,1,4,4,False,False,normal,pluvieux
2023-04-25 04:42:59,Hôpital Laquintinie,O+,38,5,0,33,4.3,2,95.3,normale,Urgent: vérifier température stockage,1,4,4,False,False,normal,pluvieux
2023-04-25 05:17:16,Hôpital Militaire,O+,32,6,0,26,3.7,8,95.5,normale,"Bon état général, légère variation température",1,5,4,False,False,normal,ensoleillé
2023-04-25 06:49:12,Hôpital Laquintinie,O+,36,11,0,25,3.2,22,100.0,normale,Attention: proche expiration,1,6,4,False,False,normal,ensoleillé
2023-04-25 14:16:43,Hôpital Militaire,O+,82,6,0,76,4.6,39,98.2,normale,Urgent: vérifier température stockage,1,14,4,False,False,normal,pluvieux
2023-04-25 18:43:28,Hôpital Militaire,O+,60,11,0,49,4.0,13,99.1,normale,Contrôle bactériologique négatif,1,18,4,False,False,normal,nuageux
2023-04-26 02:41:24,Hôpital Laquintinie,O+,24,4,8,28,4.0,13,96.6,normale,Attention: proche expiration,2,2,4,False,False,urgence_médicale,pluvieux
2023-04-26 04:54:45,Hôpital de District Bonassama,O+,35,6,15,44,4.8,14,100.0,normale,Contrôle bactériologique négatif,2,4,4,False,False,normal,pluvieux
2023-04-26 06:52:03,Hôpital Général Douala,O+,27,10,23,40,3.8,22,100.0,normale,Contrôle bactériologique négatif,2,6,4,False,False,normal,pluvieux
2023-04-26 07:17:28,Hôpital de District Bonassama,O+,53,7,0,46,3.1,38,100.0,normale,Contrôle bactériologique négatif,2,7,4,False,False,normal,ensoleillé
2023-04-26 21:29:02,Hôpital Militaire,O+,51,10,0,41,3.4,14,100.0,normale,Hémoglobine dans les normes,2,21,4,False,False,normal,pluvieux
2023-04-27 02:06:29,Hôpital Laquintinie,O+,26,5,0,21,4.2,9,100.0,normale,Parfait pour transfusion immédiate,3,2,4,False,False,normal,nuageux
2023-04-27 05:11:26,Hôpital Militaire,O+,36,2,0,34,3.6,42,100.0,normale,Contrôle bactériologique négatif,3,5,4,False,False,normal,nuageux
2023-04-27 08:41:25,Hôpital Général Douala,O+,54,7,0,47,4.8,36,100.0,normale,Attention: proche expiration,3,8,4,False,False,normal,ensoleillé
2023-04-27 09:33:08,Hôpital Général Douala,O+,55,4,0,51,4.3,5,96.0,normale,Parfait pour transfusion immédiate,3,9,4,False,False,normal,ensoleillé
2023-04-27 17:13:13,Hôpital Militaire,O+,49,11,0,38,4.1,6,99.3,normale,"Excellent état, conservation parfaite",3,17,4,False,False,normal,ensoleillé
2023-04-27 17:18:57,Hôpital Militaire,O+,32,4,0,28,3.5,30,100.0,normale,"État satisfaisant, contrôle qualité OK",3,17,4,False,False,normal,ensoleillé
2023-04-27 22:07:24,Hôpital Laquintinie,O+,35,3,0,32,4.5,13,100.0,normale,"Bon état général, légère variation température",3,22,4,False,False,normal,ensoleillé
2023-04-28 01:58:08,Hôpital Laquintinie,O+,26,8,21,39,4.0,1,54.0,attention,"État satisfaisant, contrôle qualité OK",4,1,4,False,False,campagne_don,pluvieux
2023-04-28 02:04:49,Hôpital Militaire,O+,32,7,0,25,4.4,32,100.0,normale,Contrôle bactériologique négatif,4,2,4,False,False,normal,ensoleillé
2023-04-28 06:15:00,Hôpital Laquintinie,O+,32,5,0,27,3.4,16,97.6,normale,Urgent: vérifier température stockage,4,6,4,False,False,normal,ensoleillé
2023-04-28 23:19:23,Hôpital de District Bonassama,O+,29,9,0,20,3.8,40,100.0,normale,Urgent: vérifier température stockage,4,23,4,False,False,normal,pluvieux
2023-04-29 07:42:37,Clinique des Spécialités,O+,35,3,0,32,4.9,5,100.0,normale,Contrôle bactériologique négatif,5,7,4,True,False,normal,ensoleillé
2023-04-29 13:21:56,Clinique des Spécialités,O+,30,5,22,47,3.4,13,100.0,normale,Contrôle bactériologique négatif,5,13,4,True,False,normal,nuageux
2023-04-29 16:17:45,Hôpital Militaire,O+,42,3,0,39,4.4,4,96.5,normale,Contrôle bactériologique négatif,5,16,4,True,False,normal,orageux
2023-04-29 17:47:31,Centre Médical d'Excellence,O+,7,7,21,21,4.5,14,91.5,normale,"État satisfaisant, contrôle qualité OK",5,17,4,True,False,normal,orageux
2023-04-29 18:01:49,Hôpital Laquintinie,O+,20,6,21,35,4.1,66,97.0,normale,"Excellent état, conservation parfaite",5,18,4,True,False,normal,orageux
2023-04-29 22:20:40,Hôpital Laquintinie,O+,56,6,22,72,4.3,3,88.0,normale,"État satisfaisant, contrôle qualité OK",5,22,4,True,False,normal,ensoleillé
2023-04-29 22:38:29,Centre Médical d'Excellence,O+,25,6,0,19,4.0,20,96.2,faible,Urgent: vérifier température stockage,5,22,4,True,False,normal,ensoleillé
2023-04-30 02:23:50,Hôpital Général Douala,O+,22,4,12,30,4.4,7,99.2,normale,Hémoglobine dans les normes,6,2,4,True,False,normal,orageux
2023-04-30 08:51:36,Hôpital Général Douala,O+,40,10,0,30,3.6,1,60.8,attention,"État satisfaisant, contrôle qualité OK",6,8,4,True,False,normal,ensoleillé
2023-04-30 22:06:45,Clinique des Spécialités,O+,32,4,0,28,3.5,7,100.0,normale,Contrôle bactériologique négatif,6,22,4,True,False,normal,ensoleillé
2023-04-30 22:07:17,Hôpital Laquintinie,O+,30,6,0,24,3.6,1,63.7,attention,Parfait pour transfusion immédiate,6,22,4,True,False,normal,nuageux
2023-05-01 01:08:08,Hôpital Général Douala,O+,26,10,19,35,4.7,21,97.4,normale,Parfait pour transfusion immédiate,0,1,5,False,False,normal,orageux
2023-05-01 01:55:47,Hôpital de District Bonassama,O+,35,8,0,27,3.6,11,100.0,normale,"Excellent état, conservation parfaite",0,1,5,False,False,normal,ensoleillé
2023-05-01 02:52:16,Hôpital Général Douala,O+,21,7,0,14,4.1,35,100.0,faible,"Bon état général, légère variation température",0,2,5,False,False,normal,nuageux
2023-05-01 06:00:23,Hôpital Général Douala,O+,50,11,0,39,5.0,33,100.0,normale,Urgent: vérifier température stockage,0,6,5,False,False,normal,orageux
2023-05-01 10:10:15,Hôpital Militaire,O+,60,11,0,49,4.3,3,86.0,normale,Urgent: vérifier température stockage,0,10,5,False,False,normal,pluvieux
2023-05-01 11:28:20,Hôpital Laquintinie,O+,39,10,25,54,4.2,10,99.9,normale,"Excellent état, conservation parfaite",0,11,5,False,False,normal,orageux
2023-05-01 12:32:23,Clinique des Spécialités,O+,40,5,18,53,4.3,6,100.0,normale,Attention: proche expiration,0,12,5,False,False,normal,pluvieux
2023-05-01 13:18:40,Hôpital de District Bonassama,O+,44,9,26,61,4.1,19,100.0,normale,Attention: proche expiration,0,13,5,False,False,normal,ensoleillé
2023-05-01 13:41:47,Hôpital Général Douala,O+,55,8,0,47,3.9,19,100.0,normale,Attention: proche expiration,0,13,5,False,False,normal,pluvieux
2023-05-01 14:50:21,Hôpital Militaire,O+,41,6,24,59,3.2,3,78.2,normale,"État satisfaisant, contrôle qualité OK",0,14,5,False,False,normal,pluvieux
2023-05-01 16:26:25,Hôpital de District Bonassama,O+,68,9,0,59,4.0,29,100.0,normale,"Bon état général, légère variation température",0,16,5,False,False,normal,ensoleillé
2023-05-01 19:25:59,Centre Médical d'Excellence,O+,77,6,0,71,4.0,7,100.0,normale,Hémoglobine dans les normes,0,19,5,False,False,normal,ensoleillé
2023-05-02 05:21:28,Hôpital Général Douala,O+,27,10,0,17,3.9,34,100.0,faible,Urgent: vérifier température stockage,1,5,5,False,False,normal,ensoleillé
2023-05-02 13:55:39,Hôpital Militaire,O+,64,10,0,54,3.3,37,98.7,normale,Urgent: vérifier température stockage,1,13,5,False,False,normal,pluvieux
2023-05-02 14:08:23,Hôpital Militaire,O+,58,4,0,54,4.2,1,58.4,attention,"Excellent état, conservation parfaite",1,14,5,False,False,normal,orageux
2023-05-02 18:17:27,Centre Médical d'Excellence,O+,59,9,22,72,3.9,4,98.6,normale,"État satisfaisant, contrôle qualité OK",1,18,5,False,False,normal,pluvieux
2023-05-02 20:36:11,Centre Médical d'Excellence,O+,62,14,0,48,4.4,5,100.0,normale,Contrôle bactériologique négatif,1,20,5,False,False,normal,pluvieux
2023-05-02 22:52:46,Hôpital Général Douala,O+,46,4,0,42,3.9,2,87.2,normale,Attention: proche expiration,1,22,5,False,False,normal,ensoleillé
2023-05-03 04:38:44,Clinique des Spécialités,O+,12,8,0,4,4.3,6,100.0,critique,URGENT: Stock critique - Urgent: vérifier température stockage,2,4,5,False,False,normal,orageux
2023-05-03 05:16:33,Hôpital Laquintinie,O+,17,8,0,9,3.2,42,96.2,critique,URGENT: Stock critique - Urgent: vérifier température stockage,2,5,5,False,False,normal,pluvieux
2023-05-03 05:48:47,Hôpital Militaire,O+,21,11,22,32,4.9,21,100.0,normale,Urgent: vérifier température stockage,2,5,5,False,False,normal,orageux
2023-05-03 08:26:31,Clinique des Spécialités,O+,41,3,0,38,3.6,37,100.0,normale,"État satisfaisant, contrôle qualité OK",2,8,5,False,False,normal,pluvieux
2023-05-03 08:40:00,Hôpital de District Bonassama,O+,45,9,0,36,3.1,4,87.6,normale,Attention: proche expiration,2,8,5,False,False,normal,ensoleillé
2023-05-03 17:48:48,Centre Médical d'Excellence,O+,33,12,0,21,3.1,62,100.0,normale,"État satisfaisant, contrôle qualité OK",2,17,5,False,False,normal,ensoleillé
2023-05-03 19:19:36,Clinique des Spécialités,O+,46,10,21,57,3.6,23,91.5,normale,"Bon état général, légère variation température",2,19,5,False,False,normal,pluvieux
2023-05-03 20:15:37,Clinique des Spécialités,O+,46,9,21,58,3.8,3,84.6,normale,"Excellent état, conservation parfaite",2,20,5,False,False,normal,orageux
2023-05-03 23:23:36,Hôpital Laquintinie,O+,8,3,13,18,3.6,1,60.3,faible,Parfait pour transfusion immédiate,2,23,5,False,False,normal,nuageux
2023-05-04 05:24:25,Hôpital Général Douala,O+,12,7,0,5,3.5,15,100.0,critique,URGENT: Stock critique - Contrôle bactériologique négatif,3,5,5,False,False,normal,pluvieux
2023-05-04 06:36:49,Hôpital Général Douala,O+,37,4,0,33,4.3,7,100.0,normale,Urgent: vérifier température stockage,3,6,5,False,False,normal,pluvieux
2023-05-04 06:41:42,Hôpital Laquintinie,O+,48,10,23,61,3.9,1,57.3,attention,Attention: proche expiration,3,6,5,False,False,campagne_don,pluvieux
2023-05-04 13:00:39,Hôpital de District Bonassama,O+,56,5,0,51,3.7,22,100.0,normale,Parfait pour transfusion immédiate,3,13,5,False,False,normal,pluvieux
2023-05-04 16:28:18,Centre Médical d'Excellence,O+,40,5,0,35,4.3,59,92.3,normale,"Excellent état, conservation parfaite",3,16,5,False,False,normal,ensoleillé
2023-05-04 18:15:56,Hôpital de District Bonassama,O+,54,6,0,48,4.1,14,99.9,normale,Parfait pour transfusion immédiate,3,18,5,False,False,normal,pluvieux
2023-05-04 23:29:02,Hôpital Général Douala,O+,33,5,0,28,2.4,2,95.0,normale,Parfait pour transfusion immédiate,3,23,5,False,False,normal,orageux
2023-05-05 05:28:57,Hôpital Militaire,O+,24,9,16,31,4.4,19,100.0,normale,Contrôle bactériologique négatif,4,5,5,False,False,normal,ensoleillé
2023-05-05 12:06:04,Centre Médical d'Excellence,O+,42,8,0,34,3.6,15,95.9,normale,"Excellent état, conservation parfaite",4,12,5,False,False,épidémie,ensoleillé
2023-05-05 13:51:18,Hôpital Laquintinie,O+,43,14,14,43,4.4,21,100.0,normale,Attention: proche expiration,4,13,5,False,False,normal,pluvieux
2023-05-06 05:41:38,Hôpital Militaire,O+,25,6,0,19,4.0,20,98.7,faible,"Excellent état, conservation parfaite",5,5,5,True,False,normal,nuageux
2023-05-06 15:58:07,Centre Médical d'Excellence,O+,33,3,0,30,4.8,46,94.1,normale,Urgent: vérifier température stockage,5,15,5,True,False,normal,ensoleillé
2023-05-06 16:24:35,Hôpital Laquintinie,O+,27,3,0,24,3.3,26,100.0,normale,Hémoglobine dans les normes,5,16,5,True,False,normal,ensoleillé
2023-05-06 20:29:38,Hôpital Militaire,O+,32,8,0,24,3.3,16,94.4,normale,"Excellent état, conservation parfaite",5,20,5,True,False,normal,nuageux
2023-05-07 14:52:21,Centre Médical d'Excellence,O+,32,7,0,25,3.5,1,59.9,attention,"Excellent état, conservation parfaite",6,14,5,True,False,urgence_médicale,nuageux
2023-05-07 19:10:54,Hôpital de District Bonassama,O+,43,6,0,37,5.0,23,97.2,normale,Parfait pour transfusion immédiate,6,19,5,True,False,normal,ensoleillé
2023-05-07 20:27:28,Hôpital Militaire,O+,27,5,0,22,4.2,5,90.7,normale,Contrôle bactériologique négatif,6,20,5,True,False,normal,pluvieux
2023-05-07 23:28:29,Hôpital Laquintinie,O+,13,7,0,6,3.2,24,92.9,critique,"URGENT: Stock critique - Excellent état, conservation parfaite",6,23,5,True,False,normal,ensoleillé
2023-05-08 03:40:39,Hôpital Militaire,O+,19,11,0,8,4.1,3,85.3,critique,URGENT: Stock critique - Hémoglobine dans les normes,0,3,5,False,False,normal,ensoleillé
2023-05-08 04:18:43,Hôpital de District Bonassama,O+,14,4,0,10,4.0,27,88.9,faible,"Excellent état, conservation parfaite",0,4,5,False,False,normal,pluvieux
2023-05-08 04:47:39,Clinique des Spécialités,O+,11,6,0,5,4.9,6,97.8,critique,URGENT: Stock critique - Attention: proche expiration,0,4,5,False,False,normal,ensoleillé
2023-05-08 11:57:59,Hôpital Laquintinie,O+,46,8,20,58,4.1,24,100.0,normale,"État satisfaisant, contrôle qualité OK",0,11,5,False,False,urgence_médicale,ensoleillé
2023-05-08 12:54:30,Hôpital Militaire,O+,45,0,0,45,4.0,16,97.6,normale,Parfait pour transfusion immédiate,0,12,5,False,False,normal,ensoleillé
2023-05-08 15:55:08,Hôpital de District Bonassama,O+,84,6,0,78,3.8,22,96.3,normale,Parfait pour transfusion immédiate,0,15,5,False,False,normal,pluvieux
2023-05-08 18:00:44,Hôpital Laquintinie,O+,55,6,19,68,4.1,10,100.0,normale,"Excellent état, conservation parfaite",0,18,5,False,False,normal,pluvieux
2023-05-08 19:55:05,Hôpital Laquintinie,O+,66,8,15,73,3.7,19,96.6,normale,"État satisfaisant, contrôle qualité OK",0,19,5,False,False,normal,nuageux
2023-05-09 01:14:41,Hôpital Laquintinie,O+,19,5,13,27,3.5,26,98.3,normale,Hémoglobine dans les normes,1,1,5,False,False,normal,nuageux
2023-05-09 02:17:07,Hôpital Général Douala,O+,22,6,11,27,4.7,3,78.4,normale,Parfait pour transfusion immédiate,1,2,5,False,False,normal,nuageux
2023-05-09 06:19:19,Hôpital de District Bonassama,O+,52,9,0,43,2.9,6,100.0,normale,Hémoglobine dans les normes,1,6,5,False,False,normal,orageux
2023-05-09 12:47:15,Hôpital Général Douala,O+,83,12,27,98,4.0,55,100.0,normale,"Bon état général, légère variation température",1,12,5,False,False,normal,ensoleillé
2023-05-09 14:36:33,Hôpital de District Bonassama,O+,46,6,0,40,4.1,14,100.0,normale,Hémoglobine dans les normes,1,14,5,False,False,normal,orageux
2023-05-09 16:09:54,Clinique des Spécialités,O+,66,10,12,68,4.2,1,67.8,attention,"État satisfaisant, contrôle qualité OK",1,16,5,False,False,normal,pluvieux
2023-05-09 22:48:54,Hôpital Militaire,O+,46,13,0,33,5.0,4,90.7,normale,"État satisfaisant, contrôle qualité OK",1,22,5,False,False,normal,nuageux
2023-05-10 11:25:02,Hôpital Laquintinie,O+,50,8,0,42,3.7,16,100.0,normale,Urgent: vérifier température stockage,2,11,5,False,False,normal,ensoleillé
2023-05-10 16:15:21,Clinique des Spécialités,O+,48,2,21,67,4.3,7,100.0,normale,Parfait pour transfusion immédiate,2,16,5,False,False,normal,orageux
2023-05-10 22:33:40,Hôpital Laquintinie,O+,35,7,16,44,3.7,24,100.0,normale,"État satisfaisant, contrôle qualité OK",2,22,5,False,False,normal,ensoleillé
2023-05-11 02:26:50,Clinique des Spécialités,O+,32,11,0,21,4.1,4,84.7,normale,Attention: proche expiration,3,2,5,False,False,normal,pluvieux
2023-05-11 05:15:11,Hôpital Militaire,O+,21,4,0,17,3.2,3,80.8,faible,Attention: proche expiration,3,5,5,False,False,normal,ensoleillé
2023-05-11 06:52:14,Clinique des Spécialités,O+,36,10,0,26,4.9,22,98.8,normale,"Excellent état, conservation parfaite",3,6,5,False,False,normal,nuageux
2023-05-11 07:35:24,Hôpital Laquintinie,O+,56,10,0,46,4.3,10,95.3,normale,"État satisfaisant, contrôle qualité OK",3,7,5,False,False,normal,pluvieux
2023-05-11 11:24:15,Clinique des Spécialités,O+,50,0,25,75,3.8,19,93.0,normale,"Excellent état, conservation parfaite",3,11,5,False,False,normal,pluvieux
2023-05-11 12:08:55,Hôpital Général Douala,O+,30,5,0,25,4.3,16,93.8,normale,"Bon état général, légère variation température",3,12,5,False,False,normal,ensoleillé
2023-05-11 16:32:39,Hôpital Laquintinie,O+,45,8,0,37,3.4,4,83.9,normale,Contrôle bactériologique négatif,3,16,5,False,False,normal,pluvieux
2023-05-11 19:01:39,Hôpital Militaire,O+,49,4,19,64,3.5,9,100.0,normale,Attention: proche expiration,3,19,5,False,False,épidémie,ensoleillé
2023-05-11 23:25:15,Hôpital Militaire,O+,26,3,0,23,4.1,9,100.0,normale,Contrôle bactériologique négatif,3,23,5,False,False,normal,pluvieux
2023-05-12 02:26:31,Hôpital Général Douala,O+,35,8,0,27,3.9,5,100.0,normale,Attention: proche expiration,4,2,5,False,False,normal,ensoleillé
2023-05-12 02:42:42,Hôpital Général Douala,O+,27,7,0,20,3.7,77,94.3,normale,"État satisfaisant, contrôle qualité OK",4,2,5,False,False,normal,ensoleillé
2023-05-12 06:16:15,Clinique des Spécialités,O+,56,6,0,50,4.8,3,87.2,normale,"État satisfaisant, contrôle qualité OK",4,6,5,False,False,normal,ensoleillé
2023-05-12 09:44:15,Hôpital Laquintinie,O+,55,6,0,49,4.2,2,75.2,normale,"Excellent état, conservation parfaite",4,9,5,False,False,normal,nuageux
2023-05-12 12:46:54,Clinique des Spécialités,O+,43,14,0,29,4.1,2,88.4,normale,"Excellent état, conservation parfaite",4,12,5,False,False,normal,nuageux
2023-05-12 15:46:46,Hôpital de District Bonassama,O+,41,4,20,57,4.1,5,99.4,normale,Contrôle bactériologique négatif,4,15,5,False,False,normal,pluvieux
2023-05-12 17:00:43,Hôpital Laquintinie,O+,11,3,0,8,3.1,17,100.0,critique,URGENT: Stock critique - Urgent: vérifier température stockage,4,17,5,False,False,normal,ensoleillé
2023-05-13 02:27:36,Hôpital Militaire,O+,11,9,24,26,3.7,2,85.5,normale,Hémoglobine dans les normes,5,2,5,True,False,normal,nuageux
2023-05-13 05:06:20,Centre Médical d'Excellence,O+,11,3,0,8,3.9,12,100.0,critique,URGENT: Stock critique - Urgent: vérifier température stockage,5,5,5,True,False,normal,pluvieux
2023-05-13 08:42:52,Clinique des Spécialités,O+,34,7,0,27,4.6,6,99.5,normale,"Excellent état, conservation parfaite",5,8,5,True,False,normal,pluvieux
2023-05-13 12:28:49,Hôpital Laquintinie,O+,39,3,0,36,4.8,6,100.0,normale,"État satisfaisant, contrôle qualité OK",5,12,5,True,False,normal,nuageux
2023-05-13 13:17:19,Centre Médical d'Excellence,O+,42,3,0,39,3.7,4,84.5,normale,"État satisfaisant, contrôle qualité OK",5,13,5,True,False,normal,nuageux
2023-05-13 20:23:38,Hôpital Général Douala,O+,23,7,0,16,3.8,2,92.2,faible,Contrôle bactériologique négatif,5,20,5,True,False,normal,pluvieux
2023-05-14 05:33:51,Hôpital Laquintinie,O+,18,8,0,10,3.4,8,100.0,faible,Parfait pour transfusion immédiate,6,5,5,True,False,normal,nuageux
2023-05-14 10:14:17,Centre Médical d'Excellence,O+,51,4,13,60,3.6,1,59.0,attention,Hémoglobine dans les normes,6,10,5,True,False,normal,pluvieux
2023-05-14 11:07:05,Hôpital Général Douala,O+,42,4,0,38,3.0,21,99.0,normale,"Bon état général, légère variation température",6,11,5,True,False,normal,pluvieux
2023-05-14 14:01:08,Hôpital de District Bonassama,O+,27,8,28,47,4.2,7,100.0,normale,Hémoglobine dans les normes,6,14,5,True,False,normal,nuageux
2023-05-14 20:16:31,Clinique des Spécialités,O+,36,3,0,33,4.2,24,100.0,normale,"Excellent état, conservation parfaite",6,20,5,True,False,épidémie,pluvieux
2023-05-14 20:29:38,Clinique des Spécialités,O+,33,6,0,27,4.3,1,53.9,attention,"Excellent état, conservation parfaite",6,20,5,True,False,normal,orageux
2023-05-15 07:37:38,Hôpital Général Douala,O+,51,6,0,45,4.6,1,54.2,attention,"Excellent état, conservation parfaite",0,7,5,False,False,normal,nuageux
2023-05-15 10:14:11,Hôpital de District Bonassama,O+,49,11,12,50,3.7,1,60.9,attention,Parfait pour transfusion immédiate,0,10,5,False,False,normal,ensoleillé
2023-05-15 16:18:14,Hôpital Général Douala,O+,86,3,15,98,4.3,20,91.7,normale,"État satisfaisant, contrôle qualité OK",0,16,5,False,False,normal,nuageux
2023-05-15 17:59:15,Hôpital Militaire,O+,65,6,13,72,2.9,14,96.2,normale,Contrôle bactériologique négatif,0,17,5,False,False,normal,pluvieux
2023-05-15 19:16:50,Hôpital de District Bonassama,O+,64,9,0,55,3.3,14,100.0,normale,Hémoglobine dans les normes,0,19,5,False,False,normal,pluvieux
2023-05-16 01:52:58,Hôpital de District Bonassama,O+,29,14,23,38,3.9,4,86.8,normale,Urgent: vérifier température stockage,1,1,5,False,False,normal,ensoleillé
2023-05-16 10:30:26,Hôpital Militaire,O+,64,6,0,58,4.3,3,75.3,normale,"Excellent état, conservation parfaite",1,10,5,False,False,normal,pluvieux
2023-05-16 11:18:30,Hôpital de District Bonassama,O+,42,1,25,66,3.2,10,100.0,normale,Urgent: vérifier température stockage,1,11,5,False,False,normal,nuageux
2023-05-16 15:44:49,Clinique des Spécialités,O+,88,11,25,102,4.1,7,100.0,normale,Parfait pour transfusion immédiate,1,15,5,False,False,normal,nuageux
2023-05-16 16:35:54,Hôpital Général Douala,O+,57,7,0,50,4.5,11,100.0,normale,Attention: proche expiration,1,16,5,False,False,normal,pluvieux
2023-05-16 17:36:14,Hôpital Général Douala,O+,57,9,0,48,4.0,1,60.0,attention,Parfait pour transfusion immédiate,1,17,5,False,False,normal,nuageux
2023-05-16 21:04:38,Hôpital de District Bonassama,O+,62,6,0,56,4.1,37,100.0,normale,"Excellent état, conservation parfaite",1,21,5,False,False,normal,ensoleillé
2023-05-17 02:42:27,Clinique des Spécialités,O+,24,8,25,41,4.3,9,100.0,normale,Parfait pour transfusion immédiate,2,2,5,False,False,normal,pluvieux
2023-05-17 04:31:11,Hôpital Général Douala,O+,23,10,0,13,4.0,28,98.3,faible,Contrôle bactériologique négatif,2,4,5,False,False,normal,ensoleillé
2023-05-17 09:00:24,Hôpital Militaire,O+,38,8,0,30,3.7,2,85.8,normale,"Bon état général, légère variation température",2,9,5,False,False,normal,orageux
2023-05-17 10:00:50,Hôpital Militaire,O+,56,5,0,51,5.2,1,70.1,normale,"Bon état général, légère variation température",2,10,5,False,False,normal,pluvieux
2023-05-17 11:49:47,Centre Médical d'Excellence,O+,48,9,24,63,4.3,3,88.8,normale,Contrôle bactériologique négatif,2,11,5,False,False,normal,nuageux
2023-05-17 16:05:27,Centre Médical d'Excellence,O+,56,5,0,51,4.3,1,64.7,attention,Parfait pour transfusion immédiate,2,16,5,False,False,normal,pluvieux
2023-05-17 16:24:35,Centre Médical d'Excellence,O+,55,10,35,80,4.1,2,94.2,normale,"État satisfaisant, contrôle qualité OK",2,16,5,False,False,normal,ensoleillé
2023-05-17 16:30:09,Hôpital Général Douala,O+,42,9,24,57,4.7,2,87.0,normale,Contrôle bactériologique négatif,2,16,5,False,False,normal,pluvieux
2023-05-17 17:02:09,Hôpital Général Douala,O+,78,4,0,74,3.2,4,82.6,normale,Attention: proche expiration,2,17,5,False,False,normal,nuageux
2023-05-17 18:04:06,Hôpital Général Douala,O+,40,5,0,35,4.9,14,100.0,normale,Hémoglobine dans les normes,2,18,5,False,False,normal,ensoleillé
2023-05-17 18:08:28,Hôpital Militaire,O+,80,5,0,75,4.1,1,63.9,attention,Urgent: vérifier température stockage,2,18,5,False,False,normal,orageux
2023-05-17 18:46:31,Hôpital Militaire,O+,10,12,0,0,4.9,1,63.7,critique,"URGENT: Stock critique - Excellent état, conservation parfaite",2,18,5,False,False,normal,ensoleillé
2023-05-17 19:16:03,Hôpital Militaire,O+,33,9,0,24,4.1,7,100.0,normale,Urgent: vérifier température stockage,2,19,5,False,False,normal,pluvieux
2023-05-17 20:40:55,Hôpital Militaire,O+,38,8,0,30,4.5,4,89.1,normale,"Excellent état, conservation parfaite",2,20,5,False,False,normal,pluvieux
2023-05-18 00:39:44,Centre Médical d'Excellence,O+,12,12,0,0,3.6,15,98.4,critique,"URGENT: Stock critique - État satisfaisant, contrôle qualité OK",3,0,5,False,False,normal,pluvieux
2023-05-18 07:28:15,Clinique des Spécialités,O+,40,4,0,36,3.3,6,100.0,normale,Urgent: vérifier température stockage,3,7,5,False,False,normal,pluvieux
2023-05-18 08:10:28,Centre Médical d'Excellence,O+,49,8,0,41,3.7,1,55.9,attention,Urgent: vérifier température stockage,3,8,5,False,False,normal,pluvieux
2023-05-18 11:05:57,Clinique des Spécialités,O+,50,4,0,46,3.7,27,98.6,normale,"Excellent état, conservation parfaite",3,11,5,False,False,normal,ensoleillé
2023-05-18 12:57:04,Clinique des Spécialités,O+,75,5,0,70,4.5,9,100.0,normale,Hémoglobine dans les normes,3,12,5,False,False,accident_route,ensoleillé
2023-05-18 15:10:50,Hôpital Militaire,O+,81,4,0,77,4.4,15,100.0,normale,"État satisfaisant, contrôle qualité OK",3,15,5,False,False,normal,ensoleillé
2023-05-18 17:47:11,Centre Médical d'Excellence,O+,47,12,18,53,4.3,32,96.0,normale,Urgent: vérifier température stockage,3,17,5,False,False,normal,orageux
2023-05-18 19:52:49,Centre Médical d'Excellence,O+,55,9,0,46,3.4,1,58.7,attention,Hémoglobine dans les normes,3,19,5,False,False,normal,ensoleillé
2023-05-18 20:02:09,Clinique des Spécialités,O+,58,9,0,49,4.1,94,100.0,normale,Urgent: vérifier température stockage,3,20,5,False,False,normal,orageux
2023-05-19 09:08:22,Hôpital de District Bonassama,O+,55,6,0,49,3.8,6,95.7,normale,Attention: proche expiration,4,9,5,False,False,normal,nuageux
2023-05-19 12:54:52,Clinique des Spécialités,O+,57,11,27,73,3.8,4,87.0,normale,"Bon état général, légère variation température",4,12,5,False,False,normal,pluvieux
2023-05-19 17:22:39,Hôpital Général Douala,O+,67,6,0,61,3.5,7,97.1,normale,Hémoglobine dans les normes,4,17,5,False,False,normal,pluvieux
2023-05-19 18:20:27,Hôpital Général Douala,O+,38,12,0,26,3.9,6,100.0,normale,Parfait pour transfusion immédiate,4,18,5,False,False,normal,pluvieux
2023-05-20 02:57:09,Hôpital Laquintinie,O+,0,9,21,21,3.6,18,100.0,normale,Attention: proche expiration,5,2,5,True,False,épidémie,pluvieux
2023-05-20 04:40:40,Clinique des Spécialités,O+,11,5,0,6,3.5,3,79.8,critique,"URGENT: Stock critique - État satisfaisant, contrôle qualité OK",5,4,5,True,False,normal,pluvieux
2023-05-20 07:49:53,Clinique des Spécialités,O+,35,5,22,52,3.2,11,97.2,normale,"Bon état général, légère variation température",5,7,5,True,False,normal,orageux
2023-05-20 12:41:23,Clinique des Spécialités,O+,33,3,0,30,4.0,4,80.4,normale,"État satisfaisant, contrôle qualité OK",5,12,5,True,False,normal,orageux
2023-05-20 17:53:12,Hôpital Militaire,O+,40,3,0,37,3.6,32,99.9,normale,Parfait pour transfusion immédiate,5,17,5,True,False,normal,ensoleillé
2023-05-20 18:22:14,Centre Médical d'Excellence,O+,44,2,0,42,4.5,7,100.0,normale,Parfait pour transfusion immédiate,5,18,5,True,False,campagne_don,ensoleillé
2023-05-20 18:36:18,Centre Médical d'Excellence,O+,37,6,0,31,3.9,16,100.0,normale,Attention: proche expiration,5,18,5,True,False,normal,nuageux
2023-05-20 18:54:38,Hôpital Général Douala,O+,38,6,0,32,3.3,1,65.7,attention,"Excellent état, conservation parfaite",5,18,5,True,False,normal,nuageux
2023-05-20 21:15:18,Hôpital Militaire,O+,16,4,0,12,3.7,3,84.0,faible,Contrôle bactériologique négatif,5,21,5,True,False,normal,pluvieux
2023-05-20 22:29:18,Clinique des Spécialités,O+,46,7,0,39,3.0,22,97.9,normale,Parfait pour transfusion immédiate,5,22,5,True,False,normal,nuageux
2023-05-21 06:57:05,Clinique des Spécialités,O+,37,4,0,33,4.1,20,100.0,normale,Parfait pour transfusion immédiate,6,6,5,True,False,normal,ensoleillé
2023-05-21 16:12:23,Centre Médical d'Excellence,O+,21,6,0,15,4.4,22,100.0,faible,Hémoglobine dans les normes,6,16,5,True,False,normal,ensoleillé
2023-05-21 17:56:33,Hôpital Général Douala,O+,32,4,0,28,3.7,7,100.0,normale,"État satisfaisant, contrôle qualité OK",6,17,5,True,False,normal,pluvieux
2023-05-22 01:21:57,Centre Médical d'Excellence,O+,5,9,0,0,2.8,27,97.6,critique,URGENT: Stock critique - Urgent: vérifier température stockage,0,1,5,False,False,normal,nuageux
2023-05-22 02:15:20,Centre Médical d'Excellence,O+,20,13,0,7,4.5,8,100.0,critique,URGENT: Stock critique - Contrôle bactériologique négatif,0,2,5,False,False,normal,ensoleillé
2023-05-22 07:07:51,Hôpital Militaire,O+,56,9,24,71,4.2,13,96.5,normale,"Excellent état, conservation parfaite",0,7,5,False,False,normal,pluvieux
2023-05-22 10:30:54,Centre Médical d'Excellence,O+,57,8,0,49,3.3,1,64.1,attention,Hémoglobine dans les normes,0,10,5,False,False,normal,ensoleillé
2023-05-22 12:51:42,Clinique des Spécialités,O+,56,11,0,45,4.3,3,85.3,normale,"Excellent état, conservation parfaite",0,12,5,False,False,normal,ensoleillé
2023-05-22 15:43:46,Hôpital Laquintinie,O+,48,8,23,63,4.6,18,97.5,normale,Parfait pour transfusion immédiate,0,15,5,False,False,accident_route,pluvieux
2023-05-23 02:48:13,Clinique des Spécialités,O+,9,8,0,1,4.1,9,91.7,critique,"URGENT: Stock critique - Excellent état, conservation parfaite",1,2,5,False,False,normal,ensoleillé
2023-05-23 11:04:33,Clinique des Spécialités,O+,55,7,13,61,3.7,35,99.7,normale,"État satisfaisant, contrôle qualité OK",1,11,5,False,False,normal,nuageux
2023-05-23 15:23:00,Hôpital de District Bonassama,O+,58,9,0,49,4.6,12,100.0,normale,Urgent: vérifier température stockage,1,15,5,False,False,normal,pluvieux
2023-05-23 17:19:25,Centre Médical d'Excellence,O+,32,7,0,25,4.5,9,99.1,normale,Hémoglobine dans les normes,1,17,5,False,False,normal,nuageux
2023-05-23 19:57:25,Hôpital Militaire,O+,54,3,0,51,5.0,3,89.2,normale,Urgent: vérifier température stockage,1,19,5,False,False,normal,ensoleillé
2023-05-23 20:18:11,Clinique des Spécialités,O+,84,9,0,75,4.2,11,100.0,normale,Hémoglobine dans les normes,1,20,5,False,False,normal,ensoleillé
2023-05-23 20:38:46,Hôpital Laquintinie,O+,48,1,0,47,3.6,6,100.0,normale,Parfait pour transfusion immédiate,1,20,5,False,False,normal,ensoleillé
2023-05-24 09:37:26,Hôpital Militaire,O+,50,6,21,65,4.9,9,100.0,normale,Parfait pour transfusion immédiate,2,9,5,False,False,normal,ensoleillé
2023-05-24 10:24:14,Hôpital de District Bonassama,O+,38,8,0,30,4.1,20,100.0,normale,Hémoglobine dans les normes,2,10,5,False,False,normal,pluvieux
2023-05-24 12:44:02,Hôpital Laquintinie,O+,47,6,0,41,3.5,2,88.8,normale,"Excellent état, conservation parfaite",2,12,5,False,False,normal,nuageux
2023-05-24 13:34:16,Clinique des Spécialités,O+,36,9,0,27,4.2,14,99.3,normale,Parfait pour transfusion immédiate,2,13,5,False,False,normal,pluvieux
2023-05-24 14:00:30,Hôpital Laquintinie,O+,42,14,15,43,4.4,5,100.0,normale,"État satisfaisant, contrôle qualité OK",2,14,5,False,False,normal,orageux
2023-05-24 16:37:44,Hôpital Laquintinie,O+,55,4,0,51,4.0,5,98.1,normale,Hémoglobine dans les normes,2,16,5,False,False,normal,ensoleillé
2023-05-25 02:15:44,Hôpital Général Douala,O+,22,6,0,16,4.8,8,97.4,faible,"Excellent état, conservation parfaite",3,2,5,False,False,normal,pluvieux
2023-05-25 02:54:07,Hôpital Général Douala,O+,30,10,0,20,3.7,4,76.1,normale,Attention: proche expiration,3,2,5,False,False,urgence_médicale,nuageux
2023-05-25 12:12:19,Centre Médical d'Excellence,O+,70,8,0,62,4.5,40,100.0,normale,Parfait pour transfusion immédiate,3,12,5,False,False,normal,nuageux
2023-05-25 13:44:46,Hôpital de District Bonassama,O+,30,6,17,41,4.3,10,100.0,normale,Parfait pour transfusion immédiate,3,13,5,False,False,normal,nuageux
2023-05-25 17:02:47,Clinique des Spécialités,O+,45,8,18,55,4.3,1,64.2,attention,Parfait pour transfusion immédiate,3,17,5,False,False,normal,nuageux
2023-05-26 02:27:07,Clinique des Spécialités,O+,15,10,0,5,4.1,1,64.8,critique,"URGENT: Stock critique - État satisfaisant, contrôle qualité OK",4,2,5,False,False,normal,pluvieux
2023-05-26 05:12:33,Hôpital Général Douala,O+,22,9,23,36,3.2,18,100.0,normale,Parfait pour transfusion immédiate,4,5,5,False,False,normal,ensoleillé
2023-05-26 17:05:41,Hôpital Laquintinie,O+,61,6,0,55,3.6,21,100.0,normale,Urgent: vérifier température stockage,4,17,5,False,False,normal,ensoleillé
2023-05-26 17:16:57,Hôpital de District Bonassama,O+,58,7,19,70,3.3,14,100.0,normale,"État satisfaisant, contrôle qualité OK",4,17,5,False,False,normal,ensoleillé
2023-05-26 19:40:41,Centre Médical d'Excellence,O+,40,13,24,51,4.4,2,83.8,normale,"État satisfaisant, contrôle qualité OK",4,19,5,False,False,normal,nuageux
2023-05-27 00:38:33,Centre Médical d'Excellence,O+,16,9,0,7,3.4,4,83.2,critique,"URGENT: Stock critique - Excellent état, conservation parfaite",5,0,5,True,False,normal,pluvieux
2023-05-27 04:02:43,Centre Médical d'Excellence,O+,16,8,0,8,3.9,2,90.4,critique,"URGENT: Stock critique - Bon état général, légère variation température",5,4,5,True,False,normal,pluvieux
2023-05-27 10:31:20,Hôpital Général Douala,O+,52,4,19,67,3.6,17,100.0,normale,Urgent: vérifier température stockage,5,10,5,True,False,accident_route,ensoleillé
2023-05-27 14:22:03,Hôpital de District Bonassama,O+,54,8,0,46,4.4,6,89.9,normale,Parfait pour transfusion immédiate,5,14,5,True,False,normal,pluvieux
2023-05-27 18:50:36,Hôpital Laquintinie,O+,32,6,0,26,3.7,29,96.9,normale,Urgent: vérifier température stockage,5,18,5,True,False,normal,ensoleillé
2023-05-27 18:58:38,Hôpital Laquintinie,O+,29,5,17,41,4.3,11,93.2,normale,"Bon état général, légère variation température",5,18,5,True,False,normal,pluvieux
2023-05-27 20:21:26,Centre Médical d'Excellence,O+,36,7,15,44,4.7,24,98.9,normale,Attention: proche expiration,5,20,5,True,False,normal,orageux
2023-05-27 23:33:06,Centre Médical d'Excellence,O+,18,9,23,32,3.5,35,99.8,normale,Attention: proche expiration,5,23,5,True,False,normal,nuageux
2023-05-28 01:55:23,Centre Médical d'Excellence,O+,10,5,15,20,3.1,14,100.0,normale,"Excellent état, conservation parfaite",6,1,5,True,False,normal,ensoleillé
2023-05-28 02:44:56,Centre Médical d'Excellence,O+,21,4,0,17,3.7,1,61.6,faible,Contrôle bactériologique négatif,6,2,5,True,False,normal,ensoleillé
2023-05-28 03:58:09,Hôpital de District Bonassama,O+,14,0,0,14,3.9,33,95.7,faible,"État satisfaisant, contrôle qualité OK",6,3,5,True,False,normal,nuageux
2023-05-28 04:18:44,Hôpital Laquintinie,O+,14,6,22,30,4.2,5,97.0,normale,"Bon état général, légère variation température",6,4,5,True,False,normal,ensoleillé
2023-05-28 04:21:17,Hôpital Militaire,O+,13,5,0,8,3.0,1,61.2,critique,"URGENT: Stock critique - Excellent état, conservation parfaite",6,4,5,True,False,normal,orageux
2023-05-28 06:32:11,Hôpital Général Douala,O+,35,4,0,31,4.7,13,96.7,normale,"État satisfaisant, contrôle qualité OK",6,6,5,True,False,normal,pluvieux
2023-05-28 08:44:38,Hôpital Laquintinie,O+,32,2,0,30,4.2,1,59.8,attention,Contrôle bactériologique négatif,6,8,5,True,False,normal,ensoleillé
2023-05-28 10:38:48,Clinique des Spécialités,O+,47,3,22,66,3.6,15,100.0,normale,Urgent: vérifier température stockage,6,10,5,True,False,normal,pluvieux
2023-05-28 11:21:19,Hôpital Militaire,O+,46,9,0,37,4.0,55,99.8,normale,"Bon état général, légère variation température",6,11,5,True,False,normal,pluvieux
2023-05-28 14:11:14,Clinique des Spécialités,O+,51,0,13,64,4.0,12,100.0,normale,Attention: proche expiration,6,14,5,True,False,normal,ensoleillé
2023-05-28 16:45:24,Centre Médical d'Excellence,O+,25,5,21,41,4.4,8,95.1,normale,Hémoglobine dans les normes,6,16,5,True,False,normal,ensoleillé
2023-05-28 17:09:46,Hôpital de District Bonassama,O+,27,6,19,40,4.2,6,100.0,normale,"Excellent état, conservation parfaite",6,17,5,True,False,normal,nuageux
2023-05-28 18:58:36,Hôpital Laquintinie,O+,40,6,25,59,4.4,2,88.6,normale,Attention: proche expiration,6,18,5,True,False,normal,orageux
2023-05-28 22:14:30,Centre Médical d'Excellence,O+,31,8,0,23,4.5,7,100.0,normale,"Excellent état, conservation parfaite",6,22,5,True,False,normal,pluvieux
2023-05-29 03:43:51,Hôpital Laquintinie,O+,26,9,16,33,4.1,24,100.0,normale,Contrôle bactériologique négatif,0,3,5,False,False,normal,orageux
2023-05-29 04:58:34,Hôpital Militaire,O+,23,14,0,9,3.5,22,94.8,critique,"URGENT: Stock critique - Bon état général, légère variation température",0,4,5,False,False,normal,pluvieux
2023-05-29 07:43:19,Hôpital de District Bonassama,O+,43,8,0,35,4.0,20,100.0,normale,Hémoglobine dans les normes,0,7,5,False,False,normal,pluvieux
2023-05-29 11:00:27,Centre Médical d'Excellence,O+,69,5,0,64,4.5,1,56.3,attention,Contrôle bactériologique négatif,0,11,5,False,False,normal,nuageux
2023-05-29 11:58:37,Clinique des Spécialités,O+,78,6,0,72,4.4,22,100.0,normale,Attention: proche expiration,0,11,5,False,False,normal,pluvieux
2023-05-29 14:50:30,Hôpital Général Douala,O+,29,5,0,24,3.8,31,95.8,normale,Parfait pour transfusion immédiate,0,14,5,False,False,normal,ensoleillé
2023-05-29 22:19:18,Centre Médical d'Excellence,O+,69,4,0,65,3.1,11,97.1,normale,"Bon état général, légère variation température",0,22,5,False,False,normal,orageux
2023-05-29 23:49:19,Hôpital Laquintinie,O+,31,6,22,47,4.5,1,53.7,attention,Attention: proche expiration,0,23,5,False,False,normal,ensoleillé
2023-05-30 00:42:25,Hôpital de District Bonassama,O+,21,6,23,38,3.6,17,93.1,normale,"Excellent état, conservation parfaite",1,0,5,False,False,normal,ensoleillé
2023-05-30 02:10:31,Clinique des Spécialités,O+,34,9,0,25,4.7,1,48.4,attention,Hémoglobine dans les normes,1,2,5,False,False,normal,ensoleillé
2023-05-30 03:15:19,Centre Médical d'Excellence,O+,32,15,0,17,4.6,38,96.8,faible,"État satisfaisant, contrôle qualité OK",1,3,5,False,False,normal,pluvieux
2023-05-30 04:00:49,Centre Médical d'Excellence,O+,28,2,0,26,3.8,5,95.7,normale,"État satisfaisant, contrôle qualité OK",1,4,5,False,False,normal,pluvieux
2023-05-30 04:57:05,Centre Médical d'Excellence,O+,34,9,0,25,3.9,1,57.2,attention,Parfait pour transfusion immédiate,1,4,5,False,False,normal,pluvieux
2023-05-30 07:05:38,Hôpital Militaire,O+,62,9,21,74,3.6,22,100.0,normale,Parfait pour transfusion immédiate,1,7,5,False,False,normal,ensoleillé
2023-05-30 08:48:08,Centre Médical d'Excellence,O+,75,11,0,64,3.9,7,100.0,normale,"Excellent état, conservation parfaite",1,8,5,False,False,normal,pluvieux
2023-05-30 12:50:59,Hôpital Laquintinie,O+,21,3,0,18,3.4,1,60.2,faible,Attention: proche expiration,1,12,5,False,False,normal,orageux
2023-05-30 15:59:15,Hôpital Général Douala,O+,79,10,15,84,4.3,23,100.0,normale,Attention: proche expiration,1,15,5,False,False,normal,ensoleillé
2023-05-30 23:12:40,Hôpital Militaire,O+,25,4,24,45,4.0,27,97.8,normale,Contrôle bactériologique négatif,1,23,5,False,False,normal,pluvieux
2023-05-31 06:27:43,Hôpital Laquintinie,O+,70,5,0,65,4.1,9,94.5,normale,Hémoglobine dans les normes,2,6,5,False,False,normal,nuageux
2023-05-31 07:43:45,Hôpital de District Bonassama,O+,36,3,0,33,3.6,16,100.0,normale,"Excellent état, conservation parfaite",2,7,5,False,False,normal,pluvieux
2023-05-31 12:57:11,Hôpital Général Douala,O+,57,6,0,51,4.5,8,100.0,normale,Contrôle bactériologique négatif,2,12,5,False,False,normal,pluvieux
2023-05-31 15:07:56,Hôpital Général Douala,O+,54,6,20,68,4.2,11,100.0,normale,Contrôle bactériologique négatif,2,15,5,False,False,normal,pluvieux
2023-06-01 03:03:28,Clinique des Spécialités,O+,25,7,0,18,3.5,2,88.0,faible,Urgent: vérifier température stockage,3,3,6,False,False,normal,orageux
2023-06-01 11:10:58,Hôpital Militaire,O+,38,6,0,32,4.6,4,81.9,normale,Urgent: vérifier température stockage,3,11,6,False,False,normal,ensoleillé
2023-06-01 15:51:55,Hôpital Militaire,O+,43,10,0,33,5.0,7,100.0,normale,Contrôle bactériologique négatif,3,15,6,False,False,normal,ensoleillé
2023-06-01 17:00:58,Hôpital Général Douala,O+,21,9,17,29,4.6,1,57.8,attention,"Excellent état, conservation parfaite",3,17,6,False,False,normal,pluvieux
2023-06-02 05:31:35,Hôpital de District Bonassama,O+,16,5,0,11,4.1,47,100.0,faible,"Bon état général, légère variation température",4,5,6,False,False,normal,ensoleillé
2023-06-02 21:25:34,Hôpital de District Bonassama,O+,53,5,17,65,3.7,29,100.0,normale,"Bon état général, légère variation température",4,21,6,False,False,normal,ensoleillé
2023-06-02 23:41:18,Hôpital Général Douala,O+,32,1,0,31,4.2,10,98.8,normale,"Bon état général, légère variation température",4,23,6,False,False,normal,ensoleillé
2023-06-02 23:47:05,Hôpital Laquintinie,O+,18,5,0,13,3.1,8,99.7,faible,Urgent: vérifier température stockage,4,23,6,False,False,normal,orageux
2023-06-03 01:43:00,Centre Médical d'Excellence,O+,12,6,13,19,3.9,18,96.4,faible,Hémoglobine dans les normes,5,1,6,True,False,normal,ensoleillé
2023-06-03 07:40:46,Hôpital Militaire,O+,39,4,0,35,4.7,4,81.8,normale,Parfait pour transfusion immédiate,5,7,6,True,False,normal,pluvieux
2023-06-03 09:00:20,Hôpital Militaire,O+,38,6,26,58,4.3,5,100.0,normale,"État satisfaisant, contrôle qualité OK",5,9,6,True,False,normal,ensoleillé
2023-06-03 16:26:07,Hôpital Militaire,O+,37,3,0,34,4.7,11,99.1,normale,Parfait pour transfusion immédiate,5,16,6,True,False,normal,nuageux
2023-06-03 17:52:20,Hôpital Laquintinie,O+,35,3,0,32,3.9,24,94.1,normale,"Excellent état, conservation parfaite",5,17,6,True,False,normal,ensoleillé
2023-06-03 21:19:13,Hôpital Général Douala,O+,36,8,0,28,4.4,12,100.0,normale,"Bon état général, légère variation température",5,21,6,True,False,normal,ensoleillé
2023-06-03 23:03:15,Hôpital Militaire,O+,15,2,0,13,4.7,21,100.0,faible,Attention: proche expiration,5,23,6,True,False,normal,nuageux
2023-06-04 00:25:43,Hôpital Militaire,O+,11,1,0,10,4.2,1,64.8,faible,"État satisfaisant, contrôle qualité OK",6,0,6,True,False,normal,pluvieux
2023-06-04 07:20:20,Hôpital Laquintinie,O+,25,5,0,20,3.7,24,100.0,normale,Hémoglobine dans les normes,6,7,6,True,False,normal,ensoleillé
2023-06-05 06:36:36,Clinique des Spécialités,O+,38,11,11,38,3.5,1,58.5,attention,Hémoglobine dans les normes,0,6,6,False,False,normal,pluvieux
2023-06-05 06:48:13,Hôpital Militaire,O+,61,4,0,57,4.5,23,100.0,normale,Contrôle bactériologique négatif,0,6,6,False,False,normal,pluvieux
2023-06-05 10:56:13,Hôpital de District Bonassama,O+,36,7,0,29,4.2,25,95.1,normale,Hémoglobine dans les normes,0,10,6,False,False,normal,nuageux
2023-06-05 12:11:38,Centre Médical d'Excellence,O+,56,5,0,51,4.5,28,90.8,normale,"Bon état général, légère variation température",0,12,6,False,False,normal,nuageux
2023-06-05 12:58:14,Hôpital Général Douala,O+,76,2,0,74,3.4,28,100.0,normale,Urgent: vérifier température stockage,0,12,6,False,False,normal,pluvieux
2023-06-05 14:26:36,Hôpital Général Douala,O+,44,3,0,41,5.2,1,51.5,attention,"Excellent état, conservation parfaite",0,14,6,False,False,normal,orageux
2023-06-05 15:57:08,Clinique des Spécialités,O+,23,8,0,15,4.0,10,92.7,faible,"Bon état général, légère variation température",0,15,6,False,False,normal,pluvieux
2023-06-05 18:12:23,Hôpital Général Douala,O+,41,7,0,34,3.2,2,90.4,normale,"Bon état général, légère variation température",0,18,6,False,False,normal,orageux
2023-06-05 18:46:08,Hôpital Général Douala,O+,49,5,0,44,4.6,15,96.7,normale,Contrôle bactériologique négatif,0,18,6,False,False,normal,nuageux
2023-06-05 22:46:50,Hôpital Général Douala,O+,29,7,0,22,3.4,12,100.0,normale,Hémoglobine dans les normes,0,22,6,False,False,normal,nuageux
2023-06-06 10:40:03,Centre Médical d'Excellence,O+,46,8,0,38,3.9,51,95.9,normale,Hémoglobine dans les normes,1,10,6,False,False,normal,pluvieux
2023-06-06 14:44:39,Hôpital Laquintinie,O+,38,10,0,28,3.8,36,100.0,normale,"Bon état général, légère variation température",1,14,6,False,False,normal,orageux
2023-06-06 14:47:25,Hôpital Laquintinie,O+,56,8,19,67,3.7,13,91.4,normale,"Excellent état, conservation parfaite",1,14,6,False,False,normal,pluvieux
2023-06-06 20:32:10,Clinique des Spécialités,O+,56,4,21,73,4.4,59,95.8,normale,Urgent: vérifier température stockage,1,20,6,False,False,normal,orageux
2023-06-06 23:25:42,Hôpital Général Douala,O+,14,6,0,8,3.8,20,100.0,critique,"URGENT: Stock critique - Excellent état, conservation parfaite",1,23,6,False,False,normal,ensoleillé
2023-06-07 00:46:04,Hôpital Général Douala,O+,28,11,0,17,4.5,10,92.3,faible,"Excellent état, conservation parfaite",2,0,6,False,False,normal,ensoleillé
2023-06-07 01:02:24,Clinique des Spécialités,O+,36,7,21,50,4.0,6,98.4,normale,Attention: proche expiration,2,1,6,False,False,normal,ensoleillé
2023-06-07 01:37:50,Clinique des Spécialités,O+,8,4,0,4,4.2,15,100.0,critique,"URGENT: Stock critique - Excellent état, conservation parfaite",2,1,6,False,False,normal,ensoleillé
2023-06-07 13:56:08,Clinique des Spécialités,O+,29,6,0,23,4.5,29,100.0,normale,"État satisfaisant, contrôle qualité OK",2,13,6,False,False,normal,pluvieux
2023-06-07 14:25:48,Centre Médical d'Excellence,O+,77,8,0,69,4.2,1,58.6,attention,"Excellent état, conservation parfaite",2,14,6,False,False,normal,pluvieux
2023-06-07 17:12:45,Clinique des Spécialités,O+,24,10,0,14,4.3,1,60.4,faible,Urgent: vérifier température stockage,2,17,6,False,False,urgence_médicale,pluvieux
2023-06-07 21:13:26,Hôpital de District Bonassama,O+,68,4,0,64,4.7,30,100.0,normale,Hémoglobine dans les normes,2,21,6,False,False,normal,pluvieux
2023-06-07 23:11:53,Hôpital Laquintinie,O+,32,6,0,26,4.4,4,83.0,normale,Contrôle bactériologique négatif,2,23,6,False,False,urgence_médicale,pluvieux
2023-06-07 23:20:32,Hôpital de District Bonassama,O+,19,13,0,6,4.7,6,100.0,critique,"URGENT: Stock critique - Bon état général, légère variation température",2,23,6,False,False,normal,pluvieux
2023-06-07 23:42:03,Centre Médical d'Excellence,O+,21,10,0,11,4.5,6,100.0,faible,"Bon état général, légère variation température",2,23,6,False,False,normal,pluvieux
2023-06-08 03:25:44,Hôpital Général Douala,O+,34,5,0,29,4.0,14,99.2,normale,"Excellent état, conservation parfaite",3,3,6,False,False,normal,nuageux
2023-06-08 04:36:23,Hôpital Laquintinie,O+,20,1,0,19,4.2,8,100.0,faible,"État satisfaisant, contrôle qualité OK",3,4,6,False,False,normal,ensoleillé
2023-06-08 06:38:21,Hôpital Général Douala,O+,49,10,15,54,4.8,3,84.4,normale,Contrôle bactériologique négatif,3,6,6,False,False,normal,ensoleillé
2023-06-08 11:41:14,Hôpital de District Bonassama,O+,60,3,12,69,3.6,16,100.0,normale,Parfait pour transfusion immédiate,3,11,6,False,False,normal,pluvieux
2023-06-08 12:43:30,Clinique des Spécialités,O+,49,11,23,61,3.9,9,96.6,normale,"Excellent état, conservation parfaite",3,12,6,False,False,normal,pluvieux
2023-06-08 12:53:05,Centre Médical d'Excellence,O+,44,6,0,38,4.2,1,66.7,attention,"Excellent état, conservation parfaite",3,12,6,False,False,normal,ensoleillé
2023-06-08 14:11:30,Clinique des Spécialités,O+,32,9,0,23,4.2,12,91.9,normale,Urgent: vérifier température stockage,3,14,6,False,False,normal,ensoleillé
2023-06-08 14:30:56,Hôpital Général Douala,O+,60,1,0,59,4.7,1,70.3,normale,Attention: proche expiration,3,14,6,False,False,normal,nuageux
2023-06-08 16:48:34,Hôpital Laquintinie,O+,39,3,0,36,4.0,8,100.0,normale,Urgent: vérifier température stockage,3,16,6,False,False,normal,nuageux
2023-06-08 18:56:05,Hôpital de District Bonassama,O+,53,5,19,67,3.9,13,100.0,normale,Parfait pour transfusion immédiate,3,18,6,False,False,normal,ensoleillé
2023-06-08 19:44:54,Hôpital Militaire,O+,73,7,0,66,4.3,2,80.1,normale,Hémoglobine dans les normes,3,19,6,False,False,campagne_don,ensoleillé
2023-06-08 19:50:35,Hôpital Militaire,O+,42,8,0,34,3.3,3,86.7,normale,"Excellent état, conservation parfaite",3,19,6,False,False,normal,orageux
2023-06-08 21:27:09,Hôpital Général Douala,O+,52,11,0,41,4.4,21,99.3,normale,Parfait pour transfusion immédiate,3,21,6,False,False,normal,ensoleillé
2023-06-09 00:26:34,Hôpital Laquintinie,O+,26,10,0,16,4.4,6,100.0,faible,Contrôle bactériologique négatif,4,0,6,False,False,normal,pluvieux
2023-06-09 03:51:54,Centre Médical d'Excellence,O+,28,6,0,22,4.4,18,99.9,normale,Attention: proche expiration,4,3,6,False,False,normal,pluvieux
2023-06-09 06:28:40,Hôpital Laquintinie,O+,43,9,0,34,4.2,27,99.0,normale,Attention: proche expiration,4,6,6,False,False,normal,orageux
2023-06-09 11:11:19,Clinique des Spécialités,O+,76,8,22,90,4.1,21,95.0,normale,Attention: proche expiration,4,11,6,False,False,normal,ensoleillé
2023-06-09 16:09:25,Hôpital de District Bonassama,O+,40,9,0,31,4.0,7,100.0,normale,Attention: proche expiration,4,16,6,False,False,urgence_médicale,ensoleillé
2023-06-09 16:43:03,Hôpital Général Douala,O+,29,6,22,45,3.9,18,100.0,normale,Attention: proche expiration,4,16,6,False,False,normal,pluvieux
2023-06-09 18:36:16,Hôpital Militaire,O+,66,8,0,58,4.2,6,100.0,normale,"Excellent état, conservation parfaite",4,18,6,False,False,normal,ensoleillé
2023-06-10 07:35:16,Hôpital Laquintinie,O+,19,3,0,16,4.5,8,93.2,faible,Attention: proche expiration,5,7,6,True,False,normal,pluvieux
2023-06-10 10:38:46,Centre Médical d'Excellence,O+,41,6,24,59,4.6,8,100.0,normale,Contrôle bactériologique négatif,5,10,6,True,False,normal,pluvieux
2023-06-10 11:13:19,Hôpital Militaire,O+,57,6,0,51,2.6,27,100.0,normale,"Bon état général, légère variation température",5,11,6,True,False,normal,nuageux
2023-06-10 14:55:28,Hôpital de District Bonassama,O+,39,7,0,32,4.2,24,100.0,normale,Hémoglobine dans les normes,5,14,6,True,False,normal,nuageux
2023-06-10 15:50:33,Hôpital Militaire,O+,15,4,0,11,3.9,8,93.6,faible,Hémoglobine dans les normes,5,15,6,True,False,normal,nuageux
2023-06-10 20:50:47,Hôpital de District Bonassama,O+,22,3,0,19,3.9,3,84.9,faible,Parfait pour transfusion immédiate,5,20,6,True,False,normal,nuageux
2023-06-10 22:45:00,Hôpital Général Douala,O+,29,6,0,23,4.7,14,100.0,normale,Attention: proche expiration,5,22,6,True,False,normal,pluvieux
2023-06-11 06:09:56,Hôpital Militaire,O+,57,4,0,53,3.9,31,100.0,normale,"Excellent état, conservation parfaite",6,6,6,True,False,urgence_médicale,ensoleillé
2023-06-11 13:30:39,Centre Médical d'Excellence,O+,25,3,0,22,3.8,10,98.8,normale,Contrôle bactériologique négatif,6,13,6,True,False,normal,nuageux
2023-06-11 16:50:20,Hôpital Militaire,O+,23,3,0,20,3.9,7,100.0,normale,"Excellent état, conservation parfaite",6,16,6,True,False,normal,ensoleillé
2023-06-11 18:53:52,Hôpital de District Bonassama,O+,33,7,0,26,3.4,5,96.8,normale,Hémoglobine dans les normes,6,18,6,True,False,normal,pluvieux
2023-06-11 20:33:20,Hôpital Général Douala,O+,27,8,0,19,3.7,2,75.0,faible,Contrôle bactériologique négatif,6,20,6,True,False,normal,pluvieux
2023-06-11 20:34:58,Hôpital Laquintinie,O+,29,9,14,34,4.7,1,59.6,attention,Parfait pour transfusion immédiate,6,20,6,True,False,normal,nuageux
2023-06-11 22:09:52,Hôpital Laquintinie,O+,38,3,0,35,4.7,3,82.8,normale,"État satisfaisant, contrôle qualité OK",6,22,6,True,False,normal,nuageux
2023-06-12 07:34:14,Hôpital Laquintinie,O+,32,8,0,24,3.7,3,81.9,normale,Urgent: vérifier température stockage,0,7,6,False,False,normal,ensoleillé
2023-06-12 12:07:20,Hôpital de District Bonassama,O+,50,10,0,40,4.0,1,60.7,attention,Urgent: vérifier température stockage,0,12,6,False,False,normal,ensoleillé
2023-06-12 13:17:13,Clinique des Spécialités,O+,47,11,0,36,4.0,4,81.5,normale,Parfait pour transfusion immédiate,0,13,6,False,False,normal,pluvieux
2023-06-12 19:08:08,Hôpital Général Douala,O+,58,10,29,77,5.2,5,96.6,normale,"Bon état général, légère variation température",0,19,6,False,False,normal,ensoleillé
2023-06-12 20:17:33,Hôpital Laquintinie,O+,32,9,0,23,4.0,9,100.0,normale,"État satisfaisant, contrôle qualité OK",0,20,6,False,False,normal,orageux
2023-06-12 20:23:54,Hôpital de District Bonassama,O+,49,4,0,45,4.3,1,65.7,attention,Hémoglobine dans les normes,0,20,6,False,False,normal,pluvieux
2023-06-12 22:25:49,Hôpital Laquintinie,O+,51,8,0,43,3.8,6,100.0,normale,"État satisfaisant, contrôle qualité OK",0,22,6,False,False,normal,ensoleillé
2023-06-13 09:24:06,Hôpital Général Douala,O+,38,3,0,35,4.0,16,100.0,normale,"Excellent état, conservation parfaite",1,9,6,False,False,normal,pluvieux
2023-06-13 10:29:33,Clinique des Spécialités,O+,43,9,0,34,4.2,11,99.8,normale,"Excellent état, conservation parfaite",1,10,6,False,False,normal,ensoleillé
2023-06-13 15:24:35,Centre Médical d'Excellence,O+,56,9,0,47,3.9,6,100.0,normale,Attention: proche expiration,1,15,6,False,False,normal,ensoleillé
2023-06-13 17:07:33,Hôpital Militaire,O+,53,9,0,44,4.4,21,100.0,normale,Parfait pour transfusion immédiate,1,17,6,False,False,normal,orageux
2023-06-13 17:40:08,Centre Médical d'Excellence,O+,43,12,0,31,4.1,14,100.0,normale,Urgent: vérifier température stockage,1,17,6,False,False,normal,ensoleillé
2023-06-13 23:47:53,Hôpital Militaire,O+,10,8,0,2,3.3,18,100.0,critique,"URGENT: Stock critique - Bon état général, légère variation température",1,23,6,False,False,normal,pluvieux
2023-06-14 02:20:20,Clinique des Spécialités,O+,26,8,0,18,3.8,21,100.0,faible,Urgent: vérifier température stockage,2,2,6,False,False,normal,ensoleillé
2023-06-14 07:00:19,Hôpital de District Bonassama,O+,53,12,0,41,3.1,39,100.0,normale,Attention: proche expiration,2,7,6,False,False,normal,orageux
2023-06-14 08:23:37,Hôpital Militaire,O+,77,11,0,66,3.8,3,80.7,normale,Attention: proche expiration,2,8,6,False,False,normal,ensoleillé
2023-06-14 12:02:40,Hôpital Laquintinie,O+,58,10,0,48,3.8,2,83.2,normale,"Excellent état, conservation parfaite",2,12,6,False,False,normal,ensoleillé
2023-06-14 16:04:57,Centre Médical d'Excellence,O+,61,1,16,76,3.6,6,100.0,normale,Urgent: vérifier température stockage,2,16,6,False,False,urgence_médicale,nuageux
2023-06-14 18:38:40,Hôpital Militaire,O+,24,5,0,19,3.1,5,97.9,faible,"Bon état général, légère variation température",2,18,6,False,False,normal,ensoleillé
2023-06-14 21:07:29,Centre Médical d'Excellence,O+,80,7,0,73,4.2,13,94.9,normale,Attention: proche expiration,2,21,6,False,False,normal,nuageux
2023-06-15 00:55:15,Clinique des Spécialités,O+,26,9,21,38,4.4,2,77.3,normale,Urgent: vérifier température stockage,3,0,6,False,False,normal,nuageux
2023-06-15 05:41:00,Centre Médical d'Excellence,O+,36,8,19,47,3.5,1,55.0,attention,"État satisfaisant, contrôle qualité OK",3,5,6,False,False,normal,pluvieux
2023-06-15 10:57:45,Hôpital de District Bonassama,O+,59,11,0,48,4.8,28,100.0,normale,"État satisfaisant, contrôle qualité OK",3,10,6,False,False,normal,nuageux
2023-06-15 16:00:42,Hôpital Laquintinie,O+,40,11,0,29,3.6,11,100.0,normale,Parfait pour transfusion immédiate,3,16,6,False,False,normal,ensoleillé
2023-06-15 16:13:18,Clinique des Spécialités,O+,64,8,17,73,4.1,8,97.3,normale,Attention: proche expiration,3,16,6,False,False,normal,ensoleillé
2023-06-15 21:32:56,Centre Médical d'Excellence,O+,60,2,0,58,3.5,46,100.0,normale,Attention: proche expiration,3,21,6,False,False,normal,ensoleillé
2023-06-16 07:35:26,Hôpital Général Douala,O+,65,5,0,60,3.8,2,93.2,normale,"Excellent état, conservation parfaite",4,7,6,False,False,normal,nuageux
2023-06-16 08:19:54,Clinique des Spécialités,O+,52,7,17,62,4.4,2,89.8,normale,Contrôle bactériologique négatif,4,8,6,False,False,normal,nuageux
2023-06-16 09:41:51,Hôpital Militaire,O+,56,11,0,45,3.4,1,52.4,attention,"Bon état général, légère variation température",4,9,6,False,False,normal,ensoleillé
2023-06-16 14:40:35,Centre Médical d'Excellence,O+,37,10,0,27,4.4,5,93.5,normale,"Bon état général, légère variation température",4,14,6,False,False,normal,nuageux
2023-06-16 17:12:22,Hôpital Général Douala,O+,32,7,0,25,4.1,4,86.0,normale,Attention: proche expiration,4,17,6,False,False,normal,pluvieux
2023-06-16 18:37:12,Centre Médical d'Excellence,O+,55,5,0,50,4.5,5,100.0,normale,Contrôle bactériologique négatif,4,18,6,False,False,normal,pluvieux
2023-06-16 19:24:29,Centre Médical d'Excellence,O+,39,11,0,28,4.1,2,83.5,normale,"Excellent état, conservation parfaite",4,19,6,False,False,normal,nuageux
2023-06-16 20:26:27,Clinique des Spécialités,O+,59,5,21,75,3.5,5,100.0,normale,"Excellent état, conservation parfaite",4,20,6,False,False,normal,pluvieux
2023-06-16 22:27:58,Hôpital Général Douala,O+,37,10,0,27,4.2,52,100.0,normale,"Excellent état, conservation parfaite",4,22,6,False,False,normal,orageux
2023-06-16 22:34:01,Hôpital Général Douala,O+,51,15,26,62,3.8,1,53.0,attention,Urgent: vérifier température stockage,4,22,6,False,False,normal,nuageux
2023-06-17 05:52:09,Centre Médical d'Excellence,O+,14,4,25,35,4.2,2,94.2,normale,"Bon état général, légère variation température",5,5,6,True,False,normal,orageux
2023-06-17 07:02:29,Hôpital Laquintinie,O+,17,4,0,13,3.2,1,56.1,faible,Parfait pour transfusion immédiate,5,7,6,True,False,normal,pluvieux
2023-06-17 08:01:19,Hôpital Général Douala,O+,42,4,0,38,3.9,1,56.8,attention,Attention: proche expiration,5,8,6,True,False,normal,orageux
2023-06-17 08:18:01,Centre Médical d'Excellence,O+,33,6,0,27,3.3,54,100.0,normale,Hémoglobine dans les normes,5,8,6,True,False,normal,pluvieux
2023-06-17 08:52:43,Hôpital Général Douala,O+,58,4,0,54,4.5,12,94.0,normale,Hémoglobine dans les normes,5,8,6,True,False,normal,pluvieux
2023-06-17 10:48:28,Hôpital Général Douala,O+,41,8,0,33,3.8,10,93.9,normale,"Bon état général, légère variation température",5,10,6,True,False,normal,ensoleillé
2023-06-17 14:00:23,Centre Médical d'Excellence,O+,30,8,18,40,4.2,17,100.0,normale,"État satisfaisant, contrôle qualité OK",5,14,6,True,False,normal,pluvieux
2023-06-17 17:42:17,Hôpital Général Douala,O+,49,6,0,43,4.4,11,100.0,normale,Attention: proche expiration,5,17,6,True,False,normal,ensoleillé
2023-06-17 18:20:31,Clinique des Spécialités,O+,45,10,0,35,4.2,32,98.0,normale,"Bon état général, légère variation température",5,18,6,True,False,normal,ensoleillé
2023-06-18 05:43:19,Hôpital Militaire,O+,9,0,18,27,4.5,24,100.0,normale,"Bon état général, légère variation température",6,5,6,True,False,normal,ensoleillé
2023-06-18 07:21:44,Hôpital Militaire,O+,39,4,0,35,3.8,3,85.5,normale,Attention: proche expiration,6,7,6,True,False,normal,nuageux
2023-06-18 10:30:35,Hôpital Militaire,O+,36,5,0,31,3.3,13,100.0,normale,Attention: proche expiration,6,10,6,True,False,normal,pluvieux
2023-06-18 11:54:12,Hôpital de District Bonassama,O+,28,4,0,24,4.9,8,100.0,normale,Hémoglobine dans les normes,6,11,6,True,False,normal,pluvieux
2023-06-18 15:28:33,Hôpital Général Douala,O+,55,5,0,50,3.8,11,100.0,normale,"État satisfaisant, contrôle qualité OK",6,15,6,True,False,normal,ensoleillé
2023-06-18 15:35:01,Hôpital Laquintinie,O+,10,7,18,21,3.8,8,100.0,normale,Urgent: vérifier température stockage,6,15,6,True,False,normal,ensoleillé
2023-06-18 15:52:28,Hôpital Militaire,O+,36,8,0,28,3.9,15,100.0,normale,Contrôle bactériologique négatif,6,15,6,True,False,normal,pluvieux
2023-06-19 06:41:24,Hôpital de District Bonassama,O+,25,7,23,41,4.2,1,59.8,attention,Contrôle bactériologique négatif,0,6,6,False,False,normal,nuageux
2023-06-19 09:05:12,Hôpital Général Douala,O+,50,6,0,44,4.6,18,99.7,normale,"Bon état général, légère variation température",0,9,6,False,False,normal,pluvieux
2023-06-19 11:52:59,Hôpital de District Bonassama,O+,46,8,0,38,3.5,17,91.2,normale,Parfait pour transfusion immédiate,0,11,6,False,False,épidémie,orageux
2023-06-19 13:03:02,Hôpital Général Douala,O+,29,9,0,20,3.4,5,93.0,normale,"Excellent état, conservation parfaite",0,13,6,False,False,normal,orageux
2023-06-19 13:45:14,Centre Médical d'Excellence,O+,42,10,0,32,4.2,8,100.0,normale,Parfait pour transfusion immédiate,0,13,6,False,False,normal,pluvieux
2023-06-19 15:42:41,Centre Médical d'Excellence,O+,55,12,19,62,4.4,43,93.8,normale,"État satisfaisant, contrôle qualité OK",0,15,6,False,False,normal,ensoleillé
2023-06-19 16:49:40,Hôpital Militaire,O+,53,7,0,46,3.5,17,100.0,normale,Urgent: vérifier température stockage,0,16,6,False,False,normal,pluvieux
2023-06-19 18:32:28,Hôpital de District Bonassama,O+,60,6,0,54,4.0,3,80.9,normale,Attention: proche expiration,0,18,6,False,False,normal,orageux
2023-06-19 19:10:06,Hôpital Militaire,O+,42,4,0,38,4.1,2,83.7,normale,Parfait pour transfusion immédiate,0,19,6,False,False,normal,pluvieux
2023-06-19 20:16:58,Centre Médical d'Excellence,O+,38,9,0,29,3.9,13,100.0,normale,Hémoglobine dans les normes,0,20,6,False,False,normal,ensoleillé
2023-06-20 06:37:51,Clinique des Spécialités,O+,37,6,0,31,4.4,16,98.6,normale,Contrôle bactériologique négatif,1,6,6,False,False,normal,nuageux
2023-06-20 08:45:43,Hôpital de District Bonassama,O+,44,10,0,34,4.7,21,100.0,normale,Contrôle bactériologique négatif,1,8,6,False,False,normal,orageux
2023-06-20 09:40:47,Hôpital Général Douala,O+,57,10,0,47,4.4,27,100.0,normale,Urgent: vérifier température stockage,1,9,6,False,False,normal,ensoleillé
2023-06-20 16:03:37,Clinique des Spécialités,O+,41,4,17,54,3.7,21,100.0,normale,Contrôle bactériologique négatif,1,16,6,False,False,normal,ensoleillé
2023-06-20 17:17:50,Clinique des Spécialités,O+,54,6,28,76,4.5,17,100.0,normale,Contrôle bactériologique négatif,1,17,6,False,False,normal,ensoleillé
2023-06-20 18:08:52,Hôpital de District Bonassama,O+,36,8,0,28,3.7,1,67.4,attention,"État satisfaisant, contrôle qualité OK",1,18,6,False,False,normal,ensoleillé
2023-06-20 20:03:53,Hôpital de District Bonassama,O+,71,9,0,62,3.7,17,100.0,normale,Contrôle bactériologique négatif,1,20,6,False,False,normal,orageux
2023-06-21 00:51:37,Clinique des Spécialités,O+,36,12,0,24,3.9,1,64.5,attention,Urgent: vérifier température stockage,2,0,6,False,False,normal,ensoleillé
2023-06-21 03:00:16,Clinique des Spécialités,O+,34,7,0,27,3.8,9,100.0,normale,Attention: proche expiration,2,3,6,False,False,normal,pluvieux
2023-06-21 03:56:43,Hôpital Laquintinie,O+,27,7,0,20,4.3,17,100.0,normale,Parfait pour transfusion immédiate,2,3,6,False,False,normal,pluvieux
2023-06-21 06:41:03,Hôpital Général Douala,O+,43,6,0,37,3.6,23,100.0,normale,Urgent: vérifier température stockage,2,6,6,False,False,normal,ensoleillé
2023-06-21 07:24:25,Centre Médical d'Excellence,O+,46,7,0,39,4.3,28,96.6,normale,"Bon état général, légère variation température",2,7,6,False,False,normal,ensoleillé
2023-06-21 08:06:33,Hôpital Général Douala,O+,62,9,0,53,4.7,17,92.8,normale,Attention: proche expiration,2,8,6,False,False,normal,pluvieux
2023-06-21 08:39:28,Hôpital de District Bonassama,O+,54,10,19,63,5.6,13,94.6,normale,"Bon état général, légère variation température",2,8,6,False,False,normal,nuageux
2023-06-21 09:59:08,Hôpital de District Bonassama,O+,75,5,0,70,3.3,5,94.2,normale,Attention: proche expiration,2,9,6,False,False,normal,orageux
2023-06-21 12:31:30,Hôpital de District Bonassama,O+,30,10,0,20,4.9,8,100.0,normale,Attention: proche expiration,2,12,6,False,False,normal,ensoleillé
2023-06-21 14:38:15,Centre Médical d'Excellence,O+,33,9,29,53,4.0,33,97.2,normale,Urgent: vérifier température stockage,2,14,6,False,False,normal,orageux
2023-06-22 02:44:53,Hôpital de District Bonassama,O+,26,10,0,16,3.2,26,100.0,faible,Hémoglobine dans les normes,3,2,6,False,False,normal,nuageux
2023-06-22 06:32:50,Clinique des Spécialités,O+,79,6,0,73,4.2,4,87.0,normale,"État satisfaisant, contrôle qualité OK",3,6,6,False,False,normal,ensoleillé
2023-06-22 07:50:50,Hôpital Militaire,O+,32,7,0,25,3.7,7,100.0,normale,"Excellent état, conservation parfaite",3,7,6,False,False,normal,ensoleillé
2023-06-22 08:25:00,Hôpital Laquintinie,O+,33,6,19,46,3.6,9,100.0,normale,"Bon état général, légère variation température",3,8,6,False,False,normal,pluvieux
2023-06-22 13:05:30,Clinique des Spécialités,O+,69,16,0,53,3.7,19,100.0,normale,"État satisfaisant, contrôle qualité OK",3,13,6,False,False,normal,pluvieux
2023-06-22 17:10:41,Centre Médical d'Excellence,O+,65,15,22,72,4.5,4,79.5,normale,"Excellent état, conservation parfaite",3,17,6,False,False,normal,ensoleillé
2023-06-22 18:29:41,Hôpital Général Douala,O+,42,7,0,35,3.8,5,96.1,normale,Contrôle bactériologique négatif,3,18,6,False,False,normal,ensoleillé
2023-06-23 00:56:58,Clinique des Spécialités,O+,15,11,0,4,3.7,9,100.0,critique,URGENT: Stock critique - Hémoglobine dans les normes,4,0,6,False,False,normal,pluvieux
2023-06-23 09:44:19,Hôpital Laquintinie,O+,48,7,0,41,3.5,1,60.7,attention,Hémoglobine dans les normes,4,9,6,False,False,normal,ensoleillé
2023-06-23 10:36:53,Hôpital Militaire,O+,61,9,27,79,3.8,38,100.0,normale,Urgent: vérifier température stockage,4,10,6,False,False,normal,pluvieux
2023-06-23 14:59:47,Centre Médical d'Excellence,O+,44,11,17,50,3.6,13,92.7,normale,"Excellent état, conservation parfaite",4,14,6,False,False,normal,pluvieux
2023-06-23 15:02:46,Hôpital Laquintinie,O+,59,5,17,71,3.8,8,100.0,normale,Parfait pour transfusion immédiate,4,15,6,False,False,urgence_médicale,ensoleillé
2023-06-23 15:50:33,Centre Médical d'Excellence,O+,30,6,0,24,3.8,6,100.0,normale,"État satisfaisant, contrôle qualité OK",4,15,6,False,False,normal,pluvieux
2023-06-23 18:46:58,Clinique des Spécialités,O+,49,5,0,44,4.9,5,96.4,normale,"État satisfaisant, contrôle qualité OK",4,18,6,False,False,normal,ensoleillé
2023-06-23 19:00:52,Centre Médical d'Excellence,O+,56,4,0,52,4.2,2,85.0,normale,Hémoglobine dans les normes,4,19,6,False,False,normal,nuageux
2023-06-24 00:09:43,Hôpital Général Douala,O+,3,5,0,0,3.8,16,94.8,critique,URGENT: Stock critique - Parfait pour transfusion immédiate,5,0,6,True,False,normal,ensoleillé
2023-06-24 02:12:48,Hôpital Militaire,O+,11,5,24,30,3.3,3,92.2,normale,"État satisfaisant, contrôle qualité OK",5,2,6,True,False,normal,pluvieux
2023-06-24 03:34:47,Hôpital Général Douala,O+,22,4,0,18,3.2,1,60.6,faible,"Excellent état, conservation parfaite",5,3,6,True,False,normal,ensoleillé
2023-06-24 05:39:59,Hôpital Laquintinie,O+,21,4,11,28,3.1,21,100.0,normale,"Bon état général, légère variation température",5,5,6,True,False,normal,pluvieux
2023-06-24 14:12:50,Hôpital Laquintinie,O+,46,8,0,38,4.2,6,99.3,normale,Contrôle bactériologique négatif,5,14,6,True,False,normal,orageux
2023-06-24 18:57:06,Hôpital de District Bonassama,O+,31,5,0,26,3.6,6,100.0,normale,Hémoglobine dans les normes,5,18,6,True,False,normal,nuageux
2023-06-24 20:25:51,Hôpital de District Bonassama,O+,27,4,19,42,4.1,2,79.7,normale,Attention: proche expiration,5,20,6,True,False,normal,nuageux
2023-06-25 05:29:17,Hôpital Militaire,O+,13,3,23,33,4.5,33,100.0,normale,Urgent: vérifier température stockage,6,5,6,True,False,normal,ensoleillé
2023-06-25 07:24:49,Hôpital de District Bonassama,O+,29,3,0,26,4.8,8,100.0,normale,Parfait pour transfusion immédiate,6,7,6,True,False,normal,ensoleillé
2023-06-25 17:34:25,Hôpital Laquintinie,O+,36,3,16,49,3.8,1,58.7,attention,"État satisfaisant, contrôle qualité OK",6,17,6,True,False,normal,orageux
2023-06-25 17:47:19,Hôpital Laquintinie,O+,36,6,17,47,4.5,3,85.6,normale,Parfait pour transfusion immédiate,6,17,6,True,False,normal,orageux
2023-06-25 20:59:02,Hôpital Militaire,O+,23,6,17,34,4.1,1,60.5,attention,Urgent: vérifier température stockage,6,20,6,True,False,normal,nuageux
2023-06-25 23:09:34,Hôpital Militaire,O+,17,2,0,15,4.0,3,93.4,faible,Attention: proche expiration,6,23,6,True,False,normal,orageux
2023-06-25 23:24:09,Clinique des Spécialités,O+,21,5,0,16,3.8,34,100.0,faible,Urgent: vérifier température stockage,6,23,6,True,False,normal,nuageux
2023-06-26 00:11:54,Clinique des Spécialités,O+,23,7,0,16,4.4,9,97.5,faible,Hémoglobine dans les normes,0,0,6,False,False,normal,pluvieux
2023-06-26 01:24:24,Hôpital de District Bonassama,O+,20,11,31,40,4.8,1,62.0,attention,"Excellent état, conservation parfaite",0,1,6,False,False,normal,ensoleillé
2023-06-26 02:33:45,Hôpital Laquintinie,O+,18,3,0,15,3.6,6,97.6,faible,Contrôle bactériologique négatif,0,2,6,False,False,normal,nuageux
2023-06-26 04:36:31,Hôpital Militaire,O+,15,9,0,6,4.3,7,96.0,critique,URGENT: Stock critique - Contrôle bactériologique négatif,0,4,6,False,False,normal,pluvieux
2023-06-26 06:44:49,Hôpital Général Douala,O+,43,12,0,31,3.7,4,87.7,normale,"État satisfaisant, contrôle qualité OK",0,6,6,False,False,normal,ensoleillé
2023-06-26 10:05:30,Centre Médical d'Excellence,O+,65,2,0,63,4.2,25,100.0,normale,"État satisfaisant, contrôle qualité OK",0,10,6,False,False,normal,ensoleillé
2023-06-26 13:25:37,Hôpital Militaire,O+,21,2,0,19,3.2,1,62.7,faible,Contrôle bactériologique négatif,0,13,6,False,False,normal,ensoleillé
2023-06-26 14:24:31,Centre Médical d'Excellence,O+,42,15,26,53,4.5,49,95.0,normale,"Excellent état, conservation parfaite",0,14,6,False,False,normal,nuageux
2023-06-26 16:48:08,Clinique des Spécialités,O+,37,12,0,25,3.1,19,99.2,normale,Contrôle bactériologique négatif,0,16,6,False,False,épidémie,nuageux
2023-06-26 18:18:47,Hôpital Général Douala,O+,44,6,0,38,3.4,11,95.4,normale,Parfait pour transfusion immédiate,0,18,6,False,False,normal,nuageux
2023-06-26 20:37:58,Hôpital Laquintinie,O+,40,9,15,46,3.7,13,92.9,normale,Attention: proche expiration,0,20,6,False,False,normal,pluvieux
2023-06-26 20:42:06,Hôpital de District Bonassama,O+,59,6,0,53,4.0,15,97.5,normale,Urgent: vérifier température stockage,0,20,6,False,False,normal,ensoleillé
2023-06-27 01:14:57,Clinique des Spécialités,O+,10,7,0,3,4.4,15,95.1,critique,"URGENT: Stock critique - État satisfaisant, contrôle qualité OK",1,1,6,False,False,normal,ensoleillé
2023-06-27 03:03:26,Hôpital de District Bonassama,O+,28,10,20,38,4.4,18,94.2,normale,"Excellent état, conservation parfaite",1,3,6,False,False,normal,nuageux
2023-06-27 04:41:16,Clinique des Spécialités,O+,43,6,0,37,4.6,4,89.8,normale,Hémoglobine dans les normes,1,4,6,False,False,normal,ensoleillé
2023-06-27 12:36:36,Hôpital Militaire,O+,29,10,0,19,4.1,27,94.9,faible,Parfait pour transfusion immédiate,1,12,6,False,False,normal,ensoleillé
2023-06-27 17:44:29,Centre Médical d'Excellence,O+,44,14,0,30,4.7,5,99.1,normale,"Bon état général, légère variation température",1,17,6,False,False,normal,nuageux
2023-06-28 04:06:36,Hôpital Laquintinie,O+,24,7,0,17,4.8,25,98.9,faible,Contrôle bactériologique négatif,2,4,6,False,False,normal,nuageux
2023-06-28 05:07:04,Hôpital de District Bonassama,O+,29,10,0,19,3.2,1,61.2,faible,"État satisfaisant, contrôle qualité OK",2,5,6,False,False,normal,orageux
2023-06-28 06:58:19,Centre Médical d'Excellence,O+,19,4,0,15,4.1,26,99.6,faible,Hémoglobine dans les normes,2,6,6,False,False,normal,ensoleillé
2023-06-28 14:05:24,Hôpital de District Bonassama,O+,60,7,25,78,4.9,4,85.5,normale,Urgent: vérifier température stockage,2,14,6,False,False,normal,ensoleillé
2023-06-28 17:12:43,Centre Médical d'Excellence,O+,29,5,28,52,3.9,27,100.0,normale,Parfait pour transfusion immédiate,2,17,6,False,False,normal,pluvieux
2023-06-28 21:01:58,Centre Médical d'Excellence,O+,72,6,0,66,4.4,18,98.6,normale,Urgent: vérifier température stockage,2,21,6,False,False,normal,ensoleillé
2023-06-29 00:37:41,Hôpital Laquintinie,O+,27,3,16,40,3.8,60,98.8,normale,"Excellent état, conservation parfaite",3,0,6,False,False,normal,pluvieux
2023-06-29 03:45:40,Hôpital Laquintinie,O+,36,8,0,28,4.2,11,100.0,normale,Parfait pour transfusion immédiate,3,3,6,False,False,normal,ensoleillé
2023-06-29 06:13:48,Hôpital de District Bonassama,O+,38,4,24,58,4.3,11,100.0,normale,Attention: proche expiration,3,6,6,False,False,normal,ensoleillé
2023-06-29 06:29:09,Centre Médical d'Excellence,O+,45,8,17,54,3.4,42,92.0,normale,"Bon état général, légère variation température",3,6,6,False,False,normal,ensoleillé
2023-06-29 07:23:25,Hôpital de District Bonassama,O+,39,13,0,26,3.6,9,98.3,normale,"Excellent état, conservation parfaite",3,7,6,False,False,normal,nuageux
2023-06-29 08:43:59,Hôpital Général Douala,O+,52,8,0,44,4.4,70,96.6,normale,Contrôle bactériologique négatif,3,8,6,False,False,normal,orageux
2023-06-29 16:46:22,Clinique des Spécialités,O+,61,3,0,58,3.3,1,61.6,attention,Contrôle bactériologique négatif,3,16,6,False,False,normal,nuageux
2023-06-29 17:07:12,Clinique des Spécialités,O+,10,7,0,3,3.8,12,100.0,critique,URGENT: Stock critique - Contrôle bactériologique négatif,3,17,6,False,False,normal,pluvieux
2023-06-29 17:26:27,Clinique des Spécialités,O+,39,8,23,54,2.8,4,77.6,normale,"Excellent état, conservation parfaite",3,17,6,False,False,normal,orageux
2023-06-29 17:38:42,Centre Médical d'Excellence,O+,54,10,0,44,4.3,3,87.4,normale,"Bon état général, légère variation température",3,17,6,False,False,normal,ensoleillé
2023-06-29 19:32:17,Clinique des Spécialités,O+,69,8,17,78,4.4,12,100.0,normale,Urgent: vérifier température stockage,3,19,6,False,False,normal,nuageux
2023-06-30 02:52:43,Hôpital de District Bonassama,O+,25,4,0,21,4.2,3,79.7,normale,Hémoglobine dans les normes,4,2,6,False,False,normal,ensoleillé
2023-06-30 06:23:09,Hôpital Militaire,O+,32,7,0,25,3.9,10,99.7,normale,"Bon état général, légère variation température",4,6,6,False,False,normal,nuageux
2023-06-30 08:01:08,Clinique des Spécialités,O+,74,2,0,72,3.7,8,98.7,normale,Attention: proche expiration,4,8,6,False,False,normal,ensoleillé
2023-06-30 21:58:59,Hôpital Militaire,O+,67,9,0,58,3.8,18,100.0,normale,Contrôle bactériologique négatif,4,21,6,False,False,normal,ensoleillé
2023-07-01 06:12:22,Centre Médical d'Excellence,O+,85,9,0,76,4.3,13,100.0,normale,Urgent: vérifier température stockage,5,6,7,True,True,normal,nuageux
2023-07-01 09:00:41,Clinique des Spécialités,O+,33,6,0,27,4.4,9,100.0,normale,Parfait pour transfusion immédiate,5,9,7,True,True,normal,nuageux
2023-07-01 15:09:05,Hôpital de District Bonassama,O+,30,0,0,30,3.6,8,100.0,normale,Attention: proche expiration,5,15,7,True,True,urgence_médicale,ensoleillé
2023-07-01 17:41:07,Clinique des Spécialités,O+,51,2,0,49,3.9,13,100.0,normale,Parfait pour transfusion immédiate,5,17,7,True,True,normal,nuageux
2023-07-01 20:12:57,Hôpital Laquintinie,O+,57,4,0,53,4.0,29,100.0,normale,Attention: proche expiration,5,20,7,True,True,normal,ensoleillé
2023-07-01 20:30:48,Hôpital Militaire,O+,25,8,0,17,3.4,8,100.0,faible,Contrôle bactériologique négatif,5,20,7,True,True,normal,pluvieux
2023-07-01 21:36:33,Centre Médical d'Excellence,O+,30,10,15,35,3.5,5,95.7,normale,"Bon état général, légère variation température",5,21,7,True,True,normal,pluvieux
2023-07-02 02:06:16,Hôpital Laquintinie,O+,6,6,0,0,4.1,10,100.0,critique,URGENT: Stock critique - Contrôle bactériologique négatif,6,2,7,True,True,normal,orageux
2023-07-02 07:14:16,Hôpital Général Douala,O+,40,10,0,30,4.8,12,93.4,normale,Contrôle bactériologique négatif,6,7,7,True,True,normal,nuageux
2023-07-02 07:19:43,Hôpital Laquintinie,O+,54,5,17,66,3.4,28,100.0,normale,Urgent: vérifier température stockage,6,7,7,True,True,normal,pluvieux
2023-07-02 08:08:32,Hôpital Général Douala,O+,44,6,0,38,3.6,19,98.6,normale,"Excellent état, conservation parfaite",6,8,7,True,True,urgence_médicale,ensoleillé
2023-07-02 08:29:30,Hôpital Militaire,O+,45,4,0,41,3.8,4,78.2,normale,Contrôle bactériologique négatif,6,8,7,True,True,normal,ensoleillé
2023-07-02 09:08:11,Hôpital Militaire,O+,21,6,0,15,4.1,15,97.9,faible,Attention: proche expiration,6,9,7,True,True,normal,ensoleillé
2023-07-02 11:57:46,Hôpital de District Bonassama,O+,28,4,0,24,4.2,14,98.3,normale,Contrôle bactériologique négatif,6,11,7,True,True,normal,ensoleillé
2023-07-02 18:24:01,Hôpital de District Bonassama,O+,28,8,14,34,4.1,1,58.3,attention,"État satisfaisant, contrôle qualité OK",6,18,7,True,True,normal,ensoleillé
2023-07-02 19:06:52,Hôpital Général Douala,O+,23,9,0,14,4.8,3,80.4,faible,Urgent: vérifier température stockage,6,19,7,True,True,normal,pluvieux
2023-07-02 21:49:33,Hôpital Général Douala,O+,62,6,20,76,2.9,19,97.6,normale,"Bon état général, légère variation température",6,21,7,True,True,normal,pluvieux
2023-07-02 22:33:59,Hôpital Général Douala,O+,32,8,17,41,3.8,5,100.0,normale,Hémoglobine dans les normes,6,22,7,True,True,normal,pluvieux
2023-07-03 01:28:58,Hôpital Général Douala,O+,32,13,0,19,4.1,30,100.0,faible,Urgent: vérifier température stockage,0,1,7,False,True,normal,nuageux
2023-07-03 02:35:40,Centre Médical d'Excellence,O+,20,14,0,6,3.7,8,100.0,critique,URGENT: Stock critique - Hémoglobine dans les normes,0,2,7,False,True,normal,ensoleillé
2023-07-03 08:34:36,Centre Médical d'Excellence,O+,85,16,16,85,3.9,14,99.1,normale,Attention: proche expiration,0,8,7,False,True,normal,pluvieux
2023-07-04 06:50:42,Hôpital Général Douala,O+,63,9,0,54,3.5,10,100.0,normale,"Bon état général, légère variation température",1,6,7,False,True,normal,pluvieux
2023-07-04 08:38:18,Hôpital Laquintinie,O+,72,6,0,66,3.5,31,100.0,normale,Attention: proche expiration,1,8,7,False,True,normal,orageux
2023-07-04 15:01:28,Hôpital de District Bonassama,O+,71,16,0,55,4.1,13,95.1,normale,Urgent: vérifier température stockage,1,15,7,False,True,normal,orageux
2023-07-04 16:08:25,Hôpital Militaire,O+,64,16,21,69,3.5,31,98.2,normale,Attention: proche expiration,1,16,7,False,True,normal,ensoleillé
2023-07-04 19:06:41,Hôpital Général Douala,O+,51,11,0,40,4.3,9,99.8,normale,"Excellent état, conservation parfaite",1,19,7,False,True,normal,orageux
2023-07-04 22:25:16,Hôpital Militaire,O+,59,16,0,43,3.6,19,100.0,normale,Contrôle bactériologique négatif,1,22,7,False,True,épidémie,ensoleillé
2023-07-05 00:08:55,Hôpital Général Douala,O+,23,6,0,17,3.7,24,90.7,faible,Attention: proche expiration,2,0,7,False,True,normal,pluvieux
2023-07-05 11:52:03,Hôpital Laquintinie,O+,41,3,20,58,2.7,3,79.2,normale,Parfait pour transfusion immédiate,2,11,7,False,True,normal,ensoleillé
2023-07-05 12:42:55,Clinique des Spécialités,O+,28,7,14,35,4.0,24,100.0,normale,Parfait pour transfusion immédiate,2,12,7,False,True,normal,nuageux
2023-07-05 13:37:25,Hôpital Militaire,O+,72,3,31,100,4.6,9,100.0,normale,"Excellent état, conservation parfaite",2,13,7,False,True,accident_route,ensoleillé
2023-07-05 23:34:53,Hôpital Militaire,O+,38,7,0,31,3.5,1,54.9,attention,Urgent: vérifier température stockage,2,23,7,False,True,normal,pluvieux
2023-07-06 02:47:36,Clinique des Spécialités,O+,46,11,0,35,3.6,44,97.3,normale,Parfait pour transfusion immédiate,3,2,7,False,True,campagne_don,pluvieux
2023-07-06 03:13:39,Hôpital de District Bonassama,O+,39,6,0,33,4.7,2,83.3,normale,"Excellent état, conservation parfaite",3,3,7,False,True,normal,ensoleillé
2023-07-06 05:34:02,Hôpital Laquintinie,O+,36,8,0,28,5.3,7,96.7,normale,"Excellent état, conservation parfaite",3,5,7,False,True,normal,nuageux
2023-07-06 09:23:59,Hôpital Général Douala,O+,98,10,0,88,4.0,29,100.0,normale,"État satisfaisant, contrôle qualité OK",3,9,7,False,True,normal,nuageux
2023-07-06 17:56:04,Hôpital Laquintinie,O+,80,14,0,66,4.3,5,95.3,normale,Contrôle bactériologique négatif,3,17,7,False,True,normal,nuageux
2023-07-07 18:09:49,Hôpital de District Bonassama,O+,92,12,0,80,4.2,8,96.6,normale,"Bon état général, légère variation température",4,18,7,False,True,normal,ensoleillé
2023-07-07 20:25:21,Hôpital Général Douala,O+,37,3,0,34,3.7,28,100.0,normale,Parfait pour transfusion immédiate,4,20,7,False,True,normal,pluvieux
2023-07-08 04:21:14,Hôpital Laquintinie,O+,22,0,0,22,4.4,16,100.0,normale,Attention: proche expiration,5,4,7,True,True,normal,pluvieux
2023-07-08 06:40:03,Centre Médical d'Excellence,O+,36,3,0,33,4.9,4,91.4,normale,Contrôle bactériologique négatif,5,6,7,True,True,normal,ensoleillé
2023-07-08 21:18:23,Hôpital Général Douala,O+,51,8,0,43,3.6,3,77.6,normale,Urgent: vérifier température stockage,5,21,7,True,True,normal,orageux
2023-07-09 02:10:02,Centre Médical d'Excellence,O+,16,2,0,14,3.7,5,100.0,faible,"Bon état général, légère variation température",6,2,7,True,True,normal,ensoleillé
2023-07-09 02:10:43,Hôpital Militaire,O+,14,2,0,12,4.2,1,60.9,faible,"Excellent état, conservation parfaite",6,2,7,True,True,normal,ensoleillé
2023-07-09 02:11:35,Centre Médical d'Excellence,O+,25,5,0,20,4.5,2,79.5,normale,Urgent: vérifier température stockage,6,2,7,True,True,normal,pluvieux
2023-07-09 05:26:25,Hôpital Général Douala,O+,32,4,20,48,4.6,16,100.0,normale,Parfait pour transfusion immédiate,6,5,7,True,True,normal,ensoleillé
2023-07-09 06:18:58,Hôpital Général Douala,O+,53,8,0,45,4.2,5,100.0,normale,Contrôle bactériologique négatif,6,6,7,True,True,normal,pluvieux
2023-07-09 07:54:38,Centre Médical d'Excellence,O+,40,8,0,32,3.6,2,89.8,normale,Parfait pour transfusion immédiate,6,7,7,True,True,normal,pluvieux
2023-07-09 16:33:30,Hôpital de District Bonassama,O+,49,1,0,48,4.2,8,99.5,normale,"Bon état général, légère variation température",6,16,7,True,True,normal,orageux
2023-07-09 19:00:55,Hôpital Général Douala,O+,33,8,0,25,4.0,11,97.5,normale,"État satisfaisant, contrôle qualité OK",6,19,7,True,True,normal,nuageux
2023-07-09 19:48:25,Hôpital de District Bonassama,O+,48,7,0,41,3.5,2,78.5,normale,Hémoglobine dans les normes,6,19,7,True,True,normal,pluvieux
2023-07-09 21:05:34,Hôpital Militaire,O+,34,7,0,27,3.6,52,97.7,normale,Hémoglobine dans les normes,6,21,7,True,True,normal,ensoleillé
2023-07-10 07:24:35,Hôpital Laquintinie,O+,44,9,14,49,3.6,15,90.3,normale,Hémoglobine dans les normes,0,7,7,False,True,normal,nuageux
2023-07-10 16:01:42,Hôpital de District Bonassama,O+,25,11,0,14,4.5,12,98.8,faible,Urgent: vérifier température stockage,0,16,7,False,True,normal,ensoleillé
2023-07-11 01:35:41,Hôpital Militaire,O+,31,13,0,18,4.3,3,90.6,faible,Contrôle bactériologique négatif,1,1,7,False,True,normal,ensoleillé
2023-07-11 19:23:36,Hôpital de District Bonassama,O+,57,8,0,49,4.1,38,100.0,normale,"Bon état général, légère variation température",1,19,7,False,True,normal,ensoleillé
2023-07-11 20:41:10,Hôpital Général Douala,O+,62,3,0,59,4.6,3,94.2,normale,Parfait pour transfusion immédiate,1,20,7,False,True,normal,ensoleillé
2023-07-12 01:33:13,Hôpital de District Bonassama,O+,34,10,0,24,4.7,24,100.0,normale,Urgent: vérifier température stockage,2,1,7,False,True,normal,pluvieux
2023-07-12 14:53:31,Hôpital Général Douala,O+,57,11,0,46,3.9,9,100.0,normale,"Excellent état, conservation parfaite",2,14,7,False,True,normal,orageux
2023-07-12 23:15:17,Hôpital Militaire,O+,32,16,0,16,3.8,53,100.0,faible,Parfait pour transfusion immédiate,2,23,7,False,True,normal,pluvieux
2023-07-13 00:06:03,Centre Médical d'Excellence,O+,35,12,25,48,4.0,10,93.2,normale,Contrôle bactériologique négatif,3,0,7,False,True,normal,ensoleillé
2023-07-13 03:38:27,Centre Médical d'Excellence,O+,44,8,0,36,4.5,1,63.0,attention,Attention: proche expiration,3,3,7,False,True,normal,nuageux
2023-07-13 08:42:06,Hôpital Militaire,O+,56,3,0,53,3.1,1,50.4,attention,"Bon état général, légère variation température",3,8,7,False,True,normal,ensoleillé
2023-07-13 19:08:49,Hôpital Général Douala,O+,66,2,15,79,4.6,8,98.6,normale,Urgent: vérifier température stockage,3,19,7,False,True,normal,ensoleillé
2023-07-13 21:20:01,Hôpital Militaire,O+,38,4,0,34,4.5,1,52.8,attention,Attention: proche expiration,3,21,7,False,True,normal,ensoleillé
2023-07-13 23:49:12,Hôpital Laquintinie,O+,25,11,0,14,4.0,30,96.5,faible,"Excellent état, conservation parfaite",3,23,7,False,True,normal,ensoleillé
2023-07-14 05:59:43,Centre Médical d'Excellence,O+,33,5,0,28,3.9,35,100.0,normale,Attention: proche expiration,4,5,7,False,True,normal,pluvieux
2023-07-14 09:31:05,Centre Médical d'Excellence,O+,56,2,19,73,4.2,23,98.0,normale,Contrôle bactériologique négatif,4,9,7,False,True,normal,ensoleillé
2023-07-14 10:32:19,Clinique des Spécialités,O+,63,12,0,51,5.5,9,100.0,normale,Attention: proche expiration,4,10,7,False,True,normal,orageux
2023-07-14 11:08:24,Hôpital Militaire,O+,97,9,24,112,3.8,2,82.0,normale,Attention: proche expiration,4,11,7,False,True,normal,ensoleillé
2023-07-14 11:37:02,Hôpital de District Bonassama,O+,67,3,0,64,4.0,9,99.0,normale,"Bon état général, légère variation température",4,11,7,False,True,normal,ensoleillé
2023-07-14 16:13:05,Clinique des Spécialités,O+,46,4,23,65,4.6,9,94.1,normale,Urgent: vérifier température stockage,4,16,7,False,True,normal,nuageux
2023-07-14 17:34:06,Hôpital Laquintinie,O+,86,10,0,76,4.2,7,100.0,normale,Contrôle bactériologique négatif,4,17,7,False,True,normal,pluvieux
2023-07-14 20:02:35,Hôpital de District Bonassama,O+,46,11,0,35,4.6,13,98.8,normale,Attention: proche expiration,4,20,7,False,True,normal,pluvieux
2023-07-14 20:58:26,Hôpital Militaire,O+,77,11,0,66,4.2,3,88.2,normale,Hémoglobine dans les normes,4,20,7,False,True,normal,ensoleillé
2023-07-14 21:25:47,Centre Médical d'Excellence,O+,83,9,0,74,5.2,24,100.0,normale,Contrôle bactériologique négatif,4,21,7,False,True,normal,pluvieux
2023-07-15 00:28:50,Hôpital de District Bonassama,O+,21,5,0,16,3.9,5,100.0,faible,"État satisfaisant, contrôle qualité OK",5,0,7,True,True,normal,ensoleillé
2023-07-15 00:38:15,Hôpital de District Bonassama,O+,20,4,0,16,3.7,7,93.0,faible,Hémoglobine dans les normes,5,0,7,True,True,normal,ensoleillé
2023-07-15 02:48:29,Clinique des Spécialités,O+,21,7,0,14,4.1,58,96.5,faible,Attention: proche expiration,5,2,7,True,True,normal,ensoleillé
2023-07-15 03:49:20,Hôpital Laquintinie,O+,20,6,16,30,3.7,15,96.4,normale,Parfait pour transfusion immédiate,5,3,7,True,True,normal,pluvieux
2023-07-15 05:41:36,Hôpital de District Bonassama,O+,18,3,0,15,4.1,6,99.6,faible,Attention: proche expiration,5,5,7,True,True,normal,ensoleillé
2023-07-15 07:52:22,Centre Médical d'Excellence,O+,25,3,0,22,3.9,20,96.6,normale,Contrôle bactériologique négatif,5,7,7,True,True,normal,ensoleillé
2023-07-15 07:55:41,Hôpital de District Bonassama,O+,46,5,0,41,4.1,3,86.7,normale,Contrôle bactériologique négatif,5,7,7,True,True,normal,ensoleillé
2023-07-15 22:38:53,Clinique des Spécialités,O+,42,5,0,37,3.8,31,93.8,normale,Urgent: vérifier température stockage,5,22,7,True,True,normal,orageux
2023-07-16 03:19:44,Hôpital de District Bonassama,O+,21,4,0,17,4.1,24,100.0,faible,Parfait pour transfusion immédiate,6,3,7,True,True,normal,ensoleillé
2023-07-16 11:30:25,Hôpital Militaire,O+,46,7,0,39,3.4,25,100.0,normale,Contrôle bactériologique négatif,6,11,7,True,True,normal,pluvieux
2023-07-16 15:53:25,Hôpital Militaire,O+,38,7,0,31,4.1,4,85.3,normale,Parfait pour transfusion immédiate,6,15,7,True,True,normal,pluvieux
2023-07-16 18:55:04,Clinique des Spécialités,O+,31,3,0,28,4.5,1,59.8,attention,"Excellent état, conservation parfaite",6,18,7,True,True,urgence_médicale,orageux
2023-07-17 07:53:00,Clinique des Spécialités,O+,63,10,0,53,3.0,7,98.0,normale,Urgent: vérifier température stockage,0,7,7,False,True,normal,pluvieux
2023-07-17 11:23:14,Hôpital de District Bonassama,O+,75,1,19,93,4.3,9,100.0,normale,Contrôle bactériologique négatif,0,11,7,False,True,normal,ensoleillé
2023-07-17 12:42:31,Centre Médical d'Excellence,O+,35,7,0,28,3.4,2,94.8,normale,Parfait pour transfusion immédiate,0,12,7,False,True,normal,pluvieux
2023-07-17 14:01:41,Hôpital Militaire,O+,42,14,0,28,4.3,3,85.0,normale,"Excellent état, conservation parfaite",0,14,7,False,True,normal,ensoleillé
2023-07-17 16:22:11,Hôpital Général Douala,O+,56,12,0,44,4.4,1,60.8,attention,Urgent: vérifier température stockage,0,16,7,False,True,normal,ensoleillé
2023-07-17 17:33:37,Hôpital Laquintinie,O+,72,6,0,66,4.3,83,100.0,normale,"État satisfaisant, contrôle qualité OK",0,17,7,False,True,normal,ensoleillé
2023-07-17 19:14:16,Clinique des Spécialités,O+,66,14,0,52,5.2,7,100.0,normale,Attention: proche expiration,0,19,7,False,True,normal,pluvieux
2023-07-17 19:14:36,Hôpital Laquintinie,O+,56,10,0,46,4.3,6,100.0,normale,"Excellent état, conservation parfaite",0,19,7,False,True,normal,orageux
2023-07-18 02:18:40,Hôpital Général Douala,O+,31,10,0,21,4.7,52,96.7,normale,"Bon état général, légère variation température",1,2,7,False,True,normal,nuageux
2023-07-18 07:39:07,Centre Médical d'Excellence,O+,76,9,0,67,3.2,5,100.0,normale,Contrôle bactériologique négatif,1,7,7,False,True,normal,pluvieux
2023-07-18 21:24:14,Hôpital de District Bonassama,O+,42,13,0,29,3.8,3,90.6,normale,Attention: proche expiration,1,21,7,False,True,normal,pluvieux
2023-07-18 22:34:16,Hôpital Militaire,O+,89,10,0,79,4.2,48,99.2,normale,Parfait pour transfusion immédiate,1,22,7,False,True,normal,ensoleillé
2023-07-19 03:27:39,Hôpital Général Douala,O+,32,10,19,41,2.9,34,99.4,normale,"État satisfaisant, contrôle qualité OK",2,3,7,False,True,normal,orageux
2023-07-19 08:47:23,Clinique des Spécialités,O+,47,8,20,59,4.0,15,96.4,normale,Hémoglobine dans les normes,2,8,7,False,True,normal,ensoleillé
2023-07-19 09:46:28,Hôpital Général Douala,O+,51,8,20,63,4.1,11,94.1,normale,"Bon état général, légère variation température",2,9,7,False,True,normal,ensoleillé
2023-07-19 12:48:08,Centre Médical d'Excellence,O+,46,12,23,57,4.3,7,96.5,normale,Urgent: vérifier température stockage,2,12,7,False,True,normal,nuageux
2023-07-19 17:44:41,Clinique des Spécialités,O+,65,9,0,56,4.4,1,58.1,attention,"État satisfaisant, contrôle qualité OK",2,17,7,False,True,normal,pluvieux
2023-07-19 17:46:41,Hôpital Laquintinie,O+,46,14,20,52,3.8,10,99.7,normale,"Bon état général, légère variation température",2,17,7,False,True,normal,pluvieux
2023-07-19 18:15:29,Centre Médical d'Excellence,O+,69,7,19,81,4.2,20,97.2,normale,"État satisfaisant, contrôle qualité OK",2,18,7,False,True,normal,nuageux
2023-07-19 20:14:22,Hôpital de District Bonassama,O+,78,10,20,88,4.2,12,99.8,normale,Hémoglobine dans les normes,2,20,7,False,True,normal,orageux
2023-07-19 20:16:15,Hôpital Laquintinie,O+,58,6,0,52,2.9,9,100.0,normale,Attention: proche expiration,2,20,7,False,True,normal,ensoleillé
2023-07-19 21:27:22,Hôpital Militaire,O+,53,4,0,49,2.7,4,89.4,normale,"Excellent état, conservation parfaite",2,21,7,False,True,normal,ensoleillé
2023-07-19 23:45:28,Hôpital Militaire,O+,34,11,0,23,3.3,9,100.0,normale,Contrôle bactériologique négatif,2,23,7,False,True,normal,ensoleillé
2023-07-20 02:25:28,Hôpital Général Douala,O+,16,7,0,9,4.4,6,99.2,critique,"URGENT: Stock critique - État satisfaisant, contrôle qualité OK",3,2,7,False,True,urgence_médicale,ensoleillé
2023-07-20 06:34:04,Hôpital Général Douala,O+,81,5,0,76,4.1,44,100.0,normale,"Bon état général, légère variation température",3,6,7,False,True,normal,orageux
2023-07-20 06:39:40,Clinique des Spécialités,O+,78,11,0,67,3.8,41,98.9,normale,Attention: proche expiration,3,6,7,False,True,normal,nuageux
2023-07-20 08:10:11,Hôpital Laquintinie,O+,53,5,0,48,3.7,20,100.0,normale,Attention: proche expiration,3,8,7,False,True,normal,ensoleillé
2023-07-20 10:25:29,Hôpital Militaire,O+,48,14,0,34,4.6,3,84.5,normale,Urgent: vérifier température stockage,3,10,7,False,True,normal,orageux
2023-07-20 15:19:23,Hôpital de District Bonassama,O+,37,14,0,23,4.4,1,65.1,attention,"Excellent état, conservation parfaite",3,15,7,False,True,normal,nuageux
2023-07-20 19:58:38,Clinique des Spécialités,O+,73,16,0,57,4.4,1,61.0,attention,Attention: proche expiration,3,19,7,False,True,normal,ensoleillé
2023-07-21 10:56:29,Hôpital Laquintinie,O+,29,9,18,38,3.6,10,92.8,normale,Parfait pour transfusion immédiate,4,10,7,False,True,normal,ensoleillé
2023-07-21 22:07:46,Hôpital Militaire,O+,16,7,0,9,4.1,16,100.0,critique,"URGENT: Stock critique - Excellent état, conservation parfaite",4,22,7,False,True,normal,ensoleillé
2023-07-21 22:54:04,Hôpital Général Douala,O+,32,7,0,25,4.1,1,61.9,attention,Urgent: vérifier température stockage,4,22,7,False,True,normal,ensoleillé
2023-07-21 23:24:37,Hôpital Laquintinie,O+,12,9,0,3,4.0,18,95.6,critique,URGENT: Stock critique - Hémoglobine dans les normes,4,23,7,False,True,normal,pluvieux
2023-07-22 00:31:02,Hôpital Militaire,O+,20,0,16,36,3.9,8,95.6,normale,"Excellent état, conservation parfaite",5,0,7,True,True,normal,ensoleillé
2023-07-22 02:59:45,Hôpital Général Douala,O+,31,4,0,27,2.3,16,100.0,normale,Parfait pour transfusion immédiate,5,2,7,True,True,normal,pluvieux
2023-07-22 03:38:37,Centre Médical d'Excellence,O+,26,8,0,18,4.3,22,100.0,faible,Attention: proche expiration,5,3,7,True,True,normal,ensoleillé
2023-07-22 14:25:00,Clinique des Spécialités,O+,33,8,0,25,4.2,2,81.2,normale,Parfait pour transfusion immédiate,5,14,7,True,True,normal,pluvieux
2023-07-22 17:12:46,Clinique des Spécialités,O+,49,3,0,46,4.9,36,100.0,normale,Attention: proche expiration,5,17,7,True,True,normal,ensoleillé
2023-07-23 05:36:46,Hôpital Laquintinie,O+,28,6,0,22,3.2,1,58.8,attention,"Bon état général, légère variation température",6,5,7,True,True,normal,pluvieux
2023-07-23 11:44:47,Centre Médical d'Excellence,O+,55,8,0,47,4.1,7,91.5,normale,Urgent: vérifier température stockage,6,11,7,True,True,normal,pluvieux
2023-07-23 13:11:27,Hôpital Militaire,O+,60,5,23,78,4.2,22,100.0,normale,Contrôle bactériologique négatif,6,13,7,True,True,normal,ensoleillé
2023-07-24 00:21:53,Hôpital Général Douala,O+,34,8,0,26,3.7,2,87.3,normale,Parfait pour transfusion immédiate,0,0,7,False,True,normal,orageux
2023-07-24 07:18:49,Hôpital Général Douala,O+,86,9,0,77,3.6,1,57.4,attention,"Excellent état, conservation parfaite",0,7,7,False,True,normal,pluvieux
2023-07-24 07:36:11,Hôpital Militaire,O+,91,11,23,103,4.5,22,97.9,normale,Attention: proche expiration,0,7,7,False,True,normal,pluvieux
2023-07-24 09:22:37,Clinique des Spécialités,O+,39,3,0,36,3.7,68,91.2,normale,"Bon état général, légère variation température",0,9,7,False,True,normal,nuageux
2023-07-24 16:59:21,Hôpital Laquintinie,O+,64,10,0,54,4.0,2,94.7,normale,Contrôle bactériologique négatif,0,16,7,False,True,normal,ensoleillé
2023-07-25 02:39:28,Hôpital Général Douala,O+,40,6,15,49,3.9,1,67.6,attention,Parfait pour transfusion immédiate,1,2,7,False,True,normal,ensoleillé
2023-07-25 04:10:48,Clinique des Spécialités,O+,11,9,0,2,4.0,6,97.6,critique,URGENT: Stock critique - Contrôle bactériologique négatif,1,4,7,False,True,normal,ensoleillé
2023-07-25 07:42:34,Clinique des Spécialités,O+,69,13,17,73,2.7,1,63.8,attention,Parfait pour transfusion immédiate,1,7,7,False,True,normal,ensoleillé
2023-07-25 08:35:41,Centre Médical d'Excellence,O+,62,9,0,53,4.1,28,100.0,normale,"État satisfaisant, contrôle qualité OK",1,8,7,False,True,normal,ensoleillé
2023-07-25 11:42:25,Hôpital Laquintinie,O+,61,8,0,53,4.1,40,100.0,normale,Attention: proche expiration,1,11,7,False,True,épidémie,ensoleillé
2023-07-25 12:42:17,Hôpital Militaire,O+,16,12,0,4,4.1,4,82.4,critique,URGENT: Stock critique - Hémoglobine dans les normes,1,12,7,False,True,normal,pluvieux
2023-07-25 14:34:17,Hôpital de District Bonassama,O+,52,14,0,38,3.1,15,100.0,normale,"État satisfaisant, contrôle qualité OK",1,14,7,False,True,normal,pluvieux
2023-07-25 19:03:03,Hôpital de District Bonassama,O+,67,6,17,78,3.9,16,99.7,normale,Hémoglobine dans les normes,1,19,7,False,True,normal,nuageux
2023-07-25 22:52:29,Hôpital Militaire,O+,52,13,18,57,4.2,6,100.0,normale,Contrôle bactériologique négatif,1,22,7,False,True,urgence_médicale,ensoleillé
2023-07-26 03:34:40,Hôpital de District Bonassama,O+,0,11,0,0,4.3,4,87.7,critique,URGENT: Stock critique - Parfait pour transfusion immédiate,2,3,7,False,True,normal,nuageux
2023-07-26 03:58:15,Hôpital Militaire,O+,38,10,0,28,3.8,31,100.0,normale,Attention: proche expiration,2,3,7,False,True,normal,ensoleillé
2023-07-26 05:23:29,Centre Médical d'Excellence,O+,31,6,19,44,3.6,25,100.0,normale,Contrôle bactériologique négatif,2,5,7,False,True,normal,ensoleillé
2023-07-26 09:50:27,Hôpital Général Douala,O+,66,2,17,81,3.5,16,99.0,normale,"État satisfaisant, contrôle qualité OK",2,9,7,False,True,normal,ensoleillé
2023-07-26 11:08:06,Hôpital Général Douala,O+,38,10,0,28,3.2,1,56.4,attention,Urgent: vérifier température stockage,2,11,7,False,True,normal,ensoleillé
2023-07-26 20:01:20,Centre Médical d'Excellence,O+,40,8,23,55,5.0,12,100.0,normale,Hémoglobine dans les normes,2,20,7,False,True,normal,pluvieux
2023-07-27 02:33:24,Hôpital Général Douala,O+,26,10,20,36,3.1,9,97.2,normale,Urgent: vérifier température stockage,3,2,7,False,True,normal,nuageux
2023-07-27 05:40:54,Clinique des Spécialités,O+,26,0,0,26,4.0,17,100.0,normale,"Bon état général, légère variation température",3,5,7,False,True,normal,orageux
2023-07-27 07:17:42,Hôpital Laquintinie,O+,58,10,0,48,4.4,1,52.4,attention,Contrôle bactériologique négatif,3,7,7,False,True,normal,pluvieux
2023-07-27 11:47:48,Clinique des Spécialités,O+,49,7,19,61,4.2,23,100.0,normale,"État satisfaisant, contrôle qualité OK",3,11,7,False,True,normal,pluvieux
2023-07-27 12:46:05,Hôpital Laquintinie,O+,102,8,18,112,4.4,43,100.0,normale,Attention: proche expiration,3,12,7,False,True,normal,ensoleillé
2023-07-27 12:52:21,Hôpital Général Douala,O+,55,10,0,45,4.6,58,100.0,normale,Hémoglobine dans les normes,3,12,7,False,True,normal,nuageux
2023-07-27 17:54:55,Hôpital Militaire,O+,58,10,0,48,3.5,9,99.3,normale,Hémoglobine dans les normes,3,17,7,False,True,normal,ensoleillé
2023-07-27 19:24:24,Hôpital de District Bonassama,O+,67,14,0,53,3.5,9,100.0,normale,"Excellent état, conservation parfaite",3,19,7,False,True,normal,nuageux
2023-07-28 00:37:01,Hôpital Militaire,O+,15,7,0,8,4.3,23,100.0,critique,URGENT: Stock critique - Urgent: vérifier température stockage,4,0,7,False,True,normal,ensoleillé
2023-07-28 06:51:28,Hôpital Général Douala,O+,72,5,0,67,3.4,13,96.8,normale,Hémoglobine dans les normes,4,6,7,False,True,accident_route,ensoleillé
2023-07-28 16:35:19,Hôpital Laquintinie,O+,49,3,16,62,4.0,28,100.0,normale,"Bon état général, légère variation température",4,16,7,False,True,normal,nuageux
2023-07-28 17:19:19,Clinique des Spécialités,O+,63,9,0,54,4.0,5,100.0,normale,Hémoglobine dans les normes,4,17,7,False,True,normal,ensoleillé
2023-07-28 20:09:20,Hôpital Laquintinie,O+,40,17,0,23,3.7,2,76.5,normale,Urgent: vérifier température stockage,4,20,7,False,True,normal,pluvieux
2023-07-28 23:20:51,Hôpital Militaire,O+,21,4,18,35,4.0,4,79.2,normale,Urgent: vérifier température stockage,4,23,7,False,True,normal,pluvieux
2023-07-29 06:48:02,Hôpital de District Bonassama,O+,39,2,0,37,4.4,1,65.3,attention,Parfait pour transfusion immédiate,5,6,7,True,True,normal,ensoleillé
2023-07-29 10:48:03,Hôpital Général Douala,O+,58,7,0,51,3.9,26,90.1,normale,"Bon état général, légère variation température",5,10,7,True,True,normal,ensoleillé
2023-07-29 11:01:59,Centre Médical d'Excellence,O+,56,5,0,51,3.6,52,100.0,normale,Contrôle bactériologique négatif,5,11,7,True,True,normal,ensoleillé
2023-07-29 18:50:30,Hôpital Général Douala,O+,34,7,12,39,3.4,27,94.4,normale,Hémoglobine dans les normes,5,18,7,True,True,normal,ensoleillé
2023-07-30 07:02:50,Hôpital Général Douala,O+,51,6,0,45,4.5,1,59.5,attention,"Bon état général, légère variation température",6,7,7,True,True,normal,orageux
2023-07-30 11:43:45,Hôpital Laquintinie,O+,28,8,0,20,3.5,9,100.0,normale,Urgent: vérifier température stockage,6,11,7,True,True,épidémie,orageux
2023-07-30 12:39:51,Clinique des Spécialités,O+,21,6,14,29,3.2,3,85.5,normale,Urgent: vérifier température stockage,6,12,7,True,True,normal,pluvieux
2023-07-30 20:35:11,Hôpital Général Douala,O+,68,9,0,59,3.5,4,79.2,normale,Attention: proche expiration,6,20,7,True,True,normal,nuageux
2023-07-30 21:14:29,Centre Médical d'Excellence,O+,55,8,0,47,4.3,21,94.6,normale,"Bon état général, légère variation température",6,21,7,True,True,normal,nuageux
2023-07-31 02:01:52,Clinique des Spécialités,O+,38,7,0,31,3.8,11,100.0,normale,"Bon état général, légère variation température",0,2,7,False,True,normal,pluvieux
2023-07-31 08:56:51,Hôpital de District Bonassama,O+,48,7,0,41,4.1,11,100.0,normale,"Excellent état, conservation parfaite",0,8,7,False,True,normal,orageux
2023-07-31 16:36:14,Hôpital Militaire,O+,29,8,0,21,4.7,37,100.0,normale,Urgent: vérifier température stockage,0,16,7,False,True,normal,ensoleillé
2023-07-31 17:32:36,Centre Médical d'Excellence,O+,75,11,0,64,5.0,46,95.1,normale,"Bon état général, légère variation température",0,17,7,False,True,normal,pluvieux
2023-08-01 01:09:39,Hôpital Laquintinie,O+,41,13,0,28,4.2,11,93.4,normale,Parfait pour transfusion immédiate,1,1,8,False,True,normal,ensoleillé
2023-08-01 08:15:35,Centre Médical d'Excellence,O+,76,10,17,83,4.5,129,99.0,normale,"État satisfaisant, contrôle qualité OK",1,8,8,False,True,épidémie,pluvieux
2023-08-01 14:33:36,Hôpital Général Douala,O+,58,4,0,54,3.8,5,96.0,normale,"Excellent état, conservation parfaite",1,14,8,False,True,normal,ensoleillé
2023-08-01 14:44:31,Hôpital Laquintinie,O+,69,8,19,80,3.4,7,95.9,normale,Urgent: vérifier température stockage,1,14,8,False,True,normal,ensoleillé
2023-08-02 08:08:39,Hôpital Militaire,O+,49,10,0,39,4.1,38,100.0,normale,"Bon état général, légère variation température",2,8,8,False,True,normal,pluvieux
2023-08-02 08:13:25,Hôpital de District Bonassama,O+,58,11,21,68,4.0,8,94.1,normale,"État satisfaisant, contrôle qualité OK",2,8,8,False,True,normal,ensoleillé
2023-08-02 10:40:20,Centre Médical d'Excellence,O+,51,15,0,36,4.6,26,100.0,normale,"État satisfaisant, contrôle qualité OK",2,10,8,False,True,normal,nuageux
2023-08-02 15:36:04,Hôpital Laquintinie,O+,66,15,20,71,3.3,1,56.6,attention,Contrôle bactériologique négatif,2,15,8,False,True,normal,pluvieux
2023-08-02 16:07:05,Centre Médical d'Excellence,O+,44,10,0,34,4.2,4,87.6,normale,Attention: proche expiration,2,16,8,False,True,normal,pluvieux
2023-08-02 19:00:56,Hôpital de District Bonassama,O+,78,9,16,85,4.9,2,87.5,normale,Urgent: vérifier température stockage,2,19,8,False,True,normal,ensoleillé
2023-08-03 00:19:02,Clinique des Spécialités,O+,41,8,0,33,3.4,2,88.7,normale,Attention: proche expiration,3,0,8,False,True,normal,pluvieux
2023-08-03 02:08:50,Hôpital Laquintinie,O+,29,6,22,45,4.5,30,100.0,normale,"État satisfaisant, contrôle qualité OK",3,2,8,False,True,accident_route,nuageux
2023-08-03 02:20:58,Hôpital de District Bonassama,O+,30,3,18,45,3.8,13,100.0,normale,Urgent: vérifier température stockage,3,2,8,False,True,normal,pluvieux
2023-08-03 03:10:21,Hôpital Laquintinie,O+,31,5,11,37,3.5,15,84.7,normale,Contrôle bactériologique négatif,3,3,8,False,True,normal,ensoleillé
2023-08-03 12:31:52,Clinique des Spécialités,O+,58,8,0,50,3.9,18,100.0,normale,"Bon état général, légère variation température",3,12,8,False,True,normal,ensoleillé
2023-08-03 13:21:38,Hôpital Laquintinie,O+,50,11,0,39,4.3,15,96.2,normale,"Excellent état, conservation parfaite",3,13,8,False,True,normal,pluvieux
2023-08-03 14:08:20,Hôpital Général Douala,O+,50,4,17,63,3.7,17,97.7,normale,Attention: proche expiration,3,14,8,False,True,normal,pluvieux
2023-08-03 15:54:04,Hôpital Militaire,O+,74,14,16,76,3.7,65,96.4,normale,Parfait pour transfusion immédiate,3,15,8,False,True,normal,ensoleillé
2023-08-03 18:31:45,Hôpital Général Douala,O+,77,2,14,89,4.6,5,100.0,normale,Hémoglobine dans les normes,3,18,8,False,True,normal,pluvieux
2023-08-04 03:03:14,Hôpital Militaire,O+,35,8,0,27,4.9,28,99.7,normale,Attention: proche expiration,4,3,8,False,True,urgence_médicale,pluvieux
2023-08-04 05:21:09,Hôpital Laquintinie,O+,31,7,0,24,4.0,8,100.0,normale,"Bon état général, légère variation température",4,5,8,False,True,normal,orageux
2023-08-04 11:23:57,Centre Médical d'Excellence,O+,63,15,15,63,3.5,9,100.0,normale,"Excellent état, conservation parfaite",4,11,8,False,True,normal,ensoleillé
2023-08-04 14:42:07,Hôpital de District Bonassama,O+,50,5,0,45,4.2,4,79.4,normale,Hémoglobine dans les normes,4,14,8,False,True,normal,ensoleillé
2023-08-04 17:44:25,Hôpital Militaire,O+,23,13,21,31,4.9,2,80.1,normale,Parfait pour transfusion immédiate,4,17,8,False,True,normal,ensoleillé
2023-08-04 18:47:15,Centre Médical d'Excellence,O+,52,10,18,60,5.0,14,93.6,normale,"Bon état général, légère variation température",4,18,8,False,True,normal,ensoleillé
2023-08-04 21:17:00,Hôpital de District Bonassama,O+,50,6,21,65,4.5,2,87.1,normale,Hémoglobine dans les normes,4,21,8,False,True,normal,pluvieux
2023-08-04 21:51:19,Clinique des Spécialités,O+,69,6,0,63,4.2,43,100.0,normale,"Excellent état, conservation parfaite",4,21,8,False,True,normal,pluvieux
2023-08-05 01:11:34,Centre Médical d'Excellence,O+,19,5,21,35,3.7,50,92.1,normale,Contrôle bactériologique négatif,5,1,8,True,True,normal,orageux
2023-08-05 05:15:33,Hôpital Laquintinie,O+,30,4,0,26,3.8,1,59.5,attention,Attention: proche expiration,5,5,8,True,True,normal,pluvieux
2023-08-05 20:04:00,Hôpital Militaire,O+,44,5,0,39,4.3,8,100.0,normale,"Bon état général, légère variation température",5,20,8,True,True,normal,orageux
2023-08-06 02:17:59,Hôpital de District Bonassama,O+,16,6,0,10,4.2,16,100.0,faible,Attention: proche expiration,6,2,8,True,True,normal,pluvieux
2023-08-06 03:16:31,Clinique des Spécialités,O+,18,4,23,37,4.3,62,100.0,normale,Parfait pour transfusion immédiate,6,3,8,True,True,normal,pluvieux
2023-08-06 14:46:05,Clinique des Spécialités,O+,40,5,0,35,4.2,5,96.2,normale,Hémoglobine dans les normes,6,14,8,True,True,normal,pluvieux
2023-08-06 16:10:15,Hôpital Général Douala,O+,30,7,0,23,3.5,12,97.4,normale,Attention: proche expiration,6,16,8,True,True,normal,nuageux
2023-08-06 16:27:44,Hôpital Militaire,O+,43,7,18,54,4.4,1,63.4,attention,"Bon état général, légère variation température",6,16,8,True,True,normal,ensoleillé
2023-08-06 18:18:43,Hôpital Laquintinie,O+,64,5,0,59,3.6,20,100.0,normale,Hémoglobine dans les normes,6,18,8,True,True,épidémie,nuageux
2023-08-06 19:38:01,Hôpital Général Douala,O+,49,9,0,40,4.1,8,100.0,normale,Attention: proche expiration,6,19,8,True,True,normal,nuageux
2023-08-07 05:22:36,Hôpital Général Douala,O+,19,10,0,9,4.1,24,100.0,critique,URGENT: Stock critique - Hémoglobine dans les normes,0,5,8,False,True,normal,ensoleillé
2023-08-07 10:13:47,Hôpital Laquintinie,O+,70,9,14,75,3.8,9,100.0,normale,Urgent: vérifier température stockage,0,10,8,False,True,normal,ensoleillé
2023-08-07 19:01:16,Hôpital Laquintinie,O+,33,9,0,24,4.5,13,98.3,normale,"Excellent état, conservation parfaite",0,19,8,False,True,normal,ensoleillé
2023-08-08 06:40:45,Hôpital Militaire,O+,50,9,16,57,4.8,16,96.1,normale,"Excellent état, conservation parfaite",1,6,8,False,True,normal,pluvieux
2023-08-08 07:02:22,Hôpital Général Douala,O+,34,7,14,41,3.7,16,100.0,normale,"État satisfaisant, contrôle qualité OK",1,7,8,False,True,normal,ensoleillé
2023-08-08 08:21:49,Hôpital Général Douala,O+,41,9,0,32,4.2,23,98.8,normale,Hémoglobine dans les normes,1,8,8,False,True,normal,orageux
2023-08-08 10:36:12,Hôpital Laquintinie,O+,93,14,0,79,3.7,17,100.0,normale,Urgent: vérifier température stockage,1,10,8,False,True,normal,nuageux
2023-08-08 14:00:44,Centre Médical d'Excellence,O+,116,8,0,108,4.1,9,100.0,normale,Hémoglobine dans les normes,1,14,8,False,True,normal,pluvieux
2023-08-08 14:31:08,Hôpital Général Douala,O+,73,9,20,84,4.1,7,100.0,normale,"État satisfaisant, contrôle qualité OK",1,14,8,False,True,normal,ensoleillé
2023-08-08 15:01:26,Hôpital Général Douala,O+,42,15,24,51,4.1,31,92.9,normale,Urgent: vérifier température stockage,1,15,8,False,True,normal,ensoleillé
2023-08-08 17:57:30,Hôpital Laquintinie,O+,60,14,17,63,4.3,26,99.3,normale,Contrôle bactériologique négatif,1,17,8,False,True,normal,ensoleillé
2023-08-08 18:50:59,Hôpital de District Bonassama,O+,47,4,25,68,3.8,24,100.0,normale,"Excellent état, conservation parfaite",1,18,8,False,True,normal,pluvieux
2023-08-08 22:24:15,Hôpital Général Douala,O+,93,10,24,107,3.0,28,97.4,normale,Contrôle bactériologique négatif,1,22,8,False,True,normal,nuageux
2023-08-09 00:10:17,Hôpital Général Douala,O+,26,8,18,36,3.4,10,94.6,normale,Attention: proche expiration,2,0,8,False,True,normal,pluvieux
2023-08-09 07:28:44,Hôpital Militaire,O+,52,9,0,43,3.8,3,91.3,normale,"État satisfaisant, contrôle qualité OK",2,7,8,False,True,normal,orageux
2023-08-09 08:00:33,Hôpital Militaire,O+,100,6,0,94,4.0,1,66.6,attention,Attention: proche expiration,2,8,8,False,True,normal,ensoleillé
2023-08-09 18:24:09,Clinique des Spécialités,O+,65,21,0,44,4.8,23,100.0,normale,"Bon état général, légère variation température",2,18,8,False,True,normal,ensoleillé
2023-08-09 18:35:31,Hôpital Militaire,O+,62,9,0,53,4.1,9,98.5,normale,Hémoglobine dans les normes,2,18,8,False,True,normal,ensoleillé
2023-08-09 19:55:33,Hôpital Militaire,O+,80,13,0,67,4.4,21,100.0,normale,Hémoglobine dans les normes,2,19,8,False,True,normal,pluvieux
2023-08-09 22:46:07,Hôpital de District Bonassama,O+,68,12,0,56,3.7,22,98.6,normale,Attention: proche expiration,2,22,8,False,True,normal,nuageux
2023-08-09 23:42:14,Hôpital Laquintinie,O+,20,13,0,7,4.1,9,100.0,critique,"URGENT: Stock critique - Bon état général, légère variation température",2,23,8,False,True,normal,orageux
2023-08-09 23:53:22,Centre Médical d'Excellence,O+,44,9,0,35,4.7,21,98.0,normale,Attention: proche expiration,2,23,8,False,True,normal,orageux
2023-08-10 05:21:53,Hôpital Général Douala,O+,30,7,14,37,3.4,44,97.1,normale,Hémoglobine dans les normes,3,5,8,False,True,normal,ensoleillé
2023-08-10 09:34:15,Hôpital Général Douala,O+,40,11,0,29,3.7,8,100.0,normale,Parfait pour transfusion immédiate,3,9,8,False,True,normal,nuageux
2023-08-10 10:00:21,Centre Médical d'Excellence,O+,80,13,0,67,4.3,4,87.7,normale,"Bon état général, légère variation température",3,10,8,False,True,normal,orageux
2023-08-10 12:13:40,Hôpital Militaire,O+,64,6,0,58,4.6,9,100.0,normale,Hémoglobine dans les normes,3,12,8,False,True,normal,nuageux
2023-08-10 14:45:49,Centre Médical d'Excellence,O+,73,10,0,63,4.3,14,100.0,normale,"Excellent état, conservation parfaite",3,14,8,False,True,normal,pluvieux
2023-08-10 19:14:28,Hôpital de District Bonassama,O+,58,7,0,51,4.3,1,63.6,attention,Parfait pour transfusion immédiate,3,19,8,False,True,normal,pluvieux
2023-08-11 19:31:05,Hôpital Militaire,O+,44,17,0,27,3.1,20,88.4,normale,Urgent: vérifier température stockage,4,19,8,False,True,normal,pluvieux
2023-08-12 00:57:05,Clinique des Spécialités,O+,27,2,0,25,3.9,10,99.5,normale,"État satisfaisant, contrôle qualité OK",5,0,8,True,True,normal,pluvieux
2023-08-12 04:46:25,Hôpital Militaire,O+,20,6,0,14,3.6,2,89.6,faible,Urgent: vérifier température stockage,5,4,8,True,True,normal,orageux
2023-08-12 13:10:53,Hôpital de District Bonassama,O+,41,7,0,34,5.0,20,96.8,normale,"Excellent état, conservation parfaite",5,13,8,True,True,normal,ensoleillé
2023-08-12 13:58:46,Hôpital de District Bonassama,O+,42,5,17,54,5.6,16,100.0,normale,"Excellent état, conservation parfaite",5,13,8,True,True,normal,pluvieux
2023-08-12 22:41:02,Hôpital de District Bonassama,O+,29,3,0,26,3.3,24,98.4,normale,"État satisfaisant, contrôle qualité OK",5,22,8,True,True,normal,pluvieux
2023-08-12 23:36:51,Clinique des Spécialités,O+,26,7,20,39,2.9,3,78.3,normale,Urgent: vérifier température stockage,5,23,8,True,True,normal,orageux
2023-08-13 01:38:53,Hôpital Général Douala,O+,5,10,0,0,4.0,6,100.0,critique,URGENT: Stock critique - Contrôle bactériologique négatif,6,1,8,True,True,normal,pluvieux
2023-08-13 02:23:00,Hôpital Général Douala,O+,19,5,0,14,4.6,4,88.7,faible,Hémoglobine dans les normes,6,2,8,True,True,normal,ensoleillé
2023-08-13 09:11:40,Hôpital de District Bonassama,O+,25,7,0,18,4.3,1,63.0,faible,"Excellent état, conservation parfaite",6,9,8,True,True,normal,ensoleillé
2023-08-13 15:37:33,Clinique des Spécialités,O+,19,6,22,35,3.2,2,83.7,normale,Urgent: vérifier température stockage,6,15,8,True,True,urgence_médicale,orageux
2023-08-13 20:16:32,Hôpital Militaire,O+,27,6,0,21,4.1,9,97.1,normale,"Excellent état, conservation parfaite",6,20,8,True,True,normal,pluvieux
2023-08-14 05:08:12,Clinique des Spécialités,O+,15,13,0,2,3.6,15,100.0,critique,"URGENT: Stock critique - État satisfaisant, contrôle qualité OK",0,5,8,False,True,normal,ensoleillé
2023-08-14 07:15:01,Hôpital de District Bonassama,O+,88,8,0,80,4.2,1,57.9,attention,"État satisfaisant, contrôle qualité OK",0,7,8,False,True,normal,ensoleillé
2023-08-14 11:26:24,Hôpital de District Bonassama,O+,90,12,10,88,4.1,11,97.9,normale,Attention: proche expiration,0,11,8,False,True,normal,pluvieux
2023-08-14 13:45:25,Hôpital Général Douala,O+,96,10,0,86,4.1,34,100.0,normale,Parfait pour transfusion immédiate,0,13,8,False,True,normal,ensoleillé
2023-08-14 14:19:06,Hôpital Militaire,O+,66,12,0,54,3.6,27,100.0,normale,Parfait pour transfusion immédiate,0,14,8,False,True,normal,pluvieux
2023-08-14 16:24:57,Hôpital Laquintinie,O+,70,12,0,58,3.9,1,66.7,attention,"Bon état général, légère variation température",0,16,8,False,True,normal,pluvieux
2023-08-14 16:44:35,Clinique des Spécialités,O+,67,8,23,82,4.4,11,93.0,normale,Attention: proche expiration,0,16,8,False,True,normal,pluvieux
2023-08-15 12:07:12,Hôpital Général Douala,O+,98,6,0,92,3.3,21,100.0,normale,Parfait pour transfusion immédiate,1,12,8,False,True,normal,pluvieux
2023-08-15 18:05:33,Clinique des Spécialités,O+,56,12,0,44,4.2,9,87.8,normale,Attention: proche expiration,1,18,8,False,True,normal,ensoleillé
2023-08-15 21:19:23,Centre Médical d'Excellence,O+,48,11,16,53,3.4,25,93.2,normale,"État satisfaisant, contrôle qualité OK",1,21,8,False,True,normal,ensoleillé
2023-08-16 03:41:37,Hôpital de District Bonassama,O+,31,12,0,19,4.4,1,56.0,faible,Contrôle bactériologique négatif,2,3,8,False,True,normal,pluvieux
2023-08-16 05:03:04,Hôpital de District Bonassama,O+,31,16,0,15,4.5,15,100.0,faible,Hémoglobine dans les normes,2,5,8,False,True,normal,orageux
2023-08-16 10:27:00,Centre Médical d'Excellence,O+,91,12,0,79,3.4,32,87.3,normale,Urgent: vérifier température stockage,2,10,8,False,True,normal,pluvieux
2023-08-16 12:58:38,Hôpital Général Douala,O+,70,10,22,82,3.9,38,97.4,normale,Attention: proche expiration,2,12,8,False,True,normal,ensoleillé
2023-08-16 16:55:32,Centre Médical d'Excellence,O+,74,5,29,98,3.9,8,100.0,normale,Attention: proche expiration,2,16,8,False,True,normal,ensoleillé
2023-08-16 17:22:58,Hôpital Militaire,O+,75,5,0,70,4.4,22,91.8,normale,Parfait pour transfusion immédiate,2,17,8,False,True,normal,ensoleillé
2023-08-16 19:31:44,Hôpital de District Bonassama,O+,39,7,17,49,4.2,5,95.6,normale,Hémoglobine dans les normes,2,19,8,False,True,campagne_don,nuageux
2023-08-16 19:54:00,Hôpital Militaire,O+,66,10,0,56,3.8,40,98.2,normale,"Bon état général, légère variation température",2,19,8,False,True,normal,ensoleillé
2023-08-17 10:55:08,Centre Médical d'Excellence,O+,44,10,0,34,2.9,3,88.4,normale,"État satisfaisant, contrôle qualité OK",3,10,8,False,True,accident_route,nuageux
2023-08-17 12:59:29,Clinique des Spécialités,O+,84,7,21,98,3.4,2,80.8,normale,Contrôle bactériologique négatif,3,12,8,False,True,normal,pluvieux
2023-08-17 13:25:44,Hôpital Laquintinie,O+,85,4,0,81,4.1,4,90.1,normale,Hémoglobine dans les normes,3,13,8,False,True,campagne_don,ensoleillé
2023-08-17 14:14:25,Hôpital de District Bonassama,O+,93,2,0,91,4.0,6,100.0,normale,Attention: proche expiration,3,14,8,False,True,normal,pluvieux
2023-08-17 14:32:40,Clinique des Spécialités,O+,62,12,0,50,3.9,8,94.1,normale,Attention: proche expiration,3,14,8,False,True,normal,ensoleillé
2023-08-17 17:31:31,Centre Médical d'Excellence,O+,40,6,19,53,3.6,5,100.0,normale,"Bon état général, légère variation température",3,17,8,False,True,normal,orageux
2023-08-17 17:58:33,Hôpital Général Douala,O+,58,4,0,54,3.6,23,96.9,normale,Urgent: vérifier température stockage,3,17,8,False,True,normal,ensoleillé
2023-08-17 18:15:31,Hôpital Général Douala,O+,50,4,0,46,3.1,3,90.6,normale,Parfait pour transfusion immédiate,3,18,8,False,True,campagne_don,nuageux
2023-08-17 20:02:13,Hôpital Général Douala,O+,61,9,16,68,4.2,5,100.0,normale,Contrôle bactériologique négatif,3,20,8,False,True,normal,nuageux
2023-08-18 09:44:44,Hôpital Laquintinie,O+,68,13,0,55,4.5,4,78.9,normale,Urgent: vérifier température stockage,4,9,8,False,True,normal,pluvieux
2023-08-18 13:28:36,Hôpital Militaire,O+,57,4,0,53,4.0,22,98.9,normale,Contrôle bactériologique négatif,4,13,8,False,True,normal,nuageux
2023-08-18 17:50:08,Centre Médical d'Excellence,O+,62,11,0,51,4.1,16,100.0,normale,Parfait pour transfusion immédiate,4,17,8,False,True,normal,pluvieux
2023-08-18 18:19:05,Hôpital Militaire,O+,88,11,0,77,4.4,29,98.9,normale,Hémoglobine dans les normes,4,18,8,False,True,normal,nuageux
2023-08-18 19:48:06,Hôpital Militaire,O+,50,15,0,35,3.8,23,100.0,normale,"Bon état général, légère variation température",4,19,8,False,True,normal,pluvieux
2023-08-18 20:50:12,Clinique des Spécialités,O+,70,10,0,60,4.2,39,98.6,normale,Attention: proche expiration,4,20,8,False,True,normal,pluvieux
2023-08-18 22:45:21,Hôpital Général Douala,O+,46,11,16,51,4.6,33,93.9,normale,Attention: proche expiration,4,22,8,False,True,normal,nuageux
2023-08-19 00:16:17,Clinique des Spécialités,O+,15,9,0,6,4.3,18,100.0,critique,"URGENT: Stock critique - État satisfaisant, contrôle qualité OK",5,0,8,True,True,normal,ensoleillé
2023-08-19 04:33:29,Hôpital Militaire,O+,10,7,24,27,3.7,14,97.4,normale,Urgent: vérifier température stockage,5,4,8,True,True,normal,orageux
2023-08-19 07:31:21,Hôpital de District Bonassama,O+,37,4,0,33,3.5,28,90.6,normale,"Bon état général, légère variation température",5,7,8,True,True,normal,nuageux
2023-08-19 08:03:02,Hôpital Général Douala,O+,47,8,16,55,3.7,17,95.1,normale,Contrôle bactériologique négatif,5,8,8,True,True,normal,nuageux
2023-08-19 14:58:26,Hôpital Militaire,O+,34,7,0,27,3.4,26,97.9,normale,"État satisfaisant, contrôle qualité OK",5,14,8,True,True,normal,ensoleillé
2023-08-19 17:09:07,Hôpital Général Douala,O+,22,8,0,14,4.0,11,80.3,faible,Urgent: vérifier température stockage,5,17,8,True,True,normal,pluvieux
2023-08-19 19:41:22,Hôpital Laquintinie,O+,41,5,0,36,3.8,26,100.0,normale,"État satisfaisant, contrôle qualité OK",5,19,8,True,True,normal,pluvieux
2023-08-19 19:58:00,Clinique des Spécialités,O+,39,7,0,32,3.4,2,76.3,normale,Contrôle bactériologique négatif,5,19,8,True,True,normal,nuageux
2023-08-20 03:46:20,Hôpital Militaire,O+,26,4,0,22,4.9,4,80.6,normale,Attention: proche expiration,6,3,8,True,True,normal,ensoleillé
2023-08-20 17:24:37,Hôpital de District Bonassama,O+,61,10,18,69,4.8,51,99.3,normale,Hémoglobine dans les normes,6,17,8,True,True,normal,ensoleillé
2023-08-20 18:24:11,Hôpital Général Douala,O+,47,6,0,41,3.7,19,100.0,normale,Parfait pour transfusion immédiate,6,18,8,True,True,normal,pluvieux
2023-08-20 21:40:46,Clinique des Spécialités,O+,47,4,28,71,3.2,22,100.0,normale,"Excellent état, conservation parfaite",6,21,8,True,True,normal,nuageux
2023-08-20 22:06:06,Hôpital de District Bonassama,O+,36,6,29,59,3.8,28,100.0,normale,Attention: proche expiration,6,22,8,True,True,normal,nuageux
2023-08-21 01:44:35,Hôpital Laquintinie,O+,35,15,0,20,3.6,1,59.8,attention,Urgent: vérifier température stockage,0,1,8,False,True,normal,nuageux
2023-08-21 06:40:41,Centre Médical d'Excellence,O+,40,3,26,63,4.1,3,83.6,normale,"Excellent état, conservation parfaite",0,6,8,False,True,normal,pluvieux
2023-08-21 07:18:15,Hôpital Général Douala,O+,82,17,0,65,4.4,11,100.0,normale,Hémoglobine dans les normes,0,7,8,False,True,normal,pluvieux
2023-08-21 10:15:59,Centre Médical d'Excellence,O+,20,13,0,7,4.2,20,100.0,critique,URGENT: Stock critique - Urgent: vérifier température stockage,0,10,8,False,True,normal,ensoleillé
2023-08-21 10:55:55,Hôpital de District Bonassama,O+,86,13,21,94,4.4,19,100.0,normale,Parfait pour transfusion immédiate,0,10,8,False,True,normal,pluvieux
2023-08-21 15:22:27,Hôpital Laquintinie,O+,72,12,21,81,4.4,20,100.0,normale,"Bon état général, légère variation température",0,15,8,False,True,normal,ensoleillé
2023-08-21 16:10:22,Hôpital de District Bonassama,O+,42,9,0,33,3.8,10,95.3,normale,Hémoglobine dans les normes,0,16,8,False,True,normal,ensoleillé
2023-08-22 02:46:20,Hôpital Général Douala,O+,40,6,0,34,3.3,1,64.6,attention,"Excellent état, conservation parfaite",1,2,8,False,True,normal,ensoleillé
2023-08-22 08:40:57,Hôpital de District Bonassama,O+,70,11,0,59,4.3,15,95.1,normale,Urgent: vérifier température stockage,1,8,8,False,True,normal,ensoleillé
2023-08-22 09:06:41,Hôpital Laquintinie,O+,60,9,0,51,3.9,5,94.6,normale,Contrôle bactériologique négatif,1,9,8,False,True,normal,nuageux
2023-08-22 17:19:11,Hôpital Général Douala,O+,65,11,0,54,3.7,5,94.7,normale,Attention: proche expiration,1,17,8,False,True,normal,nuageux
2023-08-22 20:18:25,Clinique des Spécialités,O+,79,11,18,86,3.0,20,95.6,normale,Attention: proche expiration,1,20,8,False,True,normal,pluvieux
2023-08-22 22:18:18,Clinique des Spécialités,O+,57,5,0,52,4.2,22,94.7,normale,Contrôle bactériologique négatif,1,22,8,False,True,normal,pluvieux
2023-08-22 22:42:15,Clinique des Spécialités,O+,46,11,25,60,3.7,9,100.0,normale,"Excellent état, conservation parfaite",1,22,8,False,True,normal,ensoleillé
2023-08-22 23:43:49,Clinique des Spécialités,O+,17,9,0,8,4.2,1,55.6,critique,URGENT: Stock critique - Contrôle bactériologique négatif,1,23,8,False,True,normal,ensoleillé
2023-08-23 02:52:57,Centre Médical d'Excellence,O+,39,8,23,54,4.1,16,100.0,normale,"Bon état général, légère variation température",2,2,8,False,True,normal,pluvieux
2023-08-23 12:02:50,Centre Médical d'Excellence,O+,91,9,16,98,3.4,14,100.0,normale,Hémoglobine dans les normes,2,12,8,False,True,normal,orageux
2023-08-23 17:49:45,Hôpital Général Douala,O+,56,11,0,45,4.0,4,92.2,normale,Urgent: vérifier température stockage,2,17,8,False,True,normal,nuageux
2023-08-23 18:14:37,Centre Médical d'Excellence,O+,52,8,23,67,4.4,2,83.2,normale,"Bon état général, légère variation température",2,18,8,False,True,normal,nuageux
2023-08-23 21:30:09,Clinique des Spécialités,O+,75,8,0,67,3.0,8,93.2,normale,Parfait pour transfusion immédiate,2,21,8,False,True,normal,ensoleillé
2023-08-24 00:05:14,Hôpital Militaire,O+,32,8,0,24,3.2,18,94.2,normale,"État satisfaisant, contrôle qualité OK",3,0,8,False,True,normal,ensoleillé
2023-08-24 01:09:21,Hôpital de District Bonassama,O+,17,13,0,4,3.7,46,100.0,critique,URGENT: Stock critique - Hémoglobine dans les normes,3,1,8,False,True,normal,ensoleillé
2023-08-24 01:20:13,Hôpital Général Douala,O+,26,6,20,40,4.7,4,88.6,normale,Hémoglobine dans les normes,3,1,8,False,True,normal,orageux
2023-08-24 02:33:18,Hôpital de District Bonassama,O+,30,10,18,38,4.4,6,95.0,normale,Hémoglobine dans les normes,3,2,8,False,True,normal,ensoleillé
2023-08-24 10:57:48,Hôpital Militaire,O+,61,7,0,54,4.1,18,100.0,normale,"État satisfaisant, contrôle qualité OK",3,10,8,False,True,normal,nuageux
2023-08-24 11:02:18,Clinique des Spécialités,O+,64,12,0,52,4.0,19,100.0,normale,Parfait pour transfusion immédiate,3,11,8,False,True,normal,ensoleillé
2023-08-24 12:34:46,Clinique des Spécialités,O+,25,11,27,41,4.2,11,96.0,normale,Parfait pour transfusion immédiate,3,12,8,False,True,normal,ensoleillé
2023-08-24 15:42:07,Hôpital Général Douala,O+,60,9,26,77,3.6,6,100.0,normale,Attention: proche expiration,3,15,8,False,True,normal,nuageux
2023-08-24 15:53:47,Clinique des Spécialités,O+,50,14,0,36,4.2,13,100.0,normale,Parfait pour transfusion immédiate,3,15,8,False,True,normal,nuageux
2023-08-24 19:35:50,Hôpital Laquintinie,O+,64,11,0,53,2.9,6,100.0,normale,"État satisfaisant, contrôle qualité OK",3,19,8,False,True,normal,pluvieux
2023-08-24 19:52:23,Hôpital de District Bonassama,O+,40,10,0,30,3.4,1,65.7,attention,Contrôle bactériologique négatif,3,19,8,False,True,normal,pluvieux
2023-08-24 22:05:07,Hôpital Laquintinie,O+,69,7,0,62,4.1,5,100.0,normale,Urgent: vérifier température stockage,3,22,8,False,True,normal,ensoleillé
2023-08-25 06:55:39,Clinique des Spécialités,O+,78,9,0,69,2.9,4,83.9,normale,Urgent: vérifier température stockage,4,6,8,False,True,normal,ensoleillé
2023-08-25 15:42:17,Hôpital de District Bonassama,O+,67,10,0,57,4.3,2,86.9,normale,"Bon état général, légère variation température",4,15,8,False,True,normal,ensoleillé
2023-08-25 16:21:47,Hôpital de District Bonassama,O+,72,10,0,62,3.8,20,96.1,normale,Attention: proche expiration,4,16,8,False,True,normal,orageux
2023-08-25 17:18:40,Clinique des Spécialités,O+,57,5,22,74,5.2,1,50.6,attention,"Excellent état, conservation parfaite",4,17,8,False,True,normal,nuageux
2023-08-25 20:37:53,Hôpital de District Bonassama,O+,52,10,0,42,3.7,15,100.0,normale,Urgent: vérifier température stockage,4,20,8,False,True,normal,pluvieux
2023-08-25 22:23:06,Hôpital Laquintinie,O+,60,14,0,46,4.2,11,88.4,normale,Hémoglobine dans les normes,4,22,8,False,True,normal,nuageux
2023-08-25 22:31:50,Hôpital Général Douala,O+,68,8,0,60,4.7,6,96.3,normale,Contrôle bactériologique négatif,4,22,8,False,True,normal,ensoleillé
2023-08-26 01:09:14,Hôpital Laquintinie,O+,22,10,0,12,4.7,17,100.0,faible,Hémoglobine dans les normes,5,1,8,True,True,normal,pluvieux
2023-08-26 01:12:24,Clinique des Spécialités,O+,18,8,25,35,4.6,71,100.0,normale,"Bon état général, légère variation température",5,1,8,True,True,normal,pluvieux
2023-08-26 02:54:03,Hôpital de District Bonassama,O+,18,0,0,18,4.0,23,100.0,faible,Parfait pour transfusion immédiate,5,2,8,True,True,normal,nuageux
2023-08-26 10:49:18,Clinique des Spécialités,O+,49,6,0,43,4.3,8,95.3,normale,Attention: proche expiration,5,10,8,True,True,normal,pluvieux
2023-08-26 11:13:05,Hôpital Militaire,O+,37,3,19,53,4.0,14,98.8,normale,"Bon état général, légère variation température",5,11,8,True,True,accident_route,ensoleillé
2023-08-26 12:51:35,Hôpital Laquintinie,O+,54,4,0,50,3.5,18,100.0,normale,Urgent: vérifier température stockage,5,12,8,True,True,normal,pluvieux
2023-08-26 15:33:45,Hôpital Militaire,O+,33,8,0,25,3.6,7,98.7,normale,"Bon état général, légère variation température",5,15,8,True,True,normal,orageux
2023-08-26 16:09:29,Hôpital Militaire,O+,49,7,16,58,4.3,4,77.2,normale,"État satisfaisant, contrôle qualité OK",5,16,8,True,True,normal,orageux
2023-08-26 17:41:12,Hôpital Général Douala,O+,44,9,0,35,4.2,30,100.0,normale,"Excellent état, conservation parfaite",5,17,8,True,True,normal,pluvieux
2023-08-26 21:41:28,Hôpital Général Douala,O+,45,6,0,39,5.0,6,100.0,normale,Hémoglobine dans les normes,5,21,8,True,True,normal,ensoleillé
2023-08-28 03:05:29,Hôpital de District Bonassama,O+,18,10,0,8,4.0,8,99.6,critique,URGENT: Stock critique - Contrôle bactériologique négatif,0,3,8,False,True,normal,ensoleillé
2023-08-28 12:46:48,Hôpital de District Bonassama,O+,73,6,0,67,2.7,15,100.0,normale,Parfait pour transfusion immédiate,0,12,8,False,True,normal,ensoleillé
2023-08-28 17:00:19,Hôpital Laquintinie,O+,52,14,0,38,3.9,11,96.9,normale,Urgent: vérifier température stockage,0,17,8,False,True,normal,ensoleillé
2023-08-28 18:38:58,Hôpital Militaire,O+,83,13,16,86,4.7,3,85.0,normale,"État satisfaisant, contrôle qualité OK",0,18,8,False,True,normal,nuageux
2023-08-28 23:11:08,Centre Médical d'Excellence,O+,25,3,0,22,4.3,12,100.0,normale,Hémoglobine dans les normes,0,23,8,False,True,normal,pluvieux
2023-08-29 00:30:57,Hôpital Militaire,O+,32,4,22,50,4.9,7,94.6,normale,"Excellent état, conservation parfaite",1,0,8,False,True,normal,pluvieux
2023-08-29 03:48:35,Hôpital Laquintinie,O+,21,17,0,4,4.1,42,98.5,critique,"URGENT: Stock critique - Bon état général, légère variation température",1,3,8,False,True,normal,nuageux
2023-08-29 04:16:14,Hôpital de District Bonassama,O+,22,7,10,25,4.0,8,100.0,normale,Attention: proche expiration,1,4,8,False,True,normal,pluvieux
2023-08-29 15:38:21,Hôpital de District Bonassama,O+,67,4,0,63,3.8,21,100.0,normale,Parfait pour transfusion immédiate,1,15,8,False,True,normal,ensoleillé
2023-08-29 17:00:53,Hôpital de District Bonassama,O+,80,8,21,93,4.2,6,100.0,normale,Urgent: vérifier température stockage,1,17,8,False,True,normal,orageux
2023-08-29 17:05:14,Hôpital Général Douala,O+,44,4,0,40,4.2,2,90.6,normale,Urgent: vérifier température stockage,1,17,8,False,True,normal,nuageux
2023-08-29 22:25:14,Hôpital de District Bonassama,O+,72,9,0,63,4.3,9,100.0,normale,Attention: proche expiration,1,22,8,False,True,normal,pluvieux
2023-08-30 01:54:52,Hôpital Militaire,O+,16,11,0,5,4.1,31,100.0,critique,"URGENT: Stock critique - Bon état général, légère variation température",2,1,8,False,True,normal,ensoleillé
2023-08-30 09:53:10,Hôpital Laquintinie,O+,50,15,0,35,4.3,3,79.4,normale,Attention: proche expiration,2,9,8,False,True,normal,nuageux
2023-08-30 11:12:24,Hôpital Militaire,O+,65,9,0,56,4.2,36,98.4,normale,Contrôle bactériologique négatif,2,11,8,False,True,normal,pluvieux
2023-08-30 13:29:42,Hôpital Militaire,O+,90,5,0,85,3.1,47,99.0,normale,"État satisfaisant, contrôle qualité OK",2,13,8,False,True,normal,ensoleillé
2023-08-30 13:43:17,Hôpital de District Bonassama,O+,58,13,0,45,4.7,7,99.4,normale,Contrôle bactériologique négatif,2,13,8,False,True,normal,ensoleillé
2023-08-30 17:12:22,Hôpital Militaire,O+,75,2,0,73,3.3,20,100.0,normale,"État satisfaisant, contrôle qualité OK",2,17,8,False,True,normal,nuageux
2023-08-30 20:42:38,Hôpital Général Douala,O+,45,5,0,40,4.1,40,95.0,normale,Hémoglobine dans les normes,2,20,8,False,True,normal,nuageux
2023-08-30 22:43:55,Hôpital Laquintinie,O+,96,12,0,84,4.0,30,100.0,normale,"Excellent état, conservation parfaite",2,22,8,False,True,normal,ensoleillé
2023-08-31 15:56:52,Hôpital Laquintinie,O+,92,8,21,105,3.3,1,71.1,normale,"État satisfaisant, contrôle qualité OK",3,15,8,False,True,urgence_médicale,ensoleillé
2023-08-31 20:24:18,Hôpital Militaire,O+,73,4,0,69,3.5,7,100.0,normale,"État satisfaisant, contrôle qualité OK",3,20,8,False,True,normal,orageux
2023-08-31 21:57:48,Clinique des Spécialités,O+,67,5,0,62,4.7,9,100.0,normale,"État satisfaisant, contrôle qualité OK",3,21,8,False,True,normal,ensoleillé
2023-09-01 03:56:14,Clinique des Spécialités,O+,31,10,0,21,4.2,2,89.5,normale,Attention: proche expiration,4,3,9,False,False,normal,nuageux
2023-09-01 10:55:02,Hôpital Laquintinie,O+,24,5,0,19,3.8,43,100.0,faible,Contrôle bactériologique négatif,4,10,9,False,False,normal,ensoleillé
2023-09-01 13:02:13,Hôpital Laquintinie,O+,49,5,0,44,4.5,17,100.0,normale,"Bon état général, légère variation température",4,13,9,False,False,normal,nuageux
2023-09-01 18:52:30,Centre Médical d'Excellence,O+,63,5,0,58,5.1,4,86.2,normale,Urgent: vérifier température stockage,4,18,9,False,False,normal,orageux
2023-09-01 19:07:14,Hôpital Général Douala,O+,45,2,19,62,3.7,16,98.9,normale,Urgent: vérifier température stockage,4,19,9,False,False,normal,ensoleillé
2023-09-01 20:45:51,Hôpital Général Douala,O+,39,11,0,28,3.6,22,96.7,normale,Parfait pour transfusion immédiate,4,20,9,False,False,normal,ensoleillé
2023-09-01 20:46:26,Hôpital Général Douala,O+,36,6,0,30,3.8,3,90.3,normale,Attention: proche expiration,4,20,9,False,False,normal,ensoleillé
2023-09-01 23:24:19,Hôpital Général Douala,O+,34,8,0,26,4.0,6,100.0,normale,Attention: proche expiration,4,23,9,False,False,normal,ensoleillé
2023-09-02 00:08:07,Hôpital Général Douala,O+,13,5,18,26,4.4,2,87.1,normale,"Excellent état, conservation parfaite",5,0,9,True,False,normal,pluvieux
2023-09-02 06:59:51,Clinique des Spécialités,O+,30,5,20,45,4.2,3,78.7,normale,Parfait pour transfusion immédiate,5,6,9,True,False,normal,ensoleillé
2023-09-02 10:21:58,Hôpital de District Bonassama,O+,31,5,0,26,2.9,5,99.7,normale,"Bon état général, légère variation température",5,10,9,True,False,normal,nuageux
2023-09-02 15:09:35,Clinique des Spécialités,O+,31,5,13,39,3.3,28,99.6,normale,Attention: proche expiration,5,15,9,True,False,normal,ensoleillé
2023-09-02 16:24:59,Centre Médical d'Excellence,O+,42,7,21,56,4.2,18,100.0,normale,Hémoglobine dans les normes,5,16,9,True,False,normal,ensoleillé
2023-09-02 17:51:44,Hôpital Militaire,O+,28,1,20,47,4.4,21,96.4,normale,"État satisfaisant, contrôle qualité OK",5,17,9,True,False,normal,ensoleillé
2023-09-02 19:52:19,Hôpital Général Douala,O+,23,7,0,16,4.2,27,89.9,faible,"Bon état général, légère variation température",5,19,9,True,False,urgence_médicale,pluvieux
2023-09-03 05:45:57,Hôpital Militaire,O+,16,6,0,10,3.7,16,100.0,faible,"Bon état général, légère variation température",6,5,9,True,False,normal,orageux
2023-09-03 07:36:22,Clinique des Spécialités,O+,26,2,0,24,3.0,7,92.5,normale,Attention: proche expiration,6,7,9,True,False,normal,orageux
2023-09-03 18:58:03,Hôpital Laquintinie,O+,37,2,24,59,3.7,4,89.3,normale,Contrôle bactériologique négatif,6,18,9,True,False,normal,pluvieux
2023-09-03 21:39:41,Hôpital Militaire,O+,47,5,11,53,3.2,38,100.0,normale,Urgent: vérifier température stockage,6,21,9,True,False,normal,ensoleillé
2023-09-04 05:14:58,Hôpital Laquintinie,O+,19,10,0,9,2.7,21,97.0,critique,"URGENT: Stock critique - Excellent état, conservation parfaite",0,5,9,False,False,normal,nuageux
2023-09-04 06:20:06,Hôpital Militaire,O+,52,10,24,66,4.3,1,56.5,attention,"État satisfaisant, contrôle qualité OK",0,6,9,False,False,normal,nuageux
2023-09-04 09:31:56,Hôpital de District Bonassama,O+,52,6,23,69,3.7,5,91.4,normale,"Excellent état, conservation parfaite",0,9,9,False,False,normal,pluvieux
2023-09-04 12:50:05,Centre Médical d'Excellence,O+,29,2,0,27,3.3,13,95.4,normale,Hémoglobine dans les normes,0,12,9,False,False,normal,ensoleillé
2023-09-04 19:38:24,Hôpital Laquintinie,O+,48,5,27,70,4.1,57,100.0,normale,"Excellent état, conservation parfaite",0,19,9,False,False,normal,ensoleillé
2023-09-05 03:04:13,Hôpital de District Bonassama,O+,20,7,13,26,5.1,29,98.1,normale,Parfait pour transfusion immédiate,1,3,9,False,False,normal,pluvieux
2023-09-05 11:04:42,Hôpital Militaire,O+,31,8,16,39,3.6,6,97.2,normale,Contrôle bactériologique négatif,1,11,9,False,False,normal,nuageux
2023-09-05 13:36:49,Hôpital Militaire,O+,86,12,21,95,4.1,9,100.0,normale,"Bon état général, légère variation température",1,13,9,False,False,normal,ensoleillé
2023-09-05 14:59:33,Clinique des Spécialités,O+,38,6,0,32,3.8,5,99.8,normale,Attention: proche expiration,1,14,9,False,False,normal,pluvieux
2023-09-05 18:41:30,Centre Médical d'Excellence,O+,40,4,0,36,3.8,4,85.0,normale,Hémoglobine dans les normes,1,18,9,False,False,normal,pluvieux
2023-09-05 21:27:25,Clinique des Spécialités,O+,72,5,0,67,3.7,26,100.0,normale,Contrôle bactériologique négatif,1,21,9,False,False,normal,ensoleillé
2023-09-05 23:32:23,Centre Médical d'Excellence,O+,27,11,0,16,3.4,36,100.0,faible,Contrôle bactériologique négatif,1,23,9,False,False,normal,nuageux
2023-09-06 00:15:22,Hôpital Général Douala,O+,32,7,26,51,3.9,8,100.0,normale,Attention: proche expiration,2,0,9,False,False,normal,nuageux
2023-09-06 01:25:55,Hôpital Laquintinie,O+,29,4,23,48,3.3,16,95.1,normale,Contrôle bactériologique négatif,2,1,9,False,False,normal,pluvieux
2023-09-06 02:31:05,Hôpital Militaire,O+,17,4,19,32,3.9,57,100.0,normale,Urgent: vérifier température stockage,2,2,9,False,False,normal,nuageux
2023-09-06 12:02:00,Hôpital Laquintinie,O+,69,11,0,58,3.7,30,99.4,normale,Contrôle bactériologique négatif,2,12,9,False,False,normal,pluvieux
2023-09-07 04:58:39,Hôpital Général Douala,O+,24,11,22,35,4.1,4,83.9,normale,Urgent: vérifier température stockage,3,4,9,False,False,normal,orageux
2023-09-07 10:33:00,Centre Médical d'Excellence,O+,34,3,18,49,3.5,9,93.8,normale,Hémoglobine dans les normes,3,10,9,False,False,normal,pluvieux
2023-09-07 11:20:40,Hôpital Laquintinie,O+,31,14,0,17,3.6,1,59.4,faible,Hémoglobine dans les normes,3,11,9,False,False,normal,nuageux
2023-09-07 13:24:05,Centre Médical d'Excellence,O+,40,7,0,33,4.6,3,90.6,normale,Urgent: vérifier température stockage,3,13,9,False,False,normal,nuageux
2023-09-07 17:13:33,Clinique des Spécialités,O+,29,9,0,20,4.7,33,96.9,normale,Contrôle bactériologique négatif,3,17,9,False,False,normal,ensoleillé
2023-09-07 18:00:00,Clinique des Spécialités,O+,18,7,0,11,4.0,1,51.7,faible,"Excellent état, conservation parfaite",3,18,9,False,False,normal,ensoleillé
2023-09-07 18:12:57,Hôpital Militaire,O+,65,6,0,59,4.0,16,93.7,normale,Urgent: vérifier température stockage,3,18,9,False,False,normal,orageux
2023-09-07 18:27:01,Hôpital Laquintinie,O+,50,7,0,43,4.4,2,88.5,normale,"État satisfaisant, contrôle qualité OK",3,18,9,False,False,normal,ensoleillé
2023-09-08 00:33:12,Hôpital de District Bonassama,O+,42,10,0,32,4.3,11,88.1,normale,Contrôle bactériologique négatif,4,0,9,False,False,normal,pluvieux
2023-09-08 01:00:52,Hôpital Laquintinie,O+,19,5,0,14,4.2,17,93.1,faible,"État satisfaisant, contrôle qualité OK",4,1,9,False,False,normal,nuageux
2023-09-08 05:25:46,Hôpital Laquintinie,O+,28,8,0,20,3.7,8,94.3,normale,"État satisfaisant, contrôle qualité OK",4,5,9,False,False,normal,pluvieux
2023-09-08 11:17:18,Hôpital Militaire,O+,56,6,0,50,4.5,8,100.0,normale,Contrôle bactériologique négatif,4,11,9,False,False,normal,pluvieux
2023-09-08 12:33:17,Clinique des Spécialités,O+,64,7,0,57,4.3,34,100.0,normale,Urgent: vérifier température stockage,4,12,9,False,False,normal,pluvieux
2023-09-09 00:22:57,Centre Médical d'Excellence,O+,16,4,0,12,4.2,22,100.0,faible,Urgent: vérifier température stockage,5,0,9,True,False,normal,orageux
2023-09-09 10:44:48,Hôpital Général Douala,O+,22,4,0,18,3.5,22,100.0,faible,Contrôle bactériologique négatif,5,10,9,True,False,normal,pluvieux
2023-09-09 15:21:07,Hôpital Général Douala,O+,14,6,0,8,5.3,1,61.6,critique,URGENT: Stock critique - Attention: proche expiration,5,15,9,True,False,normal,nuageux
2023-09-09 23:41:41,Clinique des Spécialités,O+,13,5,0,8,3.6,39,99.6,critique,URGENT: Stock critique - Attention: proche expiration,5,23,9,True,False,normal,orageux
2023-09-10 00:30:37,Hôpital Militaire,O+,18,3,0,15,3.0,1,62.6,faible,"Excellent état, conservation parfaite",6,0,9,True,False,normal,ensoleillé
2023-09-10 04:43:01,Hôpital Général Douala,O+,14,8,16,22,4.4,1,63.9,attention,"État satisfaisant, contrôle qualité OK",6,4,9,True,False,normal,pluvieux
2023-09-10 09:00:28,Hôpital Laquintinie,O+,41,2,0,39,4.1,35,95.0,normale,Parfait pour transfusion immédiate,6,9,9,True,False,normal,pluvieux
2023-09-10 11:25:03,Hôpital Militaire,O+,36,6,0,30,3.3,2,88.8,normale,Attention: proche expiration,6,11,9,True,False,normal,pluvieux
2023-09-10 12:11:35,Hôpital Militaire,O+,14,6,17,25,3.8,23,100.0,normale,"Excellent état, conservation parfaite",6,12,9,True,False,normal,ensoleillé
2023-09-10 13:51:49,Hôpital Laquintinie,O+,29,4,0,25,4.3,33,99.7,normale,"État satisfaisant, contrôle qualité OK",6,13,9,True,False,normal,pluvieux
2023-09-10 18:18:52,Hôpital Laquintinie,O+,34,8,18,44,4.9,5,100.0,normale,Contrôle bactériologique négatif,6,18,9,True,False,normal,ensoleillé
2023-09-11 00:30:41,Clinique des Spécialités,O+,41,4,0,37,4.5,12,97.6,normale,Contrôle bactériologique négatif,0,0,9,False,False,normal,pluvieux
2023-09-11 02:27:59,Centre Médical d'Excellence,O+,26,10,0,16,4.5,3,83.2,faible,"Excellent état, conservation parfaite",0,2,9,False,False,normal,ensoleillé
2023-09-11 06:01:20,Hôpital Militaire,O+,67,10,0,57,3.4,1,52.1,attention,"Bon état général, légère variation température",0,6,9,False,False,normal,pluvieux
2023-09-11 06:39:56,Clinique des Spécialités,O+,50,12,0,38,3.2,15,94.4,normale,Parfait pour transfusion immédiate,0,6,9,False,False,normal,ensoleillé
2023-09-11 10:45:03,Hôpital de District Bonassama,O+,61,12,15,64,3.9,7,100.0,normale,Hémoglobine dans les normes,0,10,9,False,False,normal,pluvieux
2023-09-11 15:34:45,Hôpital Militaire,O+,60,8,0,52,3.4,9,100.0,normale,Hémoglobine dans les normes,0,15,9,False,False,normal,nuageux
2023-09-11 17:56:31,Hôpital Général Douala,O+,25,10,19,34,3.9,1,65.6,attention,"État satisfaisant, contrôle qualité OK",0,17,9,False,False,normal,nuageux
2023-09-11 20:10:16,Centre Médical d'Excellence,O+,41,4,0,37,3.7,45,98.9,normale,"Excellent état, conservation parfaite",0,20,9,False,False,normal,pluvieux
2023-09-11 20:49:14,Centre Médical d'Excellence,O+,52,12,0,40,4.2,21,96.8,normale,Attention: proche expiration,0,20,9,False,False,normal,nuageux
2023-09-11 22:03:20,Hôpital Laquintinie,O+,57,8,0,49,3.9,15,100.0,normale,"État satisfaisant, contrôle qualité OK",0,22,9,False,False,accident_route,nuageux
2023-09-12 01:59:28,Hôpital Général Douala,O+,24,9,0,15,3.5,9,100.0,faible,Attention: proche expiration,1,1,9,False,False,normal,ensoleillé
2023-09-12 04:50:48,Hôpital Laquintinie,O+,25,10,24,39,4.9,6,100.0,normale,"Bon état général, légère variation température",1,4,9,False,False,épidémie,ensoleillé
2023-09-12 05:53:56,Centre Médical d'Excellence,O+,30,10,23,43,3.9,8,100.0,normale,Parfait pour transfusion immédiate,1,5,9,False,False,normal,ensoleillé
2023-09-12 06:34:45,Hôpital Laquintinie,O+,62,13,0,49,4.4,28,100.0,normale,Contrôle bactériologique négatif,1,6,9,False,False,normal,ensoleillé
2023-09-12 10:11:26,Hôpital Général Douala,O+,50,12,0,38,3.9,28,100.0,normale,Parfait pour transfusion immédiate,1,10,9,False,False,normal,nuageux
2023-09-12 13:56:09,Hôpital Militaire,O+,23,10,12,25,4.7,2,90.5,normale,Attention: proche expiration,1,13,9,False,False,normal,ensoleillé
2023-09-12 15:14:44,Hôpital Laquintinie,O+,46,7,0,39,4.3,2,85.0,normale,Hémoglobine dans les normes,1,15,9,False,False,normal,ensoleillé
2023-09-12 16:40:23,Hôpital Militaire,O+,62,11,14,65,3.7,9,100.0,normale,"Bon état général, légère variation température",1,16,9,False,False,normal,nuageux
2023-09-12 19:08:29,Clinique des Spécialités,O+,40,4,0,36,4.4,22,98.7,normale,"Bon état général, légère variation température",1,19,9,False,False,normal,ensoleillé
2023-09-12 20:07:28,Hôpital Général Douala,O+,34,6,0,28,4.3,36,99.0,normale,Hémoglobine dans les normes,1,20,9,False,False,normal,ensoleillé
2023-09-12 21:37:46,Centre Médical d'Excellence,O+,48,9,16,55,3.5,5,100.0,normale,Parfait pour transfusion immédiate,1,21,9,False,False,normal,ensoleillé
2023-09-13 17:42:21,Hôpital de District Bonassama,O+,57,6,0,51,4.5,19,100.0,normale,"Excellent état, conservation parfaite",2,17,9,False,False,normal,ensoleillé
2023-09-13 20:17:16,Hôpital Général Douala,O+,68,6,0,62,4.6,28,100.0,normale,"Excellent état, conservation parfaite",2,20,9,False,False,normal,ensoleillé
2023-09-13 20:49:21,Clinique des Spécialités,O+,35,9,0,26,4.0,17,95.1,normale,Parfait pour transfusion immédiate,2,20,9,False,False,normal,pluvieux
2023-09-13 23:03:30,Hôpital Laquintinie,O+,15,6,0,9,3.7,4,80.7,critique,URGENT: Stock critique - Contrôle bactériologique négatif,2,23,9,False,False,normal,ensoleillé
2023-09-13 23:48:14,Clinique des Spécialités,O+,37,10,0,27,3.8,39,100.0,normale,Attention: proche expiration,2,23,9,False,False,normal,ensoleillé
2023-09-14 00:25:07,Clinique des Spécialités,O+,22,3,0,19,4.5,6,95.7,faible,Contrôle bactériologique négatif,3,0,9,False,False,normal,nuageux
2023-09-14 00:57:35,Clinique des Spécialités,O+,18,6,0,12,4.3,25,97.6,faible,"Excellent état, conservation parfaite",3,0,9,False,False,épidémie,ensoleillé
2023-09-14 06:47:30,Hôpital de District Bonassama,O+,43,10,0,33,3.7,26,97.9,normale,Attention: proche expiration,3,6,9,False,False,normal,pluvieux
2023-09-14 07:27:13,Hôpital Laquintinie,O+,50,6,0,44,3.8,1,67.0,attention,"État satisfaisant, contrôle qualité OK",3,7,9,False,False,normal,nuageux
2023-09-14 09:46:44,Hôpital Général Douala,O+,48,9,0,39,3.9,20,98.3,normale,Attention: proche expiration,3,9,9,False,False,normal,ensoleillé
2023-09-14 11:02:21,Hôpital Général Douala,O+,61,7,0,54,3.8,11,100.0,normale,"Bon état général, légère variation température",3,11,9,False,False,normal,nuageux
2023-09-15 00:18:27,Hôpital Général Douala,O+,10,11,0,0,4.0,10,92.6,critique,"URGENT: Stock critique - Bon état général, légère variation température",4,0,9,False,False,normal,ensoleillé
2023-09-15 01:12:07,Clinique des Spécialités,O+,22,10,0,12,4.7,44,94.3,faible,"Bon état général, légère variation température",4,1,9,False,False,normal,ensoleillé
2023-09-15 05:30:40,Centre Médical d'Excellence,O+,37,10,0,27,3.7,1,61.0,attention,Contrôle bactériologique négatif,4,5,9,False,False,normal,ensoleillé
2023-09-15 08:33:16,Hôpital Général Douala,O+,48,12,0,36,4.1,1,64.4,attention,"Excellent état, conservation parfaite",4,8,9,False,False,normal,ensoleillé
2023-09-15 11:29:17,Centre Médical d'Excellence,O+,67,11,11,67,3.8,1,60.0,attention,"Bon état général, légère variation température",4,11,9,False,False,normal,nuageux
2023-09-16 02:44:48,Hôpital Militaire,O+,17,2,25,40,3.9,18,100.0,normale,Hémoglobine dans les normes,5,2,9,True,False,normal,ensoleillé
2023-09-16 03:17:58,Hôpital Général Douala,O+,19,5,0,14,4.1,39,95.1,faible,"Bon état général, légère variation température",5,3,9,True,False,normal,orageux
2023-09-16 04:53:50,Clinique des Spécialités,O+,17,5,0,12,3.1,4,84.8,faible,"Excellent état, conservation parfaite",5,4,9,True,False,normal,orageux
2023-09-16 05:08:39,Hôpital Laquintinie,O+,13,7,0,6,4.1,44,99.7,critique,URGENT: Stock critique - Attention: proche expiration,5,5,9,True,False,normal,ensoleillé
2023-09-16 09:10:51,Clinique des Spécialités,O+,38,5,0,33,4.0,5,97.2,normale,"État satisfaisant, contrôle qualité OK",5,9,9,True,False,normal,ensoleillé
2023-09-16 13:35:19,Hôpital Militaire,O+,13,0,0,13,3.8,4,93.6,faible,"État satisfaisant, contrôle qualité OK",5,13,9,True,False,normal,pluvieux
2023-09-16 19:09:27,Hôpital Laquintinie,O+,25,2,0,23,4.6,23,98.5,normale,Hémoglobine dans les normes,5,19,9,True,False,normal,nuageux
2023-09-17 09:43:17,Hôpital Général Douala,O+,53,4,0,49,4.5,5,100.0,normale,Attention: proche expiration,6,9,9,True,False,normal,ensoleillé
2023-09-17 09:53:16,Centre Médical d'Excellence,O+,44,6,0,38,3.6,1,71.4,normale,Contrôle bactériologique négatif,6,9,9,True,False,normal,nuageux
2023-09-17 09:58:00,Hôpital Laquintinie,O+,33,7,0,26,4.3,1,54.0,attention,Urgent: vérifier température stockage,6,9,9,True,False,normal,pluvieux
2023-09-17 13:41:38,Hôpital Militaire,O+,58,6,0,52,3.9,11,100.0,normale,Attention: proche expiration,6,13,9,True,False,normal,pluvieux
2023-09-17 14:00:30,Centre Médical d'Excellence,O+,20,2,22,40,4.1,12,96.8,normale,Contrôle bactériologique négatif,6,14,9,True,False,normal,nuageux
2023-09-17 15:58:52,Hôpital Militaire,O+,32,4,0,28,4.5,16,95.4,normale,"État satisfaisant, contrôle qualité OK",6,15,9,True,False,normal,pluvieux
2023-09-17 17:56:50,Hôpital Général Douala,O+,29,5,0,24,4.6,41,100.0,normale,"État satisfaisant, contrôle qualité OK",6,17,9,True,False,normal,nuageux
2023-09-17 22:53:14,Hôpital Général Douala,O+,6,7,0,0,4.3,13,93.3,critique,URGENT: Stock critique - Attention: proche expiration,6,22,9,True,False,normal,pluvieux
2023-09-17 23:26:51,Hôpital Laquintinie,O+,17,4,0,13,3.9,4,84.8,faible,Contrôle bactériologique négatif,6,23,9,True,False,normal,ensoleillé
2023-09-18 00:28:27,Hôpital de District Bonassama,O+,36,7,0,29,4.5,22,100.0,normale,Urgent: vérifier température stockage,0,0,9,False,False,normal,nuageux
2023-09-18 16:07:46,Hôpital Laquintinie,O+,92,8,0,84,3.5,37,100.0,normale,Urgent: vérifier température stockage,0,16,9,False,False,normal,pluvieux
2023-09-18 21:33:34,Hôpital de District Bonassama,O+,35,6,0,29,4.2,1,61.1,attention,"État satisfaisant, contrôle qualité OK",0,21,9,False,False,normal,ensoleillé
2023-09-18 23:50:26,Hôpital de District Bonassama,O+,24,6,0,18,3.5,5,100.0,faible,Urgent: vérifier température stockage,0,23,9,False,False,normal,nuageux
2023-09-19 04:50:52,Hôpital de District Bonassama,O+,30,3,17,44,4.0,7,95.9,normale,"Excellent état, conservation parfaite",1,4,9,False,False,normal,nuageux
2023-09-19 10:27:08,Centre Médical d'Excellence,O+,20,10,16,26,4.4,13,100.0,normale,Urgent: vérifier température stockage,1,10,9,False,False,normal,nuageux
2023-09-19 11:25:19,Hôpital Militaire,O+,59,8,0,51,4.3,48,99.6,normale,"Excellent état, conservation parfaite",1,11,9,False,False,accident_route,nuageux
2023-09-19 15:22:20,Hôpital de District Bonassama,O+,55,10,0,45,4.2,2,81.1,normale,Attention: proche expiration,1,15,9,False,False,normal,orageux
2023-09-19 17:59:32,Hôpital Général Douala,O+,43,7,16,52,4.0,48,100.0,normale,"Bon état général, légère variation température",1,17,9,False,False,normal,ensoleillé
2023-09-19 21:34:50,Hôpital Laquintinie,O+,17,4,0,13,4.4,51,97.1,faible,"Excellent état, conservation parfaite",1,21,9,False,False,normal,orageux
2023-09-19 23:41:49,Hôpital Militaire,O+,19,3,0,16,4.0,34,100.0,faible,Contrôle bactériologique négatif,1,23,9,False,False,normal,pluvieux
2023-09-20 01:58:36,Clinique des Spécialités,O+,24,5,0,19,4.4,1,58.8,faible,Contrôle bactériologique négatif,2,1,9,False,False,normal,pluvieux
2023-09-20 03:14:48,Centre Médical d'Excellence,O+,29,12,0,17,4.3,6,100.0,faible,Attention: proche expiration,2,3,9,False,False,urgence_médicale,ensoleillé
2023-09-20 04:50:06,Centre Médical d'Excellence,O+,17,9,27,35,3.8,18,100.0,normale,"État satisfaisant, contrôle qualité OK",2,4,9,False,False,normal,nuageux
2023-09-20 06:17:16,Hôpital Général Douala,O+,52,12,0,40,3.6,38,100.0,normale,Hémoglobine dans les normes,2,6,9,False,False,normal,pluvieux
2023-09-20 11:14:31,Clinique des Spécialités,O+,26,8,25,43,3.8,56,99.1,normale,"Excellent état, conservation parfaite",2,11,9,False,False,normal,nuageux
2023-09-20 13:50:44,Hôpital Général Douala,O+,49,4,18,63,3.7,8,100.0,normale,"État satisfaisant, contrôle qualité OK",2,13,9,False,False,normal,ensoleillé
2023-09-20 14:37:34,Hôpital de District Bonassama,O+,49,7,19,61,3.7,15,97.4,normale,Attention: proche expiration,2,14,9,False,False,normal,ensoleillé
2023-09-20 15:19:54,Hôpital Général Douala,O+,37,10,0,27,3.8,9,93.2,normale,"Excellent état, conservation parfaite",2,15,9,False,False,normal,nuageux
2023-09-20 19:53:35,Centre Médical d'Excellence,O+,70,5,0,65,4.4,39,94.3,normale,"État satisfaisant, contrôle qualité OK",2,19,9,False,False,normal,pluvieux
2023-09-21 05:15:13,Hôpital Laquintinie,O+,25,4,13,34,4.2,6,98.9,normale,"Excellent état, conservation parfaite",3,5,9,False,False,normal,orageux
2023-09-21 05:17:09,Hôpital Militaire,O+,31,10,0,21,3.7,61,100.0,normale,Hémoglobine dans les normes,3,5,9,False,False,normal,ensoleillé
2023-09-21 05:23:00,Hôpital Laquintinie,O+,28,7,18,39,3.8,3,90.8,normale,Contrôle bactériologique négatif,3,5,9,False,False,normal,pluvieux
2023-09-21 06:45:01,Hôpital Général Douala,O+,45,5,0,40,4.7,30,100.0,normale,Parfait pour transfusion immédiate,3,6,9,False,False,normal,pluvieux
2023-09-21 16:52:38,Centre Médical d'Excellence,O+,47,6,21,62,4.0,19,100.0,normale,Parfait pour transfusion immédiate,3,16,9,False,False,normal,pluvieux
2023-09-21 17:46:01,Hôpital de District Bonassama,O+,52,8,0,44,4.6,15,99.5,normale,Hémoglobine dans les normes,3,17,9,False,False,normal,pluvieux
2023-09-21 17:49:50,Hôpital Militaire,O+,42,5,0,37,3.4,10,100.0,normale,Attention: proche expiration,3,17,9,False,False,normal,ensoleillé
2023-09-22 00:30:00,Centre Médical d'Excellence,O+,29,0,14,43,4.3,3,81.7,normale,"Bon état général, légère variation température",4,0,9,False,False,normal,ensoleillé
2023-09-22 03:47:25,Hôpital de District Bonassama,O+,16,6,25,35,3.2,6,94.8,normale,Urgent: vérifier température stockage,4,3,9,False,False,normal,nuageux
2023-09-22 04:02:04,Hôpital Laquintinie,O+,10,15,0,0,3.4,26,99.2,critique,URGENT: Stock critique - Attention: proche expiration,4,4,9,False,False,normal,nuageux
2023-09-22 06:57:37,Hôpital de District Bonassama,O+,46,12,0,34,4.0,22,100.0,normale,Contrôle bactériologique négatif,4,6,9,False,False,normal,pluvieux
2023-09-22 10:58:21,Hôpital Militaire,O+,64,12,16,68,3.8,6,96.2,normale,"État satisfaisant, contrôle qualité OK",4,10,9,False,False,normal,nuageux
2023-09-22 13:03:41,Centre Médical d'Excellence,O+,69,9,0,60,3.2,31,100.0,normale,Contrôle bactériologique négatif,4,13,9,False,False,normal,ensoleillé
2023-09-22 16:20:42,Centre Médical d'Excellence,O+,49,7,0,42,3.9,11,100.0,normale,Contrôle bactériologique négatif,4,16,9,False,False,normal,ensoleillé
2023-09-22 16:35:38,Clinique des Spécialités,O+,41,9,0,32,4.9,18,100.0,normale,Contrôle bactériologique négatif,4,16,9,False,False,accident_route,ensoleillé
2023-09-22 17:52:49,Clinique des Spécialités,O+,46,8,19,57,3.7,2,80.9,normale,Hémoglobine dans les normes,4,17,9,False,False,normal,nuageux
2023-09-23 06:39:29,Hôpital de District Bonassama,O+,45,3,0,42,3.8,23,100.0,normale,Urgent: vérifier température stockage,5,6,9,True,False,normal,pluvieux
2023-09-23 07:24:47,Hôpital Général Douala,O+,12,11,0,1,4.8,3,82.2,critique,URGENT: Stock critique - Attention: proche expiration,5,7,9,True,False,normal,pluvieux
2023-09-23 07:50:54,Hôpital de District Bonassama,O+,24,3,0,21,3.8,29,100.0,normale,Attention: proche expiration,5,7,9,True,False,normal,nuageux
2023-09-23 14:42:22,Hôpital Militaire,O+,43,3,0,40,5.2,13,97.2,normale,Parfait pour transfusion immédiate,5,14,9,True,False,normal,ensoleillé
2023-09-23 16:55:55,Hôpital Militaire,O+,43,3,0,40,3.9,4,88.6,normale,Parfait pour transfusion immédiate,5,16,9,True,False,normal,ensoleillé
2023-09-24 12:24:21,Hôpital Général Douala,O+,38,5,0,33,3.0,12,96.7,normale,Parfait pour transfusion immédiate,6,12,9,True,False,normal,ensoleillé
2023-09-24 14:44:39,Centre Médical d'Excellence,O+,30,4,21,47,3.7,1,51.3,attention,Contrôle bactériologique négatif,6,14,9,True,False,normal,pluvieux
2023-09-24 20:19:34,Hôpital Militaire,O+,34,6,0,28,4.0,6,99.6,normale,"Excellent état, conservation parfaite",6,20,9,True,False,épidémie,pluvieux
2023-09-24 21:17:45,Hôpital Militaire,O+,49,7,0,42,4.3,1,58.8,attention,Urgent: vérifier température stockage,6,21,9,True,False,épidémie,pluvieux
2023-09-25 02:40:06,Hôpital de District Bonassama,O+,31,10,0,21,3.5,37,93.3,normale,"Bon état général, légère variation température",0,2,9,False,False,normal,nuageux
2023-09-25 04:29:18,Hôpital Laquintinie,O+,29,3,13,39,3.3,8,100.0,normale,Contrôle bactériologique négatif,0,4,9,False,False,normal,pluvieux
2023-09-25 06:32:54,Centre Médical d'Excellence,O+,62,5,0,57,4.4,1,57.6,attention,Hémoglobine dans les normes,0,6,9,False,False,normal,pluvieux
2023-09-25 14:31:38,Hôpital Laquintinie,O+,64,14,0,50,4.0,16,100.0,normale,Contrôle bactériologique négatif,0,14,9,False,False,normal,pluvieux
2023-09-25 16:45:43,Hôpital Général Douala,O+,65,8,0,57,4.0,14,98.5,normale,Contrôle bactériologique négatif,0,16,9,False,False,normal,ensoleillé
2023-09-26 00:49:20,Hôpital Général Douala,O+,20,7,0,13,3.8,1,62.3,faible,Attention: proche expiration,1,0,9,False,False,normal,ensoleillé
2023-09-26 04:41:51,Centre Médical d'Excellence,O+,23,5,0,18,3.8,3,83.1,faible,Hémoglobine dans les normes,1,4,9,False,False,normal,pluvieux
2023-09-26 04:43:35,Hôpital Laquintinie,O+,28,8,0,20,4.0,1,60.0,attention,Contrôle bactériologique négatif,1,4,9,False,False,normal,ensoleillé
2023-09-26 07:46:51,Hôpital Militaire,O+,43,13,16,46,4.7,30,100.0,normale,"Excellent état, conservation parfaite",1,7,9,False,False,normal,ensoleillé
2023-09-27 06:16:39,Hôpital Militaire,O+,48,8,17,57,4.4,13,94.1,normale,"Bon état général, légère variation température",2,6,9,False,False,normal,orageux
2023-09-27 08:55:27,Clinique des Spécialités,O+,43,9,0,34,4.4,35,100.0,normale,Hémoglobine dans les normes,2,8,9,False,False,normal,pluvieux
2023-09-27 09:24:16,Clinique des Spécialités,O+,56,5,23,74,4.1,9,100.0,normale,Contrôle bactériologique négatif,2,9,9,False,False,normal,ensoleillé
2023-09-27 14:42:19,Hôpital Laquintinie,O+,52,8,24,68,4.1,35,100.0,normale,"Bon état général, légère variation température",2,14,9,False,False,normal,pluvieux
2023-09-27 15:54:34,Centre Médical d'Excellence,O+,17,10,0,7,4.2,7,97.5,critique,URGENT: Stock critique - Urgent: vérifier température stockage,2,15,9,False,False,urgence_médicale,ensoleillé
2023-09-27 18:23:50,Hôpital de District Bonassama,O+,46,6,20,60,3.2,3,96.4,normale,"Excellent état, conservation parfaite",2,18,9,False,False,normal,orageux
2023-09-27 21:10:40,Hôpital Laquintinie,O+,46,10,0,36,3.9,7,97.2,normale,Attention: proche expiration,2,21,9,False,False,normal,pluvieux
2023-09-28 00:17:25,Hôpital de District Bonassama,O+,21,11,0,10,3.7,5,100.0,faible,Parfait pour transfusion immédiate,3,0,9,False,False,normal,pluvieux
2023-09-28 16:31:08,Hôpital de District Bonassama,O+,62,5,0,57,3.9,10,98.2,normale,Attention: proche expiration,3,16,9,False,False,normal,pluvieux
2023-09-28 16:34:56,Hôpital Militaire,O+,62,6,0,56,3.7,6,100.0,normale,"État satisfaisant, contrôle qualité OK",3,16,9,False,False,normal,ensoleillé
2023-09-29 00:22:20,Clinique des Spécialités,O+,30,7,0,23,3.2,67,96.1,normale,Hémoglobine dans les normes,4,0,9,False,False,normal,ensoleillé
2023-09-29 04:11:37,Clinique des Spécialités,O+,40,9,0,31,4.6,64,100.0,normale,Parfait pour transfusion immédiate,4,4,9,False,False,normal,ensoleillé
2023-09-29 08:52:51,Hôpital Laquintinie,O+,26,0,0,26,3.7,10,100.0,normale,"État satisfaisant, contrôle qualité OK",4,8,9,False,False,normal,ensoleillé
2023-09-30 00:10:14,Centre Médical d'Excellence,O+,17,3,0,14,3.7,33,91.1,faible,Urgent: vérifier température stockage,5,0,9,True,False,normal,orageux
2023-09-30 00:24:18,Hôpital de District Bonassama,O+,9,3,0,6,3.3,36,100.0,critique,URGENT: Stock critique - Contrôle bactériologique négatif,5,0,9,True,False,normal,orageux
2023-09-30 06:21:20,Hôpital Laquintinie,O+,42,7,22,57,2.8,10,100.0,normale,"Excellent état, conservation parfaite",5,6,9,True,False,normal,ensoleillé
2023-09-30 07:54:24,Hôpital Général Douala,O+,37,5,14,46,3.7,23,94.1,normale,Parfait pour transfusion immédiate,5,7,9,True,False,normal,ensoleillé
2023-09-30 08:09:03,Hôpital Laquintinie,O+,34,0,0,34,3.8,2,79.2,normale,"État satisfaisant, contrôle qualité OK",5,8,9,True,False,normal,ensoleillé
2023-09-30 10:47:03,Hôpital Militaire,O+,23,6,0,17,4.4,22,100.0,faible,Hémoglobine dans les normes,5,10,9,True,False,normal,nuageux
2023-09-30 11:41:16,Centre Médical d'Excellence,O+,21,3,0,18,4.0,27,100.0,faible,Urgent: vérifier température stockage,5,11,9,True,False,normal,ensoleillé
2023-09-30 11:50:35,Clinique des Spécialités,O+,36,5,0,31,4.8,28,100.0,normale,"Bon état général, légère variation température",5,11,9,True,False,normal,nuageux
2023-09-30 17:56:29,Clinique des Spécialités,O+,41,7,0,34,3.2,1,52.8,attention,"Excellent état, conservation parfaite",5,17,9,True,False,normal,pluvieux
2023-10-01 03:26:12,Hôpital Général Douala,O+,14,6,0,8,3.5,54,100.0,critique,URGENT: Stock critique - Urgent: vérifier température stockage,6,3,10,True,False,normal,ensoleillé
2023-10-01 03:35:01,Hôpital Militaire,O+,13,3,21,31,3.4,16,98.4,normale,Hémoglobine dans les normes,6,3,10,True,False,normal,ensoleillé
2023-10-01 04:05:39,Hôpital Militaire,O+,19,5,19,33,3.8,16,100.0,normale,Hémoglobine dans les normes,6,4,10,True,False,normal,ensoleillé
2023-10-01 05:19:33,Clinique des Spécialités,O+,18,2,16,32,3.9,18,100.0,normale,Urgent: vérifier température stockage,6,5,10,True,False,normal,nuageux
2023-10-01 11:37:13,Hôpital Laquintinie,O+,18,4,0,14,3.5,14,99.2,faible,Contrôle bactériologique négatif,6,11,10,True,False,normal,pluvieux
2023-10-01 13:13:25,Hôpital Général Douala,O+,24,4,0,20,4.3,31,99.8,normale,"Excellent état, conservation parfaite",6,13,10,True,False,normal,pluvieux
2023-10-01 13:28:18,Centre Médical d'Excellence,O+,28,6,0,22,3.9,6,100.0,normale,"Bon état général, légère variation température",6,13,10,True,False,normal,ensoleillé
2023-10-01 13:46:21,Hôpital de District Bonassama,O+,31,0,0,31,4.8,25,99.9,normale,Hémoglobine dans les normes,6,13,10,True,False,normal,nuageux
2023-10-01 20:38:21,Hôpital Militaire,O+,39,10,23,52,4.8,5,100.0,normale,Urgent: vérifier température stockage,6,20,10,True,False,campagne_don,nuageux
2023-10-01 21:42:17,Clinique des Spécialités,O+,38,4,0,34,4.1,2,90.1,normale,Parfait pour transfusion immédiate,6,21,10,True,False,normal,orageux
2023-10-01 22:34:44,Centre Médical d'Excellence,O+,20,3,0,17,4.0,5,100.0,faible,Parfait pour transfusion immédiate,6,22,10,True,False,normal,pluvieux
2023-10-02 10:35:39,Hôpital Général Douala,O+,45,16,19,48,4.4,4,83.5,normale,Parfait pour transfusion immédiate,0,10,10,False,False,normal,nuageux
2023-10-02 12:09:31,Hôpital Général Douala,O+,67,5,0,62,3.0,14,97.6,normale,Parfait pour transfusion immédiate,0,12,10,False,False,normal,ensoleillé
2023-10-02 12:33:03,Clinique des Spécialités,O+,67,8,0,59,4.1,11,96.9,normale,"Bon état général, légère variation température",0,12,10,False,False,normal,ensoleillé
2023-10-02 15:48:34,Hôpital Militaire,O+,68,10,0,58,4.6,1,70.1,normale,Hémoglobine dans les normes,0,15,10,False,False,normal,pluvieux
2023-10-02 18:23:07,Centre Médical d'Excellence,O+,53,14,0,39,4.4,35,100.0,normale,Urgent: vérifier température stockage,0,18,10,False,False,normal,orageux
2023-10-02 18:39:52,Centre Médical d'Excellence,O+,38,7,0,31,4.6,14,96.0,normale,Contrôle bactériologique négatif,0,18,10,False,False,normal,ensoleillé
2023-10-02 19:04:49,Hôpital Militaire,O+,32,12,18,38,4.3,1,64.8,attention,Contrôle bactériologique négatif,0,19,10,False,False,normal,pluvieux
2023-10-02 22:33:32,Hôpital Laquintinie,O+,41,7,0,34,3.7,8,100.0,normale,"Bon état général, légère variation température",0,22,10,False,False,normal,ensoleillé
2023-10-02 23:54:12,Hôpital Général Douala,O+,25,8,0,17,3.8,4,82.2,faible,"État satisfaisant, contrôle qualité OK",0,23,10,False,False,normal,nuageux
2023-10-03 04:57:10,Hôpital Général Douala,O+,14,3,0,11,4.4,1,56.5,faible,Attention: proche expiration,1,4,10,False,False,normal,pluvieux
2023-10-03 06:35:50,Centre Médical d'Excellence,O+,33,1,0,32,4.2,7,99.7,normale,Contrôle bactériologique négatif,1,6,10,False,False,normal,pluvieux
2023-10-03 13:19:56,Centre Médical d'Excellence,O+,59,12,0,47,4.5,11,100.0,normale,Parfait pour transfusion immédiate,1,13,10,False,False,normal,ensoleillé
2023-10-03 17:45:27,Clinique des Spécialités,O+,29,13,0,16,3.4,18,97.1,faible,"État satisfaisant, contrôle qualité OK",1,17,10,False,False,normal,ensoleillé
2023-10-03 23:31:08,Hôpital Laquintinie,O+,26,10,15,31,3.4,12,100.0,normale,Attention: proche expiration,1,23,10,False,False,normal,pluvieux
2023-10-04 08:48:30,Hôpital Laquintinie,O+,64,8,0,56,4.2,6,100.0,normale,"État satisfaisant, contrôle qualité OK",2,8,10,False,False,normal,ensoleillé
2023-10-04 10:27:45,Clinique des Spécialités,O+,27,3,20,44,3.8,9,96.1,normale,Attention: proche expiration,2,10,10,False,False,normal,nuageux
2023-10-04 13:42:00,Hôpital Militaire,O+,62,8,0,54,4.4,5,96.0,normale,Contrôle bactériologique négatif,2,13,10,False,False,normal,orageux
2023-10-04 22:46:15,Hôpital Militaire,O+,67,8,0,59,3.9,27,100.0,normale,Parfait pour transfusion immédiate,2,22,10,False,False,normal,pluvieux
2023-10-05 08:12:27,Hôpital Militaire,O+,53,13,18,58,4.8,6,100.0,normale,"État satisfaisant, contrôle qualité OK",3,8,10,False,False,normal,ensoleillé
2023-10-05 18:07:26,Clinique des Spécialités,O+,51,5,0,46,3.9,7,100.0,normale,Contrôle bactériologique négatif,3,18,10,False,False,normal,ensoleillé
2023-10-06 02:08:18,Clinique des Spécialités,O+,16,11,27,32,4.2,26,100.0,normale,"Bon état général, légère variation température",4,2,10,False,False,normal,ensoleillé
2023-10-06 04:11:45,Hôpital Militaire,O+,11,5,23,29,4.4,4,88.3,normale,Contrôle bactériologique négatif,4,4,10,False,False,normal,pluvieux
2023-10-06 12:01:12,Hôpital Général Douala,O+,52,7,0,45,3.9,15,97.5,normale,Hémoglobine dans les normes,4,12,10,False,False,normal,nuageux
2023-10-06 17:28:05,Hôpital Laquintinie,O+,44,9,0,35,4.6,30,91.2,normale,Parfait pour transfusion immédiate,4,17,10,False,False,normal,ensoleillé
2023-10-06 18:04:54,Hôpital Laquintinie,O+,81,9,0,72,3.8,26,100.0,normale,Hémoglobine dans les normes,4,18,10,False,False,normal,pluvieux
2023-10-06 21:20:12,Hôpital Général Douala,O+,41,6,0,35,4.6,27,100.0,normale,Parfait pour transfusion immédiate,4,21,10,False,False,normal,ensoleillé
2023-10-07 05:15:13,Hôpital de District Bonassama,O+,11,5,22,28,3.9,4,78.7,normale,Urgent: vérifier température stockage,5,5,10,True,False,normal,ensoleillé
2023-10-07 06:16:11,Hôpital Laquintinie,O+,21,7,0,14,3.9,16,100.0,faible,Attention: proche expiration,5,6,10,True,False,normal,ensoleillé
2023-10-07 08:06:57,Centre Médical d'Excellence,O+,33,7,0,26,3.8,22,100.0,normale,"État satisfaisant, contrôle qualité OK",5,8,10,True,False,normal,pluvieux
2023-10-07 09:44:38,Hôpital Général Douala,O+,17,3,0,14,3.6,15,98.9,faible,"Bon état général, légère variation température",5,9,10,True,False,normal,pluvieux
2023-10-07 11:52:37,Hôpital de District Bonassama,O+,44,9,18,53,4.2,34,100.0,normale,Hémoglobine dans les normes,5,11,10,True,False,normal,pluvieux
2023-10-07 14:20:10,Clinique des Spécialités,O+,34,1,0,33,4.2,1,49.8,attention,Parfait pour transfusion immédiate,5,14,10,True,False,normal,ensoleillé
2023-10-07 17:01:17,Hôpital Laquintinie,O+,56,5,0,51,3.9,20,93.9,normale,Contrôle bactériologique négatif,5,17,10,True,False,normal,nuageux
2023-10-07 17:38:22,Hôpital Général Douala,O+,33,7,0,26,2.7,4,80.2,normale,Parfait pour transfusion immédiate,5,17,10,True,False,normal,nuageux
2023-10-07 20:19:03,Hôpital Militaire,O+,26,4,16,38,3.5,5,100.0,normale,"Excellent état, conservation parfaite",5,20,10,True,False,normal,pluvieux
2023-10-07 23:15:43,Hôpital Militaire,O+,17,7,0,10,3.4,5,100.0,faible,Urgent: vérifier température stockage,5,23,10,True,False,normal,ensoleillé
2023-10-08 01:07:54,Clinique des Spécialités,O+,20,5,0,15,4.0,35,98.4,faible,Contrôle bactériologique négatif,6,1,10,True,False,campagne_don,pluvieux
2023-10-08 02:55:53,Clinique des Spécialités,O+,13,6,16,23,3.2,14,93.7,normale,Attention: proche expiration,6,2,10,True,False,normal,orageux
2023-10-08 04:29:20,Hôpital de District Bonassama,O+,22,6,0,16,3.3,24,100.0,faible,"Excellent état, conservation parfaite",6,4,10,True,False,normal,pluvieux
2023-10-08 05:56:54,Hôpital Militaire,O+,18,4,0,14,4.1,8,100.0,faible,"Excellent état, conservation parfaite",6,5,10,True,False,normal,ensoleillé
2023-10-08 11:50:01,Hôpital Militaire,O+,42,4,0,38,3.5,1,67.3,attention,Parfait pour transfusion immédiate,6,11,10,True,False,normal,pluvieux
2023-10-08 18:14:52,Hôpital Général Douala,O+,25,7,15,33,3.3,9,90.4,normale,Hémoglobine dans les normes,6,18,10,True,False,normal,pluvieux
2023-10-08 23:48:57,Hôpital Laquintinie,O+,22,7,15,30,4.2,8,99.9,normale,"État satisfaisant, contrôle qualité OK",6,23,10,True,False,normal,ensoleillé
2023-10-09 04:11:33,Clinique des Spécialités,O+,24,13,0,11,3.6,39,100.0,faible,Contrôle bactériologique négatif,0,4,10,False,False,normal,pluvieux
2023-10-09 06:05:13,Hôpital Laquintinie,O+,43,6,0,37,4.6,9,94.3,normale,"Excellent état, conservation parfaite",0,6,10,False,False,normal,pluvieux
2023-10-09 06:24:05,Hôpital Laquintinie,O+,53,6,0,47,3.9,5,100.0,normale,Attention: proche expiration,0,6,10,False,False,normal,pluvieux
2023-10-09 08:16:23,Clinique des Spécialités,O+,42,10,0,32,4.3,12,100.0,normale,Hémoglobine dans les normes,0,8,10,False,False,normal,ensoleillé
2023-10-09 21:14:32,Centre Médical d'Excellence,O+,68,11,0,57,4.0,5,100.0,normale,Hémoglobine dans les normes,0,21,10,False,False,normal,ensoleillé
2023-10-09 22:13:00,Hôpital Général Douala,O+,42,9,0,33,3.9,5,100.0,normale,Contrôle bactériologique négatif,0,22,10,False,False,normal,ensoleillé
2023-10-10 07:00:25,Hôpital de District Bonassama,O+,65,3,0,62,4.5,18,91.5,normale,Hémoglobine dans les normes,1,7,10,False,False,normal,pluvieux
2023-10-10 07:02:58,Hôpital Militaire,O+,85,6,0,79,3.6,15,100.0,normale,"Excellent état, conservation parfaite",1,7,10,False,False,normal,ensoleillé
2023-10-10 15:37:48,Hôpital Laquintinie,O+,56,7,0,49,4.5,3,89.0,normale,"État satisfaisant, contrôle qualité OK",1,15,10,False,False,normal,ensoleillé
2023-10-10 20:54:08,Clinique des Spécialités,O+,18,11,0,7,4.0,37,99.4,critique,URGENT: Stock critique - Contrôle bactériologique négatif,1,20,10,False,False,normal,ensoleillé
2023-10-10 23:25:04,Centre Médical d'Excellence,O+,5,8,0,0,3.0,17,98.5,critique,"URGENT: Stock critique - Excellent état, conservation parfaite",1,23,10,False,False,normal,pluvieux
2023-10-10 23:33:09,Centre Médical d'Excellence,O+,30,6,0,24,3.5,1,58.3,attention,"Excellent état, conservation parfaite",1,23,10,False,False,normal,nuageux
2023-10-11 05:58:43,Hôpital Général Douala,O+,34,8,15,41,3.9,12,100.0,normale,"Excellent état, conservation parfaite",2,5,10,False,False,normal,pluvieux
2023-10-11 07:00:50,Hôpital Général Douala,O+,51,9,0,42,4.1,1,66.7,attention,Parfait pour transfusion immédiate,2,7,10,False,False,normal,ensoleillé
2023-10-11 08:43:17,Hôpital Militaire,O+,47,7,0,40,4.9,24,91.6,normale,Hémoglobine dans les normes,2,8,10,False,False,normal,orageux
2023-10-11 10:12:10,Centre Médical d'Excellence,O+,61,0,14,75,3.6,38,98.3,normale,"Excellent état, conservation parfaite",2,10,10,False,False,normal,ensoleillé
2023-10-11 11:52:03,Hôpital Laquintinie,O+,61,4,19,76,4.6,39,100.0,normale,Parfait pour transfusion immédiate,2,11,10,False,False,normal,nuageux
2023-10-11 12:32:59,Centre Médical d'Excellence,O+,57,8,20,69,4.6,2,96.4,normale,"Bon état général, légère variation température",2,12,10,False,False,normal,nuageux
2023-10-11 17:07:57,Hôpital Général Douala,O+,64,6,0,58,4.2,6,100.0,normale,"Excellent état, conservation parfaite",2,17,10,False,False,normal,ensoleillé
2023-10-11 17:51:21,Hôpital Laquintinie,O+,53,10,0,43,3.8,5,100.0,normale,Urgent: vérifier température stockage,2,17,10,False,False,normal,ensoleillé
2023-10-11 22:05:13,Hôpital Laquintinie,O+,79,5,0,74,3.9,16,100.0,normale,Urgent: vérifier température stockage,2,22,10,False,False,normal,pluvieux
2023-10-12 01:55:34,Hôpital Militaire,O+,23,1,0,22,4.4,12,100.0,normale,"État satisfaisant, contrôle qualité OK",3,1,10,False,False,normal,pluvieux
2023-10-12 06:13:47,Clinique des Spécialités,O+,49,5,0,44,3.5,1,62.7,attention,"Excellent état, conservation parfaite",3,6,10,False,False,normal,pluvieux
2023-10-12 07:23:52,Hôpital Militaire,O+,47,10,0,37,4.6,14,100.0,normale,Parfait pour transfusion immédiate,3,7,10,False,False,normal,orageux
2023-10-12 10:24:24,Hôpital Général Douala,O+,46,2,0,44,4.9,7,95.7,normale,Hémoglobine dans les normes,3,10,10,False,False,normal,ensoleillé
2023-10-12 20:59:22,Hôpital Militaire,O+,51,7,22,66,3.7,7,100.0,normale,Contrôle bactériologique négatif,3,20,10,False,False,normal,pluvieux
2023-10-13 09:50:31,Hôpital Général Douala,O+,45,11,0,34,3.4,8,90.4,normale,"Excellent état, conservation parfaite",4,9,10,False,False,normal,pluvieux
2023-10-13 14:05:12,Hôpital Général Douala,O+,60,7,0,53,3.6,23,95.9,normale,"État satisfaisant, contrôle qualité OK",4,14,10,False,False,normal,orageux
2023-10-13 14:59:52,Hôpital Laquintinie,O+,62,10,0,52,4.0,4,75.9,normale,Contrôle bactériologique négatif,4,14,10,False,False,normal,nuageux
2023-10-14 03:44:11,Hôpital de District Bonassama,O+,18,5,0,13,2.1,34,100.0,faible,Hémoglobine dans les normes,5,3,10,True,False,normal,ensoleillé
2023-10-14 07:06:15,Hôpital Militaire,O+,60,7,0,53,3.8,16,100.0,normale,Contrôle bactériologique négatif,5,7,10,True,False,normal,ensoleillé
2023-10-14 10:01:43,Hôpital Général Douala,O+,40,8,23,55,5.5,1,55.1,attention,Contrôle bactériologique négatif,5,10,10,True,False,normal,orageux
2023-10-14 12:39:56,Hôpital de District Bonassama,O+,44,5,0,39,3.3,4,76.4,normale,Contrôle bactériologique négatif,5,12,10,True,False,normal,ensoleillé
2023-10-14 15:33:58,Clinique des Spécialités,O+,43,5,0,38,5.0,18,95.4,normale,Parfait pour transfusion immédiate,5,15,10,True,False,normal,pluvieux
2023-10-14 20:21:34,Hôpital Militaire,O+,43,3,0,40,3.6,1,65.2,attention,"Excellent état, conservation parfaite",5,20,10,True,False,normal,pluvieux
2023-10-14 23:12:40,Hôpital Général Douala,O+,14,6,0,8,4.5,34,96.5,critique,URGENT: Stock critique - Contrôle bactériologique négatif,5,23,10,True,False,normal,ensoleillé
2023-10-15 01:50:01,Clinique des Spécialités,O+,17,6,0,11,4.3,1,61.2,faible,Attention: proche expiration,6,1,10,True,False,normal,ensoleillé
2023-10-15 05:43:25,Hôpital de District Bonassama,O+,14,0,0,14,3.2,10,100.0,faible,Urgent: vérifier température stockage,6,5,10,True,False,normal,ensoleillé
2023-10-15 08:01:21,Hôpital Militaire,O+,38,5,0,33,4.0,12,98.0,normale,Contrôle bactériologique négatif,6,8,10,True,False,normal,nuageux
2023-10-15 10:02:21,Centre Médical d'Excellence,O+,33,7,19,45,4.0,4,74.5,normale,Contrôle bactériologique négatif,6,10,10,True,False,normal,ensoleillé
2023-10-15 12:47:11,Hôpital de District Bonassama,O+,26,3,0,23,4.0,1,64.8,attention,"État satisfaisant, contrôle qualité OK",6,12,10,True,False,normal,pluvieux
2023-10-16 03:04:54,Hôpital Laquintinie,O+,34,9,0,25,4.9,103,98.9,normale,Parfait pour transfusion immédiate,0,3,10,False,False,normal,ensoleillé
2023-10-16 08:29:30,Hôpital de District Bonassama,O+,69,10,0,59,4.7,25,100.0,normale,Parfait pour transfusion immédiate,0,8,10,False,False,normal,nuageux
2023-10-16 15:25:45,Hôpital de District Bonassama,O+,35,6,0,29,3.5,22,97.2,normale,"État satisfaisant, contrôle qualité OK",0,15,10,False,False,normal,ensoleillé
2023-10-16 20:09:31,Hôpital Laquintinie,O+,67,10,0,57,3.9,1,68.1,attention,Contrôle bactériologique négatif,0,20,10,False,False,normal,nuageux
2023-10-17 09:53:51,Hôpital Militaire,O+,43,7,0,36,4.0,15,99.0,normale,Hémoglobine dans les normes,1,9,10,False,False,normal,ensoleillé
2023-10-17 11:14:18,Clinique des Spécialités,O+,23,8,0,15,4.7,2,78.1,faible,Attention: proche expiration,1,11,10,False,False,normal,ensoleillé
2023-10-17 15:47:55,Hôpital Laquintinie,O+,49,7,0,42,3.4,7,100.0,normale,Urgent: vérifier température stockage,1,15,10,False,False,normal,nuageux
2023-10-17 15:51:22,Hôpital Général Douala,O+,60,1,0,59,3.9,2,81.9,normale,"État satisfaisant, contrôle qualité OK",1,15,10,False,False,normal,ensoleillé
2023-10-17 15:53:54,Hôpital Militaire,O+,24,7,25,42,4.0,26,100.0,normale,"Excellent état, conservation parfaite",1,15,10,False,False,normal,pluvieux
2023-10-17 20:02:47,Clinique des Spécialités,O+,21,11,22,32,2.7,2,85.5,normale,Attention: proche expiration,1,20,10,False,False,normal,pluvieux
2023-10-17 21:16:06,Hôpital Militaire,O+,41,6,0,35,3.6,11,100.0,normale,"Bon état général, légère variation température",1,21,10,False,False,normal,ensoleillé
2023-10-18 00:25:51,Hôpital de District Bonassama,O+,19,10,17,26,4.3,3,83.7,normale,"État satisfaisant, contrôle qualité OK",2,0,10,False,False,normal,nuageux
2023-10-18 04:50:33,Hôpital Général Douala,O+,17,12,16,21,4.0,10,100.0,normale,"Excellent état, conservation parfaite",2,4,10,False,False,normal,nuageux
2023-10-18 05:01:01,Hôpital Général Douala,O+,38,14,0,24,3.4,2,91.8,normale,Parfait pour transfusion immédiate,2,5,10,False,False,normal,pluvieux
2023-10-18 13:51:00,Centre Médical d'Excellence,O+,40,8,16,48,2.5,1,62.5,attention,Hémoglobine dans les normes,2,13,10,False,False,normal,nuageux
2023-10-18 15:34:28,Hôpital de District Bonassama,O+,44,8,0,36,4.1,1,62.7,attention,Contrôle bactériologique négatif,2,15,10,False,False,normal,pluvieux
2023-10-18 17:45:39,Hôpital Militaire,O+,69,10,13,72,4.3,6,100.0,normale,Attention: proche expiration,2,17,10,False,False,normal,ensoleillé
2023-10-18 18:35:45,Hôpital Laquintinie,O+,66,9,0,57,4.3,38,98.8,normale,Parfait pour transfusion immédiate,2,18,10,False,False,normal,pluvieux
2023-10-18 21:17:09,Clinique des Spécialités,O+,65,10,10,65,3.9,3,91.6,normale,Attention: proche expiration,2,21,10,False,False,normal,pluvieux
2023-10-19 14:05:22,Hôpital Laquintinie,O+,51,15,0,36,3.9,7,84.4,normale,"État satisfaisant, contrôle qualité OK",3,14,10,False,False,normal,pluvieux
2023-10-19 15:45:25,Hôpital Laquintinie,O+,56,7,0,49,3.9,12,100.0,normale,Contrôle bactériologique négatif,3,15,10,False,False,normal,ensoleillé
2023-10-19 17:20:28,Hôpital de District Bonassama,O+,40,12,0,28,4.2,7,100.0,normale,Urgent: vérifier température stockage,3,17,10,False,False,normal,pluvieux
2023-10-19 17:35:39,Hôpital Militaire,O+,42,6,19,55,3.9,6,100.0,normale,Attention: proche expiration,3,17,10,False,False,normal,pluvieux
2023-10-19 22:09:19,Hôpital Général Douala,O+,44,8,0,36,4.5,17,100.0,normale,"Bon état général, légère variation température",3,22,10,False,False,normal,pluvieux
2023-10-20 00:34:29,Centre Médical d'Excellence,O+,31,4,23,50,3.4,21,100.0,normale,Parfait pour transfusion immédiate,4,0,10,False,False,normal,ensoleillé
2023-10-20 01:58:03,Centre Médical d'Excellence,O+,31,11,0,20,4.2,7,100.0,normale,Hémoglobine dans les normes,4,1,10,False,False,normal,pluvieux
2023-10-20 04:30:59,Hôpital Général Douala,O+,34,6,0,28,3.8,14,97.7,normale,"Bon état général, légère variation température",4,4,10,False,False,normal,nuageux
2023-10-20 05:09:35,Hôpital Militaire,O+,26,14,14,26,3.3,15,100.0,normale,Urgent: vérifier température stockage,4,5,10,False,False,normal,pluvieux
2023-10-21 02:20:52,Hôpital de District Bonassama,O+,16,6,23,33,4.6,19,92.6,normale,"Excellent état, conservation parfaite",5,2,10,True,False,normal,pluvieux
2023-10-21 02:21:31,Clinique des Spécialités,O+,20,8,0,12,4.0,1,61.9,faible,Hémoglobine dans les normes,5,2,10,True,False,normal,pluvieux
2023-10-21 06:26:24,Hôpital Militaire,O+,47,4,18,61,4.9,17,90.0,normale,Attention: proche expiration,5,6,10,True,False,normal,nuageux
2023-10-21 09:05:39,Centre Médical d'Excellence,O+,37,3,0,34,4.3,56,95.9,normale,Parfait pour transfusion immédiate,5,9,10,True,False,normal,pluvieux
2023-10-21 11:54:44,Hôpital de District Bonassama,O+,29,6,0,23,3.7,40,94.5,normale,"Excellent état, conservation parfaite",5,11,10,True,False,normal,ensoleillé
2023-10-21 15:31:37,Hôpital de District Bonassama,O+,36,5,0,31,3.5,11,100.0,normale,"Excellent état, conservation parfaite",5,15,10,True,False,normal,ensoleillé
2023-10-21 16:03:47,Clinique des Spécialités,O+,21,6,0,15,4.6,1,60.8,faible,"Bon état général, légère variation température",5,16,10,True,False,normal,ensoleillé
2023-10-21 16:29:03,Hôpital Laquintinie,O+,33,6,0,27,4.3,31,96.0,normale,"Bon état général, légère variation température",5,16,10,True,False,normal,ensoleillé
2023-10-21 18:10:39,Clinique des Spécialités,O+,13,6,0,7,4.4,29,100.0,critique,URGENT: Stock critique - Parfait pour transfusion immédiate,5,18,10,True,False,normal,ensoleillé
2023-10-21 22:08:08,Hôpital Laquintinie,O+,40,4,0,36,4.2,1,57.6,attention,"État satisfaisant, contrôle qualité OK",5,22,10,True,False,normal,ensoleillé
2023-10-22 04:20:33,Hôpital Laquintinie,O+,18,3,26,41,4.3,5,98.2,normale,"État satisfaisant, contrôle qualité OK",6,4,10,True,False,normal,ensoleillé
2023-10-22 08:39:26,Hôpital Général Douala,O+,34,3,0,31,3.7,11,97.2,normale,Parfait pour transfusion immédiate,6,8,10,True,False,normal,pluvieux
2023-10-22 10:37:07,Hôpital Laquintinie,O+,35,5,22,52,3.8,3,96.7,normale,Hémoglobine dans les normes,6,10,10,True,False,normal,ensoleillé
2023-10-22 17:46:32,Hôpital Laquintinie,O+,29,7,0,22,3.9,10,95.0,normale,"Excellent état, conservation parfaite",6,17,10,True,False,normal,ensoleillé
2023-10-23 07:07:44,Hôpital Laquintinie,O+,80,9,0,71,4.1,7,100.0,normale,Attention: proche expiration,0,7,10,False,False,normal,ensoleillé
2023-10-23 13:07:10,Hôpital de District Bonassama,O+,19,10,26,35,3.2,22,100.0,normale,Urgent: vérifier température stockage,0,13,10,False,False,normal,nuageux
2023-10-23 22:10:52,Hôpital Militaire,O+,91,4,23,110,3.9,18,100.0,normale,"Bon état général, légère variation température",0,22,10,False,False,normal,ensoleillé
2023-10-24 00:54:12,Hôpital Laquintinie,O+,14,7,0,7,4.0,22,93.4,critique,"URGENT: Stock critique - Excellent état, conservation parfaite",1,0,10,False,False,normal,pluvieux
2023-10-24 02:53:06,Centre Médical d'Excellence,O+,14,7,0,7,4.4,66,100.0,critique,"URGENT: Stock critique - Excellent état, conservation parfaite",1,2,10,False,False,normal,nuageux
2023-10-24 03:46:37,Hôpital de District Bonassama,O+,31,4,0,27,3.5,10,100.0,normale,Urgent: vérifier température stockage,1,3,10,False,False,normal,nuageux
2023-10-24 05:17:43,Hôpital Militaire,O+,25,9,26,42,3.8,14,100.0,normale,"Excellent état, conservation parfaite",1,5,10,False,False,normal,ensoleillé
2023-10-24 06:10:31,Hôpital Laquintinie,O+,40,5,0,35,4.3,12,100.0,normale,"État satisfaisant, contrôle qualité OK",1,6,10,False,False,normal,pluvieux
2023-10-24 06:32:20,Hôpital Général Douala,O+,50,5,14,59,3.8,71,98.3,normale,"Excellent état, conservation parfaite",1,6,10,False,False,normal,nuageux
2023-10-24 11:55:55,Hôpital Militaire,O+,62,1,17,78,4.3,27,100.0,normale,Contrôle bactériologique négatif,1,11,10,False,False,normal,orageux
2023-10-24 13:05:02,Centre Médical d'Excellence,O+,69,6,0,63,3.8,17,99.2,normale,Urgent: vérifier température stockage,1,13,10,False,False,normal,ensoleillé
2023-10-24 18:24:26,Centre Médical d'Excellence,O+,39,8,0,31,4.1,1,60.8,attention,Contrôle bactériologique négatif,1,18,10,False,False,normal,ensoleillé
2023-10-24 20:50:38,Clinique des Spécialités,O+,67,7,0,60,4.1,7,97.9,normale,"Excellent état, conservation parfaite",1,20,10,False,False,normal,ensoleillé
2023-10-24 22:03:16,Hôpital de District Bonassama,O+,48,15,0,33,3.1,67,95.7,normale,Hémoglobine dans les normes,1,22,10,False,False,normal,pluvieux
2023-10-24 23:04:01,Hôpital de District Bonassama,O+,33,8,16,41,3.9,73,99.4,normale,"Excellent état, conservation parfaite",1,23,10,False,False,normal,ensoleillé
2023-10-24 23:06:45,Centre Médical d'Excellence,O+,9,7,19,21,3.5,8,97.0,normale,"Excellent état, conservation parfaite",1,23,10,False,False,normal,orageux
2023-10-25 02:18:30,Centre Médical d'Excellence,O+,33,9,0,24,4.2,25,100.0,normale,Parfait pour transfusion immédiate,2,2,10,False,False,normal,ensoleillé
2023-10-25 04:08:37,Hôpital de District Bonassama,O+,35,8,22,49,4.2,2,90.6,normale,"Excellent état, conservation parfaite",2,4,10,False,False,normal,ensoleillé
2023-10-25 07:51:03,Hôpital Laquintinie,O+,32,10,0,22,3.8,12,100.0,normale,Parfait pour transfusion immédiate,2,7,10,False,False,normal,nuageux
2023-10-25 08:52:17,Hôpital Laquintinie,O+,42,4,0,38,4.1,8,100.0,normale,Contrôle bactériologique négatif,2,8,10,False,False,normal,pluvieux
2023-10-25 19:19:33,Hôpital Laquintinie,O+,39,1,23,61,3.4,3,91.5,normale,"Bon état général, légère variation température",2,19,10,False,False,normal,ensoleillé
2023-10-25 19:26:57,Hôpital Laquintinie,O+,10,5,0,5,4.5,4,82.3,critique,URGENT: Stock critique - Hémoglobine dans les normes,2,19,10,False,False,normal,nuageux
2023-10-26 04:22:59,Centre Médical d'Excellence,O+,23,8,0,15,3.9,13,99.1,faible,Parfait pour transfusion immédiate,3,4,10,False,False,normal,ensoleillé
2023-10-26 06:35:31,Hôpital Militaire,O+,32,6,0,26,3.8,51,99.3,normale,Contrôle bactériologique négatif,3,6,10,False,False,épidémie,orageux
2023-10-26 11:39:46,Hôpital Général Douala,O+,39,5,0,34,3.3,1,58.3,attention,Parfait pour transfusion immédiate,3,11,10,False,False,normal,nuageux
2023-10-26 12:11:00,Hôpital Laquintinie,O+,45,8,26,63,3.7,4,90.5,normale,Hémoglobine dans les normes,3,12,10,False,False,normal,pluvieux
2023-10-27 01:55:30,Clinique des Spécialités,O+,24,4,12,32,4.6,1,69.6,attention,"Excellent état, conservation parfaite",4,1,10,False,False,normal,nuageux
2023-10-27 04:55:45,Hôpital de District Bonassama,O+,14,5,0,9,4.3,7,100.0,critique,URGENT: Stock critique - Contrôle bactériologique négatif,4,4,10,False,False,normal,ensoleillé
2023-10-27 07:49:26,Hôpital de District Bonassama,O+,52,8,0,44,3.8,8,99.1,normale,Hémoglobine dans les normes,4,7,10,False,False,normal,pluvieux
2023-10-27 09:10:18,Hôpital Général Douala,O+,21,12,0,9,3.5,8,100.0,critique,URGENT: Stock critique - Urgent: vérifier température stockage,4,9,10,False,False,normal,ensoleillé
2023-10-27 10:01:04,Hôpital Général Douala,O+,45,4,0,41,2.8,19,100.0,normale,Attention: proche expiration,4,10,10,False,False,normal,pluvieux
2023-10-27 23:43:39,Hôpital Laquintinie,O+,21,11,21,31,4.8,23,90.8,normale,"État satisfaisant, contrôle qualité OK",4,23,10,False,False,normal,ensoleillé
2023-10-28 07:40:59,Hôpital Militaire,O+,25,2,0,23,4.9,2,85.2,normale,"Bon état général, légère variation température",5,7,10,True,False,normal,orageux
2023-10-28 08:37:55,Hôpital Laquintinie,O+,43,3,20,60,4.3,15,91.5,normale,Attention: proche expiration,5,8,10,True,False,normal,nuageux
2023-10-28 11:25:13,Hôpital Général Douala,O+,57,3,12,66,4.4,9,96.5,normale,Parfait pour transfusion immédiate,5,11,10,True,False,normal,orageux
2023-10-28 17:42:38,Centre Médical d'Excellence,O+,41,5,0,36,3.5,7,100.0,normale,"Bon état général, légère variation température",5,17,10,True,False,normal,pluvieux
2023-10-28 18:41:52,Hôpital Laquintinie,O+,44,4,0,40,4.2,6,100.0,normale,Parfait pour transfusion immédiate,5,18,10,True,False,normal,nuageux
2023-10-28 21:30:59,Hôpital Militaire,O+,32,4,17,45,4.1,7,100.0,normale,"Bon état général, légère variation température",5,21,10,True,False,normal,ensoleillé
2023-10-29 03:47:04,Hôpital Militaire,O+,12,3,0,9,2.9,4,95.0,critique,URGENT: Stock critique - Parfait pour transfusion immédiate,6,3,10,True,False,normal,ensoleillé
2023-10-29 06:54:50,Hôpital Général Douala,O+,47,5,0,42,4.2,1,54.2,attention,Urgent: vérifier température stockage,6,6,10,True,False,campagne_don,ensoleillé
2023-10-29 07:38:21,Hôpital Laquintinie,O+,38,4,0,34,4.2,5,96.0,normale,Contrôle bactériologique négatif,6,7,10,True,False,normal,ensoleillé
2023-10-29 09:32:21,Hôpital de District Bonassama,O+,51,5,0,46,3.4,7,97.4,normale,Hémoglobine dans les normes,6,9,10,True,False,normal,pluvieux
2023-10-29 10:35:35,Hôpital Général Douala,O+,27,8,0,19,4.3,32,98.8,faible,"Bon état général, légère variation température",6,10,10,True,False,normal,orageux
2023-10-29 14:21:52,Clinique des Spécialités,O+,47,4,0,43,4.4,20,100.0,normale,Urgent: vérifier température stockage,6,14,10,True,False,normal,pluvieux
2023-10-29 19:38:12,Hôpital Général Douala,O+,30,7,0,23,4.3,5,100.0,normale,Parfait pour transfusion immédiate,6,19,10,True,False,normal,ensoleillé
2023-10-29 23:34:57,Hôpital de District Bonassama,O+,15,7,0,8,4.9,1,58.8,critique,"URGENT: Stock critique - Excellent état, conservation parfaite",6,23,10,True,False,normal,pluvieux
2023-10-30 05:54:47,Clinique des Spécialités,O+,22,6,0,16,4.3,14,100.0,faible,Hémoglobine dans les normes,0,5,10,False,False,normal,nuageux
2023-10-30 11:27:26,Hôpital Laquintinie,O+,47,12,0,35,4.1,8,100.0,normale,Parfait pour transfusion immédiate,0,11,10,False,False,normal,ensoleillé
2023-10-30 15:57:01,Hôpital de District Bonassama,O+,67,6,16,77,4.1,8,100.0,normale,Hémoglobine dans les normes,0,15,10,False,False,normal,ensoleillé
2023-10-31 06:17:09,Clinique des Spécialités,O+,46,8,20,58,4.3,11,100.0,normale,Parfait pour transfusion immédiate,1,6,10,False,False,normal,pluvieux
2023-10-31 06:41:42,Hôpital Militaire,O+,52,13,30,69,3.6,16,100.0,normale,Urgent: vérifier température stockage,1,6,10,False,False,normal,pluvieux
2023-10-31 07:01:15,Hôpital Laquintinie,O+,59,11,0,48,4.5,1,63.2,attention,Urgent: vérifier température stockage,1,7,10,False,False,normal,ensoleillé
2023-10-31 10:01:01,Hôpital Général Douala,O+,26,11,0,15,4.2,2,79.0,faible,Contrôle bactériologique négatif,1,10,10,False,False,accident_route,nuageux
2023-10-31 12:39:32,Clinique des Spécialités,O+,49,3,0,46,4.7,1,63.3,attention,"Excellent état, conservation parfaite",1,12,10,False,False,normal,ensoleillé
2023-10-31 14:19:05,Hôpital Militaire,O+,39,10,0,29,4.8,4,85.4,normale,"Excellent état, conservation parfaite",1,14,10,False,False,accident_route,ensoleillé
2023-10-31 22:49:24,Clinique des Spécialités,O+,29,10,0,19,2.8,7,100.0,faible,Contrôle bactériologique négatif,1,22,10,False,False,normal,nuageux
2023-11-01 00:42:39,Clinique des Spécialités,O+,23,4,0,19,3.6,4,86.1,faible,"État satisfaisant, contrôle qualité OK",2,0,11,False,False,normal,pluvieux
2023-11-01 03:14:44,Clinique des Spécialités,O+,21,8,21,34,2.8,41,95.1,normale,Parfait pour transfusion immédiate,2,3,11,False,False,normal,ensoleillé
2023-11-01 03:22:02,Hôpital de District Bonassama,O+,26,6,25,45,3.2,9,100.0,normale,"Bon état général, légère variation température",2,3,11,False,False,campagne_don,ensoleillé
2023-11-01 07:40:49,Hôpital Laquintinie,O+,52,8,0,44,3.7,1,62.0,attention,"Excellent état, conservation parfaite",2,7,11,False,False,normal,nuageux
2023-11-01 14:53:43,Hôpital Général Douala,O+,39,3,0,36,3.4,3,85.9,normale,"État satisfaisant, contrôle qualité OK",2,14,11,False,False,normal,pluvieux
2023-11-01 16:33:18,Hôpital Laquintinie,O+,51,10,23,64,3.3,1,57.1,attention,"État satisfaisant, contrôle qualité OK",2,16,11,False,False,normal,ensoleillé
2023-11-01 16:33:57,Hôpital Laquintinie,O+,44,5,0,39,4.2,12,100.0,normale,"Excellent état, conservation parfaite",2,16,11,False,False,normal,nuageux
2023-11-02 00:42:38,Hôpital Laquintinie,O+,36,9,0,27,3.4,1,50.3,attention,"État satisfaisant, contrôle qualité OK",3,0,11,False,False,normal,pluvieux
2023-11-02 01:22:50,Hôpital de District Bonassama,O+,22,7,13,28,4.4,35,96.3,normale,"Bon état général, légère variation température",3,1,11,False,False,normal,ensoleillé
2023-11-02 03:52:42,Centre Médical d'Excellence,O+,28,10,0,18,4.3,9,99.1,faible,"Bon état général, légère variation température",3,3,11,False,False,normal,orageux
2023-11-02 14:21:20,Hôpital de District Bonassama,O+,40,3,0,37,5.4,4,90.0,normale,"Bon état général, légère variation température",3,14,11,False,False,normal,orageux
2023-11-02 20:52:25,Hôpital de District Bonassama,O+,68,7,0,61,4.3,28,100.0,normale,"État satisfaisant, contrôle qualité OK",3,20,11,False,False,normal,orageux
2023-11-02 22:58:05,Hôpital de District Bonassama,O+,62,11,0,51,4.5,26,100.0,normale,Parfait pour transfusion immédiate,3,22,11,False,False,normal,nuageux
2023-11-02 23:05:02,Hôpital Laquintinie,O+,13,12,0,1,4.1,2,82.7,critique,URGENT: Stock critique - Parfait pour transfusion immédiate,3,23,11,False,False,normal,pluvieux
2023-11-03 02:37:46,Hôpital Général Douala,O+,32,7,20,45,3.7,1,59.1,attention,"Excellent état, conservation parfaite",4,2,11,False,False,normal,nuageux
2023-11-03 03:42:32,Centre Médical d'Excellence,O+,25,9,0,16,3.6,10,100.0,faible,"Excellent état, conservation parfaite",4,3,11,False,False,normal,pluvieux
2023-11-03 06:37:21,Hôpital de District Bonassama,O+,64,7,32,89,4.1,4,83.8,normale,"État satisfaisant, contrôle qualité OK",4,6,11,False,False,normal,ensoleillé
2023-11-03 06:43:45,Hôpital Laquintinie,O+,42,7,0,35,3.9,1,52.7,attention,Contrôle bactériologique négatif,4,6,11,False,False,normal,nuageux
2023-11-03 13:11:40,Hôpital Général Douala,O+,64,8,24,80,4.0,3,85.3,normale,"État satisfaisant, contrôle qualité OK",4,13,11,False,False,normal,ensoleillé
2023-11-03 13:25:06,Hôpital de District Bonassama,O+,64,7,0,57,3.8,14,93.5,normale,"Bon état général, légère variation température",4,13,11,False,False,normal,ensoleillé
2023-11-03 14:15:05,Hôpital Militaire,O+,30,6,0,24,3.6,28,100.0,normale,"Bon état général, légère variation température",4,14,11,False,False,normal,nuageux
2023-11-03 17:48:49,Centre Médical d'Excellence,O+,37,7,0,30,4.7,16,97.1,normale,"Bon état général, légère variation température",4,17,11,False,False,normal,ensoleillé
2023-11-03 19:06:06,Hôpital Laquintinie,O+,38,11,0,27,4.6,5,93.3,normale,Attention: proche expiration,4,19,11,False,False,normal,ensoleillé
2023-11-03 19:51:09,Hôpital de District Bonassama,O+,48,1,0,47,3.8,1,55.6,attention,Urgent: vérifier température stockage,4,19,11,False,False,normal,nuageux
2023-11-04 00:57:03,Hôpital Militaire,O+,13,6,29,36,4.0,19,96.1,normale,Hémoglobine dans les normes,5,0,11,True,False,normal,pluvieux
2023-11-04 02:30:03,Hôpital Général Douala,O+,25,5,0,20,3.8,16,95.0,normale,Contrôle bactériologique négatif,5,2,11,True,False,normal,ensoleillé
2023-11-04 16:00:39,Hôpital Général Douala,O+,26,3,27,50,4.1,11,100.0,normale,"Bon état général, légère variation température",5,16,11,True,False,normal,pluvieux
2023-11-05 05:48:54,Centre Médical d'Excellence,O+,14,2,0,12,3.7,2,85.1,faible,"Bon état général, légère variation température",6,5,11,True,False,normal,pluvieux
2023-11-05 07:16:49,Clinique des Spécialités,O+,33,4,0,29,3.8,3,81.1,normale,Attention: proche expiration,6,7,11,True,False,normal,nuageux
2023-11-05 10:56:18,Hôpital de District Bonassama,O+,30,0,0,30,3.9,2,87.1,normale,"Excellent état, conservation parfaite",6,10,11,True,False,normal,ensoleillé
2023-11-05 13:15:13,Hôpital de District Bonassama,O+,53,2,0,51,3.7,1,60.1,attention,"Bon état général, légère variation température",6,13,11,True,False,normal,orageux
2023-11-05 13:34:26,Hôpital Militaire,O+,60,5,0,55,3.2,1,67.2,attention,"Excellent état, conservation parfaite",6,13,11,True,False,normal,ensoleillé
2023-11-05 15:41:18,Hôpital de District Bonassama,O+,23,5,0,18,3.6,15,96.0,faible,Attention: proche expiration,6,15,11,True,False,normal,nuageux
2023-11-05 19:19:48,Hôpital Général Douala,O+,40,6,0,34,3.4,25,99.8,normale,Contrôle bactériologique négatif,6,19,11,True,False,normal,pluvieux
2023-11-05 22:15:01,Hôpital Laquintinie,O+,40,7,0,33,4.4,28,100.0,normale,"Bon état général, légère variation température",6,22,11,True,False,normal,ensoleillé
2023-11-06 08:38:16,Clinique des Spécialités,O+,35,5,0,30,4.3,7,100.0,normale,Urgent: vérifier température stockage,0,8,11,False,False,normal,ensoleillé
2023-11-06 08:44:23,Centre Médical d'Excellence,O+,76,10,0,66,4.0,3,85.2,normale,Urgent: vérifier température stockage,0,8,11,False,False,normal,ensoleillé
2023-11-06 09:29:44,Centre Médical d'Excellence,O+,28,8,0,20,4.1,23,96.0,normale,Parfait pour transfusion immédiate,0,9,11,False,False,normal,pluvieux
2023-11-06 19:01:29,Hôpital de District Bonassama,O+,59,10,0,49,3.6,2,89.1,normale,Parfait pour transfusion immédiate,0,19,11,False,False,normal,nuageux
2023-11-06 21:36:52,Hôpital Général Douala,O+,52,4,27,75,3.8,26,100.0,normale,Parfait pour transfusion immédiate,0,21,11,False,False,normal,nuageux
2023-11-07 04:55:57,Hôpital de District Bonassama,O+,39,4,0,35,4.0,18,93.1,normale,Contrôle bactériologique négatif,1,4,11,False,False,normal,orageux
2023-11-07 10:33:01,Hôpital Laquintinie,O+,51,10,0,41,3.7,14,100.0,normale,"Excellent état, conservation parfaite",1,10,11,False,False,normal,ensoleillé
2023-11-07 15:24:58,Hôpital de District Bonassama,O+,28,13,0,15,4.3,1,58.5,faible,Parfait pour transfusion immédiate,1,15,11,False,False,normal,ensoleillé
2023-11-07 20:10:36,Centre Médical d'Excellence,O+,41,6,23,58,3.9,3,88.2,normale,"Excellent état, conservation parfaite",1,20,11,False,False,normal,ensoleillé
2023-11-07 23:09:10,Hôpital Militaire,O+,32,5,0,27,4.1,3,87.6,normale,Urgent: vérifier température stockage,1,23,11,False,False,normal,orageux
2023-11-08 01:22:31,Hôpital Laquintinie,O+,20,1,0,19,4.1,4,88.8,faible,Hémoglobine dans les normes,2,1,11,False,False,normal,ensoleillé
2023-11-08 02:56:15,Centre Médical d'Excellence,O+,24,7,0,17,3.6,1,65.2,faible,"Bon état général, légère variation température",2,2,11,False,False,normal,orageux
2023-11-08 09:37:36,Centre Médical d'Excellence,O+,40,6,22,56,4.5,3,81.8,normale,Parfait pour transfusion immédiate,2,9,11,False,False,normal,pluvieux
2023-11-08 22:54:11,Hôpital de District Bonassama,O+,41,11,0,30,4.1,14,98.9,normale,Hémoglobine dans les normes,2,22,11,False,False,normal,ensoleillé
2023-11-09 03:24:44,Centre Médical d'Excellence,O+,20,3,0,17,3.5,19,97.1,faible,"Excellent état, conservation parfaite",3,3,11,False,False,normal,pluvieux
2023-11-09 09:06:20,Clinique des Spécialités,O+,39,6,28,61,3.7,25,96.4,normale,Urgent: vérifier température stockage,3,9,11,False,False,normal,ensoleillé
2023-11-09 10:22:02,Hôpital de District Bonassama,O+,40,6,0,34,4.2,36,100.0,normale,"Excellent état, conservation parfaite",3,10,11,False,False,normal,ensoleillé
2023-11-09 10:53:45,Hôpital Laquintinie,O+,59,11,0,48,3.7,5,100.0,normale,Urgent: vérifier température stockage,3,10,11,False,False,normal,pluvieux
2023-11-09 18:03:21,Centre Médical d'Excellence,O+,78,3,0,75,4.4,1,61.4,attention,Contrôle bactériologique négatif,3,18,11,False,False,normal,nuageux
2023-11-09 20:40:30,Hôpital Militaire,O+,50,8,21,63,4.7,15,100.0,normale,Hémoglobine dans les normes,3,20,11,False,False,normal,ensoleillé
2023-11-09 20:58:20,Hôpital Militaire,O+,50,2,0,48,3.6,2,85.5,normale,"Excellent état, conservation parfaite",3,20,11,False,False,normal,nuageux
2023-11-10 08:04:40,Hôpital Militaire,O+,44,5,0,39,4.2,2,83.7,normale,Parfait pour transfusion immédiate,4,8,11,False,False,normal,pluvieux
2023-11-10 10:35:28,Hôpital Laquintinie,O+,34,4,20,50,4.5,1,56.7,attention,Attention: proche expiration,4,10,11,False,False,normal,pluvieux
2023-11-10 13:13:18,Hôpital Laquintinie,O+,55,7,17,65,3.6,11,90.9,normale,Parfait pour transfusion immédiate,4,13,11,False,False,normal,ensoleillé
2023-11-10 13:27:56,Clinique des Spécialités,O+,45,5,0,40,4.6,22,100.0,normale,"État satisfaisant, contrôle qualité OK",4,13,11,False,False,normal,orageux
2023-11-10 18:17:13,Clinique des Spécialités,O+,54,6,0,48,3.9,14,90.9,normale,Parfait pour transfusion immédiate,4,18,11,False,False,normal,ensoleillé
2023-11-11 00:15:04,Centre Médical d'Excellence,O+,19,8,0,11,4.3,6,100.0,faible,"Excellent état, conservation parfaite",5,0,11,True,False,normal,nuageux
2023-11-11 01:18:06,Hôpital Laquintinie,O+,12,5,0,7,4.5,1,68.9,critique,URGENT: Stock critique - Attention: proche expiration,5,1,11,True,False,normal,ensoleillé
2023-11-11 04:25:58,Hôpital Militaire,O+,23,6,0,17,3.8,15,100.0,faible,Hémoglobine dans les normes,5,4,11,True,False,normal,ensoleillé
2023-11-11 05:35:58,Centre Médical d'Excellence,O+,24,6,0,18,3.3,17,100.0,faible,Urgent: vérifier température stockage,5,5,11,True,False,normal,ensoleillé
2023-11-11 05:48:40,Hôpital Laquintinie,O+,13,6,0,7,4.1,8,98.9,critique,"URGENT: Stock critique - Excellent état, conservation parfaite",5,5,11,True,False,normal,ensoleillé
2023-11-11 09:49:37,Clinique des Spécialités,O+,45,7,0,38,4.3,3,93.2,normale,Attention: proche expiration,5,9,11,True,False,normal,pluvieux
2023-11-11 15:03:15,Hôpital Militaire,O+,33,7,0,26,4.1,18,96.4,normale,Parfait pour transfusion immédiate,5,15,11,True,False,normal,pluvieux
2023-11-11 18:32:52,Hôpital Laquintinie,O+,26,1,30,55,4.8,1,56.1,attention,"Excellent état, conservation parfaite",5,18,11,True,False,normal,nuageux
2023-11-12 17:08:43,Hôpital Laquintinie,O+,41,6,0,35,3.9,5,100.0,normale,"Bon état général, légère variation température",6,17,11,True,False,normal,orageux
2023-11-12 19:58:01,Centre Médical d'Excellence,O+,30,5,15,40,4.4,1,64.5,attention,"Bon état général, légère variation température",6,19,11,True,False,normal,ensoleillé
2023-11-13 18:29:42,Hôpital Militaire,O+,59,8,0,51,4.1,3,85.9,normale,"Excellent état, conservation parfaite",0,18,11,False,False,normal,nuageux
2023-11-13 19:00:14,Hôpital de District Bonassama,O+,57,7,0,50,4.0,3,82.8,normale,Parfait pour transfusion immédiate,0,19,11,False,False,normal,nuageux
2023-11-13 20:58:40,Hôpital Général Douala,O+,92,7,18,103,4.5,1,63.8,attention,"Excellent état, conservation parfaite",0,20,11,False,False,normal,ensoleillé
2023-11-14 01:28:23,Hôpital Militaire,O+,21,6,25,40,4.0,25,98.1,normale,Parfait pour transfusion immédiate,1,1,11,False,False,normal,ensoleillé
2023-11-14 11:59:13,Hôpital Général Douala,O+,62,3,0,59,3.8,17,98.4,normale,Parfait pour transfusion immédiate,1,11,11,False,False,normal,ensoleillé
2023-11-14 19:09:29,Hôpital Laquintinie,O+,59,6,0,53,3.7,14,87.9,normale,Urgent: vérifier température stockage,1,19,11,False,False,normal,pluvieux
2023-11-14 23:56:51,Clinique des Spécialités,O+,29,3,0,26,3.6,6,98.4,normale,Hémoglobine dans les normes,1,23,11,False,False,normal,orageux
2023-11-15 08:31:15,Hôpital Général Douala,O+,59,13,14,60,3.7,16,95.6,normale,"Bon état général, légère variation température",2,8,11,False,False,normal,nuageux
2023-11-15 14:50:51,Centre Médical d'Excellence,O+,38,9,21,50,4.1,36,100.0,normale,Contrôle bactériologique négatif,2,14,11,False,False,normal,nuageux
2023-11-16 04:10:58,Clinique des Spécialités,O+,33,8,24,49,4.3,22,91.1,normale,"État satisfaisant, contrôle qualité OK",3,4,11,False,False,normal,pluvieux
2023-11-16 05:06:08,Clinique des Spécialités,O+,38,8,0,30,4.5,25,100.0,normale,Attention: proche expiration,3,5,11,False,False,normal,nuageux
2023-11-16 18:47:47,Clinique des Spécialités,O+,57,6,0,51,3.9,45,99.6,normale,"Bon état général, légère variation température",3,18,11,False,False,normal,pluvieux
2023-11-16 21:23:47,Hôpital Laquintinie,O+,43,5,0,38,2.7,10,100.0,normale,Attention: proche expiration,3,21,11,False,False,normal,ensoleillé
2023-11-17 02:18:36,Hôpital Militaire,O+,26,5,0,21,4.1,32,100.0,normale,Hémoglobine dans les normes,4,2,11,False,False,normal,ensoleillé
2023-11-17 04:41:34,Hôpital Laquintinie,O+,18,7,0,11,3.4,15,100.0,faible,"Bon état général, légère variation température",4,4,11,False,False,normal,orageux
2023-11-17 10:10:01,Hôpital de District Bonassama,O+,51,4,16,63,3.6,24,93.6,normale,"Excellent état, conservation parfaite",4,10,11,False,False,normal,ensoleillé
2023-11-17 14:46:30,Hôpital Laquintinie,O+,81,8,0,73,4.6,28,91.8,normale,"Excellent état, conservation parfaite",4,14,11,False,False,normal,pluvieux
2023-11-17 16:11:07,Hôpital Militaire,O+,56,3,0,53,3.7,2,86.6,normale,Contrôle bactériologique négatif,4,16,11,False,False,normal,pluvieux
2023-11-17 16:48:27,Hôpital Laquintinie,O+,48,6,0,42,4.3,29,96.5,normale,"Bon état général, légère variation température",4,16,11,False,False,normal,pluvieux
2023-11-17 19:03:08,Clinique des Spécialités,O+,48,8,19,59,3.7,10,89.2,normale,Hémoglobine dans les normes,4,19,11,False,False,normal,pluvieux
2023-11-17 22:17:46,Hôpital de District Bonassama,O+,47,5,0,42,3.8,7,98.7,normale,"Bon état général, légère variation température",4,22,11,False,False,normal,ensoleillé
2023-11-17 22:44:33,Hôpital Général Douala,O+,76,4,18,90,3.7,15,100.0,normale,Parfait pour transfusion immédiate,4,22,11,False,False,normal,nuageux
2023-11-18 19:19:55,Centre Médical d'Excellence,O+,42,7,0,35,4.0,1,64.0,attention,"Bon état général, légère variation température",5,19,11,True,False,normal,ensoleillé
2023-11-18 22:21:56,Clinique des Spécialités,O+,61,5,15,71,3.9,7,96.7,normale,"État satisfaisant, contrôle qualité OK",5,22,11,True,False,normal,pluvieux
2023-11-19 01:29:03,Hôpital Laquintinie,O+,10,7,0,3,4.7,14,97.9,critique,URGENT: Stock critique - Contrôle bactériologique négatif,6,1,11,True,False,normal,nuageux
2023-11-19 07:31:14,Centre Médical d'Excellence,O+,28,9,16,35,3.5,5,99.9,normale,Parfait pour transfusion immédiate,6,7,11,True,False,normal,pluvieux
2023-11-19 17:18:33,Clinique des Spécialités,O+,48,3,0,45,4.5,4,85.9,normale,Parfait pour transfusion immédiate,6,17,11,True,False,urgence_médicale,orageux
2023-11-19 18:01:00,Hôpital de District Bonassama,O+,26,2,0,24,3.7,6,99.1,normale,"État satisfaisant, contrôle qualité OK",6,18,11,True,False,normal,ensoleillé
2023-11-19 18:22:54,Hôpital de District Bonassama,O+,31,4,0,27,4.3,1,64.7,attention,Parfait pour transfusion immédiate,6,18,11,True,False,normal,ensoleillé
2023-11-20 00:19:46,Centre Médical d'Excellence,O+,32,12,0,20,4.0,17,100.0,normale,Attention: proche expiration,0,0,11,False,False,normal,ensoleillé
2023-11-20 06:32:47,Hôpital de District Bonassama,O+,69,6,0,63,4.6,12,89.6,normale,Hémoglobine dans les normes,0,6,11,False,False,épidémie,ensoleillé
2023-11-20 10:29:50,Hôpital de District Bonassama,O+,60,8,0,52,4.4,3,82.2,normale,Attention: proche expiration,0,10,11,False,False,normal,ensoleillé
2023-11-20 11:58:07,Hôpital de District Bonassama,O+,51,7,0,44,3.7,7,96.2,normale,"État satisfaisant, contrôle qualité OK",0,11,11,False,False,normal,pluvieux
2023-11-21 07:03:21,Hôpital Militaire,O+,56,12,0,44,4.9,34,93.0,normale,Parfait pour transfusion immédiate,1,7,11,False,False,normal,ensoleillé
2023-11-21 09:57:00,Hôpital Général Douala,O+,59,4,0,55,4.4,3,91.7,normale,Contrôle bactériologique négatif,1,9,11,False,False,normal,pluvieux
2023-11-21 11:46:28,Clinique des Spécialités,O+,37,7,0,30,4.2,15,100.0,normale,Urgent: vérifier température stockage,1,11,11,False,False,normal,pluvieux
2023-11-21 17:06:28,Hôpital Laquintinie,O+,62,0,0,62,4.7,15,100.0,normale,Attention: proche expiration,1,17,11,False,False,normal,orageux
2023-11-21 19:12:59,Hôpital de District Bonassama,O+,42,3,0,39,4.1,13,98.2,normale,Contrôle bactériologique négatif,1,19,11,False,False,normal,pluvieux
2023-11-22 15:37:34,Hôpital Laquintinie,O+,46,7,0,39,4.7,1,52.9,attention,"Bon état général, légère variation température",2,15,11,False,False,normal,nuageux
2023-11-22 17:00:25,Hôpital de District Bonassama,O+,48,7,18,59,3.7,1,65.4,attention,Attention: proche expiration,2,17,11,False,False,normal,nuageux
2023-11-22 20:06:12,Hôpital Général Douala,O+,62,9,0,53,4.2,41,97.1,normale,"État satisfaisant, contrôle qualité OK",2,20,11,False,False,normal,pluvieux
2023-11-22 21:13:49,Hôpital Général Douala,O+,57,8,0,49,4.1,21,100.0,normale,"Excellent état, conservation parfaite",2,21,11,False,False,normal,ensoleillé
2023-11-22 23:20:59,Hôpital de District Bonassama,O+,24,10,0,14,4.3,3,80.0,faible,Contrôle bactériologique négatif,2,23,11,False,False,normal,ensoleillé
2023-11-23 01:42:06,Clinique des Spécialités,O+,21,9,17,29,4.1,2,83.0,normale,Contrôle bactériologique négatif,3,1,11,False,False,normal,pluvieux
2023-11-23 02:27:54,Centre Médical d'Excellence,O+,23,3,20,40,3.1,7,100.0,normale,"Bon état général, légère variation température",3,2,11,False,False,normal,orageux
2023-11-23 05:13:36,Clinique des Spécialités,O+,16,8,0,8,4.6,28,97.1,critique,URGENT: Stock critique - Hémoglobine dans les normes,3,5,11,False,False,normal,ensoleillé
2023-11-23 08:17:10,Hôpital Militaire,O+,72,4,24,92,4.3,1,69.5,attention,Contrôle bactériologique négatif,3,8,11,False,False,normal,ensoleillé
2023-11-23 12:09:30,Hôpital Militaire,O+,52,11,0,41,4.1,1,50.6,attention,Parfait pour transfusion immédiate,3,12,11,False,False,normal,orageux
2023-11-23 12:14:45,Centre Médical d'Excellence,O+,50,10,0,40,3.6,34,91.9,normale,Urgent: vérifier température stockage,3,12,11,False,False,normal,ensoleillé
2023-11-23 12:51:09,Centre Médical d'Excellence,O+,54,12,0,42,3.5,55,98.6,normale,Parfait pour transfusion immédiate,3,12,11,False,False,accident_route,pluvieux
2023-11-23 14:49:46,Hôpital Général Douala,O+,40,7,20,53,3.9,14,100.0,normale,Urgent: vérifier température stockage,3,14,11,False,False,normal,orageux
2023-11-23 15:54:54,Hôpital de District Bonassama,O+,24,7,27,44,4.3,2,83.8,normale,Contrôle bactériologique négatif,3,15,11,False,False,normal,pluvieux
2023-11-23 21:40:19,Hôpital Général Douala,O+,65,5,0,60,3.8,2,90.8,normale,Attention: proche expiration,3,21,11,False,False,normal,ensoleillé
2023-11-24 06:35:12,Centre Médical d'Excellence,O+,52,8,0,44,4.9,45,100.0,normale,Parfait pour transfusion immédiate,4,6,11,False,False,urgence_médicale,ensoleillé
2023-11-24 07:50:08,Hôpital Laquintinie,O+,73,7,0,66,4.3,1,62.2,attention,Hémoglobine dans les normes,4,7,11,False,False,normal,pluvieux
2023-11-24 09:23:01,Centre Médical d'Excellence,O+,49,8,21,62,4.3,26,100.0,normale,Hémoglobine dans les normes,4,9,11,False,False,normal,nuageux
2023-11-24 13:24:10,Hôpital Militaire,O+,45,7,0,38,4.0,5,92.9,normale,"Excellent état, conservation parfaite",4,13,11,False,False,normal,pluvieux
2023-11-24 15:39:48,Hôpital de District Bonassama,O+,48,8,0,40,3.5,36,92.9,normale,"Bon état général, légère variation température",4,15,11,False,False,normal,pluvieux
2023-11-24 20:12:15,Centre Médical d'Excellence,O+,60,11,16,65,4.3,3,93.4,normale,Urgent: vérifier température stockage,4,20,11,False,False,normal,orageux
2023-11-24 23:25:57,Hôpital de District Bonassama,O+,30,6,0,24,3.9,14,100.0,normale,Attention: proche expiration,4,23,11,False,False,normal,ensoleillé
2023-11-25 00:37:01,Hôpital Militaire,O+,11,3,0,8,4.2,11,98.3,critique,URGENT: Stock critique - Hémoglobine dans les normes,5,0,11,True,False,normal,pluvieux
2023-11-25 08:23:06,Centre Médical d'Excellence,O+,36,5,17,48,3.0,1,62.1,attention,"Bon état général, légère variation température",5,8,11,True,False,normal,ensoleillé
2023-11-25 11:50:21,Centre Médical d'Excellence,O+,50,2,0,48,3.6,38,99.4,normale,Hémoglobine dans les normes,5,11,11,True,False,campagne_don,pluvieux
2023-11-25 18:56:33,Hôpital Militaire,O+,38,5,0,33,3.6,66,93.2,normale,Attention: proche expiration,5,18,11,True,False,normal,nuageux
2023-11-25 22:49:30,Hôpital Laquintinie,O+,37,8,24,53,4.9,2,77.5,normale,Hémoglobine dans les normes,5,22,11,True,False,normal,orageux
2023-11-26 08:45:07,Hôpital Général Douala,O+,33,5,0,28,3.6,1,57.2,attention,Hémoglobine dans les normes,6,8,11,True,False,normal,pluvieux
2023-11-26 11:47:34,Hôpital Général Douala,O+,29,3,0,26,3.9,57,100.0,normale,"Excellent état, conservation parfaite",6,11,11,True,False,normal,ensoleillé
2023-11-26 12:15:03,Hôpital Militaire,O+,41,6,0,35,4.1,1,58.1,attention,Urgent: vérifier température stockage,6,12,11,True,False,normal,orageux
2023-11-26 15:15:47,Hôpital Laquintinie,O+,48,5,0,43,4.7,1,51.5,attention,"Excellent état, conservation parfaite",6,15,11,True,False,normal,ensoleillé
2023-11-26 15:28:57,Hôpital Militaire,O+,40,5,19,54,4.4,50,100.0,normale,Hémoglobine dans les normes,6,15,11,True,False,normal,nuageux
2023-11-27 00:07:01,Hôpital Général Douala,O+,15,8,0,7,4.5,3,78.9,critique,URGENT: Stock critique - Urgent: vérifier température stockage,0,0,11,False,False,normal,ensoleillé
2023-11-27 13:00:45,Hôpital Laquintinie,O+,30,13,16,33,3.5,1,63.5,attention,Parfait pour transfusion immédiate,0,13,11,False,False,normal,pluvieux
2023-11-27 17:02:20,Hôpital Général Douala,O+,52,11,0,41,3.8,13,100.0,normale,Parfait pour transfusion immédiate,0,17,11,False,False,normal,nuageux
2023-11-27 17:04:27,Hôpital Laquintinie,O+,55,7,0,48,3.8,5,99.7,normale,"Excellent état, conservation parfaite",0,17,11,False,False,épidémie,ensoleillé
2023-11-27 18:11:06,Hôpital de District Bonassama,O+,53,10,20,63,4.4,2,87.6,normale,Contrôle bactériologique négatif,0,18,11,False,False,normal,orageux
2023-11-27 21:19:10,Clinique des Spécialités,O+,78,12,0,66,3.4,9,95.4,normale,"Excellent état, conservation parfaite",0,21,11,False,False,normal,nuageux
2023-11-27 22:13:49,Hôpital de District Bonassama,O+,56,6,20,70,4.2,4,84.8,normale,Attention: proche expiration,0,22,11,False,False,normal,pluvieux
2023-11-28 06:38:40,Clinique des Spécialités,O+,20,8,23,35,4.5,25,90.0,normale,"État satisfaisant, contrôle qualité OK",1,6,11,False,False,normal,ensoleillé
2023-11-28 09:42:14,Hôpital Général Douala,O+,67,8,22,81,4.3,10,100.0,normale,"État satisfaisant, contrôle qualité OK",1,9,11,False,False,normal,ensoleillé
2023-11-28 13:03:53,Hôpital Général Douala,O+,46,0,0,46,4.0,4,79.6,normale,"Excellent état, conservation parfaite",1,13,11,False,False,normal,ensoleillé
2023-11-28 15:00:04,Clinique des Spécialités,O+,40,7,0,33,4.4,30,100.0,normale,"Excellent état, conservation parfaite",1,15,11,False,False,normal,nuageux
2023-11-28 18:05:20,Clinique des Spécialités,O+,48,8,0,40,5.1,11,100.0,normale,"Bon état général, légère variation température",1,18,11,False,False,normal,nuageux
2023-11-29 08:24:59,Hôpital de District Bonassama,O+,5,5,25,25,4.3,29,100.0,normale,"Excellent état, conservation parfaite",2,8,11,False,False,normal,ensoleillé
2023-11-29 10:18:11,Clinique des Spécialités,O+,61,8,0,53,3.2,9,99.6,normale,"État satisfaisant, contrôle qualité OK",2,10,11,False,False,accident_route,pluvieux
2023-11-29 10:41:06,Hôpital de District Bonassama,O+,32,8,0,24,2.9,15,100.0,normale,Urgent: vérifier température stockage,2,10,11,False,False,normal,pluvieux
2023-11-29 17:11:19,Hôpital de District Bonassama,O+,59,12,0,47,3.8,7,96.3,normale,"Excellent état, conservation parfaite",2,17,11,False,False,épidémie,pluvieux
2023-11-29 18:52:55,Hôpital de District Bonassama,O+,75,8,28,95,3.7,1,58.0,attention,"Excellent état, conservation parfaite",2,18,11,False,False,normal,ensoleillé
2023-11-29 23:55:22,Clinique des Spécialités,O+,32,4,22,50,4.0,64,99.9,normale,"Bon état général, légère variation température",2,23,11,False,False,normal,pluvieux
2023-11-30 00:17:36,Clinique des Spécialités,O+,35,6,0,29,4.2,2,94.7,normale,"Bon état général, légère variation température",3,0,11,False,False,normal,ensoleillé
2023-11-30 02:13:59,Hôpital Militaire,O+,19,9,0,10,4.0,57,100.0,faible,Contrôle bactériologique négatif,3,2,11,False,False,normal,ensoleillé
2023-11-30 07:01:25,Hôpital de District Bonassama,O+,55,9,0,46,4.4,7,100.0,normale,"Excellent état, conservation parfaite",3,7,11,False,False,normal,ensoleillé
2023-11-30 08:56:20,Hôpital Militaire,O+,67,8,0,59,5.5,9,99.9,normale,"État satisfaisant, contrôle qualité OK",3,8,11,False,False,normal,ensoleillé
2023-11-30 15:59:00,Centre Médical d'Excellence,O+,55,8,19,66,4.5,5,100.0,normale,Contrôle bactériologique négatif,3,15,11,False,False,normal,ensoleillé
2023-11-30 17:35:40,Hôpital Militaire,O+,36,4,0,32,4.3,2,80.7,normale,"Excellent état, conservation parfaite",3,17,11,False,False,normal,ensoleillé
2023-11-30 18:01:19,Hôpital Militaire,O+,52,2,20,70,4.3,20,97.6,normale,Contrôle bactériologique négatif,3,18,11,False,False,normal,pluvieux
2023-12-01 03:25:36,Hôpital Laquintinie,O+,36,7,0,29,4.0,17,92.5,normale,Urgent: vérifier température stockage,4,3,12,False,True,normal,orageux
2023-12-01 04:28:06,Hôpital de District Bonassama,O+,28,11,0,17,3.4,24,100.0,faible,Contrôle bactériologique négatif,4,4,12,False,True,normal,pluvieux
2023-12-01 09:41:56,Hôpital Général Douala,O+,75,7,0,68,4.0,34,100.0,normale,Urgent: vérifier température stockage,4,9,12,False,True,normal,ensoleillé
2023-12-01 22:23:36,Hôpital Général Douala,O+,70,9,0,61,3.3,5,100.0,normale,Contrôle bactériologique négatif,4,22,12,False,True,normal,pluvieux
2023-12-02 03:29:50,Hôpital Laquintinie,O+,20,3,0,17,3.6,10,100.0,faible,Attention: proche expiration,5,3,12,True,True,normal,nuageux
2023-12-02 07:11:43,Hôpital Militaire,O+,43,5,0,38,4.0,5,100.0,normale,Contrôle bactériologique négatif,5,7,12,True,True,normal,nuageux
2023-12-02 08:09:57,Centre Médical d'Excellence,O+,29,6,16,39,3.1,57,100.0,normale,"État satisfaisant, contrôle qualité OK",5,8,12,True,True,normal,nuageux
2023-12-02 08:50:08,Centre Médical d'Excellence,O+,39,2,23,60,4.4,6,93.7,normale,"Excellent état, conservation parfaite",5,8,12,True,True,normal,nuageux
2023-12-02 23:44:46,Clinique des Spécialités,O+,13,5,17,25,4.3,13,100.0,normale,"État satisfaisant, contrôle qualité OK",5,23,12,True,True,normal,nuageux
2023-12-03 07:03:18,Centre Médical d'Excellence,O+,54,13,21,62,4.1,7,93.8,normale,Hémoglobine dans les normes,6,7,12,True,True,normal,pluvieux
2023-12-03 20:03:01,Hôpital de District Bonassama,O+,48,9,19,58,3.8,3,91.0,normale,Urgent: vérifier température stockage,6,20,12,True,True,normal,pluvieux
2023-12-03 21:44:06,Hôpital de District Bonassama,O+,32,6,0,26,4.5,7,94.7,normale,Parfait pour transfusion immédiate,6,21,12,True,True,normal,pluvieux
2023-12-04 02:26:59,Centre Médical d'Excellence,O+,15,7,0,8,3.5,70,97.5,critique,URGENT: Stock critique - Contrôle bactériologique négatif,0,2,12,False,True,normal,ensoleillé
2023-12-04 13:02:09,Hôpital Laquintinie,O+,72,3,0,69,4.2,4,80.3,normale,Hémoglobine dans les normes,0,13,12,False,True,normal,ensoleillé
2023-12-04 15:17:35,Centre Médical d'Excellence,O+,73,12,14,75,3.4,4,90.9,normale,Hémoglobine dans les normes,0,15,12,False,True,normal,ensoleillé
2023-12-04 16:07:42,Clinique des Spécialités,O+,37,6,21,52,4.3,11,97.0,normale,Attention: proche expiration,0,16,12,False,True,normal,pluvieux
2023-12-04 17:02:17,Centre Médical d'Excellence,O+,28,1,0,27,4.7,13,95.2,normale,Hémoglobine dans les normes,0,17,12,False,True,normal,ensoleillé
2023-12-04 19:24:42,Hôpital Militaire,O+,50,15,15,50,4.4,13,98.0,normale,"État satisfaisant, contrôle qualité OK",0,19,12,False,True,normal,pluvieux
2023-12-05 04:07:51,Hôpital Militaire,O+,35,12,21,44,4.5,15,100.0,normale,Parfait pour transfusion immédiate,1,4,12,False,True,normal,pluvieux
2023-12-05 15:37:25,Hôpital Général Douala,O+,32,8,0,24,4.0,6,100.0,normale,Parfait pour transfusion immédiate,1,15,12,False,True,normal,nuageux
2023-12-05 17:48:54,Hôpital de District Bonassama,O+,55,9,0,46,3.9,21,91.4,normale,Parfait pour transfusion immédiate,1,17,12,False,True,normal,pluvieux
2023-12-05 23:27:08,Centre Médical d'Excellence,O+,34,11,0,23,4.3,18,100.0,normale,"État satisfaisant, contrôle qualité OK",1,23,12,False,True,urgence_médicale,ensoleillé
2023-12-06 07:22:04,Hôpital Laquintinie,O+,60,10,18,68,4.1,28,100.0,normale,"Excellent état, conservation parfaite",2,7,12,False,True,normal,nuageux
2023-12-06 09:28:09,Clinique des Spécialités,O+,50,6,0,44,3.6,36,100.0,normale,Hémoglobine dans les normes,2,9,12,False,True,normal,nuageux
2023-12-06 09:44:01,Hôpital Laquintinie,O+,20,5,0,15,3.5,11,96.8,faible,Contrôle bactériologique négatif,2,9,12,False,True,normal,ensoleillé
2023-12-06 10:03:24,Clinique des Spécialités,O+,57,10,23,70,4.4,1,59.8,attention,Parfait pour transfusion immédiate,2,10,12,False,True,normal,pluvieux
2023-12-06 10:22:45,Centre Médical d'Excellence,O+,73,0,0,73,4.4,18,98.9,normale,"Bon état général, légère variation température",2,10,12,False,True,normal,pluvieux
2023-12-06 15:02:23,Centre Médical d'Excellence,O+,85,10,0,75,3.1,10,100.0,normale,Urgent: vérifier température stockage,2,15,12,False,True,normal,ensoleillé
2023-12-07 14:01:00,Hôpital Général Douala,O+,62,6,20,76,4.6,18,100.0,normale,Contrôle bactériologique négatif,3,14,12,False,True,normal,nuageux
2023-12-07 14:40:42,Hôpital Général Douala,O+,76,12,0,64,3.8,20,98.5,normale,Attention: proche expiration,3,14,12,False,True,normal,ensoleillé
2023-12-07 20:21:33,Hôpital Laquintinie,O+,44,7,0,37,4.5,16,96.1,normale,Attention: proche expiration,3,20,12,False,True,normal,orageux
2023-12-08 19:42:22,Hôpital Laquintinie,O+,32,8,0,24,3.6,1,52.5,attention,Parfait pour transfusion immédiate,4,19,12,False,True,normal,ensoleillé
2023-12-09 02:52:52,Hôpital Laquintinie,O+,24,8,0,16,3.7,4,86.8,faible,Parfait pour transfusion immédiate,5,2,12,True,True,normal,nuageux
2023-12-09 10:19:06,Hôpital Général Douala,O+,41,7,21,55,4.2,22,100.0,normale,Hémoglobine dans les normes,5,10,12,True,True,accident_route,pluvieux
2023-12-09 10:37:34,Centre Médical d'Excellence,O+,44,5,0,39,4.2,12,90.6,normale,Hémoglobine dans les normes,5,10,12,True,True,normal,pluvieux
2023-12-09 14:01:14,Hôpital Militaire,O+,44,6,26,64,4.7,13,100.0,normale,"État satisfaisant, contrôle qualité OK",5,14,12,True,True,normal,pluvieux
2023-12-09 16:50:22,Hôpital Militaire,O+,68,8,0,60,3.9,40,91.4,normale,"Bon état général, légère variation température",5,16,12,True,True,normal,pluvieux
2023-12-09 20:31:58,Hôpital Militaire,O+,52,7,0,45,4.2,8,100.0,normale,Contrôle bactériologique négatif,5,20,12,True,True,normal,pluvieux
2023-12-09 23:18:00,Centre Médical d'Excellence,O+,10,7,0,3,4.5,14,100.0,critique,URGENT: Stock critique - Parfait pour transfusion immédiate,5,23,12,True,True,normal,pluvieux
2023-12-09 23:20:15,Hôpital Général Douala,O+,23,11,0,12,2.9,18,95.6,faible,Attention: proche expiration,5,23,12,True,True,normal,pluvieux
2023-12-09 23:52:45,Clinique des Spécialités,O+,17,6,0,11,5.1,9,100.0,faible,Contrôle bactériologique négatif,5,23,12,True,True,normal,pluvieux
2023-12-10 01:35:25,Hôpital Général Douala,O+,25,5,23,43,3.1,11,100.0,normale,Hémoglobine dans les normes,6,1,12,True,True,normal,nuageux
2023-12-10 11:13:36,Hôpital Général Douala,O+,28,5,0,23,3.5,29,100.0,normale,Hémoglobine dans les normes,6,11,12,True,True,normal,ensoleillé
2023-12-10 13:37:27,Hôpital Général Douala,O+,42,1,0,41,3.6,7,99.2,normale,Attention: proche expiration,6,13,12,True,True,normal,ensoleillé
2023-12-10 21:31:57,Clinique des Spécialités,O+,45,5,0,40,4.0,1,60.2,attention,Hémoglobine dans les normes,6,21,12,True,True,normal,orageux
2023-12-10 22:55:13,Hôpital Général Douala,O+,32,8,0,24,4.1,1,68.8,attention,Urgent: vérifier température stockage,6,22,12,True,True,épidémie,nuageux
2023-12-10 23:46:02,Clinique des Spécialités,O+,15,7,18,26,3.3,12,100.0,normale,Parfait pour transfusion immédiate,6,23,12,True,True,normal,ensoleillé
2023-12-11 01:06:26,Hôpital Laquintinie,O+,24,11,0,13,3.6,36,100.0,faible,Parfait pour transfusion immédiate,0,1,12,False,True,normal,pluvieux
2023-12-11 02:14:47,Hôpital Laquintinie,O+,50,14,25,61,4.0,6,100.0,normale,Attention: proche expiration,0,2,12,False,True,normal,ensoleillé
2023-12-11 10:08:59,Centre Médical d'Excellence,O+,60,7,0,53,4.2,1,62.2,attention,Attention: proche expiration,0,10,12,False,True,normal,ensoleillé
2023-12-11 12:37:53,Hôpital de District Bonassama,O+,43,8,24,59,3.6,8,97.7,normale,"Bon état général, légère variation température",0,12,12,False,True,normal,nuageux
2023-12-11 23:06:26,Hôpital Militaire,O+,21,6,0,15,4.4,1,61.6,faible,Contrôle bactériologique négatif,0,23,12,False,True,normal,pluvieux
2023-12-12 04:21:21,Hôpital Militaire,O+,24,9,0,15,4.1,11,99.2,faible,"Excellent état, conservation parfaite",1,4,12,False,True,normal,orageux
2023-12-12 05:50:49,Centre Médical d'Excellence,O+,43,11,14,46,3.3,17,100.0,normale,Hémoglobine dans les normes,1,5,12,False,True,accident_route,ensoleillé
2023-12-12 06:25:16,Hôpital de District Bonassama,O+,49,8,18,59,3.9,20,100.0,normale,Hémoglobine dans les normes,1,6,12,False,True,normal,pluvieux
2023-12-12 08:24:09,Centre Médical d'Excellence,O+,30,8,0,22,4.1,29,100.0,normale,Attention: proche expiration,1,8,12,False,True,campagne_don,ensoleillé
2023-12-12 12:00:41,Hôpital Général Douala,O+,55,5,0,50,3.8,22,98.1,normale,"État satisfaisant, contrôle qualité OK",1,12,12,False,True,normal,pluvieux
2023-12-12 19:11:37,Hôpital Militaire,O+,37,13,0,24,4.1,13,98.7,normale,Contrôle bactériologique négatif,1,19,12,False,True,normal,ensoleillé
2023-12-13 08:46:12,Hôpital Laquintinie,O+,43,17,0,26,4.2,33,94.1,normale,"Excellent état, conservation parfaite",2,8,12,False,True,normal,ensoleillé
2023-12-13 10:13:04,Clinique des Spécialités,O+,91,12,26,105,4.0,5,98.3,normale,Attention: proche expiration,2,10,12,False,True,normal,ensoleillé
2023-12-13 18:52:43,Hôpital Général Douala,O+,61,12,0,49,4.1,18,99.6,normale,Urgent: vérifier température stockage,2,18,12,False,True,normal,ensoleillé
2023-12-13 20:24:18,Hôpital de District Bonassama,O+,86,11,0,75,4.3,55,100.0,normale,Urgent: vérifier température stockage,2,20,12,False,True,normal,nuageux
2023-12-14 08:12:32,Hôpital Général Douala,O+,47,15,0,32,4.5,3,81.9,normale,"Excellent état, conservation parfaite",3,8,12,False,True,normal,ensoleillé
2023-12-14 10:40:50,Hôpital Laquintinie,O+,44,6,0,38,4.3,17,100.0,normale,Parfait pour transfusion immédiate,3,10,12,False,True,normal,ensoleillé
2023-12-14 13:30:14,Hôpital Général Douala,O+,93,11,18,100,3.6,4,83.5,normale,"Excellent état, conservation parfaite",3,13,12,False,True,normal,nuageux
2023-12-14 14:52:50,Clinique des Spécialités,O+,58,13,0,45,5.0,10,100.0,normale,"Excellent état, conservation parfaite",3,14,12,False,True,urgence_médicale,nuageux
2023-12-14 22:33:25,Hôpital Général Douala,O+,36,8,16,44,3.4,30,100.0,normale,"État satisfaisant, contrôle qualité OK",3,22,12,False,True,normal,ensoleillé
2023-12-14 22:55:56,Clinique des Spécialités,O+,79,6,0,73,3.8,29,100.0,normale,"Bon état général, légère variation température",3,22,12,False,True,normal,ensoleillé
2023-12-15 01:32:36,Hôpital Militaire,O+,25,13,0,12,3.6,1,67.7,faible,Hémoglobine dans les normes,4,1,12,False,True,normal,ensoleillé
2023-12-15 01:40:15,Hôpital Militaire,O+,31,8,0,23,4.2,14,100.0,normale,Parfait pour transfusion immédiate,4,1,12,False,True,normal,pluvieux
2023-12-15 04:35:21,Hôpital Laquintinie,O+,38,9,0,29,3.8,18,99.8,normale,"Bon état général, légère variation température",4,4,12,False,True,normal,ensoleillé
2023-12-15 09:11:03,Hôpital de District Bonassama,O+,47,5,0,42,4.3,33,100.0,normale,"Bon état général, légère variation température",4,9,12,False,True,normal,ensoleillé
2023-12-15 10:06:40,Hôpital Général Douala,O+,44,5,0,39,3.1,2,85.1,normale,"Bon état général, légère variation température",4,10,12,False,True,normal,ensoleillé
2023-12-15 12:04:52,Hôpital de District Bonassama,O+,44,3,0,41,4.6,2,85.8,normale,"Bon état général, légère variation température",4,12,12,False,True,normal,orageux
2023-12-15 13:29:04,Hôpital Général Douala,O+,75,8,22,89,3.8,1,67.2,attention,"État satisfaisant, contrôle qualité OK",4,13,12,False,True,normal,nuageux
2023-12-15 21:29:27,Clinique des Spécialités,O+,57,7,14,64,5.0,20,100.0,normale,Attention: proche expiration,4,21,12,False,True,normal,ensoleillé
2023-12-15 22:14:21,Clinique des Spécialités,O+,54,14,21,61,3.7,4,87.7,normale,Hémoglobine dans les normes,4,22,12,False,True,normal,ensoleillé
2023-12-15 22:24:10,Hôpital Militaire,O+,77,12,13,78,4.7,8,100.0,normale,"Excellent état, conservation parfaite",4,22,12,False,True,normal,nuageux
2023-12-16 05:29:53,Hôpital Militaire,O+,25,4,25,46,3.9,19,100.0,normale,Parfait pour transfusion immédiate,5,5,12,True,True,normal,ensoleillé
2023-12-16 15:52:16,Hôpital Laquintinie,O+,34,10,0,24,3.0,7,100.0,normale,"Excellent état, conservation parfaite",5,15,12,True,True,normal,ensoleillé
2023-12-16 17:33:00,Hôpital Général Douala,O+,42,1,27,68,4.1,27,100.0,normale,"État satisfaisant, contrôle qualité OK",5,17,12,True,True,normal,pluvieux
2023-12-16 21:27:43,Hôpital de District Bonassama,O+,42,6,0,36,3.7,1,56.9,attention,Contrôle bactériologique négatif,5,21,12,True,True,normal,pluvieux
2023-12-16 22:56:17,Hôpital de District Bonassama,O+,38,4,21,55,4.6,75,99.7,normale,"Bon état général, légère variation température",5,22,12,True,True,normal,ensoleillé
2023-12-17 07:17:01,Hôpital de District Bonassama,O+,44,6,25,63,3.6,55,100.0,normale,"État satisfaisant, contrôle qualité OK",6,7,12,True,True,normal,pluvieux
2023-12-17 11:42:36,Clinique des Spécialités,O+,53,10,16,59,4.2,17,100.0,normale,"État satisfaisant, contrôle qualité OK",6,11,12,True,True,normal,ensoleillé
2023-12-17 12:15:32,Hôpital Militaire,O+,19,10,0,9,3.9,20,100.0,critique,URGENT: Stock critique - Urgent: vérifier température stockage,6,12,12,True,True,normal,ensoleillé
2023-12-17 12:16:24,Hôpital Laquintinie,O+,56,10,0,46,4.0,25,100.0,normale,"Bon état général, légère variation température",6,12,12,True,True,normal,nuageux
2023-12-17 18:42:16,Hôpital Général Douala,O+,35,3,0,32,4.4,56,99.9,normale,Parfait pour transfusion immédiate,6,18,12,True,True,normal,pluvieux
2023-12-18 08:21:39,Hôpital Laquintinie,O+,51,14,0,37,3.3,2,78.8,normale,Attention: proche expiration,0,8,12,False,True,normal,ensoleillé
2023-12-18 08:49:54,Clinique des Spécialités,O+,98,10,23,111,4.8,3,87.4,normale,Parfait pour transfusion immédiate,0,8,12,False,True,normal,pluvieux
2023-12-18 09:53:11,Hôpital Militaire,O+,63,7,0,56,3.5,6,99.0,normale,"Bon état général, légère variation température",0,9,12,False,True,normal,nuageux
2023-12-18 11:39:21,Clinique des Spécialités,O+,54,5,0,49,3.5,1,58.7,attention,"Bon état général, légère variation température",0,11,12,False,True,normal,pluvieux
2023-12-18 11:53:12,Hôpital Laquintinie,O+,65,2,0,63,3.7,23,92.8,normale,Urgent: vérifier température stockage,0,11,12,False,True,normal,nuageux
2023-12-18 17:56:25,Hôpital Militaire,O+,69,11,0,58,3.7,18,100.0,normale,Contrôle bactériologique négatif,0,17,12,False,True,normal,pluvieux
2023-12-18 21:41:17,Clinique des Spécialités,O+,74,10,0,64,4.2,1,67.6,attention,"Excellent état, conservation parfaite",0,21,12,False,True,normal,pluvieux
2023-12-18 23:20:18,Hôpital Général Douala,O+,38,4,0,34,4.2,16,100.0,normale,Attention: proche expiration,0,23,12,False,True,normal,nuageux
2023-12-19 05:36:19,Hôpital Militaire,O+,48,7,24,65,4.4,7,95.1,normale,Urgent: vérifier température stockage,1,5,12,False,True,normal,nuageux
2023-12-19 14:57:00,Hôpital Laquintinie,O+,21,7,0,14,4.2,11,91.6,faible,Hémoglobine dans les normes,1,14,12,False,True,normal,pluvieux
2023-12-19 19:03:44,Hôpital de District Bonassama,O+,59,9,0,50,3.9,17,100.0,normale,"Bon état général, légère variation température",1,19,12,False,True,normal,ensoleillé
2023-12-19 19:03:50,Hôpital Militaire,O+,57,6,0,51,4.3,3,86.5,normale,Hémoglobine dans les normes,1,19,12,False,True,normal,orageux
2023-12-19 19:34:38,Hôpital Général Douala,O+,70,4,0,66,3.8,9,100.0,normale,"Bon état général, légère variation température",1,19,12,False,True,accident_route,nuageux
2023-12-19 20:56:06,Centre Médical d'Excellence,O+,49,10,0,39,3.9,3,84.0,normale,Hémoglobine dans les normes,1,20,12,False,True,normal,nuageux
2023-12-19 22:23:45,Hôpital de District Bonassama,O+,46,9,0,37,3.6,5,98.8,normale,Parfait pour transfusion immédiate,1,22,12,False,True,normal,ensoleillé
2023-12-20 07:48:58,Centre Médical d'Excellence,O+,42,10,22,54,3.3,32,94.6,normale,"État satisfaisant, contrôle qualité OK",2,7,12,False,True,normal,pluvieux
2023-12-20 08:39:54,Clinique des Spécialités,O+,87,8,0,79,4.4,5,98.1,normale,"Excellent état, conservation parfaite",2,8,12,False,True,normal,pluvieux
2023-12-20 16:39:41,Hôpital de District Bonassama,O+,88,14,14,88,4.9,1,63.7,attention,"Bon état général, légère variation température",2,16,12,False,True,normal,ensoleillé
2023-12-20 18:32:30,Hôpital Général Douala,O+,45,10,0,35,4.3,11,100.0,normale,Urgent: vérifier température stockage,2,18,12,False,True,normal,ensoleillé
2023-12-20 19:21:37,Hôpital Général Douala,O+,53,16,0,37,4.0,2,77.0,normale,Contrôle bactériologique négatif,2,19,12,False,True,accident_route,ensoleillé
2023-12-20 21:58:17,Centre Médical d'Excellence,O+,67,16,0,51,4.5,5,100.0,normale,"Excellent état, conservation parfaite",2,21,12,False,True,normal,ensoleillé
2023-12-20 23:50:33,Hôpital Général Douala,O+,37,10,0,27,3.4,14,100.0,normale,"État satisfaisant, contrôle qualité OK",2,23,12,False,True,normal,pluvieux
2023-12-21 01:29:18,Hôpital Militaire,O+,37,11,0,26,3.9,1,63.4,attention,Hémoglobine dans les normes,3,1,12,False,True,normal,nuageux
2023-12-21 03:18:52,Centre Médical d'Excellence,O+,35,12,0,23,4.1,6,100.0,normale,"État satisfaisant, contrôle qualité OK",3,3,12,False,True,normal,ensoleillé
2023-12-21 06:37:52,Hôpital Laquintinie,O+,71,11,17,77,4.2,16,95.7,normale,"Bon état général, légère variation température",3,6,12,False,True,normal,nuageux
2023-12-21 12:43:55,Hôpital Général Douala,O+,45,9,0,36,3.3,7,100.0,normale,Hémoglobine dans les normes,3,12,12,False,True,normal,nuageux
2023-12-21 16:24:47,Clinique des Spécialités,O+,48,10,0,38,3.9,13,100.0,normale,Hémoglobine dans les normes,3,16,12,False,True,normal,pluvieux
2023-12-21 18:46:12,Hôpital Militaire,O+,72,6,0,66,3.9,11,100.0,normale,Hémoglobine dans les normes,3,18,12,False,True,normal,pluvieux
2023-12-22 02:27:22,Hôpital Militaire,O+,41,13,0,28,3.6,5,100.0,normale,"État satisfaisant, contrôle qualité OK",4,2,12,False,True,normal,orageux
2023-12-22 04:40:50,Hôpital Général Douala,O+,35,14,0,21,3.6,12,100.0,normale,Attention: proche expiration,4,4,12,False,True,normal,ensoleillé
2023-12-22 06:34:50,Clinique des Spécialités,O+,82,11,29,100,4.0,5,100.0,normale,Parfait pour transfusion immédiate,4,6,12,False,True,normal,ensoleillé
2023-12-22 09:28:27,Hôpital Militaire,O+,44,6,0,38,3.8,36,99.7,normale,"Bon état général, légère variation température",4,9,12,False,True,normal,ensoleillé
2023-12-22 13:04:25,Centre Médical d'Excellence,O+,74,10,0,64,3.9,3,80.8,normale,Urgent: vérifier température stockage,4,13,12,False,True,normal,nuageux
2023-12-23 02:41:58,Clinique des Spécialités,O+,21,6,0,15,2.9,22,93.6,faible,Attention: proche expiration,5,2,12,True,True,normal,nuageux
2023-12-23 03:39:09,Clinique des Spécialités,O+,21,6,29,44,3.8,7,100.0,normale,"État satisfaisant, contrôle qualité OK",5,3,12,True,True,normal,pluvieux
2023-12-23 05:44:14,Clinique des Spécialités,O+,21,6,14,29,3.9,1,59.2,attention,Parfait pour transfusion immédiate,5,5,12,True,True,normal,nuageux
2023-12-23 07:20:59,Hôpital Laquintinie,O+,30,4,0,26,4.3,36,100.0,normale,"Bon état général, légère variation température",5,7,12,True,True,normal,pluvieux
2023-12-23 09:27:35,Hôpital Laquintinie,O+,62,1,0,61,4.3,4,90.8,normale,"Bon état général, légère variation température",5,9,12,True,True,normal,nuageux
2023-12-23 10:55:46,Hôpital Militaire,O+,57,5,0,52,4.1,1,54.2,attention,"Bon état général, légère variation température",5,10,12,True,True,normal,pluvieux
2023-12-23 11:42:42,Hôpital Général Douala,O+,36,7,12,41,4.0,18,100.0,normale,Parfait pour transfusion immédiate,5,11,12,True,True,normal,ensoleillé
2023-12-23 12:12:09,Hôpital Laquintinie,O+,26,7,0,19,4.1,57,100.0,faible,"Excellent état, conservation parfaite",5,12,12,True,True,normal,pluvieux
2023-12-23 15:23:11,Centre Médical d'Excellence,O+,39,4,23,58,3.5,11,100.0,normale,Urgent: vérifier température stockage,5,15,12,True,True,normal,nuageux
2023-12-23 15:40:24,Hôpital Laquintinie,O+,43,6,21,58,4.4,5,100.0,normale,"État satisfaisant, contrôle qualité OK",5,15,12,True,True,normal,nuageux
2023-12-23 21:53:04,Hôpital Laquintinie,O+,53,4,20,69,4.3,9,100.0,normale,"État satisfaisant, contrôle qualité OK",5,21,12,True,True,normal,pluvieux
2023-12-24 13:02:37,Centre Médical d'Excellence,O+,48,6,0,42,3.2,50,96.7,normale,Attention: proche expiration,6,13,12,True,True,normal,ensoleillé
2023-12-24 13:12:53,Clinique des Spécialités,O+,37,7,0,30,4.0,20,91.4,normale,"Bon état général, légère variation température",6,13,12,True,True,normal,ensoleillé
2023-12-24 23:51:09,Centre Médical d'Excellence,O+,21,10,0,11,3.8,21,94.5,faible,Attention: proche expiration,6,23,12,True,True,normal,ensoleillé
2023-12-25 00:16:44,Centre Médical d'Excellence,O+,34,2,16,48,3.9,19,94.4,normale,Hémoglobine dans les normes,0,0,12,False,True,normal,ensoleillé
2023-12-25 00:32:55,Hôpital Militaire,O+,48,11,17,54,4.6,1,49.6,attention,Hémoglobine dans les normes,0,0,12,False,True,normal,pluvieux
2023-12-25 12:02:32,Hôpital de District Bonassama,O+,55,18,0,37,4.8,10,90.9,normale,Parfait pour transfusion immédiate,0,12,12,False,True,normal,ensoleillé
2023-12-25 13:27:19,Hôpital de District Bonassama,O+,35,14,20,41,4.2,21,100.0,normale,Hémoglobine dans les normes,0,13,12,False,True,normal,ensoleillé
2023-12-25 18:50:30,Hôpital Militaire,O+,28,7,26,47,4.3,2,82.4,normale,"Excellent état, conservation parfaite",0,18,12,False,True,normal,ensoleillé
2023-12-26 04:01:40,Centre Médical d'Excellence,O+,42,4,0,38,4.4,25,100.0,normale,"Excellent état, conservation parfaite",1,4,12,False,True,normal,pluvieux
2023-12-26 14:23:58,Hôpital Laquintinie,O+,60,8,0,52,3.5,6,94.1,normale,Hémoglobine dans les normes,1,14,12,False,True,normal,ensoleillé
2023-12-26 15:10:38,Hôpital Général Douala,O+,46,13,0,33,4.1,7,100.0,normale,Contrôle bactériologique négatif,1,15,12,False,True,normal,nuageux
2023-12-26 21:12:56,Hôpital de District Bonassama,O+,68,10,0,58,3.5,10,100.0,normale,"Excellent état, conservation parfaite",1,21,12,False,True,normal,pluvieux
2023-12-27 02:04:24,Hôpital Militaire,O+,37,4,18,51,3.9,3,92.3,normale,Attention: proche expiration,2,2,12,False,True,normal,nuageux
2023-12-27 06:42:24,Clinique des Spécialités,O+,74,10,0,64,4.8,52,90.4,normale,Attention: proche expiration,2,6,12,False,True,normal,nuageux
2023-12-27 09:13:37,Hôpital de District Bonassama,O+,35,11,0,24,3.7,19,100.0,normale,"Excellent état, conservation parfaite",2,9,12,False,True,normal,ensoleillé
2023-12-27 09:34:45,Clinique des Spécialités,O+,89,13,14,90,3.3,5,100.0,normale,"Bon état général, légère variation température",2,9,12,False,True,normal,ensoleillé
2023-12-27 09:36:45,Clinique des Spécialités,O+,80,8,21,93,3.3,4,81.6,normale,Urgent: vérifier température stockage,2,9,12,False,True,normal,ensoleillé
2023-12-27 16:29:39,Clinique des Spécialités,O+,80,12,14,82,3.8,15,98.4,normale,Parfait pour transfusion immédiate,2,16,12,False,True,normal,ensoleillé
2023-12-27 17:56:44,Hôpital de District Bonassama,O+,67,7,17,77,3.8,40,97.1,normale,Contrôle bactériologique négatif,2,17,12,False,True,urgence_médicale,nuageux
2023-12-27 21:53:09,Hôpital de District Bonassama,O+,56,4,0,52,4.7,1,64.8,attention,Attention: proche expiration,2,21,12,False,True,normal,ensoleillé
2023-12-27 22:36:52,Clinique des Spécialités,O+,50,13,0,37,2.8,59,97.6,normale,Hémoglobine dans les normes,2,22,12,False,True,normal,pluvieux
2023-12-27 22:52:35,Centre Médical d'Excellence,O+,76,6,0,70,4.3,1,64.0,attention,"État satisfaisant, contrôle qualité OK",2,22,12,False,True,normal,pluvieux
2023-12-28 00:46:34,Hôpital Militaire,O+,26,9,0,17,4.1,1,62.8,faible,Parfait pour transfusion immédiate,3,0,12,False,True,normal,ensoleillé
2023-12-28 01:09:24,Clinique des Spécialités,O+,16,7,0,9,3.3,12,97.7,critique,"URGENT: Stock critique - Excellent état, conservation parfaite",3,1,12,False,True,normal,nuageux
2023-12-28 03:00:29,Hôpital Laquintinie,O+,26,6,0,20,3.8,2,82.0,normale,Parfait pour transfusion immédiate,3,3,12,False,True,normal,pluvieux
2023-12-28 06:15:41,Hôpital Général Douala,O+,52,7,0,45,3.4,2,77.3,normale,"Bon état général, légère variation température",3,6,12,False,True,normal,ensoleillé
2023-12-28 15:12:32,Hôpital Militaire,O+,75,13,0,62,3.9,16,95.3,normale,"Bon état général, légère variation température",3,15,12,False,True,normal,pluvieux
2023-12-29 06:12:51,Hôpital Général Douala,O+,53,7,14,60,4.1,13,100.0,normale,Contrôle bactériologique négatif,4,6,12,False,True,normal,nuageux
2023-12-29 07:02:32,Centre Médical d'Excellence,O+,74,7,0,67,3.7,16,100.0,normale,Attention: proche expiration,4,7,12,False,True,normal,pluvieux
2023-12-29 12:30:25,Hôpital Général Douala,O+,64,10,22,76,3.0,3,87.0,normale,Urgent: vérifier température stockage,4,12,12,False,True,normal,orageux
2023-12-29 13:07:33,Clinique des Spécialités,O+,52,2,0,50,5.0,27,100.0,normale,"Excellent état, conservation parfaite",4,13,12,False,True,normal,ensoleillé
2023-12-29 21:55:27,Hôpital de District Bonassama,O+,56,1,0,55,4.2,35,96.4,normale,Parfait pour transfusion immédiate,4,21,12,False,True,normal,ensoleillé
2023-12-29 21:58:59,Hôpital de District Bonassama,O+,53,6,0,47,4.2,19,94.0,normale,"Excellent état, conservation parfaite",4,21,12,False,True,normal,pluvieux
2023-12-30 04:09:47,Hôpital de District Bonassama,O+,23,5,0,18,4.4,1,52.2,faible,Urgent: vérifier température stockage,5,4,12,True,True,campagne_don,ensoleillé
2023-12-30 10:39:01,Hôpital Général Douala,O+,59,4,18,73,4.2,6,93.6,normale,"État satisfaisant, contrôle qualité OK",5,10,12,True,True,normal,ensoleillé
2023-12-30 13:37:42,Hôpital de District Bonassama,O+,71,7,0,64,4.0,22,95.7,normale,"État satisfaisant, contrôle qualité OK",5,13,12,True,True,normal,ensoleillé
2023-12-30 14:01:54,Hôpital de District Bonassama,O+,34,10,0,24,3.7,12,92.8,normale,"Excellent état, conservation parfaite",5,14,12,True,True,normal,pluvieux
2023-12-30 15:30:26,Hôpital Militaire,O+,51,2,0,49,4.4,8,100.0,normale,Parfait pour transfusion immédiate,5,15,12,True,True,normal,pluvieux
2023-12-30 18:07:59,Hôpital Militaire,O+,32,5,14,41,3.3,7,97.1,normale,"Bon état général, légère variation température",5,18,12,True,True,normal,nuageux
2023-12-31 07:16:11,Hôpital Général Douala,O+,26,6,0,20,3.0,9,92.2,normale,"Bon état général, légère variation température",6,7,12,True,True,normal,ensoleillé
2023-12-31 09:13:04,Clinique des Spécialités,O+,28,2,23,49,4.0,4,87.7,normale,Contrôle bactériologique négatif,6,9,12,True,True,normal,nuageux
2023-12-31 11:29:44,Hôpital Laquintinie,O+,44,1,0,43,4.1,2,82.6,normale,"Bon état général, légère variation température",6,11,12,True,True,normal,ensoleillé
