timestamp,hospital,blood_type,stock_initial,demand,supply,stock_final,temperature,days_to_expiry,quality_score,urgency,quality_comment,day_of_week,hour,month,is_weekend,is_holiday_season,special_event,weather
2022-01-03 01:52:44,Centre Médical d'Excellence,A+,17,6,18,29,4.6,10,100.0,normale,"État satisfaisant, contrôle qualité OK",0,1,1,False,True,normal,nuageux
2022-01-03 04:51:30,Centre Médical d'Excellence,O+,28,12,0,16,3.8,7,100.0,faible,Parfait pour transfusion immédiate,0,4,1,False,True,normal,nuageux
2022-01-03 17:51:28,Centre Médical d'Excellence,B+,27,10,21,38,3.6,11,98.3,normale,"Excellent état, conservation parfaite",0,17,1,False,True,normal,pluvieux
2022-01-03 18:05:47,Centre Médical d'Excellence,O+,69,5,0,64,5.2,15,100.0,normale,Attention: proche expiration,0,18,1,False,True,normal,ensoleillé
2022-01-04 04:52:25,Centre Médical d'Excellence,B+,23,4,24,43,3.9,1,69.4,attention,"Bon état général, légère variation température",1,4,1,False,True,normal,ensoleillé
2022-01-04 15:51:57,Centre Médical d'Excellence,O+,87,8,24,103,4.0,26,100.0,normale,Urgent: vérifier température stockage,1,15,1,False,True,normal,ensoleillé
2022-01-05 22:21:53,Centre Médical d'Excellence,O+,87,10,29,106,3.8,2,77.0,normale,"État satisfaisant, contrôle qualité OK",2,22,1,False,True,normal,nuageux
2022-01-05 22:53:32,Centre Médical d'Excellence,O-,35,11,0,24,4.5,6,100.0,normale,Parfait pour transfusion immédiate,2,22,1,False,True,normal,pluvieux
2022-01-06 03:23:04,Centre Médical d'Excellence,O+,25,7,0,18,3.6,1,57.2,faible,Urgent: vérifier température stockage,3,3,1,False,True,normal,ensoleillé
2022-01-06 03:28:27,Centre Médical d'Excellence,A+,17,8,0,9,4.0,17,88.6,critique,"URGENT: Stock critique - État satisfaisant, contrôle qualité OK",3,3,1,False,True,normal,ensoleillé
2022-01-07 00:05:45,Centre Médical d'Excellence,A+,19,10,0,9,5.4,1,51.9,critique,URGENT: Stock critique - Attention: proche expiration,4,0,1,False,True,normal,pluvieux
2022-01-07 01:49:59,Centre Médical d'Excellence,A+,24,12,0,12,4.6,13,100.0,faible,"Excellent état, conservation parfaite",4,1,1,False,True,campagne_don,nuageux
2022-01-07 04:33:22,Centre Médical d'Excellence,B+,14,5,0,9,4.1,2,85.4,critique,"URGENT: Stock critique - État satisfaisant, contrôle qualité OK",4,4,1,False,True,normal,ensoleillé
2022-01-07 12:56:03,Centre Médical d'Excellence,A+,83,7,0,76,3.8,19,97.2,normale,Parfait pour transfusion immédiate,4,12,1,False,True,normal,ensoleillé
2022-01-07 21:52:13,Centre Médical d'Excellence,O+,35,16,0,19,4.1,38,100.0,faible,Contrôle bactériologique négatif,4,21,1,False,True,campagne_don,pluvieux
2022-01-08 10:38:53,Centre Médical d'Excellence,A+,43,6,15,52,3.8,4,83.9,normale,Hémoglobine dans les normes,5,10,1,True,True,normal,nuageux
2022-01-08 12:18:18,Centre Médical d'Excellence,O+,51,3,19,67,3.1,44,97.3,normale,Contrôle bactériologique négatif,5,12,1,True,True,normal,nuageux
2022-01-09 05:11:16,Centre Médical d'Excellence,O+,21,7,0,14,4.3,1,52.4,faible,"Excellent état, conservation parfaite",6,5,1,True,True,normal,ensoleillé
2022-01-09 05:26:35,Centre Médical d'Excellence,B-,10,9,24,25,4.1,10,98.3,normale,"Excellent état, conservation parfaite",6,5,1,True,True,normal,ensoleillé
2022-01-09 07:39:22,Centre Médical d'Excellence,O+,22,5,23,40,3.1,1,65.7,attention,Contrôle bactériologique négatif,6,7,1,True,True,normal,ensoleillé
2022-01-09 18:35:46,Centre Médical d'Excellence,O+,47,6,20,61,3.8,26,100.0,normale,Hémoglobine dans les normes,6,18,1,True,True,normal,nuageux
2022-01-10 19:51:11,Centre Médical d'Excellence,A+,80,14,15,81,3.9,15,100.0,normale,Urgent: vérifier température stockage,0,19,1,False,True,normal,nuageux
2022-01-10 20:05:31,Centre Médical d'Excellence,A-,76,8,0,68,3.6,1,56.7,attention,Contrôle bactériologique négatif,0,20,1,False,True,normal,ensoleillé
2022-01-11 01:41:22,Centre Médical d'Excellence,A+,24,13,0,11,3.9,1,59.9,faible,Hémoglobine dans les normes,1,1,1,False,True,normal,orageux
2022-01-11 22:32:54,Centre Médical d'Excellence,AB+,53,10,11,54,3.5,23,97.4,normale,Parfait pour transfusion immédiate,1,22,1,False,True,normal,ensoleillé
2022-01-11 23:44:40,Centre Médical d'Excellence,O+,56,9,0,47,3.5,84,100.0,normale,Hémoglobine dans les normes,1,23,1,False,True,normal,pluvieux
2022-01-12 10:29:27,Centre Médical d'Excellence,O+,30,7,21,44,4.3,14,93.7,normale,"Bon état général, légère variation température",2,10,1,False,True,normal,nuageux
2022-01-12 22:05:59,Centre Médical d'Excellence,O+,54,10,13,57,4.0,41,96.6,normale,"Bon état général, légère variation température",2,22,1,False,True,normal,orageux
2022-01-13 14:21:39,Centre Médical d'Excellence,O+,83,8,14,89,3.4,17,91.8,normale,"Bon état général, légère variation température",3,14,1,False,True,normal,ensoleillé
2022-01-14 17:23:59,Centre Médical d'Excellence,O+,34,2,0,32,4.5,71,100.0,normale,Parfait pour transfusion immédiate,4,17,1,False,True,normal,nuageux
2022-01-15 10:47:27,Centre Médical d'Excellence,A+,61,5,18,74,3.7,2,78.0,normale,Urgent: vérifier température stockage,5,10,1,True,True,normal,orageux
2022-01-15 13:22:03,Centre Médical d'Excellence,O+,45,6,0,39,3.8,40,100.0,normale,Hémoglobine dans les normes,5,13,1,True,True,urgence_médicale,ensoleillé
2022-01-15 19:21:36,Centre Médical d'Excellence,A+,48,6,0,42,3.1,10,96.8,normale,Urgent: vérifier température stockage,5,19,1,True,True,normal,pluvieux
2022-01-15 20:30:39,Centre Médical d'Excellence,O+,33,6,0,27,3.7,1,57.9,attention,"État satisfaisant, contrôle qualité OK",5,20,1,True,True,normal,ensoleillé
2022-01-17 04:47:39,Centre Médical d'Excellence,O+,37,12,0,25,3.5,11,100.0,normale,Contrôle bactériologique négatif,0,4,1,False,True,normal,ensoleillé
2022-01-19 15:08:46,Centre Médical d'Excellence,A+,80,6,0,74,3.3,31,100.0,normale,"Bon état général, légère variation température",2,15,1,False,True,normal,ensoleillé
2022-01-19 23:06:00,Centre Médical d'Excellence,A+,29,6,0,23,4.0,10,100.0,normale,Hémoglobine dans les normes,2,23,1,False,True,normal,ensoleillé
2022-01-19 23:19:20,Centre Médical d'Excellence,A+,39,11,0,28,4.7,50,97.2,normale,"Bon état général, légère variation température",2,23,1,False,True,normal,nuageux
2022-01-21 18:38:07,Centre Médical d'Excellence,B-,59,13,0,46,3.8,7,96.7,normale,"Excellent état, conservation parfaite",4,18,1,False,True,normal,ensoleillé
2022-01-22 01:13:07,Centre Médical d'Excellence,O+,21,4,0,17,3.2,9,96.8,faible,Urgent: vérifier température stockage,5,1,1,True,True,normal,ensoleillé
2022-01-23 09:10:24,Centre Médical d'Excellence,O-,45,8,21,58,3.8,1,53.6,attention,Hémoglobine dans les normes,6,9,1,True,True,normal,orageux
2022-01-23 11:36:57,Centre Médical d'Excellence,A+,40,3,0,37,4.0,29,100.0,normale,"État satisfaisant, contrôle qualité OK",6,11,1,True,True,normal,pluvieux
2022-01-23 21:36:33,Centre Médical d'Excellence,A+,18,6,0,12,4.2,1,55.3,faible,Urgent: vérifier température stockage,6,21,1,True,True,normal,pluvieux
2022-01-25 05:30:09,Centre Médical d'Excellence,A-,26,8,0,18,3.6,9,96.0,faible,Parfait pour transfusion immédiate,1,5,1,False,True,normal,pluvieux
2022-01-25 22:17:11,Centre Médical d'Excellence,O+,57,6,22,73,3.6,37,92.2,normale,Contrôle bactériologique négatif,1,22,1,False,True,normal,ensoleillé
2022-01-26 00:49:05,Centre Médical d'Excellence,O-,16,16,0,0,4.3,21,100.0,critique,URGENT: Stock critique - Parfait pour transfusion immédiate,2,0,1,False,True,normal,pluvieux
2022-01-26 04:34:40,Centre Médical d'Excellence,O+,21,11,0,10,4.1,4,90.3,faible,Attention: proche expiration,2,4,1,False,True,normal,orageux
2022-01-26 07:00:42,Centre Médical d'Excellence,B+,72,0,16,88,3.5,1,56.3,attention,Urgent: vérifier température stockage,2,7,1,False,True,normal,nuageux
2022-01-26 09:52:32,Centre Médical d'Excellence,A+,31,12,0,19,4.5,1,64.0,faible,Parfait pour transfusion immédiate,2,9,1,False,True,normal,orageux
2022-01-26 16:29:20,Centre Médical d'Excellence,O-,16,9,0,7,4.2,19,97.3,critique,"URGENT: Stock critique - État satisfaisant, contrôle qualité OK",2,16,1,False,True,normal,pluvieux
2022-01-27 01:54:25,Centre Médical d'Excellence,A+,23,12,0,11,4.9,6,96.7,faible,Parfait pour transfusion immédiate,3,1,1,False,True,normal,ensoleillé
2022-01-27 02:31:25,Centre Médical d'Excellence,A+,34,9,22,47,3.4,8,100.0,normale,Parfait pour transfusion immédiate,3,2,1,False,True,normal,pluvieux
2022-01-28 14:51:13,Centre Médical d'Excellence,AB+,56,7,28,77,3.1,6,100.0,normale,Attention: proche expiration,4,14,1,False,True,normal,ensoleillé
2022-01-29 09:23:19,Centre Médical d'Excellence,A+,28,8,0,20,4.1,2,93.7,normale,Parfait pour transfusion immédiate,5,9,1,True,True,accident_route,ensoleillé
2022-01-29 12:05:02,Centre Médical d'Excellence,A+,43,7,21,57,4.7,17,88.3,normale,"État satisfaisant, contrôle qualité OK",5,12,1,True,True,normal,pluvieux
2022-01-29 17:47:58,Centre Médical d'Excellence,A+,57,7,0,50,4.2,9,100.0,normale,Parfait pour transfusion immédiate,5,17,1,True,True,normal,nuageux
2022-01-30 01:05:38,Centre Médical d'Excellence,A+,21,6,24,39,4.4,12,100.0,normale,Parfait pour transfusion immédiate,6,1,1,True,True,normal,pluvieux
2022-01-30 05:18:36,Centre Médical d'Excellence,O+,21,6,0,15,3.3,4,90.5,faible,Contrôle bactériologique négatif,6,5,1,True,True,normal,ensoleillé
2022-01-30 09:51:19,Centre Médical d'Excellence,A+,40,5,0,35,4.6,12,97.0,normale,"Bon état général, légère variation température",6,9,1,True,True,normal,ensoleillé
2022-01-30 17:09:57,Centre Médical d'Excellence,A+,50,7,28,71,3.3,81,100.0,normale,Attention: proche expiration,6,17,1,True,True,normal,ensoleillé
2022-01-31 23:52:38,Centre Médical d'Excellence,A-,21,11,0,10,3.4,4,86.5,faible,Contrôle bactériologique négatif,0,23,1,False,True,normal,nuageux
2022-02-01 23:41:34,Centre Médical d'Excellence,A+,29,4,19,44,3.9,17,100.0,normale,Hémoglobine dans les normes,1,23,2,False,False,normal,pluvieux
2022-02-02 10:42:28,Centre Médical d'Excellence,A-,62,11,0,51,5.0,34,100.0,normale,Parfait pour transfusion immédiate,2,10,2,False,False,normal,ensoleillé
2022-02-02 11:41:53,Centre Médical d'Excellence,A-,57,9,0,48,4.1,9,95.4,normale,Hémoglobine dans les normes,2,11,2,False,False,normal,ensoleillé
2022-02-03 01:13:20,Centre Médical d'Excellence,O+,25,3,0,22,4.2,40,98.7,normale,Parfait pour transfusion immédiate,3,1,2,False,False,normal,orageux
2022-02-03 16:22:58,Centre Médical d'Excellence,A+,44,6,0,38,3.7,1,59.5,attention,Hémoglobine dans les normes,3,16,2,False,False,normal,orageux
2022-02-03 18:33:48,Centre Médical d'Excellence,A+,46,10,21,57,4.6,24,98.7,normale,Urgent: vérifier température stockage,3,18,2,False,False,normal,pluvieux
2022-02-04 11:25:29,Centre Médical d'Excellence,O-,74,13,20,81,4.1,6,96.0,normale,Parfait pour transfusion immédiate,4,11,2,False,False,normal,ensoleillé
2022-02-04 16:57:08,Centre Médical d'Excellence,O+,51,8,22,65,3.9,1,61.3,attention,Contrôle bactériologique négatif,4,16,2,False,False,normal,ensoleillé
2022-02-05 13:48:19,Centre Médical d'Excellence,B+,37,3,0,34,4.0,1,61.7,attention,"Excellent état, conservation parfaite",5,13,2,True,False,normal,ensoleillé
2022-02-05 21:29:10,Centre Médical d'Excellence,B+,62,6,0,56,4.1,9,100.0,normale,Contrôle bactériologique négatif,5,21,2,True,False,normal,pluvieux
2022-02-06 11:46:06,Centre Médical d'Excellence,A+,46,9,0,37,4.7,11,100.0,normale,Parfait pour transfusion immédiate,6,11,2,True,False,normal,pluvieux
2022-02-07 02:06:51,Centre Médical d'Excellence,O-,21,10,0,11,3.2,6,100.0,faible,Attention: proche expiration,0,2,2,False,False,normal,pluvieux
2022-02-08 00:30:20,Centre Médical d'Excellence,O+,29,10,0,19,3.9,2,97.2,faible,"État satisfaisant, contrôle qualité OK",1,0,2,False,False,normal,ensoleillé
2022-02-09 07:57:18,Centre Médical d'Excellence,A-,55,9,0,46,3.9,32,95.4,normale,Contrôle bactériologique négatif,2,7,2,False,False,normal,pluvieux
2022-02-09 10:57:36,Centre Médical d'Excellence,AB-,49,8,0,41,3.3,11,93.7,normale,Contrôle bactériologique négatif,2,10,2,False,False,normal,nuageux
2022-02-10 00:42:44,Centre Médical d'Excellence,A-,35,10,0,25,3.9,24,97.7,normale,Urgent: vérifier température stockage,3,0,2,False,False,normal,nuageux
2022-02-11 01:14:25,Centre Médical d'Excellence,A-,21,9,0,12,4.7,2,84.3,faible,Parfait pour transfusion immédiate,4,1,2,False,False,normal,pluvieux
2022-02-11 16:36:39,Centre Médical d'Excellence,O+,67,6,0,61,4.1,20,100.0,normale,Attention: proche expiration,4,16,2,False,False,accident_route,pluvieux
2022-02-12 08:49:24,Centre Médical d'Excellence,O+,27,4,0,23,4.8,1,60.1,attention,Hémoglobine dans les normes,5,8,2,True,False,normal,ensoleillé
2022-02-13 00:58:13,Centre Médical d'Excellence,B+,20,2,0,18,4.0,9,98.8,faible,Urgent: vérifier température stockage,6,0,2,True,False,normal,orageux
2022-02-13 10:12:46,Centre Médical d'Excellence,O+,36,6,0,30,4.3,4,84.1,normale,Attention: proche expiration,6,10,2,True,False,normal,nuageux
2022-02-13 12:48:11,Centre Médical d'Excellence,A+,52,7,0,45,4.8,7,96.6,normale,"Bon état général, légère variation température",6,12,2,True,False,normal,pluvieux
2022-02-14 18:11:16,Centre Médical d'Excellence,A-,37,2,24,59,4.2,6,100.0,normale,Hémoglobine dans les normes,0,18,2,False,False,normal,pluvieux
2022-02-15 12:13:10,Centre Médical d'Excellence,A+,47,11,0,36,3.8,45,98.3,normale,Contrôle bactériologique négatif,1,12,2,False,False,normal,pluvieux
2022-02-16 07:59:19,Centre Médical d'Excellence,O+,43,8,22,57,4.9,9,100.0,normale,Hémoglobine dans les normes,2,7,2,False,False,normal,ensoleillé
2022-02-16 12:16:30,Centre Médical d'Excellence,AB-,56,5,24,75,4.0,9,100.0,normale,Parfait pour transfusion immédiate,2,12,2,False,False,normal,pluvieux
2022-02-16 23:13:16,Centre Médical d'Excellence,O+,27,3,15,39,3.9,6,100.0,normale,"État satisfaisant, contrôle qualité OK",2,23,2,False,False,normal,ensoleillé
2022-02-17 05:52:03,Centre Médical d'Excellence,O+,17,9,0,8,3.6,2,83.3,critique,URGENT: Stock critique - Parfait pour transfusion immédiate,3,5,2,False,False,normal,pluvieux
2022-02-17 08:19:53,Centre Médical d'Excellence,O+,32,9,0,23,4.9,22,100.0,normale,Parfait pour transfusion immédiate,3,8,2,False,False,normal,pluvieux
2022-02-17 08:19:57,Centre Médical d'Excellence,O+,59,9,0,50,4.4,5,93.2,normale,Attention: proche expiration,3,8,2,False,False,normal,orageux
2022-02-17 18:06:42,Centre Médical d'Excellence,O+,57,7,0,50,4.1,35,96.3,normale,"État satisfaisant, contrôle qualité OK",3,18,2,False,False,normal,pluvieux
2022-02-17 21:35:48,Centre Médical d'Excellence,A+,41,7,14,48,4.7,2,83.2,normale,Contrôle bactériologique négatif,3,21,2,False,False,normal,ensoleillé
2022-02-18 04:22:32,Centre Médical d'Excellence,A+,25,8,18,35,3.1,5,90.3,normale,Urgent: vérifier température stockage,4,4,2,False,False,normal,nuageux
2022-02-19 00:27:27,Centre Médical d'Excellence,A+,16,7,0,9,3.7,1,62.1,critique,URGENT: Stock critique - Hémoglobine dans les normes,5,0,2,True,False,normal,nuageux
2022-02-19 02:32:29,Centre Médical d'Excellence,O+,26,4,16,38,3.3,4,87.1,normale,"Bon état général, légère variation température",5,2,2,True,False,normal,orageux
2022-02-19 05:17:13,Centre Médical d'Excellence,A+,15,3,0,12,4.1,8,100.0,faible,"Excellent état, conservation parfaite",5,5,2,True,False,épidémie,ensoleillé
2022-02-20 18:29:44,Centre Médical d'Excellence,O+,31,8,0,23,3.9,12,89.5,normale,"État satisfaisant, contrôle qualité OK",6,18,2,True,False,normal,nuageux
2022-02-20 23:11:20,Centre Médical d'Excellence,O+,13,1,0,12,4.0,4,86.9,faible,"Excellent état, conservation parfaite",6,23,2,True,False,normal,orageux
2022-02-21 19:00:08,Centre Médical d'Excellence,O+,43,6,0,37,4.4,3,76.6,normale,"État satisfaisant, contrôle qualité OK",0,19,2,False,False,normal,pluvieux
2022-02-22 04:13:13,Centre Médical d'Excellence,B+,34,6,0,28,3.8,6,100.0,normale,"Bon état général, légère variation température",1,4,2,False,False,normal,ensoleillé
2022-02-22 16:33:21,Centre Médical d'Excellence,A-,56,1,25,80,5.0,4,86.5,normale,Attention: proche expiration,1,16,2,False,False,normal,ensoleillé
2022-02-24 08:24:22,Centre Médical d'Excellence,A+,21,5,0,16,5.3,1,63.3,faible,"Bon état général, légère variation température",3,8,2,False,False,normal,ensoleillé
2022-02-25 00:20:07,Centre Médical d'Excellence,O+,20,6,0,14,4.1,13,99.2,faible,"Excellent état, conservation parfaite",4,0,2,False,False,normal,nuageux
2022-02-25 00:55:00,Centre Médical d'Excellence,O+,19,10,0,9,3.6,6,100.0,critique,URGENT: Stock critique - Parfait pour transfusion immédiate,4,0,2,False,False,normal,nuageux
2022-02-25 03:24:25,Centre Médical d'Excellence,O+,41,9,0,32,4.3,13,98.7,normale,"Excellent état, conservation parfaite",4,3,2,False,False,normal,orageux
2022-02-25 10:42:25,Centre Médical d'Excellence,A+,55,10,0,45,4.2,11,91.9,normale,Contrôle bactériologique négatif,4,10,2,False,False,normal,ensoleillé
2022-02-25 11:02:21,Centre Médical d'Excellence,O+,57,6,17,68,4.3,1,49.6,attention,"État satisfaisant, contrôle qualité OK",4,11,2,False,False,épidémie,ensoleillé
2022-02-25 15:32:26,Centre Médical d'Excellence,O+,58,2,0,56,3.7,5,100.0,normale,Hémoglobine dans les normes,4,15,2,False,False,normal,nuageux
2022-02-25 17:26:32,Centre Médical d'Excellence,B+,80,9,0,71,4.4,26,95.1,normale,Urgent: vérifier température stockage,4,17,2,False,False,normal,pluvieux
2022-02-26 17:22:08,Centre Médical d'Excellence,AB+,30,3,0,27,3.5,51,100.0,normale,"Bon état général, légère variation température",5,17,2,True,False,normal,pluvieux
2022-02-27 15:11:44,Centre Médical d'Excellence,A+,47,0,19,66,4.3,1,63.1,attention,Contrôle bactériologique négatif,6,15,2,True,False,normal,pluvieux
2022-02-28 02:56:28,Centre Médical d'Excellence,A-,27,12,0,15,4.2,10,100.0,faible,Parfait pour transfusion immédiate,0,2,2,False,False,normal,pluvieux
2022-03-01 09:21:43,Centre Médical d'Excellence,A-,44,8,0,36,4.1,22,99.9,normale,Parfait pour transfusion immédiate,1,9,3,False,False,normal,nuageux
2022-03-01 22:27:41,Centre Médical d'Excellence,O+,45,0,0,45,3.3,49,94.5,normale,Parfait pour transfusion immédiate,1,22,3,False,False,normal,ensoleillé
2022-03-02 09:05:27,Centre Médical d'Excellence,AB-,51,7,0,44,4.2,1,63.8,attention,Attention: proche expiration,2,9,3,False,False,épidémie,nuageux
2022-03-02 10:59:44,Centre Médical d'Excellence,A+,64,5,0,59,3.0,6,100.0,normale,Attention: proche expiration,2,10,3,False,False,normal,nuageux
2022-03-02 23:06:51,Centre Médical d'Excellence,B+,10,9,0,1,3.6,17,100.0,critique,"URGENT: Stock critique - Excellent état, conservation parfaite",2,23,3,False,False,normal,pluvieux
2022-03-03 07:49:43,Centre Médical d'Excellence,B+,51,9,24,66,3.2,12,94.8,normale,Contrôle bactériologique négatif,3,7,3,False,False,normal,nuageux
2022-03-03 09:01:31,Centre Médical d'Excellence,A+,52,4,0,48,3.9,5,100.0,normale,Urgent: vérifier température stockage,3,9,3,False,False,normal,nuageux
2022-03-03 09:04:07,Centre Médical d'Excellence,O+,53,5,0,48,3.7,4,89.2,normale,Attention: proche expiration,3,9,3,False,False,normal,pluvieux
2022-03-04 04:02:55,Centre Médical d'Excellence,B+,26,13,0,13,4.2,33,100.0,faible,Parfait pour transfusion immédiate,4,4,3,False,False,normal,ensoleillé
2022-03-04 04:30:53,Centre Médical d'Excellence,A+,13,11,16,18,3.3,8,97.1,faible,Attention: proche expiration,4,4,3,False,False,normal,nuageux
2022-03-04 04:35:33,Centre Médical d'Excellence,A+,33,7,21,47,4.1,15,100.0,normale,Urgent: vérifier température stockage,4,4,3,False,False,normal,nuageux
2022-03-04 07:28:00,Centre Médical d'Excellence,B+,39,6,0,33,4.1,3,94.8,normale,Hémoglobine dans les normes,4,7,3,False,False,normal,ensoleillé
2022-03-04 16:46:42,Centre Médical d'Excellence,O-,37,13,0,24,3.5,4,91.5,normale,"État satisfaisant, contrôle qualité OK",4,16,3,False,False,normal,ensoleillé
2022-03-05 08:47:23,Centre Médical d'Excellence,A+,24,6,0,18,3.6,8,100.0,faible,Parfait pour transfusion immédiate,5,8,3,True,False,normal,orageux
2022-03-06 05:05:31,Centre Médical d'Excellence,O+,25,3,0,22,5.1,32,90.7,normale,Parfait pour transfusion immédiate,6,5,3,True,False,normal,orageux
2022-03-06 22:13:19,Centre Médical d'Excellence,A+,30,8,0,22,4.5,7,99.9,normale,"Excellent état, conservation parfaite",6,22,3,True,False,normal,nuageux
2022-03-06 22:21:44,Centre Médical d'Excellence,AB+,43,3,0,40,4.9,18,94.7,normale,"Excellent état, conservation parfaite",6,22,3,True,False,normal,ensoleillé
2022-03-07 19:53:28,Centre Médical d'Excellence,B+,49,10,19,58,4.6,3,83.3,normale,Hémoglobine dans les normes,0,19,3,False,False,normal,ensoleillé
2022-03-07 21:57:04,Centre Médical d'Excellence,O+,45,6,25,64,3.8,1,69.0,attention,Contrôle bactériologique négatif,0,21,3,False,False,normal,orageux
2022-03-09 03:59:54,Centre Médical d'Excellence,O+,11,5,0,6,3.4,13,100.0,critique,URGENT: Stock critique - Parfait pour transfusion immédiate,2,3,3,False,False,normal,orageux
2022-03-09 10:52:02,Centre Médical d'Excellence,O+,55,11,0,44,3.9,26,100.0,normale,Parfait pour transfusion immédiate,2,10,3,False,False,normal,orageux
2022-03-09 14:18:32,Centre Médical d'Excellence,O+,59,9,0,50,3.4,17,99.9,normale,Urgent: vérifier température stockage,2,14,3,False,False,normal,ensoleillé
2022-03-10 02:53:47,Centre Médical d'Excellence,O+,28,0,0,28,4.2,28,95.0,normale,Attention: proche expiration,3,2,3,False,False,campagne_don,ensoleillé
2022-03-10 08:48:32,Centre Médical d'Excellence,B+,50,3,18,65,3.5,1,59.3,attention,Urgent: vérifier température stockage,3,8,3,False,False,normal,pluvieux
2022-03-11 05:42:47,Centre Médical d'Excellence,B+,16,5,34,45,4.4,5,100.0,normale,Attention: proche expiration,4,5,3,False,False,normal,ensoleillé
2022-03-11 08:26:16,Centre Médical d'Excellence,O-,48,10,25,63,3.4,8,98.7,normale,Contrôle bactériologique négatif,4,8,3,False,False,normal,nuageux
2022-03-11 13:24:28,Centre Médical d'Excellence,O+,53,5,0,48,3.1,17,92.1,normale,"État satisfaisant, contrôle qualité OK",4,13,3,False,False,normal,nuageux
2022-03-12 11:19:14,Centre Médical d'Excellence,O+,44,5,25,64,4.4,10,100.0,normale,"État satisfaisant, contrôle qualité OK",5,11,3,True,False,normal,ensoleillé
2022-03-12 23:50:54,Centre Médical d'Excellence,O+,21,9,0,12,4.5,6,90.7,faible,Parfait pour transfusion immédiate,5,23,3,True,False,normal,orageux
2022-03-13 02:03:52,Centre Médical d'Excellence,A+,22,2,18,38,3.6,7,93.7,normale,Contrôle bactériologique négatif,6,2,3,True,False,normal,ensoleillé
2022-03-13 09:14:08,Centre Médical d'Excellence,O+,36,10,21,47,3.6,12,100.0,normale,Contrôle bactériologique négatif,6,9,3,True,False,normal,nuageux
2022-03-14 05:49:17,Centre Médical d'Excellence,O+,27,11,0,16,3.8,10,100.0,faible,Contrôle bactériologique négatif,0,5,3,False,False,normal,pluvieux
2022-03-15 09:46:08,Centre Médical d'Excellence,O+,52,13,0,39,4.4,12,96.3,normale,"Excellent état, conservation parfaite",1,9,3,False,False,normal,ensoleillé
2022-03-15 22:21:08,Centre Médical d'Excellence,O+,41,5,0,36,3.5,29,95.3,normale,"État satisfaisant, contrôle qualité OK",1,22,3,False,False,normal,ensoleillé
2022-03-16 01:40:24,Centre Médical d'Excellence,O+,32,10,0,22,4.2,1,62.0,attention,Hémoglobine dans les normes,2,1,3,False,False,normal,ensoleillé
2022-03-16 19:08:08,Centre Médical d'Excellence,A+,39,6,0,33,3.5,11,94.4,normale,Parfait pour transfusion immédiate,2,19,3,False,False,normal,ensoleillé
2022-03-16 19:25:15,Centre Médical d'Excellence,A+,47,5,29,71,4.4,25,100.0,normale,"État satisfaisant, contrôle qualité OK",2,19,3,False,False,normal,ensoleillé
2022-03-17 02:40:03,Centre Médical d'Excellence,O+,15,7,0,8,3.7,24,94.4,critique,"URGENT: Stock critique - État satisfaisant, contrôle qualité OK",3,2,3,False,False,normal,ensoleillé
2022-03-17 16:21:27,Centre Médical d'Excellence,AB+,62,8,21,75,4.3,22,99.4,normale,Hémoglobine dans les normes,3,16,3,False,False,normal,orageux
2022-03-17 19:27:10,Centre Médical d'Excellence,A+,46,11,0,35,4.2,3,87.0,normale,"Excellent état, conservation parfaite",3,19,3,False,False,normal,pluvieux
2022-03-17 20:59:42,Centre Médical d'Excellence,A+,55,7,16,64,4.2,6,100.0,normale,"Bon état général, légère variation température",3,20,3,False,False,normal,pluvieux
2022-03-17 21:14:12,Centre Médical d'Excellence,O+,70,7,27,90,3.7,17,89.2,normale,Attention: proche expiration,3,21,3,False,False,normal,nuageux
2022-03-17 21:34:30,Centre Médical d'Excellence,O+,44,9,0,35,4.4,24,92.4,normale,Contrôle bactériologique négatif,3,21,3,False,False,normal,ensoleillé
2022-03-18 06:54:17,Centre Médical d'Excellence,O-,41,8,0,33,4.5,1,59.5,attention,Hémoglobine dans les normes,4,6,3,False,False,normal,pluvieux
2022-03-18 16:54:01,Centre Médical d'Excellence,O-,42,9,0,33,3.1,23,94.4,normale,Hémoglobine dans les normes,4,16,3,False,False,normal,pluvieux
2022-03-18 21:01:26,Centre Médical d'Excellence,AB+,55,6,19,68,4.0,6,88.2,normale,Attention: proche expiration,4,21,3,False,False,normal,pluvieux
2022-03-18 23:02:35,Centre Médical d'Excellence,O+,14,7,0,7,4.4,4,90.3,critique,URGENT: Stock critique - Urgent: vérifier température stockage,4,23,3,False,False,normal,nuageux
2022-03-19 08:12:27,Centre Médical d'Excellence,A+,31,3,22,50,5.2,3,89.2,normale,Hémoglobine dans les normes,5,8,3,True,False,normal,ensoleillé
2022-03-19 10:45:38,Centre Médical d'Excellence,A+,42,3,0,39,3.9,17,100.0,normale,Hémoglobine dans les normes,5,10,3,True,False,normal,ensoleillé
2022-03-19 19:56:16,Centre Médical d'Excellence,O+,23,7,17,33,3.9,1,62.7,attention,Parfait pour transfusion immédiate,5,19,3,True,False,normal,pluvieux
2022-03-20 00:48:19,Centre Médical d'Excellence,O-,20,4,0,16,3.5,8,97.5,faible,Parfait pour transfusion immédiate,6,0,3,True,False,normal,ensoleillé
2022-03-20 01:35:26,Centre Médical d'Excellence,O+,29,1,21,49,4.8,41,95.7,normale,Hémoglobine dans les normes,6,1,3,True,False,normal,pluvieux
2022-03-20 01:56:32,Centre Médical d'Excellence,AB-,16,5,0,11,4.0,1,52.6,faible,Parfait pour transfusion immédiate,6,1,3,True,False,normal,ensoleillé
2022-03-20 10:24:02,Centre Médical d'Excellence,O-,43,9,0,34,2.9,6,96.8,normale,"État satisfaisant, contrôle qualité OK",6,10,3,True,False,normal,ensoleillé
2022-03-21 10:30:57,Centre Médical d'Excellence,A+,69,5,24,88,4.2,12,92.8,normale,Attention: proche expiration,0,10,3,False,False,normal,nuageux
2022-03-21 13:10:50,Centre Médical d'Excellence,O-,28,11,0,17,3.2,36,100.0,faible,Hémoglobine dans les normes,0,13,3,False,False,normal,ensoleillé
2022-03-21 13:12:26,Centre Médical d'Excellence,O+,21,9,17,29,3.9,5,100.0,normale,Contrôle bactériologique négatif,0,13,3,False,False,normal,ensoleillé
2022-03-21 17:24:36,Centre Médical d'Excellence,A+,63,7,0,56,4.3,9,87.5,normale,Attention: proche expiration,0,17,3,False,False,normal,ensoleillé
2022-03-21 18:37:12,Centre Médical d'Excellence,B+,52,12,0,40,3.4,1,55.7,attention,"État satisfaisant, contrôle qualité OK",0,18,3,False,False,normal,ensoleillé
2022-03-21 20:12:43,Centre Médical d'Excellence,O+,41,6,0,35,4.7,20,100.0,normale,Urgent: vérifier température stockage,0,20,3,False,False,normal,pluvieux
2022-03-22 05:31:11,Centre Médical d'Excellence,A+,31,13,0,18,3.8,9,100.0,faible,Hémoglobine dans les normes,1,5,3,False,False,normal,pluvieux
2022-03-22 12:26:04,Centre Médical d'Excellence,A+,78,4,0,74,4.5,9,100.0,normale,"Bon état général, légère variation température",1,12,3,False,False,normal,pluvieux
2022-03-22 20:36:33,Centre Médical d'Excellence,O+,77,9,0,68,3.7,4,87.8,normale,"Bon état général, légère variation température",1,20,3,False,False,normal,nuageux
2022-03-24 01:36:11,Centre Médical d'Excellence,O+,26,3,0,23,3.8,3,77.6,normale,Hémoglobine dans les normes,3,1,3,False,False,normal,nuageux
2022-03-24 12:38:17,Centre Médical d'Excellence,O-,67,6,18,79,3.2,35,100.0,normale,"État satisfaisant, contrôle qualité OK",3,12,3,False,False,normal,ensoleillé
2022-03-24 16:45:12,Centre Médical d'Excellence,O+,39,10,0,29,4.2,26,99.3,normale,Urgent: vérifier température stockage,3,16,3,False,False,urgence_médicale,nuageux
2022-03-24 18:51:18,Centre Médical d'Excellence,O+,66,5,0,61,3.8,27,100.0,normale,Contrôle bactériologique négatif,3,18,3,False,False,normal,nuageux
2022-03-25 19:14:31,Centre Médical d'Excellence,O+,44,11,0,33,4.0,12,100.0,normale,"Bon état général, légère variation température",4,19,3,False,False,normal,ensoleillé
2022-03-25 21:56:58,Centre Médical d'Excellence,O+,47,10,0,37,4.3,30,94.2,normale,"État satisfaisant, contrôle qualité OK",4,21,3,False,False,accident_route,nuageux
2022-03-25 23:12:52,Centre Médical d'Excellence,O+,32,9,20,43,5.3,20,100.0,normale,"Bon état général, légère variation température",4,23,3,False,False,normal,pluvieux
2022-03-26 07:53:37,Centre Médical d'Excellence,A+,32,1,0,31,3.8,5,100.0,normale,Urgent: vérifier température stockage,5,7,3,True,False,normal,nuageux
2022-03-26 12:47:14,Centre Médical d'Excellence,O-,53,5,0,48,3.4,8,97.7,normale,Urgent: vérifier température stockage,5,12,3,True,False,normal,pluvieux
2022-03-26 21:48:12,Centre Médical d'Excellence,O+,24,6,0,18,3.5,20,100.0,faible,"Bon état général, légère variation température",5,21,3,True,False,normal,orageux
2022-03-26 22:40:05,Centre Médical d'Excellence,A+,33,5,0,28,4.8,3,81.3,normale,"État satisfaisant, contrôle qualité OK",5,22,3,True,False,normal,ensoleillé
2022-03-27 09:10:32,Centre Médical d'Excellence,O+,24,6,0,18,3.9,1,46.1,faible,Contrôle bactériologique négatif,6,9,3,True,False,normal,orageux
2022-03-28 02:18:07,Centre Médical d'Excellence,O+,26,7,18,37,3.6,52,100.0,normale,Contrôle bactériologique négatif,0,2,3,False,False,normal,pluvieux
2022-03-29 04:08:33,Centre Médical d'Excellence,O+,33,7,18,44,3.5,12,100.0,normale,Attention: proche expiration,1,4,3,False,False,normal,ensoleillé
2022-03-29 17:08:20,Centre Médical d'Excellence,A+,33,3,22,52,4.4,12,98.9,normale,Urgent: vérifier température stockage,1,17,3,False,False,normal,orageux
2022-03-30 01:26:42,Centre Médical d'Excellence,O+,21,5,0,16,4.1,64,100.0,faible,Urgent: vérifier température stockage,2,1,3,False,False,normal,ensoleillé
2022-03-30 09:58:56,Centre Médical d'Excellence,A+,31,10,22,43,3.8,14,97.6,normale,Urgent: vérifier température stockage,2,9,3,False,False,normal,ensoleillé
2022-03-30 20:49:58,Centre Médical d'Excellence,O-,57,12,0,45,3.0,44,96.7,normale,Attention: proche expiration,2,20,3,False,False,normal,ensoleillé
2022-03-30 23:02:50,Centre Médical d'Excellence,A-,22,4,0,18,3.8,45,100.0,faible,Attention: proche expiration,2,23,3,False,False,normal,nuageux
2022-03-31 09:20:41,Centre Médical d'Excellence,A+,40,7,0,33,3.9,2,84.9,normale,Parfait pour transfusion immédiate,3,9,3,False,False,normal,ensoleillé
2022-03-31 13:58:27,Centre Médical d'Excellence,O+,30,9,21,42,3.5,8,98.7,normale,Parfait pour transfusion immédiate,3,13,3,False,False,normal,ensoleillé
2022-03-31 15:18:35,Centre Médical d'Excellence,O-,69,8,18,79,3.3,14,99.4,normale,Attention: proche expiration,3,15,3,False,False,normal,pluvieux
2022-03-31 23:20:21,Centre Médical d'Excellence,A+,17,10,0,7,4.9,3,82.1,critique,"URGENT: Stock critique - Excellent état, conservation parfaite",3,23,3,False,False,normal,pluvieux
2022-04-01 00:33:08,Centre Médical d'Excellence,O+,18,11,0,7,4.2,7,100.0,critique,URGENT: Stock critique - Hémoglobine dans les normes,4,0,4,False,False,normal,pluvieux
2022-04-01 07:23:53,Centre Médical d'Excellence,O+,52,7,0,45,2.6,8,94.7,normale,"État satisfaisant, contrôle qualité OK",4,7,4,False,False,normal,ensoleillé
2022-04-01 12:56:28,Centre Médical d'Excellence,B-,51,9,30,72,4.4,17,100.0,normale,Contrôle bactériologique négatif,4,12,4,False,False,normal,ensoleillé
2022-04-01 18:08:30,Centre Médical d'Excellence,B+,58,6,19,71,3.5,21,99.9,normale,Urgent: vérifier température stockage,4,18,4,False,False,normal,ensoleillé
2022-04-01 20:05:08,Centre Médical d'Excellence,O+,63,12,0,51,3.5,1,68.8,attention,Attention: proche expiration,4,20,4,False,False,normal,ensoleillé
2022-04-02 04:14:02,Centre Médical d'Excellence,O-,14,8,0,6,3.7,2,90.8,critique,URGENT: Stock critique - Hémoglobine dans les normes,5,4,4,True,False,normal,ensoleillé
2022-04-02 10:43:53,Centre Médical d'Excellence,A-,43,4,0,39,4.3,6,100.0,normale,"Bon état général, légère variation température",5,10,4,True,False,normal,ensoleillé
2022-04-03 11:55:10,Centre Médical d'Excellence,O+,42,3,0,39,4.3,16,98.9,normale,Attention: proche expiration,6,11,4,True,False,normal,ensoleillé
2022-04-03 16:55:55,Centre Médical d'Excellence,A+,38,8,0,30,4.0,6,94.8,normale,Attention: proche expiration,6,16,4,True,False,normal,nuageux
2022-04-04 04:40:13,Centre Médical d'Excellence,O+,25,9,0,16,3.8,3,89.2,faible,Hémoglobine dans les normes,0,4,4,False,False,normal,pluvieux
2022-04-04 23:40:54,Centre Médical d'Excellence,O+,28,4,0,24,4.5,9,97.9,normale,Attention: proche expiration,0,23,4,False,False,normal,pluvieux
2022-04-05 03:23:59,Centre Médical d'Excellence,O+,31,10,0,21,4.7,8,100.0,normale,"État satisfaisant, contrôle qualité OK",1,3,4,False,False,normal,ensoleillé
2022-04-05 06:17:17,Centre Médical d'Excellence,O-,22,5,0,17,3.8,8,90.1,faible,Attention: proche expiration,1,6,4,False,False,normal,ensoleillé
2022-04-05 08:44:17,Centre Médical d'Excellence,A+,41,6,0,35,4.2,3,90.3,normale,Hémoglobine dans les normes,1,8,4,False,False,normal,pluvieux
2022-04-06 15:49:01,Centre Médical d'Excellence,A+,51,5,0,46,4.4,56,92.7,normale,Attention: proche expiration,2,15,4,False,False,normal,pluvieux
2022-04-07 03:40:44,Centre Médical d'Excellence,A+,29,7,0,22,3.1,14,100.0,normale,Attention: proche expiration,3,3,4,False,False,normal,nuageux
2022-04-07 11:56:55,Centre Médical d'Excellence,O+,56,4,31,83,4.7,2,85.0,normale,Contrôle bactériologique négatif,3,11,4,False,False,normal,pluvieux
2022-04-09 01:05:53,Centre Médical d'Excellence,O+,15,6,0,9,4.0,3,84.3,critique,URGENT: Stock critique - Hémoglobine dans les normes,5,1,4,True,False,normal,ensoleillé
2022-04-09 10:57:01,Centre Médical d'Excellence,A+,33,5,15,43,3.8,5,100.0,normale,Hémoglobine dans les normes,5,10,4,True,False,normal,nuageux
2022-04-09 12:07:15,Centre Médical d'Excellence,A+,53,7,23,69,4.3,3,84.5,normale,"État satisfaisant, contrôle qualité OK",5,12,4,True,False,normal,ensoleillé
2022-04-09 13:26:46,Centre Médical d'Excellence,B+,30,4,0,26,4.6,11,100.0,normale,Attention: proche expiration,5,13,4,True,False,normal,ensoleillé
2022-04-09 21:56:44,Centre Médical d'Excellence,O-,41,6,0,35,3.4,8,100.0,normale,Hémoglobine dans les normes,5,21,4,True,False,normal,nuageux
2022-04-10 01:48:37,Centre Médical d'Excellence,O+,15,6,0,9,4.2,15,98.7,critique,"URGENT: Stock critique - Bon état général, légère variation température",6,1,4,True,False,normal,pluvieux
2022-04-10 17:23:25,Centre Médical d'Excellence,AB+,37,6,0,31,4.3,8,95.3,normale,Parfait pour transfusion immédiate,6,17,4,True,False,normal,pluvieux
2022-04-10 22:27:33,Centre Médical d'Excellence,O+,36,9,0,27,4.3,14,100.0,normale,"État satisfaisant, contrôle qualité OK",6,22,4,True,False,normal,ensoleillé
2022-04-11 00:50:54,Centre Médical d'Excellence,A+,23,8,0,15,3.9,5,100.0,faible,Parfait pour transfusion immédiate,0,0,4,False,False,normal,ensoleillé
2022-04-11 03:26:39,Centre Médical d'Excellence,A+,28,5,0,23,3.5,1,60.7,attention,Hémoglobine dans les normes,0,3,4,False,False,normal,pluvieux
2022-04-11 23:13:44,Centre Médical d'Excellence,A+,20,1,19,38,4.0,9,100.0,normale,Parfait pour transfusion immédiate,0,23,4,False,False,normal,ensoleillé
2022-04-12 03:26:38,Centre Médical d'Excellence,O+,21,9,0,12,3.9,13,89.9,faible,Parfait pour transfusion immédiate,1,3,4,False,False,normal,nuageux
2022-04-12 05:30:20,Centre Médical d'Excellence,A+,12,10,0,2,4.1,48,99.1,critique,URGENT: Stock critique - Urgent: vérifier température stockage,1,5,4,False,False,normal,ensoleillé
2022-04-12 06:22:09,Centre Médical d'Excellence,B+,32,8,0,24,3.4,14,100.0,normale,Attention: proche expiration,1,6,4,False,False,normal,ensoleillé
2022-04-12 11:35:30,Centre Médical d'Excellence,B+,52,7,0,45,3.2,7,100.0,normale,Contrôle bactériologique négatif,1,11,4,False,False,normal,pluvieux
2022-04-13 04:11:34,Centre Médical d'Excellence,O+,20,2,27,45,3.8,19,92.5,normale,Attention: proche expiration,2,4,4,False,False,normal,pluvieux
2022-04-13 08:50:31,Centre Médical d'Excellence,O-,49,7,0,42,3.6,1,60.2,attention,Urgent: vérifier température stockage,2,8,4,False,False,normal,ensoleillé
2022-04-13 16:10:56,Centre Médical d'Excellence,A-,74,12,0,62,4.4,16,100.0,normale,Urgent: vérifier température stockage,2,16,4,False,False,normal,nuageux
2022-04-14 10:01:32,Centre Médical d'Excellence,O+,24,5,20,39,4.0,28,93.2,normale,Contrôle bactériologique négatif,3,10,4,False,False,normal,orageux
2022-04-14 23:45:43,Centre Médical d'Excellence,O+,33,4,0,29,4.3,47,100.0,normale,"Bon état général, légère variation température",3,23,4,False,False,normal,pluvieux
2022-04-15 03:33:21,Centre Médical d'Excellence,O+,27,3,0,24,3.2,4,81.3,normale,"Excellent état, conservation parfaite",4,3,4,False,False,normal,pluvieux
2022-04-15 15:26:17,Centre Médical d'Excellence,A+,57,5,0,52,3.2,5,89.6,normale,Hémoglobine dans les normes,4,15,4,False,False,normal,ensoleillé
2022-04-16 11:02:36,Centre Médical d'Excellence,A+,33,11,0,22,3.2,39,100.0,normale,Contrôle bactériologique négatif,5,11,4,True,False,normal,ensoleillé
2022-04-16 22:20:04,Centre Médical d'Excellence,A+,32,6,22,48,4.6,1,60.8,attention,Contrôle bactériologique négatif,5,22,4,True,False,normal,ensoleillé
2022-04-16 23:15:04,Centre Médical d'Excellence,A+,15,6,20,29,4.6,12,91.6,normale,"État satisfaisant, contrôle qualité OK",5,23,4,True,False,normal,pluvieux
2022-04-17 00:34:20,Centre Médical d'Excellence,A+,30,9,0,21,3.7,9,100.0,normale,"État satisfaisant, contrôle qualité OK",6,0,4,True,False,normal,ensoleillé
2022-04-17 16:40:26,Centre Médical d'Excellence,A+,37,2,0,35,3.7,1,65.2,attention,"Bon état général, légère variation température",6,16,4,True,False,normal,pluvieux
2022-04-17 20:24:14,Centre Médical d'Excellence,O+,27,6,0,21,4.6,3,89.5,normale,Contrôle bactériologique négatif,6,20,4,True,False,normal,ensoleillé
2022-04-18 12:04:16,Centre Médical d'Excellence,B+,41,9,0,32,3.1,2,85.5,normale,Hémoglobine dans les normes,0,12,4,False,False,normal,ensoleillé
2022-04-18 19:16:59,Centre Médical d'Excellence,O+,65,9,0,56,4.3,9,92.9,normale,Hémoglobine dans les normes,0,19,4,False,False,normal,nuageux
2022-04-18 20:09:58,Centre Médical d'Excellence,O+,65,3,0,62,3.9,1,64.7,attention,Hémoglobine dans les normes,0,20,4,False,False,urgence_médicale,orageux
2022-04-18 22:33:25,Centre Médical d'Excellence,A+,66,10,0,56,3.8,40,100.0,normale,"Bon état général, légère variation température",0,22,4,False,False,normal,ensoleillé
2022-04-19 13:42:23,Centre Médical d'Excellence,O+,56,4,18,70,3.9,27,99.1,normale,"Excellent état, conservation parfaite",1,13,4,False,False,normal,ensoleillé
2022-04-19 13:55:52,Centre Médical d'Excellence,A+,40,6,0,34,3.4,6,100.0,normale,Attention: proche expiration,1,13,4,False,False,normal,pluvieux
2022-04-20 04:13:52,Centre Médical d'Excellence,A+,29,8,18,39,4.2,55,100.0,normale,Urgent: vérifier température stockage,2,4,4,False,False,normal,ensoleillé
2022-04-20 05:11:43,Centre Médical d'Excellence,O+,27,9,0,18,3.5,5,100.0,faible,Attention: proche expiration,2,5,4,False,False,normal,orageux
2022-04-20 07:54:03,Centre Médical d'Excellence,O+,31,9,0,22,3.1,5,100.0,normale,Contrôle bactériologique négatif,2,7,4,False,False,normal,ensoleillé
2022-04-20 18:54:24,Centre Médical d'Excellence,A+,27,2,0,25,4.9,5,98.5,normale,"État satisfaisant, contrôle qualité OK",2,18,4,False,False,normal,ensoleillé
2022-04-21 01:01:00,Centre Médical d'Excellence,A+,16,13,11,14,4.4,12,100.0,faible,Hémoglobine dans les normes,3,1,4,False,False,normal,nuageux
2022-04-21 04:44:06,Centre Médical d'Excellence,B+,27,9,0,18,4.2,15,100.0,faible,Parfait pour transfusion immédiate,3,4,4,False,False,normal,pluvieux
2022-04-21 08:42:09,Centre Médical d'Excellence,B+,45,10,0,35,3.8,10,96.7,normale,"Excellent état, conservation parfaite",3,8,4,False,False,accident_route,nuageux
2022-04-21 23:19:10,Centre Médical d'Excellence,A+,21,6,0,15,3.6,7,96.3,faible,Contrôle bactériologique négatif,3,23,4,False,False,normal,ensoleillé
2022-04-22 12:27:58,Centre Médical d'Excellence,O-,56,8,0,48,4.5,11,100.0,normale,Attention: proche expiration,4,12,4,False,False,normal,pluvieux
2022-04-22 15:09:58,Centre Médical d'Excellence,O+,39,7,0,32,4.1,1,67.3,attention,Contrôle bactériologique négatif,4,15,4,False,False,normal,pluvieux
2022-04-23 02:54:41,Centre Médical d'Excellence,A+,19,4,24,39,3.4,35,94.6,normale,"Bon état général, légère variation température",5,2,4,True,False,normal,orageux
2022-04-23 07:40:36,Centre Médical d'Excellence,O+,38,5,0,33,3.8,11,100.0,normale,Contrôle bactériologique négatif,5,7,4,True,False,normal,pluvieux
2022-04-23 16:18:19,Centre Médical d'Excellence,O-,41,5,0,36,3.8,3,86.3,normale,Attention: proche expiration,5,16,4,True,False,normal,pluvieux
2022-04-24 00:44:31,Centre Médical d'Excellence,O+,17,4,0,13,3.9,2,91.3,faible,Parfait pour transfusion immédiate,6,0,4,True,False,normal,nuageux
2022-04-24 06:15:12,Centre Médical d'Excellence,B+,49,4,0,45,4.2,1,53.8,attention,Contrôle bactériologique négatif,6,6,4,True,False,normal,pluvieux
2022-04-25 10:52:37,Centre Médical d'Excellence,O-,50,7,21,64,5.5,9,100.0,normale,"État satisfaisant, contrôle qualité OK",0,10,4,False,False,normal,pluvieux
2022-04-25 14:55:45,Centre Médical d'Excellence,A+,62,7,0,55,4.6,8,100.0,normale,Hémoglobine dans les normes,0,14,4,False,False,normal,pluvieux
2022-04-25 20:39:01,Centre Médical d'Excellence,A+,49,6,21,64,4.4,11,100.0,normale,Parfait pour transfusion immédiate,0,20,4,False,False,normal,ensoleillé
2022-04-25 23:09:04,Centre Médical d'Excellence,A+,27,0,0,27,4.3,8,92.7,normale,Hémoglobine dans les normes,0,23,4,False,False,normal,pluvieux
2022-04-26 14:50:41,Centre Médical d'Excellence,A+,50,5,15,60,3.5,2,83.9,normale,"Bon état général, légère variation température",1,14,4,False,False,normal,nuageux
2022-04-26 18:34:23,Centre Médical d'Excellence,O+,43,11,24,56,3.8,6,98.7,normale,Attention: proche expiration,1,18,4,False,False,normal,ensoleillé
2022-04-27 03:14:51,Centre Médical d'Excellence,B-,28,12,0,16,3.6,12,95.9,faible,Hémoglobine dans les normes,2,3,4,False,False,normal,ensoleillé
2022-04-27 09:27:03,Centre Médical d'Excellence,A+,19,5,20,34,4.0,33,100.0,normale,"État satisfaisant, contrôle qualité OK",2,9,4,False,False,normal,nuageux
2022-04-28 03:41:14,Centre Médical d'Excellence,O-,25,3,0,22,3.4,13,100.0,normale,Parfait pour transfusion immédiate,3,3,4,False,False,normal,pluvieux
2022-04-29 23:48:29,Centre Médical d'Excellence,AB+,32,12,15,35,4.4,5,95.5,normale,"Bon état général, légère variation température",4,23,4,False,False,normal,orageux
2022-04-30 05:09:50,Centre Médical d'Excellence,A+,15,0,0,15,3.3,17,94.4,faible,Urgent: vérifier température stockage,5,5,4,True,False,normal,ensoleillé
2022-04-30 18:23:22,Centre Médical d'Excellence,B+,24,8,0,16,4.1,27,100.0,faible,Contrôle bactériologique négatif,5,18,4,True,False,normal,ensoleillé
2022-04-30 19:28:47,Centre Médical d'Excellence,O+,32,9,0,23,3.7,14,88.9,normale,Parfait pour transfusion immédiate,5,19,4,True,False,épidémie,orageux
2022-04-30 19:55:46,Centre Médical d'Excellence,A+,42,6,13,49,3.9,15,100.0,normale,"Bon état général, légère variation température",5,19,4,True,False,normal,ensoleillé
2022-04-30 21:30:06,Centre Médical d'Excellence,AB+,18,9,17,26,4.4,16,100.0,normale,"Bon état général, légère variation température",5,21,4,True,False,normal,pluvieux
2022-05-01 00:30:56,Centre Médical d'Excellence,O+,17,8,0,9,3.7,1,58.5,critique,URGENT: Stock critique - Attention: proche expiration,6,0,5,True,False,normal,ensoleillé
2022-05-01 05:16:54,Centre Médical d'Excellence,A+,12,4,0,8,3.5,1,58.8,critique,URGENT: Stock critique - Contrôle bactériologique négatif,6,5,5,True,False,normal,ensoleillé
2022-05-01 09:53:03,Centre Médical d'Excellence,O-,14,1,0,13,4.2,19,100.0,faible,Parfait pour transfusion immédiate,6,9,5,True,False,normal,ensoleillé
2022-05-01 11:40:19,Centre Médical d'Excellence,B+,45,2,0,43,3.9,9,95.3,normale,Attention: proche expiration,6,11,5,True,False,normal,ensoleillé
2022-05-01 14:31:26,Centre Médical d'Excellence,O-,25,9,0,16,4.0,1,57.9,faible,"État satisfaisant, contrôle qualité OK",6,14,5,True,False,normal,pluvieux
2022-05-01 17:03:45,Centre Médical d'Excellence,O+,28,2,0,26,3.3,1,55.4,attention,"Excellent état, conservation parfaite",6,17,5,True,False,normal,pluvieux
2022-05-02 13:58:46,Centre Médical d'Excellence,B+,56,8,0,48,3.8,22,100.0,normale,"Bon état général, légère variation température",0,13,5,False,False,normal,ensoleillé
2022-05-03 04:28:14,Centre Médical d'Excellence,O+,13,6,0,7,3.4,48,93.6,critique,URGENT: Stock critique - Urgent: vérifier température stockage,1,4,5,False,False,normal,nuageux
2022-05-03 05:21:13,Centre Médical d'Excellence,O+,14,7,25,32,3.7,31,93.9,normale,Hémoglobine dans les normes,1,5,5,False,False,normal,nuageux
2022-05-03 12:44:29,Centre Médical d'Excellence,B+,20,8,15,27,4.3,6,95.0,normale,Hémoglobine dans les normes,1,12,5,False,False,normal,pluvieux
2022-05-03 17:01:34,Centre Médical d'Excellence,A+,44,6,0,38,4.4,1,63.4,attention,"État satisfaisant, contrôle qualité OK",1,17,5,False,False,normal,orageux
2022-05-04 11:27:40,Centre Médical d'Excellence,A+,56,5,0,51,4.2,6,100.0,normale,"État satisfaisant, contrôle qualité OK",2,11,5,False,False,normal,ensoleillé
2022-05-04 18:52:52,Centre Médical d'Excellence,A+,44,10,0,34,4.3,2,86.1,normale,"Bon état général, légère variation température",2,18,5,False,False,normal,pluvieux
2022-05-05 21:59:33,Centre Médical d'Excellence,O-,49,5,19,63,3.6,18,100.0,normale,Hémoglobine dans les normes,3,21,5,False,False,normal,pluvieux
2022-05-06 00:24:24,Centre Médical d'Excellence,A+,26,3,0,23,3.0,16,94.4,normale,"Bon état général, légère variation température",4,0,5,False,False,normal,orageux
2022-05-06 16:13:24,Centre Médical d'Excellence,A+,44,4,19,59,3.6,10,97.0,normale,Attention: proche expiration,4,16,5,False,False,urgence_médicale,pluvieux
2022-05-06 19:53:21,Centre Médical d'Excellence,O+,49,8,0,41,4.3,7,89.6,normale,"État satisfaisant, contrôle qualité OK",4,19,5,False,False,normal,ensoleillé
2022-05-06 20:58:59,Centre Médical d'Excellence,A+,63,10,0,53,3.6,11,100.0,normale,"Excellent état, conservation parfaite",4,20,5,False,False,normal,pluvieux
2022-05-06 22:12:43,Centre Médical d'Excellence,A-,50,7,0,43,4.0,61,100.0,normale,Attention: proche expiration,4,22,5,False,False,normal,nuageux
2022-05-08 09:04:12,Centre Médical d'Excellence,A+,47,1,0,46,3.4,1,56.9,attention,"Bon état général, légère variation température",6,9,5,True,False,normal,orageux
2022-05-08 12:04:40,Centre Médical d'Excellence,O+,25,9,0,16,3.6,48,100.0,faible,Hémoglobine dans les normes,6,12,5,True,False,épidémie,ensoleillé
2022-05-08 21:03:30,Centre Médical d'Excellence,A+,43,7,20,56,4.0,14,100.0,normale,Hémoglobine dans les normes,6,21,5,True,False,normal,pluvieux
2022-05-09 15:06:58,Centre Médical d'Excellence,B-,35,6,0,29,4.0,42,98.6,normale,Urgent: vérifier température stockage,0,15,5,False,False,normal,nuageux
2022-05-09 21:01:29,Centre Médical d'Excellence,O+,54,9,0,45,4.5,5,91.1,normale,Contrôle bactériologique négatif,0,21,5,False,False,normal,ensoleillé
2022-05-09 21:53:43,Centre Médical d'Excellence,O-,59,12,0,47,4.9,6,93.9,normale,Contrôle bactériologique négatif,0,21,5,False,False,campagne_don,nuageux
2022-05-10 04:15:49,Centre Médical d'Excellence,A+,18,4,21,35,4.9,5,99.6,normale,Attention: proche expiration,1,4,5,False,False,normal,pluvieux
2022-05-10 10:09:23,Centre Médical d'Excellence,O+,48,8,20,60,4.1,3,83.8,normale,Parfait pour transfusion immédiate,1,10,5,False,False,normal,orageux
2022-05-11 03:50:03,Centre Médical d'Excellence,B-,29,10,0,19,4.5,8,100.0,faible,Urgent: vérifier température stockage,2,3,5,False,False,normal,pluvieux
2022-05-11 04:17:52,Centre Médical d'Excellence,O-,12,9,0,3,4.3,11,93.2,critique,URGENT: Stock critique - Contrôle bactériologique négatif,2,4,5,False,False,normal,pluvieux
2022-05-11 06:33:32,Centre Médical d'Excellence,A+,57,10,0,47,3.7,6,100.0,normale,Attention: proche expiration,2,6,5,False,False,normal,ensoleillé
2022-05-11 11:32:44,Centre Médical d'Excellence,O-,57,11,0,46,4.3,19,96.4,normale,"État satisfaisant, contrôle qualité OK",2,11,5,False,False,normal,pluvieux
2022-05-11 14:13:15,Centre Médical d'Excellence,A+,25,7,0,18,4.3,10,98.2,faible,"Bon état général, légère variation température",2,14,5,False,False,normal,nuageux
2022-05-12 06:06:14,Centre Médical d'Excellence,O+,54,7,0,47,4.4,8,100.0,normale,Hémoglobine dans les normes,3,6,5,False,False,normal,nuageux
2022-05-12 23:49:37,Centre Médical d'Excellence,O+,21,10,0,11,5.1,5,100.0,faible,"Bon état général, légère variation température",3,23,5,False,False,normal,orageux
2022-05-13 00:43:29,Centre Médical d'Excellence,O+,20,6,0,14,4.7,37,96.3,faible,Parfait pour transfusion immédiate,4,0,5,False,False,normal,pluvieux
2022-05-13 10:34:45,Centre Médical d'Excellence,O+,33,13,0,20,4.1,7,100.0,normale,"État satisfaisant, contrôle qualité OK",4,10,5,False,False,normal,pluvieux
2022-05-15 13:19:50,Centre Médical d'Excellence,A-,35,4,24,55,4.4,4,81.5,normale,Parfait pour transfusion immédiate,6,13,5,True,False,normal,nuageux
2022-05-15 22:41:56,Centre Médical d'Excellence,O+,28,4,18,42,3.4,25,100.0,normale,Parfait pour transfusion immédiate,6,22,5,True,False,normal,orageux
2022-05-16 00:07:09,Centre Médical d'Excellence,A+,8,8,0,0,4.3,9,100.0,critique,"URGENT: Stock critique - État satisfaisant, contrôle qualité OK",0,0,5,False,False,normal,ensoleillé
2022-05-16 01:07:46,Centre Médical d'Excellence,A-,17,9,24,32,4.4,16,100.0,normale,Hémoglobine dans les normes,0,1,5,False,False,normal,pluvieux
2022-05-16 12:02:38,Centre Médical d'Excellence,B+,50,10,0,40,4.3,2,86.6,normale,Hémoglobine dans les normes,0,12,5,False,False,normal,pluvieux
2022-05-16 22:28:26,Centre Médical d'Excellence,A+,55,7,12,60,4.0,17,100.0,normale,Parfait pour transfusion immédiate,0,22,5,False,False,normal,pluvieux
2022-05-16 22:53:05,Centre Médical d'Excellence,A+,39,7,0,32,5.0,42,100.0,normale,Contrôle bactériologique négatif,0,22,5,False,False,normal,nuageux
2022-05-16 23:26:38,Centre Médical d'Excellence,O+,30,8,0,22,5.3,13,95.3,normale,Urgent: vérifier température stockage,0,23,5,False,False,normal,ensoleillé
2022-05-17 05:40:52,Centre Médical d'Excellence,A+,20,10,0,10,4.2,18,97.3,faible,"État satisfaisant, contrôle qualité OK",1,5,5,False,False,normal,ensoleillé
2022-05-17 08:36:55,Centre Médical d'Excellence,A+,39,7,20,52,3.7,6,99.6,normale,Urgent: vérifier température stockage,1,8,5,False,False,normal,orageux
2022-05-17 10:16:37,Centre Médical d'Excellence,O+,80,10,0,70,4.2,10,100.0,normale,"Excellent état, conservation parfaite",1,10,5,False,False,accident_route,ensoleillé
2022-05-17 14:45:55,Centre Médical d'Excellence,A+,49,10,0,39,4.2,69,99.8,normale,"Excellent état, conservation parfaite",1,14,5,False,False,normal,pluvieux
2022-05-18 04:11:53,Centre Médical d'Excellence,O+,29,9,0,20,3.1,6,100.0,normale,Contrôle bactériologique négatif,2,4,5,False,False,normal,ensoleillé
2022-05-18 23:23:55,Centre Médical d'Excellence,O+,29,6,16,39,3.5,18,99.1,normale,"Bon état général, légère variation température",2,23,5,False,False,normal,orageux
2022-05-19 15:12:55,Centre Médical d'Excellence,O+,39,11,0,28,4.2,14,100.0,normale,Attention: proche expiration,3,15,5,False,False,urgence_médicale,ensoleillé
2022-05-19 18:04:06,Centre Médical d'Excellence,A+,61,7,28,82,4.9,9,91.6,normale,"État satisfaisant, contrôle qualité OK",3,18,5,False,False,épidémie,orageux
2022-05-20 02:35:08,Centre Médical d'Excellence,A+,20,8,23,35,4.1,3,78.0,normale,Parfait pour transfusion immédiate,4,2,5,False,False,normal,pluvieux
2022-05-20 06:20:37,Centre Médical d'Excellence,O+,57,11,0,46,3.7,18,87.9,normale,Parfait pour transfusion immédiate,4,6,5,False,False,normal,nuageux
2022-05-20 07:44:31,Centre Médical d'Excellence,B+,58,9,23,72,4.7,4,89.6,normale,Attention: proche expiration,4,7,5,False,False,normal,pluvieux
2022-05-20 15:10:53,Centre Médical d'Excellence,A+,61,8,0,53,3.1,8,92.1,normale,Urgent: vérifier température stockage,4,15,5,False,False,normal,pluvieux
2022-05-20 17:22:41,Centre Médical d'Excellence,O+,17,5,16,28,3.5,6,100.0,normale,Hémoglobine dans les normes,4,17,5,False,False,normal,ensoleillé
2022-05-21 10:31:39,Centre Médical d'Excellence,O+,27,7,15,35,4.9,5,100.0,normale,Parfait pour transfusion immédiate,5,10,5,True,False,normal,orageux
2022-05-21 18:56:30,Centre Médical d'Excellence,A+,43,2,0,41,4.0,1,59.9,attention,Urgent: vérifier température stockage,5,18,5,True,False,normal,ensoleillé
2022-05-21 20:45:28,Centre Médical d'Excellence,A+,27,6,0,21,3.5,3,85.8,normale,Attention: proche expiration,5,20,5,True,False,normal,pluvieux
2022-05-23 04:38:29,Centre Médical d'Excellence,O-,16,4,0,12,4.2,18,100.0,faible,Hémoglobine dans les normes,0,4,5,False,False,normal,nuageux
2022-05-23 19:34:06,Centre Médical d'Excellence,A-,65,6,0,59,4.1,13,100.0,normale,Contrôle bactériologique négatif,0,19,5,False,False,campagne_don,pluvieux
2022-05-24 00:31:45,Centre Médical d'Excellence,A+,16,7,0,9,5.0,1,63.5,critique,URGENT: Stock critique - Parfait pour transfusion immédiate,1,0,5,False,False,normal,ensoleillé
2022-05-25 17:06:01,Centre Médical d'Excellence,O-,62,8,0,54,4.2,7,93.5,normale,Contrôle bactériologique négatif,2,17,5,False,False,normal,pluvieux
2022-05-26 08:44:58,Centre Médical d'Excellence,B+,60,1,23,82,2.5,7,100.0,normale,Hémoglobine dans les normes,3,8,5,False,False,normal,orageux
2022-05-26 11:47:03,Centre Médical d'Excellence,A+,48,8,18,58,4.6,18,99.2,normale,"État satisfaisant, contrôle qualité OK",3,11,5,False,False,normal,orageux
2022-05-26 23:22:30,Centre Médical d'Excellence,O+,34,4,0,30,4.2,23,100.0,normale,Hémoglobine dans les normes,3,23,5,False,False,normal,ensoleillé
2022-05-27 08:20:36,Centre Médical d'Excellence,A+,58,7,0,51,5.0,30,100.0,normale,Urgent: vérifier température stockage,4,8,5,False,False,normal,nuageux
2022-05-28 09:40:40,Centre Médical d'Excellence,B+,34,7,23,50,4.4,35,100.0,normale,Parfait pour transfusion immédiate,5,9,5,True,False,normal,ensoleillé
2022-05-28 17:48:09,Centre Médical d'Excellence,A-,24,6,0,18,3.5,1,61.5,faible,Attention: proche expiration,5,17,5,True,False,normal,pluvieux
2022-05-29 19:59:35,Centre Médical d'Excellence,A+,19,7,23,35,3.5,3,85.8,normale,"État satisfaisant, contrôle qualité OK",6,19,5,True,False,normal,ensoleillé
2022-05-30 00:09:30,Centre Médical d'Excellence,A+,25,10,23,38,3.5,3,79.8,normale,Parfait pour transfusion immédiate,0,0,5,False,False,normal,orageux
2022-05-30 01:34:25,Centre Médical d'Excellence,O+,20,7,0,13,4.3,34,100.0,faible,"Bon état général, légère variation température",0,1,5,False,False,normal,pluvieux
2022-05-30 23:15:48,Centre Médical d'Excellence,A+,13,2,0,11,4.0,15,100.0,faible,Urgent: vérifier température stockage,0,23,5,False,False,normal,nuageux
2022-05-31 02:37:27,Centre Médical d'Excellence,A+,24,8,0,16,4.0,1,62.2,faible,"État satisfaisant, contrôle qualité OK",1,2,5,False,False,normal,nuageux
2022-05-31 12:58:13,Centre Médical d'Excellence,O+,45,10,0,35,4.2,17,100.0,normale,Urgent: vérifier température stockage,1,12,5,False,False,normal,ensoleillé
2022-06-01 00:32:07,Centre Médical d'Excellence,O+,25,5,0,20,4.3,8,89.0,normale,Parfait pour transfusion immédiate,2,0,6,False,False,normal,pluvieux
2022-06-01 13:27:31,Centre Médical d'Excellence,O+,59,6,19,72,3.6,55,99.0,normale,Contrôle bactériologique négatif,2,13,6,False,False,normal,ensoleillé
2022-06-01 23:29:24,Centre Médical d'Excellence,A-,27,13,21,35,4.4,1,62.3,attention,"État satisfaisant, contrôle qualité OK",2,23,6,False,False,normal,nuageux
2022-06-02 13:45:23,Centre Médical d'Excellence,O+,72,7,0,65,4.1,1,53.3,attention,Attention: proche expiration,3,13,6,False,False,normal,nuageux
2022-06-03 08:07:50,Centre Médical d'Excellence,O+,59,10,0,49,3.1,24,100.0,normale,Contrôle bactériologique négatif,4,8,6,False,False,normal,ensoleillé
2022-06-03 15:37:02,Centre Médical d'Excellence,B+,11,8,0,3,3.4,2,86.9,critique,URGENT: Stock critique - Hémoglobine dans les normes,4,15,6,False,False,normal,ensoleillé
2022-06-03 21:28:02,Centre Médical d'Excellence,O+,54,11,14,57,5.0,4,84.1,normale,Attention: proche expiration,4,21,6,False,False,normal,orageux
2022-06-03 21:43:49,Centre Médical d'Excellence,AB+,42,13,12,41,4.7,14,91.8,normale,Attention: proche expiration,4,21,6,False,False,normal,pluvieux
2022-06-04 01:08:06,Centre Médical d'Excellence,B+,17,5,0,12,4.6,13,100.0,faible,Parfait pour transfusion immédiate,5,1,6,True,False,normal,pluvieux
2022-06-04 08:28:37,Centre Médical d'Excellence,A+,2,6,0,0,4.6,7,98.4,critique,"URGENT: Stock critique - État satisfaisant, contrôle qualité OK",5,8,6,True,False,normal,pluvieux
2022-06-04 20:21:08,Centre Médical d'Excellence,O+,41,7,0,34,4.2,6,98.4,normale,Urgent: vérifier température stockage,5,20,6,True,False,normal,pluvieux
2022-06-05 00:18:25,Centre Médical d'Excellence,O+,19,1,0,18,4.0,7,93.8,faible,Hémoglobine dans les normes,6,0,6,True,False,normal,pluvieux
2022-06-05 20:21:01,Centre Médical d'Excellence,AB+,41,3,0,38,4.1,4,83.1,normale,Urgent: vérifier température stockage,6,20,6,True,False,normal,ensoleillé
2022-06-06 00:08:35,Centre Médical d'Excellence,O-,27,6,0,21,3.8,1,52.8,attention,"Bon état général, légère variation température",0,0,6,False,False,normal,nuageux
2022-06-06 13:55:42,Centre Médical d'Excellence,O+,39,13,0,26,4.8,22,100.0,normale,Hémoglobine dans les normes,0,13,6,False,False,normal,ensoleillé
2022-06-07 04:03:01,Centre Médical d'Excellence,B+,22,4,0,18,4.3,53,100.0,faible,"État satisfaisant, contrôle qualité OK",1,4,6,False,False,normal,pluvieux
2022-06-07 09:30:16,Centre Médical d'Excellence,B-,39,6,16,49,4.8,16,100.0,normale,Attention: proche expiration,1,9,6,False,False,normal,ensoleillé
2022-06-07 13:05:30,Centre Médical d'Excellence,O+,41,6,10,45,4.5,6,97.7,normale,"Excellent état, conservation parfaite",1,13,6,False,False,normal,pluvieux
2022-06-07 18:34:15,Centre Médical d'Excellence,O+,66,6,0,60,4.6,6,97.9,normale,Contrôle bactériologique négatif,1,18,6,False,False,normal,pluvieux
2022-06-08 10:51:08,Centre Médical d'Excellence,A+,47,9,0,38,3.6,62,100.0,normale,Attention: proche expiration,2,10,6,False,False,normal,ensoleillé
2022-06-09 12:57:20,Centre Médical d'Excellence,B+,61,7,0,54,4.8,8,100.0,normale,Contrôle bactériologique négatif,3,12,6,False,False,normal,nuageux
2022-06-10 03:06:18,Centre Médical d'Excellence,O+,34,7,0,27,3.4,20,93.6,normale,"État satisfaisant, contrôle qualité OK",4,3,6,False,False,normal,ensoleillé
2022-06-10 11:40:10,Centre Médical d'Excellence,B+,38,7,0,31,2.6,18,97.4,normale,"Excellent état, conservation parfaite",4,11,6,False,False,normal,orageux
2022-06-11 06:37:11,Centre Médical d'Excellence,O-,44,6,0,38,3.5,7,100.0,normale,"Bon état général, légère variation température",5,6,6,True,False,normal,ensoleillé
2022-06-11 17:50:25,Centre Médical d'Excellence,B+,29,0,21,50,4.6,5,100.0,normale,"Bon état général, légère variation température",5,17,6,True,False,normal,nuageux
2022-06-12 15:10:12,Centre Médical d'Excellence,O+,30,2,0,28,4.5,12,99.6,normale,Urgent: vérifier température stockage,6,15,6,True,False,normal,nuageux
2022-06-12 21:19:40,Centre Médical d'Excellence,B-,27,7,0,20,4.3,5,100.0,normale,"Bon état général, légère variation température",6,21,6,True,False,normal,pluvieux
2022-06-12 23:43:11,Centre Médical d'Excellence,B+,12,4,23,31,3.8,3,75.6,normale,Contrôle bactériologique négatif,6,23,6,True,False,normal,ensoleillé
2022-06-13 12:36:35,Centre Médical d'Excellence,A+,47,8,0,39,4.2,5,99.0,normale,Contrôle bactériologique négatif,0,12,6,False,False,accident_route,nuageux
2022-06-13 16:42:33,Centre Médical d'Excellence,A+,69,8,14,75,4.4,41,100.0,normale,"Bon état général, légère variation température",0,16,6,False,False,normal,pluvieux
2022-06-13 17:15:05,Centre Médical d'Excellence,O+,37,13,21,45,4.2,3,93.6,normale,"État satisfaisant, contrôle qualité OK",0,17,6,False,False,normal,ensoleillé
2022-06-14 00:52:16,Centre Médical d'Excellence,O+,30,8,0,22,4.6,9,95.3,normale,"État satisfaisant, contrôle qualité OK",1,0,6,False,False,normal,nuageux
2022-06-14 11:03:45,Centre Médical d'Excellence,O+,63,3,0,60,3.6,43,100.0,normale,Urgent: vérifier température stockage,1,11,6,False,False,normal,nuageux
2022-06-14 12:22:58,Centre Médical d'Excellence,A-,27,9,0,18,3.4,27,100.0,faible,"État satisfaisant, contrôle qualité OK",1,12,6,False,False,normal,ensoleillé
2022-06-15 06:08:47,Centre Médical d'Excellence,O+,48,6,0,42,3.7,2,85.7,normale,Urgent: vérifier température stockage,2,6,6,False,False,normal,ensoleillé
2022-06-15 09:43:40,Centre Médical d'Excellence,O+,31,8,20,43,3.9,24,94.3,normale,"Bon état général, légère variation température",2,9,6,False,False,normal,ensoleillé
2022-06-15 14:55:46,Centre Médical d'Excellence,A-,63,4,0,59,4.1,17,100.0,normale,Attention: proche expiration,2,14,6,False,False,normal,ensoleillé
2022-06-16 11:11:16,Centre Médical d'Excellence,A+,25,8,0,17,3.9,4,81.4,faible,Attention: proche expiration,3,11,6,False,False,normal,ensoleillé
2022-06-17 00:19:13,Centre Médical d'Excellence,O-,26,11,21,36,3.6,2,88.8,normale,"État satisfaisant, contrôle qualité OK",4,0,6,False,False,normal,nuageux
2022-06-17 05:44:21,Centre Médical d'Excellence,B-,34,11,0,23,3.3,15,100.0,normale,Contrôle bactériologique négatif,4,5,6,False,False,normal,pluvieux
2022-06-17 12:05:44,Centre Médical d'Excellence,AB-,60,11,0,49,4.1,27,90.7,normale,"Excellent état, conservation parfaite",4,12,6,False,False,normal,ensoleillé
2022-06-17 12:50:56,Centre Médical d'Excellence,A+,51,5,0,46,3.4,20,100.0,normale,Attention: proche expiration,4,12,6,False,False,normal,nuageux
2022-06-18 13:28:52,Centre Médical d'Excellence,A+,49,3,0,46,3.8,1,59.7,attention,Contrôle bactériologique négatif,5,13,6,True,False,normal,pluvieux
2022-06-19 03:52:01,Centre Médical d'Excellence,A+,18,7,0,11,4.0,25,97.2,faible,"Excellent état, conservation parfaite",6,3,6,True,False,normal,pluvieux
2022-06-19 07:56:07,Centre Médical d'Excellence,O+,22,6,21,37,4.0,15,99.8,normale,"Bon état général, légère variation température",6,7,6,True,False,normal,pluvieux
2022-06-19 11:42:41,Centre Médical d'Excellence,O+,39,3,11,47,5.0,33,100.0,normale,"État satisfaisant, contrôle qualité OK",6,11,6,True,False,normal,pluvieux
2022-06-19 16:06:54,Centre Médical d'Excellence,A-,25,5,0,20,4.2,12,98.2,normale,"Bon état général, légère variation température",6,16,6,True,False,normal,ensoleillé
2022-06-19 18:22:04,Centre Médical d'Excellence,A+,20,6,20,34,3.8,16,100.0,normale,Hémoglobine dans les normes,6,18,6,True,False,normal,ensoleillé
2022-06-19 19:42:26,Centre Médical d'Excellence,O+,42,3,0,39,4.0,1,55.6,attention,"État satisfaisant, contrôle qualité OK",6,19,6,True,False,normal,orageux
2022-06-19 23:29:40,Centre Médical d'Excellence,O+,20,7,0,13,3.4,49,96.5,faible,"Excellent état, conservation parfaite",6,23,6,True,False,normal,ensoleillé
2022-06-20 07:36:12,Centre Médical d'Excellence,O+,39,5,0,34,2.5,11,98.0,normale,Hémoglobine dans les normes,0,7,6,False,False,normal,ensoleillé
2022-06-20 13:55:24,Centre Médical d'Excellence,O+,42,12,0,30,2.9,63,99.6,normale,Parfait pour transfusion immédiate,0,13,6,False,False,normal,ensoleillé
2022-06-20 18:22:02,Centre Médical d'Excellence,O+,45,7,0,38,4.2,11,100.0,normale,Contrôle bactériologique négatif,0,18,6,False,False,normal,pluvieux
2022-06-21 17:51:15,Centre Médical d'Excellence,A+,66,10,0,56,4.0,1,52.6,attention,"Excellent état, conservation parfaite",1,17,6,False,False,normal,ensoleillé
2022-06-22 08:16:04,Centre Médical d'Excellence,O+,43,0,24,67,4.0,11,95.4,normale,"Bon état général, légère variation température",2,8,6,False,False,normal,ensoleillé
2022-06-23 03:35:46,Centre Médical d'Excellence,O+,41,5,0,36,4.8,12,96.4,normale,Parfait pour transfusion immédiate,3,3,6,False,False,normal,ensoleillé
2022-06-23 08:56:59,Centre Médical d'Excellence,A+,33,7,0,26,3.0,10,100.0,normale,Parfait pour transfusion immédiate,3,8,6,False,False,normal,ensoleillé
2022-06-23 11:08:03,Centre Médical d'Excellence,A+,41,6,0,35,3.6,16,96.2,normale,Attention: proche expiration,3,11,6,False,False,normal,nuageux
2022-06-24 04:13:38,Centre Médical d'Excellence,A+,31,8,27,50,4.2,4,82.8,normale,Attention: proche expiration,4,4,6,False,False,normal,ensoleillé
2022-06-24 09:21:37,Centre Médical d'Excellence,A+,80,10,0,70,3.9,1,66.5,attention,"Bon état général, légère variation température",4,9,6,False,False,normal,nuageux
2022-06-25 03:04:14,Centre Médical d'Excellence,O+,18,6,0,12,3.9,2,80.3,faible,"Bon état général, légère variation température",5,3,6,True,False,normal,pluvieux
2022-06-25 16:30:11,Centre Médical d'Excellence,O+,39,6,0,33,4.1,1,59.6,attention,"Bon état général, légère variation température",5,16,6,True,False,normal,pluvieux
2022-06-25 17:27:42,Centre Médical d'Excellence,O+,34,6,22,50,4.3,13,100.0,normale,"Bon état général, légère variation température",5,17,6,True,False,normal,ensoleillé
2022-06-26 18:41:14,Centre Médical d'Excellence,A+,22,2,23,43,5.3,21,100.0,normale,Hémoglobine dans les normes,6,18,6,True,False,normal,pluvieux
2022-06-28 09:14:54,Centre Médical d'Excellence,O+,42,11,0,31,3.9,2,82.5,normale,"Excellent état, conservation parfaite",1,9,6,False,False,normal,pluvieux
2022-06-28 11:14:51,Centre Médical d'Excellence,O+,41,3,0,38,4.6,37,96.4,normale,Attention: proche expiration,1,11,6,False,False,normal,pluvieux
2022-06-28 15:20:19,Centre Médical d'Excellence,B+,61,7,0,54,4.5,34,98.1,normale,Hémoglobine dans les normes,1,15,6,False,False,normal,nuageux
2022-06-29 13:08:24,Centre Médical d'Excellence,A+,40,7,0,33,4.8,12,100.0,normale,Contrôle bactériologique négatif,2,13,6,False,False,normal,ensoleillé
2022-06-29 14:10:02,Centre Médical d'Excellence,O+,39,8,0,31,4.5,75,100.0,normale,Hémoglobine dans les normes,2,14,6,False,False,normal,ensoleillé
2022-06-29 15:01:35,Centre Médical d'Excellence,O+,52,13,24,63,4.1,18,98.1,normale,Urgent: vérifier température stockage,2,15,6,False,False,normal,nuageux
2022-06-29 18:57:41,Centre Médical d'Excellence,O+,37,8,0,29,4.3,52,100.0,normale,"État satisfaisant, contrôle qualité OK",2,18,6,False,False,normal,pluvieux
2022-06-29 19:01:47,Centre Médical d'Excellence,A+,42,11,0,31,4.1,1,61.0,attention,"Excellent état, conservation parfaite",2,19,6,False,False,normal,pluvieux
2022-06-30 17:22:10,Centre Médical d'Excellence,A+,48,10,20,58,3.7,4,87.2,normale,Urgent: vérifier température stockage,3,17,6,False,False,normal,ensoleillé
2022-06-30 19:32:11,Centre Médical d'Excellence,A+,38,7,0,31,4.4,12,100.0,normale,"Excellent état, conservation parfaite",3,19,6,False,False,normal,ensoleillé
2022-06-30 19:54:08,Centre Médical d'Excellence,A+,59,5,0,54,4.1,5,100.0,normale,"Bon état général, légère variation température",3,19,6,False,False,normal,orageux
2022-07-01 07:20:06,Centre Médical d'Excellence,O+,59,8,0,51,3.9,1,61.3,attention,"Bon état général, légère variation température",4,7,7,False,True,normal,ensoleillé
2022-07-01 09:55:10,Centre Médical d'Excellence,A-,78,11,0,67,4.3,6,100.0,normale,Contrôle bactériologique négatif,4,9,7,False,True,normal,pluvieux
2022-07-02 00:24:02,Centre Médical d'Excellence,O+,22,8,27,41,4.6,4,88.0,normale,Hémoglobine dans les normes,5,0,7,True,True,normal,ensoleillé
2022-07-02 03:16:37,Centre Médical d'Excellence,O+,24,7,0,17,4.6,5,94.2,faible,Parfait pour transfusion immédiate,5,3,7,True,True,normal,ensoleillé
2022-07-02 05:40:21,Centre Médical d'Excellence,A+,17,3,0,14,3.7,19,93.9,faible,Urgent: vérifier température stockage,5,5,7,True,True,normal,ensoleillé
2022-07-03 03:43:37,Centre Médical d'Excellence,O+,22,6,0,16,4.0,15,94.0,faible,"Bon état général, légère variation température",6,3,7,True,True,normal,ensoleillé
2022-07-03 07:16:21,Centre Médical d'Excellence,O+,50,11,0,39,4.4,7,92.6,normale,"Bon état général, légère variation température",6,7,7,True,True,normal,ensoleillé
2022-07-03 12:59:57,Centre Médical d'Excellence,O+,52,6,27,73,4.0,4,86.6,normale,"État satisfaisant, contrôle qualité OK",6,12,7,True,True,normal,ensoleillé
2022-07-03 14:25:59,Centre Médical d'Excellence,O+,53,4,0,49,4.2,4,87.7,normale,Attention: proche expiration,6,14,7,True,True,normal,nuageux
2022-07-04 00:59:40,Centre Médical d'Excellence,B+,22,11,0,11,3.8,15,99.1,faible,Attention: proche expiration,0,0,7,False,True,normal,ensoleillé
2022-07-04 12:13:15,Centre Médical d'Excellence,B+,91,15,28,104,3.8,6,91.5,normale,Attention: proche expiration,0,12,7,False,True,normal,ensoleillé
2022-07-04 12:47:56,Centre Médical d'Excellence,O+,82,12,0,70,4.1,3,84.8,normale,"Bon état général, légère variation température",0,12,7,False,True,normal,orageux
2022-07-04 13:58:21,Centre Médical d'Excellence,B-,50,7,20,63,4.2,34,92.7,normale,Urgent: vérifier température stockage,0,13,7,False,True,campagne_don,ensoleillé
2022-07-05 19:51:58,Centre Médical d'Excellence,AB-,87,9,16,94,4.2,4,84.3,normale,Hémoglobine dans les normes,1,19,7,False,True,normal,pluvieux
2022-07-05 23:42:52,Centre Médical d'Excellence,A+,29,8,0,21,3.6,17,96.1,normale,"État satisfaisant, contrôle qualité OK",1,23,7,False,True,normal,pluvieux
2022-07-06 07:24:39,Centre Médical d'Excellence,O+,74,5,18,87,4.9,4,87.9,normale,"Bon état général, légère variation température",2,7,7,False,True,normal,pluvieux
2022-07-06 16:24:32,Centre Médical d'Excellence,A+,87,8,0,79,3.3,7,100.0,normale,"Bon état général, légère variation température",2,16,7,False,True,normal,nuageux
2022-07-06 22:20:41,Centre Médical d'Excellence,A+,29,12,0,17,4.5,8,100.0,faible,Hémoglobine dans les normes,2,22,7,False,True,normal,pluvieux
2022-07-07 06:05:22,Centre Médical d'Excellence,O+,76,16,0,60,3.9,2,83.0,normale,Attention: proche expiration,3,6,7,False,True,normal,ensoleillé
2022-07-08 02:52:16,Centre Médical d'Excellence,A+,18,6,21,33,3.5,7,96.7,normale,Urgent: vérifier température stockage,4,2,7,False,True,urgence_médicale,pluvieux
2022-07-08 05:04:50,Centre Médical d'Excellence,A+,28,12,0,16,3.3,15,97.0,faible,Attention: proche expiration,4,5,7,False,True,normal,ensoleillé
2022-07-08 07:44:43,Centre Médical d'Excellence,A+,58,6,25,77,4.5,3,86.1,normale,"Excellent état, conservation parfaite",4,7,7,False,True,normal,ensoleillé
2022-07-08 13:02:54,Centre Médical d'Excellence,A+,59,7,31,83,2.9,7,100.0,normale,Contrôle bactériologique négatif,4,13,7,False,True,normal,pluvieux
2022-07-08 23:44:52,Centre Médical d'Excellence,A+,41,12,16,45,3.7,12,96.7,normale,"Bon état général, légère variation température",4,23,7,False,True,normal,nuageux
2022-07-10 02:10:30,Centre Médical d'Excellence,O+,22,6,0,16,3.7,9,100.0,faible,"Bon état général, légère variation température",6,2,7,True,True,normal,ensoleillé
2022-07-10 02:28:32,Centre Médical d'Excellence,B+,17,3,20,34,3.7,18,100.0,normale,"État satisfaisant, contrôle qualité OK",6,2,7,True,True,normal,pluvieux
2022-07-10 03:52:12,Centre Médical d'Excellence,B+,25,7,0,18,4.1,13,99.9,faible,"État satisfaisant, contrôle qualité OK",6,3,7,True,True,normal,ensoleillé
2022-07-10 05:06:54,Centre Médical d'Excellence,O+,20,5,0,15,3.1,12,95.4,faible,"Bon état général, légère variation température",6,5,7,True,True,normal,ensoleillé
2022-07-10 21:45:37,Centre Médical d'Excellence,O+,57,10,0,47,3.4,8,100.0,normale,Contrôle bactériologique négatif,6,21,7,True,True,normal,orageux
2022-07-12 03:43:25,Centre Médical d'Excellence,A+,13,10,0,3,4.0,13,95.4,critique,URGENT: Stock critique - Urgent: vérifier température stockage,1,3,7,False,True,normal,ensoleillé
2022-07-12 05:05:23,Centre Médical d'Excellence,A+,38,7,0,31,3.5,7,97.9,normale,Hémoglobine dans les normes,1,5,7,False,True,normal,pluvieux
2022-07-12 06:45:17,Centre Médical d'Excellence,A-,90,7,0,83,4.0,7,100.0,normale,"Excellent état, conservation parfaite",1,6,7,False,True,normal,ensoleillé
2022-07-12 10:16:39,Centre Médical d'Excellence,A+,52,11,0,41,4.0,1,61.9,attention,"Excellent état, conservation parfaite",1,10,7,False,True,normal,ensoleillé
2022-07-12 13:32:34,Centre Médical d'Excellence,A+,59,11,25,73,3.8,14,92.1,normale,Contrôle bactériologique négatif,1,13,7,False,True,normal,ensoleillé
2022-07-12 15:55:58,Centre Médical d'Excellence,A+,48,14,25,59,3.4,23,100.0,normale,Contrôle bactériologique négatif,1,15,7,False,True,normal,pluvieux
2022-07-12 19:08:00,Centre Médical d'Excellence,O-,47,4,0,43,5.0,34,94.9,normale,"Excellent état, conservation parfaite",1,19,7,False,True,accident_route,nuageux
2022-07-12 19:21:38,Centre Médical d'Excellence,A+,60,7,0,53,3.9,34,97.0,normale,Hémoglobine dans les normes,1,19,7,False,True,normal,pluvieux
2022-07-12 19:57:40,Centre Médical d'Excellence,B-,59,15,0,44,4.1,10,94.8,normale,"Excellent état, conservation parfaite",1,19,7,False,True,normal,ensoleillé
2022-07-12 20:05:36,Centre Médical d'Excellence,AB+,24,2,0,22,5.4,45,100.0,normale,"État satisfaisant, contrôle qualité OK",1,20,7,False,True,normal,ensoleillé
2022-07-13 05:16:44,Centre Médical d'Excellence,A-,27,7,0,20,3.3,9,100.0,normale,"Excellent état, conservation parfaite",2,5,7,False,True,normal,nuageux
2022-07-13 13:23:33,Centre Médical d'Excellence,O+,58,11,19,66,3.5,29,100.0,normale,Attention: proche expiration,2,13,7,False,True,normal,pluvieux
2022-07-13 18:50:08,Centre Médical d'Excellence,A+,69,0,0,69,3.2,8,100.0,normale,Contrôle bactériologique négatif,2,18,7,False,True,normal,pluvieux
2022-07-14 06:58:31,Centre Médical d'Excellence,O+,99,11,0,88,4.8,3,89.9,normale,Urgent: vérifier température stockage,3,6,7,False,True,normal,pluvieux
2022-07-15 05:20:17,Centre Médical d'Excellence,O+,27,8,0,19,4.6,1,56.5,faible,"Bon état général, légère variation température",4,5,7,False,True,normal,pluvieux
2022-07-15 06:41:55,Centre Médical d'Excellence,O+,58,3,0,55,4.3,1,53.3,attention,"Bon état général, légère variation température",4,6,7,False,True,normal,nuageux
2022-07-15 09:54:38,Centre Médical d'Excellence,A+,63,7,20,76,4.2,9,100.0,normale,Attention: proche expiration,4,9,7,False,True,normal,ensoleillé
2022-07-15 17:32:30,Centre Médical d'Excellence,A+,47,4,0,43,3.5,1,55.8,attention,Hémoglobine dans les normes,4,17,7,False,True,campagne_don,ensoleillé
2022-07-15 22:40:55,Centre Médical d'Excellence,O+,61,12,0,49,4.6,38,95.5,normale,"Excellent état, conservation parfaite",4,22,7,False,True,normal,pluvieux
2022-07-16 01:24:58,Centre Médical d'Excellence,A+,26,7,20,39,4.3,8,94.5,normale,Contrôle bactériologique négatif,5,1,7,True,True,normal,ensoleillé
2022-07-16 14:19:50,Centre Médical d'Excellence,A-,21,6,0,15,4.3,6,97.3,faible,Contrôle bactériologique négatif,5,14,7,True,True,normal,ensoleillé
2022-07-17 00:03:24,Centre Médical d'Excellence,B+,20,3,0,17,4.1,29,100.0,faible,Urgent: vérifier température stockage,6,0,7,True,True,normal,ensoleillé
2022-07-18 07:38:05,Centre Médical d'Excellence,A-,48,10,0,38,4.1,21,96.1,normale,"Bon état général, légère variation température",0,7,7,False,True,normal,pluvieux
2022-07-18 11:13:43,Centre Médical d'Excellence,A+,71,9,0,62,5.1,14,100.0,normale,Parfait pour transfusion immédiate,0,11,7,False,True,normal,pluvieux
2022-07-19 04:30:42,Centre Médical d'Excellence,A+,36,7,0,29,3.4,4,87.3,normale,"État satisfaisant, contrôle qualité OK",1,4,7,False,True,normal,ensoleillé
2022-07-19 07:11:40,Centre Médical d'Excellence,O+,48,5,22,65,4.5,3,84.5,normale,Urgent: vérifier température stockage,1,7,7,False,True,normal,pluvieux
2022-07-19 14:16:10,Centre Médical d'Excellence,A+,46,9,0,37,3.8,9,92.6,normale,Attention: proche expiration,1,14,7,False,True,normal,pluvieux
2022-07-20 05:49:59,Centre Médical d'Excellence,O-,38,4,0,34,4.1,23,100.0,normale,Parfait pour transfusion immédiate,2,5,7,False,True,normal,ensoleillé
2022-07-20 06:06:31,Centre Médical d'Excellence,B+,48,10,0,38,4.2,3,88.8,normale,"Bon état général, légère variation température",2,6,7,False,True,normal,pluvieux
2022-07-20 14:18:31,Centre Médical d'Excellence,A+,57,12,0,45,3.9,8,100.0,normale,Contrôle bactériologique négatif,2,14,7,False,True,normal,orageux
2022-07-20 21:37:11,Centre Médical d'Excellence,A+,47,18,0,29,3.4,6,92.5,normale,Attention: proche expiration,2,21,7,False,True,normal,nuageux
2022-07-20 23:13:58,Centre Médical d'Excellence,A+,43,10,0,33,3.8,11,100.0,normale,Attention: proche expiration,2,23,7,False,True,normal,nuageux
2022-07-21 14:07:25,Centre Médical d'Excellence,A+,54,14,0,40,4.5,18,91.9,normale,Contrôle bactériologique négatif,3,14,7,False,True,normal,pluvieux
2022-07-21 19:09:15,Centre Médical d'Excellence,O+,39,10,0,29,3.7,37,95.9,normale,Parfait pour transfusion immédiate,3,19,7,False,True,normal,pluvieux
2022-07-22 13:01:29,Centre Médical d'Excellence,O+,85,11,0,74,3.6,5,100.0,normale,Contrôle bactériologique négatif,4,13,7,False,True,normal,ensoleillé
2022-07-22 13:23:23,Centre Médical d'Excellence,B+,38,7,0,31,4.2,9,97.7,normale,Contrôle bactériologique négatif,4,13,7,False,True,normal,ensoleillé
2022-07-22 21:24:15,Centre Médical d'Excellence,A+,44,11,0,33,2.7,10,90.7,normale,"Bon état général, légère variation température",4,21,7,False,True,normal,ensoleillé
2022-07-23 03:42:14,Centre Médical d'Excellence,A+,32,4,0,28,4.5,10,98.2,normale,Urgent: vérifier température stockage,5,3,7,True,True,normal,ensoleillé
2022-07-23 03:51:43,Centre Médical d'Excellence,O-,9,6,15,18,5.2,21,100.0,faible,"Excellent état, conservation parfaite",5,3,7,True,True,normal,ensoleillé
2022-07-23 11:12:00,Centre Médical d'Excellence,O+,36,5,0,31,4.0,14,100.0,normale,Contrôle bactériologique négatif,5,11,7,True,True,normal,orageux
2022-07-24 03:13:51,Centre Médical d'Excellence,O+,14,5,0,9,4.3,10,100.0,critique,URGENT: Stock critique - Contrôle bactériologique négatif,6,3,7,True,True,normal,ensoleillé
2022-07-24 13:55:39,Centre Médical d'Excellence,O+,53,9,0,44,4.0,16,96.2,normale,"Bon état général, légère variation température",6,13,7,True,True,normal,pluvieux
2022-07-25 23:41:38,Centre Médical d'Excellence,A+,31,15,0,16,4.0,16,100.0,faible,"État satisfaisant, contrôle qualité OK",0,23,7,False,True,normal,ensoleillé
2022-07-25 23:55:05,Centre Médical d'Excellence,B-,35,2,0,33,4.4,18,92.3,normale,Contrôle bactériologique négatif,0,23,7,False,True,normal,ensoleillé
2022-07-26 04:39:06,Centre Médical d'Excellence,A+,40,8,16,48,5.1,13,100.0,normale,"Bon état général, légère variation température",1,4,7,False,True,normal,orageux
2022-07-26 05:50:45,Centre Médical d'Excellence,O+,29,7,16,38,3.8,1,63.3,attention,Parfait pour transfusion immédiate,1,5,7,False,True,normal,ensoleillé
2022-07-26 07:44:53,Centre Médical d'Excellence,O+,108,14,0,94,4.7,9,94.8,normale,"Excellent état, conservation parfaite",1,7,7,False,True,normal,nuageux
2022-07-27 09:08:05,Centre Médical d'Excellence,O-,65,4,19,80,3.8,16,100.0,normale,"Bon état général, légère variation température",2,9,7,False,True,normal,orageux
2022-07-27 10:17:20,Centre Médical d'Excellence,AB-,42,6,0,36,3.4,24,100.0,normale,"État satisfaisant, contrôle qualité OK",2,10,7,False,True,normal,ensoleillé
2022-07-27 15:17:39,Centre Médical d'Excellence,A+,33,11,0,22,4.3,5,100.0,normale,Urgent: vérifier température stockage,2,15,7,False,True,normal,ensoleillé
2022-07-27 15:54:41,Centre Médical d'Excellence,O+,14,5,0,9,3.7,1,58.3,critique,"URGENT: Stock critique - État satisfaisant, contrôle qualité OK",2,15,7,False,True,normal,pluvieux
2022-07-28 01:48:40,Centre Médical d'Excellence,AB+,33,10,0,23,4.3,29,92.9,normale,"État satisfaisant, contrôle qualité OK",3,1,7,False,True,normal,pluvieux
2022-07-28 14:46:30,Centre Médical d'Excellence,B-,86,1,0,85,4.1,19,100.0,normale,"État satisfaisant, contrôle qualité OK",3,14,7,False,True,normal,ensoleillé
2022-07-28 19:12:20,Centre Médical d'Excellence,A+,81,11,19,89,2.7,1,58.1,attention,Hémoglobine dans les normes,3,19,7,False,True,normal,pluvieux
2022-07-29 00:04:53,Centre Médical d'Excellence,B+,32,7,0,25,3.6,6,100.0,normale,"État satisfaisant, contrôle qualité OK",4,0,7,False,True,normal,ensoleillé
2022-07-31 01:08:12,Centre Médical d'Excellence,O-,23,3,0,20,3.5,9,100.0,normale,Parfait pour transfusion immédiate,6,1,7,True,True,urgence_médicale,ensoleillé
2022-07-31 03:55:59,Centre Médical d'Excellence,O+,16,6,21,31,4.6,18,100.0,normale,Contrôle bactériologique négatif,6,3,7,True,True,normal,pluvieux
2022-07-31 05:37:29,Centre Médical d'Excellence,O-,16,0,0,16,4.2,1,66.6,faible,Parfait pour transfusion immédiate,6,5,7,True,True,normal,orageux
2022-07-31 16:16:40,Centre Médical d'Excellence,B+,41,11,24,54,3.9,11,95.7,normale,"Excellent état, conservation parfaite",6,16,7,True,True,normal,ensoleillé
2022-08-01 07:53:30,Centre Médical d'Excellence,A+,81,12,21,90,4.3,1,64.5,attention,"État satisfaisant, contrôle qualité OK",0,7,8,False,True,normal,pluvieux
2022-08-01 12:57:40,Centre Médical d'Excellence,O+,63,13,0,50,4.4,23,100.0,normale,Hémoglobine dans les normes,0,12,8,False,True,normal,ensoleillé
2022-08-01 15:55:49,Centre Médical d'Excellence,O+,61,9,0,52,4.3,3,87.8,normale,Urgent: vérifier température stockage,0,15,8,False,True,normal,nuageux
2022-08-01 19:18:38,Centre Médical d'Excellence,O+,60,8,0,52,4.5,25,100.0,normale,Urgent: vérifier température stockage,0,19,8,False,True,normal,orageux
2022-08-01 20:05:34,Centre Médical d'Excellence,B+,56,10,0,46,3.7,23,98.0,normale,Contrôle bactériologique négatif,0,20,8,False,True,normal,pluvieux
2022-08-02 04:41:06,Centre Médical d'Excellence,O-,28,10,0,18,4.6,3,81.5,faible,"Bon état général, légère variation température",1,4,8,False,True,normal,ensoleillé
2022-08-03 07:56:43,Centre Médical d'Excellence,O+,71,10,22,83,4.6,4,86.5,normale,"État satisfaisant, contrôle qualité OK",2,7,8,False,True,normal,nuageux
2022-08-03 13:37:29,Centre Médical d'Excellence,O+,11,13,20,20,3.3,35,100.0,normale,Contrôle bactériologique négatif,2,13,8,False,True,normal,pluvieux
2022-08-03 16:09:46,Centre Médical d'Excellence,A+,28,10,27,45,3.8,7,100.0,normale,Urgent: vérifier température stockage,2,16,8,False,True,normal,pluvieux
2022-08-03 21:41:35,Centre Médical d'Excellence,A+,55,5,0,50,3.7,4,86.2,normale,Hémoglobine dans les normes,2,21,8,False,True,normal,nuageux
2022-08-04 06:21:48,Centre Médical d'Excellence,A+,56,8,0,48,4.4,1,59.2,attention,Hémoglobine dans les normes,3,6,8,False,True,normal,ensoleillé
2022-08-04 09:00:47,Centre Médical d'Excellence,O+,74,11,0,63,4.2,9,100.0,normale,Hémoglobine dans les normes,3,9,8,False,True,normal,pluvieux
2022-08-04 12:22:24,Centre Médical d'Excellence,B+,65,14,0,51,4.0,38,93.1,normale,"État satisfaisant, contrôle qualité OK",3,12,8,False,True,normal,pluvieux
2022-08-05 01:51:02,Centre Médical d'Excellence,O+,29,4,0,25,4.1,4,89.1,normale,Attention: proche expiration,4,1,8,False,True,normal,pluvieux
2022-08-05 08:27:28,Centre Médical d'Excellence,A+,56,9,0,47,4.5,15,97.4,normale,Urgent: vérifier température stockage,4,8,8,False,True,normal,nuageux
2022-08-05 08:53:16,Centre Médical d'Excellence,A+,60,14,0,46,2.9,29,100.0,normale,Hémoglobine dans les normes,4,8,8,False,True,normal,nuageux
2022-08-05 09:32:14,Centre Médical d'Excellence,A+,54,7,0,47,4.5,3,91.4,normale,"Bon état général, légère variation température",4,9,8,False,True,normal,nuageux
2022-08-05 19:01:45,Centre Médical d'Excellence,O-,63,0,0,63,4.0,25,95.1,normale,"Bon état général, légère variation température",4,19,8,False,True,normal,ensoleillé
2022-08-06 06:22:16,Centre Médical d'Excellence,A-,65,11,23,77,4.4,1,56.3,attention,"Excellent état, conservation parfaite",5,6,8,True,True,normal,ensoleillé
2022-08-06 07:24:08,Centre Médical d'Excellence,A-,43,2,0,41,3.4,31,100.0,normale,Hémoglobine dans les normes,5,7,8,True,True,normal,ensoleillé
2022-08-06 08:19:16,Centre Médical d'Excellence,AB+,65,5,0,60,4.2,1,50.2,attention,Hémoglobine dans les normes,5,8,8,True,True,normal,ensoleillé
2022-08-06 20:09:13,Centre Médical d'Excellence,A+,49,2,0,47,3.6,18,91.3,normale,Parfait pour transfusion immédiate,5,20,8,True,True,normal,ensoleillé
2022-08-08 17:31:06,Centre Médical d'Excellence,A+,62,8,22,76,3.5,28,100.0,normale,"État satisfaisant, contrôle qualité OK",0,17,8,False,True,épidémie,nuageux
2022-08-08 20:36:21,Centre Médical d'Excellence,A+,55,3,23,75,4.6,2,79.4,normale,Urgent: vérifier température stockage,0,20,8,False,True,normal,ensoleillé
2022-08-09 20:28:09,Centre Médical d'Excellence,O+,51,9,0,42,4.1,4,87.2,normale,Parfait pour transfusion immédiate,1,20,8,False,True,normal,nuageux
2022-08-10 00:36:49,Centre Médical d'Excellence,O+,21,7,21,35,3.9,25,100.0,normale,Attention: proche expiration,2,0,8,False,True,normal,pluvieux
2022-08-10 01:29:28,Centre Médical d'Excellence,A+,17,10,0,7,4.5,3,83.4,critique,"URGENT: Stock critique - Excellent état, conservation parfaite",2,1,8,False,True,normal,orageux
2022-08-10 19:32:19,Centre Médical d'Excellence,A+,51,10,16,57,3.1,3,86.7,normale,Hémoglobine dans les normes,2,19,8,False,True,normal,ensoleillé
2022-08-10 22:21:31,Centre Médical d'Excellence,O+,42,8,0,34,2.9,19,100.0,normale,Parfait pour transfusion immédiate,2,22,8,False,True,normal,ensoleillé
2022-08-11 05:29:37,Centre Médical d'Excellence,A+,13,3,15,25,3.8,49,100.0,normale,Attention: proche expiration,3,5,8,False,True,normal,ensoleillé
2022-08-11 12:10:24,Centre Médical d'Excellence,A+,43,12,14,45,3.7,4,89.3,normale,Hémoglobine dans les normes,3,12,8,False,True,normal,ensoleillé
2022-08-11 14:00:11,Centre Médical d'Excellence,O+,54,8,19,65,4.1,13,100.0,normale,"Bon état général, légère variation température",3,14,8,False,True,normal,nuageux
2022-08-12 09:48:02,Centre Médical d'Excellence,A+,82,5,25,102,4.3,33,97.5,normale,"Excellent état, conservation parfaite",4,9,8,False,True,normal,ensoleillé
2022-08-12 09:58:23,Centre Médical d'Excellence,B-,55,8,0,47,4.1,17,100.0,normale,Hémoglobine dans les normes,4,9,8,False,True,normal,orageux
2022-08-13 03:55:32,Centre Médical d'Excellence,O-,14,9,19,24,3.8,13,96.1,normale,"Bon état général, légère variation température",5,3,8,True,True,normal,pluvieux
2022-08-13 04:31:41,Centre Médical d'Excellence,A+,9,10,23,23,3.8,33,92.1,normale,Attention: proche expiration,5,4,8,True,True,normal,ensoleillé
2022-08-13 08:16:13,Centre Médical d'Excellence,B+,43,5,18,56,3.6,1,59.1,attention,Hémoglobine dans les normes,5,8,8,True,True,normal,orageux
2022-08-14 01:56:49,Centre Médical d'Excellence,O+,12,7,0,5,4.1,6,94.4,critique,"URGENT: Stock critique - Bon état général, légère variation température",6,1,8,True,True,normal,ensoleillé
2022-08-14 02:46:12,Centre Médical d'Excellence,O+,36,6,0,30,3.6,15,100.0,normale,"Excellent état, conservation parfaite",6,2,8,True,True,normal,ensoleillé
2022-08-14 09:56:37,Centre Médical d'Excellence,O+,52,5,0,47,3.5,26,100.0,normale,"État satisfaisant, contrôle qualité OK",6,9,8,True,True,normal,ensoleillé
2022-08-15 00:37:03,Centre Médical d'Excellence,O+,24,12,0,12,4.0,14,100.0,faible,Urgent: vérifier température stockage,0,0,8,False,True,normal,ensoleillé
2022-08-15 05:42:12,Centre Médical d'Excellence,O-,63,10,0,53,4.1,7,93.6,normale,Attention: proche expiration,0,5,8,False,True,normal,nuageux
2022-08-15 06:48:26,Centre Médical d'Excellence,B+,84,13,0,71,4.0,23,93.9,normale,Parfait pour transfusion immédiate,0,6,8,False,True,normal,ensoleillé
2022-08-15 10:00:52,Centre Médical d'Excellence,O+,36,10,16,42,4.7,1,54.1,attention,Hémoglobine dans les normes,0,10,8,False,True,normal,ensoleillé
2022-08-15 13:00:46,Centre Médical d'Excellence,A+,49,5,17,61,3.8,12,100.0,normale,Contrôle bactériologique négatif,0,13,8,False,True,normal,ensoleillé
2022-08-15 16:41:37,Centre Médical d'Excellence,A+,49,6,0,43,4.3,1,50.3,attention,"État satisfaisant, contrôle qualité OK",0,16,8,False,True,normal,ensoleillé
2022-08-15 20:57:02,Centre Médical d'Excellence,O+,68,8,0,60,4.3,28,100.0,normale,Hémoglobine dans les normes,0,20,8,False,True,normal,orageux
2022-08-16 07:06:22,Centre Médical d'Excellence,O+,67,10,0,57,4.6,33,89.9,normale,Parfait pour transfusion immédiate,1,7,8,False,True,normal,pluvieux
2022-08-16 20:46:18,Centre Médical d'Excellence,O+,75,9,0,66,3.3,16,97.2,normale,Contrôle bactériologique négatif,1,20,8,False,True,normal,ensoleillé
2022-08-16 23:14:20,Centre Médical d'Excellence,A-,17,6,0,11,3.9,5,98.0,faible,Urgent: vérifier température stockage,1,23,8,False,True,normal,ensoleillé
2022-08-17 00:24:34,Centre Médical d'Excellence,AB-,25,14,0,11,4.7,2,93.3,faible,Attention: proche expiration,2,0,8,False,True,normal,nuageux
2022-08-17 11:52:12,Centre Médical d'Excellence,A-,28,8,0,20,3.9,14,99.5,normale,Contrôle bactériologique négatif,2,11,8,False,True,normal,pluvieux
2022-08-17 16:22:53,Centre Médical d'Excellence,A+,78,5,21,94,4.8,5,100.0,normale,Contrôle bactériologique négatif,2,16,8,False,True,normal,nuageux
2022-08-17 19:09:25,Centre Médical d'Excellence,A-,96,13,0,83,4.3,25,100.0,normale,Contrôle bactériologique négatif,2,19,8,False,True,normal,nuageux
2022-08-18 05:15:27,Centre Médical d'Excellence,B+,43,10,0,33,3.6,54,100.0,normale,Contrôle bactériologique négatif,3,5,8,False,True,normal,ensoleillé
2022-08-18 10:16:21,Centre Médical d'Excellence,O+,51,6,0,45,4.6,41,99.4,normale,"Bon état général, légère variation température",3,10,8,False,True,normal,ensoleillé
2022-08-18 14:28:11,Centre Médical d'Excellence,O+,57,11,0,46,3.9,3,86.0,normale,"Excellent état, conservation parfaite",3,14,8,False,True,normal,pluvieux
2022-08-18 19:27:39,Centre Médical d'Excellence,A+,46,8,0,38,3.7,16,100.0,normale,Attention: proche expiration,3,19,8,False,True,normal,nuageux
2022-08-19 08:50:16,Centre Médical d'Excellence,O+,44,1,0,43,3.7,2,90.3,normale,"Bon état général, légère variation température",4,8,8,False,True,normal,pluvieux
2022-08-20 12:10:33,Centre Médical d'Excellence,A+,29,7,0,22,3.6,16,100.0,normale,Contrôle bactériologique négatif,5,12,8,True,True,normal,ensoleillé
2022-08-21 04:08:40,Centre Médical d'Excellence,AB+,13,3,0,10,2.9,1,53.0,faible,Hémoglobine dans les normes,6,4,8,True,True,normal,pluvieux
2022-08-21 14:27:08,Centre Médical d'Excellence,A+,46,8,0,38,4.7,1,54.7,attention,Attention: proche expiration,6,14,8,True,True,normal,pluvieux
2022-08-21 22:42:33,Centre Médical d'Excellence,AB+,51,5,21,67,4.5,19,100.0,normale,"Excellent état, conservation parfaite",6,22,8,True,True,normal,nuageux
2022-08-22 01:02:33,Centre Médical d'Excellence,A+,19,10,0,9,3.7,13,100.0,critique,URGENT: Stock critique - Contrôle bactériologique négatif,0,1,8,False,True,accident_route,pluvieux
2022-08-22 05:41:57,Centre Médical d'Excellence,O+,26,12,0,14,3.6,50,92.3,faible,Parfait pour transfusion immédiate,0,5,8,False,True,normal,ensoleillé
2022-08-22 18:06:44,Centre Médical d'Excellence,A-,42,16,10,36,3.7,15,100.0,normale,Parfait pour transfusion immédiate,0,18,8,False,True,normal,pluvieux
2022-08-22 21:13:03,Centre Médical d'Excellence,O+,82,7,28,103,3.7,6,100.0,normale,"État satisfaisant, contrôle qualité OK",0,21,8,False,True,normal,ensoleillé
2022-08-22 21:51:54,Centre Médical d'Excellence,O+,89,16,0,73,4.1,36,99.0,normale,Urgent: vérifier température stockage,0,21,8,False,True,normal,ensoleillé
2022-08-23 10:50:10,Centre Médical d'Excellence,O+,78,6,0,72,4.5,23,99.7,normale,"État satisfaisant, contrôle qualité OK",1,10,8,False,True,normal,pluvieux
2022-08-23 19:46:08,Centre Médical d'Excellence,O+,57,5,22,74,3.7,1,66.1,attention,Contrôle bactériologique négatif,1,19,8,False,True,normal,nuageux
2022-08-24 01:24:28,Centre Médical d'Excellence,O+,13,18,0,0,3.9,22,100.0,critique,URGENT: Stock critique - Contrôle bactériologique négatif,2,1,8,False,True,normal,pluvieux
2022-08-24 05:07:28,Centre Médical d'Excellence,O+,31,3,18,46,4.2,2,87.4,normale,Parfait pour transfusion immédiate,2,5,8,False,True,normal,nuageux
2022-08-24 14:49:06,Centre Médical d'Excellence,A+,53,4,0,49,3.8,87,100.0,normale,Contrôle bactériologique négatif,2,14,8,False,True,normal,pluvieux
2022-08-24 19:00:33,Centre Médical d'Excellence,A-,43,8,0,35,3.4,14,100.0,normale,"État satisfaisant, contrôle qualité OK",2,19,8,False,True,normal,ensoleillé
2022-08-25 05:17:32,Centre Médical d'Excellence,A+,20,11,0,9,4.2,36,100.0,critique,URGENT: Stock critique - Attention: proche expiration,3,5,8,False,True,normal,pluvieux
2022-08-25 13:18:02,Centre Médical d'Excellence,B+,71,2,17,86,4.5,38,97.1,normale,"État satisfaisant, contrôle qualité OK",3,13,8,False,True,normal,ensoleillé
2022-08-25 14:07:02,Centre Médical d'Excellence,O+,63,0,0,63,4.2,13,97.3,normale,"Excellent état, conservation parfaite",3,14,8,False,True,normal,pluvieux
2022-08-25 23:48:45,Centre Médical d'Excellence,A+,36,7,24,53,3.6,9,96.4,normale,Urgent: vérifier température stockage,3,23,8,False,True,normal,ensoleillé
2022-08-26 04:42:01,Centre Médical d'Excellence,B+,20,7,22,35,3.5,23,99.6,normale,Parfait pour transfusion immédiate,4,4,8,False,True,normal,orageux
2022-08-26 06:24:25,Centre Médical d'Excellence,A-,68,5,0,63,4.2,25,100.0,normale,"Excellent état, conservation parfaite",4,6,8,False,True,normal,ensoleillé
2022-08-26 18:23:56,Centre Médical d'Excellence,B+,73,19,0,54,3.9,4,82.7,normale,"Bon état général, légère variation température",4,18,8,False,True,accident_route,ensoleillé
2022-08-27 22:17:59,Centre Médical d'Excellence,O+,44,7,0,37,4.1,59,100.0,normale,Contrôle bactériologique négatif,5,22,8,True,True,normal,nuageux
2022-08-27 23:31:49,Centre Médical d'Excellence,A+,15,3,0,12,3.4,8,95.9,faible,Urgent: vérifier température stockage,5,23,8,True,True,normal,ensoleillé
2022-08-28 00:31:09,Centre Médical d'Excellence,O+,17,6,0,11,3.8,12,100.0,faible,"Excellent état, conservation parfaite",6,0,8,True,True,normal,ensoleillé
2022-08-28 06:41:44,Centre Médical d'Excellence,A+,37,4,0,33,3.9,21,99.3,normale,Contrôle bactériologique négatif,6,6,8,True,True,épidémie,pluvieux
2022-08-28 08:41:49,Centre Médical d'Excellence,A+,29,4,0,25,3.8,38,100.0,normale,"Bon état général, légère variation température",6,8,8,True,True,normal,ensoleillé
2022-08-28 10:31:18,Centre Médical d'Excellence,O+,64,9,22,77,4.3,12,93.0,normale,"Excellent état, conservation parfaite",6,10,8,True,True,normal,ensoleillé
2022-08-28 12:07:26,Centre Médical d'Excellence,O+,48,6,0,42,4.3,1,64.8,attention,Contrôle bactériologique négatif,6,12,8,True,True,normal,pluvieux
2022-08-28 23:53:31,Centre Médical d'Excellence,A+,19,4,0,15,4.0,5,100.0,faible,Parfait pour transfusion immédiate,6,23,8,True,True,normal,ensoleillé
2022-08-30 15:45:17,Centre Médical d'Excellence,O-,45,13,0,32,3.5,11,98.2,normale,"État satisfaisant, contrôle qualité OK",1,15,8,False,True,normal,orageux
2022-08-31 17:03:51,Centre Médical d'Excellence,O-,78,7,0,71,3.8,7,100.0,normale,Urgent: vérifier température stockage,2,17,8,False,True,normal,nuageux
2022-08-31 17:25:01,Centre Médical d'Excellence,O+,64,8,0,56,4.3,1,51.8,attention,Urgent: vérifier température stockage,2,17,8,False,True,normal,ensoleillé
2022-08-31 18:19:24,Centre Médical d'Excellence,O+,37,10,0,27,4.3,5,94.6,normale,Contrôle bactériologique négatif,2,18,8,False,True,normal,orageux
2022-08-31 18:57:36,Centre Médical d'Excellence,A-,63,5,0,58,4.6,20,94.2,normale,Attention: proche expiration,2,18,8,False,True,normal,orageux
2022-09-01 00:49:55,Centre Médical d'Excellence,B+,39,7,0,32,4.1,1,61.8,attention,"État satisfaisant, contrôle qualité OK",3,0,9,False,False,normal,nuageux
2022-09-01 03:52:23,Centre Médical d'Excellence,A+,33,12,24,45,4.1,7,98.5,normale,"Bon état général, légère variation température",3,3,9,False,False,normal,nuageux
2022-09-01 10:16:33,Centre Médical d'Excellence,B-,67,1,0,66,3.9,6,90.5,normale,Attention: proche expiration,3,10,9,False,False,normal,ensoleillé
2022-09-01 19:00:45,Centre Médical d'Excellence,A-,69,8,0,61,4.1,4,81.6,normale,Urgent: vérifier température stockage,3,19,9,False,False,normal,pluvieux
2022-09-02 06:25:10,Centre Médical d'Excellence,A+,30,8,0,22,3.5,8,90.2,normale,Parfait pour transfusion immédiate,4,6,9,False,False,normal,ensoleillé
2022-09-03 03:07:56,Centre Médical d'Excellence,O-,18,6,0,12,3.8,8,100.0,faible,"Excellent état, conservation parfaite",5,3,9,True,False,normal,ensoleillé
2022-09-04 05:49:26,Centre Médical d'Excellence,O+,15,8,0,7,4.0,1,61.9,critique,"URGENT: Stock critique - État satisfaisant, contrôle qualité OK",6,5,9,True,False,normal,pluvieux
2022-09-04 06:04:04,Centre Médical d'Excellence,O-,48,5,0,43,3.5,14,100.0,normale,Attention: proche expiration,6,6,9,True,False,urgence_médicale,pluvieux
2022-09-04 19:57:33,Centre Médical d'Excellence,A+,23,3,27,47,4.9,7,100.0,normale,Contrôle bactériologique négatif,6,19,9,True,False,normal,pluvieux
2022-09-05 16:18:31,Centre Médical d'Excellence,O-,61,6,19,74,4.9,24,87.8,normale,"Excellent état, conservation parfaite",0,16,9,False,False,accident_route,nuageux
2022-09-05 21:22:59,Centre Médical d'Excellence,B+,46,3,17,60,4.0,15,100.0,normale,Contrôle bactériologique négatif,0,21,9,False,False,normal,ensoleillé
2022-09-06 04:15:35,Centre Médical d'Excellence,O+,30,9,14,35,4.4,8,100.0,normale,"Excellent état, conservation parfaite",1,4,9,False,False,normal,pluvieux
2022-09-07 08:57:34,Centre Médical d'Excellence,B+,56,1,0,55,3.6,34,100.0,normale,Hémoglobine dans les normes,2,8,9,False,False,normal,nuageux
2022-09-07 11:48:54,Centre Médical d'Excellence,O+,50,9,15,56,3.8,19,100.0,normale,"Bon état général, légère variation température",2,11,9,False,False,normal,nuageux
2022-09-07 18:52:11,Centre Médical d'Excellence,A+,63,4,0,59,4.0,23,100.0,normale,"Bon état général, légère variation température",2,18,9,False,False,normal,orageux
2022-09-07 19:20:17,Centre Médical d'Excellence,O+,50,4,0,46,3.8,17,96.9,normale,Hémoglobine dans les normes,2,19,9,False,False,normal,nuageux
2022-09-08 04:35:58,Centre Médical d'Excellence,A-,15,7,0,8,3.2,44,100.0,critique,URGENT: Stock critique - Hémoglobine dans les normes,3,4,9,False,False,normal,ensoleillé
2022-09-08 10:22:11,Centre Médical d'Excellence,O+,37,10,26,53,3.6,97,100.0,normale,Urgent: vérifier température stockage,3,10,9,False,False,normal,ensoleillé
2022-09-08 13:42:02,Centre Médical d'Excellence,A+,25,9,13,29,4.5,12,90.9,normale,Attention: proche expiration,3,13,9,False,False,normal,ensoleillé
2022-09-08 22:20:03,Centre Médical d'Excellence,A+,67,1,0,66,4.1,36,100.0,normale,Attention: proche expiration,3,22,9,False,False,normal,pluvieux
2022-09-09 09:50:55,Centre Médical d'Excellence,O+,74,6,27,95,4.5,11,100.0,normale,Parfait pour transfusion immédiate,4,9,9,False,False,normal,pluvieux
2022-09-09 20:10:38,Centre Médical d'Excellence,O+,69,4,0,65,3.7,20,100.0,normale,"État satisfaisant, contrôle qualité OK",4,20,9,False,False,normal,orageux
2022-09-09 22:46:55,Centre Médical d'Excellence,B+,48,9,16,55,3.7,12,100.0,normale,"Bon état général, légère variation température",4,22,9,False,False,normal,nuageux
2022-09-10 17:29:14,Centre Médical d'Excellence,O-,27,4,11,34,3.5,6,100.0,normale,Urgent: vérifier température stockage,5,17,9,True,False,campagne_don,ensoleillé
2022-09-11 12:06:06,Centre Médical d'Excellence,O+,54,4,0,50,4.2,6,99.9,normale,"Bon état général, légère variation température",6,12,9,True,False,normal,ensoleillé
2022-09-12 05:19:53,Centre Médical d'Excellence,O+,19,5,16,30,4.3,23,100.0,normale,Attention: proche expiration,0,5,9,False,False,normal,pluvieux
2022-09-13 04:47:38,Centre Médical d'Excellence,A+,28,9,0,19,3.9,1,59.8,faible,Urgent: vérifier température stockage,1,4,9,False,False,normal,pluvieux
2022-09-13 04:54:23,Centre Médical d'Excellence,A+,1,6,21,21,3.5,24,98.1,normale,Parfait pour transfusion immédiate,1,4,9,False,False,normal,nuageux
2022-09-13 18:18:44,Centre Médical d'Excellence,O+,34,8,0,26,4.1,11,99.1,normale,Urgent: vérifier température stockage,1,18,9,False,False,normal,pluvieux
2022-09-14 12:32:54,Centre Médical d'Excellence,O+,42,9,0,33,4.4,20,96.2,normale,Hémoglobine dans les normes,2,12,9,False,False,normal,ensoleillé
2022-09-15 05:04:51,Centre Médical d'Excellence,A+,20,4,0,16,3.7,6,100.0,faible,Parfait pour transfusion immédiate,3,5,9,False,False,normal,pluvieux
2022-09-15 18:45:25,Centre Médical d'Excellence,A+,65,7,0,58,4.1,48,93.5,normale,"État satisfaisant, contrôle qualité OK",3,18,9,False,False,normal,orageux
2022-09-15 19:31:28,Centre Médical d'Excellence,O+,75,6,0,69,4.2,30,100.0,normale,"État satisfaisant, contrôle qualité OK",3,19,9,False,False,normal,nuageux
2022-09-15 20:49:47,Centre Médical d'Excellence,O+,48,6,0,42,4.2,24,92.7,normale,Hémoglobine dans les normes,3,20,9,False,False,normal,ensoleillé
2022-09-16 00:58:39,Centre Médical d'Excellence,O+,25,7,0,18,4.2,40,100.0,faible,Attention: proche expiration,4,0,9,False,False,normal,ensoleillé
2022-09-16 08:39:44,Centre Médical d'Excellence,A+,52,2,0,50,3.8,3,92.0,normale,"État satisfaisant, contrôle qualité OK",4,8,9,False,False,normal,pluvieux
2022-09-16 21:19:07,Centre Médical d'Excellence,O+,75,9,0,66,4.5,6,95.7,normale,"Bon état général, légère variation température",4,21,9,False,False,normal,pluvieux
2022-09-16 22:19:07,Centre Médical d'Excellence,O+,42,5,0,37,4.8,20,100.0,normale,Attention: proche expiration,4,22,9,False,False,normal,orageux
2022-09-17 02:11:19,Centre Médical d'Excellence,A+,24,7,0,17,5.1,7,100.0,faible,"État satisfaisant, contrôle qualité OK",5,2,9,True,False,normal,ensoleillé
2022-09-18 05:38:15,Centre Médical d'Excellence,A+,20,10,0,10,4.3,1,55.8,faible,"État satisfaisant, contrôle qualité OK",6,5,9,True,False,normal,orageux
2022-09-18 10:15:54,Centre Médical d'Excellence,A+,39,4,0,35,4.2,71,100.0,normale,Parfait pour transfusion immédiate,6,10,9,True,False,normal,ensoleillé
2022-09-18 17:48:08,Centre Médical d'Excellence,AB-,21,2,14,33,4.7,3,86.8,normale,Contrôle bactériologique négatif,6,17,9,True,False,normal,pluvieux
2022-09-18 21:28:06,Centre Médical d'Excellence,A+,26,8,0,18,3.6,29,89.3,faible,"Bon état général, légère variation température",6,21,9,True,False,normal,pluvieux
2022-09-19 13:44:34,Centre Médical d'Excellence,O+,58,1,21,78,4.5,1,63.3,attention,"État satisfaisant, contrôle qualité OK",0,13,9,False,False,normal,nuageux
2022-09-20 01:42:53,Centre Médical d'Excellence,O+,28,13,0,15,4.1,24,95.2,faible,"Bon état général, légère variation température",1,1,9,False,False,normal,ensoleillé
2022-09-20 03:27:58,Centre Médical d'Excellence,O+,18,5,0,13,4.5,2,82.3,faible,Attention: proche expiration,1,3,9,False,False,normal,ensoleillé
2022-09-20 03:41:45,Centre Médical d'Excellence,A+,26,11,0,15,4.3,24,97.7,faible,Hémoglobine dans les normes,1,3,9,False,False,normal,pluvieux
2022-09-20 08:12:44,Centre Médical d'Excellence,O+,23,8,0,15,4.1,9,100.0,faible,Hémoglobine dans les normes,1,8,9,False,False,normal,nuageux
2022-09-20 11:32:16,Centre Médical d'Excellence,O+,42,9,20,53,3.8,27,100.0,normale,Contrôle bactériologique négatif,1,11,9,False,False,normal,ensoleillé
2022-09-20 11:35:58,Centre Médical d'Excellence,A+,47,7,0,40,3.8,12,97.1,normale,Hémoglobine dans les normes,1,11,9,False,False,normal,ensoleillé
2022-09-21 23:44:01,Centre Médical d'Excellence,A-,25,14,0,11,3.8,7,100.0,faible,Urgent: vérifier température stockage,2,23,9,False,False,normal,ensoleillé
2022-09-23 03:26:28,Centre Médical d'Excellence,O+,30,3,0,27,3.2,4,85.1,normale,Urgent: vérifier température stockage,4,3,9,False,False,normal,orageux
2022-09-23 16:11:00,Centre Médical d'Excellence,AB-,38,8,0,30,3.0,11,100.0,normale,Attention: proche expiration,4,16,9,False,False,normal,ensoleillé
2022-09-23 19:05:09,Centre Médical d'Excellence,O+,70,11,22,81,4.2,7,94.2,normale,Urgent: vérifier température stockage,4,19,9,False,False,normal,nuageux
2022-09-24 05:00:11,Centre Médical d'Excellence,A+,13,7,0,6,3.8,23,100.0,critique,URGENT: Stock critique - Hémoglobine dans les normes,5,5,9,True,False,normal,orageux
2022-09-24 20:43:15,Centre Médical d'Excellence,O+,28,4,18,42,4.2,35,100.0,normale,"Excellent état, conservation parfaite",5,20,9,True,False,normal,nuageux
2022-09-25 00:44:09,Centre Médical d'Excellence,AB+,25,6,0,19,3.7,24,100.0,faible,Contrôle bactériologique négatif,6,0,9,True,False,normal,pluvieux
2022-09-25 05:15:38,Centre Médical d'Excellence,O+,16,6,24,34,4.2,1,67.3,attention,Urgent: vérifier température stockage,6,5,9,True,False,normal,pluvieux
2022-09-25 09:33:27,Centre Médical d'Excellence,O+,31,7,0,24,4.6,6,100.0,normale,"Excellent état, conservation parfaite",6,9,9,True,False,normal,ensoleillé
2022-09-25 22:39:29,Centre Médical d'Excellence,A+,61,5,0,56,3.5,8,100.0,normale,"Excellent état, conservation parfaite",6,22,9,True,False,urgence_médicale,pluvieux
2022-09-25 23:52:07,Centre Médical d'Excellence,O+,18,7,0,11,3.5,3,85.9,faible,Parfait pour transfusion immédiate,6,23,9,True,False,normal,pluvieux
2022-09-26 01:34:35,Centre Médical d'Excellence,A+,19,9,0,10,5.0,3,84.1,faible,Contrôle bactériologique négatif,0,1,9,False,False,normal,orageux
2022-09-26 01:46:35,Centre Médical d'Excellence,A+,20,8,0,12,4.7,5,100.0,faible,"État satisfaisant, contrôle qualité OK",0,1,9,False,False,normal,nuageux
2022-09-26 18:02:36,Centre Médical d'Excellence,B+,35,10,0,25,4.0,8,98.1,normale,"Excellent état, conservation parfaite",0,18,9,False,False,normal,ensoleillé
2022-09-29 01:59:46,Centre Médical d'Excellence,A+,28,10,0,18,4.5,6,99.0,faible,Parfait pour transfusion immédiate,3,1,9,False,False,normal,pluvieux
2022-09-29 15:11:10,Centre Médical d'Excellence,O+,55,10,0,45,4.1,4,88.4,normale,"Excellent état, conservation parfaite",3,15,9,False,False,normal,orageux
2022-09-30 02:24:12,Centre Médical d'Excellence,A+,18,9,17,26,4.3,13,100.0,normale,"Bon état général, légère variation température",4,2,9,False,False,normal,pluvieux
2022-09-30 05:26:32,Centre Médical d'Excellence,O+,33,4,0,29,4.6,7,99.0,normale,Urgent: vérifier température stockage,4,5,9,False,False,normal,ensoleillé
2022-09-30 16:58:24,Centre Médical d'Excellence,O+,77,10,0,67,3.9,4,83.0,normale,"État satisfaisant, contrôle qualité OK",4,16,9,False,False,normal,ensoleillé
2022-10-01 01:18:38,Centre Médical d'Excellence,A+,27,5,0,22,4.0,42,92.3,normale,Parfait pour transfusion immédiate,5,1,10,True,False,normal,pluvieux
2022-10-01 03:49:49,Centre Médical d'Excellence,AB+,14,6,0,8,4.0,16,100.0,critique,URGENT: Stock critique - Parfait pour transfusion immédiate,5,3,10,True,False,normal,orageux
2022-10-01 20:10:54,Centre Médical d'Excellence,O+,46,3,15,58,4.2,26,100.0,normale,Parfait pour transfusion immédiate,5,20,10,True,False,normal,orageux
2022-10-01 23:01:19,Centre Médical d'Excellence,A+,13,6,0,7,2.9,12,100.0,critique,"URGENT: Stock critique - État satisfaisant, contrôle qualité OK",5,23,10,True,False,normal,nuageux
2022-10-03 04:35:07,Centre Médical d'Excellence,A-,18,6,0,12,3.1,9,100.0,faible,"Bon état général, légère variation température",0,4,10,False,False,épidémie,pluvieux
2022-10-03 17:50:38,Centre Médical d'Excellence,O+,61,13,0,48,3.6,9,100.0,normale,"Excellent état, conservation parfaite",0,17,10,False,False,normal,ensoleillé
2022-10-03 22:57:45,Centre Médical d'Excellence,B+,46,7,0,39,3.4,1,57.4,attention,Hémoglobine dans les normes,0,22,10,False,False,normal,nuageux
2022-10-04 07:31:32,Centre Médical d'Excellence,O+,72,13,0,59,4.9,24,99.1,normale,"État satisfaisant, contrôle qualité OK",1,7,10,False,False,normal,pluvieux
2022-10-05 04:00:10,Centre Médical d'Excellence,A+,25,8,17,34,3.4,3,92.5,normale,"Bon état général, légère variation température",2,4,10,False,False,normal,ensoleillé
2022-10-05 13:47:11,Centre Médical d'Excellence,O+,43,9,0,34,5.0,37,95.2,normale,Urgent: vérifier température stockage,2,13,10,False,False,normal,ensoleillé
2022-10-05 14:08:52,Centre Médical d'Excellence,A+,39,5,0,34,3.4,13,95.2,normale,"Bon état général, légère variation température",2,14,10,False,False,normal,ensoleillé
2022-10-06 00:55:14,Centre Médical d'Excellence,O+,28,7,0,21,3.8,7,100.0,normale,Contrôle bactériologique négatif,3,0,10,False,False,normal,pluvieux
2022-10-06 06:07:12,Centre Médical d'Excellence,A+,50,11,0,39,4.5,1,60.7,attention,Parfait pour transfusion immédiate,3,6,10,False,False,épidémie,ensoleillé
2022-10-06 06:57:43,Centre Médical d'Excellence,A+,68,12,0,56,3.8,2,83.0,normale,Contrôle bactériologique négatif,3,6,10,False,False,urgence_médicale,ensoleillé
2022-10-06 09:09:58,Centre Médical d'Excellence,O-,61,13,17,65,4.3,13,100.0,normale,"Excellent état, conservation parfaite",3,9,10,False,False,accident_route,pluvieux
2022-10-06 12:46:05,Centre Médical d'Excellence,O+,63,8,0,55,3.5,22,98.4,normale,Attention: proche expiration,3,12,10,False,False,normal,ensoleillé
2022-10-06 14:09:54,Centre Médical d'Excellence,B-,42,8,0,34,3.4,1,61.7,attention,Contrôle bactériologique négatif,3,14,10,False,False,normal,ensoleillé
2022-10-07 01:06:45,Centre Médical d'Excellence,O+,29,6,0,23,4.8,10,100.0,normale,"Excellent état, conservation parfaite",4,1,10,False,False,normal,ensoleillé
2022-10-07 06:32:12,Centre Médical d'Excellence,A+,59,12,21,68,4.2,13,94.7,normale,"Bon état général, légère variation température",4,6,10,False,False,normal,ensoleillé
2022-10-07 13:20:54,Centre Médical d'Excellence,O+,36,7,0,29,4.2,4,82.7,normale,Contrôle bactériologique négatif,4,13,10,False,False,normal,ensoleillé
2022-10-07 18:24:10,Centre Médical d'Excellence,B+,35,7,0,28,3.4,1,62.9,attention,Attention: proche expiration,4,18,10,False,False,normal,nuageux
2022-10-07 18:53:16,Centre Médical d'Excellence,O-,39,6,0,33,4.4,1,62.8,attention,Parfait pour transfusion immédiate,4,18,10,False,False,normal,nuageux
2022-10-07 22:50:23,Centre Médical d'Excellence,A+,69,4,0,65,3.9,2,84.6,normale,"État satisfaisant, contrôle qualité OK",4,22,10,False,False,normal,orageux
2022-10-07 23:00:09,Centre Médical d'Excellence,A+,21,6,0,15,3.8,7,100.0,faible,"Bon état général, légère variation température",4,23,10,False,False,normal,ensoleillé
2022-10-08 07:35:55,Centre Médical d'Excellence,A+,38,6,0,32,4.3,9,100.0,normale,"Excellent état, conservation parfaite",5,7,10,True,False,normal,ensoleillé
2022-10-08 12:34:28,Centre Médical d'Excellence,B+,40,2,0,38,3.6,24,95.7,normale,Hémoglobine dans les normes,5,12,10,True,False,campagne_don,ensoleillé
2022-10-08 20:45:21,Centre Médical d'Excellence,A+,43,4,0,39,3.4,11,96.0,normale,Urgent: vérifier température stockage,5,20,10,True,False,normal,ensoleillé
2022-10-09 01:25:23,Centre Médical d'Excellence,A+,9,4,17,22,3.7,2,83.2,normale,Contrôle bactériologique négatif,6,1,10,True,False,normal,nuageux
2022-10-09 07:40:27,Centre Médical d'Excellence,O+,25,5,0,20,4.1,13,100.0,normale,"Excellent état, conservation parfaite",6,7,10,True,False,normal,ensoleillé
2022-10-09 16:57:28,Centre Médical d'Excellence,A+,44,10,0,34,4.0,7,94.5,normale,Hémoglobine dans les normes,6,16,10,True,False,normal,ensoleillé
2022-10-09 22:27:06,Centre Médical d'Excellence,O+,45,6,0,39,3.3,14,100.0,normale,Attention: proche expiration,6,22,10,True,False,normal,pluvieux
2022-10-10 12:02:44,Centre Médical d'Excellence,O+,48,8,19,59,3.9,20,100.0,normale,Hémoglobine dans les normes,0,12,10,False,False,normal,nuageux
2022-10-10 14:56:44,Centre Médical d'Excellence,B+,50,6,0,44,4.1,1,60.2,attention,Urgent: vérifier température stockage,0,14,10,False,False,normal,pluvieux
2022-10-10 17:00:49,Centre Médical d'Excellence,B-,54,8,0,46,3.8,3,88.1,normale,"Excellent état, conservation parfaite",0,17,10,False,False,normal,pluvieux
2022-10-11 13:32:48,Centre Médical d'Excellence,B+,40,1,0,39,3.4,22,100.0,normale,Hémoglobine dans les normes,1,13,10,False,False,normal,nuageux
2022-10-12 02:35:21,Centre Médical d'Excellence,O+,17,10,13,20,3.3,1,62.2,attention,"Excellent état, conservation parfaite",2,2,10,False,False,normal,ensoleillé
2022-10-12 14:48:22,Centre Médical d'Excellence,B-,26,8,0,18,2.7,3,96.4,faible,Attention: proche expiration,2,14,10,False,False,normal,ensoleillé
2022-10-12 15:21:57,Centre Médical d'Excellence,O-,36,9,0,27,4.6,1,61.3,attention,Parfait pour transfusion immédiate,2,15,10,False,False,normal,ensoleillé
2022-10-14 02:34:39,Centre Médical d'Excellence,O+,21,6,0,15,3.9,3,80.3,faible,Attention: proche expiration,4,2,10,False,False,normal,ensoleillé
2022-10-14 09:46:01,Centre Médical d'Excellence,A+,60,5,0,55,3.6,12,97.5,normale,"État satisfaisant, contrôle qualité OK",4,9,10,False,False,normal,nuageux
2022-10-14 12:42:16,Centre Médical d'Excellence,A+,61,3,23,81,2.6,23,94.5,normale,"État satisfaisant, contrôle qualité OK",4,12,10,False,False,normal,nuageux
2022-10-15 04:57:11,Centre Médical d'Excellence,O+,14,7,0,7,4.4,14,97.6,critique,"URGENT: Stock critique - Bon état général, légère variation température",5,4,10,True,False,normal,nuageux
2022-10-15 19:10:44,Centre Médical d'Excellence,A+,36,0,0,36,4.0,22,100.0,normale,Parfait pour transfusion immédiate,5,19,10,True,False,épidémie,pluvieux
2022-10-15 19:56:30,Centre Médical d'Excellence,A+,50,6,0,44,4.1,5,91.6,normale,Parfait pour transfusion immédiate,5,19,10,True,False,normal,pluvieux
2022-10-16 00:52:04,Centre Médical d'Excellence,A+,16,5,0,11,3.9,4,93.6,faible,Urgent: vérifier température stockage,6,0,10,True,False,normal,ensoleillé
2022-10-16 04:19:25,Centre Médical d'Excellence,O+,19,5,0,14,3.3,6,98.3,faible,Hémoglobine dans les normes,6,4,10,True,False,normal,ensoleillé
2022-10-16 05:23:09,Centre Médical d'Excellence,O+,23,6,0,17,4.1,40,96.3,faible,"État satisfaisant, contrôle qualité OK",6,5,10,True,False,campagne_don,pluvieux
2022-10-16 07:36:17,Centre Médical d'Excellence,A+,37,4,0,33,4.6,11,93.6,normale,Parfait pour transfusion immédiate,6,7,10,True,False,normal,pluvieux
2022-10-16 11:20:36,Centre Médical d'Excellence,O+,32,8,13,37,4.2,18,97.3,normale,"Bon état général, légère variation température",6,11,10,True,False,normal,nuageux
2022-10-16 11:22:22,Centre Médical d'Excellence,A+,44,6,23,61,4.3,8,98.3,normale,"État satisfaisant, contrôle qualité OK",6,11,10,True,False,normal,orageux
2022-10-16 20:08:55,Centre Médical d'Excellence,O+,25,7,0,18,3.6,6,100.0,faible,Urgent: vérifier température stockage,6,20,10,True,False,normal,ensoleillé
2022-10-17 03:03:06,Centre Médical d'Excellence,A+,34,6,0,28,3.7,1,67.7,attention,"Bon état général, légère variation température",0,3,10,False,False,normal,pluvieux
2022-10-17 10:10:49,Centre Médical d'Excellence,O+,29,4,26,51,3.5,22,98.1,normale,Parfait pour transfusion immédiate,0,10,10,False,False,normal,ensoleillé
2022-10-17 10:38:27,Centre Médical d'Excellence,A+,48,5,18,61,3.9,5,100.0,normale,"Excellent état, conservation parfaite",0,10,10,False,False,accident_route,ensoleillé
2022-10-17 20:59:36,Centre Médical d'Excellence,A-,46,4,0,42,3.9,1,57.5,attention,Urgent: vérifier température stockage,0,20,10,False,False,normal,ensoleillé
2022-10-18 02:15:59,Centre Médical d'Excellence,O-,25,7,0,18,3.9,15,96.0,faible,"Bon état général, légère variation température",1,2,10,False,False,normal,pluvieux
2022-10-18 11:06:30,Centre Médical d'Excellence,O+,50,8,13,55,4.3,2,91.0,normale,Parfait pour transfusion immédiate,1,11,10,False,False,normal,ensoleillé
2022-10-18 15:53:09,Centre Médical d'Excellence,AB+,51,8,0,43,4.0,1,61.2,attention,Contrôle bactériologique négatif,1,15,10,False,False,normal,nuageux
2022-10-19 04:52:43,Centre Médical d'Excellence,A+,20,2,16,34,4.1,8,100.0,normale,Parfait pour transfusion immédiate,2,4,10,False,False,normal,pluvieux
2022-10-19 16:25:51,Centre Médical d'Excellence,O+,57,7,0,50,4.2,1,58.2,attention,Hémoglobine dans les normes,2,16,10,False,False,normal,pluvieux
2022-10-20 07:25:19,Centre Médical d'Excellence,A+,57,8,0,49,4.5,5,96.2,normale,Urgent: vérifier température stockage,3,7,10,False,False,normal,pluvieux
2022-10-20 12:27:25,Centre Médical d'Excellence,O+,61,11,0,50,3.9,24,100.0,normale,Attention: proche expiration,3,12,10,False,False,normal,orageux
2022-10-20 16:31:22,Centre Médical d'Excellence,O+,33,6,17,44,3.6,5,100.0,normale,Urgent: vérifier température stockage,3,16,10,False,False,épidémie,ensoleillé
2022-10-20 19:37:05,Centre Médical d'Excellence,O+,61,8,0,53,4.1,39,100.0,normale,Urgent: vérifier température stockage,3,19,10,False,False,urgence_médicale,pluvieux
2022-10-21 09:32:20,Centre Médical d'Excellence,A+,62,8,0,54,4.7,1,65.8,attention,"Bon état général, légère variation température",4,9,10,False,False,normal,ensoleillé
2022-10-21 21:06:19,Centre Médical d'Excellence,O+,46,7,0,39,4.4,23,100.0,normale,"Bon état général, légère variation température",4,21,10,False,False,normal,ensoleillé
2022-10-21 21:35:27,Centre Médical d'Excellence,A+,56,10,0,46,4.3,12,100.0,normale,Hémoglobine dans les normes,4,21,10,False,False,accident_route,pluvieux
2022-10-22 00:23:32,Centre Médical d'Excellence,O+,12,4,16,24,4.3,13,100.0,normale,Attention: proche expiration,5,0,10,True,False,normal,pluvieux
2022-10-22 07:24:47,Centre Médical d'Excellence,A+,33,5,17,45,4.7,13,100.0,normale,"Bon état général, légère variation température",5,7,10,True,False,urgence_médicale,ensoleillé
2022-10-22 22:00:45,Centre Médical d'Excellence,B+,51,7,0,44,4.4,20,100.0,normale,"Excellent état, conservation parfaite",5,22,10,True,False,normal,ensoleillé
2022-10-22 23:04:03,Centre Médical d'Excellence,O+,11,5,0,6,4.1,14,100.0,critique,URGENT: Stock critique - Urgent: vérifier température stockage,5,23,10,True,False,normal,ensoleillé
2022-10-23 03:42:47,Centre Médical d'Excellence,B-,11,7,0,4,3.4,23,95.0,critique,"URGENT: Stock critique - État satisfaisant, contrôle qualité OK",6,3,10,True,False,normal,ensoleillé
2022-10-23 07:34:49,Centre Médical d'Excellence,A+,17,4,0,13,3.9,14,96.4,faible,"Excellent état, conservation parfaite",6,7,10,True,False,normal,pluvieux
2022-10-23 10:41:18,Centre Médical d'Excellence,O+,35,9,0,26,4.3,22,98.2,normale,Contrôle bactériologique négatif,6,10,10,True,False,normal,pluvieux
2022-10-23 16:02:57,Centre Médical d'Excellence,A+,39,6,0,33,3.8,32,95.7,normale,Attention: proche expiration,6,16,10,True,False,normal,pluvieux
2022-10-23 20:34:21,Centre Médical d'Excellence,A+,19,4,0,15,4.0,23,100.0,faible,"Excellent état, conservation parfaite",6,20,10,True,False,normal,orageux
2022-10-24 02:39:49,Centre Médical d'Excellence,O+,34,10,0,24,5.0,1,63.5,attention,Attention: proche expiration,0,2,10,False,False,normal,nuageux
2022-10-24 05:18:02,Centre Médical d'Excellence,A+,36,8,0,28,4.3,11,100.0,normale,"Excellent état, conservation parfaite",0,5,10,False,False,normal,pluvieux
2022-10-24 09:53:56,Centre Médical d'Excellence,B+,33,7,0,26,4.2,2,83.4,normale,"Bon état général, légère variation température",0,9,10,False,False,normal,ensoleillé
2022-10-25 02:16:51,Centre Médical d'Excellence,A+,28,4,22,46,4.7,1,61.0,attention,"Bon état général, légère variation température",1,2,10,False,False,normal,ensoleillé
2022-10-25 03:08:33,Centre Médical d'Excellence,A+,21,8,22,35,4.0,5,96.1,normale,Hémoglobine dans les normes,1,3,10,False,False,normal,pluvieux
2022-10-25 05:32:46,Centre Médical d'Excellence,B-,23,8,18,33,4.1,12,96.6,normale,"État satisfaisant, contrôle qualité OK",1,5,10,False,False,normal,nuageux
2022-10-25 07:53:26,Centre Médical d'Excellence,A+,39,10,0,29,3.7,1,60.8,attention,"Excellent état, conservation parfaite",1,7,10,False,False,normal,orageux
2022-10-25 14:45:01,Centre Médical d'Excellence,B-,67,6,0,61,4.4,29,100.0,normale,"État satisfaisant, contrôle qualité OK",1,14,10,False,False,normal,ensoleillé
2022-10-25 22:33:41,Centre Médical d'Excellence,O+,23,7,0,16,3.4,3,92.4,faible,Hémoglobine dans les normes,1,22,10,False,False,normal,ensoleillé
2022-10-25 23:22:45,Centre Médical d'Excellence,B+,35,3,11,43,3.8,2,91.7,normale,"Excellent état, conservation parfaite",1,23,10,False,False,normal,ensoleillé
2022-10-26 09:04:18,Centre Médical d'Excellence,A+,77,7,19,89,4.2,5,100.0,normale,Attention: proche expiration,2,9,10,False,False,normal,nuageux
2022-10-26 09:19:47,Centre Médical d'Excellence,O-,71,9,0,62,4.1,29,100.0,normale,Contrôle bactériologique négatif,2,9,10,False,False,normal,ensoleillé
2022-10-26 20:50:23,Centre Médical d'Excellence,A-,54,6,0,48,4.9,22,100.0,normale,Attention: proche expiration,2,20,10,False,False,normal,nuageux
2022-10-26 22:40:10,Centre Médical d'Excellence,O+,56,6,31,81,3.0,7,96.2,normale,"Bon état général, légère variation température",2,22,10,False,False,normal,ensoleillé
2022-10-27 21:01:46,Centre Médical d'Excellence,B-,61,7,0,54,4.6,22,96.3,normale,Urgent: vérifier température stockage,3,21,10,False,False,normal,ensoleillé
2022-10-28 06:06:23,Centre Médical d'Excellence,A-,55,10,0,45,4.1,31,99.7,normale,Parfait pour transfusion immédiate,4,6,10,False,False,normal,ensoleillé
2022-10-28 11:59:25,Centre Médical d'Excellence,O+,43,7,0,36,3.8,20,93.8,normale,Urgent: vérifier température stockage,4,11,10,False,False,normal,ensoleillé
2022-10-28 21:45:48,Centre Médical d'Excellence,A+,37,13,0,24,4.0,15,99.0,normale,Urgent: vérifier température stockage,4,21,10,False,False,normal,ensoleillé
2022-10-29 00:01:44,Centre Médical d'Excellence,O+,25,5,16,36,4.0,39,100.0,normale,"Excellent état, conservation parfaite",5,0,10,True,False,normal,pluvieux
2022-10-29 09:27:07,Centre Médical d'Excellence,O-,47,6,0,41,3.2,17,100.0,normale,Urgent: vérifier température stockage,5,9,10,True,False,normal,nuageux
2022-10-29 13:58:08,Centre Médical d'Excellence,A+,44,3,0,41,3.6,18,100.0,normale,Hémoglobine dans les normes,5,13,10,True,False,normal,orageux
2022-10-29 20:45:39,Centre Médical d'Excellence,O+,41,6,20,55,3.9,1,57.9,attention,"État satisfaisant, contrôle qualité OK",5,20,10,True,False,normal,pluvieux
2022-10-29 20:52:14,Centre Médical d'Excellence,AB+,34,4,0,30,3.8,16,94.4,normale,"Bon état général, légère variation température",5,20,10,True,False,normal,ensoleillé
2022-10-29 20:53:00,Centre Médical d'Excellence,A-,36,9,21,48,3.4,1,67.1,attention,Contrôle bactériologique négatif,5,20,10,True,False,normal,orageux
2022-10-30 06:24:17,Centre Médical d'Excellence,A+,39,6,15,48,3.9,19,98.2,normale,"État satisfaisant, contrôle qualité OK",6,6,10,True,False,normal,ensoleillé
2022-10-30 15:04:48,Centre Médical d'Excellence,O+,41,6,0,35,3.6,17,99.4,normale,Contrôle bactériologique négatif,6,15,10,True,False,normal,ensoleillé
2022-10-30 21:48:13,Centre Médical d'Excellence,O+,42,5,0,37,3.6,3,72.5,normale,"Excellent état, conservation parfaite",6,21,10,True,False,normal,pluvieux
2022-10-31 22:55:36,Centre Médical d'Excellence,A+,70,6,20,84,3.3,38,98.1,normale,Parfait pour transfusion immédiate,0,22,10,False,False,normal,pluvieux
2022-11-01 09:51:28,Centre Médical d'Excellence,O+,56,12,0,44,4.1,11,100.0,normale,Contrôle bactériologique négatif,1,9,11,False,False,normal,pluvieux
2022-11-01 20:41:58,Centre Médical d'Excellence,A+,20,6,0,14,5.2,27,97.5,faible,Contrôle bactériologique négatif,1,20,11,False,False,normal,orageux
2022-11-01 21:33:02,Centre Médical d'Excellence,B+,47,1,0,46,3.5,8,100.0,normale,Urgent: vérifier température stockage,1,21,11,False,False,campagne_don,ensoleillé
2022-11-01 23:14:11,Centre Médical d'Excellence,O+,17,5,14,26,4.1,2,82.1,normale,Hémoglobine dans les normes,1,23,11,False,False,normal,nuageux
2022-11-02 04:07:17,Centre Médical d'Excellence,A+,13,3,0,10,3.6,2,91.2,faible,Hémoglobine dans les normes,2,4,11,False,False,normal,ensoleillé
2022-11-02 07:08:38,Centre Médical d'Excellence,A+,32,1,22,53,4.3,3,90.9,normale,"Bon état général, légère variation température",2,7,11,False,False,normal,ensoleillé
2022-11-03 03:30:06,Centre Médical d'Excellence,O+,29,7,16,38,3.7,24,100.0,normale,Attention: proche expiration,3,3,11,False,False,normal,ensoleillé
2022-11-03 07:14:27,Centre Médical d'Excellence,O-,35,5,0,30,3.0,38,99.1,normale,"État satisfaisant, contrôle qualité OK",3,7,11,False,False,normal,ensoleillé
2022-11-03 10:37:04,Centre Médical d'Excellence,O+,38,13,0,25,4.0,6,100.0,normale,"Excellent état, conservation parfaite",3,10,11,False,False,normal,pluvieux
2022-11-04 00:14:37,Centre Médical d'Excellence,B-,26,12,0,14,3.9,38,93.8,faible,Contrôle bactériologique négatif,4,0,11,False,False,normal,orageux
2022-11-04 20:20:32,Centre Médical d'Excellence,A+,39,9,0,30,3.6,20,94.7,normale,Hémoglobine dans les normes,4,20,11,False,False,normal,pluvieux
2022-11-04 20:52:04,Centre Médical d'Excellence,O+,55,4,0,51,3.6,4,92.6,normale,Parfait pour transfusion immédiate,4,20,11,False,False,normal,ensoleillé
2022-11-05 06:39:35,Centre Médical d'Excellence,A+,52,5,0,47,4.2,32,98.9,normale,Hémoglobine dans les normes,5,6,11,True,False,normal,pluvieux
2022-11-05 08:50:59,Centre Médical d'Excellence,O+,29,4,0,25,3.3,7,93.9,normale,"Bon état général, légère variation température",5,8,11,True,False,normal,ensoleillé
2022-11-05 09:27:58,Centre Médical d'Excellence,A+,17,3,0,14,4.0,13,88.0,faible,"État satisfaisant, contrôle qualité OK",5,9,11,True,False,normal,nuageux
2022-11-05 11:27:35,Centre Médical d'Excellence,O+,47,8,15,54,4.6,6,100.0,normale,Parfait pour transfusion immédiate,5,11,11,True,False,normal,ensoleillé
2022-11-05 16:17:13,Centre Médical d'Excellence,B+,37,8,0,29,3.2,6,100.0,normale,"Excellent état, conservation parfaite",5,16,11,True,False,normal,ensoleillé
2022-11-06 03:53:32,Centre Médical d'Excellence,O+,17,1,0,16,3.7,1,61.8,faible,Contrôle bactériologique négatif,6,3,11,True,False,normal,nuageux
2022-11-06 04:00:04,Centre Médical d'Excellence,O+,17,5,0,12,3.5,1,54.2,faible,Hémoglobine dans les normes,6,4,11,True,False,normal,ensoleillé
2022-11-06 21:45:19,Centre Médical d'Excellence,A+,24,2,0,22,4.6,1,59.2,attention,Attention: proche expiration,6,21,11,True,False,normal,pluvieux
2022-11-07 01:27:54,Centre Médical d'Excellence,A+,25,8,22,39,4.2,11,100.0,normale,Urgent: vérifier température stockage,0,1,11,False,False,normal,ensoleillé
2022-11-07 05:21:54,Centre Médical d'Excellence,A-,27,7,23,43,4.2,6,92.4,normale,"Excellent état, conservation parfaite",0,5,11,False,False,normal,pluvieux
2022-11-08 04:00:04,Centre Médical d'Excellence,A-,28,6,0,22,3.7,1,56.7,attention,"Bon état général, légère variation température",1,4,11,False,False,normal,ensoleillé
2022-11-08 07:02:03,Centre Médical d'Excellence,A+,33,8,0,25,4.1,17,98.2,normale,"Bon état général, légère variation température",1,7,11,False,False,accident_route,pluvieux
2022-11-10 17:28:45,Centre Médical d'Excellence,A+,35,2,0,33,4.5,4,86.5,normale,Hémoglobine dans les normes,3,17,11,False,False,normal,orageux
2022-11-10 18:17:39,Centre Médical d'Excellence,B+,45,8,20,57,4.8,4,86.1,normale,"Excellent état, conservation parfaite",3,18,11,False,False,normal,ensoleillé
2022-11-10 22:22:08,Centre Médical d'Excellence,A+,30,12,0,18,3.9,25,97.3,faible,"État satisfaisant, contrôle qualité OK",3,22,11,False,False,normal,pluvieux
2022-11-11 02:59:20,Centre Médical d'Excellence,A+,16,8,0,8,3.1,4,85.6,critique,URGENT: Stock critique - Contrôle bactériologique négatif,4,2,11,False,False,normal,nuageux
2022-11-11 06:16:12,Centre Médical d'Excellence,O-,48,5,0,43,4.7,1,60.9,attention,Hémoglobine dans les normes,4,6,11,False,False,normal,orageux
2022-11-11 14:20:58,Centre Médical d'Excellence,A+,48,8,0,40,4.7,16,98.5,normale,"Excellent état, conservation parfaite",4,14,11,False,False,normal,pluvieux
2022-11-12 05:53:22,Centre Médical d'Excellence,A+,17,6,0,11,3.9,24,100.0,faible,"Excellent état, conservation parfaite",5,5,11,True,False,normal,nuageux
2022-11-13 21:29:51,Centre Médical d'Excellence,O-,32,8,20,44,4.1,1,50.7,attention,Attention: proche expiration,6,21,11,True,False,normal,nuageux
2022-11-13 22:29:41,Centre Médical d'Excellence,O-,42,5,23,60,3.6,1,64.0,attention,Contrôle bactériologique négatif,6,22,11,True,False,normal,pluvieux
2022-11-15 00:23:38,Centre Médical d'Excellence,A-,30,5,0,25,3.9,25,92.4,normale,Contrôle bactériologique négatif,1,0,11,False,False,normal,nuageux
2022-11-15 11:37:37,Centre Médical d'Excellence,O+,17,5,0,12,2.9,21,93.0,faible,"État satisfaisant, contrôle qualité OK",1,11,11,False,False,normal,ensoleillé
2022-11-15 13:46:32,Centre Médical d'Excellence,O+,69,7,23,85,4.9,1,64.6,attention,"État satisfaisant, contrôle qualité OK",1,13,11,False,False,normal,ensoleillé
2022-11-16 01:24:10,Centre Médical d'Excellence,O-,19,6,20,33,4.4,3,72.7,normale,"État satisfaisant, contrôle qualité OK",2,1,11,False,False,normal,nuageux
2022-11-17 05:43:29,Centre Médical d'Excellence,A+,6,8,18,18,4.2,11,98.7,faible,Contrôle bactériologique négatif,3,5,11,False,False,accident_route,orageux
2022-11-18 00:29:45,Centre Médical d'Excellence,O+,17,7,0,10,4.4,22,93.3,faible,Hémoglobine dans les normes,4,0,11,False,False,normal,ensoleillé
2022-11-18 03:06:56,Centre Médical d'Excellence,O-,15,7,0,8,3.9,3,85.2,critique,"URGENT: Stock critique - État satisfaisant, contrôle qualité OK",4,3,11,False,False,normal,ensoleillé
2022-11-18 09:00:23,Centre Médical d'Excellence,A-,54,12,0,42,4.2,4,84.1,normale,Urgent: vérifier température stockage,4,9,11,False,False,normal,pluvieux
2022-11-18 11:05:16,Centre Médical d'Excellence,O+,38,6,12,44,4.8,83,100.0,normale,"Excellent état, conservation parfaite",4,11,11,False,False,normal,ensoleillé
2022-11-18 13:52:35,Centre Médical d'Excellence,A+,73,8,0,65,4.1,5,99.9,normale,Contrôle bactériologique négatif,4,13,11,False,False,normal,nuageux
2022-11-19 19:45:03,Centre Médical d'Excellence,A+,32,4,13,41,4.1,16,100.0,normale,"Excellent état, conservation parfaite",5,19,11,True,False,normal,ensoleillé
2022-11-19 19:54:46,Centre Médical d'Excellence,A+,35,1,0,34,3.7,9,100.0,normale,Contrôle bactériologique négatif,5,19,11,True,False,normal,pluvieux
2022-11-20 06:02:45,Centre Médical d'Excellence,O+,40,7,19,52,3.8,5,100.0,normale,Parfait pour transfusion immédiate,6,6,11,True,False,normal,pluvieux
2022-11-22 03:52:02,Centre Médical d'Excellence,B+,22,11,0,11,3.8,13,100.0,faible,Urgent: vérifier température stockage,1,3,11,False,False,normal,pluvieux
2022-11-22 06:37:50,Centre Médical d'Excellence,A+,34,6,0,28,5.3,18,100.0,normale,"Excellent état, conservation parfaite",1,6,11,False,False,normal,ensoleillé
2022-11-22 07:28:40,Centre Médical d'Excellence,O+,33,14,0,19,5.1,4,84.6,faible,Attention: proche expiration,1,7,11,False,False,normal,ensoleillé
2022-11-22 12:27:31,Centre Médical d'Excellence,O+,45,9,23,59,3.4,4,89.6,normale,Urgent: vérifier température stockage,1,12,11,False,False,normal,pluvieux
2022-11-22 17:36:37,Centre Médical d'Excellence,A+,45,10,25,60,4.2,25,100.0,normale,"Excellent état, conservation parfaite",1,17,11,False,False,normal,ensoleillé
2022-11-22 20:24:58,Centre Médical d'Excellence,O+,25,5,0,20,4.4,18,99.3,normale,Attention: proche expiration,1,20,11,False,False,urgence_médicale,nuageux
2022-11-23 02:06:55,Centre Médical d'Excellence,O+,18,3,0,15,3.6,4,80.6,faible,Parfait pour transfusion immédiate,2,2,11,False,False,normal,pluvieux
2022-11-24 00:18:32,Centre Médical d'Excellence,O+,15,8,0,7,3.3,27,98.7,critique,URGENT: Stock critique - Parfait pour transfusion immédiate,3,0,11,False,False,normal,nuageux
2022-11-24 13:48:00,Centre Médical d'Excellence,A+,51,4,0,47,3.6,19,100.0,normale,"Excellent état, conservation parfaite",3,13,11,False,False,épidémie,pluvieux
2022-11-25 14:00:52,Centre Médical d'Excellence,O+,65,5,0,60,3.6,8,100.0,normale,"État satisfaisant, contrôle qualité OK",4,14,11,False,False,normal,pluvieux
2022-11-25 18:02:26,Centre Médical d'Excellence,A+,35,9,0,26,5.2,8,96.1,normale,Contrôle bactériologique négatif,4,18,11,False,False,normal,ensoleillé
2022-11-25 23:45:34,Centre Médical d'Excellence,O+,18,9,0,9,3.5,25,99.5,critique,URGENT: Stock critique - Urgent: vérifier température stockage,4,23,11,False,False,normal,pluvieux
2022-11-26 13:41:30,Centre Médical d'Excellence,A+,29,2,0,27,4.3,12,100.0,normale,"Bon état général, légère variation température",5,13,11,True,False,normal,orageux
2022-11-27 05:17:58,Centre Médical d'Excellence,O+,16,7,0,9,3.9,2,85.1,critique,URGENT: Stock critique - Urgent: vérifier température stockage,6,5,11,True,False,normal,pluvieux
2022-11-27 05:27:28,Centre Médical d'Excellence,O+,10,6,16,20,4.4,1,67.6,attention,Contrôle bactériologique négatif,6,5,11,True,False,normal,ensoleillé
2022-11-27 11:41:50,Centre Médical d'Excellence,O+,44,3,20,61,4.0,24,98.8,normale,"Excellent état, conservation parfaite",6,11,11,True,False,normal,ensoleillé
2022-11-27 22:33:00,Centre Médical d'Excellence,O+,30,5,22,47,3.9,9,98.1,normale,Parfait pour transfusion immédiate,6,22,11,True,False,normal,ensoleillé
2022-11-27 23:22:45,Centre Médical d'Excellence,A+,18,7,0,11,4.5,24,94.3,faible,"Excellent état, conservation parfaite",6,23,11,True,False,urgence_médicale,pluvieux
2022-11-28 17:15:17,Centre Médical d'Excellence,A-,48,9,0,39,4.3,1,63.2,attention,"État satisfaisant, contrôle qualité OK",0,17,11,False,False,normal,pluvieux
2022-11-29 02:12:56,Centre Médical d'Excellence,O+,26,12,0,14,4.9,1,66.9,faible,Contrôle bactériologique négatif,1,2,11,False,False,normal,nuageux
2022-11-29 04:39:43,Centre Médical d'Excellence,A+,17,6,0,11,4.6,8,89.8,faible,"Bon état général, légère variation température",1,4,11,False,False,normal,ensoleillé
2022-11-29 06:45:25,Centre Médical d'Excellence,O+,29,11,23,41,4.0,10,95.8,normale,Contrôle bactériologique négatif,1,6,11,False,False,normal,nuageux
2022-11-29 09:47:01,Centre Médical d'Excellence,O+,77,10,13,80,3.9,1,64.7,attention,Urgent: vérifier température stockage,1,9,11,False,False,normal,nuageux
2022-11-29 16:13:42,Centre Médical d'Excellence,O+,57,5,22,74,3.1,10,97.4,normale,Hémoglobine dans les normes,1,16,11,False,False,normal,nuageux
2022-11-29 19:57:52,Centre Médical d'Excellence,O+,58,6,0,52,3.5,86,87.1,normale,Contrôle bactériologique négatif,1,19,11,False,False,normal,ensoleillé
2022-11-30 04:19:27,Centre Médical d'Excellence,A+,33,3,20,50,3.9,65,100.0,normale,"État satisfaisant, contrôle qualité OK",2,4,11,False,False,normal,ensoleillé
2022-11-30 10:26:20,Centre Médical d'Excellence,A+,40,4,0,36,3.8,7,98.7,normale,"État satisfaisant, contrôle qualité OK",2,10,11,False,False,normal,pluvieux
2022-11-30 19:48:18,Centre Médical d'Excellence,O+,77,9,23,91,4.0,1,63.7,attention,"État satisfaisant, contrôle qualité OK",2,19,11,False,False,normal,nuageux
2022-12-01 00:58:46,Centre Médical d'Excellence,O-,45,8,0,37,3.6,1,60.2,attention,"Excellent état, conservation parfaite",3,0,12,False,True,normal,pluvieux
2022-12-01 11:59:28,Centre Médical d'Excellence,O+,71,16,0,55,4.1,15,100.0,normale,"Bon état général, légère variation température",3,11,12,False,True,normal,pluvieux
2022-12-01 23:02:08,Centre Médical d'Excellence,A+,29,6,0,23,5.0,13,100.0,normale,Contrôle bactériologique négatif,3,23,12,False,True,normal,ensoleillé
2022-12-02 10:13:45,Centre Médical d'Excellence,O+,30,8,0,22,4.3,1,57.1,attention,"Excellent état, conservation parfaite",4,10,12,False,True,normal,nuageux
2022-12-02 17:08:29,Centre Médical d'Excellence,B+,56,11,0,45,4.4,1,60.3,attention,Attention: proche expiration,4,17,12,False,True,normal,ensoleillé
2022-12-03 17:27:42,Centre Médical d'Excellence,O+,43,11,0,32,4.4,10,96.7,normale,Urgent: vérifier température stockage,5,17,12,True,True,normal,ensoleillé
2022-12-03 20:06:20,Centre Médical d'Excellence,A+,43,7,0,36,3.3,48,100.0,normale,"Bon état général, légère variation température",5,20,12,True,True,normal,ensoleillé
2022-12-03 21:12:37,Centre Médical d'Excellence,A+,43,10,18,51,3.0,8,100.0,normale,"État satisfaisant, contrôle qualité OK",5,21,12,True,True,normal,ensoleillé
2022-12-04 16:36:42,Centre Médical d'Excellence,O+,45,3,0,42,3.6,2,86.8,normale,"État satisfaisant, contrôle qualité OK",6,16,12,True,True,normal,ensoleillé
2022-12-04 20:40:06,Centre Médical d'Excellence,O+,29,2,0,27,4.3,15,98.2,normale,Contrôle bactériologique négatif,6,20,12,True,True,urgence_médicale,nuageux
2022-12-05 01:25:11,Centre Médical d'Excellence,A+,25,7,0,18,4.1,47,100.0,faible,Contrôle bactériologique négatif,0,1,12,False,True,normal,orageux
2022-12-05 12:34:17,Centre Médical d'Excellence,A+,70,6,0,64,4.1,1,58.5,attention,Hémoglobine dans les normes,0,12,12,False,True,normal,nuageux
2022-12-06 05:19:57,Centre Médical d'Excellence,O+,32,16,0,16,3.3,8,100.0,faible,"Bon état général, légère variation température",1,5,12,False,True,normal,ensoleillé
2022-12-06 07:49:00,Centre Médical d'Excellence,O+,67,12,14,69,3.9,22,94.5,normale,Hémoglobine dans les normes,1,7,12,False,True,normal,ensoleillé
2022-12-06 19:19:51,Centre Médical d'Excellence,A+,66,7,0,59,3.9,4,93.0,normale,Urgent: vérifier température stockage,1,19,12,False,True,normal,ensoleillé
2022-12-07 08:00:18,Centre Médical d'Excellence,A+,20,7,0,13,4.2,1,61.7,faible,Parfait pour transfusion immédiate,2,8,12,False,True,normal,nuageux
2022-12-07 08:08:00,Centre Médical d'Excellence,O+,62,19,13,56,3.9,1,59.0,attention,Parfait pour transfusion immédiate,2,8,12,False,True,normal,ensoleillé
2022-12-07 08:21:08,Centre Médical d'Excellence,AB+,74,10,0,64,3.6,11,100.0,normale,"Bon état général, légère variation température",2,8,12,False,True,normal,ensoleillé
2022-12-08 13:46:23,Centre Médical d'Excellence,A+,55,10,0,45,4.3,4,84.8,normale,"Bon état général, légère variation température",3,13,12,False,True,normal,orageux
2022-12-08 22:21:00,Centre Médical d'Excellence,O+,71,6,0,65,5.0,2,81.9,normale,Urgent: vérifier température stockage,3,22,12,False,True,normal,pluvieux
2022-12-09 05:19:51,Centre Médical d'Excellence,O+,38,10,0,28,4.1,12,98.4,normale,Urgent: vérifier température stockage,4,5,12,False,True,normal,pluvieux
2022-12-09 14:59:28,Centre Médical d'Excellence,A-,68,13,20,75,4.8,7,92.6,normale,"État satisfaisant, contrôle qualité OK",4,14,12,False,True,normal,nuageux
2022-12-10 03:29:17,Centre Médical d'Excellence,O+,26,4,0,22,4.7,12,96.5,normale,"Excellent état, conservation parfaite",5,3,12,True,True,normal,ensoleillé
2022-12-10 05:09:13,Centre Médical d'Excellence,B+,21,10,0,11,3.2,28,98.9,faible,"État satisfaisant, contrôle qualité OK",5,5,12,True,True,campagne_don,ensoleillé
2022-12-10 20:55:03,Centre Médical d'Excellence,B+,38,5,0,33,4.5,58,100.0,normale,Parfait pour transfusion immédiate,5,20,12,True,True,normal,orageux
2022-12-11 04:33:20,Centre Médical d'Excellence,A-,23,7,19,35,4.4,1,49.1,attention,"État satisfaisant, contrôle qualité OK",6,4,12,True,True,urgence_médicale,nuageux
2022-12-12 02:37:07,Centre Médical d'Excellence,A+,33,12,19,40,4.2,9,100.0,normale,"Bon état général, légère variation température",0,2,12,False,True,normal,pluvieux
2022-12-13 08:25:55,Centre Médical d'Excellence,O+,57,6,0,51,4.6,4,87.8,normale,"Excellent état, conservation parfaite",1,8,12,False,True,normal,nuageux
2022-12-13 09:32:00,Centre Médical d'Excellence,O+,67,13,0,54,4.4,17,93.6,normale,Hémoglobine dans les normes,1,9,12,False,True,normal,pluvieux
2022-12-13 10:15:20,Centre Médical d'Excellence,A+,48,4,22,66,4.5,5,100.0,normale,Contrôle bactériologique négatif,1,10,12,False,True,normal,orageux
2022-12-13 15:08:01,Centre Médical d'Excellence,O+,69,4,19,84,3.1,1,56.1,attention,Hémoglobine dans les normes,1,15,12,False,True,normal,pluvieux
2022-12-13 23:45:13,Centre Médical d'Excellence,O+,26,8,21,39,4.1,10,100.0,normale,Parfait pour transfusion immédiate,1,23,12,False,True,normal,ensoleillé
2022-12-15 01:09:47,Centre Médical d'Excellence,O+,33,8,19,44,4.7,12,100.0,normale,"Excellent état, conservation parfaite",3,1,12,False,True,campagne_don,pluvieux
2022-12-15 15:03:09,Centre Médical d'Excellence,A+,92,8,0,84,4.2,1,56.7,attention,Parfait pour transfusion immédiate,3,15,12,False,True,normal,pluvieux
2022-12-15 23:41:40,Centre Médical d'Excellence,A+,26,6,22,42,4.2,2,80.2,normale,"Excellent état, conservation parfaite",3,23,12,False,True,normal,ensoleillé
2022-12-16 01:23:37,Centre Médical d'Excellence,AB-,34,11,21,44,4.8,8,100.0,normale,"État satisfaisant, contrôle qualité OK",4,1,12,False,True,normal,pluvieux
2022-12-16 05:04:37,Centre Médical d'Excellence,B+,25,5,20,40,4.3,6,100.0,normale,Hémoglobine dans les normes,4,5,12,False,True,normal,ensoleillé
2022-12-16 22:51:51,Centre Médical d'Excellence,A+,42,13,0,29,3.5,5,93.5,normale,Urgent: vérifier température stockage,4,22,12,False,True,normal,orageux
2022-12-17 09:38:06,Centre Médical d'Excellence,A+,50,8,21,63,4.0,3,87.6,normale,Hémoglobine dans les normes,5,9,12,True,True,normal,pluvieux
2022-12-18 01:44:11,Centre Médical d'Excellence,B+,28,7,0,21,4.7,6,93.7,normale,Hémoglobine dans les normes,6,1,12,True,True,normal,pluvieux
2022-12-18 02:41:11,Centre Médical d'Excellence,A+,16,5,0,11,3.7,22,100.0,faible,Urgent: vérifier température stockage,6,2,12,True,True,normal,ensoleillé
2022-12-18 02:52:58,Centre Médical d'Excellence,B+,22,8,0,14,4.3,25,95.5,faible,Contrôle bactériologique négatif,6,2,12,True,True,normal,nuageux
2022-12-18 09:32:44,Centre Médical d'Excellence,A+,32,12,0,20,4.3,3,87.6,normale,Attention: proche expiration,6,9,12,True,True,normal,ensoleillé
2022-12-19 10:01:22,Centre Médical d'Excellence,O+,66,2,0,64,3.3,12,95.7,normale,Hémoglobine dans les normes,0,10,12,False,True,campagne_don,ensoleillé
2022-12-19 10:17:54,Centre Médical d'Excellence,O+,69,9,17,77,4.5,1,68.3,attention,Contrôle bactériologique négatif,0,10,12,False,True,normal,nuageux
2022-12-19 21:40:50,Centre Médical d'Excellence,A+,54,10,0,44,2.7,71,100.0,normale,Contrôle bactériologique négatif,0,21,12,False,True,normal,nuageux
2022-12-20 05:49:33,Centre Médical d'Excellence,O+,32,10,0,22,3.5,1,58.7,attention,Contrôle bactériologique négatif,1,5,12,False,True,normal,ensoleillé
2022-12-20 06:34:10,Centre Médical d'Excellence,O+,42,5,0,37,4.1,4,83.5,normale,Urgent: vérifier température stockage,1,6,12,False,True,normal,nuageux
2022-12-21 03:04:56,Centre Médical d'Excellence,O+,9,15,25,25,4.1,34,100.0,normale,Urgent: vérifier température stockage,2,3,12,False,True,normal,ensoleillé
2022-12-21 14:06:53,Centre Médical d'Excellence,A-,42,8,0,34,3.2,84,99.2,normale,Hémoglobine dans les normes,2,14,12,False,True,normal,nuageux
2022-12-21 18:27:36,Centre Médical d'Excellence,AB+,63,4,18,77,4.6,2,87.6,normale,Parfait pour transfusion immédiate,2,18,12,False,True,normal,orageux
2022-12-21 21:14:28,Centre Médical d'Excellence,A+,91,9,0,82,3.7,6,96.0,normale,Attention: proche expiration,2,21,12,False,True,normal,ensoleillé
2022-12-21 21:45:24,Centre Médical d'Excellence,O+,63,14,14,63,4.3,27,100.0,normale,"Excellent état, conservation parfaite",2,21,12,False,True,normal,ensoleillé
2022-12-22 03:17:01,Centre Médical d'Excellence,O+,45,4,0,41,4.5,1,59.5,attention,"État satisfaisant, contrôle qualité OK",3,3,12,False,True,normal,pluvieux
2022-12-22 09:15:20,Centre Médical d'Excellence,O+,57,9,0,48,4.9,35,93.3,normale,Hémoglobine dans les normes,3,9,12,False,True,normal,nuageux
2022-12-22 12:53:44,Centre Médical d'Excellence,A+,69,6,0,63,3.6,10,95.4,normale,Urgent: vérifier température stockage,3,12,12,False,True,normal,ensoleillé
2022-12-22 15:23:32,Centre Médical d'Excellence,A+,50,11,0,39,3.9,31,100.0,normale,Contrôle bactériologique négatif,3,15,12,False,True,normal,ensoleillé
2022-12-24 08:49:40,Centre Médical d'Excellence,AB+,33,3,0,30,4.7,5,95.8,normale,"Excellent état, conservation parfaite",5,8,12,True,True,campagne_don,ensoleillé
2022-12-24 13:54:54,Centre Médical d'Excellence,AB+,26,11,28,43,4.3,2,83.3,normale,"Bon état général, légère variation température",5,13,12,True,True,normal,ensoleillé
2022-12-24 18:32:26,Centre Médical d'Excellence,O+,48,6,0,42,4.4,43,93.2,normale,Parfait pour transfusion immédiate,5,18,12,True,True,normal,pluvieux
2022-12-24 18:40:39,Centre Médical d'Excellence,B+,44,7,0,37,3.6,39,98.3,normale,Contrôle bactériologique négatif,5,18,12,True,True,normal,ensoleillé
2022-12-24 22:28:30,Centre Médical d'Excellence,A+,42,3,22,61,3.5,12,96.5,normale,Hémoglobine dans les normes,5,22,12,True,True,normal,nuageux
2022-12-25 01:34:05,Centre Médical d'Excellence,O-,33,9,0,24,4.2,13,100.0,normale,"Bon état général, légère variation température",6,1,12,True,True,normal,pluvieux
2022-12-25 04:27:26,Centre Médical d'Excellence,A+,12,2,0,10,3.2,28,98.6,faible,"Bon état général, légère variation température",6,4,12,True,True,normal,ensoleillé
2022-12-25 08:08:04,Centre Médical d'Excellence,O+,39,3,0,36,4.7,2,82.6,normale,"Excellent état, conservation parfaite",6,8,12,True,True,normal,nuageux
2022-12-25 15:30:13,Centre Médical d'Excellence,O+,58,8,0,50,3.4,14,100.0,normale,Contrôle bactériologique négatif,6,15,12,True,True,normal,ensoleillé
2022-12-25 19:51:47,Centre Médical d'Excellence,O+,12,4,0,8,4.0,6,100.0,critique,URGENT: Stock critique - Attention: proche expiration,6,19,12,True,True,normal,pluvieux
2022-12-26 05:04:01,Centre Médical d'Excellence,A+,19,11,0,8,5.0,28,100.0,critique,URGENT: Stock critique - Attention: proche expiration,0,5,12,False,True,normal,ensoleillé
2022-12-26 16:07:25,Centre Médical d'Excellence,A-,41,11,0,30,3.1,2,87.5,normale,Attention: proche expiration,0,16,12,False,True,normal,ensoleillé
2022-12-26 21:24:23,Centre Médical d'Excellence,O+,63,17,27,73,4.3,42,100.0,normale,Urgent: vérifier température stockage,0,21,12,False,True,normal,pluvieux
2022-12-27 01:44:16,Centre Médical d'Excellence,A+,27,5,0,22,4.1,6,97.3,normale,"Bon état général, légère variation température",1,1,12,False,True,normal,pluvieux
2022-12-27 08:42:43,Centre Médical d'Excellence,A+,40,11,0,29,3.1,5,99.6,normale,"Excellent état, conservation parfaite",1,8,12,False,True,normal,ensoleillé
2022-12-27 09:51:54,Centre Médical d'Excellence,O+,57,9,0,48,4.3,8,96.7,normale,Hémoglobine dans les normes,1,9,12,False,True,normal,pluvieux
2022-12-27 12:33:50,Centre Médical d'Excellence,B+,83,12,0,71,4.0,28,99.7,normale,"Excellent état, conservation parfaite",1,12,12,False,True,normal,pluvieux
2022-12-27 14:34:26,Centre Médical d'Excellence,A+,35,11,8,32,3.5,26,93.5,normale,Contrôle bactériologique négatif,1,14,12,False,True,urgence_médicale,ensoleillé
2022-12-27 21:34:39,Centre Médical d'Excellence,A-,38,7,0,31,4.3,8,91.6,normale,Attention: proche expiration,1,21,12,False,True,normal,ensoleillé
2022-12-28 02:05:46,Centre Médical d'Excellence,O+,33,10,0,23,4.7,26,100.0,normale,"État satisfaisant, contrôle qualité OK",2,2,12,False,True,normal,nuageux
2022-12-28 03:29:52,Centre Médical d'Excellence,A+,18,10,0,8,3.7,4,78.8,critique,URGENT: Stock critique - Attention: proche expiration,2,3,12,False,True,normal,nuageux
2022-12-28 11:35:29,Centre Médical d'Excellence,A-,86,16,21,91,4.3,54,99.0,normale,Contrôle bactériologique négatif,2,11,12,False,True,normal,ensoleillé
2022-12-28 21:27:30,Centre Médical d'Excellence,O+,41,9,23,55,3.9,12,100.0,normale,"Bon état général, légère variation température",2,21,12,False,True,normal,nuageux
2022-12-29 16:40:58,Centre Médical d'Excellence,A+,41,7,20,54,3.3,20,96.2,normale,Hémoglobine dans les normes,3,16,12,False,True,normal,ensoleillé
2022-12-29 21:07:03,Centre Médical d'Excellence,A-,90,10,0,80,3.8,1,58.1,attention,"État satisfaisant, contrôle qualité OK",3,21,12,False,True,normal,nuageux
2022-12-29 23:00:57,Centre Médical d'Excellence,O+,14,7,0,7,3.3,35,100.0,critique,URGENT: Stock critique - Attention: proche expiration,3,23,12,False,True,normal,pluvieux
2022-12-30 13:15:17,Centre Médical d'Excellence,A+,63,12,0,51,3.7,36,100.0,normale,Contrôle bactériologique négatif,4,13,12,False,True,normal,ensoleillé
2022-12-30 18:19:47,Centre Médical d'Excellence,A+,44,13,0,31,4.2,21,92.5,normale,Contrôle bactériologique négatif,4,18,12,False,True,normal,ensoleillé
2022-12-31 11:07:32,Centre Médical d'Excellence,A+,45,5,15,55,4.8,9,94.1,normale,Contrôle bactériologique négatif,5,11,12,True,True,normal,orageux
2022-12-31 15:56:08,Centre Médical d'Excellence,O+,65,6,15,74,3.6,14,97.5,normale,"État satisfaisant, contrôle qualité OK",5,15,12,True,True,normal,ensoleillé
2022-12-31 19:50:26,Centre Médical d'Excellence,A+,52,10,19,61,4.2,3,86.8,normale,Attention: proche expiration,5,19,12,True,True,normal,pluvieux
2023-01-01 10:46:15,Centre Médical d'Excellence,O+,36,7,0,29,3.7,1,54.2,attention,Parfait pour transfusion immédiate,6,10,1,True,True,normal,ensoleillé
2023-01-01 11:26:14,Centre Médical d'Excellence,A+,49,7,0,42,4.2,32,99.9,normale,"État satisfaisant, contrôle qualité OK",6,11,1,True,True,normal,ensoleillé
2023-01-01 13:36:03,Centre Médical d'Excellence,O-,26,6,9,29,3.6,3,83.2,normale,Attention: proche expiration,6,13,1,True,True,normal,ensoleillé
2023-01-01 14:17:52,Centre Médical d'Excellence,A+,28,6,0,22,3.6,16,100.0,normale,"État satisfaisant, contrôle qualité OK",6,14,1,True,True,normal,pluvieux
2023-01-01 16:52:17,Centre Médical d'Excellence,O+,37,7,0,30,4.4,4,92.3,normale,"État satisfaisant, contrôle qualité OK",6,16,1,True,True,normal,ensoleillé
2023-01-01 19:53:41,Centre Médical d'Excellence,O+,39,10,29,58,3.4,5,100.0,normale,Hémoglobine dans les normes,6,19,1,True,True,normal,pluvieux
2023-01-02 03:47:01,Centre Médical d'Excellence,A+,54,4,0,50,4.2,10,91.4,normale,"État satisfaisant, contrôle qualité OK",0,3,1,False,True,normal,pluvieux
2023-01-02 08:32:27,Centre Médical d'Excellence,O+,28,5,0,23,3.7,5,100.0,normale,Parfait pour transfusion immédiate,0,8,1,False,True,normal,orageux
2023-01-02 18:48:46,Centre Médical d'Excellence,O-,83,7,24,100,3.7,7,100.0,normale,Parfait pour transfusion immédiate,0,18,1,False,True,normal,pluvieux
2023-01-02 18:48:53,Centre Médical d'Excellence,O-,53,5,24,72,4.5,1,61.9,attention,"Bon état général, légère variation température",0,18,1,False,True,normal,pluvieux
2023-01-02 23:11:53,Centre Médical d'Excellence,B+,33,11,16,38,4.5,10,96.4,normale,"Bon état général, légère variation température",0,23,1,False,True,normal,ensoleillé
2023-01-03 08:54:58,Centre Médical d'Excellence,O+,38,9,0,29,4.8,5,100.0,normale,"Excellent état, conservation parfaite",1,8,1,False,True,normal,pluvieux
2023-01-03 09:07:01,Centre Médical d'Excellence,O+,53,8,0,45,3.4,21,92.0,normale,Parfait pour transfusion immédiate,1,9,1,False,True,normal,pluvieux
2023-01-05 03:54:20,Centre Médical d'Excellence,A+,30,13,0,17,5.2,22,100.0,faible,"Excellent état, conservation parfaite",3,3,1,False,True,normal,orageux
2023-01-05 15:37:30,Centre Médical d'Excellence,O+,93,7,0,86,4.2,12,99.9,normale,Urgent: vérifier température stockage,3,15,1,False,True,normal,pluvieux
2023-01-07 06:21:38,Centre Médical d'Excellence,O+,38,5,0,33,4.9,14,100.0,normale,Attention: proche expiration,5,6,1,True,True,normal,ensoleillé
2023-01-07 09:09:53,Centre Médical d'Excellence,AB-,46,5,0,41,3.3,33,96.5,normale,"Bon état général, légère variation température",5,9,1,True,True,normal,orageux
2023-01-07 21:45:06,Centre Médical d'Excellence,O+,50,7,0,43,4.2,15,100.0,normale,Contrôle bactériologique négatif,5,21,1,True,True,normal,ensoleillé
2023-01-08 01:23:19,Centre Médical d'Excellence,A+,23,8,0,15,3.8,5,100.0,faible,Hémoglobine dans les normes,6,1,1,True,True,normal,ensoleillé
2023-01-08 10:19:38,Centre Médical d'Excellence,O-,30,6,0,24,4.3,21,98.4,normale,"Bon état général, légère variation température",6,10,1,True,True,normal,ensoleillé
2023-01-08 15:48:08,Centre Médical d'Excellence,O-,37,3,0,34,3.4,46,100.0,normale,Contrôle bactériologique négatif,6,15,1,True,True,normal,orageux
2023-01-09 06:51:32,Centre Médical d'Excellence,O+,67,14,0,53,4.0,27,100.0,normale,"Excellent état, conservation parfaite",0,6,1,False,True,normal,pluvieux
2023-01-10 04:15:18,Centre Médical d'Excellence,O+,28,12,22,38,3.6,2,85.8,normale,Contrôle bactériologique négatif,1,4,1,False,True,normal,ensoleillé
2023-01-10 11:25:56,Centre Médical d'Excellence,A+,55,2,0,53,3.5,1,64.8,attention,"Bon état général, légère variation température",1,11,1,False,True,normal,ensoleillé
2023-01-10 12:39:42,Centre Médical d'Excellence,B+,62,8,0,54,4.1,4,86.6,normale,Attention: proche expiration,1,12,1,False,True,normal,ensoleillé
2023-01-10 19:04:13,Centre Médical d'Excellence,O+,67,18,0,49,3.7,30,99.5,normale,"Bon état général, légère variation température",1,19,1,False,True,normal,nuageux
2023-01-11 07:39:04,Centre Médical d'Excellence,O+,80,14,0,66,4.7,8,100.0,normale,Urgent: vérifier température stockage,2,7,1,False,True,normal,orageux
2023-01-11 16:07:53,Centre Médical d'Excellence,A-,41,8,0,33,3.7,36,94.4,normale,"Bon état général, légère variation température",2,16,1,False,True,normal,pluvieux
2023-01-12 02:43:33,Centre Médical d'Excellence,A+,28,7,0,21,3.5,2,71.4,normale,"État satisfaisant, contrôle qualité OK",3,2,1,False,True,normal,pluvieux
2023-01-12 15:10:22,Centre Médical d'Excellence,B+,86,5,0,81,3.8,1,60.8,attention,Parfait pour transfusion immédiate,3,15,1,False,True,normal,pluvieux
2023-01-12 18:11:59,Centre Médical d'Excellence,O+,54,12,0,42,4.5,4,88.4,normale,Attention: proche expiration,3,18,1,False,True,normal,pluvieux
2023-01-12 23:21:15,Centre Médical d'Excellence,A+,29,4,0,25,3.5,14,96.2,normale,Parfait pour transfusion immédiate,3,23,1,False,True,normal,pluvieux
2023-01-14 10:03:59,Centre Médical d'Excellence,A+,53,4,18,67,3.7,23,90.0,normale,Urgent: vérifier température stockage,5,10,1,True,True,normal,ensoleillé
2023-01-15 03:16:05,Centre Médical d'Excellence,A+,17,5,0,12,3.7,2,87.7,faible,Attention: proche expiration,6,3,1,True,True,normal,nuageux
2023-01-15 12:16:14,Centre Médical d'Excellence,AB+,39,3,0,36,4.4,10,91.7,normale,Hémoglobine dans les normes,6,12,1,True,True,normal,ensoleillé
2023-01-15 14:01:09,Centre Médical d'Excellence,A+,36,3,16,49,4.3,28,100.0,normale,"Bon état général, légère variation température",6,14,1,True,True,normal,nuageux
2023-01-15 21:25:31,Centre Médical d'Excellence,A+,56,6,0,50,4.8,11,100.0,normale,"Bon état général, légère variation température",6,21,1,True,True,normal,nuageux
2023-01-16 06:22:42,Centre Médical d'Excellence,A-,44,12,0,32,4.0,14,100.0,normale,"Excellent état, conservation parfaite",0,6,1,False,True,épidémie,ensoleillé
2023-01-16 07:33:27,Centre Médical d'Excellence,B+,65,9,0,56,3.4,8,96.7,normale,"État satisfaisant, contrôle qualité OK",0,7,1,False,True,normal,pluvieux
2023-01-16 07:35:20,Centre Médical d'Excellence,AB+,27,3,0,24,4.6,63,100.0,normale,"Excellent état, conservation parfaite",0,7,1,False,True,normal,ensoleillé
2023-01-16 12:34:39,Centre Médical d'Excellence,O-,41,10,0,31,3.8,28,99.5,normale,Urgent: vérifier température stockage,0,12,1,False,True,normal,nuageux
2023-01-17 00:35:02,Centre Médical d'Excellence,AB-,21,9,19,31,4.8,12,100.0,normale,Hémoglobine dans les normes,1,0,1,False,True,normal,nuageux
2023-01-17 05:34:22,Centre Médical d'Excellence,A-,20,8,24,36,4.6,1,54.0,attention,"État satisfaisant, contrôle qualité OK",1,5,1,False,True,normal,pluvieux
2023-01-17 17:50:38,Centre Médical d'Excellence,A+,59,3,0,56,4.2,7,100.0,normale,Hémoglobine dans les normes,1,17,1,False,True,normal,pluvieux
2023-01-17 20:59:23,Centre Médical d'Excellence,A+,76,7,0,69,3.5,13,100.0,normale,"Excellent état, conservation parfaite",1,20,1,False,True,normal,pluvieux
2023-01-18 03:28:13,Centre Médical d'Excellence,O+,31,8,0,23,3.6,18,100.0,normale,"Excellent état, conservation parfaite",2,3,1,False,True,normal,pluvieux
2023-01-18 04:36:46,Centre Médical d'Excellence,A+,34,0,0,34,4.9,22,96.7,normale,"État satisfaisant, contrôle qualité OK",2,4,1,False,True,normal,ensoleillé
2023-01-18 15:56:19,Centre Médical d'Excellence,A+,73,11,27,89,4.6,20,98.5,normale,Contrôle bactériologique négatif,2,15,1,False,True,urgence_médicale,ensoleillé
2023-01-19 06:53:16,Centre Médical d'Excellence,O+,59,18,26,67,4.2,8,95.5,normale,Parfait pour transfusion immédiate,3,6,1,False,True,normal,ensoleillé
2023-01-19 17:14:11,Centre Médical d'Excellence,O+,64,9,17,72,4.1,9,97.0,normale,"Excellent état, conservation parfaite",3,17,1,False,True,normal,ensoleillé
2023-01-20 18:37:30,Centre Médical d'Excellence,B+,76,14,22,84,3.7,31,100.0,normale,Parfait pour transfusion immédiate,4,18,1,False,True,normal,pluvieux
2023-01-21 08:27:58,Centre Médical d'Excellence,A+,33,6,25,52,3.3,11,100.0,normale,Parfait pour transfusion immédiate,5,8,1,True,True,normal,ensoleillé
2023-01-21 19:44:39,Centre Médical d'Excellence,O+,40,4,22,58,4.0,5,99.6,normale,"État satisfaisant, contrôle qualité OK",5,19,1,True,True,normal,ensoleillé
2023-01-22 05:55:14,Centre Médical d'Excellence,A-,25,9,0,16,3.1,38,100.0,faible,"Excellent état, conservation parfaite",6,5,1,True,True,normal,ensoleillé
2023-01-22 07:42:40,Centre Médical d'Excellence,A-,24,11,0,13,3.9,18,93.2,faible,"État satisfaisant, contrôle qualité OK",6,7,1,True,True,normal,nuageux
2023-01-22 14:31:43,Centre Médical d'Excellence,A+,40,10,25,55,3.9,14,100.0,normale,Parfait pour transfusion immédiate,6,14,1,True,True,normal,ensoleillé
2023-01-23 09:33:17,Centre Médical d'Excellence,A+,37,4,0,33,3.3,23,99.7,normale,Contrôle bactériologique négatif,0,9,1,False,True,normal,nuageux
2023-01-23 10:50:23,Centre Médical d'Excellence,A+,70,6,0,64,4.9,3,88.2,normale,"État satisfaisant, contrôle qualité OK",0,10,1,False,True,normal,pluvieux
2023-01-23 17:49:48,Centre Médical d'Excellence,A+,70,8,16,78,4.6,1,56.4,attention,Contrôle bactériologique négatif,0,17,1,False,True,normal,nuageux
2023-01-24 00:53:36,Centre Médical d'Excellence,A+,42,3,0,39,5.5,10,100.0,normale,Parfait pour transfusion immédiate,1,0,1,False,True,normal,ensoleillé
2023-01-24 01:24:19,Centre Médical d'Excellence,A+,33,11,0,22,4.2,1,66.2,attention,Urgent: vérifier température stockage,1,1,1,False,True,normal,ensoleillé
2023-01-24 09:41:16,Centre Médical d'Excellence,A+,93,5,0,88,4.5,3,89.5,normale,"Excellent état, conservation parfaite",1,9,1,False,True,normal,pluvieux
2023-01-25 05:36:46,Centre Médical d'Excellence,A-,20,12,0,8,3.5,12,96.0,critique,"URGENT: Stock critique - Excellent état, conservation parfaite",2,5,1,False,True,normal,nuageux
2023-01-25 16:54:10,Centre Médical d'Excellence,A+,64,6,0,58,4.1,8,100.0,normale,"État satisfaisant, contrôle qualité OK",2,16,1,False,True,urgence_médicale,ensoleillé
2023-01-26 01:59:07,Centre Médical d'Excellence,O+,29,15,0,14,3.1,8,100.0,faible,Contrôle bactériologique négatif,3,1,1,False,True,normal,pluvieux
2023-01-26 03:23:08,Centre Médical d'Excellence,O+,25,14,23,34,4.2,22,100.0,normale,Parfait pour transfusion immédiate,3,3,1,False,True,normal,ensoleillé
2023-01-26 06:49:00,Centre Médical d'Excellence,O-,79,11,0,68,3.7,15,100.0,normale,Parfait pour transfusion immédiate,3,6,1,False,True,normal,ensoleillé
2023-01-26 13:48:37,Centre Médical d'Excellence,O-,100,14,0,86,4.1,13,98.2,normale,Attention: proche expiration,3,13,1,False,True,normal,pluvieux
2023-01-26 14:03:37,Centre Médical d'Excellence,A+,49,7,0,42,4.2,39,95.0,normale,"Excellent état, conservation parfaite",3,14,1,False,True,normal,orageux
2023-01-27 15:16:25,Centre Médical d'Excellence,A+,63,12,20,71,4.7,2,90.2,normale,"Bon état général, légère variation température",4,15,1,False,True,normal,nuageux
2023-01-27 16:00:15,Centre Médical d'Excellence,O-,48,12,21,57,4.0,9,96.1,normale,Hémoglobine dans les normes,4,16,1,False,True,normal,ensoleillé
2023-01-28 13:51:23,Centre Médical d'Excellence,B+,42,10,0,32,3.4,29,100.0,normale,Parfait pour transfusion immédiate,5,13,1,True,True,normal,ensoleillé
2023-01-28 19:32:41,Centre Médical d'Excellence,B+,23,2,0,21,3.2,4,89.3,normale,"Excellent état, conservation parfaite",5,19,1,True,True,normal,nuageux
2023-01-29 17:50:51,Centre Médical d'Excellence,O+,32,5,0,27,4.0,47,100.0,normale,Hémoglobine dans les normes,6,17,1,True,True,normal,ensoleillé
2023-01-29 22:29:20,Centre Médical d'Excellence,A+,36,8,0,28,3.2,30,96.8,normale,"État satisfaisant, contrôle qualité OK",6,22,1,True,True,normal,pluvieux
2023-01-30 22:54:44,Centre Médical d'Excellence,B-,61,5,0,56,4.3,1,63.5,attention,Contrôle bactériologique négatif,0,22,1,False,True,normal,ensoleillé
2023-01-30 23:52:43,Centre Médical d'Excellence,B-,33,13,0,20,3.9,12,97.9,normale,Attention: proche expiration,0,23,1,False,True,normal,nuageux
2023-02-01 18:27:56,Centre Médical d'Excellence,O+,30,12,23,41,4.5,20,88.2,normale,Urgent: vérifier température stockage,2,18,2,False,False,normal,ensoleillé
2023-02-01 20:16:55,Centre Médical d'Excellence,O+,60,8,0,52,3.9,14,100.0,normale,"Bon état général, légère variation température",2,20,2,False,False,normal,pluvieux
2023-02-03 00:35:23,Centre Médical d'Excellence,O-,10,3,0,7,4.0,13,91.3,critique,URGENT: Stock critique - Urgent: vérifier température stockage,4,0,2,False,False,normal,pluvieux
2023-02-03 12:36:59,Centre Médical d'Excellence,O-,46,15,0,31,4.7,10,100.0,normale,Attention: proche expiration,4,12,2,False,False,normal,ensoleillé
2023-02-03 16:15:20,Centre Médical d'Excellence,O+,58,7,0,51,3.8,15,99.4,normale,Attention: proche expiration,4,16,2,False,False,normal,ensoleillé
2023-02-03 19:34:55,Centre Médical d'Excellence,O+,35,11,0,24,4.1,14,100.0,normale,"État satisfaisant, contrôle qualité OK",4,19,2,False,False,normal,orageux
2023-02-03 19:56:45,Centre Médical d'Excellence,O+,44,3,0,41,3.8,3,87.4,normale,Attention: proche expiration,4,19,2,False,False,normal,pluvieux
2023-02-04 03:41:29,Centre Médical d'Excellence,O+,0,10,0,0,4.3,3,90.6,critique,URGENT: Stock critique - Attention: proche expiration,5,3,2,True,False,normal,nuageux
2023-02-04 11:24:56,Centre Médical d'Excellence,O+,27,7,0,20,4.6,18,100.0,normale,"Bon état général, légère variation température",5,11,2,True,False,normal,pluvieux
2023-02-04 15:44:40,Centre Médical d'Excellence,O+,8,8,17,17,4.3,63,97.4,faible,Urgent: vérifier température stockage,5,15,2,True,False,normal,pluvieux
2023-02-05 05:31:39,Centre Médical d'Excellence,O+,11,5,0,6,3.9,8,99.3,critique,"URGENT: Stock critique - État satisfaisant, contrôle qualité OK",6,5,2,True,False,normal,orageux
2023-02-05 07:26:07,Centre Médical d'Excellence,O-,21,7,22,36,3.2,2,81.1,normale,Contrôle bactériologique négatif,6,7,2,True,False,normal,nuageux
2023-02-05 11:43:54,Centre Médical d'Excellence,B+,31,4,0,27,4.6,6,96.5,normale,Contrôle bactériologique négatif,6,11,2,True,False,normal,nuageux
2023-02-05 17:14:52,Centre Médical d'Excellence,O+,43,2,0,41,3.5,4,84.4,normale,Parfait pour transfusion immédiate,6,17,2,True,False,normal,pluvieux
2023-02-06 01:52:03,Centre Médical d'Excellence,O+,21,10,0,11,4.9,7,97.5,faible,"Excellent état, conservation parfaite",0,1,2,False,False,normal,ensoleillé
2023-02-06 04:17:03,Centre Médical d'Excellence,A+,27,4,0,23,3.8,5,100.0,normale,Attention: proche expiration,0,4,2,False,False,normal,nuageux
2023-02-06 13:42:30,Centre Médical d'Excellence,A+,64,11,0,53,4.5,42,96.4,normale,"Excellent état, conservation parfaite",0,13,2,False,False,normal,ensoleillé
2023-02-07 00:56:16,Centre Médical d'Excellence,A+,22,9,23,36,4.4,1,61.5,attention,"État satisfaisant, contrôle qualité OK",1,0,2,False,False,normal,ensoleillé
2023-02-07 03:25:24,Centre Médical d'Excellence,O-,28,10,0,18,3.6,29,100.0,faible,Parfait pour transfusion immédiate,1,3,2,False,False,normal,ensoleillé
2023-02-07 03:32:35,Centre Médical d'Excellence,O+,28,7,0,21,3.5,53,90.2,normale,"Bon état général, légère variation température",1,3,2,False,False,normal,nuageux
2023-02-07 07:25:56,Centre Médical d'Excellence,O+,45,3,0,42,4.7,23,100.0,normale,"Excellent état, conservation parfaite",1,7,2,False,False,normal,ensoleillé
2023-02-07 12:02:38,Centre Médical d'Excellence,AB-,69,6,0,63,4.2,5,100.0,normale,Hémoglobine dans les normes,1,12,2,False,False,normal,ensoleillé
2023-02-08 11:54:26,Centre Médical d'Excellence,A+,53,12,30,71,4.1,5,97.1,normale,"Bon état général, légère variation température",2,11,2,False,False,normal,pluvieux
2023-02-09 08:48:16,Centre Médical d'Excellence,O+,57,1,0,56,3.6,9,94.8,normale,Attention: proche expiration,3,8,2,False,False,normal,nuageux
2023-02-09 16:14:50,Centre Médical d'Excellence,O+,64,10,22,76,3.7,8,99.9,normale,Urgent: vérifier température stockage,3,16,2,False,False,normal,nuageux
2023-02-09 17:30:32,Centre Médical d'Excellence,O+,40,7,0,33,4.3,24,100.0,normale,Attention: proche expiration,3,17,2,False,False,normal,ensoleillé
2023-02-10 09:59:38,Centre Médical d'Excellence,O+,37,4,0,33,4.3,8,96.2,normale,Urgent: vérifier température stockage,4,9,2,False,False,normal,pluvieux
2023-02-10 11:36:35,Centre Médical d'Excellence,A+,43,7,0,36,3.4,22,92.4,normale,"Excellent état, conservation parfaite",4,11,2,False,False,normal,orageux
2023-02-10 21:15:42,Centre Médical d'Excellence,O+,63,7,16,72,3.4,7,97.8,normale,Hémoglobine dans les normes,4,21,2,False,False,campagne_don,nuageux
2023-02-11 00:02:44,Centre Médical d'Excellence,B+,18,5,30,43,4.5,19,99.9,normale,Hémoglobine dans les normes,5,0,2,True,False,normal,pluvieux
2023-02-11 07:39:24,Centre Médical d'Excellence,O+,40,7,0,33,3.1,8,98.7,normale,"Bon état général, légère variation température",5,7,2,True,False,normal,ensoleillé
2023-02-11 13:59:52,Centre Médical d'Excellence,O+,23,7,17,33,3.5,20,100.0,normale,Attention: proche expiration,5,13,2,True,False,normal,pluvieux
2023-02-11 20:39:44,Centre Médical d'Excellence,O+,47,7,26,66,5.0,5,100.0,normale,"État satisfaisant, contrôle qualité OK",5,20,2,True,False,normal,nuageux
2023-02-12 01:20:45,Centre Médical d'Excellence,O+,11,3,0,8,4.1,28,100.0,critique,URGENT: Stock critique - Attention: proche expiration,6,1,2,True,False,normal,ensoleillé
2023-02-12 01:22:06,Centre Médical d'Excellence,O+,13,5,27,35,4.6,9,100.0,normale,Parfait pour transfusion immédiate,6,1,2,True,False,normal,orageux
2023-02-12 05:24:12,Centre Médical d'Excellence,A+,11,6,20,25,3.6,14,100.0,normale,"Bon état général, légère variation température",6,5,2,True,False,normal,nuageux
2023-02-13 02:00:08,Centre Médical d'Excellence,AB-,7,5,23,25,4.4,75,100.0,normale,"Bon état général, légère variation température",0,2,2,False,False,normal,pluvieux
2023-02-13 02:04:26,Centre Médical d'Excellence,O+,33,6,0,27,4.0,11,94.2,normale,Hémoglobine dans les normes,0,2,2,False,False,normal,pluvieux
2023-02-13 06:52:43,Centre Médical d'Excellence,O+,31,9,0,22,3.6,11,97.9,normale,Attention: proche expiration,0,6,2,False,False,normal,ensoleillé
2023-02-13 08:25:08,Centre Médical d'Excellence,A+,43,8,0,35,3.3,6,94.8,normale,"Bon état général, légère variation température",0,8,2,False,False,normal,pluvieux
2023-02-14 08:58:30,Centre Médical d'Excellence,A+,81,9,18,90,4.3,1,63.6,attention,Urgent: vérifier température stockage,1,8,2,False,False,normal,nuageux
2023-02-14 16:33:47,Centre Médical d'Excellence,AB+,58,10,0,48,4.1,2,83.0,normale,Attention: proche expiration,1,16,2,False,False,normal,nuageux
2023-02-14 21:19:15,Centre Médical d'Excellence,O+,44,11,0,33,4.1,8,94.6,normale,"Bon état général, légère variation température",1,21,2,False,False,normal,pluvieux
2023-02-15 18:20:22,Centre Médical d'Excellence,A-,58,13,22,67,3.6,17,100.0,normale,Parfait pour transfusion immédiate,2,18,2,False,False,normal,pluvieux
2023-02-16 22:42:28,Centre Médical d'Excellence,B-,58,9,0,49,3.7,1,60.2,attention,"Excellent état, conservation parfaite",3,22,2,False,False,normal,ensoleillé
2023-02-17 09:06:07,Centre Médical d'Excellence,B+,39,8,0,31,4.1,14,100.0,normale,"État satisfaisant, contrôle qualité OK",4,9,2,False,False,normal,pluvieux
2023-02-17 11:44:38,Centre Médical d'Excellence,A+,49,5,0,44,3.9,22,100.0,normale,Hémoglobine dans les normes,4,11,2,False,False,normal,ensoleillé
2023-02-17 21:00:31,Centre Médical d'Excellence,A+,75,3,17,89,3.1,4,95.3,normale,Contrôle bactériologique négatif,4,21,2,False,False,normal,nuageux
2023-02-18 18:21:45,Centre Médical d'Excellence,O+,30,8,0,22,4.6,13,100.0,normale,"Excellent état, conservation parfaite",5,18,2,True,False,urgence_médicale,pluvieux
2023-02-18 23:07:23,Centre Médical d'Excellence,O+,20,4,24,40,3.9,15,93.3,normale,Urgent: vérifier température stockage,5,23,2,True,False,normal,orageux
2023-02-19 08:33:35,Centre Médical d'Excellence,A+,38,3,0,35,4.0,15,98.8,normale,Parfait pour transfusion immédiate,6,8,2,True,False,normal,pluvieux
2023-02-19 12:41:40,Centre Médical d'Excellence,A-,26,8,0,18,3.4,11,100.0,faible,"Bon état général, légère variation température",6,12,2,True,False,normal,ensoleillé
2023-02-20 14:57:58,Centre Médical d'Excellence,O+,45,9,0,36,4.8,24,100.0,normale,Hémoglobine dans les normes,0,14,2,False,False,normal,pluvieux
2023-02-21 05:37:45,Centre Médical d'Excellence,O-,31,4,18,45,3.9,3,79.3,normale,Hémoglobine dans les normes,1,5,2,False,False,normal,pluvieux
2023-02-21 13:05:27,Centre Médical d'Excellence,O+,43,5,0,38,3.9,23,100.0,normale,Urgent: vérifier température stockage,1,13,2,False,False,normal,pluvieux
2023-02-21 14:21:02,Centre Médical d'Excellence,A+,33,7,0,26,3.2,11,97.2,normale,"Excellent état, conservation parfaite",1,14,2,False,False,normal,ensoleillé
2023-02-21 20:04:13,Centre Médical d'Excellence,O+,42,7,0,35,3.5,22,93.2,normale,"Bon état général, légère variation température",1,20,2,False,False,normal,nuageux
2023-02-22 07:13:26,Centre Médical d'Excellence,AB-,40,11,0,29,3.7,6,99.7,normale,Hémoglobine dans les normes,2,7,2,False,False,normal,orageux
2023-02-22 09:07:42,Centre Médical d'Excellence,A+,55,7,0,48,3.1,15,96.2,normale,"Bon état général, légère variation température",2,9,2,False,False,normal,pluvieux
2023-02-22 09:28:32,Centre Médical d'Excellence,O+,50,9,0,41,3.7,2,91.9,normale,Attention: proche expiration,2,9,2,False,False,normal,nuageux
2023-02-22 12:03:21,Centre Médical d'Excellence,B+,24,2,0,22,3.6,46,100.0,normale,"Excellent état, conservation parfaite",2,12,2,False,False,normal,nuageux
2023-02-23 01:09:30,Centre Médical d'Excellence,O+,24,6,0,18,3.2,2,81.6,faible,Urgent: vérifier température stockage,3,1,2,False,False,normal,ensoleillé
2023-02-23 04:49:00,Centre Médical d'Excellence,A+,29,11,20,38,3.6,2,82.0,normale,Contrôle bactériologique négatif,3,4,2,False,False,normal,pluvieux
2023-02-23 23:29:59,Centre Médical d'Excellence,A+,26,12,21,35,3.3,4,85.8,normale,Hémoglobine dans les normes,3,23,2,False,False,normal,nuageux
2023-02-24 03:30:13,Centre Médical d'Excellence,B+,16,10,0,6,4.3,4,87.6,critique,URGENT: Stock critique - Parfait pour transfusion immédiate,4,3,2,False,False,normal,nuageux
2023-02-24 04:08:34,Centre Médical d'Excellence,O+,16,6,21,31,4.5,9,100.0,normale,Contrôle bactériologique négatif,4,4,2,False,False,campagne_don,orageux
2023-02-24 05:09:45,Centre Médical d'Excellence,A+,17,2,0,15,3.7,18,100.0,faible,"État satisfaisant, contrôle qualité OK",4,5,2,False,False,normal,ensoleillé
2023-02-24 06:03:22,Centre Médical d'Excellence,O+,46,12,0,34,4.4,5,100.0,normale,"État satisfaisant, contrôle qualité OK",4,6,2,False,False,normal,nuageux
2023-02-24 12:43:44,Centre Médical d'Excellence,B+,36,9,0,27,4.1,18,88.6,normale,Contrôle bactériologique négatif,4,12,2,False,False,normal,pluvieux
2023-02-25 16:16:00,Centre Médical d'Excellence,A+,43,6,0,37,4.1,3,85.3,normale,Urgent: vérifier température stockage,5,16,2,True,False,normal,nuageux
2023-02-26 07:43:23,Centre Médical d'Excellence,B+,51,5,0,46,3.3,4,85.9,normale,"État satisfaisant, contrôle qualité OK",6,7,2,True,False,normal,ensoleillé
2023-02-26 18:49:33,Centre Médical d'Excellence,A+,51,6,19,64,4.3,34,100.0,normale,"État satisfaisant, contrôle qualité OK",6,18,2,True,False,normal,ensoleillé
2023-02-26 19:44:52,Centre Médical d'Excellence,A+,45,8,0,37,3.7,17,100.0,normale,Attention: proche expiration,6,19,2,True,False,normal,ensoleillé
2023-02-26 20:13:58,Centre Médical d'Excellence,O+,51,4,0,47,4.0,20,100.0,normale,Urgent: vérifier température stockage,6,20,2,True,False,normal,nuageux
2023-02-26 21:49:54,Centre Médical d'Excellence,A+,49,8,0,41,3.9,1,60.6,attention,Attention: proche expiration,6,21,2,True,False,normal,pluvieux
2023-02-27 19:25:14,Centre Médical d'Excellence,B-,65,9,0,56,3.8,27,99.4,normale,"Excellent état, conservation parfaite",0,19,2,False,False,normal,nuageux
2023-02-27 22:43:00,Centre Médical d'Excellence,O+,31,11,24,44,4.5,16,100.0,normale,Hémoglobine dans les normes,0,22,2,False,False,normal,pluvieux
2023-02-28 06:26:43,Centre Médical d'Excellence,A+,68,7,0,61,3.8,1,52.8,attention,Contrôle bactériologique négatif,1,6,2,False,False,normal,pluvieux
2023-02-28 14:22:08,Centre Médical d'Excellence,O+,69,8,19,80,3.6,1,61.2,attention,Hémoglobine dans les normes,1,14,2,False,False,normal,ensoleillé
2023-03-01 08:45:47,Centre Médical d'Excellence,O+,63,6,23,80,4.6,7,97.9,normale,Hémoglobine dans les normes,2,8,3,False,False,normal,ensoleillé
2023-03-01 12:21:43,Centre Médical d'Excellence,O+,37,1,0,36,3.6,9,100.0,normale,Contrôle bactériologique négatif,2,12,3,False,False,normal,pluvieux
2023-03-01 13:38:40,Centre Médical d'Excellence,B+,71,8,0,63,3.7,5,100.0,normale,"État satisfaisant, contrôle qualité OK",2,13,3,False,False,normal,ensoleillé
2023-03-02 02:04:59,Centre Médical d'Excellence,O+,24,1,0,23,3.1,5,100.0,normale,"Excellent état, conservation parfaite",3,2,3,False,False,normal,ensoleillé
2023-03-02 14:30:36,Centre Médical d'Excellence,O+,53,15,0,38,4.4,1,56.7,attention,Hémoglobine dans les normes,3,14,3,False,False,normal,ensoleillé
2023-03-02 22:06:17,Centre Médical d'Excellence,A-,31,7,0,24,4.0,6,91.9,normale,Attention: proche expiration,3,22,3,False,False,normal,ensoleillé
2023-03-03 01:37:30,Centre Médical d'Excellence,A+,24,10,0,14,4.5,7,100.0,faible,"Excellent état, conservation parfaite",4,1,3,False,False,normal,nuageux
2023-03-03 07:19:34,Centre Médical d'Excellence,O+,41,8,0,33,4.0,16,100.0,normale,Attention: proche expiration,4,7,3,False,False,normal,ensoleillé
2023-03-04 09:11:34,Centre Médical d'Excellence,A+,35,5,0,30,3.3,15,95.0,normale,Hémoglobine dans les normes,5,9,3,True,False,normal,ensoleillé
2023-03-04 11:59:05,Centre Médical d'Excellence,A+,41,8,0,33,4.1,8,100.0,normale,"État satisfaisant, contrôle qualité OK",5,11,3,True,False,normal,ensoleillé
2023-03-04 13:31:29,Centre Médical d'Excellence,A-,34,7,0,27,3.8,4,83.5,normale,Attention: proche expiration,5,13,3,True,False,normal,ensoleillé
2023-03-04 17:34:50,Centre Médical d'Excellence,O+,34,2,0,32,4.0,1,56.8,attention,"Excellent état, conservation parfaite",5,17,3,True,False,normal,orageux
2023-03-05 05:38:00,Centre Médical d'Excellence,A+,23,9,0,14,3.6,5,92.4,faible,"Excellent état, conservation parfaite",6,5,3,True,False,normal,ensoleillé
2023-03-05 18:57:30,Centre Médical d'Excellence,O+,43,5,0,38,3.8,24,100.0,normale,"Bon état général, légère variation température",6,18,3,True,False,normal,ensoleillé
2023-03-05 19:30:14,Centre Médical d'Excellence,O+,24,6,0,18,3.2,31,96.5,faible,Parfait pour transfusion immédiate,6,19,3,True,False,normal,ensoleillé
2023-03-05 22:42:44,Centre Médical d'Excellence,A+,23,5,23,41,3.0,1,52.1,attention,Parfait pour transfusion immédiate,6,22,3,True,False,normal,pluvieux
2023-03-06 03:48:51,Centre Médical d'Excellence,O+,24,0,17,41,4.8,5,96.7,normale,Hémoglobine dans les normes,0,3,3,False,False,normal,orageux
2023-03-06 13:22:13,Centre Médical d'Excellence,A+,58,10,0,48,3.5,6,100.0,normale,Contrôle bactériologique négatif,0,13,3,False,False,normal,pluvieux
2023-03-06 14:22:15,Centre Médical d'Excellence,O+,49,8,0,41,4.1,30,100.0,normale,"Excellent état, conservation parfaite",0,14,3,False,False,normal,orageux
2023-03-06 16:52:41,Centre Médical d'Excellence,O+,59,5,0,54,3.5,20,96.8,normale,"Excellent état, conservation parfaite",0,16,3,False,False,normal,ensoleillé
2023-03-06 21:29:01,Centre Médical d'Excellence,B+,82,8,0,74,4.4,7,100.0,normale,Hémoglobine dans les normes,0,21,3,False,False,normal,pluvieux
2023-03-08 08:17:19,Centre Médical d'Excellence,O+,29,9,0,20,4.0,23,100.0,normale,"Bon état général, légère variation température",2,8,3,False,False,normal,nuageux
2023-03-08 17:48:26,Centre Médical d'Excellence,O+,52,7,10,55,4.7,3,82.4,normale,"Bon état général, légère variation température",2,17,3,False,False,normal,ensoleillé
2023-03-08 19:43:45,Centre Médical d'Excellence,B+,62,12,0,50,2.9,20,100.0,normale,"Excellent état, conservation parfaite",2,19,3,False,False,normal,pluvieux
2023-03-09 01:32:24,Centre Médical d'Excellence,O+,28,4,20,44,3.3,34,100.0,normale,Urgent: vérifier température stockage,3,1,3,False,False,normal,ensoleillé
2023-03-09 09:00:59,Centre Médical d'Excellence,A+,51,11,0,40,4.4,1,60.0,attention,Attention: proche expiration,3,9,3,False,False,normal,pluvieux
2023-03-10 10:14:40,Centre Médical d'Excellence,A+,26,5,0,21,4.2,8,100.0,normale,"État satisfaisant, contrôle qualité OK",4,10,3,False,False,normal,pluvieux
2023-03-11 00:44:05,Centre Médical d'Excellence,O+,16,9,0,7,3.3,6,88.7,critique,URGENT: Stock critique - Contrôle bactériologique négatif,5,0,3,True,False,normal,ensoleillé
2023-03-11 04:58:38,Centre Médical d'Excellence,A+,26,4,20,42,5.0,23,100.0,normale,Parfait pour transfusion immédiate,5,4,3,True,False,normal,nuageux
2023-03-11 06:15:51,Centre Médical d'Excellence,O+,31,4,0,27,3.7,4,81.9,normale,"Excellent état, conservation parfaite",5,6,3,True,False,normal,nuageux
2023-03-11 16:10:49,Centre Médical d'Excellence,A+,43,3,0,40,3.7,11,100.0,normale,"Bon état général, légère variation température",5,16,3,True,False,normal,pluvieux
2023-03-12 22:21:58,Centre Médical d'Excellence,O+,38,9,0,29,4.4,6,100.0,normale,Hémoglobine dans les normes,6,22,3,True,False,normal,ensoleillé
2023-03-13 02:19:09,Centre Médical d'Excellence,A-,18,9,24,33,3.7,65,100.0,normale,"Bon état général, légère variation température",0,2,3,False,False,normal,ensoleillé
2023-03-13 04:43:46,Centre Médical d'Excellence,O+,32,13,0,19,4.5,30,88.4,faible,Urgent: vérifier température stockage,0,4,3,False,False,normal,pluvieux
2023-03-13 06:32:13,Centre Médical d'Excellence,B+,50,9,0,41,4.2,1,64.9,attention,Attention: proche expiration,0,6,3,False,False,normal,ensoleillé
2023-03-13 09:01:31,Centre Médical d'Excellence,O+,68,10,12,70,3.7,36,100.0,normale,Parfait pour transfusion immédiate,0,9,3,False,False,normal,ensoleillé
2023-03-13 12:00:58,Centre Médical d'Excellence,A+,59,8,0,51,4.7,3,87.9,normale,Parfait pour transfusion immédiate,0,12,3,False,False,normal,nuageux
2023-03-13 22:13:15,Centre Médical d'Excellence,O-,44,8,0,36,3.8,19,100.0,normale,Attention: proche expiration,0,22,3,False,False,normal,ensoleillé
2023-03-14 04:05:25,Centre Médical d'Excellence,O+,15,11,0,4,3.5,9,97.6,critique,URGENT: Stock critique - Contrôle bactériologique négatif,1,4,3,False,False,normal,ensoleillé
2023-03-14 09:06:37,Centre Médical d'Excellence,A+,44,9,0,35,5.2,23,100.0,normale,Parfait pour transfusion immédiate,1,9,3,False,False,normal,ensoleillé
2023-03-14 20:47:27,Centre Médical d'Excellence,O+,43,7,13,49,3.8,63,100.0,normale,Contrôle bactériologique négatif,1,20,3,False,False,normal,pluvieux
2023-03-15 00:03:59,Centre Médical d'Excellence,O-,22,3,0,19,4.7,22,100.0,faible,Hémoglobine dans les normes,2,0,3,False,False,normal,pluvieux
2023-03-15 06:19:07,Centre Médical d'Excellence,O+,57,12,0,45,3.6,5,95.4,normale,Hémoglobine dans les normes,2,6,3,False,False,normal,pluvieux
2023-03-16 00:40:44,Centre Médical d'Excellence,A+,12,6,0,6,4.7,19,100.0,critique,URGENT: Stock critique - Contrôle bactériologique négatif,3,0,3,False,False,normal,pluvieux
2023-03-16 12:19:55,Centre Médical d'Excellence,O+,54,4,0,50,3.1,14,97.6,normale,Attention: proche expiration,3,12,3,False,False,normal,pluvieux
2023-03-16 13:44:50,Centre Médical d'Excellence,A+,39,12,0,27,4.3,7,93.5,normale,Urgent: vérifier température stockage,3,13,3,False,False,normal,pluvieux
2023-03-17 14:12:23,Centre Médical d'Excellence,A+,54,11,0,43,4.4,7,100.0,normale,"Bon état général, légère variation température",4,14,3,False,False,normal,pluvieux
2023-03-17 14:20:14,Centre Médical d'Excellence,A+,35,4,0,31,4.5,3,75.2,normale,Parfait pour transfusion immédiate,4,14,3,False,False,normal,pluvieux
2023-03-17 16:17:59,Centre Médical d'Excellence,A-,53,8,0,45,5.0,3,83.6,normale,"Excellent état, conservation parfaite",4,16,3,False,False,normal,ensoleillé
2023-03-17 21:47:18,Centre Médical d'Excellence,A-,72,11,13,74,5.1,18,100.0,normale,"Excellent état, conservation parfaite",4,21,3,False,False,normal,ensoleillé
2023-03-18 16:01:17,Centre Médical d'Excellence,A+,29,8,0,21,4.2,3,82.3,normale,Hémoglobine dans les normes,5,16,3,True,False,normal,pluvieux
2023-03-18 21:27:58,Centre Médical d'Excellence,O+,55,4,0,51,4.2,9,100.0,normale,Parfait pour transfusion immédiate,5,21,3,True,False,normal,ensoleillé
2023-03-19 00:53:27,Centre Médical d'Excellence,O+,14,7,0,7,4.0,7,92.7,critique,URGENT: Stock critique - Attention: proche expiration,6,0,3,True,False,normal,ensoleillé
2023-03-19 02:47:18,Centre Médical d'Excellence,A+,18,4,0,14,3.1,12,96.8,faible,Parfait pour transfusion immédiate,6,2,3,True,False,normal,ensoleillé
2023-03-19 22:49:13,Centre Médical d'Excellence,A+,45,6,29,68,3.4,1,56.8,attention,"État satisfaisant, contrôle qualité OK",6,22,3,True,False,normal,pluvieux
2023-03-20 00:40:07,Centre Médical d'Excellence,O+,25,10,0,15,4.2,5,95.0,faible,"Excellent état, conservation parfaite",0,0,3,False,False,normal,ensoleillé
2023-03-20 12:26:18,Centre Médical d'Excellence,B+,47,4,0,43,4.0,1,53.8,attention,Attention: proche expiration,0,12,3,False,False,normal,ensoleillé
2023-03-20 22:12:09,Centre Médical d'Excellence,AB+,47,9,0,38,4.0,25,98.6,normale,"État satisfaisant, contrôle qualité OK",0,22,3,False,False,normal,ensoleillé
2023-03-21 11:39:48,Centre Médical d'Excellence,AB+,48,8,0,40,4.3,2,78.9,normale,Hémoglobine dans les normes,1,11,3,False,False,normal,pluvieux
2023-03-21 20:14:54,Centre Médical d'Excellence,AB+,35,8,0,27,3.8,11,99.3,normale,"Bon état général, légère variation température",1,20,3,False,False,normal,nuageux
2023-03-21 22:24:52,Centre Médical d'Excellence,O+,48,4,0,44,3.7,29,100.0,normale,"Excellent état, conservation parfaite",1,22,3,False,False,normal,orageux
2023-03-21 23:36:11,Centre Médical d'Excellence,A+,42,5,21,58,4.2,3,79.6,normale,Contrôle bactériologique négatif,1,23,3,False,False,normal,ensoleillé
2023-03-22 10:33:48,Centre Médical d'Excellence,O+,69,7,0,62,3.6,12,96.1,normale,Attention: proche expiration,2,10,3,False,False,normal,pluvieux
2023-03-22 22:58:59,Centre Médical d'Excellence,O+,53,6,15,62,5.0,20,100.0,normale,Contrôle bactériologique négatif,2,22,3,False,False,normal,nuageux
2023-03-23 12:55:20,Centre Médical d'Excellence,O+,62,1,0,61,3.9,2,78.5,normale,Contrôle bactériologique négatif,3,12,3,False,False,normal,pluvieux
2023-03-23 17:26:12,Centre Médical d'Excellence,B+,56,3,0,53,4.6,3,86.1,normale,"Bon état général, légère variation température",3,17,3,False,False,normal,pluvieux
2023-03-25 16:11:52,Centre Médical d'Excellence,O+,23,7,18,34,3.9,11,100.0,normale,Urgent: vérifier température stockage,5,16,3,True,False,normal,nuageux
2023-03-25 22:27:40,Centre Médical d'Excellence,AB+,33,5,0,28,4.5,3,86.0,normale,Contrôle bactériologique négatif,5,22,3,True,False,normal,ensoleillé
2023-03-26 00:25:45,Centre Médical d'Excellence,B+,14,5,0,9,3.8,3,90.4,critique,URGENT: Stock critique - Hémoglobine dans les normes,6,0,3,True,False,normal,nuageux
2023-03-26 09:02:07,Centre Médical d'Excellence,A+,23,4,0,19,3.6,38,99.2,faible,"Excellent état, conservation parfaite",6,9,3,True,False,normal,orageux
2023-03-26 11:50:08,Centre Médical d'Excellence,A+,5,5,18,18,3.8,11,97.8,faible,Contrôle bactériologique négatif,6,11,3,True,False,normal,pluvieux
2023-03-26 20:00:23,Centre Médical d'Excellence,O+,26,5,0,21,4.4,3,92.8,normale,"Excellent état, conservation parfaite",6,20,3,True,False,normal,ensoleillé
2023-03-26 20:42:11,Centre Médical d'Excellence,O+,32,4,0,28,4.0,29,97.6,normale,Hémoglobine dans les normes,6,20,3,True,False,normal,ensoleillé
2023-03-27 04:02:19,Centre Médical d'Excellence,O+,11,3,23,31,4.0,18,100.0,normale,Urgent: vérifier température stockage,0,4,3,False,False,accident_route,ensoleillé
2023-03-27 21:38:43,Centre Médical d'Excellence,O+,19,11,0,8,4.1,8,96.7,critique,URGENT: Stock critique - Attention: proche expiration,0,21,3,False,False,normal,ensoleillé
2023-03-28 02:20:57,Centre Médical d'Excellence,B+,20,9,0,11,4.2,7,100.0,faible,"Excellent état, conservation parfaite",1,2,3,False,False,normal,orageux
2023-03-28 06:46:41,Centre Médical d'Excellence,A+,43,8,0,35,4.1,19,98.8,normale,"État satisfaisant, contrôle qualité OK",1,6,3,False,False,normal,nuageux
2023-03-28 23:13:29,Centre Médical d'Excellence,O+,34,2,10,42,4.8,34,100.0,normale,Hémoglobine dans les normes,1,23,3,False,False,normal,ensoleillé
2023-03-29 14:49:05,Centre Médical d'Excellence,O+,36,9,29,56,4.6,3,82.8,normale,"Excellent état, conservation parfaite",2,14,3,False,False,normal,nuageux
2023-03-29 15:03:06,Centre Médical d'Excellence,O+,82,5,0,77,3.9,51,99.3,normale,Hémoglobine dans les normes,2,15,3,False,False,normal,ensoleillé
2023-03-29 18:38:52,Centre Médical d'Excellence,O+,55,10,19,64,4.5,5,100.0,normale,Parfait pour transfusion immédiate,2,18,3,False,False,normal,nuageux
2023-03-29 22:50:12,Centre Médical d'Excellence,O-,53,6,0,47,4.3,24,100.0,normale,Urgent: vérifier température stockage,2,22,3,False,False,normal,nuageux
2023-03-30 05:39:44,Centre Médical d'Excellence,A-,27,4,0,23,4.4,11,100.0,normale,Urgent: vérifier température stockage,3,5,3,False,False,normal,nuageux
2023-03-30 08:12:47,Centre Médical d'Excellence,A+,55,10,0,45,4.2,31,95.1,normale,Hémoglobine dans les normes,3,8,3,False,False,normal,pluvieux
2023-03-30 14:17:20,Centre Médical d'Excellence,O-,55,5,20,70,3.6,14,100.0,normale,Urgent: vérifier température stockage,3,14,3,False,False,normal,pluvieux
2023-03-31 01:28:21,Centre Médical d'Excellence,A+,18,4,0,14,4.7,6,100.0,faible,"Excellent état, conservation parfaite",4,1,3,False,False,normal,pluvieux
2023-04-01 01:30:13,Centre Médical d'Excellence,O+,20,3,0,17,4.4,22,100.0,faible,Attention: proche expiration,5,1,4,True,False,normal,pluvieux
2023-04-02 09:12:43,Centre Médical d'Excellence,O+,39,5,0,34,4.7,24,100.0,normale,Hémoglobine dans les normes,6,9,4,True,False,normal,nuageux
2023-04-02 09:21:13,Centre Médical d'Excellence,O+,30,3,0,27,4.5,5,100.0,normale,"État satisfaisant, contrôle qualité OK",6,9,4,True,False,normal,ensoleillé
2023-04-02 15:41:44,Centre Médical d'Excellence,AB+,21,7,0,14,4.8,25,99.7,faible,Parfait pour transfusion immédiate,6,15,4,True,False,normal,pluvieux
2023-04-02 15:53:11,Centre Médical d'Excellence,A-,47,3,0,44,4.1,8,100.0,normale,Contrôle bactériologique négatif,6,15,4,True,False,normal,nuageux
2023-04-02 22:52:09,Centre Médical d'Excellence,O+,30,4,0,26,4.4,11,96.5,normale,Hémoglobine dans les normes,6,22,4,True,False,normal,orageux
2023-04-03 04:06:43,Centre Médical d'Excellence,O+,37,5,0,32,3.5,7,94.1,normale,Contrôle bactériologique négatif,0,4,4,False,False,normal,pluvieux
2023-04-03 09:11:21,Centre Médical d'Excellence,O+,58,7,0,51,3.1,12,100.0,normale,"Excellent état, conservation parfaite",0,9,4,False,False,normal,nuageux
2023-04-03 12:39:07,Centre Médical d'Excellence,O+,17,9,0,8,3.3,1,53.2,critique,URGENT: Stock critique - Parfait pour transfusion immédiate,0,12,4,False,False,normal,ensoleillé
2023-04-03 22:57:16,Centre Médical d'Excellence,A+,49,7,18,60,3.7,42,100.0,normale,"Bon état général, légère variation température",0,22,4,False,False,normal,ensoleillé
2023-04-04 15:34:41,Centre Médical d'Excellence,A+,36,5,0,31,3.8,5,94.7,normale,"État satisfaisant, contrôle qualité OK",1,15,4,False,False,normal,ensoleillé
2023-04-04 21:53:12,Centre Médical d'Excellence,AB+,36,11,0,25,3.8,17,97.2,normale,Hémoglobine dans les normes,1,21,4,False,False,épidémie,ensoleillé
2023-04-05 13:28:28,Centre Médical d'Excellence,A+,73,8,0,65,3.7,3,79.4,normale,Parfait pour transfusion immédiate,2,13,4,False,False,normal,nuageux
2023-04-05 15:23:40,Centre Médical d'Excellence,O+,30,9,0,21,4.2,10,96.5,normale,"Excellent état, conservation parfaite",2,15,4,False,False,normal,pluvieux
2023-04-05 17:09:24,Centre Médical d'Excellence,AB-,53,10,0,43,3.5,15,93.1,normale,Parfait pour transfusion immédiate,2,17,4,False,False,normal,orageux
2023-04-05 17:40:51,Centre Médical d'Excellence,O+,53,5,0,48,5.2,11,100.0,normale,Parfait pour transfusion immédiate,2,17,4,False,False,normal,pluvieux
2023-04-06 05:21:51,Centre Médical d'Excellence,A-,31,6,0,25,4.8,10,96.9,normale,Attention: proche expiration,3,5,4,False,False,normal,nuageux
2023-04-06 05:35:27,Centre Médical d'Excellence,A+,22,4,0,18,3.9,12,100.0,faible,Contrôle bactériologique négatif,3,5,4,False,False,normal,ensoleillé
2023-04-06 09:46:36,Centre Médical d'Excellence,O+,54,5,0,49,4.0,23,99.9,normale,Attention: proche expiration,3,9,4,False,False,normal,pluvieux
2023-04-07 03:49:47,Centre Médical d'Excellence,B+,14,7,0,7,3.9,20,86.4,critique,URGENT: Stock critique - Contrôle bactériologique négatif,4,3,4,False,False,normal,ensoleillé
2023-04-07 07:39:12,Centre Médical d'Excellence,A+,59,9,18,68,3.5,14,96.7,normale,"Bon état général, légère variation température",4,7,4,False,False,normal,ensoleillé
2023-04-09 00:36:35,Centre Médical d'Excellence,O+,8,6,23,25,3.5,3,89.3,normale,"Excellent état, conservation parfaite",6,0,4,True,False,normal,nuageux
2023-04-09 05:52:12,Centre Médical d'Excellence,B+,13,5,0,8,4.2,4,80.8,critique,"URGENT: Stock critique - État satisfaisant, contrôle qualité OK",6,5,4,True,False,normal,nuageux
2023-04-09 10:27:11,Centre Médical d'Excellence,O+,42,6,23,59,3.5,19,95.1,normale,Attention: proche expiration,6,10,4,True,False,normal,ensoleillé
2023-04-09 15:12:06,Centre Médical d'Excellence,A+,30,7,0,23,3.4,4,87.4,normale,Parfait pour transfusion immédiate,6,15,4,True,False,normal,ensoleillé
2023-04-11 01:44:30,Centre Médical d'Excellence,O-,30,6,19,43,4.3,6,94.0,normale,Attention: proche expiration,1,1,4,False,False,normal,pluvieux
2023-04-12 08:27:19,Centre Médical d'Excellence,O+,48,11,0,37,3.8,37,99.7,normale,Contrôle bactériologique négatif,2,8,4,False,False,normal,nuageux
2023-04-12 08:29:01,Centre Médical d'Excellence,O-,50,5,0,45,3.4,8,93.5,normale,"Bon état général, légère variation température",2,8,4,False,False,normal,pluvieux
2023-04-12 19:26:04,Centre Médical d'Excellence,A-,70,6,30,94,4.7,10,97.2,normale,"Excellent état, conservation parfaite",2,19,4,False,False,campagne_don,pluvieux
2023-04-13 07:48:26,Centre Médical d'Excellence,A+,49,9,0,40,3.9,5,100.0,normale,"Excellent état, conservation parfaite",3,7,4,False,False,normal,pluvieux
2023-04-13 14:28:16,Centre Médical d'Excellence,B+,68,5,0,63,4.0,35,96.3,normale,Contrôle bactériologique négatif,3,14,4,False,False,normal,pluvieux
2023-04-13 19:42:58,Centre Médical d'Excellence,A-,43,9,0,34,2.6,1,53.6,attention,Parfait pour transfusion immédiate,3,19,4,False,False,normal,ensoleillé
2023-04-14 14:03:22,Centre Médical d'Excellence,B+,55,10,22,67,3.2,8,96.3,normale,Contrôle bactériologique négatif,4,14,4,False,False,normal,nuageux
2023-04-14 14:22:24,Centre Médical d'Excellence,O+,41,5,0,36,2.8,25,99.4,normale,Parfait pour transfusion immédiate,4,14,4,False,False,normal,nuageux
2023-04-14 22:16:08,Centre Médical d'Excellence,O+,76,6,23,93,4.5,12,95.5,normale,Contrôle bactériologique négatif,4,22,4,False,False,normal,pluvieux
2023-04-15 14:15:40,Centre Médical d'Excellence,B-,25,6,21,40,4.6,15,92.5,normale,Hémoglobine dans les normes,5,14,4,True,False,normal,nuageux
2023-04-16 00:36:24,Centre Médical d'Excellence,A+,20,8,0,12,3.9,18,94.8,faible,"État satisfaisant, contrôle qualité OK",6,0,4,True,False,normal,pluvieux
2023-04-16 08:45:19,Centre Médical d'Excellence,O+,32,3,0,29,3.2,3,91.5,normale,"Excellent état, conservation parfaite",6,8,4,True,False,normal,pluvieux
2023-04-16 09:50:32,Centre Médical d'Excellence,A+,38,1,0,37,4.1,7,98.0,normale,Contrôle bactériologique négatif,6,9,4,True,False,normal,nuageux
2023-04-16 20:33:07,Centre Médical d'Excellence,O+,20,3,19,36,3.4,14,95.8,normale,Attention: proche expiration,6,20,4,True,False,normal,pluvieux
2023-04-16 22:34:48,Centre Médical d'Excellence,A+,46,6,0,40,3.1,75,100.0,normale,"Excellent état, conservation parfaite",6,22,4,True,False,normal,pluvieux
2023-04-17 04:21:33,Centre Médical d'Excellence,A+,27,6,0,21,5.0,7,99.0,normale,Contrôle bactériologique négatif,0,4,4,False,False,normal,pluvieux
2023-04-17 21:58:47,Centre Médical d'Excellence,A+,51,7,0,44,4.4,22,95.4,normale,"Excellent état, conservation parfaite",0,21,4,False,False,normal,pluvieux
2023-04-18 04:38:08,Centre Médical d'Excellence,A+,26,12,0,14,3.5,1,62.4,faible,"Excellent état, conservation parfaite",1,4,4,False,False,normal,pluvieux
2023-04-18 18:09:23,Centre Médical d'Excellence,O-,77,4,0,73,4.3,12,100.0,normale,Attention: proche expiration,1,18,4,False,False,normal,ensoleillé
2023-04-18 22:11:25,Centre Médical d'Excellence,B+,68,5,0,63,4.1,11,100.0,normale,Urgent: vérifier température stockage,1,22,4,False,False,normal,ensoleillé
2023-04-19 00:27:54,Centre Médical d'Excellence,O+,24,3,0,21,4.1,18,100.0,normale,Contrôle bactériologique négatif,2,0,4,False,False,normal,ensoleillé
2023-04-19 03:01:29,Centre Médical d'Excellence,A+,21,10,18,29,3.2,88,98.3,normale,"État satisfaisant, contrôle qualité OK",2,3,4,False,False,normal,ensoleillé
2023-04-19 20:32:25,Centre Médical d'Excellence,A-,32,4,0,28,3.6,1,65.2,attention,"Bon état général, légère variation température",2,20,4,False,False,normal,ensoleillé
2023-04-20 01:10:30,Centre Médical d'Excellence,A+,19,9,0,10,3.4,33,99.0,faible,Attention: proche expiration,3,1,4,False,False,normal,pluvieux
2023-04-20 06:19:25,Centre Médical d'Excellence,O+,37,3,18,52,4.5,16,100.0,normale,"Bon état général, légère variation température",3,6,4,False,False,normal,ensoleillé
2023-04-20 18:58:21,Centre Médical d'Excellence,A+,31,9,0,22,4.1,15,95.3,normale,"Excellent état, conservation parfaite",3,18,4,False,False,normal,pluvieux
2023-04-20 19:36:53,Centre Médical d'Excellence,A+,57,12,0,45,4.1,1,59.8,attention,"Excellent état, conservation parfaite",3,19,4,False,False,campagne_don,pluvieux
2023-04-20 20:58:14,Centre Médical d'Excellence,O+,70,0,27,97,4.0,25,100.0,normale,"Excellent état, conservation parfaite",3,20,4,False,False,normal,nuageux
2023-04-21 02:29:59,Centre Médical d'Excellence,AB-,17,7,24,34,4.1,19,94.3,normale,"Excellent état, conservation parfaite",4,2,4,False,False,normal,orageux
2023-04-22 04:42:53,Centre Médical d'Excellence,O+,15,6,18,27,4.0,4,83.1,normale,"Bon état général, légère variation température",5,4,4,True,False,normal,nuageux
2023-04-22 15:31:18,Centre Médical d'Excellence,O+,25,6,20,39,4.0,45,90.9,normale,Attention: proche expiration,5,15,4,True,False,normal,pluvieux
2023-04-22 21:08:53,Centre Médical d'Excellence,A+,33,4,12,41,3.3,1,59.4,attention,"Bon état général, légère variation température",5,21,4,True,False,normal,nuageux
2023-04-23 19:58:21,Centre Médical d'Excellence,O+,38,4,0,34,4.2,2,84.9,normale,Parfait pour transfusion immédiate,6,19,4,True,False,normal,orageux
2023-04-23 23:28:01,Centre Médical d'Excellence,B+,25,9,0,16,4.4,1,64.7,faible,"Bon état général, légère variation température",6,23,4,True,False,normal,pluvieux
2023-04-24 15:11:30,Centre Médical d'Excellence,O+,47,4,0,43,4.3,51,100.0,normale,Urgent: vérifier température stockage,0,15,4,False,False,normal,pluvieux
2023-04-25 21:20:18,Centre Médical d'Excellence,A-,43,8,18,53,4.9,3,81.2,normale,Hémoglobine dans les normes,1,21,4,False,False,normal,pluvieux
2023-04-26 08:09:13,Centre Médical d'Excellence,A+,58,6,20,72,3.7,3,87.2,normale,Attention: proche expiration,2,8,4,False,False,normal,ensoleillé
2023-04-27 08:14:18,Centre Médical d'Excellence,A+,53,9,22,66,3.9,20,100.0,normale,"Bon état général, légère variation température",3,8,4,False,False,normal,ensoleillé
2023-04-28 11:14:51,Centre Médical d'Excellence,A+,50,9,21,62,4.1,2,84.8,normale,Parfait pour transfusion immédiate,4,11,4,False,False,normal,orageux
2023-04-29 17:47:31,Centre Médical d'Excellence,O+,7,7,21,21,4.5,14,91.5,normale,"État satisfaisant, contrôle qualité OK",5,17,4,True,False,normal,orageux
2023-04-29 20:32:08,Centre Médical d'Excellence,A+,42,4,26,64,3.8,11,95.2,normale,Contrôle bactériologique négatif,5,20,4,True,False,normal,ensoleillé
2023-04-29 22:38:29,Centre Médical d'Excellence,O+,25,6,0,19,4.0,20,96.2,faible,Urgent: vérifier température stockage,5,22,4,True,False,normal,ensoleillé
2023-04-30 15:39:10,Centre Médical d'Excellence,A+,31,7,0,24,3.0,18,94.0,normale,"Bon état général, légère variation température",6,15,4,True,False,normal,nuageux
2023-05-01 16:54:13,Centre Médical d'Excellence,A+,48,7,17,58,3.9,29,92.5,normale,"Bon état général, légère variation température",0,16,5,False,False,normal,ensoleillé
2023-05-01 19:25:59,Centre Médical d'Excellence,O+,77,6,0,71,4.0,7,100.0,normale,Hémoglobine dans les normes,0,19,5,False,False,normal,ensoleillé
2023-05-02 08:49:56,Centre Médical d'Excellence,A+,55,10,0,45,3.7,17,100.0,normale,"Excellent état, conservation parfaite",1,8,5,False,False,normal,ensoleillé
2023-05-02 17:01:21,Centre Médical d'Excellence,A+,52,6,0,46,3.5,1,52.6,attention,"État satisfaisant, contrôle qualité OK",1,17,5,False,False,normal,ensoleillé
2023-05-02 18:17:27,Centre Médical d'Excellence,O+,59,9,22,72,3.9,4,98.6,normale,"État satisfaisant, contrôle qualité OK",1,18,5,False,False,normal,pluvieux
2023-05-02 20:36:11,Centre Médical d'Excellence,O+,62,14,0,48,4.4,5,100.0,normale,Contrôle bactériologique négatif,1,20,5,False,False,normal,pluvieux
2023-05-03 10:03:35,Centre Médical d'Excellence,A+,74,14,0,60,3.5,39,98.8,normale,"Bon état général, légère variation température",2,10,5,False,False,normal,pluvieux
2023-05-03 17:48:48,Centre Médical d'Excellence,O+,33,12,0,21,3.1,62,100.0,normale,"État satisfaisant, contrôle qualité OK",2,17,5,False,False,normal,ensoleillé
2023-05-03 23:33:31,Centre Médical d'Excellence,B-,12,9,0,3,4.5,30,96.9,critique,"URGENT: Stock critique - Excellent état, conservation parfaite",2,23,5,False,False,normal,ensoleillé
2023-05-04 16:28:18,Centre Médical d'Excellence,O+,40,5,0,35,4.3,59,92.3,normale,"Excellent état, conservation parfaite",3,16,5,False,False,normal,ensoleillé
2023-05-04 19:00:11,Centre Médical d'Excellence,AB+,80,10,0,70,3.8,2,85.9,normale,Parfait pour transfusion immédiate,3,19,5,False,False,normal,orageux
2023-05-04 23:00:01,Centre Médical d'Excellence,A+,25,6,0,19,3.2,26,100.0,faible,Attention: proche expiration,3,23,5,False,False,normal,nuageux
2023-05-05 12:06:04,Centre Médical d'Excellence,O+,42,8,0,34,3.6,15,95.9,normale,"Excellent état, conservation parfaite",4,12,5,False,False,épidémie,ensoleillé
2023-05-06 03:34:42,Centre Médical d'Excellence,A+,11,5,0,6,5.0,9,100.0,critique,"URGENT: Stock critique - État satisfaisant, contrôle qualité OK",5,3,5,True,False,normal,pluvieux
2023-05-06 15:58:07,Centre Médical d'Excellence,O+,33,3,0,30,4.8,46,94.1,normale,Urgent: vérifier température stockage,5,15,5,True,False,normal,ensoleillé
2023-05-07 14:52:21,Centre Médical d'Excellence,O+,32,7,0,25,3.5,1,59.9,attention,"Excellent état, conservation parfaite",6,14,5,True,False,urgence_médicale,nuageux
2023-05-10 15:41:45,Centre Médical d'Excellence,A-,45,9,0,36,3.4,7,100.0,normale,"État satisfaisant, contrôle qualité OK",2,15,5,False,False,normal,orageux
2023-05-11 03:55:38,Centre Médical d'Excellence,A+,14,12,0,2,4.0,2,88.7,critique,"URGENT: Stock critique - Excellent état, conservation parfaite",3,3,5,False,False,normal,ensoleillé
2023-05-11 22:52:32,Centre Médical d'Excellence,AB+,36,7,0,29,4.1,9,100.0,normale,"Bon état général, légère variation température",3,22,5,False,False,normal,ensoleillé
2023-05-13 05:06:20,Centre Médical d'Excellence,O+,11,3,0,8,3.9,12,100.0,critique,URGENT: Stock critique - Urgent: vérifier température stockage,5,5,5,True,False,normal,pluvieux
2023-05-13 13:17:19,Centre Médical d'Excellence,O+,42,3,0,39,3.7,4,84.5,normale,"État satisfaisant, contrôle qualité OK",5,13,5,True,False,normal,nuageux
2023-05-14 00:26:36,Centre Médical d'Excellence,A+,20,5,0,15,4.8,6,92.3,faible,Attention: proche expiration,6,0,5,True,False,normal,ensoleillé
2023-05-14 04:26:50,Centre Médical d'Excellence,O-,14,7,0,7,3.8,16,97.0,critique,"URGENT: Stock critique - Bon état général, légère variation température",6,4,5,True,False,normal,pluvieux
2023-05-14 10:03:05,Centre Médical d'Excellence,A+,55,8,0,47,3.4,9,97.1,normale,Urgent: vérifier température stockage,6,10,5,True,False,normal,pluvieux
2023-05-14 10:14:17,Centre Médical d'Excellence,O+,51,4,13,60,3.6,1,59.0,attention,Hémoglobine dans les normes,6,10,5,True,False,normal,pluvieux
2023-05-14 20:40:31,Centre Médical d'Excellence,A+,42,4,0,38,4.4,34,100.0,normale,Hémoglobine dans les normes,6,20,5,True,False,normal,pluvieux
2023-05-14 22:03:33,Centre Médical d'Excellence,A+,30,5,0,25,3.9,2,89.8,normale,"État satisfaisant, contrôle qualité OK",6,22,5,True,False,normal,orageux
2023-05-15 16:41:33,Centre Médical d'Excellence,A+,19,8,0,11,3.4,10,99.7,faible,Hémoglobine dans les normes,0,16,5,False,False,normal,pluvieux
2023-05-16 20:26:34,Centre Médical d'Excellence,A+,45,5,0,40,3.4,24,97.4,normale,Urgent: vérifier température stockage,1,20,5,False,False,normal,nuageux
2023-05-16 21:56:32,Centre Médical d'Excellence,A+,67,11,13,69,3.0,11,100.0,normale,Parfait pour transfusion immédiate,1,21,5,False,False,normal,pluvieux
2023-05-16 23:28:06,Centre Médical d'Excellence,A+,9,11,0,0,3.8,30,100.0,critique,URGENT: Stock critique - Urgent: vérifier température stockage,1,23,5,False,False,normal,pluvieux
2023-05-17 11:49:47,Centre Médical d'Excellence,O+,48,9,24,63,4.3,3,88.8,normale,Contrôle bactériologique négatif,2,11,5,False,False,normal,nuageux
2023-05-17 16:05:27,Centre Médical d'Excellence,O+,56,5,0,51,4.3,1,64.7,attention,Parfait pour transfusion immédiate,2,16,5,False,False,normal,pluvieux
2023-05-17 16:24:35,Centre Médical d'Excellence,O+,55,10,35,80,4.1,2,94.2,normale,"État satisfaisant, contrôle qualité OK",2,16,5,False,False,normal,ensoleillé
2023-05-17 21:39:49,Centre Médical d'Excellence,O-,31,6,0,25,4.8,6,100.0,normale,Hémoglobine dans les normes,2,21,5,False,False,normal,pluvieux
2023-05-18 00:39:44,Centre Médical d'Excellence,O+,12,12,0,0,3.6,15,98.4,critique,"URGENT: Stock critique - État satisfaisant, contrôle qualité OK",3,0,5,False,False,normal,pluvieux
2023-05-18 08:10:28,Centre Médical d'Excellence,O+,49,8,0,41,3.7,1,55.9,attention,Urgent: vérifier température stockage,3,8,5,False,False,normal,pluvieux
2023-05-18 17:47:11,Centre Médical d'Excellence,O+,47,12,18,53,4.3,32,96.0,normale,Urgent: vérifier température stockage,3,17,5,False,False,normal,orageux
2023-05-18 19:19:54,Centre Médical d'Excellence,A+,47,3,0,44,3.4,6,97.4,normale,Hémoglobine dans les normes,3,19,5,False,False,normal,pluvieux
2023-05-18 19:52:49,Centre Médical d'Excellence,O+,55,9,0,46,3.4,1,58.7,attention,Hémoglobine dans les normes,3,19,5,False,False,normal,ensoleillé
2023-05-19 07:02:05,Centre Médical d'Excellence,B+,50,8,0,42,4.1,7,99.7,normale,"Bon état général, légère variation température",4,7,5,False,False,normal,orageux
2023-05-19 21:02:32,Centre Médical d'Excellence,A+,46,6,13,53,4.0,9,100.0,normale,"Excellent état, conservation parfaite",4,21,5,False,False,normal,pluvieux
2023-05-20 12:50:07,Centre Médical d'Excellence,B+,35,3,0,32,4.4,23,98.1,normale,"Excellent état, conservation parfaite",5,12,5,True,False,normal,ensoleillé
2023-05-20 18:22:14,Centre Médical d'Excellence,O+,44,2,0,42,4.5,7,100.0,normale,Parfait pour transfusion immédiate,5,18,5,True,False,campagne_don,ensoleillé
2023-05-20 18:36:18,Centre Médical d'Excellence,O+,37,6,0,31,3.9,16,100.0,normale,Attention: proche expiration,5,18,5,True,False,normal,nuageux
2023-05-20 23:33:51,Centre Médical d'Excellence,AB+,11,1,14,24,4.0,2,81.4,normale,Urgent: vérifier température stockage,5,23,5,True,False,normal,ensoleillé
2023-05-21 16:12:23,Centre Médical d'Excellence,O+,21,6,0,15,4.4,22,100.0,faible,Hémoglobine dans les normes,6,16,5,True,False,normal,ensoleillé
2023-05-22 01:21:57,Centre Médical d'Excellence,O+,5,9,0,0,2.8,27,97.6,critique,URGENT: Stock critique - Urgent: vérifier température stockage,0,1,5,False,False,normal,nuageux
2023-05-22 02:15:20,Centre Médical d'Excellence,O+,20,13,0,7,4.5,8,100.0,critique,URGENT: Stock critique - Contrôle bactériologique négatif,0,2,5,False,False,normal,ensoleillé
2023-05-22 02:28:05,Centre Médical d'Excellence,A+,19,2,0,17,4.7,4,87.9,faible,Parfait pour transfusion immédiate,0,2,5,False,False,normal,nuageux
2023-05-22 10:30:54,Centre Médical d'Excellence,O+,57,8,0,49,3.3,1,64.1,attention,Hémoglobine dans les normes,0,10,5,False,False,normal,ensoleillé
2023-05-23 17:19:25,Centre Médical d'Excellence,O+,32,7,0,25,4.5,9,99.1,normale,Hémoglobine dans les normes,1,17,5,False,False,normal,nuageux
2023-05-24 14:57:56,Centre Médical d'Excellence,O-,43,7,0,36,3.6,15,98.3,normale,"Bon état général, légère variation température",2,14,5,False,False,normal,orageux
2023-05-25 12:12:19,Centre Médical d'Excellence,O+,70,8,0,62,4.5,40,100.0,normale,Parfait pour transfusion immédiate,3,12,5,False,False,normal,nuageux
2023-05-25 15:59:34,Centre Médical d'Excellence,A+,74,7,0,67,4.5,9,98.7,normale,"Bon état général, légère variation température",3,15,5,False,False,normal,pluvieux
2023-05-25 20:04:57,Centre Médical d'Excellence,A+,68,9,0,59,3.8,11,93.7,normale,"État satisfaisant, contrôle qualité OK",3,20,5,False,False,normal,orageux
2023-05-26 18:34:59,Centre Médical d'Excellence,B+,38,9,20,49,3.8,6,100.0,normale,Contrôle bactériologique négatif,4,18,5,False,False,normal,nuageux
2023-05-26 19:40:41,Centre Médical d'Excellence,O+,40,13,24,51,4.4,2,83.8,normale,"État satisfaisant, contrôle qualité OK",4,19,5,False,False,normal,nuageux
2023-05-27 00:38:33,Centre Médical d'Excellence,O+,16,9,0,7,3.4,4,83.2,critique,"URGENT: Stock critique - Excellent état, conservation parfaite",5,0,5,True,False,normal,pluvieux
2023-05-27 04:02:43,Centre Médical d'Excellence,O+,16,8,0,8,3.9,2,90.4,critique,"URGENT: Stock critique - Bon état général, légère variation température",5,4,5,True,False,normal,pluvieux
2023-05-27 15:40:14,Centre Médical d'Excellence,A+,37,4,0,33,4.2,1,56.7,attention,Contrôle bactériologique négatif,5,15,5,True,False,normal,ensoleillé
2023-05-27 20:21:26,Centre Médical d'Excellence,O+,36,7,15,44,4.7,24,98.9,normale,Attention: proche expiration,5,20,5,True,False,normal,orageux
2023-05-27 23:33:06,Centre Médical d'Excellence,O+,18,9,23,32,3.5,35,99.8,normale,Attention: proche expiration,5,23,5,True,False,normal,nuageux
2023-05-28 01:55:23,Centre Médical d'Excellence,O+,10,5,15,20,3.1,14,100.0,normale,"Excellent état, conservation parfaite",6,1,5,True,False,normal,ensoleillé
2023-05-28 01:57:03,Centre Médical d'Excellence,A+,7,7,0,0,4.0,24,100.0,critique,"URGENT: Stock critique - Bon état général, légère variation température",6,1,5,True,False,normal,ensoleillé
2023-05-28 02:44:56,Centre Médical d'Excellence,O+,21,4,0,17,3.7,1,61.6,faible,Contrôle bactériologique négatif,6,2,5,True,False,normal,ensoleillé
2023-05-28 04:31:18,Centre Médical d'Excellence,A+,13,6,13,20,3.9,2,80.8,normale,Attention: proche expiration,6,4,5,True,False,normal,orageux
2023-05-28 16:45:24,Centre Médical d'Excellence,O+,25,5,21,41,4.4,8,95.1,normale,Hémoglobine dans les normes,6,16,5,True,False,normal,ensoleillé
2023-05-28 22:14:30,Centre Médical d'Excellence,O+,31,8,0,23,4.5,7,100.0,normale,"Excellent état, conservation parfaite",6,22,5,True,False,normal,pluvieux
2023-05-29 11:00:27,Centre Médical d'Excellence,O+,69,5,0,64,4.5,1,56.3,attention,Contrôle bactériologique négatif,0,11,5,False,False,normal,nuageux
2023-05-29 11:26:08,Centre Médical d'Excellence,B+,61,6,0,55,4.3,15,100.0,normale,Contrôle bactériologique négatif,0,11,5,False,False,normal,nuageux
2023-05-29 19:39:05,Centre Médical d'Excellence,A+,56,7,0,49,4.4,1,54.9,attention,"Excellent état, conservation parfaite",0,19,5,False,False,normal,nuageux
2023-05-29 22:19:18,Centre Médical d'Excellence,O+,69,4,0,65,3.1,11,97.1,normale,"Bon état général, légère variation température",0,22,5,False,False,normal,orageux
2023-05-30 03:15:19,Centre Médical d'Excellence,O+,32,15,0,17,4.6,38,96.8,faible,"État satisfaisant, contrôle qualité OK",1,3,5,False,False,normal,pluvieux
2023-05-30 04:00:49,Centre Médical d'Excellence,O+,28,2,0,26,3.8,5,95.7,normale,"État satisfaisant, contrôle qualité OK",1,4,5,False,False,normal,pluvieux
2023-05-30 04:57:05,Centre Médical d'Excellence,O+,34,9,0,25,3.9,1,57.2,attention,Parfait pour transfusion immédiate,1,4,5,False,False,normal,pluvieux
2023-05-30 04:59:41,Centre Médical d'Excellence,A+,19,12,0,7,3.0,6,99.6,critique,"URGENT: Stock critique - État satisfaisant, contrôle qualité OK",1,4,5,False,False,normal,ensoleillé
2023-05-30 08:48:08,Centre Médical d'Excellence,O+,75,11,0,64,3.9,7,100.0,normale,"Excellent état, conservation parfaite",1,8,5,False,False,normal,pluvieux
2023-05-30 13:34:39,Centre Médical d'Excellence,O-,48,9,0,39,4.2,9,100.0,normale,Attention: proche expiration,1,13,5,False,False,normal,nuageux
2023-05-30 18:54:17,Centre Médical d'Excellence,A-,40,11,0,29,3.7,5,100.0,normale,Contrôle bactériologique négatif,1,18,5,False,False,normal,pluvieux
2023-05-31 09:03:53,Centre Médical d'Excellence,A+,75,5,19,89,3.2,1,56.4,attention,Urgent: vérifier température stockage,2,9,5,False,False,normal,nuageux
2023-06-02 04:26:35,Centre Médical d'Excellence,A+,13,7,0,6,3.8,14,99.7,critique,URGENT: Stock critique - Hémoglobine dans les normes,4,4,6,False,False,normal,ensoleillé
2023-06-02 19:45:36,Centre Médical d'Excellence,A-,48,6,0,42,3.5,6,98.4,normale,"Excellent état, conservation parfaite",4,19,6,False,False,normal,pluvieux
2023-06-02 20:05:29,Centre Médical d'Excellence,O-,47,11,0,36,3.6,20,100.0,normale,Hémoglobine dans les normes,4,20,6,False,False,normal,pluvieux
2023-06-03 01:43:00,Centre Médical d'Excellence,O+,12,6,13,19,3.9,18,96.4,faible,Hémoglobine dans les normes,5,1,6,True,False,normal,ensoleillé
2023-06-03 10:30:50,Centre Médical d'Excellence,B+,20,1,0,19,3.9,5,100.0,faible,Urgent: vérifier température stockage,5,10,6,True,False,normal,ensoleillé
2023-06-04 23:37:02,Centre Médical d'Excellence,AB+,26,7,21,40,4.3,18,100.0,normale,Urgent: vérifier température stockage,6,23,6,True,False,normal,pluvieux
2023-06-05 04:35:49,Centre Médical d'Excellence,A+,27,6,13,34,3.4,52,100.0,normale,Attention: proche expiration,0,4,6,False,False,normal,orageux
2023-06-05 12:11:38,Centre Médical d'Excellence,O+,56,5,0,51,4.5,28,90.8,normale,"Bon état général, légère variation température",0,12,6,False,False,normal,nuageux
2023-06-05 12:21:50,Centre Médical d'Excellence,A+,66,3,0,63,4.6,6,100.0,normale,Hémoglobine dans les normes,0,12,6,False,False,normal,pluvieux
2023-06-06 10:40:03,Centre Médical d'Excellence,O+,46,8,0,38,3.9,51,95.9,normale,Hémoglobine dans les normes,1,10,6,False,False,normal,pluvieux
2023-06-06 12:44:41,Centre Médical d'Excellence,A+,49,10,0,39,5.2,9,100.0,normale,"Bon état général, légère variation température",1,12,6,False,False,normal,nuageux
2023-06-06 16:08:56,Centre Médical d'Excellence,A+,10,15,0,0,3.7,8,100.0,critique,"URGENT: Stock critique - État satisfaisant, contrôle qualité OK",1,16,6,False,False,normal,ensoleillé
2023-06-06 17:07:14,Centre Médical d'Excellence,A+,43,5,0,38,3.0,20,90.9,normale,Contrôle bactériologique négatif,1,17,6,False,False,normal,orageux
2023-06-06 17:12:47,Centre Médical d'Excellence,A+,68,9,0,59,4.2,1,63.8,attention,Attention: proche expiration,1,17,6,False,False,normal,ensoleillé
2023-06-06 18:16:55,Centre Médical d'Excellence,A-,20,6,0,14,3.7,3,79.7,faible,Parfait pour transfusion immédiate,1,18,6,False,False,normal,pluvieux
2023-06-07 04:14:13,Centre Médical d'Excellence,A-,20,9,0,11,3.7,1,59.4,faible,Contrôle bactériologique négatif,2,4,6,False,False,urgence_médicale,pluvieux
2023-06-07 05:57:16,Centre Médical d'Excellence,A+,32,3,19,48,4.7,22,100.0,normale,"Excellent état, conservation parfaite",2,5,6,False,False,normal,orageux
2023-06-07 08:41:33,Centre Médical d'Excellence,A+,77,3,0,74,3.6,38,100.0,normale,Attention: proche expiration,2,8,6,False,False,normal,nuageux
2023-06-07 14:25:48,Centre Médical d'Excellence,O+,77,8,0,69,4.2,1,58.6,attention,"Excellent état, conservation parfaite",2,14,6,False,False,normal,pluvieux
2023-06-07 23:42:03,Centre Médical d'Excellence,O+,21,10,0,11,4.5,6,100.0,faible,"Bon état général, légère variation température",2,23,6,False,False,normal,pluvieux
2023-06-08 12:53:05,Centre Médical d'Excellence,O+,44,6,0,38,4.2,1,66.7,attention,"Excellent état, conservation parfaite",3,12,6,False,False,normal,ensoleillé
2023-06-09 03:51:54,Centre Médical d'Excellence,O+,28,6,0,22,4.4,18,99.9,normale,Attention: proche expiration,4,3,6,False,False,normal,pluvieux
2023-06-10 10:38:46,Centre Médical d'Excellence,O+,41,6,24,59,4.6,8,100.0,normale,Contrôle bactériologique négatif,5,10,6,True,False,normal,pluvieux
2023-06-10 14:35:33,Centre Médical d'Excellence,B+,29,8,0,21,3.5,3,85.3,normale,"Excellent état, conservation parfaite",5,14,6,True,False,normal,pluvieux
2023-06-10 18:34:20,Centre Médical d'Excellence,A+,6,9,12,12,4.6,18,98.4,faible,Contrôle bactériologique négatif,5,18,6,True,False,normal,ensoleillé
2023-06-11 02:07:17,Centre Médical d'Excellence,B+,20,3,0,17,4.2,11,98.4,faible,Attention: proche expiration,6,2,6,True,False,normal,nuageux
2023-06-11 04:59:29,Centre Médical d'Excellence,A+,14,6,0,8,3.9,10,89.8,critique,URGENT: Stock critique - Attention: proche expiration,6,4,6,True,False,normal,pluvieux
2023-06-11 13:30:39,Centre Médical d'Excellence,O+,25,3,0,22,3.8,10,98.8,normale,Contrôle bactériologique négatif,6,13,6,True,False,normal,nuageux
2023-06-12 10:38:03,Centre Médical d'Excellence,B+,57,3,0,54,3.8,7,100.0,normale,Urgent: vérifier température stockage,0,10,6,False,False,normal,orageux
2023-06-12 17:07:54,Centre Médical d'Excellence,A+,34,6,0,28,4.5,67,95.0,normale,"Excellent état, conservation parfaite",0,17,6,False,False,normal,ensoleillé
2023-06-13 09:37:20,Centre Médical d'Excellence,A-,40,7,15,48,4.1,15,100.0,normale,Contrôle bactériologique négatif,1,9,6,False,False,normal,pluvieux
2023-06-13 15:24:35,Centre Médical d'Excellence,O+,56,9,0,47,3.9,6,100.0,normale,Attention: proche expiration,1,15,6,False,False,normal,ensoleillé
2023-06-13 17:40:08,Centre Médical d'Excellence,O+,43,12,0,31,4.1,14,100.0,normale,Urgent: vérifier température stockage,1,17,6,False,False,normal,ensoleillé
2023-06-13 19:16:17,Centre Médical d'Excellence,A-,33,7,16,42,3.5,1,57.1,attention,"Bon état général, légère variation température",1,19,6,False,False,normal,ensoleillé
2023-06-14 09:50:44,Centre Médical d'Excellence,O-,21,9,0,12,4.6,6,100.0,faible,"Excellent état, conservation parfaite",2,9,6,False,False,normal,orageux
2023-06-14 16:04:57,Centre Médical d'Excellence,O+,61,1,16,76,3.6,6,100.0,normale,Urgent: vérifier température stockage,2,16,6,False,False,urgence_médicale,nuageux
2023-06-14 21:07:29,Centre Médical d'Excellence,O+,80,7,0,73,4.2,13,94.9,normale,Attention: proche expiration,2,21,6,False,False,normal,nuageux
2023-06-15 03:41:24,Centre Médical d'Excellence,AB+,21,9,0,12,4.4,34,100.0,faible,Attention: proche expiration,3,3,6,False,False,normal,pluvieux
2023-06-15 05:41:00,Centre Médical d'Excellence,O+,36,8,19,47,3.5,1,55.0,attention,"État satisfaisant, contrôle qualité OK",3,5,6,False,False,normal,pluvieux
2023-06-15 14:33:05,Centre Médical d'Excellence,A+,49,10,0,39,4.3,7,100.0,normale,"Bon état général, légère variation température",3,14,6,False,False,normal,ensoleillé
2023-06-15 19:19:08,Centre Médical d'Excellence,AB+,42,12,0,30,5.0,48,100.0,normale,"Excellent état, conservation parfaite",3,19,6,False,False,normal,ensoleillé
2023-06-15 21:32:56,Centre Médical d'Excellence,O+,60,2,0,58,3.5,46,100.0,normale,Attention: proche expiration,3,21,6,False,False,normal,ensoleillé
2023-06-16 07:27:36,Centre Médical d'Excellence,A+,60,0,9,69,4.1,5,96.6,normale,Contrôle bactériologique négatif,4,7,6,False,False,normal,orageux
2023-06-16 14:40:35,Centre Médical d'Excellence,O+,37,10,0,27,4.4,5,93.5,normale,"Bon état général, légère variation température",4,14,6,False,False,normal,nuageux
2023-06-16 18:37:12,Centre Médical d'Excellence,O+,55,5,0,50,4.5,5,100.0,normale,Contrôle bactériologique négatif,4,18,6,False,False,normal,pluvieux
2023-06-16 19:24:29,Centre Médical d'Excellence,O+,39,11,0,28,4.1,2,83.5,normale,"Excellent état, conservation parfaite",4,19,6,False,False,normal,nuageux
2023-06-17 01:09:17,Centre Médical d'Excellence,A+,22,6,14,30,3.2,4,81.1,normale,Parfait pour transfusion immédiate,5,1,6,True,False,normal,pluvieux
2023-06-17 04:05:55,Centre Médical d'Excellence,A+,19,7,24,36,3.8,15,96.9,normale,"Bon état général, légère variation température",5,4,6,True,False,normal,nuageux
2023-06-17 05:52:09,Centre Médical d'Excellence,O+,14,4,25,35,4.2,2,94.2,normale,"Bon état général, légère variation température",5,5,6,True,False,normal,orageux
2023-06-17 08:18:01,Centre Médical d'Excellence,O+,33,6,0,27,3.3,54,100.0,normale,Hémoglobine dans les normes,5,8,6,True,False,normal,pluvieux
2023-06-17 10:31:16,Centre Médical d'Excellence,A-,52,8,0,44,3.9,12,93.8,normale,"État satisfaisant, contrôle qualité OK",5,10,6,True,False,normal,nuageux
2023-06-17 10:38:16,Centre Médical d'Excellence,O-,58,8,0,50,3.8,7,100.0,normale,Parfait pour transfusion immédiate,5,10,6,True,False,normal,pluvieux
2023-06-17 12:20:44,Centre Médical d'Excellence,AB+,38,1,0,37,3.8,9,100.0,normale,"État satisfaisant, contrôle qualité OK",5,12,6,True,False,normal,pluvieux
2023-06-17 14:00:23,Centre Médical d'Excellence,O+,30,8,18,40,4.2,17,100.0,normale,"État satisfaisant, contrôle qualité OK",5,14,6,True,False,normal,pluvieux
2023-06-17 16:13:44,Centre Médical d'Excellence,O-,5,7,0,0,4.5,6,97.7,critique,"URGENT: Stock critique - État satisfaisant, contrôle qualité OK",5,16,6,True,False,campagne_don,nuageux
2023-06-18 11:56:42,Centre Médical d'Excellence,B+,44,3,0,41,4.0,1,59.0,attention,"État satisfaisant, contrôle qualité OK",6,11,6,True,False,normal,pluvieux
2023-06-18 17:35:54,Centre Médical d'Excellence,A+,42,4,0,38,4.3,20,100.0,normale,"Bon état général, légère variation température",6,17,6,True,False,normal,pluvieux
2023-06-18 23:52:31,Centre Médical d'Excellence,O-,9,3,17,23,4.1,4,81.5,normale,Urgent: vérifier température stockage,6,23,6,True,False,normal,ensoleillé
2023-06-19 04:57:40,Centre Médical d'Excellence,A+,23,8,21,36,4.1,3,85.7,normale,Urgent: vérifier température stockage,0,4,6,False,False,normal,pluvieux
2023-06-19 13:45:14,Centre Médical d'Excellence,O+,42,10,0,32,4.2,8,100.0,normale,Parfait pour transfusion immédiate,0,13,6,False,False,normal,pluvieux
2023-06-19 15:42:41,Centre Médical d'Excellence,O+,55,12,19,62,4.4,43,93.8,normale,"État satisfaisant, contrôle qualité OK",0,15,6,False,False,normal,ensoleillé
2023-06-19 20:16:58,Centre Médical d'Excellence,O+,38,9,0,29,3.9,13,100.0,normale,Hémoglobine dans les normes,0,20,6,False,False,normal,ensoleillé
2023-06-20 07:48:57,Centre Médical d'Excellence,B+,55,10,25,70,3.7,19,100.0,normale,Parfait pour transfusion immédiate,1,7,6,False,False,normal,pluvieux
2023-06-20 14:59:03,Centre Médical d'Excellence,A+,44,6,0,38,3.9,2,79.8,normale,"État satisfaisant, contrôle qualité OK",1,14,6,False,False,normal,nuageux
2023-06-20 20:42:48,Centre Médical d'Excellence,A+,67,6,0,61,4.2,14,100.0,normale,Contrôle bactériologique négatif,1,20,6,False,False,normal,pluvieux
2023-06-21 07:24:25,Centre Médical d'Excellence,O+,46,7,0,39,4.3,28,96.6,normale,"Bon état général, légère variation température",2,7,6,False,False,normal,ensoleillé
2023-06-21 14:38:15,Centre Médical d'Excellence,O+,33,9,29,53,4.0,33,97.2,normale,Urgent: vérifier température stockage,2,14,6,False,False,normal,orageux
2023-06-22 05:43:47,Centre Médical d'Excellence,B+,15,8,20,27,4.0,45,100.0,normale,Attention: proche expiration,3,5,6,False,False,normal,pluvieux
2023-06-22 15:56:37,Centre Médical d'Excellence,O-,70,11,0,59,3.1,3,86.3,normale,"Bon état général, légère variation température",3,15,6,False,False,normal,orageux
2023-06-22 17:10:41,Centre Médical d'Excellence,O+,65,15,22,72,4.5,4,79.5,normale,"Excellent état, conservation parfaite",3,17,6,False,False,normal,ensoleillé
2023-06-23 02:08:33,Centre Médical d'Excellence,A-,15,5,0,10,4.1,32,100.0,faible,Contrôle bactériologique négatif,4,2,6,False,False,normal,ensoleillé
2023-06-23 03:34:43,Centre Médical d'Excellence,A-,15,8,0,7,4.0,1,58.9,critique,URGENT: Stock critique - Urgent: vérifier température stockage,4,3,6,False,False,épidémie,orageux
2023-06-23 09:26:09,Centre Médical d'Excellence,O-,27,8,0,19,4.0,10,99.6,faible,"État satisfaisant, contrôle qualité OK",4,9,6,False,False,normal,pluvieux
2023-06-23 14:35:38,Centre Médical d'Excellence,AB+,52,6,0,46,3.9,22,89.5,normale,"État satisfaisant, contrôle qualité OK",4,14,6,False,False,normal,pluvieux
2023-06-23 14:59:47,Centre Médical d'Excellence,O+,44,11,17,50,3.6,13,92.7,normale,"Excellent état, conservation parfaite",4,14,6,False,False,normal,pluvieux
2023-06-23 15:50:33,Centre Médical d'Excellence,O+,30,6,0,24,3.8,6,100.0,normale,"État satisfaisant, contrôle qualité OK",4,15,6,False,False,normal,pluvieux
2023-06-23 19:00:52,Centre Médical d'Excellence,O+,56,4,0,52,4.2,2,85.0,normale,Hémoglobine dans les normes,4,19,6,False,False,normal,nuageux
2023-06-24 01:40:32,Centre Médical d'Excellence,O-,8,1,15,22,4.1,15,100.0,normale,Parfait pour transfusion immédiate,5,1,6,True,False,normal,ensoleillé
2023-06-25 07:55:25,Centre Médical d'Excellence,A+,32,9,0,23,4.1,13,100.0,normale,"Bon état général, légère variation température",6,7,6,True,False,normal,ensoleillé
2023-06-25 16:46:32,Centre Médical d'Excellence,A+,32,3,22,51,2.8,14,100.0,normale,Urgent: vérifier température stockage,6,16,6,True,False,normal,orageux
2023-06-25 17:32:49,Centre Médical d'Excellence,B+,13,1,0,12,3.8,11,100.0,faible,Attention: proche expiration,6,17,6,True,False,normal,pluvieux
2023-06-26 10:05:30,Centre Médical d'Excellence,O+,65,2,0,63,4.2,25,100.0,normale,"État satisfaisant, contrôle qualité OK",0,10,6,False,False,normal,ensoleillé
2023-06-26 14:24:31,Centre Médical d'Excellence,O+,42,15,26,53,4.5,49,95.0,normale,"Excellent état, conservation parfaite",0,14,6,False,False,normal,nuageux
2023-06-26 23:21:01,Centre Médical d'Excellence,A+,27,5,0,22,3.6,3,80.2,normale,"Bon état général, légère variation température",0,23,6,False,False,normal,ensoleillé
2023-06-27 06:08:26,Centre Médical d'Excellence,B+,44,7,0,37,4.5,38,100.0,normale,Hémoglobine dans les normes,1,6,6,False,False,normal,pluvieux
2023-06-27 12:02:48,Centre Médical d'Excellence,A+,46,8,0,38,3.5,3,85.8,normale,Parfait pour transfusion immédiate,1,12,6,False,False,normal,nuageux
2023-06-27 14:50:12,Centre Médical d'Excellence,A+,36,12,0,24,4.3,1,64.1,attention,"État satisfaisant, contrôle qualité OK",1,14,6,False,False,normal,pluvieux
2023-06-27 17:44:29,Centre Médical d'Excellence,O+,44,14,0,30,4.7,5,99.1,normale,"Bon état général, légère variation température",1,17,6,False,False,normal,nuageux
2023-06-28 06:58:19,Centre Médical d'Excellence,O+,19,4,0,15,4.1,26,99.6,faible,Hémoglobine dans les normes,2,6,6,False,False,normal,ensoleillé
2023-06-28 11:58:52,Centre Médical d'Excellence,A+,58,7,0,51,3.7,39,100.0,normale,Attention: proche expiration,2,11,6,False,False,normal,nuageux
2023-06-28 17:12:43,Centre Médical d'Excellence,O+,29,5,28,52,3.9,27,100.0,normale,Parfait pour transfusion immédiate,2,17,6,False,False,normal,pluvieux
2023-06-28 21:01:58,Centre Médical d'Excellence,O+,72,6,0,66,4.4,18,98.6,normale,Urgent: vérifier température stockage,2,21,6,False,False,normal,ensoleillé
2023-06-29 06:29:09,Centre Médical d'Excellence,O+,45,8,17,54,3.4,42,92.0,normale,"Bon état général, légère variation température",3,6,6,False,False,normal,ensoleillé
2023-06-29 17:38:42,Centre Médical d'Excellence,O+,54,10,0,44,4.3,3,87.4,normale,"Bon état général, légère variation température",3,17,6,False,False,normal,ensoleillé
2023-06-29 23:24:39,Centre Médical d'Excellence,A-,36,9,0,27,3.7,13,86.0,normale,"État satisfaisant, contrôle qualité OK",3,23,6,False,False,normal,nuageux
2023-06-30 03:46:18,Centre Médical d'Excellence,B+,18,14,17,21,3.8,25,100.0,normale,Hémoglobine dans les normes,4,3,6,False,False,normal,ensoleillé
2023-06-30 16:29:20,Centre Médical d'Excellence,A+,56,7,0,49,3.8,2,76.5,normale,Contrôle bactériologique négatif,4,16,6,False,False,normal,pluvieux
2023-06-30 21:57:16,Centre Médical d'Excellence,O-,76,10,19,85,4.3,5,99.6,normale,Attention: proche expiration,4,21,6,False,False,normal,ensoleillé
2023-07-01 06:12:22,Centre Médical d'Excellence,O+,85,9,0,76,4.3,13,100.0,normale,Urgent: vérifier température stockage,5,6,7,True,True,normal,nuageux
2023-07-01 07:28:16,Centre Médical d'Excellence,A+,43,7,22,58,3.5,17,98.0,normale,Urgent: vérifier température stockage,5,7,7,True,True,normal,pluvieux
2023-07-01 13:52:56,Centre Médical d'Excellence,B+,7,5,0,2,3.7,18,96.8,critique,URGENT: Stock critique - Urgent: vérifier température stockage,5,13,7,True,True,normal,pluvieux
2023-07-01 21:36:33,Centre Médical d'Excellence,O+,30,10,15,35,3.5,5,95.7,normale,"Bon état général, légère variation température",5,21,7,True,True,normal,pluvieux
2023-07-03 02:35:40,Centre Médical d'Excellence,O+,20,14,0,6,3.7,8,100.0,critique,URGENT: Stock critique - Hémoglobine dans les normes,0,2,7,False,True,normal,ensoleillé
2023-07-03 04:36:14,Centre Médical d'Excellence,A+,34,10,0,24,3.7,29,96.6,normale,Attention: proche expiration,0,4,7,False,True,normal,pluvieux
2023-07-03 08:34:36,Centre Médical d'Excellence,O+,85,16,16,85,3.9,14,99.1,normale,Attention: proche expiration,0,8,7,False,True,normal,pluvieux
2023-07-03 22:36:42,Centre Médical d'Excellence,B+,86,7,0,79,4.8,28,97.1,normale,Parfait pour transfusion immédiate,0,22,7,False,True,normal,ensoleillé
2023-07-05 04:55:08,Centre Médical d'Excellence,A+,24,11,0,13,4.5,28,100.0,faible,Urgent: vérifier température stockage,2,4,7,False,True,accident_route,ensoleillé
2023-07-05 09:01:13,Centre Médical d'Excellence,B+,74,10,0,64,4.1,12,94.5,normale,"Excellent état, conservation parfaite",2,9,7,False,True,normal,ensoleillé
2023-07-05 22:54:33,Centre Médical d'Excellence,A+,75,6,19,88,3.6,23,100.0,normale,"Bon état général, légère variation température",2,22,7,False,True,normal,pluvieux
2023-07-06 03:19:56,Centre Médical d'Excellence,B-,31,6,0,25,4.7,53,100.0,normale,Parfait pour transfusion immédiate,3,3,7,False,True,normal,orageux
2023-07-06 15:57:49,Centre Médical d'Excellence,A-,59,11,0,48,4.4,28,100.0,normale,"État satisfaisant, contrôle qualité OK",3,15,7,False,True,normal,ensoleillé
2023-07-07 17:17:38,Centre Médical d'Excellence,AB+,52,4,14,62,3.5,6,100.0,normale,"Excellent état, conservation parfaite",4,17,7,False,True,normal,nuageux
2023-07-07 22:17:59,Centre Médical d'Excellence,A+,66,13,0,53,4.1,8,100.0,normale,Attention: proche expiration,4,22,7,False,True,normal,pluvieux
2023-07-07 22:56:32,Centre Médical d'Excellence,B+,66,14,0,52,4.5,24,99.5,normale,"État satisfaisant, contrôle qualité OK",4,22,7,False,True,normal,ensoleillé
2023-07-08 03:03:55,Centre Médical d'Excellence,A+,20,8,0,12,3.7,26,100.0,faible,Parfait pour transfusion immédiate,5,3,7,True,True,normal,nuageux
2023-07-08 06:40:03,Centre Médical d'Excellence,O+,36,3,0,33,4.9,4,91.4,normale,Contrôle bactériologique négatif,5,6,7,True,True,normal,ensoleillé
2023-07-08 14:26:44,Centre Médical d'Excellence,A+,31,5,0,26,3.4,4,85.9,normale,Parfait pour transfusion immédiate,5,14,7,True,True,normal,pluvieux
2023-07-09 02:10:02,Centre Médical d'Excellence,O+,16,2,0,14,3.7,5,100.0,faible,"Bon état général, légère variation température",6,2,7,True,True,normal,ensoleillé
2023-07-09 02:11:35,Centre Médical d'Excellence,O+,25,5,0,20,4.5,2,79.5,normale,Urgent: vérifier température stockage,6,2,7,True,True,normal,pluvieux
2023-07-09 07:54:38,Centre Médical d'Excellence,O+,40,8,0,32,3.6,2,89.8,normale,Parfait pour transfusion immédiate,6,7,7,True,True,normal,pluvieux
2023-07-10 21:01:37,Centre Médical d'Excellence,AB+,62,8,0,54,4.6,1,65.5,attention,Contrôle bactériologique négatif,0,21,7,False,True,normal,nuageux
2023-07-11 14:27:15,Centre Médical d'Excellence,A+,83,16,0,67,3.5,3,85.6,normale,"Excellent état, conservation parfaite",1,14,7,False,True,normal,pluvieux
2023-07-13 00:06:03,Centre Médical d'Excellence,O+,35,12,25,48,4.0,10,93.2,normale,Contrôle bactériologique négatif,3,0,7,False,True,normal,ensoleillé
2023-07-13 02:38:13,Centre Médical d'Excellence,A+,39,8,0,31,4.9,10,100.0,normale,"Excellent état, conservation parfaite",3,2,7,False,True,normal,orageux
2023-07-13 03:38:27,Centre Médical d'Excellence,O+,44,8,0,36,4.5,1,63.0,attention,Attention: proche expiration,3,3,7,False,True,normal,nuageux
2023-07-13 12:52:59,Centre Médical d'Excellence,A+,48,11,11,48,4.3,1,53.8,attention,"Bon état général, légère variation température",3,12,7,False,True,normal,pluvieux
2023-07-14 01:11:30,Centre Médical d'Excellence,B+,29,9,0,20,4.5,31,100.0,normale,Hémoglobine dans les normes,4,1,7,False,True,normal,pluvieux
2023-07-14 02:26:24,Centre Médical d'Excellence,A+,11,10,21,22,4.3,1,55.0,attention,"Bon état général, légère variation température",4,2,7,False,True,normal,ensoleillé
2023-07-14 05:59:43,Centre Médical d'Excellence,O+,33,5,0,28,3.9,35,100.0,normale,Attention: proche expiration,4,5,7,False,True,normal,pluvieux
2023-07-14 07:09:52,Centre Médical d'Excellence,A-,45,11,19,53,3.1,21,95.0,normale,Hémoglobine dans les normes,4,7,7,False,True,normal,nuageux
2023-07-14 09:31:05,Centre Médical d'Excellence,O+,56,2,19,73,4.2,23,98.0,normale,Contrôle bactériologique négatif,4,9,7,False,True,normal,ensoleillé
2023-07-14 21:25:47,Centre Médical d'Excellence,O+,83,9,0,74,5.2,24,100.0,normale,Contrôle bactériologique négatif,4,21,7,False,True,normal,pluvieux
2023-07-14 23:00:28,Centre Médical d'Excellence,A+,3,5,23,23,3.0,1,53.3,attention,Hémoglobine dans les normes,4,23,7,False,True,normal,nuageux
2023-07-15 03:45:46,Centre Médical d'Excellence,A+,17,8,0,9,3.6,6,99.5,critique,URGENT: Stock critique - Parfait pour transfusion immédiate,5,3,7,True,True,normal,pluvieux
2023-07-15 05:42:52,Centre Médical d'Excellence,B+,19,6,20,33,4.6,1,56.9,attention,"État satisfaisant, contrôle qualité OK",5,5,7,True,True,normal,ensoleillé
2023-07-15 07:52:22,Centre Médical d'Excellence,O+,25,3,0,22,3.9,20,96.6,normale,Contrôle bactériologique négatif,5,7,7,True,True,normal,ensoleillé
2023-07-16 09:33:55,Centre Médical d'Excellence,A+,45,4,0,41,3.5,4,88.7,normale,Parfait pour transfusion immédiate,6,9,7,True,True,normal,nuageux
2023-07-17 00:31:07,Centre Médical d'Excellence,A+,19,10,19,28,3.8,5,100.0,normale,Contrôle bactériologique négatif,0,0,7,False,True,normal,ensoleillé
2023-07-17 12:42:31,Centre Médical d'Excellence,O+,35,7,0,28,3.4,2,94.8,normale,Parfait pour transfusion immédiate,0,12,7,False,True,normal,pluvieux
2023-07-18 01:23:09,Centre Médical d'Excellence,O-,40,6,16,50,4.3,8,93.7,normale,Contrôle bactériologique négatif,1,1,7,False,True,normal,ensoleillé
2023-07-18 06:27:31,Centre Médical d'Excellence,B+,75,9,16,82,4.1,20,92.6,normale,Urgent: vérifier température stockage,1,6,7,False,True,normal,pluvieux
2023-07-18 07:39:07,Centre Médical d'Excellence,O+,76,9,0,67,3.2,5,100.0,normale,Contrôle bactériologique négatif,1,7,7,False,True,normal,pluvieux
2023-07-18 19:09:15,Centre Médical d'Excellence,B+,57,8,0,49,3.7,8,100.0,normale,"Bon état général, légère variation température",1,19,7,False,True,normal,ensoleillé
2023-07-19 12:48:08,Centre Médical d'Excellence,O+,46,12,23,57,4.3,7,96.5,normale,Urgent: vérifier température stockage,2,12,7,False,True,normal,nuageux
2023-07-19 18:15:29,Centre Médical d'Excellence,O+,69,7,19,81,4.2,20,97.2,normale,"État satisfaisant, contrôle qualité OK",2,18,7,False,True,normal,nuageux
2023-07-20 00:11:30,Centre Médical d'Excellence,A+,26,9,0,17,4.3,4,80.6,faible,Contrôle bactériologique négatif,3,0,7,False,True,normal,orageux
2023-07-20 01:43:59,Centre Médical d'Excellence,B+,20,12,26,34,3.5,12,96.1,normale,Hémoglobine dans les normes,3,1,7,False,True,normal,ensoleillé
2023-07-20 10:54:57,Centre Médical d'Excellence,O-,30,7,24,47,4.1,27,99.6,normale,Parfait pour transfusion immédiate,3,10,7,False,True,normal,ensoleillé
2023-07-21 22:45:42,Centre Médical d'Excellence,A+,58,4,0,54,3.4,1,68.2,attention,Urgent: vérifier température stockage,4,22,7,False,True,normal,pluvieux
2023-07-22 03:38:37,Centre Médical d'Excellence,O+,26,8,0,18,4.3,22,100.0,faible,Attention: proche expiration,5,3,7,True,True,normal,ensoleillé
2023-07-23 00:17:34,Centre Médical d'Excellence,A+,19,7,17,29,4.2,10,98.2,normale,Contrôle bactériologique négatif,6,0,7,True,True,normal,pluvieux
2023-07-23 04:28:27,Centre Médical d'Excellence,B+,23,4,0,19,4.2,5,100.0,faible,Attention: proche expiration,6,4,7,True,True,normal,orageux
2023-07-23 11:44:47,Centre Médical d'Excellence,O+,55,8,0,47,4.1,7,91.5,normale,Urgent: vérifier température stockage,6,11,7,True,True,normal,pluvieux
2023-07-23 20:10:32,Centre Médical d'Excellence,A+,49,0,20,69,4.3,36,100.0,normale,Parfait pour transfusion immédiate,6,20,7,True,True,normal,ensoleillé
2023-07-23 22:06:22,Centre Médical d'Excellence,A+,44,2,14,56,4.0,18,100.0,normale,"État satisfaisant, contrôle qualité OK",6,22,7,True,True,normal,nuageux
2023-07-24 11:37:49,Centre Médical d'Excellence,A-,37,13,19,43,4.4,6,100.0,normale,"Excellent état, conservation parfaite",0,11,7,False,True,urgence_médicale,ensoleillé
2023-07-24 12:20:19,Centre Médical d'Excellence,AB+,59,12,23,70,4.1,2,87.7,normale,Hémoglobine dans les normes,0,12,7,False,True,normal,pluvieux
2023-07-25 08:21:01,Centre Médical d'Excellence,A-,63,9,0,54,3.4,12,100.0,normale,"Bon état général, légère variation température",1,8,7,False,True,normal,ensoleillé
2023-07-25 08:35:41,Centre Médical d'Excellence,O+,62,9,0,53,4.1,28,100.0,normale,"État satisfaisant, contrôle qualité OK",1,8,7,False,True,normal,ensoleillé
2023-07-26 00:52:43,Centre Médical d'Excellence,O-,33,9,22,46,4.6,15,93.5,normale,"État satisfaisant, contrôle qualité OK",2,0,7,False,True,normal,ensoleillé
2023-07-26 05:23:29,Centre Médical d'Excellence,O+,31,6,19,44,3.6,25,100.0,normale,Contrôle bactériologique négatif,2,5,7,False,True,normal,ensoleillé
2023-07-26 05:57:46,Centre Médical d'Excellence,A+,17,11,0,6,4.2,124,100.0,critique,URGENT: Stock critique - Hémoglobine dans les normes,2,5,7,False,True,normal,orageux
2023-07-26 14:32:22,Centre Médical d'Excellence,A+,60,14,0,46,3.8,34,100.0,normale,Attention: proche expiration,2,14,7,False,True,normal,nuageux
2023-07-26 19:17:09,Centre Médical d'Excellence,A+,61,12,0,49,4.3,4,87.1,normale,Attention: proche expiration,2,19,7,False,True,normal,pluvieux
2023-07-26 20:01:20,Centre Médical d'Excellence,O+,40,8,23,55,5.0,12,100.0,normale,Hémoglobine dans les normes,2,20,7,False,True,normal,pluvieux
2023-07-27 03:33:10,Centre Médical d'Excellence,AB+,15,14,0,1,3.9,33,100.0,critique,URGENT: Stock critique - Urgent: vérifier température stockage,3,3,7,False,True,normal,nuageux
2023-07-27 09:17:15,Centre Médical d'Excellence,A+,92,13,0,79,4.9,23,100.0,normale,Attention: proche expiration,3,9,7,False,True,normal,pluvieux
2023-07-27 17:45:38,Centre Médical d'Excellence,A-,53,13,0,40,4.9,4,80.7,normale,"Excellent état, conservation parfaite",3,17,7,False,True,urgence_médicale,pluvieux
2023-07-27 22:12:53,Centre Médical d'Excellence,A+,57,13,28,72,4.6,16,93.0,normale,Urgent: vérifier température stockage,3,22,7,False,True,normal,ensoleillé
2023-07-28 13:42:22,Centre Médical d'Excellence,A+,68,5,22,85,3.8,11,100.0,normale,Attention: proche expiration,4,13,7,False,True,normal,nuageux
2023-07-29 11:01:59,Centre Médical d'Excellence,O+,56,5,0,51,3.6,52,100.0,normale,Contrôle bactériologique négatif,5,11,7,True,True,normal,ensoleillé
2023-07-29 12:10:26,Centre Médical d'Excellence,A+,22,4,0,18,4.7,3,89.2,faible,"Bon état général, légère variation température",5,12,7,True,True,normal,ensoleillé
2023-07-30 21:14:29,Centre Médical d'Excellence,O+,55,8,0,47,4.3,21,94.6,normale,"Bon état général, légère variation température",6,21,7,True,True,normal,nuageux
2023-07-31 06:11:57,Centre Médical d'Excellence,A-,45,8,0,37,3.4,5,98.4,normale,Parfait pour transfusion immédiate,0,6,7,False,True,normal,pluvieux
2023-07-31 14:43:03,Centre Médical d'Excellence,A+,63,12,20,71,4.1,3,84.2,normale,"Bon état général, légère variation température",0,14,7,False,True,normal,nuageux
2023-07-31 15:39:00,Centre Médical d'Excellence,A+,69,14,19,74,4.1,13,100.0,normale,"Excellent état, conservation parfaite",0,15,7,False,True,normal,orageux
2023-07-31 17:24:22,Centre Médical d'Excellence,A+,74,6,24,92,3.8,1,54.3,attention,"Bon état général, légère variation température",0,17,7,False,True,normal,ensoleillé
2023-07-31 17:32:36,Centre Médical d'Excellence,O+,75,11,0,64,5.0,46,95.1,normale,"Bon état général, légère variation température",0,17,7,False,True,normal,pluvieux
2023-08-01 00:18:24,Centre Médical d'Excellence,A+,27,8,21,40,3.7,37,100.0,normale,"Bon état général, légère variation température",1,0,8,False,True,normal,pluvieux
2023-08-01 08:15:35,Centre Médical d'Excellence,O+,76,10,17,83,4.5,129,99.0,normale,"État satisfaisant, contrôle qualité OK",1,8,8,False,True,épidémie,pluvieux
2023-08-01 18:50:29,Centre Médical d'Excellence,AB+,83,2,29,110,4.2,4,81.1,normale,"État satisfaisant, contrôle qualité OK",1,18,8,False,True,campagne_don,pluvieux
2023-08-02 10:40:20,Centre Médical d'Excellence,O+,51,15,0,36,4.6,26,100.0,normale,"État satisfaisant, contrôle qualité OK",2,10,8,False,True,normal,nuageux
2023-08-02 16:07:05,Centre Médical d'Excellence,O+,44,10,0,34,4.2,4,87.6,normale,Attention: proche expiration,2,16,8,False,True,normal,pluvieux
2023-08-04 02:50:16,Centre Médical d'Excellence,A+,29,6,15,38,4.9,4,80.4,normale,Contrôle bactériologique négatif,4,2,8,False,True,normal,ensoleillé
2023-08-04 05:20:48,Centre Médical d'Excellence,AB+,26,13,0,13,4.6,4,82.2,faible,"État satisfaisant, contrôle qualité OK",4,5,8,False,True,normal,pluvieux
2023-08-04 06:42:23,Centre Médical d'Excellence,AB-,44,14,19,49,3.5,10,100.0,normale,Attention: proche expiration,4,6,8,False,True,normal,ensoleillé
2023-08-04 11:23:57,Centre Médical d'Excellence,O+,63,15,15,63,3.5,9,100.0,normale,"Excellent état, conservation parfaite",4,11,8,False,True,normal,ensoleillé
2023-08-04 18:47:15,Centre Médical d'Excellence,O+,52,10,18,60,5.0,14,93.6,normale,"Bon état général, légère variation température",4,18,8,False,True,normal,ensoleillé
2023-08-05 01:11:34,Centre Médical d'Excellence,O+,19,5,21,35,3.7,50,92.1,normale,Contrôle bactériologique négatif,5,1,8,True,True,normal,orageux
2023-08-05 07:41:16,Centre Médical d'Excellence,B+,29,0,0,29,4.8,1,60.1,attention,Parfait pour transfusion immédiate,5,7,8,True,True,normal,ensoleillé
2023-08-05 09:43:55,Centre Médical d'Excellence,A+,43,6,0,37,4.9,33,97.6,normale,Urgent: vérifier température stockage,5,9,8,True,True,normal,ensoleillé
2023-08-05 14:25:20,Centre Médical d'Excellence,A+,50,3,24,71,4.7,2,78.8,normale,Parfait pour transfusion immédiate,5,14,8,True,True,urgence_médicale,nuageux
2023-08-05 18:35:17,Centre Médical d'Excellence,B+,46,6,20,60,4.4,1,64.6,attention,Urgent: vérifier température stockage,5,18,8,True,True,normal,nuageux
2023-08-06 15:10:04,Centre Médical d'Excellence,A+,57,9,0,48,4.3,12,100.0,normale,Hémoglobine dans les normes,6,15,8,True,True,normal,ensoleillé
2023-08-07 14:05:42,Centre Médical d'Excellence,AB+,21,15,0,6,3.4,39,93.4,critique,URGENT: Stock critique - Attention: proche expiration,0,14,8,False,True,normal,pluvieux
2023-08-07 23:46:11,Centre Médical d'Excellence,A-,24,7,0,17,4.8,6,95.1,faible,"Excellent état, conservation parfaite",0,23,8,False,True,normal,orageux
2023-08-08 04:47:21,Centre Médical d'Excellence,A+,40,4,0,36,4.5,29,100.0,normale,Attention: proche expiration,1,4,8,False,True,normal,ensoleillé
2023-08-08 10:16:18,Centre Médical d'Excellence,A+,45,9,0,36,4.3,21,100.0,normale,Attention: proche expiration,1,10,8,False,True,normal,nuageux
2023-08-08 14:00:44,Centre Médical d'Excellence,O+,116,8,0,108,4.1,9,100.0,normale,Hémoglobine dans les normes,1,14,8,False,True,normal,pluvieux
2023-08-09 05:47:39,Centre Médical d'Excellence,A+,36,7,0,29,4.0,1,65.9,attention,"Excellent état, conservation parfaite",2,5,8,False,True,normal,ensoleillé
2023-08-09 11:02:32,Centre Médical d'Excellence,O-,59,8,0,51,4.3,22,100.0,normale,Contrôle bactériologique négatif,2,11,8,False,True,normal,nuageux
2023-08-09 23:20:07,Centre Médical d'Excellence,A+,41,0,0,41,3.9,17,100.0,normale,"Bon état général, légère variation température",2,23,8,False,True,normal,nuageux
2023-08-09 23:53:22,Centre Médical d'Excellence,O+,44,9,0,35,4.7,21,98.0,normale,Attention: proche expiration,2,23,8,False,True,normal,orageux
2023-08-10 01:50:11,Centre Médical d'Excellence,A+,16,7,0,9,3.7,20,97.5,critique,"URGENT: Stock critique - État satisfaisant, contrôle qualité OK",3,1,8,False,True,normal,ensoleillé
2023-08-10 10:00:21,Centre Médical d'Excellence,O+,80,13,0,67,4.3,4,87.7,normale,"Bon état général, légère variation température",3,10,8,False,True,normal,orageux
2023-08-10 14:45:49,Centre Médical d'Excellence,O+,73,10,0,63,4.3,14,100.0,normale,"Excellent état, conservation parfaite",3,14,8,False,True,normal,pluvieux
2023-08-10 20:58:55,Centre Médical d'Excellence,A+,51,10,0,41,3.6,5,100.0,normale,Attention: proche expiration,3,20,8,False,True,normal,pluvieux
2023-08-10 21:34:39,Centre Médical d'Excellence,A+,75,13,14,76,3.3,1,59.2,attention,Parfait pour transfusion immédiate,3,21,8,False,True,normal,ensoleillé
2023-08-11 04:07:36,Centre Médical d'Excellence,AB+,20,2,24,42,3.5,36,100.0,normale,"Bon état général, légère variation température",4,4,8,False,True,normal,ensoleillé
2023-08-11 09:52:22,Centre Médical d'Excellence,A+,46,6,0,40,4.6,3,89.6,normale,Contrôle bactériologique négatif,4,9,8,False,True,normal,ensoleillé
2023-08-13 23:42:23,Centre Médical d'Excellence,A+,24,6,0,18,3.9,2,92.1,faible,Hémoglobine dans les normes,6,23,8,True,True,normal,pluvieux
2023-08-14 10:37:22,Centre Médical d'Excellence,A+,70,5,24,89,4.4,1,62.0,attention,Attention: proche expiration,0,10,8,False,True,campagne_don,pluvieux
2023-08-15 21:19:23,Centre Médical d'Excellence,O+,48,11,16,53,3.4,25,93.2,normale,"État satisfaisant, contrôle qualité OK",1,21,8,False,True,normal,ensoleillé
2023-08-16 10:27:00,Centre Médical d'Excellence,O+,91,12,0,79,3.4,32,87.3,normale,Urgent: vérifier température stockage,2,10,8,False,True,normal,pluvieux
2023-08-16 15:47:32,Centre Médical d'Excellence,A+,75,11,23,87,4.5,12,98.0,normale,Parfait pour transfusion immédiate,2,15,8,False,True,normal,pluvieux
2023-08-16 16:55:32,Centre Médical d'Excellence,O+,74,5,29,98,3.9,8,100.0,normale,Attention: proche expiration,2,16,8,False,True,normal,ensoleillé
2023-08-16 22:04:24,Centre Médical d'Excellence,B+,91,6,0,85,4.5,47,98.7,normale,Hémoglobine dans les normes,2,22,8,False,True,normal,ensoleillé
2023-08-17 07:20:26,Centre Médical d'Excellence,A+,65,12,17,70,4.9,4,84.9,normale,Urgent: vérifier température stockage,3,7,8,False,True,normal,ensoleillé
2023-08-17 10:55:08,Centre Médical d'Excellence,O+,44,10,0,34,2.9,3,88.4,normale,"État satisfaisant, contrôle qualité OK",3,10,8,False,True,accident_route,nuageux
2023-08-17 14:52:56,Centre Médical d'Excellence,A+,50,6,0,44,4.9,58,100.0,normale,Urgent: vérifier température stockage,3,14,8,False,True,normal,nuageux
2023-08-17 17:31:31,Centre Médical d'Excellence,O+,40,6,19,53,3.6,5,100.0,normale,"Bon état général, légère variation température",3,17,8,False,True,normal,orageux
2023-08-18 12:44:34,Centre Médical d'Excellence,A+,76,14,0,62,3.9,6,100.0,normale,"État satisfaisant, contrôle qualité OK",4,12,8,False,True,normal,ensoleillé
2023-08-18 14:30:54,Centre Médical d'Excellence,O-,85,10,0,75,4.4,8,100.0,normale,Contrôle bactériologique négatif,4,14,8,False,True,normal,nuageux
2023-08-18 17:50:08,Centre Médical d'Excellence,O+,62,11,0,51,4.1,16,100.0,normale,Parfait pour transfusion immédiate,4,17,8,False,True,normal,pluvieux
2023-08-19 16:01:00,Centre Médical d'Excellence,O-,33,4,0,29,4.1,1,69.3,attention,"État satisfaisant, contrôle qualité OK",5,16,8,True,True,normal,orageux
2023-08-20 04:34:52,Centre Médical d'Excellence,A+,17,3,0,14,3.9,3,92.6,faible,"État satisfaisant, contrôle qualité OK",6,4,8,True,True,normal,nuageux
2023-08-20 15:16:23,Centre Médical d'Excellence,A-,38,8,0,30,3.4,26,100.0,normale,Contrôle bactériologique négatif,6,15,8,True,True,normal,nuageux
2023-08-21 06:30:15,Centre Médical d'Excellence,A+,62,9,0,53,4.2,1,63.3,attention,"Excellent état, conservation parfaite",0,6,8,False,True,normal,ensoleillé
2023-08-21 06:40:41,Centre Médical d'Excellence,O+,40,3,26,63,4.1,3,83.6,normale,"Excellent état, conservation parfaite",0,6,8,False,True,normal,pluvieux
2023-08-21 10:15:59,Centre Médical d'Excellence,O+,20,13,0,7,4.2,20,100.0,critique,URGENT: Stock critique - Urgent: vérifier température stockage,0,10,8,False,True,normal,ensoleillé
2023-08-21 13:53:37,Centre Médical d'Excellence,O-,37,3,0,34,4.0,2,83.3,normale,"Excellent état, conservation parfaite",0,13,8,False,True,normal,nuageux
2023-08-21 22:52:38,Centre Médical d'Excellence,O-,75,10,0,65,3.8,1,51.8,attention,"Excellent état, conservation parfaite",0,22,8,False,True,normal,pluvieux
2023-08-22 08:41:47,Centre Médical d'Excellence,A+,66,7,0,59,3.7,4,87.6,normale,Hémoglobine dans les normes,1,8,8,False,True,normal,ensoleillé
2023-08-22 20:53:55,Centre Médical d'Excellence,B+,77,12,0,65,3.7,13,93.9,normale,"Bon état général, légère variation température",1,20,8,False,True,normal,orageux
2023-08-23 00:40:55,Centre Médical d'Excellence,B+,16,10,0,6,4.0,6,94.5,critique,URGENT: Stock critique - Parfait pour transfusion immédiate,2,0,8,False,True,normal,orageux
2023-08-23 01:08:08,Centre Médical d'Excellence,A+,28,4,0,24,3.7,4,90.5,normale,Urgent: vérifier température stockage,2,1,8,False,True,normal,pluvieux
2023-08-23 02:52:57,Centre Médical d'Excellence,O+,39,8,23,54,4.1,16,100.0,normale,"Bon état général, légère variation température",2,2,8,False,True,normal,pluvieux
2023-08-23 12:02:50,Centre Médical d'Excellence,O+,91,9,16,98,3.4,14,100.0,normale,Hémoglobine dans les normes,2,12,8,False,True,normal,orageux
2023-08-23 14:55:57,Centre Médical d'Excellence,A-,83,6,0,77,3.5,7,100.0,normale,Parfait pour transfusion immédiate,2,14,8,False,True,normal,nuageux
2023-08-23 18:14:37,Centre Médical d'Excellence,O+,52,8,23,67,4.4,2,83.2,normale,"Bon état général, légère variation température",2,18,8,False,True,normal,nuageux
2023-08-24 01:19:54,Centre Médical d'Excellence,B+,37,8,23,52,4.2,2,79.7,normale,Hémoglobine dans les normes,3,1,8,False,True,normal,pluvieux
2023-08-24 18:20:54,Centre Médical d'Excellence,A+,77,11,23,89,4.3,4,90.9,normale,Attention: proche expiration,3,18,8,False,True,normal,ensoleillé
2023-08-25 08:01:52,Centre Médical d'Excellence,A+,67,1,0,66,3.7,15,97.8,normale,Hémoglobine dans les normes,4,8,8,False,True,normal,ensoleillé
2023-08-27 09:15:55,Centre Médical d'Excellence,AB+,41,4,0,37,5.1,39,100.0,normale,Attention: proche expiration,6,9,8,True,True,normal,ensoleillé
2023-08-27 14:18:17,Centre Médical d'Excellence,A+,60,8,26,78,4.3,35,97.4,normale,"Bon état général, légère variation température",6,14,8,True,True,normal,nuageux
2023-08-28 16:47:51,Centre Médical d'Excellence,B+,88,14,19,93,3.2,3,89.0,normale,Hémoglobine dans les normes,0,16,8,False,True,normal,nuageux
2023-08-28 23:11:08,Centre Médical d'Excellence,O+,25,3,0,22,4.3,12,100.0,normale,Hémoglobine dans les normes,0,23,8,False,True,normal,pluvieux
2023-08-29 04:45:53,Centre Médical d'Excellence,AB+,12,8,0,4,4.5,12,92.8,critique,URGENT: Stock critique - Attention: proche expiration,1,4,8,False,True,normal,pluvieux
2023-08-30 01:09:18,Centre Médical d'Excellence,B-,19,9,0,10,4.4,8,100.0,faible,Attention: proche expiration,2,1,8,False,True,normal,nuageux
2023-08-30 10:03:07,Centre Médical d'Excellence,A+,25,14,0,11,4.2,15,100.0,faible,Parfait pour transfusion immédiate,2,10,8,False,True,normal,nuageux
2023-08-30 19:14:22,Centre Médical d'Excellence,B+,71,4,14,81,4.7,2,84.0,normale,Urgent: vérifier température stockage,2,19,8,False,True,normal,ensoleillé
2023-09-01 06:12:52,Centre Médical d'Excellence,A+,64,6,13,71,3.7,19,100.0,normale,Parfait pour transfusion immédiate,4,6,9,False,False,normal,ensoleillé
2023-09-01 18:52:30,Centre Médical d'Excellence,O+,63,5,0,58,5.1,4,86.2,normale,Urgent: vérifier température stockage,4,18,9,False,False,normal,orageux
2023-09-01 20:21:46,Centre Médical d'Excellence,O-,57,14,15,58,4.8,33,100.0,normale,Parfait pour transfusion immédiate,4,20,9,False,False,normal,pluvieux
2023-09-01 22:36:53,Centre Médical d'Excellence,O-,15,6,19,28,3.0,9,98.4,normale,Hémoglobine dans les normes,4,22,9,False,False,normal,pluvieux
2023-09-02 15:32:29,Centre Médical d'Excellence,A-,34,1,25,58,3.2,26,89.6,normale,"État satisfaisant, contrôle qualité OK",5,15,9,True,False,normal,nuageux
2023-09-02 16:24:59,Centre Médical d'Excellence,O+,42,7,21,56,4.2,18,100.0,normale,Hémoglobine dans les normes,5,16,9,True,False,normal,ensoleillé
2023-09-03 02:37:57,Centre Médical d'Excellence,B-,7,8,28,28,4.1,26,96.3,normale,Urgent: vérifier température stockage,6,2,9,True,False,normal,orageux
2023-09-03 08:27:33,Centre Médical d'Excellence,B+,42,6,0,36,4.2,52,100.0,normale,Parfait pour transfusion immédiate,6,8,9,True,False,normal,ensoleillé
2023-09-03 20:05:01,Centre Médical d'Excellence,A+,27,2,20,45,4.1,5,100.0,normale,"Excellent état, conservation parfaite",6,20,9,True,False,normal,ensoleillé
2023-09-04 04:43:41,Centre Médical d'Excellence,A+,27,5,20,42,4.0,3,82.0,normale,"État satisfaisant, contrôle qualité OK",0,4,9,False,False,normal,ensoleillé
2023-09-04 12:50:05,Centre Médical d'Excellence,O+,29,2,0,27,3.3,13,95.4,normale,Hémoglobine dans les normes,0,12,9,False,False,normal,ensoleillé
2023-09-04 20:07:00,Centre Médical d'Excellence,A-,32,7,15,40,4.9,20,93.3,normale,"Excellent état, conservation parfaite",0,20,9,False,False,normal,pluvieux
2023-09-05 03:27:49,Centre Médical d'Excellence,O-,33,1,0,32,4.6,1,70.4,normale,Hémoglobine dans les normes,1,3,9,False,False,normal,ensoleillé
2023-09-05 12:45:53,Centre Médical d'Excellence,A+,57,5,25,77,4.5,20,95.4,normale,"Bon état général, légère variation température",1,12,9,False,False,normal,pluvieux
2023-09-05 18:41:30,Centre Médical d'Excellence,O+,40,4,0,36,3.8,4,85.0,normale,Hémoglobine dans les normes,1,18,9,False,False,normal,pluvieux
2023-09-05 23:32:23,Centre Médical d'Excellence,O+,27,11,0,16,3.4,36,100.0,faible,Contrôle bactériologique négatif,1,23,9,False,False,normal,nuageux
2023-09-06 05:12:40,Centre Médical d'Excellence,A+,31,6,25,50,4.1,10,100.0,normale,"État satisfaisant, contrôle qualité OK",2,5,9,False,False,normal,pluvieux
2023-09-07 04:28:38,Centre Médical d'Excellence,A+,33,6,16,43,5.0,16,96.4,normale,Parfait pour transfusion immédiate,3,4,9,False,False,normal,ensoleillé
2023-09-07 10:17:00,Centre Médical d'Excellence,A-,52,6,0,46,4.3,33,100.0,normale,"État satisfaisant, contrôle qualité OK",3,10,9,False,False,normal,ensoleillé
2023-09-07 10:33:00,Centre Médical d'Excellence,O+,34,3,18,49,3.5,9,93.8,normale,Hémoglobine dans les normes,3,10,9,False,False,normal,pluvieux
2023-09-07 13:24:05,Centre Médical d'Excellence,O+,40,7,0,33,4.6,3,90.6,normale,Urgent: vérifier température stockage,3,13,9,False,False,normal,nuageux
2023-09-07 16:24:15,Centre Médical d'Excellence,B+,34,6,11,39,4.2,19,100.0,normale,Urgent: vérifier température stockage,3,16,9,False,False,normal,pluvieux
2023-09-07 23:54:36,Centre Médical d'Excellence,O-,22,11,0,11,4.5,23,99.4,faible,"État satisfaisant, contrôle qualité OK",3,23,9,False,False,normal,orageux
2023-09-08 11:59:00,Centre Médical d'Excellence,AB+,54,12,0,42,4.8,10,100.0,normale,"État satisfaisant, contrôle qualité OK",4,11,9,False,False,normal,pluvieux
2023-09-08 17:43:45,Centre Médical d'Excellence,A+,52,15,0,37,4.1,5,97.2,normale,Contrôle bactériologique négatif,4,17,9,False,False,normal,orageux
2023-09-08 21:20:24,Centre Médical d'Excellence,A+,37,6,0,31,4.5,7,100.0,normale,Contrôle bactériologique négatif,4,21,9,False,False,normal,ensoleillé
2023-09-09 00:22:57,Centre Médical d'Excellence,O+,16,4,0,12,4.2,22,100.0,faible,Urgent: vérifier température stockage,5,0,9,True,False,normal,orageux
2023-09-09 11:34:22,Centre Médical d'Excellence,A+,29,4,0,25,3.6,4,77.9,normale,Contrôle bactériologique négatif,5,11,9,True,False,normal,orageux
2023-09-09 13:41:10,Centre Médical d'Excellence,A+,30,7,14,37,3.6,15,96.8,normale,"Excellent état, conservation parfaite",5,13,9,True,False,normal,orageux
2023-09-10 04:23:31,Centre Médical d'Excellence,O-,22,6,0,16,3.4,1,57.9,faible,"État satisfaisant, contrôle qualité OK",6,4,9,True,False,accident_route,ensoleillé
2023-09-10 12:43:28,Centre Médical d'Excellence,A+,32,6,0,26,4.2,1,67.8,attention,"Bon état général, légère variation température",6,12,9,True,False,normal,nuageux
2023-09-11 02:27:59,Centre Médical d'Excellence,O+,26,10,0,16,4.5,3,83.2,faible,"Excellent état, conservation parfaite",0,2,9,False,False,normal,ensoleillé
2023-09-11 20:10:16,Centre Médical d'Excellence,O+,41,4,0,37,3.7,45,98.9,normale,"Excellent état, conservation parfaite",0,20,9,False,False,normal,pluvieux
2023-09-11 20:49:14,Centre Médical d'Excellence,O+,52,12,0,40,4.2,21,96.8,normale,Attention: proche expiration,0,20,9,False,False,normal,nuageux
2023-09-12 05:53:56,Centre Médical d'Excellence,O+,30,10,23,43,3.9,8,100.0,normale,Parfait pour transfusion immédiate,1,5,9,False,False,normal,ensoleillé
2023-09-12 21:37:46,Centre Médical d'Excellence,O+,48,9,16,55,3.5,5,100.0,normale,Parfait pour transfusion immédiate,1,21,9,False,False,normal,ensoleillé
2023-09-13 19:28:16,Centre Médical d'Excellence,A+,39,4,0,35,4.6,2,85.0,normale,"Bon état général, légère variation température",2,19,9,False,False,normal,orageux
2023-09-14 08:19:04,Centre Médical d'Excellence,A+,41,9,15,47,3.8,13,100.0,normale,"Excellent état, conservation parfaite",3,8,9,False,False,normal,ensoleillé
2023-09-15 05:30:40,Centre Médical d'Excellence,O+,37,10,0,27,3.7,1,61.0,attention,Contrôle bactériologique négatif,4,5,9,False,False,normal,ensoleillé
2023-09-15 11:29:17,Centre Médical d'Excellence,O+,67,11,11,67,3.8,1,60.0,attention,"Bon état général, légère variation température",4,11,9,False,False,normal,nuageux
2023-09-16 06:16:32,Centre Médical d'Excellence,O-,36,6,23,53,4.2,13,100.0,normale,Parfait pour transfusion immédiate,5,6,9,True,False,normal,pluvieux
2023-09-16 15:55:41,Centre Médical d'Excellence,A+,32,5,25,52,3.6,3,91.4,normale,Hémoglobine dans les normes,5,15,9,True,False,urgence_médicale,ensoleillé
2023-09-17 03:02:14,Centre Médical d'Excellence,B+,23,10,0,13,3.6,29,95.4,faible,Attention: proche expiration,6,3,9,True,False,normal,ensoleillé
2023-09-17 09:53:16,Centre Médical d'Excellence,O+,44,6,0,38,3.6,1,71.4,normale,Contrôle bactériologique négatif,6,9,9,True,False,normal,nuageux
2023-09-17 14:00:30,Centre Médical d'Excellence,O+,20,2,22,40,4.1,12,96.8,normale,Contrôle bactériologique négatif,6,14,9,True,False,normal,nuageux
2023-09-19 10:27:08,Centre Médical d'Excellence,O+,20,10,16,26,4.4,13,100.0,normale,Urgent: vérifier température stockage,1,10,9,False,False,normal,nuageux
2023-09-20 03:14:48,Centre Médical d'Excellence,O+,29,12,0,17,4.3,6,100.0,faible,Attention: proche expiration,2,3,9,False,False,urgence_médicale,ensoleillé
2023-09-20 04:50:06,Centre Médical d'Excellence,O+,17,9,27,35,3.8,18,100.0,normale,"État satisfaisant, contrôle qualité OK",2,4,9,False,False,normal,nuageux
2023-09-20 06:41:50,Centre Médical d'Excellence,O-,58,7,0,51,4.4,13,100.0,normale,"Excellent état, conservation parfaite",2,6,9,False,False,normal,ensoleillé
2023-09-20 19:53:35,Centre Médical d'Excellence,O+,70,5,0,65,4.4,39,94.3,normale,"État satisfaisant, contrôle qualité OK",2,19,9,False,False,normal,pluvieux
2023-09-20 20:34:17,Centre Médical d'Excellence,A+,17,6,0,11,4.0,2,82.7,faible,"Bon état général, légère variation température",2,20,9,False,False,épidémie,orageux
2023-09-21 01:50:29,Centre Médical d'Excellence,A+,28,10,0,18,3.8,3,84.1,faible,Contrôle bactériologique négatif,3,1,9,False,False,normal,pluvieux
2023-09-21 02:24:03,Centre Médical d'Excellence,B+,28,6,0,22,3.8,19,100.0,normale,Hémoglobine dans les normes,3,2,9,False,False,normal,nuageux
2023-09-21 03:06:47,Centre Médical d'Excellence,AB+,38,12,0,26,5.0,12,100.0,normale,"État satisfaisant, contrôle qualité OK",3,3,9,False,False,normal,ensoleillé
2023-09-21 06:54:36,Centre Médical d'Excellence,AB+,66,8,0,58,5.2,1,53.1,attention,Parfait pour transfusion immédiate,3,6,9,False,False,normal,ensoleillé
2023-09-21 16:52:38,Centre Médical d'Excellence,O+,47,6,21,62,4.0,19,100.0,normale,Parfait pour transfusion immédiate,3,16,9,False,False,normal,pluvieux
2023-09-22 00:30:00,Centre Médical d'Excellence,O+,29,0,14,43,4.3,3,81.7,normale,"Bon état général, légère variation température",4,0,9,False,False,normal,ensoleillé
2023-09-22 13:03:41,Centre Médical d'Excellence,O+,69,9,0,60,3.2,31,100.0,normale,Contrôle bactériologique négatif,4,13,9,False,False,normal,ensoleillé
2023-09-22 16:20:42,Centre Médical d'Excellence,O+,49,7,0,42,3.9,11,100.0,normale,Contrôle bactériologique négatif,4,16,9,False,False,normal,ensoleillé
2023-09-24 14:20:57,Centre Médical d'Excellence,AB+,39,6,0,33,3.1,12,100.0,normale,"État satisfaisant, contrôle qualité OK",6,14,9,True,False,normal,pluvieux
2023-09-24 14:44:39,Centre Médical d'Excellence,O+,30,4,21,47,3.7,1,51.3,attention,Contrôle bactériologique négatif,6,14,9,True,False,normal,pluvieux
2023-09-24 18:16:37,Centre Médical d'Excellence,A+,54,2,0,52,4.7,1,60.2,attention,Urgent: vérifier température stockage,6,18,9,True,False,normal,orageux
2023-09-25 01:10:49,Centre Médical d'Excellence,A+,35,11,22,46,4.0,4,84.2,normale,"Bon état général, légère variation température",0,1,9,False,False,normal,pluvieux
2023-09-25 06:32:54,Centre Médical d'Excellence,O+,62,5,0,57,4.4,1,57.6,attention,Hémoglobine dans les normes,0,6,9,False,False,normal,pluvieux
2023-09-26 04:41:51,Centre Médical d'Excellence,O+,23,5,0,18,3.8,3,83.1,faible,Hémoglobine dans les normes,1,4,9,False,False,normal,pluvieux
2023-09-27 15:54:34,Centre Médical d'Excellence,O+,17,10,0,7,4.2,7,97.5,critique,URGENT: Stock critique - Urgent: vérifier température stockage,2,15,9,False,False,urgence_médicale,ensoleillé
2023-09-27 18:39:27,Centre Médical d'Excellence,O-,74,10,0,64,3.9,50,94.5,normale,"État satisfaisant, contrôle qualité OK",2,18,9,False,False,normal,ensoleillé
2023-09-29 12:52:18,Centre Médical d'Excellence,B-,60,8,0,52,2.9,5,100.0,normale,Hémoglobine dans les normes,4,12,9,False,False,normal,orageux
2023-09-29 19:24:17,Centre Médical d'Excellence,A+,17,10,0,7,4.4,22,100.0,critique,"URGENT: Stock critique - Bon état général, légère variation température",4,19,9,False,False,normal,ensoleillé
2023-09-29 21:12:58,Centre Médical d'Excellence,A+,48,11,0,37,3.6,34,95.1,normale,Urgent: vérifier température stockage,4,21,9,False,False,normal,orageux
2023-09-29 23:14:21,Centre Médical d'Excellence,A+,30,6,0,24,4.8,2,90.9,normale,"Bon état général, légère variation température",4,23,9,False,False,campagne_don,nuageux
2023-09-30 00:10:14,Centre Médical d'Excellence,O+,17,3,0,14,3.7,33,91.1,faible,Urgent: vérifier température stockage,5,0,9,True,False,normal,orageux
2023-09-30 11:41:16,Centre Médical d'Excellence,O+,21,3,0,18,4.0,27,100.0,faible,Urgent: vérifier température stockage,5,11,9,True,False,normal,ensoleillé
2023-09-30 11:57:00,Centre Médical d'Excellence,A+,36,5,0,31,3.6,6,100.0,normale,Hémoglobine dans les normes,5,11,9,True,False,normal,orageux
2023-09-30 14:43:46,Centre Médical d'Excellence,B+,53,8,0,45,4.2,1,61.8,attention,"Excellent état, conservation parfaite",5,14,9,True,False,normal,ensoleillé
2023-10-01 13:28:18,Centre Médical d'Excellence,O+,28,6,0,22,3.9,6,100.0,normale,"Bon état général, légère variation température",6,13,10,True,False,normal,ensoleillé
2023-10-01 22:34:44,Centre Médical d'Excellence,O+,20,3,0,17,4.0,5,100.0,faible,Parfait pour transfusion immédiate,6,22,10,True,False,normal,pluvieux
2023-10-02 15:16:11,Centre Médical d'Excellence,A+,50,7,14,57,4.2,8,100.0,normale,"État satisfaisant, contrôle qualité OK",0,15,10,False,False,normal,orageux
2023-10-02 18:23:07,Centre Médical d'Excellence,O+,53,14,0,39,4.4,35,100.0,normale,Urgent: vérifier température stockage,0,18,10,False,False,normal,orageux
2023-10-02 18:39:52,Centre Médical d'Excellence,O+,38,7,0,31,4.6,14,96.0,normale,Contrôle bactériologique négatif,0,18,10,False,False,normal,ensoleillé
2023-10-03 06:35:50,Centre Médical d'Excellence,O+,33,1,0,32,4.2,7,99.7,normale,Contrôle bactériologique négatif,1,6,10,False,False,normal,pluvieux
2023-10-03 13:19:56,Centre Médical d'Excellence,O+,59,12,0,47,4.5,11,100.0,normale,Parfait pour transfusion immédiate,1,13,10,False,False,normal,ensoleillé
2023-10-04 23:20:28,Centre Médical d'Excellence,A+,13,7,0,6,4.7,7,94.8,critique,URGENT: Stock critique - Contrôle bactériologique négatif,2,23,10,False,False,normal,pluvieux
2023-10-05 08:35:08,Centre Médical d'Excellence,A-,48,6,0,42,4.5,10,97.3,normale,Hémoglobine dans les normes,3,8,10,False,False,normal,pluvieux
2023-10-07 04:19:10,Centre Médical d'Excellence,A+,9,6,13,16,3.6,1,54.7,faible,"Bon état général, légère variation température",5,4,10,True,False,urgence_médicale,ensoleillé
2023-10-07 06:12:28,Centre Médical d'Excellence,O-,28,7,0,21,3.9,12,100.0,normale,Parfait pour transfusion immédiate,5,6,10,True,False,normal,pluvieux
2023-10-07 08:06:57,Centre Médical d'Excellence,O+,33,7,0,26,3.8,22,100.0,normale,"État satisfaisant, contrôle qualité OK",5,8,10,True,False,normal,pluvieux
2023-10-07 12:55:32,Centre Médical d'Excellence,B+,45,7,30,68,3.9,12,100.0,normale,Contrôle bactériologique négatif,5,12,10,True,False,normal,ensoleillé
2023-10-07 23:05:56,Centre Médical d'Excellence,A+,10,5,0,5,4.1,7,100.0,critique,URGENT: Stock critique - Attention: proche expiration,5,23,10,True,False,normal,orageux
2023-10-08 02:58:38,Centre Médical d'Excellence,A+,4,5,0,0,3.4,12,100.0,critique,URGENT: Stock critique - Contrôle bactériologique négatif,6,2,10,True,False,normal,pluvieux
2023-10-08 16:12:57,Centre Médical d'Excellence,A+,37,3,14,48,4.1,21,99.2,normale,Attention: proche expiration,6,16,10,True,False,normal,ensoleillé
2023-10-08 16:53:09,Centre Médical d'Excellence,O-,52,4,0,48,4.0,55,100.0,normale,Parfait pour transfusion immédiate,6,16,10,True,False,normal,ensoleillé
2023-10-08 17:23:42,Centre Médical d'Excellence,A+,27,5,0,22,4.3,19,97.6,normale,Contrôle bactériologique négatif,6,17,10,True,False,normal,pluvieux
2023-10-08 20:15:41,Centre Médical d'Excellence,A+,33,4,0,29,4.5,1,60.1,attention,Attention: proche expiration,6,20,10,True,False,normal,ensoleillé
2023-10-08 23:22:08,Centre Médical d'Excellence,A+,13,3,20,30,4.5,16,98.2,normale,Hémoglobine dans les normes,6,23,10,True,False,normal,pluvieux
2023-10-09 10:53:35,Centre Médical d'Excellence,O-,55,7,0,48,3.5,16,100.0,normale,"Excellent état, conservation parfaite",0,10,10,False,False,normal,pluvieux
2023-10-09 21:14:32,Centre Médical d'Excellence,O+,68,11,0,57,4.0,5,100.0,normale,Hémoglobine dans les normes,0,21,10,False,False,normal,ensoleillé
2023-10-10 06:50:53,Centre Médical d'Excellence,B+,67,8,0,59,3.4,28,98.9,normale,Parfait pour transfusion immédiate,1,6,10,False,False,normal,pluvieux
2023-10-10 13:45:49,Centre Médical d'Excellence,A+,59,9,29,79,4.1,4,82.7,normale,"État satisfaisant, contrôle qualité OK",1,13,10,False,False,normal,ensoleillé
2023-10-10 23:25:04,Centre Médical d'Excellence,O+,5,8,0,0,3.0,17,98.5,critique,"URGENT: Stock critique - Excellent état, conservation parfaite",1,23,10,False,False,normal,pluvieux
2023-10-10 23:33:09,Centre Médical d'Excellence,O+,30,6,0,24,3.5,1,58.3,attention,"Excellent état, conservation parfaite",1,23,10,False,False,normal,nuageux
2023-10-11 05:47:44,Centre Médical d'Excellence,B+,25,8,0,17,3.7,16,89.6,faible,"Excellent état, conservation parfaite",2,5,10,False,False,normal,pluvieux
2023-10-11 10:12:10,Centre Médical d'Excellence,O+,61,0,14,75,3.6,38,98.3,normale,"Excellent état, conservation parfaite",2,10,10,False,False,normal,ensoleillé
2023-10-11 11:08:49,Centre Médical d'Excellence,O-,44,10,0,34,3.6,33,100.0,normale,"Bon état général, légère variation température",2,11,10,False,False,normal,ensoleillé
2023-10-11 12:25:07,Centre Médical d'Excellence,A+,77,3,0,74,3.4,22,94.4,normale,"Bon état général, légère variation température",2,12,10,False,False,normal,ensoleillé
2023-10-11 12:32:59,Centre Médical d'Excellence,O+,57,8,20,69,4.6,2,96.4,normale,"Bon état général, légère variation température",2,12,10,False,False,normal,nuageux
2023-10-11 23:03:49,Centre Médical d'Excellence,A+,21,8,0,13,4.7,12,100.0,faible,"Excellent état, conservation parfaite",2,23,10,False,False,normal,pluvieux
2023-10-12 11:25:14,Centre Médical d'Excellence,A+,46,8,19,57,3.7,22,100.0,normale,Hémoglobine dans les normes,3,11,10,False,False,normal,ensoleillé
2023-10-15 02:47:37,Centre Médical d'Excellence,B+,22,6,0,16,4.6,22,100.0,faible,"Bon état général, légère variation température",6,2,10,True,False,normal,nuageux
2023-10-15 08:10:44,Centre Médical d'Excellence,A-,42,6,23,59,3.7,14,100.0,normale,Attention: proche expiration,6,8,10,True,False,campagne_don,nuageux
2023-10-15 08:43:04,Centre Médical d'Excellence,B+,35,1,0,34,3.8,18,100.0,normale,"Bon état général, légère variation température",6,8,10,True,False,normal,nuageux
2023-10-15 10:02:21,Centre Médical d'Excellence,O+,33,7,19,45,4.0,4,74.5,normale,Contrôle bactériologique négatif,6,10,10,True,False,normal,ensoleillé
2023-10-16 20:54:18,Centre Médical d'Excellence,O-,62,15,0,47,4.4,78,94.5,normale,Urgent: vérifier température stockage,0,20,10,False,False,urgence_médicale,ensoleillé
2023-10-17 10:10:18,Centre Médical d'Excellence,A-,37,12,0,25,3.4,11,100.0,normale,"État satisfaisant, contrôle qualité OK",1,10,10,False,False,normal,nuageux
2023-10-17 23:57:07,Centre Médical d'Excellence,A+,34,6,0,28,3.8,4,78.7,normale,Parfait pour transfusion immédiate,1,23,10,False,False,normal,ensoleillé
2023-10-18 13:51:00,Centre Médical d'Excellence,O+,40,8,16,48,2.5,1,62.5,attention,Hémoglobine dans les normes,2,13,10,False,False,normal,nuageux
2023-10-18 14:12:59,Centre Médical d'Excellence,A+,65,10,0,55,4.0,5,100.0,normale,Contrôle bactériologique négatif,2,14,10,False,False,normal,ensoleillé
2023-10-18 16:47:02,Centre Médical d'Excellence,O-,57,8,0,49,4.3,13,99.1,normale,Contrôle bactériologique négatif,2,16,10,False,False,normal,pluvieux
2023-10-18 19:49:19,Centre Médical d'Excellence,A-,61,12,0,49,4.1,28,91.5,normale,Parfait pour transfusion immédiate,2,19,10,False,False,normal,ensoleillé
2023-10-19 08:40:35,Centre Médical d'Excellence,O-,29,0,0,29,3.8,12,91.8,normale,Urgent: vérifier température stockage,3,8,10,False,False,normal,ensoleillé
2023-10-19 14:54:09,Centre Médical d'Excellence,A+,47,12,0,35,4.2,56,97.3,normale,Attention: proche expiration,3,14,10,False,False,normal,orageux
2023-10-20 00:34:29,Centre Médical d'Excellence,O+,31,4,23,50,3.4,21,100.0,normale,Parfait pour transfusion immédiate,4,0,10,False,False,normal,ensoleillé
2023-10-20 01:58:03,Centre Médical d'Excellence,O+,31,11,0,20,4.2,7,100.0,normale,Hémoglobine dans les normes,4,1,10,False,False,normal,pluvieux
2023-10-20 02:50:51,Centre Médical d'Excellence,O-,22,7,0,15,4.0,7,100.0,faible,Contrôle bactériologique négatif,4,2,10,False,False,urgence_médicale,nuageux
2023-10-20 11:18:33,Centre Médical d'Excellence,A+,45,6,0,39,4.4,9,97.0,normale,"Excellent état, conservation parfaite",4,11,10,False,False,normal,nuageux
2023-10-20 23:42:39,Centre Médical d'Excellence,A+,32,7,0,25,3.6,27,100.0,normale,Attention: proche expiration,4,23,10,False,False,normal,pluvieux
2023-10-21 00:20:36,Centre Médical d'Excellence,A+,8,5,0,3,4.6,17,96.5,critique,"URGENT: Stock critique - Bon état général, légère variation température",5,0,10,True,False,normal,ensoleillé
2023-10-21 02:47:22,Centre Médical d'Excellence,A+,17,6,0,11,4.4,16,94.1,faible,Parfait pour transfusion immédiate,5,2,10,True,False,normal,ensoleillé
2023-10-21 09:05:39,Centre Médical d'Excellence,O+,37,3,0,34,4.3,56,95.9,normale,Parfait pour transfusion immédiate,5,9,10,True,False,normal,pluvieux
2023-10-22 04:50:06,Centre Médical d'Excellence,B+,18,5,0,13,4.6,2,80.1,faible,"Bon état général, légère variation température",6,4,10,True,False,normal,ensoleillé
2023-10-23 10:36:53,Centre Médical d'Excellence,A+,54,5,22,71,3.5,5,100.0,normale,Urgent: vérifier température stockage,0,10,10,False,False,normal,orageux
2023-10-24 02:53:06,Centre Médical d'Excellence,O+,14,7,0,7,4.4,66,100.0,critique,"URGENT: Stock critique - Excellent état, conservation parfaite",1,2,10,False,False,normal,nuageux
2023-10-24 08:20:36,Centre Médical d'Excellence,B+,69,6,19,82,2.9,10,99.3,normale,"Bon état général, légère variation température",1,8,10,False,False,normal,ensoleillé
2023-10-24 13:05:02,Centre Médical d'Excellence,O+,69,6,0,63,3.8,17,99.2,normale,Urgent: vérifier température stockage,1,13,10,False,False,normal,ensoleillé
2023-10-24 14:03:21,Centre Médical d'Excellence,A+,31,7,0,24,4.5,14,98.7,normale,Hémoglobine dans les normes,1,14,10,False,False,normal,pluvieux
2023-10-24 18:24:26,Centre Médical d'Excellence,O+,39,8,0,31,4.1,1,60.8,attention,Contrôle bactériologique négatif,1,18,10,False,False,normal,ensoleillé
2023-10-24 23:06:45,Centre Médical d'Excellence,O+,9,7,19,21,3.5,8,97.0,normale,"Excellent état, conservation parfaite",1,23,10,False,False,normal,orageux
2023-10-25 02:18:30,Centre Médical d'Excellence,O+,33,9,0,24,4.2,25,100.0,normale,Parfait pour transfusion immédiate,2,2,10,False,False,normal,ensoleillé
2023-10-25 11:26:50,Centre Médical d'Excellence,A+,50,7,15,58,3.8,14,100.0,normale,Parfait pour transfusion immédiate,2,11,10,False,False,normal,nuageux
2023-10-25 22:03:29,Centre Médical d'Excellence,A+,61,6,0,55,5.2,49,100.0,normale,Attention: proche expiration,2,22,10,False,False,normal,ensoleillé
2023-10-26 04:03:41,Centre Médical d'Excellence,A-,28,11,21,38,3.9,9,100.0,normale,Attention: proche expiration,3,4,10,False,False,normal,orageux
2023-10-26 04:22:59,Centre Médical d'Excellence,O+,23,8,0,15,3.9,13,99.1,faible,Parfait pour transfusion immédiate,3,4,10,False,False,normal,ensoleillé
2023-10-27 02:20:06,Centre Médical d'Excellence,A-,16,4,0,12,4.5,6,97.4,faible,Hémoglobine dans les normes,4,2,10,False,False,normal,nuageux
2023-10-27 02:25:48,Centre Médical d'Excellence,A+,15,11,19,23,3.8,1,49.4,attention,Urgent: vérifier température stockage,4,2,10,False,False,normal,ensoleillé
2023-10-28 17:42:38,Centre Médical d'Excellence,O+,41,5,0,36,3.5,7,100.0,normale,"Bon état général, légère variation température",5,17,10,True,False,normal,pluvieux
2023-10-29 00:40:57,Centre Médical d'Excellence,A+,15,4,0,11,4.9,27,89.4,faible,"Excellent état, conservation parfaite",6,0,10,True,False,normal,pluvieux
2023-10-30 15:48:25,Centre Médical d'Excellence,O-,55,12,0,43,4.2,18,100.0,normale,"État satisfaisant, contrôle qualité OK",0,15,10,False,False,normal,ensoleillé
2023-10-30 22:51:48,Centre Médical d'Excellence,A-,73,7,0,66,4.4,1,65.1,attention,Hémoglobine dans les normes,0,22,10,False,False,normal,nuageux
2023-10-31 02:10:58,Centre Médical d'Excellence,A+,19,5,0,14,4.6,40,96.6,faible,Attention: proche expiration,1,2,10,False,False,campagne_don,pluvieux
2023-11-01 06:44:25,Centre Médical d'Excellence,A+,70,5,22,87,3.3,13,94.7,normale,Urgent: vérifier température stockage,2,6,11,False,False,normal,ensoleillé
2023-11-01 09:28:27,Centre Médical d'Excellence,A+,38,8,24,54,4.6,1,63.0,attention,"Excellent état, conservation parfaite",2,9,11,False,False,normal,pluvieux
2023-11-02 03:52:42,Centre Médical d'Excellence,O+,28,10,0,18,4.3,9,99.1,faible,"Bon état général, légère variation température",3,3,11,False,False,normal,orageux
2023-11-02 22:02:54,Centre Médical d'Excellence,A-,55,4,0,51,4.0,3,90.5,normale,Contrôle bactériologique négatif,3,22,11,False,False,normal,ensoleillé
2023-11-03 03:42:32,Centre Médical d'Excellence,O+,25,9,0,16,3.6,10,100.0,faible,"Excellent état, conservation parfaite",4,3,11,False,False,normal,pluvieux
2023-11-03 05:10:54,Centre Médical d'Excellence,A-,29,9,0,20,4.0,29,93.6,normale,Hémoglobine dans les normes,4,5,11,False,False,normal,ensoleillé
2023-11-03 07:23:21,Centre Médical d'Excellence,A+,60,4,0,56,4.0,1,62.6,attention,"État satisfaisant, contrôle qualité OK",4,7,11,False,False,normal,nuageux
2023-11-03 17:13:50,Centre Médical d'Excellence,AB-,48,8,17,57,3.5,47,100.0,normale,Urgent: vérifier température stockage,4,17,11,False,False,normal,nuageux
2023-11-03 17:48:49,Centre Médical d'Excellence,O+,37,7,0,30,4.7,16,97.1,normale,"Bon état général, légère variation température",4,17,11,False,False,normal,ensoleillé
2023-11-05 05:48:54,Centre Médical d'Excellence,O+,14,2,0,12,3.7,2,85.1,faible,"Bon état général, légère variation température",6,5,11,True,False,normal,pluvieux
2023-11-05 12:27:22,Centre Médical d'Excellence,A+,22,9,26,39,4.0,27,98.0,normale,"Excellent état, conservation parfaite",6,12,11,True,False,normal,pluvieux
2023-11-05 17:42:09,Centre Médical d'Excellence,A+,39,6,0,33,3.2,5,100.0,normale,"État satisfaisant, contrôle qualité OK",6,17,11,True,False,normal,nuageux
2023-11-05 19:51:12,Centre Médical d'Excellence,A+,35,3,0,32,4.4,17,94.1,normale,"Excellent état, conservation parfaite",6,19,11,True,False,normal,pluvieux
2023-11-06 06:24:37,Centre Médical d'Excellence,A+,44,11,0,33,3.8,21,100.0,normale,Attention: proche expiration,0,6,11,False,False,normal,ensoleillé
2023-11-06 08:44:23,Centre Médical d'Excellence,O+,76,10,0,66,4.0,3,85.2,normale,Urgent: vérifier température stockage,0,8,11,False,False,normal,ensoleillé
2023-11-06 09:29:44,Centre Médical d'Excellence,O+,28,8,0,20,4.1,23,96.0,normale,Parfait pour transfusion immédiate,0,9,11,False,False,normal,pluvieux
2023-11-06 10:53:12,Centre Médical d'Excellence,A+,51,3,20,68,4.8,14,96.8,normale,"État satisfaisant, contrôle qualité OK",0,10,11,False,False,normal,ensoleillé
2023-11-06 21:28:13,Centre Médical d'Excellence,O-,39,8,0,31,3.7,24,100.0,normale,Attention: proche expiration,0,21,11,False,False,normal,orageux
2023-11-07 15:51:21,Centre Médical d'Excellence,A+,55,9,0,46,4.1,15,98.6,normale,"Excellent état, conservation parfaite",1,15,11,False,False,normal,pluvieux
2023-11-07 20:10:36,Centre Médical d'Excellence,O+,41,6,23,58,3.9,3,88.2,normale,"Excellent état, conservation parfaite",1,20,11,False,False,normal,ensoleillé
2023-11-07 21:42:15,Centre Médical d'Excellence,B+,59,7,28,80,3.3,19,89.4,normale,Urgent: vérifier température stockage,1,21,11,False,False,normal,ensoleillé
2023-11-08 02:56:15,Centre Médical d'Excellence,O+,24,7,0,17,3.6,1,65.2,faible,"Bon état général, légère variation température",2,2,11,False,False,normal,orageux
2023-11-08 03:38:32,Centre Médical d'Excellence,B-,33,9,17,41,3.6,3,85.5,normale,Contrôle bactériologique négatif,2,3,11,False,False,accident_route,pluvieux
2023-11-08 03:45:04,Centre Médical d'Excellence,A-,23,2,0,21,4.3,22,100.0,normale,Contrôle bactériologique négatif,2,3,11,False,False,normal,ensoleillé
2023-11-08 09:37:36,Centre Médical d'Excellence,O+,40,6,22,56,4.5,3,81.8,normale,Parfait pour transfusion immédiate,2,9,11,False,False,normal,pluvieux
2023-11-08 20:40:27,Centre Médical d'Excellence,A+,21,12,0,9,4.5,9,100.0,critique,URGENT: Stock critique - Parfait pour transfusion immédiate,2,20,11,False,False,normal,pluvieux
2023-11-09 03:24:44,Centre Médical d'Excellence,O+,20,3,0,17,3.5,19,97.1,faible,"Excellent état, conservation parfaite",3,3,11,False,False,normal,pluvieux
2023-11-09 04:55:47,Centre Médical d'Excellence,A+,26,9,22,39,4.4,13,96.8,normale,Hémoglobine dans les normes,3,4,11,False,False,normal,ensoleillé
2023-11-09 15:19:50,Centre Médical d'Excellence,B-,52,4,22,70,3.3,31,100.0,normale,Attention: proche expiration,3,15,11,False,False,normal,nuageux
2023-11-09 18:03:21,Centre Médical d'Excellence,O+,78,3,0,75,4.4,1,61.4,attention,Contrôle bactériologique négatif,3,18,11,False,False,normal,nuageux
2023-11-10 11:05:08,Centre Médical d'Excellence,A-,70,8,26,88,3.7,8,93.4,normale,"État satisfaisant, contrôle qualité OK",4,11,11,False,False,normal,ensoleillé
2023-11-11 00:15:04,Centre Médical d'Excellence,O+,19,8,0,11,4.3,6,100.0,faible,"Excellent état, conservation parfaite",5,0,11,True,False,normal,nuageux
2023-11-11 02:09:56,Centre Médical d'Excellence,A+,21,4,11,28,3.7,22,96.4,normale,Contrôle bactériologique négatif,5,2,11,True,False,normal,orageux
2023-11-11 05:35:58,Centre Médical d'Excellence,O+,24,6,0,18,3.3,17,100.0,faible,Urgent: vérifier température stockage,5,5,11,True,False,normal,ensoleillé
2023-11-12 07:04:55,Centre Médical d'Excellence,A+,31,4,0,27,3.6,98,98.1,normale,Contrôle bactériologique négatif,6,7,11,True,False,normal,orageux
2023-11-12 14:38:20,Centre Médical d'Excellence,O-,29,5,0,24,3.6,23,100.0,normale,"Bon état général, légère variation température",6,14,11,True,False,épidémie,ensoleillé
2023-11-12 16:40:35,Centre Médical d'Excellence,O-,33,7,0,26,3.6,1,62.4,attention,Contrôle bactériologique négatif,6,16,11,True,False,normal,nuageux
2023-11-12 19:02:49,Centre Médical d'Excellence,A+,41,5,0,36,4.6,17,95.4,normale,Parfait pour transfusion immédiate,6,19,11,True,False,normal,pluvieux
2023-11-12 19:58:01,Centre Médical d'Excellence,O+,30,5,15,40,4.4,1,64.5,attention,"Bon état général, légère variation température",6,19,11,True,False,normal,ensoleillé
2023-11-13 05:22:24,Centre Médical d'Excellence,A+,20,8,0,12,3.1,19,100.0,faible,Contrôle bactériologique négatif,0,5,11,False,False,normal,pluvieux
2023-11-13 21:07:19,Centre Médical d'Excellence,A+,50,6,0,44,3.5,6,100.0,normale,Hémoglobine dans les normes,0,21,11,False,False,normal,ensoleillé
2023-11-14 05:01:13,Centre Médical d'Excellence,B+,20,7,0,13,3.5,19,100.0,faible,"État satisfaisant, contrôle qualité OK",1,5,11,False,False,normal,pluvieux
2023-11-14 11:43:53,Centre Médical d'Excellence,A+,66,9,27,84,3.8,31,100.0,normale,Attention: proche expiration,1,11,11,False,False,normal,nuageux
2023-11-15 07:03:19,Centre Médical d'Excellence,A+,50,11,0,39,3.3,34,100.0,normale,Parfait pour transfusion immédiate,2,7,11,False,False,normal,nuageux
2023-11-15 14:23:24,Centre Médical d'Excellence,B+,36,9,15,42,2.7,8,100.0,normale,"Excellent état, conservation parfaite",2,14,11,False,False,normal,nuageux
2023-11-15 14:50:51,Centre Médical d'Excellence,O+,38,9,21,50,4.1,36,100.0,normale,Contrôle bactériologique négatif,2,14,11,False,False,normal,nuageux
2023-11-16 00:37:48,Centre Médical d'Excellence,A+,21,9,0,12,3.9,9,91.8,faible,Urgent: vérifier température stockage,3,0,11,False,False,normal,nuageux
2023-11-16 14:18:39,Centre Médical d'Excellence,A+,24,10,0,14,4.5,10,99.7,faible,"État satisfaisant, contrôle qualité OK",3,14,11,False,False,normal,nuageux
2023-11-17 11:53:43,Centre Médical d'Excellence,A+,46,9,0,37,3.3,6,100.0,normale,Parfait pour transfusion immédiate,4,11,11,False,False,normal,nuageux
2023-11-17 22:07:41,Centre Médical d'Excellence,A+,75,4,0,71,4.6,45,100.0,normale,"Excellent état, conservation parfaite",4,22,11,False,False,normal,pluvieux
2023-11-18 03:48:45,Centre Médical d'Excellence,B+,33,4,0,29,4.3,67,99.4,normale,"État satisfaisant, contrôle qualité OK",5,3,11,True,False,normal,pluvieux
2023-11-18 08:41:05,Centre Médical d'Excellence,A+,31,8,0,23,3.9,1,57.1,attention,Contrôle bactériologique négatif,5,8,11,True,False,normal,pluvieux
2023-11-18 19:19:55,Centre Médical d'Excellence,O+,42,7,0,35,4.0,1,64.0,attention,"Bon état général, légère variation température",5,19,11,True,False,normal,ensoleillé
2023-11-19 01:14:39,Centre Médical d'Excellence,A+,8,9,25,25,5.5,30,96.5,normale,"Bon état général, légère variation température",6,1,11,True,False,normal,nuageux
2023-11-19 02:41:39,Centre Médical d'Excellence,O-,16,7,0,9,3.7,7,98.1,critique,URGENT: Stock critique - Hémoglobine dans les normes,6,2,11,True,False,normal,nuageux
2023-11-19 07:31:14,Centre Médical d'Excellence,O+,28,9,16,35,3.5,5,99.9,normale,Parfait pour transfusion immédiate,6,7,11,True,False,normal,pluvieux
2023-11-19 18:46:48,Centre Médical d'Excellence,B-,12,3,0,9,4.1,4,83.1,critique,"URGENT: Stock critique - Excellent état, conservation parfaite",6,18,11,True,False,normal,ensoleillé
2023-11-20 00:19:46,Centre Médical d'Excellence,O+,32,12,0,20,4.0,17,100.0,normale,Attention: proche expiration,0,0,11,False,False,normal,ensoleillé
2023-11-20 06:47:21,Centre Médical d'Excellence,AB+,31,7,0,24,3.8,19,98.3,normale,"Bon état général, légère variation température",0,6,11,False,False,normal,ensoleillé
2023-11-20 22:28:13,Centre Médical d'Excellence,A+,54,6,23,71,4.1,11,100.0,normale,"Excellent état, conservation parfaite",0,22,11,False,False,normal,ensoleillé
2023-11-21 03:45:13,Centre Médical d'Excellence,A+,19,12,0,7,3.4,1,53.6,critique,URGENT: Stock critique - Contrôle bactériologique négatif,1,3,11,False,False,normal,ensoleillé
2023-11-21 09:12:41,Centre Médical d'Excellence,A-,70,11,17,76,4.0,1,66.5,attention,"Excellent état, conservation parfaite",1,9,11,False,False,normal,ensoleillé
2023-11-21 13:52:56,Centre Médical d'Excellence,A-,56,12,23,67,4.3,16,100.0,normale,Contrôle bactériologique négatif,1,13,11,False,False,normal,ensoleillé
2023-11-22 12:06:10,Centre Médical d'Excellence,B+,41,9,0,32,3.7,14,97.5,normale,"État satisfaisant, contrôle qualité OK",2,12,11,False,False,normal,nuageux
2023-11-23 02:27:54,Centre Médical d'Excellence,O+,23,3,20,40,3.1,7,100.0,normale,"Bon état général, légère variation température",3,2,11,False,False,normal,orageux
2023-11-23 12:14:45,Centre Médical d'Excellence,O+,50,10,0,40,3.6,34,91.9,normale,Urgent: vérifier température stockage,3,12,11,False,False,normal,ensoleillé
2023-11-23 12:51:09,Centre Médical d'Excellence,O+,54,12,0,42,3.5,55,98.6,normale,Parfait pour transfusion immédiate,3,12,11,False,False,accident_route,pluvieux
2023-11-24 06:35:12,Centre Médical d'Excellence,O+,52,8,0,44,4.9,45,100.0,normale,Parfait pour transfusion immédiate,4,6,11,False,False,urgence_médicale,ensoleillé
2023-11-24 09:23:01,Centre Médical d'Excellence,O+,49,8,21,62,4.3,26,100.0,normale,Hémoglobine dans les normes,4,9,11,False,False,normal,nuageux
2023-11-24 16:46:43,Centre Médical d'Excellence,O-,45,9,0,36,4.1,18,99.5,normale,"Excellent état, conservation parfaite",4,16,11,False,False,normal,nuageux
2023-11-24 20:12:15,Centre Médical d'Excellence,O+,60,11,16,65,4.3,3,93.4,normale,Urgent: vérifier température stockage,4,20,11,False,False,normal,orageux
2023-11-24 22:02:45,Centre Médical d'Excellence,AB+,25,8,19,36,3.8,6,100.0,normale,"Excellent état, conservation parfaite",4,22,11,False,False,normal,pluvieux
2023-11-25 04:03:24,Centre Médical d'Excellence,A+,8,2,0,6,2.7,7,96.9,critique,"URGENT: Stock critique - État satisfaisant, contrôle qualité OK",5,4,11,True,False,normal,ensoleillé
2023-11-25 08:23:06,Centre Médical d'Excellence,O+,36,5,17,48,3.0,1,62.1,attention,"Bon état général, légère variation température",5,8,11,True,False,normal,ensoleillé
2023-11-25 08:52:58,Centre Médical d'Excellence,O-,50,2,0,48,4.1,18,100.0,normale,"Excellent état, conservation parfaite",5,8,11,True,False,normal,ensoleillé
2023-11-25 11:50:21,Centre Médical d'Excellence,O+,50,2,0,48,3.6,38,99.4,normale,Hémoglobine dans les normes,5,11,11,True,False,campagne_don,pluvieux
2023-11-25 17:10:53,Centre Médical d'Excellence,AB-,27,1,0,26,3.8,1,59.6,attention,"État satisfaisant, contrôle qualité OK",5,17,11,True,False,normal,ensoleillé
2023-11-26 09:06:20,Centre Médical d'Excellence,B+,27,9,0,18,4.2,7,98.5,faible,Parfait pour transfusion immédiate,6,9,11,True,False,normal,pluvieux
2023-11-26 18:32:16,Centre Médical d'Excellence,B+,34,4,25,55,3.8,16,100.0,normale,"État satisfaisant, contrôle qualité OK",6,18,11,True,False,normal,ensoleillé
2023-11-27 06:12:56,Centre Médical d'Excellence,AB-,30,9,0,21,3.6,6,100.0,normale,Hémoglobine dans les normes,0,6,11,False,False,normal,pluvieux
2023-11-27 13:21:29,Centre Médical d'Excellence,O-,48,8,16,56,4.5,8,100.0,normale,Hémoglobine dans les normes,0,13,11,False,False,normal,ensoleillé
2023-11-27 20:21:12,Centre Médical d'Excellence,A+,73,9,0,64,4.1,2,82.3,normale,"Excellent état, conservation parfaite",0,20,11,False,False,normal,ensoleillé
2023-11-28 07:14:19,Centre Médical d'Excellence,A+,50,6,22,66,3.2,15,100.0,normale,Contrôle bactériologique négatif,1,7,11,False,False,normal,ensoleillé
2023-11-28 08:04:24,Centre Médical d'Excellence,A+,47,4,29,72,3.7,28,89.5,normale,Hémoglobine dans les normes,1,8,11,False,False,normal,ensoleillé
2023-11-28 16:42:47,Centre Médical d'Excellence,A+,55,6,0,49,2.9,24,100.0,normale,Attention: proche expiration,1,16,11,False,False,normal,pluvieux
2023-11-28 20:33:36,Centre Médical d'Excellence,A+,77,3,0,74,4.1,2,85.9,normale,Parfait pour transfusion immédiate,1,20,11,False,False,normal,pluvieux
2023-11-29 03:10:03,Centre Médical d'Excellence,O-,37,5,0,32,3.7,15,90.4,normale,Attention: proche expiration,2,3,11,False,False,normal,ensoleillé
2023-11-29 23:31:36,Centre Médical d'Excellence,A+,17,12,20,25,4.0,15,100.0,normale,Contrôle bactériologique négatif,2,23,11,False,False,normal,orageux
2023-11-30 15:59:00,Centre Médical d'Excellence,O+,55,8,19,66,4.5,5,100.0,normale,Contrôle bactériologique négatif,3,15,11,False,False,normal,ensoleillé
2023-12-01 23:13:41,Centre Médical d'Excellence,B+,30,11,0,19,4.6,1,61.0,faible,Hémoglobine dans les normes,4,23,12,False,True,normal,pluvieux
2023-12-02 00:56:44,Centre Médical d'Excellence,A+,21,9,0,12,3.9,10,95.8,faible,"Bon état général, légère variation température",5,0,12,True,True,normal,pluvieux
2023-12-02 08:09:57,Centre Médical d'Excellence,O+,29,6,16,39,3.1,57,100.0,normale,"État satisfaisant, contrôle qualité OK",5,8,12,True,True,normal,nuageux
2023-12-02 08:50:08,Centre Médical d'Excellence,O+,39,2,23,60,4.4,6,93.7,normale,"Excellent état, conservation parfaite",5,8,12,True,True,normal,nuageux
2023-12-03 02:43:37,Centre Médical d'Excellence,A+,18,3,0,15,3.5,21,100.0,faible,Hémoglobine dans les normes,6,2,12,True,True,normal,ensoleillé
2023-12-03 07:03:18,Centre Médical d'Excellence,O+,54,13,21,62,4.1,7,93.8,normale,Hémoglobine dans les normes,6,7,12,True,True,normal,pluvieux
2023-12-04 02:26:59,Centre Médical d'Excellence,O+,15,7,0,8,3.5,70,97.5,critique,URGENT: Stock critique - Contrôle bactériologique négatif,0,2,12,False,True,normal,ensoleillé
2023-12-04 15:17:35,Centre Médical d'Excellence,O+,73,12,14,75,3.4,4,90.9,normale,Hémoglobine dans les normes,0,15,12,False,True,normal,ensoleillé
2023-12-04 17:02:17,Centre Médical d'Excellence,O+,28,1,0,27,4.7,13,95.2,normale,Hémoglobine dans les normes,0,17,12,False,True,normal,ensoleillé
2023-12-05 09:11:57,Centre Médical d'Excellence,A+,36,6,18,48,3.9,20,98.3,normale,Contrôle bactériologique négatif,1,9,12,False,True,normal,ensoleillé
2023-12-05 23:27:08,Centre Médical d'Excellence,O+,34,11,0,23,4.3,18,100.0,normale,"État satisfaisant, contrôle qualité OK",1,23,12,False,True,urgence_médicale,ensoleillé
2023-12-06 10:22:45,Centre Médical d'Excellence,O+,73,0,0,73,4.4,18,98.9,normale,"Bon état général, légère variation température",2,10,12,False,True,normal,pluvieux
2023-12-06 12:19:02,Centre Médical d'Excellence,A+,70,18,0,52,4.1,49,97.8,normale,Urgent: vérifier température stockage,2,12,12,False,True,normal,pluvieux
2023-12-06 15:02:23,Centre Médical d'Excellence,O+,85,10,0,75,3.1,10,100.0,normale,Urgent: vérifier température stockage,2,15,12,False,True,normal,ensoleillé
2023-12-08 01:01:37,Centre Médical d'Excellence,A-,33,6,12,39,3.5,4,97.8,normale,Contrôle bactériologique négatif,4,1,12,False,True,normal,pluvieux
2023-12-08 08:12:51,Centre Médical d'Excellence,A+,58,12,27,73,4.0,32,99.4,normale,"Bon état général, légère variation température",4,8,12,False,True,normal,ensoleillé
2023-12-08 08:34:45,Centre Médical d'Excellence,A-,81,5,23,99,3.7,38,99.1,normale,Parfait pour transfusion immédiate,4,8,12,False,True,normal,ensoleillé
2023-12-08 14:03:09,Centre Médical d'Excellence,AB+,43,5,0,38,3.8,6,95.7,normale,"Bon état général, légère variation température",4,14,12,False,True,normal,ensoleillé
2023-12-09 02:16:39,Centre Médical d'Excellence,A+,20,6,0,14,3.8,27,95.4,faible,"État satisfaisant, contrôle qualité OK",5,2,12,True,True,normal,ensoleillé
2023-12-09 10:37:34,Centre Médical d'Excellence,O+,44,5,0,39,4.2,12,90.6,normale,Hémoglobine dans les normes,5,10,12,True,True,normal,pluvieux
2023-12-09 23:18:00,Centre Médical d'Excellence,O+,10,7,0,3,4.5,14,100.0,critique,URGENT: Stock critique - Parfait pour transfusion immédiate,5,23,12,True,True,normal,pluvieux
2023-12-10 01:02:21,Centre Médical d'Excellence,A-,20,9,0,11,4.3,23,100.0,faible,"État satisfaisant, contrôle qualité OK",6,1,12,True,True,normal,pluvieux
2023-12-10 17:15:47,Centre Médical d'Excellence,B+,54,4,12,62,4.3,9,100.0,normale,"Excellent état, conservation parfaite",6,17,12,True,True,normal,nuageux
2023-12-10 20:16:08,Centre Médical d'Excellence,A+,50,5,0,45,4.1,12,100.0,normale,"État satisfaisant, contrôle qualité OK",6,20,12,True,True,normal,ensoleillé
2023-12-11 10:08:59,Centre Médical d'Excellence,O+,60,7,0,53,4.2,1,62.2,attention,Attention: proche expiration,0,10,12,False,True,normal,ensoleillé
2023-12-11 11:34:20,Centre Médical d'Excellence,A+,47,12,0,35,4.8,14,100.0,normale,Urgent: vérifier température stockage,0,11,12,False,True,normal,ensoleillé
2023-12-11 13:39:59,Centre Médical d'Excellence,A+,51,6,0,45,4.7,9,91.2,normale,Urgent: vérifier température stockage,0,13,12,False,True,normal,orageux
2023-12-11 21:13:09,Centre Médical d'Excellence,A-,45,13,25,57,3.7,1,56.9,attention,Hémoglobine dans les normes,0,21,12,False,True,normal,ensoleillé
2023-12-12 05:50:49,Centre Médical d'Excellence,O+,43,11,14,46,3.3,17,100.0,normale,Hémoglobine dans les normes,1,5,12,False,True,accident_route,ensoleillé
2023-12-12 08:24:09,Centre Médical d'Excellence,O+,30,8,0,22,4.1,29,100.0,normale,Attention: proche expiration,1,8,12,False,True,campagne_don,ensoleillé
2023-12-14 04:14:36,Centre Médical d'Excellence,A+,22,12,0,10,3.9,68,100.0,faible,Parfait pour transfusion immédiate,3,4,12,False,True,normal,ensoleillé
2023-12-16 23:45:15,Centre Médical d'Excellence,A+,16,1,18,33,3.6,8,97.8,normale,Parfait pour transfusion immédiate,5,23,12,True,True,normal,pluvieux
2023-12-17 05:36:29,Centre Médical d'Excellence,A+,13,7,0,6,3.8,18,100.0,critique,"URGENT: Stock critique - État satisfaisant, contrôle qualité OK",6,5,12,True,True,normal,pluvieux
2023-12-18 00:52:04,Centre Médical d'Excellence,A+,26,7,20,39,4.4,15,100.0,normale,Urgent: vérifier température stockage,0,0,12,False,True,campagne_don,ensoleillé
2023-12-18 08:46:15,Centre Médical d'Excellence,A+,95,6,0,89,4.7,24,99.3,normale,"Excellent état, conservation parfaite",0,8,12,False,True,normal,nuageux
2023-12-18 19:26:29,Centre Médical d'Excellence,A+,62,5,0,57,3.3,19,100.0,normale,Parfait pour transfusion immédiate,0,19,12,False,True,normal,orageux
2023-12-19 16:47:16,Centre Médical d'Excellence,AB+,45,17,0,28,4.1,23,100.0,normale,"État satisfaisant, contrôle qualité OK",1,16,12,False,True,normal,ensoleillé
2023-12-19 19:29:02,Centre Médical d'Excellence,A-,109,17,17,109,4.0,2,86.1,normale,"Excellent état, conservation parfaite",1,19,12,False,True,campagne_don,orageux
2023-12-19 20:34:58,Centre Médical d'Excellence,A-,58,9,0,49,3.4,4,79.1,normale,Contrôle bactériologique négatif,1,20,12,False,True,normal,ensoleillé
2023-12-19 20:56:06,Centre Médical d'Excellence,O+,49,10,0,39,3.9,3,84.0,normale,Hémoglobine dans les normes,1,20,12,False,True,normal,nuageux
2023-12-20 04:18:38,Centre Médical d'Excellence,AB+,23,13,23,33,3.9,32,94.2,normale,"Bon état général, légère variation température",2,4,12,False,True,normal,ensoleillé
2023-12-20 07:48:58,Centre Médical d'Excellence,O+,42,10,22,54,3.3,32,94.6,normale,"État satisfaisant, contrôle qualité OK",2,7,12,False,True,normal,pluvieux
2023-12-20 21:58:17,Centre Médical d'Excellence,O+,67,16,0,51,4.5,5,100.0,normale,"Excellent état, conservation parfaite",2,21,12,False,True,normal,ensoleillé
2023-12-21 03:18:52,Centre Médical d'Excellence,O+,35,12,0,23,4.1,6,100.0,normale,"État satisfaisant, contrôle qualité OK",3,3,12,False,True,normal,ensoleillé
2023-12-21 04:26:43,Centre Médical d'Excellence,A+,24,6,21,39,4.4,10,100.0,normale,"État satisfaisant, contrôle qualité OK",3,4,12,False,True,normal,ensoleillé
2023-12-21 12:24:54,Centre Médical d'Excellence,A+,57,7,0,50,3.0,18,100.0,normale,Contrôle bactériologique négatif,3,12,12,False,True,accident_route,pluvieux
2023-12-22 13:04:25,Centre Médical d'Excellence,O+,74,10,0,64,3.9,3,80.8,normale,Urgent: vérifier température stockage,4,13,12,False,True,normal,nuageux
2023-12-22 15:39:21,Centre Médical d'Excellence,A-,29,8,20,41,3.5,6,99.0,normale,Parfait pour transfusion immédiate,4,15,12,False,True,normal,ensoleillé
2023-12-22 20:03:50,Centre Médical d'Excellence,A+,69,7,0,62,3.0,7,100.0,normale,Hémoglobine dans les normes,4,20,12,False,True,normal,orageux
2023-12-23 15:23:11,Centre Médical d'Excellence,O+,39,4,23,58,3.5,11,100.0,normale,Urgent: vérifier température stockage,5,15,12,True,True,normal,nuageux
2023-12-24 06:14:18,Centre Médical d'Excellence,A+,39,3,0,36,3.7,24,100.0,normale,Hémoglobine dans les normes,6,6,12,True,True,normal,ensoleillé
2023-12-24 13:02:37,Centre Médical d'Excellence,O+,48,6,0,42,3.2,50,96.7,normale,Attention: proche expiration,6,13,12,True,True,normal,ensoleillé
2023-12-24 21:24:39,Centre Médical d'Excellence,A+,45,4,14,55,5.0,4,78.4,normale,Attention: proche expiration,6,21,12,True,True,normal,pluvieux
2023-12-24 23:39:56,Centre Médical d'Excellence,A+,17,6,29,40,4.5,6,98.6,normale,Hémoglobine dans les normes,6,23,12,True,True,normal,ensoleillé
2023-12-24 23:51:09,Centre Médical d'Excellence,O+,21,10,0,11,3.8,21,94.5,faible,Attention: proche expiration,6,23,12,True,True,normal,ensoleillé
2023-12-25 00:16:44,Centre Médical d'Excellence,O+,34,2,16,48,3.9,19,94.4,normale,Hémoglobine dans les normes,0,0,12,False,True,normal,ensoleillé
2023-12-25 10:29:03,Centre Médical d'Excellence,O-,47,5,27,69,4.6,12,93.1,normale,"État satisfaisant, contrôle qualité OK",0,10,12,False,True,normal,nuageux
2023-12-26 02:16:26,Centre Médical d'Excellence,O-,16,9,0,7,3.8,4,83.8,critique,URGENT: Stock critique - Attention: proche expiration,1,2,12,False,True,normal,pluvieux
2023-12-26 04:01:40,Centre Médical d'Excellence,O+,42,4,0,38,4.4,25,100.0,normale,"Excellent état, conservation parfaite",1,4,12,False,True,normal,pluvieux
2023-12-26 23:17:46,Centre Médical d'Excellence,O-,18,14,23,27,3.9,58,100.0,normale,Attention: proche expiration,1,23,12,False,True,normal,pluvieux
2023-12-27 22:52:35,Centre Médical d'Excellence,O+,76,6,0,70,4.3,1,64.0,attention,"État satisfaisant, contrôle qualité OK",2,22,12,False,True,normal,pluvieux
2023-12-28 06:26:58,Centre Médical d'Excellence,B+,58,13,0,45,4.0,7,98.7,normale,Contrôle bactériologique négatif,3,6,12,False,True,normal,ensoleillé
2023-12-28 09:30:14,Centre Médical d'Excellence,A+,43,7,0,36,4.0,11,100.0,normale,Urgent: vérifier température stockage,3,9,12,False,True,normal,nuageux
2023-12-29 07:02:32,Centre Médical d'Excellence,O+,74,7,0,67,3.7,16,100.0,normale,Attention: proche expiration,4,7,12,False,True,normal,pluvieux
2023-12-29 15:05:58,Centre Médical d'Excellence,A+,52,6,16,62,3.7,13,100.0,normale,Urgent: vérifier température stockage,4,15,12,False,True,normal,pluvieux
2023-12-30 05:39:46,Centre Médical d'Excellence,A+,19,6,0,13,3.9,3,88.0,faible,Attention: proche expiration,5,5,12,True,True,normal,pluvieux
2023-12-31 12:38:57,Centre Médical d'Excellence,A+,43,4,0,39,3.6,9,98.6,normale,Hémoglobine dans les normes,6,12,12,True,True,normal,nuageux
