timestamp,hospital,blood_type,stock_initial,demand,supply,stock_final,temperature,days_to_expiry,quality_score,urgency,quality_comment,day_of_week,hour,month,is_weekend,is_holiday_season,special_event,weather
2022-01-01 05:21:18,Clinique des Spécialités,A+,17,9,13,21,3.5,10,99.2,normale,"Excellent état, conservation parfaite",5,5,1,True,True,normal,ensoleillé
2022-01-01 07:34:02,Clinique des Spécialités,A+,39,7,0,32,3.4,11,100.0,normale,"Bon état général, légère variation température",5,7,1,True,True,normal,ensoleillé
2022-01-01 23:52:57,Clinique des Spécialités,O+,4,7,0,0,3.8,6,98.6,critique,URGENT: Stock critique - Contrôle bactériologique négatif,5,23,1,True,True,normal,pluvieux
2022-01-02 05:09:40,Clinique des Spécialités,A+,24,6,0,18,3.7,10,97.9,faible,Contrôle bactériologique négatif,6,5,1,True,True,normal,orageux
2022-01-02 07:31:39,Clinique des Spécialités,O+,30,6,0,24,3.8,3,89.6,normale,Contrôle bactériologique négatif,6,7,1,True,True,normal,ensoleillé
2022-01-02 21:36:33,Clinique des Spécialités,AB+,37,6,0,31,3.3,6,100.0,normale,"Excellent état, conservation parfaite",6,21,1,True,True,normal,ensoleillé
2022-01-03 08:12:44,Clinique des Spécialités,O+,43,7,0,36,4.4,17,100.0,normale,"État satisfaisant, contrôle qualité OK",0,8,1,False,True,normal,ensoleillé
2022-01-04 08:51:33,Clinique des Spécialités,A+,56,9,0,47,4.3,12,100.0,normale,Hémoglobine dans les normes,1,8,1,False,True,normal,ensoleillé
2022-01-05 13:54:39,Clinique des Spécialités,O-,25,10,0,15,4.3,2,89.9,faible,"Excellent état, conservation parfaite",2,13,1,False,True,normal,orageux
2022-01-05 23:00:11,Clinique des Spécialités,A+,32,16,24,40,4.1,12,100.0,normale,Parfait pour transfusion immédiate,2,23,1,False,True,normal,pluvieux
2022-01-06 14:33:10,Clinique des Spécialités,O+,52,15,14,51,4.7,12,93.5,normale,Hémoglobine dans les normes,3,14,1,False,True,normal,ensoleillé
2022-01-06 16:39:07,Clinique des Spécialités,A+,53,8,0,45,3.6,34,97.3,normale,"État satisfaisant, contrôle qualité OK",3,16,1,False,True,normal,nuageux
2022-01-07 06:17:49,Clinique des Spécialités,A+,68,15,0,53,3.9,23,100.0,normale,Attention: proche expiration,4,6,1,False,True,normal,ensoleillé
2022-01-07 06:57:25,Clinique des Spécialités,A+,54,8,0,46,4.3,11,100.0,normale,Parfait pour transfusion immédiate,4,6,1,False,True,normal,nuageux
2022-01-07 08:26:16,Clinique des Spécialités,O+,31,9,0,22,3.9,11,100.0,normale,"Bon état général, légère variation température",4,8,1,False,True,normal,ensoleillé
2022-01-07 11:02:31,Clinique des Spécialités,O+,77,9,0,68,3.8,5,100.0,normale,Hémoglobine dans les normes,4,11,1,False,True,normal,nuageux
2022-01-07 11:21:37,Clinique des Spécialités,A+,87,11,0,76,3.8,25,100.0,normale,Urgent: vérifier température stockage,4,11,1,False,True,normal,ensoleillé
2022-01-08 10:51:37,Clinique des Spécialités,O+,44,7,0,37,4.8,3,80.0,normale,Contrôle bactériologique négatif,5,10,1,True,True,normal,ensoleillé
2022-01-08 13:36:34,Clinique des Spécialités,A+,25,6,0,19,3.2,12,100.0,faible,"État satisfaisant, contrôle qualité OK",5,13,1,True,True,normal,pluvieux
2022-01-08 21:13:49,Clinique des Spécialités,O+,36,8,0,28,4.8,16,100.0,normale,"Bon état général, légère variation température",5,21,1,True,True,normal,ensoleillé
2022-01-09 04:37:29,Clinique des Spécialités,A+,18,7,0,11,3.3,7,100.0,faible,"État satisfaisant, contrôle qualité OK",6,4,1,True,True,normal,pluvieux
2022-01-09 09:01:01,Clinique des Spécialités,O+,25,6,20,39,4.4,16,100.0,normale,Urgent: vérifier température stockage,6,9,1,True,True,normal,pluvieux
2022-01-10 19:10:11,Clinique des Spécialités,O+,29,8,19,40,4.3,3,89.9,normale,Hémoglobine dans les normes,0,19,1,False,True,normal,orageux
2022-01-10 22:20:43,Clinique des Spécialités,A+,82,11,0,71,3.5,2,84.8,normale,Urgent: vérifier température stockage,0,22,1,False,True,normal,ensoleillé
2022-01-11 14:54:37,Clinique des Spécialités,O+,59,7,0,52,3.9,64,98.0,normale,"Bon état général, légère variation température",1,14,1,False,True,normal,pluvieux
2022-01-11 17:07:41,Clinique des Spécialités,A+,44,9,18,53,3.9,2,81.3,normale,Parfait pour transfusion immédiate,1,17,1,False,True,normal,nuageux
2022-01-11 19:27:45,Clinique des Spécialités,O+,77,11,0,66,3.8,1,57.8,attention,"Excellent état, conservation parfaite",1,19,1,False,True,normal,ensoleillé
2022-01-11 22:24:59,Clinique des Spécialités,A+,62,13,0,49,3.9,15,100.0,normale,Attention: proche expiration,1,22,1,False,True,normal,ensoleillé
2022-01-12 03:47:12,Clinique des Spécialités,A+,39,9,0,30,4.5,8,100.0,normale,Parfait pour transfusion immédiate,2,3,1,False,True,normal,ensoleillé
2022-01-12 06:22:17,Clinique des Spécialités,A-,31,16,0,15,3.9,31,100.0,faible,"État satisfaisant, contrôle qualité OK",2,6,1,False,True,normal,orageux
2022-01-13 06:10:50,Clinique des Spécialités,A+,78,8,0,70,4.2,20,100.0,normale,"Bon état général, légère variation température",3,6,1,False,True,normal,nuageux
2022-01-13 22:08:07,Clinique des Spécialités,O+,49,3,0,46,3.9,17,99.2,normale,"Excellent état, conservation parfaite",3,22,1,False,True,normal,pluvieux
2022-01-14 15:03:50,Clinique des Spécialités,A+,86,3,0,83,4.2,2,85.0,normale,Hémoglobine dans les normes,4,15,1,False,True,normal,pluvieux
2022-01-15 11:06:09,Clinique des Spécialités,O-,42,8,0,34,4.0,14,100.0,normale,Urgent: vérifier température stockage,5,11,1,True,True,normal,orageux
2022-01-16 08:00:47,Clinique des Spécialités,B+,45,7,17,55,3.2,27,98.0,normale,"Excellent état, conservation parfaite",6,8,1,True,True,normal,pluvieux
2022-01-16 09:45:26,Clinique des Spécialités,A+,40,9,0,31,4.7,33,100.0,normale,Attention: proche expiration,6,9,1,True,True,normal,nuageux
2022-01-17 14:02:44,Clinique des Spécialités,B-,68,12,0,56,5.2,10,100.0,normale,Hémoglobine dans les normes,0,14,1,False,True,normal,nuageux
2022-01-18 13:01:01,Clinique des Spécialités,O+,66,10,0,56,3.5,4,80.5,normale,Hémoglobine dans les normes,1,13,1,False,True,normal,ensoleillé
2022-01-18 22:38:08,Clinique des Spécialités,B+,75,6,0,69,3.4,12,100.0,normale,"État satisfaisant, contrôle qualité OK",1,22,1,False,True,normal,pluvieux
2022-01-19 09:08:13,Clinique des Spécialités,A+,71,7,21,85,3.9,18,100.0,normale,Contrôle bactériologique négatif,2,9,1,False,True,normal,pluvieux
2022-01-20 08:23:43,Clinique des Spécialités,O+,69,9,0,60,4.1,16,99.8,normale,Hémoglobine dans les normes,3,8,1,False,True,normal,pluvieux
2022-01-20 08:49:04,Clinique des Spécialités,O+,45,11,20,54,3.8,25,90.2,normale,Parfait pour transfusion immédiate,3,8,1,False,True,normal,ensoleillé
2022-01-20 10:14:03,Clinique des Spécialités,B+,58,1,25,82,4.3,26,95.8,normale,"Bon état général, légère variation température",3,10,1,False,True,normal,nuageux
2022-01-21 05:50:56,Clinique des Spécialités,A+,39,6,0,33,4.2,13,100.0,normale,Contrôle bactériologique négatif,4,5,1,False,True,normal,ensoleillé
2022-01-21 08:22:12,Clinique des Spécialités,A+,64,11,0,53,4.3,8,100.0,normale,"Bon état général, légère variation température",4,8,1,False,True,normal,ensoleillé
2022-01-21 09:24:24,Clinique des Spécialités,A+,86,8,21,99,5.1,14,94.4,normale,Attention: proche expiration,4,9,1,False,True,normal,nuageux
2022-01-21 20:02:35,Clinique des Spécialités,B+,74,8,0,66,4.4,5,100.0,normale,Urgent: vérifier température stockage,4,20,1,False,True,normal,ensoleillé
2022-01-22 10:30:40,Clinique des Spécialités,O+,29,10,15,34,3.5,1,57.8,attention,Parfait pour transfusion immédiate,5,10,1,True,True,normal,ensoleillé
2022-01-23 07:00:24,Clinique des Spécialités,A+,26,4,0,22,4.0,6,100.0,normale,Hémoglobine dans les normes,6,7,1,True,True,normal,ensoleillé
2022-01-23 08:06:59,Clinique des Spécialités,O+,39,3,0,36,3.9,7,100.0,normale,"Bon état général, légère variation température",6,8,1,True,True,normal,ensoleillé
2022-01-23 11:43:35,Clinique des Spécialités,AB+,76,6,0,70,4.6,21,98.3,normale,Attention: proche expiration,6,11,1,True,True,normal,ensoleillé
2022-01-23 12:27:46,Clinique des Spécialités,O+,56,6,27,77,3.9,10,100.0,normale,"Excellent état, conservation parfaite",6,12,1,True,True,normal,nuageux
2022-01-24 19:29:23,Clinique des Spécialités,B+,34,8,0,26,3.3,1,52.9,attention,"Excellent état, conservation parfaite",0,19,1,False,True,normal,pluvieux
2022-01-24 23:17:06,Clinique des Spécialités,A+,38,15,0,23,3.6,15,97.9,normale,Parfait pour transfusion immédiate,0,23,1,False,True,normal,pluvieux
2022-01-25 05:19:32,Clinique des Spécialités,A+,38,4,0,34,4.3,9,100.0,normale,"Excellent état, conservation parfaite",1,5,1,False,True,normal,ensoleillé
2022-01-25 15:34:51,Clinique des Spécialités,B+,68,10,0,58,4.0,4,86.7,normale,"Bon état général, légère variation température",1,15,1,False,True,normal,ensoleillé
2022-01-25 22:23:30,Clinique des Spécialités,O-,35,3,30,62,4.6,4,82.0,normale,Contrôle bactériologique négatif,1,22,1,False,True,normal,nuageux
2022-01-26 00:48:08,Clinique des Spécialités,A+,16,9,0,7,4.1,4,84.1,critique,URGENT: Stock critique - Contrôle bactériologique négatif,2,0,1,False,True,normal,pluvieux
2022-01-26 03:39:29,Clinique des Spécialités,B-,33,4,0,29,3.7,28,94.9,normale,Attention: proche expiration,2,3,1,False,True,normal,orageux
2022-01-26 21:57:35,Clinique des Spécialités,A+,92,9,0,83,3.9,24,100.0,normale,Attention: proche expiration,2,21,1,False,True,normal,nuageux
2022-01-27 06:31:13,Clinique des Spécialités,A+,87,7,23,103,3.4,4,76.7,normale,"Excellent état, conservation parfaite",3,6,1,False,True,normal,ensoleillé
2022-01-27 21:54:44,Clinique des Spécialités,A+,58,10,0,48,4.1,14,95.9,normale,Attention: proche expiration,3,21,1,False,True,normal,pluvieux
2022-01-27 22:09:47,Clinique des Spécialités,O+,81,13,0,68,3.2,4,89.6,normale,Parfait pour transfusion immédiate,3,22,1,False,True,normal,pluvieux
2022-01-28 20:06:24,Clinique des Spécialités,O+,64,8,0,56,4.9,4,79.9,normale,"Bon état général, légère variation température",4,20,1,False,True,normal,orageux
2022-01-28 22:44:12,Clinique des Spécialités,A+,41,5,16,52,2.9,6,100.0,normale,Parfait pour transfusion immédiate,4,22,1,False,True,normal,ensoleillé
2022-01-29 18:05:44,Clinique des Spécialités,A+,38,10,0,28,4.2,32,98.5,normale,"État satisfaisant, contrôle qualité OK",5,18,1,True,True,normal,pluvieux
2022-01-30 00:39:25,Clinique des Spécialités,O+,22,10,0,12,4.7,20,100.0,faible,Contrôle bactériologique négatif,6,0,1,True,True,normal,nuageux
2022-01-30 07:15:03,Clinique des Spécialités,A+,29,8,0,21,3.2,16,100.0,normale,Contrôle bactériologique négatif,6,7,1,True,True,normal,pluvieux
2022-01-30 07:48:37,Clinique des Spécialités,A+,50,5,25,70,3.6,1,60.6,attention,"Bon état général, légère variation température",6,7,1,True,True,normal,orageux
2022-01-31 09:39:43,Clinique des Spécialités,A+,62,12,0,50,3.1,1,65.6,attention,"Excellent état, conservation parfaite",0,9,1,False,True,normal,ensoleillé
2022-01-31 10:34:14,Clinique des Spécialités,A+,45,9,0,36,4.5,32,100.0,normale,"État satisfaisant, contrôle qualité OK",0,10,1,False,True,normal,ensoleillé
2022-01-31 11:42:11,Clinique des Spécialités,O+,67,8,26,85,3.6,24,100.0,normale,Attention: proche expiration,0,11,1,False,True,normal,nuageux
2022-01-31 13:11:10,Clinique des Spécialités,O-,65,9,19,75,3.9,1,57.6,attention,Hémoglobine dans les normes,0,13,1,False,True,normal,ensoleillé
2022-01-31 15:17:56,Clinique des Spécialités,A+,41,6,0,35,3.8,6,97.1,normale,Contrôle bactériologique négatif,0,15,1,False,True,normal,pluvieux
2022-01-31 21:02:18,Clinique des Spécialités,A+,38,1,0,37,4.3,16,100.0,normale,Parfait pour transfusion immédiate,0,21,1,False,True,normal,pluvieux
2022-02-01 00:32:47,Clinique des Spécialités,A+,28,6,14,36,3.7,1,66.0,attention,Contrôle bactériologique négatif,1,0,2,False,False,normal,ensoleillé
2022-02-01 03:09:44,Clinique des Spécialités,A+,22,9,17,30,4.1,14,100.0,normale,Hémoglobine dans les normes,1,3,2,False,False,normal,ensoleillé
2022-02-01 09:28:48,Clinique des Spécialités,A+,50,6,19,63,3.2,1,58.5,attention,Attention: proche expiration,1,9,2,False,False,normal,pluvieux
2022-02-01 13:28:37,Clinique des Spécialités,O+,71,6,14,79,4.4,12,94.4,normale,"Excellent état, conservation parfaite",1,13,2,False,False,normal,pluvieux
2022-02-01 14:40:56,Clinique des Spécialités,A-,57,8,17,66,3.4,28,100.0,normale,"Bon état général, légère variation température",1,14,2,False,False,normal,pluvieux
2022-02-01 21:35:02,Clinique des Spécialités,B+,25,8,0,17,5.0,20,98.1,faible,Hémoglobine dans les normes,1,21,2,False,False,normal,ensoleillé
2022-02-02 07:40:34,Clinique des Spécialités,B-,61,3,19,77,4.1,34,95.0,normale,Contrôle bactériologique négatif,2,7,2,False,False,normal,pluvieux
2022-02-02 11:44:47,Clinique des Spécialités,A+,52,5,0,47,4.2,1,70.4,normale,"Bon état général, légère variation température",2,11,2,False,False,normal,ensoleillé
2022-02-02 16:10:34,Clinique des Spécialités,A+,22,11,0,11,4.2,9,100.0,faible,"État satisfaisant, contrôle qualité OK",2,16,2,False,False,normal,pluvieux
2022-02-02 18:24:08,Clinique des Spécialités,A-,67,6,18,79,4.0,9,95.7,normale,Contrôle bactériologique négatif,2,18,2,False,False,normal,nuageux
2022-02-02 19:16:06,Clinique des Spécialités,O+,41,4,0,37,4.2,7,100.0,normale,"État satisfaisant, contrôle qualité OK",2,19,2,False,False,normal,pluvieux
2022-02-02 22:41:23,Clinique des Spécialités,A-,43,7,0,36,3.5,16,91.1,normale,"Bon état général, légère variation température",2,22,2,False,False,normal,nuageux
2022-02-03 03:32:11,Clinique des Spécialités,O+,35,12,0,23,4.7,11,97.2,normale,Urgent: vérifier température stockage,3,3,2,False,False,normal,pluvieux
2022-02-03 06:07:14,Clinique des Spécialités,AB+,60,2,0,58,3.9,4,84.6,normale,Contrôle bactériologique négatif,3,6,2,False,False,normal,pluvieux
2022-02-03 15:29:47,Clinique des Spécialités,O+,37,7,0,30,3.4,3,86.7,normale,"Bon état général, légère variation température",3,15,2,False,False,normal,pluvieux
2022-02-04 02:21:36,Clinique des Spécialités,A+,29,11,0,18,4.5,5,100.0,faible,Hémoglobine dans les normes,4,2,2,False,False,normal,nuageux
2022-02-04 04:46:40,Clinique des Spécialités,O+,31,9,0,22,4.7,1,61.5,attention,Attention: proche expiration,4,4,2,False,False,normal,ensoleillé
2022-02-04 20:34:41,Clinique des Spécialités,A+,59,4,22,77,4.6,12,93.8,normale,Attention: proche expiration,4,20,2,False,False,normal,pluvieux
2022-02-05 13:21:56,Clinique des Spécialités,O+,47,3,0,44,4.7,9,97.1,normale,Attention: proche expiration,5,13,2,True,False,normal,ensoleillé
2022-02-07 17:43:35,Clinique des Spécialités,O+,46,4,0,42,2.9,10,100.0,normale,Hémoglobine dans les normes,0,17,2,False,False,urgence_médicale,ensoleillé
2022-02-07 19:03:12,Clinique des Spécialités,O-,55,5,0,50,3.5,2,83.6,normale,Contrôle bactériologique négatif,0,19,2,False,False,normal,ensoleillé
2022-02-08 02:15:03,Clinique des Spécialités,B-,32,5,29,56,3.6,14,99.7,normale,Hémoglobine dans les normes,1,2,2,False,False,normal,pluvieux
2022-02-08 07:13:31,Clinique des Spécialités,B+,39,8,0,31,3.3,4,85.5,normale,Contrôle bactériologique négatif,1,7,2,False,False,normal,ensoleillé
2022-02-08 13:12:31,Clinique des Spécialités,B+,70,11,0,59,3.9,12,100.0,normale,Parfait pour transfusion immédiate,1,13,2,False,False,normal,orageux
2022-02-08 13:16:18,Clinique des Spécialités,O+,57,8,0,49,4.3,1,58.2,attention,"Bon état général, légère variation température",1,13,2,False,False,normal,nuageux
2022-02-08 13:33:45,Clinique des Spécialités,A+,45,9,0,36,3.8,29,98.2,normale,"Bon état général, légère variation température",1,13,2,False,False,normal,pluvieux
2022-02-08 15:38:24,Clinique des Spécialités,B-,33,10,0,23,4.4,5,100.0,normale,"État satisfaisant, contrôle qualité OK",1,15,2,False,False,normal,orageux
2022-02-09 07:21:03,Clinique des Spécialités,O+,41,8,0,33,4.2,17,100.0,normale,"Bon état général, légère variation température",2,7,2,False,False,normal,nuageux
2022-02-10 05:23:05,Clinique des Spécialités,A+,17,5,0,12,4.1,5,93.4,faible,Attention: proche expiration,3,5,2,False,False,normal,pluvieux
2022-02-10 10:58:53,Clinique des Spécialités,A+,57,6,0,51,3.6,46,100.0,normale,"Bon état général, légère variation température",3,10,2,False,False,normal,pluvieux
2022-02-10 17:51:41,Clinique des Spécialités,O+,61,11,0,50,4.1,1,54.0,attention,"Bon état général, légère variation température",3,17,2,False,False,normal,pluvieux
2022-02-10 21:52:48,Clinique des Spécialités,A-,54,4,0,50,3.8,2,90.9,normale,Urgent: vérifier température stockage,3,21,2,False,False,normal,ensoleillé
2022-02-10 23:47:01,Clinique des Spécialités,A+,19,4,0,15,4.6,17,100.0,faible,Parfait pour transfusion immédiate,3,23,2,False,False,normal,ensoleillé
2022-02-11 05:16:41,Clinique des Spécialités,A+,17,7,0,10,4.2,2,83.9,faible,Parfait pour transfusion immédiate,4,5,2,False,False,normal,ensoleillé
2022-02-11 06:21:53,Clinique des Spécialités,AB+,42,6,0,36,3.9,6,100.0,normale,Contrôle bactériologique négatif,4,6,2,False,False,normal,nuageux
2022-02-12 04:42:21,Clinique des Spécialités,O+,15,4,0,11,5.2,13,100.0,faible,Attention: proche expiration,5,4,2,True,False,normal,nuageux
2022-02-12 08:02:38,Clinique des Spécialités,B+,39,2,0,37,4.3,38,99.0,normale,Attention: proche expiration,5,8,2,True,False,normal,pluvieux
2022-02-13 05:07:35,Clinique des Spécialités,A+,17,4,0,13,4.0,1,60.3,faible,Parfait pour transfusion immédiate,6,5,2,True,False,normal,pluvieux
2022-02-13 20:17:24,Clinique des Spécialités,B+,24,7,0,17,4.0,13,94.5,faible,Urgent: vérifier température stockage,6,20,2,True,False,normal,pluvieux
2022-02-14 04:18:43,Clinique des Spécialités,B-,11,6,0,5,3.2,4,88.0,critique,URGENT: Stock critique - Parfait pour transfusion immédiate,0,4,2,False,False,normal,pluvieux
2022-02-14 04:21:20,Clinique des Spécialités,B+,19,8,0,11,3.9,10,94.1,faible,Urgent: vérifier température stockage,0,4,2,False,False,normal,ensoleillé
2022-02-15 04:38:21,Clinique des Spécialités,O+,32,5,0,27,3.2,5,93.9,normale,Contrôle bactériologique négatif,1,4,2,False,False,normal,pluvieux
2022-02-15 14:50:41,Clinique des Spécialités,O-,32,5,0,27,4.8,29,100.0,normale,"État satisfaisant, contrôle qualité OK",1,14,2,False,False,normal,pluvieux
2022-02-15 22:52:13,Clinique des Spécialités,A+,24,5,0,19,4.5,5,100.0,faible,Contrôle bactériologique négatif,1,22,2,False,False,normal,nuageux
2022-02-16 12:51:35,Clinique des Spécialités,A+,43,6,0,37,4.3,14,99.3,normale,"Excellent état, conservation parfaite",2,12,2,False,False,normal,ensoleillé
2022-02-16 14:07:35,Clinique des Spécialités,O+,40,9,0,31,3.5,15,100.0,normale,Hémoglobine dans les normes,2,14,2,False,False,normal,nuageux
2022-02-17 00:44:07,Clinique des Spécialités,AB-,26,7,0,19,3.4,3,86.7,faible,"Excellent état, conservation parfaite",3,0,2,False,False,normal,nuageux
2022-02-18 01:24:33,Clinique des Spécialités,O+,32,12,17,37,4.5,12,99.4,normale,Urgent: vérifier température stockage,4,1,2,False,False,normal,orageux
2022-02-18 09:00:26,Clinique des Spécialités,A+,71,3,0,68,4.1,4,83.5,normale,Parfait pour transfusion immédiate,4,9,2,False,False,normal,nuageux
2022-02-18 09:02:12,Clinique des Spécialités,O+,74,3,0,71,3.9,25,100.0,normale,Attention: proche expiration,4,9,2,False,False,normal,ensoleillé
2022-02-18 21:27:50,Clinique des Spécialités,A-,52,8,0,44,4.7,8,99.5,normale,Attention: proche expiration,4,21,2,False,False,normal,ensoleillé
2022-02-18 22:16:03,Clinique des Spécialités,O+,63,8,0,55,4.9,14,92.6,normale,"Bon état général, légère variation température",4,22,2,False,False,campagne_don,ensoleillé
2022-02-19 04:34:10,Clinique des Spécialités,O+,26,4,0,22,3.9,3,98.2,normale,Urgent: vérifier température stockage,5,4,2,True,False,normal,pluvieux
2022-02-20 06:17:22,Clinique des Spécialités,AB-,33,3,0,30,4.3,2,83.1,normale,"Bon état général, légère variation température",6,6,2,True,False,normal,pluvieux
2022-02-20 10:18:21,Clinique des Spécialités,O+,37,3,18,52,4.3,4,78.7,normale,Attention: proche expiration,6,10,2,True,False,normal,pluvieux
2022-02-20 23:23:13,Clinique des Spécialités,A+,25,5,0,20,4.3,1,55.3,attention,"État satisfaisant, contrôle qualité OK",6,23,2,True,False,accident_route,pluvieux
2022-02-21 08:29:14,Clinique des Spécialités,A+,47,5,0,42,4.1,24,100.0,normale,Hémoglobine dans les normes,0,8,2,False,False,campagne_don,pluvieux
2022-02-21 10:56:25,Clinique des Spécialités,A+,29,5,0,24,2.7,64,98.5,normale,"Bon état général, légère variation température",0,10,2,False,False,normal,pluvieux
2022-02-21 17:28:22,Clinique des Spécialités,A+,41,8,0,33,4.0,11,100.0,normale,"Bon état général, légère variation température",0,17,2,False,False,normal,orageux
2022-02-21 19:50:27,Clinique des Spécialités,A+,58,9,17,66,4.2,15,96.0,normale,Hémoglobine dans les normes,0,19,2,False,False,normal,ensoleillé
2022-02-22 05:19:14,Clinique des Spécialités,A-,27,6,0,21,3.5,6,100.0,normale,Hémoglobine dans les normes,1,5,2,False,False,normal,pluvieux
2022-02-22 11:18:09,Clinique des Spécialités,A+,55,8,0,47,3.9,15,97.0,normale,Urgent: vérifier température stockage,1,11,2,False,False,normal,ensoleillé
2022-02-22 13:38:02,Clinique des Spécialités,A+,65,8,0,57,4.2,9,99.7,normale,Contrôle bactériologique négatif,1,13,2,False,False,normal,ensoleillé
2022-02-22 18:52:56,Clinique des Spécialités,O+,95,9,0,86,3.7,3,83.9,normale,"Excellent état, conservation parfaite",1,18,2,False,False,normal,nuageux
2022-02-22 19:00:51,Clinique des Spécialités,O-,36,0,0,36,4.2,10,100.0,normale,Urgent: vérifier température stockage,1,19,2,False,False,normal,nuageux
2022-02-22 22:54:05,Clinique des Spécialités,A+,39,9,15,45,3.5,15,95.8,normale,Contrôle bactériologique négatif,1,22,2,False,False,normal,nuageux
2022-02-23 03:27:18,Clinique des Spécialités,A+,26,10,0,16,3.8,4,85.1,faible,"Bon état général, légère variation température",2,3,2,False,False,normal,pluvieux
2022-02-23 11:19:28,Clinique des Spécialités,O+,73,8,0,65,4.9,1,70.3,normale,Attention: proche expiration,2,11,2,False,False,normal,ensoleillé
2022-02-24 00:36:07,Clinique des Spécialités,A+,20,9,12,23,4.3,37,100.0,normale,Hémoglobine dans les normes,3,0,2,False,False,normal,ensoleillé
2022-02-25 01:11:11,Clinique des Spécialités,B-,20,9,0,11,3.8,11,87.3,faible,"Bon état général, légère variation température",4,1,2,False,False,normal,ensoleillé
2022-02-25 02:07:08,Clinique des Spécialités,O+,28,6,23,45,3.6,2,93.3,normale,Contrôle bactériologique négatif,4,2,2,False,False,normal,pluvieux
2022-02-25 08:03:48,Clinique des Spécialités,A-,56,8,0,48,3.6,20,100.0,normale,"Bon état général, légère variation température",4,8,2,False,False,normal,ensoleillé
2022-02-26 21:40:43,Clinique des Spécialités,O-,35,3,17,49,4.2,47,93.7,normale,Urgent: vérifier température stockage,5,21,2,True,False,normal,ensoleillé
2022-02-27 12:59:30,Clinique des Spécialités,O+,7,2,0,5,4.3,16,89.3,critique,URGENT: Stock critique - Contrôle bactériologique négatif,6,12,2,True,False,normal,nuageux
2022-02-28 05:51:44,Clinique des Spécialités,B+,21,10,0,11,4.8,16,88.4,faible,Hémoglobine dans les normes,0,5,2,False,False,normal,pluvieux
2022-02-28 15:43:31,Clinique des Spécialités,O+,51,4,26,73,3.6,4,84.8,normale,"Bon état général, légère variation température",0,15,2,False,False,normal,ensoleillé
2022-03-01 07:48:53,Clinique des Spécialités,A+,73,9,0,64,4.9,18,93.9,normale,"État satisfaisant, contrôle qualité OK",1,7,3,False,False,normal,ensoleillé
2022-03-01 20:41:22,Clinique des Spécialités,A+,55,8,0,47,3.9,35,100.0,normale,Hémoglobine dans les normes,1,20,3,False,False,normal,nuageux
2022-03-01 21:01:43,Clinique des Spécialités,A+,40,8,0,32,3.2,3,83.2,normale,Contrôle bactériologique négatif,1,21,3,False,False,normal,ensoleillé
2022-03-02 04:23:39,Clinique des Spécialités,O+,34,13,0,21,3.4,10,100.0,normale,Hémoglobine dans les normes,2,4,3,False,False,normal,ensoleillé
2022-03-02 10:25:15,Clinique des Spécialités,A+,31,7,20,44,3.5,8,100.0,normale,Contrôle bactériologique négatif,2,10,3,False,False,normal,ensoleillé
2022-03-03 04:56:31,Clinique des Spécialités,O+,14,6,0,8,3.9,6,91.6,critique,URGENT: Stock critique - Parfait pour transfusion immédiate,3,4,3,False,False,normal,nuageux
2022-03-03 05:30:31,Clinique des Spécialités,O+,14,3,0,11,4.6,15,98.1,faible,"Excellent état, conservation parfaite",3,5,3,False,False,normal,pluvieux
2022-03-03 08:04:36,Clinique des Spécialités,O+,44,9,0,35,4.3,26,100.0,normale,Hémoglobine dans les normes,3,8,3,False,False,normal,nuageux
2022-03-03 09:12:55,Clinique des Spécialités,O+,47,6,0,41,5.4,19,100.0,normale,Urgent: vérifier température stockage,3,9,3,False,False,normal,orageux
2022-03-04 18:26:05,Clinique des Spécialités,O+,53,12,0,41,3.4,8,96.7,normale,"Excellent état, conservation parfaite",4,18,3,False,False,normal,ensoleillé
2022-03-05 09:14:08,Clinique des Spécialités,A+,26,7,0,19,4.2,1,53.8,faible,Parfait pour transfusion immédiate,5,9,3,True,False,épidémie,ensoleillé
2022-03-05 21:12:46,Clinique des Spécialités,A+,14,7,18,25,3.8,29,100.0,normale,Parfait pour transfusion immédiate,5,21,3,True,False,normal,orageux
2022-03-06 02:45:08,Clinique des Spécialités,B+,14,4,0,10,3.3,54,100.0,faible,Hémoglobine dans les normes,6,2,3,True,False,accident_route,pluvieux
2022-03-06 12:56:17,Clinique des Spécialités,A+,49,5,0,44,3.8,28,85.6,normale,Parfait pour transfusion immédiate,6,12,3,True,False,normal,ensoleillé
2022-03-07 04:33:36,Clinique des Spécialités,B-,11,11,20,20,4.4,2,86.3,normale,Contrôle bactériologique négatif,0,4,3,False,False,normal,nuageux
2022-03-07 10:30:35,Clinique des Spécialités,O-,34,9,0,25,4.0,2,89.6,normale,Hémoglobine dans les normes,0,10,3,False,False,normal,pluvieux
2022-03-07 12:00:32,Clinique des Spécialités,B+,60,9,0,51,4.7,27,98.9,normale,Attention: proche expiration,0,12,3,False,False,normal,ensoleillé
2022-03-07 13:21:26,Clinique des Spécialités,O+,38,5,0,33,3.6,4,83.3,normale,Parfait pour transfusion immédiate,0,13,3,False,False,normal,pluvieux
2022-03-07 23:25:43,Clinique des Spécialités,B+,40,10,0,30,4.0,6,98.3,normale,Attention: proche expiration,0,23,3,False,False,normal,pluvieux
2022-03-08 03:53:13,Clinique des Spécialités,O+,19,6,0,13,3.1,14,100.0,faible,Urgent: vérifier température stockage,1,3,3,False,False,campagne_don,nuageux
2022-03-08 07:18:25,Clinique des Spécialités,O-,72,4,0,68,3.9,49,96.8,normale,Urgent: vérifier température stockage,1,7,3,False,False,normal,nuageux
2022-03-08 11:57:35,Clinique des Spécialités,A+,46,9,0,37,4.1,26,91.8,normale,"État satisfaisant, contrôle qualité OK",1,11,3,False,False,normal,orageux
2022-03-08 23:07:22,Clinique des Spécialités,A+,9,10,0,0,5.4,5,100.0,critique,"URGENT: Stock critique - État satisfaisant, contrôle qualité OK",1,23,3,False,False,normal,pluvieux
2022-03-09 02:21:31,Clinique des Spécialités,A+,38,9,0,29,4.3,2,91.1,normale,"État satisfaisant, contrôle qualité OK",2,2,3,False,False,normal,ensoleillé
2022-03-09 10:01:40,Clinique des Spécialités,A+,57,8,0,49,3.8,3,86.0,normale,Parfait pour transfusion immédiate,2,10,3,False,False,normal,pluvieux
2022-03-09 13:28:50,Clinique des Spécialités,B+,1,11,0,0,3.2,5,100.0,critique,"URGENT: Stock critique - État satisfaisant, contrôle qualité OK",2,13,3,False,False,normal,orageux
2022-03-10 03:14:53,Clinique des Spécialités,A+,28,7,0,21,4.5,1,51.5,attention,Parfait pour transfusion immédiate,3,3,3,False,False,normal,ensoleillé
2022-03-10 04:32:16,Clinique des Spécialités,O+,31,10,0,21,4.4,8,100.0,normale,Contrôle bactériologique négatif,3,4,3,False,False,normal,ensoleillé
2022-03-11 14:09:55,Clinique des Spécialités,A+,71,9,0,62,3.8,34,100.0,normale,Parfait pour transfusion immédiate,4,14,3,False,False,normal,pluvieux
2022-03-12 03:14:55,Clinique des Spécialités,O+,23,6,19,36,4.1,8,91.5,normale,"Excellent état, conservation parfaite",5,3,3,True,False,normal,ensoleillé
2022-03-12 03:22:03,Clinique des Spécialités,B+,18,4,16,30,3.3,13,97.7,normale,"Bon état général, légère variation température",5,3,3,True,False,normal,pluvieux
2022-03-12 07:39:27,Clinique des Spécialités,A+,35,4,0,31,4.2,13,100.0,normale,"Excellent état, conservation parfaite",5,7,3,True,False,normal,ensoleillé
2022-03-12 18:54:52,Clinique des Spécialités,A+,37,9,0,28,4.3,2,88.0,normale,Hémoglobine dans les normes,5,18,3,True,False,normal,nuageux
2022-03-12 19:55:40,Clinique des Spécialités,A-,29,4,0,25,4.2,7,91.7,normale,Contrôle bactériologique négatif,5,19,3,True,False,accident_route,pluvieux
2022-03-12 20:33:11,Clinique des Spécialités,O+,29,9,19,39,3.5,9,100.0,normale,Urgent: vérifier température stockage,5,20,3,True,False,normal,pluvieux
2022-03-12 22:27:23,Clinique des Spécialités,A+,32,4,0,28,4.6,6,98.4,normale,Contrôle bactériologique négatif,5,22,3,True,False,normal,nuageux
2022-03-13 04:54:59,Clinique des Spécialités,O+,21,5,21,37,4.0,28,97.0,normale,Parfait pour transfusion immédiate,6,4,3,True,False,normal,ensoleillé
2022-03-13 06:29:13,Clinique des Spécialités,O+,29,5,23,47,3.9,1,58.1,attention,"Excellent état, conservation parfaite",6,6,3,True,False,normal,pluvieux
2022-03-13 09:59:21,Clinique des Spécialités,O+,23,2,16,37,3.8,5,99.7,normale,"État satisfaisant, contrôle qualité OK",6,9,3,True,False,normal,ensoleillé
2022-03-14 06:50:36,Clinique des Spécialités,O+,67,5,0,62,4.6,12,100.0,normale,Urgent: vérifier température stockage,0,6,3,False,False,normal,orageux
2022-03-14 07:24:45,Clinique des Spécialités,A+,35,12,29,52,3.2,3,87.7,normale,Hémoglobine dans les normes,0,7,3,False,False,normal,ensoleillé
2022-03-14 09:11:12,Clinique des Spécialités,A+,31,10,26,47,4.1,7,90.3,normale,Contrôle bactériologique négatif,0,9,3,False,False,normal,ensoleillé
2022-03-14 10:32:38,Clinique des Spécialités,A+,45,3,20,62,3.7,5,100.0,normale,Contrôle bactériologique négatif,0,10,3,False,False,normal,nuageux
2022-03-14 13:37:54,Clinique des Spécialités,O+,42,12,0,30,2.9,20,100.0,normale,Contrôle bactériologique négatif,0,13,3,False,False,normal,pluvieux
2022-03-14 14:58:32,Clinique des Spécialités,A+,38,11,0,27,3.9,58,94.8,normale,"Bon état général, légère variation température",0,14,3,False,False,normal,ensoleillé
2022-03-16 12:45:27,Clinique des Spécialités,A+,65,5,0,60,3.4,2,81.2,normale,Attention: proche expiration,2,12,3,False,False,normal,pluvieux
2022-03-16 18:20:50,Clinique des Spécialités,O+,47,4,20,63,4.6,1,62.5,attention,Attention: proche expiration,2,18,3,False,False,normal,ensoleillé
2022-03-16 22:57:26,Clinique des Spécialités,O-,45,6,0,39,4.6,10,99.9,normale,Attention: proche expiration,2,22,3,False,False,normal,ensoleillé
2022-03-17 00:05:29,Clinique des Spécialités,O+,21,6,23,38,3.4,6,95.9,normale,Urgent: vérifier température stockage,3,0,3,False,False,normal,pluvieux
2022-03-17 02:16:24,Clinique des Spécialités,O+,31,1,18,48,3.6,32,100.0,normale,Urgent: vérifier température stockage,3,2,3,False,False,normal,pluvieux
2022-03-17 02:55:26,Clinique des Spécialités,O+,22,12,0,10,3.6,3,92.5,faible,"Bon état général, légère variation température",3,2,3,False,False,normal,nuageux
2022-03-17 11:47:24,Clinique des Spécialités,A+,60,2,0,58,4.3,31,88.8,normale,Parfait pour transfusion immédiate,3,11,3,False,False,normal,nuageux
2022-03-17 21:44:18,Clinique des Spécialités,O+,50,1,0,49,3.9,2,83.1,normale,Attention: proche expiration,3,21,3,False,False,normal,pluvieux
2022-03-18 02:50:15,Clinique des Spécialités,AB+,27,12,28,43,3.6,14,99.6,normale,Attention: proche expiration,4,2,3,False,False,normal,ensoleillé
2022-03-18 14:09:34,Clinique des Spécialités,O+,16,9,0,7,4.6,33,92.4,critique,"URGENT: Stock critique - État satisfaisant, contrôle qualité OK",4,14,3,False,False,normal,pluvieux
2022-03-18 21:53:49,Clinique des Spécialités,A+,46,7,24,63,4.1,22,98.1,normale,"Excellent état, conservation parfaite",4,21,3,False,False,normal,ensoleillé
2022-03-19 04:06:15,Clinique des Spécialités,A+,17,4,0,13,4.0,10,97.9,faible,Parfait pour transfusion immédiate,5,4,3,True,False,normal,ensoleillé
2022-03-19 15:47:08,Clinique des Spécialités,A+,37,9,16,44,3.7,2,90.6,normale,Contrôle bactériologique négatif,5,15,3,True,False,normal,orageux
2022-03-20 06:04:32,Clinique des Spécialités,B+,31,5,0,26,4.3,23,100.0,normale,"État satisfaisant, contrôle qualité OK",6,6,3,True,False,normal,ensoleillé
2022-03-20 08:51:03,Clinique des Spécialités,O+,24,5,0,19,3.7,22,100.0,faible,Urgent: vérifier température stockage,6,8,3,True,False,normal,pluvieux
2022-03-20 14:58:22,Clinique des Spécialités,A+,37,5,0,32,4.4,24,100.0,normale,"Excellent état, conservation parfaite",6,14,3,True,False,normal,ensoleillé
2022-03-21 03:41:26,Clinique des Spécialités,B+,23,7,0,16,4.0,16,95.1,faible,"Bon état général, légère variation température",0,3,3,False,False,urgence_médicale,orageux
2022-03-21 14:38:54,Clinique des Spécialités,O+,54,8,0,46,4.0,1,49.5,attention,Hémoglobine dans les normes,0,14,3,False,False,normal,ensoleillé
2022-03-21 16:22:20,Clinique des Spécialités,A+,44,7,0,37,3.6,1,57.2,attention,Hémoglobine dans les normes,0,16,3,False,False,normal,ensoleillé
2022-03-21 16:33:49,Clinique des Spécialités,O+,57,2,14,69,4.8,14,100.0,normale,"État satisfaisant, contrôle qualité OK",0,16,3,False,False,normal,pluvieux
2022-03-21 22:47:43,Clinique des Spécialités,A+,72,10,0,62,4.7,3,82.6,normale,Hémoglobine dans les normes,0,22,3,False,False,normal,ensoleillé
2022-03-22 10:59:32,Clinique des Spécialités,O+,42,15,0,27,4.4,2,84.0,normale,Attention: proche expiration,1,10,3,False,False,normal,orageux
2022-03-22 17:20:10,Clinique des Spécialités,A+,51,3,15,63,3.5,3,82.6,normale,"Bon état général, légère variation température",1,17,3,False,False,normal,ensoleillé
2022-03-22 20:45:19,Clinique des Spécialités,AB+,62,6,20,76,4.7,6,100.0,normale,"Excellent état, conservation parfaite",1,20,3,False,False,normal,orageux
2022-03-23 05:52:59,Clinique des Spécialités,O+,26,6,0,20,4.6,42,100.0,normale,Urgent: vérifier température stockage,2,5,3,False,False,normal,ensoleillé
2022-03-23 16:32:45,Clinique des Spécialités,B+,59,7,0,52,3.9,1,55.3,attention,"Bon état général, légère variation température",2,16,3,False,False,normal,pluvieux
2022-03-23 22:55:36,Clinique des Spécialités,O+,51,4,0,47,3.9,57,100.0,normale,Contrôle bactériologique négatif,2,22,3,False,False,normal,orageux
2022-03-24 13:59:24,Clinique des Spécialités,O+,60,9,0,51,3.5,29,100.0,normale,"État satisfaisant, contrôle qualité OK",3,13,3,False,False,normal,pluvieux
2022-03-24 15:38:29,Clinique des Spécialités,A+,50,13,22,59,3.4,4,84.8,normale,Hémoglobine dans les normes,3,15,3,False,False,normal,ensoleillé
2022-03-24 16:39:02,Clinique des Spécialités,A+,42,5,0,37,4.9,2,92.1,normale,"État satisfaisant, contrôle qualité OK",3,16,3,False,False,normal,ensoleillé
2022-03-24 20:49:57,Clinique des Spécialités,A+,38,12,0,26,3.9,76,100.0,normale,Hémoglobine dans les normes,3,20,3,False,False,normal,pluvieux
2022-03-25 02:55:50,Clinique des Spécialités,AB+,12,10,0,2,4.5,8,96.8,critique,"URGENT: Stock critique - Excellent état, conservation parfaite",4,2,3,False,False,normal,ensoleillé
2022-03-25 03:39:10,Clinique des Spécialités,A+,40,5,20,55,4.8,18,100.0,normale,Attention: proche expiration,4,3,3,False,False,normal,pluvieux
2022-03-25 23:22:50,Clinique des Spécialités,A+,14,3,31,42,4.4,4,89.1,normale,Parfait pour transfusion immédiate,4,23,3,False,False,normal,pluvieux
2022-03-26 11:08:48,Clinique des Spécialités,B+,43,3,0,40,4.1,24,99.1,normale,"Bon état général, légère variation température",5,11,3,True,False,normal,ensoleillé
2022-03-26 15:24:03,Clinique des Spécialités,O-,43,3,16,56,4.2,7,100.0,normale,Parfait pour transfusion immédiate,5,15,3,True,False,normal,nuageux
2022-03-27 13:01:31,Clinique des Spécialités,O-,39,4,0,35,3.8,38,100.0,normale,Contrôle bactériologique négatif,6,13,3,True,False,normal,ensoleillé
2022-03-28 04:33:58,Clinique des Spécialités,A+,31,6,13,38,4.6,2,77.1,normale,"Excellent état, conservation parfaite",0,4,3,False,False,normal,orageux
2022-03-28 10:22:19,Clinique des Spécialités,A+,33,9,0,24,5.2,4,84.5,normale,"Bon état général, légère variation température",0,10,3,False,False,normal,ensoleillé
2022-03-28 15:25:53,Clinique des Spécialités,O+,31,6,0,25,3.8,3,92.3,normale,Parfait pour transfusion immédiate,0,15,3,False,False,normal,pluvieux
2022-03-29 15:34:35,Clinique des Spécialités,O-,66,2,29,93,4.5,1,64.1,attention,Contrôle bactériologique négatif,1,15,3,False,False,normal,pluvieux
2022-03-29 15:35:31,Clinique des Spécialités,O+,51,1,0,50,3.1,36,100.0,normale,Attention: proche expiration,1,15,3,False,False,normal,nuageux
2022-03-29 22:24:21,Clinique des Spécialités,O+,42,4,0,38,4.4,7,100.0,normale,"Excellent état, conservation parfaite",1,22,3,False,False,normal,ensoleillé
2022-03-30 12:29:38,Clinique des Spécialités,A+,71,6,27,92,4.9,42,96.8,normale,"Excellent état, conservation parfaite",2,12,3,False,False,normal,ensoleillé
2022-03-30 13:20:52,Clinique des Spécialités,A+,70,7,21,84,3.4,10,100.0,normale,Parfait pour transfusion immédiate,2,13,3,False,False,normal,pluvieux
2022-03-30 13:32:58,Clinique des Spécialités,AB+,48,11,0,37,3.5,31,96.2,normale,Attention: proche expiration,2,13,3,False,False,normal,ensoleillé
2022-03-30 13:36:38,Clinique des Spécialités,A+,30,7,24,47,3.4,28,93.1,normale,"Bon état général, légère variation température",2,13,3,False,False,normal,pluvieux
2022-03-31 10:55:08,Clinique des Spécialités,O+,69,9,0,60,4.4,17,96.1,normale,Parfait pour transfusion immédiate,3,10,3,False,False,normal,ensoleillé
2022-03-31 10:59:14,Clinique des Spécialités,A+,32,8,0,24,4.5,8,99.4,normale,Urgent: vérifier température stockage,3,10,3,False,False,accident_route,ensoleillé
2022-04-01 06:52:15,Clinique des Spécialités,O+,45,5,0,40,5.3,18,100.0,normale,Attention: proche expiration,4,6,4,False,False,normal,orageux
2022-04-01 19:29:49,Clinique des Spécialités,O+,53,9,0,44,4.0,4,85.2,normale,"État satisfaisant, contrôle qualité OK",4,19,4,False,False,normal,pluvieux
2022-04-02 05:43:39,Clinique des Spécialités,O+,18,3,17,32,2.9,8,99.0,normale,"État satisfaisant, contrôle qualité OK",5,5,4,True,False,normal,pluvieux
2022-04-02 06:39:52,Clinique des Spécialités,B+,36,5,0,31,3.9,19,100.0,normale,Contrôle bactériologique négatif,5,6,4,True,False,normal,pluvieux
2022-04-02 11:36:20,Clinique des Spécialités,AB+,29,4,0,25,4.0,4,77.0,normale,Hémoglobine dans les normes,5,11,4,True,False,normal,ensoleillé
2022-04-02 13:06:01,Clinique des Spécialités,A+,50,6,0,44,3.9,6,100.0,normale,"État satisfaisant, contrôle qualité OK",5,13,4,True,False,normal,pluvieux
2022-04-03 02:48:22,Clinique des Spécialités,A+,16,4,0,12,3.6,11,98.1,faible,Parfait pour transfusion immédiate,6,2,4,True,False,normal,nuageux
2022-04-03 06:47:52,Clinique des Spécialités,A+,23,5,19,37,3.3,74,92.7,normale,"État satisfaisant, contrôle qualité OK",6,6,4,True,False,normal,ensoleillé
2022-04-03 21:12:05,Clinique des Spécialités,O+,52,3,11,60,2.9,5,99.9,normale,"Bon état général, légère variation température",6,21,4,True,False,normal,pluvieux
2022-04-04 01:31:51,Clinique des Spécialités,O+,5,5,0,0,3.4,37,100.0,critique,URGENT: Stock critique - Hémoglobine dans les normes,0,1,4,False,False,normal,ensoleillé
2022-04-04 15:02:17,Clinique des Spécialités,B+,49,10,17,56,4.0,1,59.3,attention,Parfait pour transfusion immédiate,0,15,4,False,False,normal,pluvieux
2022-04-05 21:13:19,Clinique des Spécialités,A+,63,13,0,50,3.9,2,81.4,normale,Attention: proche expiration,1,21,4,False,False,normal,pluvieux
2022-04-05 22:33:22,Clinique des Spécialités,O+,29,3,26,52,3.9,13,100.0,normale,Parfait pour transfusion immédiate,1,22,4,False,False,normal,ensoleillé
2022-04-06 03:58:26,Clinique des Spécialités,A+,32,11,0,21,4.1,8,100.0,normale,Contrôle bactériologique négatif,2,3,4,False,False,normal,pluvieux
2022-04-06 04:04:52,Clinique des Spécialités,O+,12,10,19,21,3.7,17,95.9,normale,"Excellent état, conservation parfaite",2,4,4,False,False,normal,ensoleillé
2022-04-07 14:07:12,Clinique des Spécialités,O+,32,4,22,50,3.8,23,100.0,normale,Urgent: vérifier température stockage,3,14,4,False,False,normal,ensoleillé
2022-04-07 20:09:43,Clinique des Spécialités,O+,54,7,0,47,3.3,27,95.6,normale,"État satisfaisant, contrôle qualité OK",3,20,4,False,False,normal,pluvieux
2022-04-08 17:35:37,Clinique des Spécialités,O+,61,8,16,69,4.0,95,98.9,normale,"Bon état général, légère variation température",4,17,4,False,False,normal,ensoleillé
2022-04-09 00:16:39,Clinique des Spécialités,A+,4,3,17,18,3.6,4,89.9,faible,Attention: proche expiration,5,0,4,True,False,normal,ensoleillé
2022-04-09 00:22:54,Clinique des Spécialités,A+,18,3,21,36,3.4,6,100.0,normale,Hémoglobine dans les normes,5,0,4,True,False,normal,ensoleillé
2022-04-09 02:01:13,Clinique des Spécialités,A+,25,6,0,19,4.2,1,62.2,faible,Hémoglobine dans les normes,5,2,4,True,False,normal,orageux
2022-04-09 13:22:00,Clinique des Spécialités,A+,37,3,0,34,4.5,29,100.0,normale,Hémoglobine dans les normes,5,13,4,True,False,épidémie,nuageux
2022-04-09 19:23:57,Clinique des Spécialités,O+,32,7,0,25,4.4,1,64.5,attention,Parfait pour transfusion immédiate,5,19,4,True,False,normal,ensoleillé
2022-04-10 06:14:54,Clinique des Spécialités,A-,36,7,23,52,4.9,3,86.5,normale,"Excellent état, conservation parfaite",6,6,4,True,False,normal,nuageux
2022-04-10 16:19:49,Clinique des Spécialités,A+,36,3,10,43,3.6,21,100.0,normale,"Bon état général, légère variation température",6,16,4,True,False,normal,nuageux
2022-04-10 17:12:35,Clinique des Spécialités,O+,43,3,0,40,3.7,3,92.3,normale,Urgent: vérifier température stockage,6,17,4,True,False,normal,ensoleillé
2022-04-11 03:49:59,Clinique des Spécialités,A+,31,10,11,32,4.1,39,100.0,normale,Parfait pour transfusion immédiate,0,3,4,False,False,normal,orageux
2022-04-12 20:36:40,Clinique des Spécialités,A+,66,8,0,58,3.8,42,93.0,normale,Parfait pour transfusion immédiate,1,20,4,False,False,normal,ensoleillé
2022-04-12 23:10:57,Clinique des Spécialités,O+,17,5,0,12,3.6,5,100.0,faible,Parfait pour transfusion immédiate,1,23,4,False,False,normal,pluvieux
2022-04-13 12:20:21,Clinique des Spécialités,O+,45,11,0,34,4.2,27,100.0,normale,"Excellent état, conservation parfaite",2,12,4,False,False,normal,nuageux
2022-04-13 18:28:17,Clinique des Spécialités,O+,64,9,29,84,4.0,18,93.6,normale,Urgent: vérifier température stockage,2,18,4,False,False,normal,ensoleillé
2022-04-13 22:06:34,Clinique des Spécialités,A+,61,10,22,73,3.7,11,97.0,normale,"Bon état général, légère variation température",2,22,4,False,False,normal,nuageux
2022-04-14 13:37:15,Clinique des Spécialités,A+,40,7,0,33,4.8,28,100.0,normale,"Excellent état, conservation parfaite",3,13,4,False,False,normal,ensoleillé
2022-04-14 14:56:06,Clinique des Spécialités,A+,21,6,22,37,3.5,60,90.5,normale,Attention: proche expiration,3,14,4,False,False,normal,ensoleillé
2022-04-15 11:02:33,Clinique des Spécialités,A+,60,13,19,66,3.8,10,93.3,normale,Attention: proche expiration,4,11,4,False,False,normal,pluvieux
2022-04-16 05:42:28,Clinique des Spécialités,A-,23,6,15,32,4.4,2,86.1,normale,Parfait pour transfusion immédiate,5,5,4,True,False,normal,ensoleillé
2022-04-16 17:32:38,Clinique des Spécialités,O+,17,2,0,15,3.8,4,75.6,faible,Urgent: vérifier température stockage,5,17,4,True,False,normal,pluvieux
2022-04-17 05:44:59,Clinique des Spécialités,A+,15,3,22,34,4.8,32,89.7,normale,"État satisfaisant, contrôle qualité OK",6,5,4,True,False,normal,pluvieux
2022-04-17 14:43:28,Clinique des Spécialités,A+,34,8,15,41,3.5,2,81.3,normale,"État satisfaisant, contrôle qualité OK",6,14,4,True,False,normal,ensoleillé
2022-04-17 14:57:12,Clinique des Spécialités,O-,45,7,0,38,2.3,1,59.6,attention,Urgent: vérifier température stockage,6,14,4,True,False,normal,ensoleillé
2022-04-17 22:49:22,Clinique des Spécialités,A+,30,6,19,43,3.7,57,99.9,normale,Attention: proche expiration,6,22,4,True,False,normal,pluvieux
2022-04-18 05:47:01,Clinique des Spécialités,O+,29,9,0,20,4.1,41,100.0,normale,Contrôle bactériologique négatif,0,5,4,False,False,normal,nuageux
2022-04-18 11:28:46,Clinique des Spécialités,A+,82,7,0,75,4.0,4,84.6,normale,Parfait pour transfusion immédiate,0,11,4,False,False,normal,nuageux
2022-04-18 15:15:13,Clinique des Spécialités,A+,53,8,0,45,3.9,30,97.4,normale,Urgent: vérifier température stockage,0,15,4,False,False,normal,pluvieux
2022-04-18 16:08:13,Clinique des Spécialités,A+,51,11,19,59,3.5,32,94.5,normale,"Bon état général, légère variation température",0,16,4,False,False,normal,pluvieux
2022-04-19 02:29:12,Clinique des Spécialités,O+,24,10,23,37,4.1,8,100.0,normale,Urgent: vérifier température stockage,1,2,4,False,False,normal,nuageux
2022-04-19 07:02:18,Clinique des Spécialités,A+,50,8,0,42,4.3,21,95.1,normale,Parfait pour transfusion immédiate,1,7,4,False,False,normal,pluvieux
2022-04-19 13:37:56,Clinique des Spécialités,O+,28,8,0,20,4.8,33,100.0,normale,"Excellent état, conservation parfaite",1,13,4,False,False,normal,ensoleillé
2022-04-19 16:43:32,Clinique des Spécialités,B-,46,9,0,37,3.6,3,89.4,normale,Parfait pour transfusion immédiate,1,16,4,False,False,épidémie,ensoleillé
2022-04-19 16:52:05,Clinique des Spécialités,O-,54,6,0,48,3.6,3,78.5,normale,Attention: proche expiration,1,16,4,False,False,normal,ensoleillé
2022-04-19 20:18:59,Clinique des Spécialités,O+,73,4,0,69,3.3,28,100.0,normale,"Bon état général, légère variation température",1,20,4,False,False,normal,pluvieux
2022-04-19 23:19:01,Clinique des Spécialités,O+,32,6,0,26,4.1,2,77.8,normale,"État satisfaisant, contrôle qualité OK",1,23,4,False,False,normal,nuageux
2022-04-20 02:09:45,Clinique des Spécialités,O-,20,6,0,14,4.8,4,83.5,faible,Attention: proche expiration,2,2,4,False,False,normal,nuageux
2022-04-20 19:23:59,Clinique des Spécialités,AB+,71,11,17,77,4.2,30,94.9,normale,Contrôle bactériologique négatif,2,19,4,False,False,normal,orageux
2022-04-20 22:48:37,Clinique des Spécialités,B-,20,7,0,13,3.9,6,100.0,faible,Parfait pour transfusion immédiate,2,22,4,False,False,normal,pluvieux
2022-04-21 10:16:16,Clinique des Spécialités,AB+,35,9,17,43,4.2,32,97.5,normale,Hémoglobine dans les normes,3,10,4,False,False,normal,ensoleillé
2022-04-21 21:36:07,Clinique des Spécialités,O+,60,9,0,51,4.0,18,99.1,normale,"Excellent état, conservation parfaite",3,21,4,False,False,normal,pluvieux
2022-04-22 03:21:03,Clinique des Spécialités,O+,36,7,0,29,3.7,1,61.9,attention,"Excellent état, conservation parfaite",4,3,4,False,False,normal,nuageux
2022-04-22 06:24:04,Clinique des Spécialités,O+,20,6,0,14,3.8,43,98.6,faible,"Bon état général, légère variation température",4,6,4,False,False,normal,ensoleillé
2022-04-22 13:37:49,Clinique des Spécialités,O+,55,8,0,47,3.4,1,65.3,attention,Urgent: vérifier température stockage,4,13,4,False,False,normal,pluvieux
2022-04-22 17:58:46,Clinique des Spécialités,O+,58,4,22,76,4.2,3,85.4,normale,Hémoglobine dans les normes,4,17,4,False,False,normal,ensoleillé
2022-04-22 21:45:45,Clinique des Spécialités,O+,50,6,27,71,4.7,8,95.6,normale,Parfait pour transfusion immédiate,4,21,4,False,False,normal,nuageux
2022-04-22 23:15:06,Clinique des Spécialités,O+,15,4,0,11,3.4,26,98.8,faible,"Bon état général, légère variation température",4,23,4,False,False,normal,pluvieux
2022-04-22 23:55:31,Clinique des Spécialités,A-,31,7,0,24,5.6,47,98.8,normale,Contrôle bactériologique négatif,4,23,4,False,False,normal,nuageux
2022-04-23 01:20:18,Clinique des Spécialités,O+,16,2,0,14,4.0,6,100.0,faible,"Excellent état, conservation parfaite",5,1,4,True,False,normal,nuageux
2022-04-23 21:58:31,Clinique des Spécialités,AB+,48,9,22,61,4.2,28,97.5,normale,Hémoglobine dans les normes,5,21,4,True,False,normal,pluvieux
2022-04-24 08:25:20,Clinique des Spécialités,A-,39,7,0,32,4.2,32,100.0,normale,"Excellent état, conservation parfaite",6,8,4,True,False,normal,ensoleillé
2022-04-24 12:11:36,Clinique des Spécialités,O+,28,6,0,22,4.4,3,93.0,normale,"Bon état général, légère variation température",6,12,4,True,False,normal,pluvieux
2022-04-24 17:55:05,Clinique des Spécialités,O+,23,7,24,40,3.4,11,100.0,normale,"Bon état général, légère variation température",6,17,4,True,False,normal,ensoleillé
2022-04-24 23:09:31,Clinique des Spécialités,A+,14,6,0,8,3.7,30,100.0,critique,URGENT: Stock critique - Hémoglobine dans les normes,6,23,4,True,False,normal,nuageux
2022-04-25 10:46:40,Clinique des Spécialités,A+,38,6,0,32,3.4,15,97.5,normale,Urgent: vérifier température stockage,0,10,4,False,False,normal,ensoleillé
2022-04-25 21:54:43,Clinique des Spécialités,A+,42,10,0,32,3.8,19,93.8,normale,"État satisfaisant, contrôle qualité OK",0,21,4,False,False,normal,ensoleillé
2022-04-26 10:01:09,Clinique des Spécialités,O+,51,7,0,44,3.5,8,98.9,normale,"Excellent état, conservation parfaite",1,10,4,False,False,normal,ensoleillé
2022-04-26 11:07:11,Clinique des Spécialités,B+,53,9,0,44,3.6,23,99.6,normale,Parfait pour transfusion immédiate,1,11,4,False,False,normal,ensoleillé
2022-04-26 21:36:51,Clinique des Spécialités,B+,27,7,15,35,4.8,3,96.0,normale,"Excellent état, conservation parfaite",1,21,4,False,False,normal,orageux
2022-04-27 16:41:03,Clinique des Spécialités,O+,54,4,18,68,3.7,7,100.0,normale,Hémoglobine dans les normes,2,16,4,False,False,normal,pluvieux
2022-04-27 19:09:43,Clinique des Spécialités,O+,21,7,21,35,4.0,1,57.7,attention,"Bon état général, légère variation température",2,19,4,False,False,normal,pluvieux
2022-04-27 21:00:48,Clinique des Spécialités,A+,66,8,0,58,4.9,2,76.6,normale,"Bon état général, légère variation température",2,21,4,False,False,normal,pluvieux
2022-04-27 21:29:14,Clinique des Spécialités,O+,56,8,0,48,4.3,33,100.0,normale,"État satisfaisant, contrôle qualité OK",2,21,4,False,False,épidémie,pluvieux
2022-04-28 13:49:05,Clinique des Spécialités,O+,81,10,0,71,2.7,3,89.4,normale,Urgent: vérifier température stockage,3,13,4,False,False,normal,ensoleillé
2022-04-28 20:02:43,Clinique des Spécialités,O+,65,6,0,59,4.4,9,100.0,normale,Contrôle bactériologique négatif,3,20,4,False,False,normal,nuageux
2022-04-28 20:23:47,Clinique des Spécialités,A+,17,5,21,33,3.2,46,100.0,normale,Contrôle bactériologique négatif,3,20,4,False,False,normal,ensoleillé
2022-04-30 04:17:40,Clinique des Spécialités,A+,23,3,21,41,4.6,20,94.5,normale,Urgent: vérifier température stockage,5,4,4,True,False,normal,ensoleillé
2022-04-30 17:26:17,Clinique des Spécialités,O+,38,6,0,32,3.9,17,97.0,normale,Hémoglobine dans les normes,5,17,4,True,False,normal,pluvieux
2022-05-01 09:15:33,Clinique des Spécialités,O+,25,7,18,36,4.2,18,90.6,normale,Attention: proche expiration,6,9,5,True,False,normal,nuageux
2022-05-02 09:50:50,Clinique des Spécialités,O+,49,6,23,66,4.3,23,96.2,normale,Hémoglobine dans les normes,0,9,5,False,False,normal,nuageux
2022-05-02 10:04:50,Clinique des Spécialités,O+,51,0,18,69,3.6,8,100.0,normale,Contrôle bactériologique négatif,0,10,5,False,False,normal,ensoleillé
2022-05-02 22:47:24,Clinique des Spécialités,A+,56,2,0,54,4.2,14,94.4,normale,Parfait pour transfusion immédiate,0,22,5,False,False,normal,nuageux
2022-05-03 06:19:59,Clinique des Spécialités,A+,43,7,0,36,4.1,18,97.2,normale,"Bon état général, légère variation température",1,6,5,False,False,normal,pluvieux
2022-05-03 08:06:38,Clinique des Spécialités,A+,43,7,21,57,3.7,8,100.0,normale,Urgent: vérifier température stockage,1,8,5,False,False,normal,nuageux
2022-05-03 18:11:01,Clinique des Spécialités,O+,26,6,21,41,4.2,39,100.0,normale,"État satisfaisant, contrôle qualité OK",1,18,5,False,False,normal,pluvieux
2022-05-04 07:14:37,Clinique des Spécialités,A-,59,9,20,70,3.9,27,100.0,normale,Contrôle bactériologique négatif,2,7,5,False,False,normal,nuageux
2022-05-04 15:39:46,Clinique des Spécialités,A+,54,8,0,46,4.0,17,100.0,normale,Hémoglobine dans les normes,2,15,5,False,False,normal,nuageux
2022-05-04 19:20:44,Clinique des Spécialités,O+,61,10,0,51,5.1,21,100.0,normale,Attention: proche expiration,2,19,5,False,False,normal,orageux
2022-05-05 21:20:26,Clinique des Spécialités,O+,39,10,0,29,4.5,6,94.4,normale,Hémoglobine dans les normes,3,21,5,False,False,normal,ensoleillé
2022-05-06 16:04:46,Clinique des Spécialités,B+,29,12,0,17,4.6,13,92.8,faible,"Bon état général, légère variation température",4,16,5,False,False,normal,ensoleillé
2022-05-07 08:05:31,Clinique des Spécialités,O+,32,6,0,26,4.0,34,92.9,normale,"État satisfaisant, contrôle qualité OK",5,8,5,True,False,normal,pluvieux
2022-05-08 19:11:41,Clinique des Spécialités,O-,34,4,0,30,3.5,49,98.2,normale,Urgent: vérifier température stockage,6,19,5,True,False,normal,ensoleillé
2022-05-10 04:46:27,Clinique des Spécialités,O+,36,9,0,27,4.0,9,100.0,normale,"Excellent état, conservation parfaite",1,4,5,False,False,normal,orageux
2022-05-10 05:13:56,Clinique des Spécialités,A+,11,6,0,5,4.7,21,92.6,critique,"URGENT: Stock critique - Excellent état, conservation parfaite",1,5,5,False,False,normal,nuageux
2022-05-10 05:15:51,Clinique des Spécialités,O+,43,11,0,32,4.5,37,100.0,normale,Contrôle bactériologique négatif,1,5,5,False,False,normal,ensoleillé
2022-05-10 23:02:08,Clinique des Spécialités,O+,15,11,18,22,4.0,76,100.0,normale,Hémoglobine dans les normes,1,23,5,False,False,normal,pluvieux
2022-05-11 12:41:41,Clinique des Spécialités,B+,47,7,24,64,3.5,1,57.5,attention,Urgent: vérifier température stockage,2,12,5,False,False,normal,pluvieux
2022-05-11 23:02:20,Clinique des Spécialités,O+,27,13,16,30,3.1,24,98.8,normale,Attention: proche expiration,2,23,5,False,False,normal,ensoleillé
2022-05-12 07:51:55,Clinique des Spécialités,O+,47,11,0,36,4.3,18,99.1,normale,Attention: proche expiration,3,7,5,False,False,normal,ensoleillé
2022-05-12 11:08:48,Clinique des Spécialités,O+,57,11,14,60,4.1,19,97.3,normale,Contrôle bactériologique négatif,3,11,5,False,False,normal,pluvieux
2022-05-13 06:59:18,Clinique des Spécialités,O+,50,8,16,58,4.2,6,100.0,normale,"Excellent état, conservation parfaite",4,6,5,False,False,normal,ensoleillé
2022-05-13 10:34:30,Clinique des Spécialités,A+,62,10,0,52,4.1,26,100.0,normale,Hémoglobine dans les normes,4,10,5,False,False,normal,ensoleillé
2022-05-13 17:31:36,Clinique des Spécialités,O-,69,9,0,60,4.5,14,97.6,normale,"État satisfaisant, contrôle qualité OK",4,17,5,False,False,normal,nuageux
2022-05-13 22:15:20,Clinique des Spécialités,O+,56,2,22,76,4.0,53,100.0,normale,Hémoglobine dans les normes,4,22,5,False,False,normal,ensoleillé
2022-05-15 00:43:52,Clinique des Spécialités,O+,21,7,0,14,4.7,7,96.9,faible,Hémoglobine dans les normes,6,0,5,True,False,normal,orageux
2022-05-15 06:41:51,Clinique des Spécialités,A-,28,7,20,41,4.4,11,95.3,normale,Urgent: vérifier température stockage,6,6,5,True,False,normal,ensoleillé
2022-05-15 07:08:09,Clinique des Spécialités,B+,28,7,26,47,4.5,25,100.0,normale,Parfait pour transfusion immédiate,6,7,5,True,False,normal,ensoleillé
2022-05-15 12:21:15,Clinique des Spécialités,O+,41,2,0,39,4.7,10,100.0,normale,Urgent: vérifier température stockage,6,12,5,True,False,normal,pluvieux
2022-05-16 00:47:43,Clinique des Spécialités,O+,30,5,0,25,3.8,60,100.0,normale,"État satisfaisant, contrôle qualité OK",0,0,5,False,False,normal,nuageux
2022-05-16 13:38:22,Clinique des Spécialités,AB-,45,6,0,39,4.3,7,100.0,normale,"Bon état général, légère variation température",0,13,5,False,False,normal,pluvieux
2022-05-17 00:43:09,Clinique des Spécialités,B+,31,10,0,21,4.6,11,99.9,normale,"Bon état général, légère variation température",1,0,5,False,False,normal,orageux
2022-05-17 01:47:30,Clinique des Spécialités,B+,23,5,16,34,4.2,48,95.8,normale,"Bon état général, légère variation température",1,1,5,False,False,normal,ensoleillé
2022-05-17 09:57:48,Clinique des Spécialités,O+,71,5,18,84,4.3,1,60.4,attention,"Excellent état, conservation parfaite",1,9,5,False,False,normal,pluvieux
2022-05-18 09:04:49,Clinique des Spécialités,B+,31,9,0,22,5.1,8,98.6,normale,Contrôle bactériologique négatif,2,9,5,False,False,urgence_médicale,pluvieux
2022-05-18 12:12:07,Clinique des Spécialités,O+,20,6,0,14,3.6,1,51.6,faible,Attention: proche expiration,2,12,5,False,False,normal,nuageux
2022-05-18 12:29:43,Clinique des Spécialités,O+,43,10,17,50,4.7,5,96.3,normale,"Excellent état, conservation parfaite",2,12,5,False,False,normal,nuageux
2022-05-18 19:23:21,Clinique des Spécialités,A+,40,6,22,56,4.3,9,98.5,normale,Parfait pour transfusion immédiate,2,19,5,False,False,normal,orageux
2022-05-19 00:43:21,Clinique des Spécialités,A+,21,4,0,17,3.4,3,88.5,faible,Attention: proche expiration,3,0,5,False,False,normal,ensoleillé
2022-05-19 06:00:51,Clinique des Spécialités,O+,36,7,0,29,4.0,18,100.0,normale,"Bon état général, légère variation température",3,6,5,False,False,normal,nuageux
2022-05-19 14:59:22,Clinique des Spécialités,B+,33,9,0,24,3.0,11,100.0,normale,Hémoglobine dans les normes,3,14,5,False,False,normal,pluvieux
2022-05-20 05:46:34,Clinique des Spécialités,O+,37,9,0,28,4.7,19,100.0,normale,"Excellent état, conservation parfaite",4,5,5,False,False,normal,ensoleillé
2022-05-20 17:42:49,Clinique des Spécialités,AB-,42,8,0,34,3.5,1,61.2,attention,"État satisfaisant, contrôle qualité OK",4,17,5,False,False,normal,pluvieux
2022-05-20 17:53:22,Clinique des Spécialités,A-,37,8,0,29,3.6,2,76.3,normale,Parfait pour transfusion immédiate,4,17,5,False,False,normal,orageux
2022-05-20 19:05:42,Clinique des Spécialités,O+,25,11,0,14,4.3,79,95.2,faible,"État satisfaisant, contrôle qualité OK",4,19,5,False,False,normal,ensoleillé
2022-05-20 20:30:13,Clinique des Spécialités,O+,45,7,0,38,4.7,5,95.9,normale,Attention: proche expiration,4,20,5,False,False,normal,pluvieux
2022-05-21 00:20:39,Clinique des Spécialités,O+,24,7,27,44,3.7,8,95.4,normale,Parfait pour transfusion immédiate,5,0,5,True,False,normal,nuageux
2022-05-21 02:50:06,Clinique des Spécialités,O+,19,5,0,14,3.3,5,100.0,faible,Hémoglobine dans les normes,5,2,5,True,False,normal,ensoleillé
2022-05-21 03:11:57,Clinique des Spécialités,O+,16,6,0,10,4.8,6,94.2,faible,Hémoglobine dans les normes,5,3,5,True,False,normal,ensoleillé
2022-05-21 11:12:47,Clinique des Spécialités,O+,25,8,0,17,4.5,28,100.0,faible,Contrôle bactériologique négatif,5,11,5,True,False,normal,ensoleillé
2022-05-21 16:37:01,Clinique des Spécialités,A+,51,6,17,62,3.5,2,90.3,normale,"Bon état général, légère variation température",5,16,5,True,False,normal,pluvieux
2022-05-22 13:54:29,Clinique des Spécialités,B+,25,2,0,23,3.9,3,90.7,normale,"Excellent état, conservation parfaite",6,13,5,True,False,normal,pluvieux
2022-05-23 07:58:51,Clinique des Spécialités,O+,76,10,0,66,3.7,3,85.8,normale,"État satisfaisant, contrôle qualité OK",0,7,5,False,False,normal,pluvieux
2022-05-23 21:34:12,Clinique des Spécialités,O+,28,3,23,48,4.4,1,64.3,attention,"Excellent état, conservation parfaite",0,21,5,False,False,normal,nuageux
2022-05-23 22:53:56,Clinique des Spécialités,O-,62,5,0,57,3.8,8,95.6,normale,"Excellent état, conservation parfaite",0,22,5,False,False,normal,pluvieux
2022-05-24 02:54:40,Clinique des Spécialités,O+,20,6,0,14,3.8,10,100.0,faible,"État satisfaisant, contrôle qualité OK",1,2,5,False,False,normal,ensoleillé
2022-05-24 04:47:16,Clinique des Spécialités,A+,28,11,0,17,3.8,24,95.2,faible,Hémoglobine dans les normes,1,4,5,False,False,normal,pluvieux
2022-05-24 19:26:35,Clinique des Spécialités,A+,45,9,0,36,4.4,49,100.0,normale,"État satisfaisant, contrôle qualité OK",1,19,5,False,False,épidémie,pluvieux
2022-05-25 11:24:39,Clinique des Spécialités,O+,58,5,22,75,3.8,4,83.1,normale,Hémoglobine dans les normes,2,11,5,False,False,normal,ensoleillé
2022-05-25 12:11:13,Clinique des Spécialités,A-,59,10,0,49,3.5,11,93.8,normale,Urgent: vérifier température stockage,2,12,5,False,False,normal,pluvieux
2022-05-25 18:30:14,Clinique des Spécialités,O+,48,15,0,33,3.9,3,88.7,normale,"État satisfaisant, contrôle qualité OK",2,18,5,False,False,normal,ensoleillé
2022-05-25 21:20:16,Clinique des Spécialités,A+,56,8,17,65,3.5,12,100.0,normale,"Bon état général, légère variation température",2,21,5,False,False,normal,ensoleillé
2022-05-25 22:09:29,Clinique des Spécialités,O+,69,7,0,62,4.1,24,100.0,normale,"Bon état général, légère variation température",2,22,5,False,False,normal,pluvieux
2022-05-26 20:38:56,Clinique des Spécialités,O+,39,5,0,34,4.3,16,92.0,normale,Attention: proche expiration,3,20,5,False,False,normal,ensoleillé
2022-05-26 23:20:10,Clinique des Spécialités,A+,21,3,0,18,4.4,23,98.3,faible,Hémoglobine dans les normes,3,23,5,False,False,normal,ensoleillé
2022-05-27 03:37:04,Clinique des Spécialités,O+,24,11,15,28,4.3,15,100.0,normale,"Excellent état, conservation parfaite",4,3,5,False,False,épidémie,nuageux
2022-05-28 10:17:16,Clinique des Spécialités,A+,55,4,0,51,3.9,42,95.8,normale,Hémoglobine dans les normes,5,10,5,True,False,normal,pluvieux
2022-05-28 12:16:30,Clinique des Spécialités,O+,24,8,0,16,4.2,18,100.0,faible,Contrôle bactériologique négatif,5,12,5,True,False,normal,ensoleillé
2022-05-28 13:33:47,Clinique des Spécialités,A+,33,5,0,28,4.7,15,94.2,normale,Hémoglobine dans les normes,5,13,5,True,False,campagne_don,nuageux
2022-05-28 14:17:54,Clinique des Spécialités,O+,32,3,13,42,4.6,1,60.5,attention,Contrôle bactériologique négatif,5,14,5,True,False,normal,nuageux
2022-05-28 15:19:30,Clinique des Spécialités,A+,27,2,0,25,3.8,3,91.2,normale,"État satisfaisant, contrôle qualité OK",5,15,5,True,False,normal,ensoleillé
2022-05-28 16:58:44,Clinique des Spécialités,A+,39,4,0,35,3.6,1,67.2,attention,Contrôle bactériologique négatif,5,16,5,True,False,normal,orageux
2022-05-29 01:14:05,Clinique des Spécialités,B+,20,5,0,15,4.0,21,100.0,faible,"État satisfaisant, contrôle qualité OK",6,1,5,True,False,normal,nuageux
2022-05-29 04:28:39,Clinique des Spécialités,A+,13,6,0,7,4.1,20,100.0,critique,"URGENT: Stock critique - Excellent état, conservation parfaite",6,4,5,True,False,normal,nuageux
2022-05-30 18:15:53,Clinique des Spécialités,A+,61,11,0,50,4.0,71,100.0,normale,Parfait pour transfusion immédiate,0,18,5,False,False,normal,orageux
2022-05-31 22:30:11,Clinique des Spécialités,O+,39,6,0,33,4.0,6,90.6,normale,"État satisfaisant, contrôle qualité OK",1,22,5,False,False,normal,ensoleillé
2022-06-02 00:24:16,Clinique des Spécialités,A+,30,8,22,44,4.7,20,96.1,normale,"Bon état général, légère variation température",3,0,6,False,False,normal,ensoleillé
2022-06-02 11:19:58,Clinique des Spécialités,O+,31,3,0,28,3.7,33,94.9,normale,Contrôle bactériologique négatif,3,11,6,False,False,normal,ensoleillé
2022-06-02 14:26:56,Clinique des Spécialités,A-,61,5,20,76,3.6,19,100.0,normale,Urgent: vérifier température stockage,3,14,6,False,False,normal,nuageux
2022-06-03 05:24:46,Clinique des Spécialités,AB-,30,7,18,41,3.7,1,60.6,attention,Attention: proche expiration,4,5,6,False,False,normal,pluvieux
2022-06-04 08:59:40,Clinique des Spécialités,A+,51,4,16,63,3.4,13,100.0,normale,"Excellent état, conservation parfaite",5,8,6,True,False,normal,ensoleillé
2022-06-04 14:42:28,Clinique des Spécialités,A-,70,5,23,88,3.4,7,91.0,normale,Urgent: vérifier température stockage,5,14,6,True,False,normal,ensoleillé
2022-06-04 15:14:21,Clinique des Spécialités,AB+,45,5,15,55,4.1,8,100.0,normale,Contrôle bactériologique négatif,5,15,6,True,False,normal,nuageux
2022-06-04 16:03:03,Clinique des Spécialités,A-,37,4,0,33,4.4,39,98.4,normale,Attention: proche expiration,5,16,6,True,False,normal,nuageux
2022-06-05 02:03:14,Clinique des Spécialités,A+,25,6,0,19,4.2,1,63.9,faible,Urgent: vérifier température stockage,6,2,6,True,False,normal,ensoleillé
2022-06-05 04:32:34,Clinique des Spécialités,O-,21,7,0,14,4.2,11,94.2,faible,"État satisfaisant, contrôle qualité OK",6,4,6,True,False,normal,pluvieux
2022-06-05 14:03:22,Clinique des Spécialités,B+,16,6,15,25,4.8,45,86.5,normale,"Bon état général, légère variation température",6,14,6,True,False,normal,ensoleillé
2022-06-05 23:05:10,Clinique des Spécialités,O+,14,3,0,11,3.9,20,100.0,faible,"Excellent état, conservation parfaite",6,23,6,True,False,normal,ensoleillé
2022-06-06 17:03:12,Clinique des Spécialités,A+,70,6,0,64,4.8,10,96.3,normale,"État satisfaisant, contrôle qualité OK",0,17,6,False,False,normal,ensoleillé
2022-06-06 21:22:33,Clinique des Spécialités,O+,57,11,19,65,4.0,18,100.0,normale,Contrôle bactériologique négatif,0,21,6,False,False,normal,nuageux
2022-06-07 00:28:31,Clinique des Spécialités,O+,32,6,15,41,4.5,13,100.0,normale,Urgent: vérifier température stockage,1,0,6,False,False,normal,nuageux
2022-06-07 18:26:24,Clinique des Spécialités,A+,34,5,24,53,4.1,3,76.9,normale,Parfait pour transfusion immédiate,1,18,6,False,False,normal,pluvieux
2022-06-08 05:07:30,Clinique des Spécialités,O+,25,12,27,40,4.2,11,96.0,normale,"Bon état général, légère variation température",2,5,6,False,False,normal,ensoleillé
2022-06-08 08:48:59,Clinique des Spécialités,A-,52,3,0,49,3.8,4,89.7,normale,Attention: proche expiration,2,8,6,False,False,normal,nuageux
2022-06-08 18:43:23,Clinique des Spécialités,O-,23,8,0,15,3.4,13,95.8,faible,Contrôle bactériologique négatif,2,18,6,False,False,normal,orageux
2022-06-09 09:06:01,Clinique des Spécialités,O+,48,6,0,42,3.5,8,99.2,normale,"Excellent état, conservation parfaite",3,9,6,False,False,normal,pluvieux
2022-06-09 13:47:08,Clinique des Spécialités,O+,68,16,9,61,3.6,28,87.9,normale,Hémoglobine dans les normes,3,13,6,False,False,normal,nuageux
2022-06-09 16:16:51,Clinique des Spécialités,B-,51,8,0,43,4.5,14,100.0,normale,Parfait pour transfusion immédiate,3,16,6,False,False,normal,nuageux
2022-06-10 10:52:53,Clinique des Spécialités,O+,73,10,31,94,4.0,5,98.3,normale,Contrôle bactériologique négatif,4,10,6,False,False,normal,pluvieux
2022-06-10 14:37:59,Clinique des Spécialités,O-,25,7,21,39,3.8,16,93.2,normale,"État satisfaisant, contrôle qualité OK",4,14,6,False,False,normal,ensoleillé
2022-06-10 16:17:11,Clinique des Spécialités,O+,76,10,18,84,4.6,2,80.0,normale,"État satisfaisant, contrôle qualité OK",4,16,6,False,False,normal,ensoleillé
2022-06-10 21:42:25,Clinique des Spécialités,O-,51,7,0,44,3.6,18,100.0,normale,Contrôle bactériologique négatif,4,21,6,False,False,normal,nuageux
2022-06-11 01:07:46,Clinique des Spécialités,B+,16,0,26,42,3.6,1,67.8,attention,Contrôle bactériologique négatif,5,1,6,True,False,normal,ensoleillé
2022-06-11 07:41:47,Clinique des Spécialités,A+,44,8,0,36,3.4,3,92.4,normale,Attention: proche expiration,5,7,6,True,False,normal,pluvieux
2022-06-11 15:25:38,Clinique des Spécialités,O+,43,4,0,39,3.8,2,79.9,normale,Parfait pour transfusion immédiate,5,15,6,True,False,normal,nuageux
2022-06-12 19:02:10,Clinique des Spécialités,O+,16,8,0,8,4.0,20,95.7,critique,URGENT: Stock critique - Attention: proche expiration,6,19,6,True,False,normal,ensoleillé
2022-06-13 04:06:37,Clinique des Spécialités,O+,27,0,0,27,4.5,17,99.5,normale,Attention: proche expiration,0,4,6,False,False,normal,pluvieux
2022-06-13 15:48:22,Clinique des Spécialités,A+,47,8,0,39,4.4,1,57.1,attention,Contrôle bactériologique négatif,0,15,6,False,False,normal,ensoleillé
2022-06-13 18:39:16,Clinique des Spécialités,O+,45,5,15,55,4.6,20,100.0,normale,Parfait pour transfusion immédiate,0,18,6,False,False,normal,ensoleillé
2022-06-14 01:21:10,Clinique des Spécialités,O+,28,8,0,20,3.5,36,100.0,normale,Hémoglobine dans les normes,1,1,6,False,False,normal,ensoleillé
2022-06-15 11:38:29,Clinique des Spécialités,A+,31,13,0,18,4.0,23,92.1,faible,Contrôle bactériologique négatif,2,11,6,False,False,normal,nuageux
2022-06-15 13:52:20,Clinique des Spécialités,O+,33,9,0,24,4.9,17,100.0,normale,Urgent: vérifier température stockage,2,13,6,False,False,normal,ensoleillé
2022-06-15 23:40:58,Clinique des Spécialités,O-,17,8,0,9,3.6,5,100.0,critique,URGENT: Stock critique - Parfait pour transfusion immédiate,2,23,6,False,False,normal,pluvieux
2022-06-16 20:35:14,Clinique des Spécialités,O-,33,4,17,46,3.2,7,90.2,normale,Attention: proche expiration,3,20,6,False,False,normal,ensoleillé
2022-06-17 00:16:40,Clinique des Spécialités,B-,28,9,24,43,3.9,1,61.1,attention,Hémoglobine dans les normes,4,0,6,False,False,normal,orageux
2022-06-17 08:36:07,Clinique des Spécialités,O+,24,10,22,36,3.3,17,100.0,normale,"Bon état général, légère variation température",4,8,6,False,False,normal,pluvieux
2022-06-17 10:52:46,Clinique des Spécialités,A+,52,11,18,59,3.8,6,91.0,normale,Contrôle bactériologique négatif,4,10,6,False,False,normal,nuageux
2022-06-17 17:37:29,Clinique des Spécialités,O+,53,13,0,40,3.8,11,100.0,normale,Parfait pour transfusion immédiate,4,17,6,False,False,normal,nuageux
2022-06-18 17:44:03,Clinique des Spécialités,A+,30,2,15,43,4.3,41,100.0,normale,Urgent: vérifier température stockage,5,17,6,True,False,normal,ensoleillé
2022-06-19 05:30:25,Clinique des Spécialités,O+,22,1,16,37,3.7,5,98.1,normale,"État satisfaisant, contrôle qualité OK",6,5,6,True,False,normal,pluvieux
2022-06-19 05:58:29,Clinique des Spécialités,O+,24,4,15,35,4.7,3,92.9,normale,"État satisfaisant, contrôle qualité OK",6,5,6,True,False,normal,nuageux
2022-06-20 02:32:25,Clinique des Spécialités,O+,28,7,23,44,3.4,53,97.5,normale,"Excellent état, conservation parfaite",0,2,6,False,False,normal,nuageux
2022-06-20 02:49:56,Clinique des Spécialités,AB+,22,10,26,38,4.6,20,96.9,normale,"État satisfaisant, contrôle qualité OK",0,2,6,False,False,normal,nuageux
2022-06-21 05:18:39,Clinique des Spécialités,A+,26,1,0,25,4.6,4,88.9,normale,Parfait pour transfusion immédiate,1,5,6,False,False,normal,pluvieux
2022-06-21 07:08:21,Clinique des Spécialités,A+,40,8,0,32,4.0,5,98.3,normale,"État satisfaisant, contrôle qualité OK",1,7,6,False,False,normal,ensoleillé
2022-06-21 09:27:07,Clinique des Spécialités,B+,48,5,12,55,4.1,12,94.1,normale,Contrôle bactériologique négatif,1,9,6,False,False,normal,ensoleillé
2022-06-21 10:34:15,Clinique des Spécialités,O+,34,9,0,25,5.0,18,96.0,normale,Parfait pour transfusion immédiate,1,10,6,False,False,normal,orageux
2022-06-21 16:19:48,Clinique des Spécialités,A+,47,12,0,35,4.1,5,98.1,normale,Contrôle bactériologique négatif,1,16,6,False,False,normal,ensoleillé
2022-06-21 19:25:51,Clinique des Spécialités,O+,58,9,18,67,5.1,16,100.0,normale,Parfait pour transfusion immédiate,1,19,6,False,False,normal,ensoleillé
2022-06-22 02:24:09,Clinique des Spécialités,B+,15,5,0,10,5.0,20,97.9,faible,Hémoglobine dans les normes,2,2,6,False,False,normal,ensoleillé
2022-06-22 06:05:49,Clinique des Spécialités,A-,70,8,0,62,4.3,4,84.6,normale,Contrôle bactériologique négatif,2,6,6,False,False,normal,pluvieux
2022-06-22 15:06:20,Clinique des Spécialités,O+,42,5,26,63,3.6,8,91.3,normale,"Excellent état, conservation parfaite",2,15,6,False,False,normal,pluvieux
2022-06-22 17:09:01,Clinique des Spécialités,B+,59,6,0,53,4.8,14,100.0,normale,"État satisfaisant, contrôle qualité OK",2,17,6,False,False,normal,ensoleillé
2022-06-22 17:57:34,Clinique des Spécialités,O+,45,8,0,37,3.8,7,100.0,normale,Urgent: vérifier température stockage,2,17,6,False,False,normal,pluvieux
2022-06-23 08:28:15,Clinique des Spécialités,B+,37,12,0,25,4.0,11,94.6,normale,Urgent: vérifier température stockage,3,8,6,False,False,normal,nuageux
2022-06-23 19:49:51,Clinique des Spécialités,A+,56,10,11,57,4.3,11,91.8,normale,Urgent: vérifier température stockage,3,19,6,False,False,normal,ensoleillé
2022-06-23 23:22:53,Clinique des Spécialités,B+,18,6,0,12,4.3,43,100.0,faible,Contrôle bactériologique négatif,3,23,6,False,False,normal,pluvieux
2022-06-24 09:16:07,Clinique des Spécialités,O+,37,7,0,30,4.3,13,100.0,normale,Contrôle bactériologique négatif,4,9,6,False,False,normal,ensoleillé
2022-06-24 15:49:31,Clinique des Spécialités,O+,78,5,0,73,3.9,58,92.8,normale,Contrôle bactériologique négatif,4,15,6,False,False,normal,nuageux
2022-06-24 20:23:33,Clinique des Spécialités,A+,65,13,0,52,5.0,10,100.0,normale,Urgent: vérifier température stockage,4,20,6,False,False,normal,ensoleillé
2022-06-25 17:53:54,Clinique des Spécialités,O+,23,4,0,19,4.9,3,81.4,faible,Urgent: vérifier température stockage,5,17,6,True,False,normal,ensoleillé
2022-06-25 18:27:14,Clinique des Spécialités,O-,44,6,0,38,4.1,5,100.0,normale,Urgent: vérifier température stockage,5,18,6,True,False,normal,ensoleillé
2022-06-26 02:19:25,Clinique des Spécialités,O+,14,6,0,8,3.8,6,90.8,critique,URGENT: Stock critique - Urgent: vérifier température stockage,6,2,6,True,False,normal,nuageux
2022-06-26 09:58:51,Clinique des Spécialités,A+,32,8,0,24,3.8,7,97.3,normale,Attention: proche expiration,6,9,6,True,False,normal,pluvieux
2022-06-26 19:37:19,Clinique des Spécialités,A+,38,8,0,30,3.4,7,100.0,normale,Urgent: vérifier température stockage,6,19,6,True,False,normal,pluvieux
2022-06-27 01:26:03,Clinique des Spécialités,B-,28,6,15,37,3.6,42,93.4,normale,"Bon état général, légère variation température",0,1,6,False,False,normal,nuageux
2022-06-27 06:17:26,Clinique des Spécialités,O+,43,5,14,52,3.3,1,61.3,attention,Hémoglobine dans les normes,0,6,6,False,False,normal,pluvieux
2022-06-27 09:46:01,Clinique des Spécialités,O+,60,4,0,56,3.7,9,99.5,normale,Contrôle bactériologique négatif,0,9,6,False,False,normal,pluvieux
2022-06-28 03:30:17,Clinique des Spécialités,A+,31,8,27,50,3.9,4,83.9,normale,"Excellent état, conservation parfaite",1,3,6,False,False,normal,nuageux
2022-06-28 12:02:22,Clinique des Spécialités,O+,65,10,0,55,4.7,37,100.0,normale,"Excellent état, conservation parfaite",1,12,6,False,False,normal,ensoleillé
2022-06-28 14:12:30,Clinique des Spécialités,O+,46,8,0,38,4.0,8,98.7,normale,Urgent: vérifier température stockage,1,14,6,False,False,normal,ensoleillé
2022-06-28 16:41:22,Clinique des Spécialités,A+,61,3,0,58,4.1,39,100.0,normale,"Bon état général, légère variation température",1,16,6,False,False,normal,nuageux
2022-06-28 17:34:28,Clinique des Spécialités,O+,41,12,0,29,4.4,35,97.7,normale,Contrôle bactériologique négatif,1,17,6,False,False,normal,orageux
2022-06-28 17:38:58,Clinique des Spécialités,B+,51,12,0,39,4.3,11,100.0,normale,Attention: proche expiration,1,17,6,False,False,normal,ensoleillé
2022-06-28 21:58:00,Clinique des Spécialités,A+,13,2,22,33,4.0,35,94.2,normale,"Excellent état, conservation parfaite",1,21,6,False,False,épidémie,ensoleillé
2022-06-29 06:49:48,Clinique des Spécialités,O+,43,9,23,57,3.2,16,92.8,normale,Attention: proche expiration,2,6,6,False,False,normal,ensoleillé
2022-06-30 07:28:40,Clinique des Spécialités,A+,29,12,26,43,3.7,28,94.4,normale,Contrôle bactériologique négatif,3,7,6,False,False,normal,nuageux
2022-06-30 17:06:48,Clinique des Spécialités,AB+,41,5,0,36,4.9,1,60.6,attention,Hémoglobine dans les normes,3,17,6,False,False,normal,pluvieux
2022-06-30 23:10:02,Clinique des Spécialités,AB+,10,9,0,1,3.7,2,85.9,critique,URGENT: Stock critique - Parfait pour transfusion immédiate,3,23,6,False,False,normal,ensoleillé
2022-06-30 23:23:33,Clinique des Spécialités,B-,25,13,21,33,4.8,23,100.0,normale,Contrôle bactériologique négatif,3,23,6,False,False,normal,ensoleillé
2022-07-01 18:25:27,Clinique des Spécialités,O+,34,10,0,24,4.2,14,99.7,normale,"Excellent état, conservation parfaite",4,18,7,False,True,normal,ensoleillé
2022-07-02 16:31:06,Clinique des Spécialités,O+,43,0,27,70,4.4,5,99.8,normale,Urgent: vérifier température stockage,5,16,7,True,True,normal,orageux
2022-07-03 08:07:33,Clinique des Spécialités,A+,32,7,0,25,4.2,16,97.6,normale,"Excellent état, conservation parfaite",6,8,7,True,True,normal,nuageux
2022-07-03 12:22:14,Clinique des Spécialités,A+,32,7,0,25,3.6,21,100.0,normale,Contrôle bactériologique négatif,6,12,7,True,True,normal,pluvieux
2022-07-04 00:12:40,Clinique des Spécialités,A+,21,9,16,28,4.8,1,59.9,attention,Urgent: vérifier température stockage,0,0,7,False,True,normal,orageux
2022-07-04 04:12:23,Clinique des Spécialités,O-,31,10,0,21,4.3,7,100.0,normale,"Excellent état, conservation parfaite",0,4,7,False,True,normal,ensoleillé
2022-07-04 04:35:39,Clinique des Spécialités,O+,40,5,25,60,4.3,4,88.0,normale,Contrôle bactériologique négatif,0,4,7,False,True,normal,ensoleillé
2022-07-05 06:48:00,Clinique des Spécialités,B+,22,2,0,20,4.2,21,100.0,normale,Urgent: vérifier température stockage,1,6,7,False,True,normal,orageux
2022-07-05 07:19:04,Clinique des Spécialités,A-,56,7,0,49,4.6,50,100.0,normale,"État satisfaisant, contrôle qualité OK",1,7,7,False,True,normal,ensoleillé
2022-07-05 08:31:24,Clinique des Spécialités,A+,52,9,0,43,4.1,16,99.9,normale,Urgent: vérifier température stockage,1,8,7,False,True,normal,ensoleillé
2022-07-05 09:25:43,Clinique des Spécialités,O+,58,5,17,70,3.9,13,93.4,normale,"Excellent état, conservation parfaite",1,9,7,False,True,normal,ensoleillé
2022-07-05 11:18:14,Clinique des Spécialités,AB+,50,11,0,39,4.6,11,97.4,normale,"Excellent état, conservation parfaite",1,11,7,False,True,normal,orageux
2022-07-05 18:25:26,Clinique des Spécialités,A+,47,9,0,38,3.6,3,92.1,normale,Hémoglobine dans les normes,1,18,7,False,True,normal,pluvieux
2022-07-05 20:04:00,Clinique des Spécialités,O+,46,5,13,54,3.7,32,96.3,normale,Urgent: vérifier température stockage,1,20,7,False,True,normal,nuageux
2022-07-05 20:32:27,Clinique des Spécialités,A+,24,14,0,10,3.9,7,96.8,faible,Urgent: vérifier température stockage,1,20,7,False,True,normal,pluvieux
2022-07-07 06:54:46,Clinique des Spécialités,AB+,107,12,0,95,3.4,2,81.0,normale,"Excellent état, conservation parfaite",3,6,7,False,True,normal,pluvieux
2022-07-08 10:05:36,Clinique des Spécialités,A+,46,12,0,34,3.8,7,94.0,normale,Attention: proche expiration,4,10,7,False,True,campagne_don,pluvieux
2022-07-08 10:15:52,Clinique des Spécialités,O+,35,15,0,20,4.3,1,60.2,attention,"Bon état général, légère variation température",4,10,7,False,True,normal,ensoleillé
2022-07-08 15:12:39,Clinique des Spécialités,B-,61,11,0,50,4.1,1,58.0,attention,"État satisfaisant, contrôle qualité OK",4,15,7,False,True,normal,pluvieux
2022-07-09 16:45:23,Clinique des Spécialités,A+,39,11,21,49,3.6,11,100.0,normale,Attention: proche expiration,5,16,7,True,True,normal,ensoleillé
2022-07-09 17:47:29,Clinique des Spécialités,O+,46,8,0,38,4.2,12,98.5,normale,Hémoglobine dans les normes,5,17,7,True,True,normal,pluvieux
2022-07-12 12:23:25,Clinique des Spécialités,A-,36,13,0,23,4.0,3,77.0,normale,Parfait pour transfusion immédiate,1,12,7,False,True,normal,pluvieux
2022-07-12 19:51:26,Clinique des Spécialités,B+,74,10,0,64,3.7,19,100.0,normale,Hémoglobine dans les normes,1,19,7,False,True,normal,pluvieux
2022-07-13 12:27:02,Clinique des Spécialités,O+,44,8,0,36,4.1,57,95.1,normale,Attention: proche expiration,2,12,7,False,True,normal,orageux
2022-07-13 22:19:16,Clinique des Spécialités,O+,73,13,19,79,4.4,23,100.0,normale,"Excellent état, conservation parfaite",2,22,7,False,True,normal,orageux
2022-07-14 02:24:04,Clinique des Spécialités,A+,25,8,24,41,3.8,21,100.0,normale,Contrôle bactériologique négatif,3,2,7,False,True,normal,ensoleillé
2022-07-14 17:09:21,Clinique des Spécialités,O+,67,6,0,61,4.2,33,100.0,normale,"Excellent état, conservation parfaite",3,17,7,False,True,normal,ensoleillé
2022-07-15 06:05:45,Clinique des Spécialités,A+,88,11,0,77,3.5,13,100.0,normale,"État satisfaisant, contrôle qualité OK",4,6,7,False,True,normal,pluvieux
2022-07-15 12:01:23,Clinique des Spécialités,O+,66,4,24,86,3.3,25,96.4,normale,Contrôle bactériologique négatif,4,12,7,False,True,normal,pluvieux
2022-07-15 18:34:14,Clinique des Spécialités,O+,22,9,0,13,4.3,7,100.0,faible,Contrôle bactériologique négatif,4,18,7,False,True,normal,pluvieux
2022-07-16 07:22:59,Clinique des Spécialités,O-,49,12,0,37,3.2,15,94.9,normale,Hémoglobine dans les normes,5,7,7,True,True,normal,ensoleillé
2022-07-17 08:33:52,Clinique des Spécialités,O-,42,9,19,52,4.0,43,95.3,normale,"État satisfaisant, contrôle qualité OK",6,8,7,True,True,normal,pluvieux
2022-07-18 03:42:30,Clinique des Spécialités,AB+,29,8,0,21,4.6,15,94.1,normale,"Excellent état, conservation parfaite",0,3,7,False,True,normal,ensoleillé
2022-07-18 16:15:20,Clinique des Spécialités,A+,87,6,0,81,3.6,4,84.1,normale,"Bon état général, légère variation température",0,16,7,False,True,normal,pluvieux
2022-07-19 00:43:52,Clinique des Spécialités,A-,22,12,0,10,5.5,5,100.0,faible,Hémoglobine dans les normes,1,0,7,False,True,normal,ensoleillé
2022-07-19 21:06:06,Clinique des Spécialités,O+,57,12,24,69,3.8,5,100.0,normale,Attention: proche expiration,1,21,7,False,True,normal,nuageux
2022-07-20 04:09:09,Clinique des Spécialités,B+,20,15,0,5,4.3,19,100.0,critique,"URGENT: Stock critique - Excellent état, conservation parfaite",2,4,7,False,True,normal,pluvieux
2022-07-20 13:54:59,Clinique des Spécialités,AB+,50,10,0,40,4.5,6,100.0,normale,Contrôle bactériologique négatif,2,13,7,False,True,normal,orageux
2022-07-21 08:42:49,Clinique des Spécialités,O+,75,7,0,68,4.6,8,100.0,normale,"Excellent état, conservation parfaite",3,8,7,False,True,normal,ensoleillé
2022-07-21 12:03:22,Clinique des Spécialités,O-,70,3,0,67,4.5,1,55.8,attention,"Excellent état, conservation parfaite",3,12,7,False,True,normal,nuageux
2022-07-22 06:20:31,Clinique des Spécialités,A+,58,9,0,49,4.6,34,100.0,normale,"Bon état général, légère variation température",4,6,7,False,True,normal,ensoleillé
2022-07-22 10:14:25,Clinique des Spécialités,A+,87,15,0,72,4.4,22,95.3,normale,Parfait pour transfusion immédiate,4,10,7,False,True,normal,nuageux
2022-07-22 23:02:20,Clinique des Spécialités,O+,29,11,0,18,3.7,5,97.6,faible,Attention: proche expiration,4,23,7,False,True,normal,orageux
2022-07-23 05:47:39,Clinique des Spécialités,B+,13,3,0,10,3.8,33,94.7,faible,"Excellent état, conservation parfaite",5,5,7,True,True,normal,ensoleillé
2022-07-23 15:29:16,Clinique des Spécialités,O+,56,2,0,54,3.6,24,100.0,normale,"Bon état général, légère variation température",5,15,7,True,True,normal,ensoleillé
2022-07-23 22:26:07,Clinique des Spécialités,A+,39,8,0,31,3.4,34,97.1,normale,Urgent: vérifier température stockage,5,22,7,True,True,normal,orageux
2022-07-24 01:51:30,Clinique des Spécialités,O+,6,6,0,0,3.4,6,100.0,critique,URGENT: Stock critique - Attention: proche expiration,6,1,7,True,True,normal,ensoleillé
2022-07-24 06:33:42,Clinique des Spécialités,O+,23,7,0,16,3.6,4,90.3,faible,Contrôle bactériologique négatif,6,6,7,True,True,normal,ensoleillé
2022-07-24 13:11:38,Clinique des Spécialités,O+,49,5,0,44,4.2,14,89.4,normale,"État satisfaisant, contrôle qualité OK",6,13,7,True,True,épidémie,ensoleillé
2022-07-25 08:04:05,Clinique des Spécialités,A+,72,17,15,70,4.2,28,99.8,normale,"État satisfaisant, contrôle qualité OK",0,8,7,False,True,normal,nuageux
2022-07-25 10:00:07,Clinique des Spécialités,O+,72,11,26,87,3.8,39,99.2,normale,Parfait pour transfusion immédiate,0,10,7,False,True,accident_route,ensoleillé
2022-07-25 11:01:23,Clinique des Spécialités,A+,73,3,24,94,3.4,49,97.8,normale,Attention: proche expiration,0,11,7,False,True,normal,pluvieux
2022-07-25 11:01:34,Clinique des Spécialités,O-,44,13,18,49,4.2,18,99.3,normale,Urgent: vérifier température stockage,0,11,7,False,True,normal,pluvieux
2022-07-25 17:43:27,Clinique des Spécialités,B+,51,11,13,53,3.2,2,80.5,normale,"Excellent état, conservation parfaite",0,17,7,False,True,normal,ensoleillé
2022-07-26 07:24:48,Clinique des Spécialités,A+,54,7,19,66,3.8,3,83.1,normale,Attention: proche expiration,1,7,7,False,True,normal,pluvieux
2022-07-26 11:09:45,Clinique des Spécialités,A+,65,9,0,56,3.7,6,91.3,normale,Contrôle bactériologique négatif,1,11,7,False,True,normal,orageux
2022-07-26 19:23:30,Clinique des Spécialités,A+,51,7,0,44,3.6,22,100.0,normale,"Bon état général, légère variation température",1,19,7,False,True,normal,nuageux
2022-07-26 22:44:09,Clinique des Spécialités,O+,64,4,0,60,4.4,13,100.0,normale,"Excellent état, conservation parfaite",1,22,7,False,True,normal,pluvieux
2022-07-26 23:59:12,Clinique des Spécialités,O+,30,9,0,21,4.3,4,76.8,normale,Hémoglobine dans les normes,1,23,7,False,True,normal,orageux
2022-07-27 04:02:02,Clinique des Spécialités,A+,44,9,0,35,5.0,9,95.9,normale,"Bon état général, légère variation température",2,4,7,False,True,normal,ensoleillé
2022-07-28 11:15:19,Clinique des Spécialités,A+,65,10,0,55,3.6,26,94.6,normale,Hémoglobine dans les normes,3,11,7,False,True,normal,ensoleillé
2022-07-28 14:21:30,Clinique des Spécialités,A+,100,10,0,90,3.2,8,100.0,normale,Attention: proche expiration,3,14,7,False,True,normal,orageux
2022-07-28 21:00:46,Clinique des Spécialités,A+,81,11,0,70,5.2,18,100.0,normale,Hémoglobine dans les normes,3,21,7,False,True,normal,ensoleillé
2022-07-28 23:56:10,Clinique des Spécialités,O+,27,7,0,20,3.9,43,99.1,normale,Contrôle bactériologique négatif,3,23,7,False,True,normal,nuageux
2022-07-29 03:11:31,Clinique des Spécialités,A+,38,8,0,30,3.3,34,100.0,normale,"Excellent état, conservation parfaite",4,3,7,False,True,normal,ensoleillé
2022-07-29 06:21:08,Clinique des Spécialités,O-,48,10,0,38,4.3,4,77.7,normale,Attention: proche expiration,4,6,7,False,True,normal,nuageux
2022-07-29 12:48:39,Clinique des Spécialités,A-,48,15,0,33,4.6,1,60.0,attention,Parfait pour transfusion immédiate,4,12,7,False,True,normal,ensoleillé
2022-07-29 18:42:02,Clinique des Spécialités,O+,65,0,0,65,4.4,22,99.7,normale,Attention: proche expiration,4,18,7,False,True,normal,ensoleillé
2022-07-30 10:52:09,Clinique des Spécialités,B-,45,7,0,38,4.6,9,96.2,normale,Attention: proche expiration,5,10,7,True,True,épidémie,nuageux
2022-07-30 17:35:31,Clinique des Spécialités,B+,45,6,23,62,4.2,16,95.1,normale,"État satisfaisant, contrôle qualité OK",5,17,7,True,True,normal,orageux
2022-07-30 20:21:43,Clinique des Spécialités,O-,43,7,0,36,3.9,13,100.0,normale,Attention: proche expiration,5,20,7,True,True,urgence_médicale,nuageux
2022-07-31 06:05:08,Clinique des Spécialités,O+,21,5,0,16,4.2,3,80.8,faible,Urgent: vérifier température stockage,6,6,7,True,True,normal,pluvieux
2022-07-31 18:38:34,Clinique des Spécialités,O+,55,1,0,54,4.5,31,99.3,normale,Parfait pour transfusion immédiate,6,18,7,True,True,normal,ensoleillé
2022-07-31 22:03:06,Clinique des Spécialités,O+,33,7,0,26,3.4,4,86.2,normale,"Bon état général, légère variation température",6,22,7,True,True,normal,pluvieux
2022-08-01 07:11:06,Clinique des Spécialités,O+,54,11,0,43,4.0,5,96.0,normale,"Bon état général, légère variation température",0,7,8,False,True,normal,nuageux
2022-08-01 09:00:34,Clinique des Spécialités,O+,52,13,15,54,4.9,13,100.0,normale,Parfait pour transfusion immédiate,0,9,8,False,True,normal,ensoleillé
2022-08-01 10:19:19,Clinique des Spécialités,AB+,55,3,27,79,3.8,1,60.5,attention,"État satisfaisant, contrôle qualité OK",0,10,8,False,True,normal,nuageux
2022-08-01 12:11:48,Clinique des Spécialités,A+,26,6,21,41,4.5,32,98.5,normale,Parfait pour transfusion immédiate,0,12,8,False,True,normal,pluvieux
2022-08-02 14:55:05,Clinique des Spécialités,O+,84,7,27,104,3.9,1,57.2,attention,Attention: proche expiration,1,14,8,False,True,normal,orageux
2022-08-02 21:25:42,Clinique des Spécialités,O+,58,7,0,51,4.2,31,100.0,normale,Hémoglobine dans les normes,1,21,8,False,True,accident_route,orageux
2022-08-03 00:49:14,Clinique des Spécialités,A+,34,10,0,24,3.7,10,100.0,normale,Hémoglobine dans les normes,2,0,8,False,True,normal,orageux
2022-08-03 16:57:54,Clinique des Spécialités,O-,66,4,18,80,3.9,18,94.7,normale,Hémoglobine dans les normes,2,16,8,False,True,normal,ensoleillé
2022-08-03 18:19:35,Clinique des Spécialités,O+,54,10,0,44,4.0,23,97.9,normale,"Bon état général, légère variation température",2,18,8,False,True,urgence_médicale,pluvieux
2022-08-04 07:42:00,Clinique des Spécialités,O+,82,8,0,74,3.7,43,100.0,normale,Attention: proche expiration,3,7,8,False,True,normal,orageux
2022-08-05 15:35:57,Clinique des Spécialités,A+,82,11,21,92,4.1,14,100.0,normale,"Excellent état, conservation parfaite",4,15,8,False,True,normal,pluvieux
2022-08-07 22:11:29,Clinique des Spécialités,A+,27,5,0,22,4.4,2,82.2,normale,"État satisfaisant, contrôle qualité OK",6,22,8,True,True,normal,pluvieux
2022-08-08 13:28:44,Clinique des Spécialités,A+,65,14,13,64,4.6,37,98.4,normale,Parfait pour transfusion immédiate,0,13,8,False,True,accident_route,nuageux
2022-08-08 16:30:02,Clinique des Spécialités,B+,69,10,0,59,3.8,19,100.0,normale,Attention: proche expiration,0,16,8,False,True,normal,pluvieux
2022-08-08 19:28:41,Clinique des Spécialités,O+,70,11,0,59,3.8,2,84.0,normale,Urgent: vérifier température stockage,0,19,8,False,True,urgence_médicale,nuageux
2022-08-09 03:58:37,Clinique des Spécialités,A+,26,8,17,35,4.9,20,100.0,normale,Attention: proche expiration,1,3,8,False,True,normal,ensoleillé
2022-08-09 16:53:00,Clinique des Spécialités,O-,55,3,15,67,3.8,24,100.0,normale,Urgent: vérifier température stockage,1,16,8,False,True,normal,orageux
2022-08-09 21:14:15,Clinique des Spécialités,B-,59,9,0,50,5.0,3,98.5,normale,"État satisfaisant, contrôle qualité OK",1,21,8,False,True,normal,nuageux
2022-08-10 02:45:40,Clinique des Spécialités,A-,7,7,0,0,3.9,3,86.8,critique,"URGENT: Stock critique - Bon état général, légère variation température",2,2,8,False,True,normal,pluvieux
2022-08-10 07:18:31,Clinique des Spécialités,A-,82,13,0,69,3.8,20,91.0,normale,"Excellent état, conservation parfaite",2,7,8,False,True,normal,orageux
2022-08-10 07:26:29,Clinique des Spécialités,O+,47,2,27,72,4.5,24,99.8,normale,"État satisfaisant, contrôle qualité OK",2,7,8,False,True,normal,ensoleillé
2022-08-10 13:25:51,Clinique des Spécialités,A+,89,9,0,80,3.6,5,100.0,normale,Hémoglobine dans les normes,2,13,8,False,True,normal,ensoleillé
2022-08-11 03:32:52,Clinique des Spécialités,A+,11,10,0,1,3.8,87,89.4,critique,"URGENT: Stock critique - Bon état général, légère variation température",3,3,8,False,True,normal,nuageux
2022-08-11 12:31:10,Clinique des Spécialités,O+,66,5,30,91,3.9,2,82.9,normale,"Bon état général, légère variation température",3,12,8,False,True,normal,pluvieux
2022-08-11 13:11:11,Clinique des Spécialités,O-,76,11,16,81,4.0,34,99.2,normale,"Excellent état, conservation parfaite",3,13,8,False,True,campagne_don,pluvieux
2022-08-11 20:27:33,Clinique des Spécialités,A+,23,17,18,24,4.1,6,98.0,normale,"Excellent état, conservation parfaite",3,20,8,False,True,normal,pluvieux
2022-08-11 22:53:56,Clinique des Spécialités,O+,56,7,0,49,4.3,2,96.0,normale,Parfait pour transfusion immédiate,3,22,8,False,True,normal,nuageux
2022-08-12 01:33:33,Clinique des Spécialités,O+,35,6,0,29,3.8,5,89.3,normale,Contrôle bactériologique négatif,4,1,8,False,True,normal,nuageux
2022-08-12 05:07:58,Clinique des Spécialités,O+,33,15,0,18,3.6,7,95.8,faible,Contrôle bactériologique négatif,4,5,8,False,True,normal,ensoleillé
2022-08-12 10:54:44,Clinique des Spécialités,O+,33,7,0,26,4.2,15,99.2,normale,"Bon état général, légère variation température",4,10,8,False,True,normal,ensoleillé
2022-08-12 18:39:51,Clinique des Spécialités,A+,38,4,0,34,4.1,59,100.0,normale,"Bon état général, légère variation température",4,18,8,False,True,normal,nuageux
2022-08-12 21:45:56,Clinique des Spécialités,O+,50,8,0,42,4.1,74,95.8,normale,Hémoglobine dans les normes,4,21,8,False,True,normal,nuageux
2022-08-13 11:25:39,Clinique des Spécialités,O+,37,3,0,34,4.0,19,95.1,normale,Hémoglobine dans les normes,5,11,8,True,True,normal,nuageux
2022-08-13 18:34:57,Clinique des Spécialités,A+,27,7,0,20,4.0,16,95.2,normale,Urgent: vérifier température stockage,5,18,8,True,True,normal,ensoleillé
2022-08-13 20:57:16,Clinique des Spécialités,A+,24,7,0,17,4.0,5,95.7,faible,Attention: proche expiration,5,20,8,True,True,normal,ensoleillé
2022-08-13 23:52:15,Clinique des Spécialités,A-,18,6,15,27,4.7,24,100.0,normale,Urgent: vérifier température stockage,5,23,8,True,True,normal,orageux
2022-08-14 18:09:30,Clinique des Spécialités,O+,59,4,0,55,4.6,11,98.7,normale,Urgent: vérifier température stockage,6,18,8,True,True,normal,orageux
2022-08-15 07:16:33,Clinique des Spécialités,B+,50,6,0,44,3.8,7,98.5,normale,"État satisfaisant, contrôle qualité OK",0,7,8,False,True,normal,pluvieux
2022-08-15 18:58:05,Clinique des Spécialités,O+,54,7,0,47,3.8,27,97.6,normale,Contrôle bactériologique négatif,0,18,8,False,True,normal,orageux
2022-08-16 10:47:50,Clinique des Spécialités,O-,66,10,23,79,3.3,8,100.0,normale,Attention: proche expiration,1,10,8,False,True,normal,pluvieux
2022-08-17 11:47:32,Clinique des Spécialités,O-,69,12,20,77,4.0,28,98.5,normale,Parfait pour transfusion immédiate,2,11,8,False,True,normal,orageux
2022-08-17 18:47:58,Clinique des Spécialités,O+,45,8,13,50,4.5,37,100.0,normale,Hémoglobine dans les normes,2,18,8,False,True,normal,ensoleillé
2022-08-18 11:15:20,Clinique des Spécialités,B+,35,9,0,26,4.8,26,99.7,normale,Hémoglobine dans les normes,3,11,8,False,True,normal,nuageux
2022-08-18 15:07:41,Clinique des Spécialités,A+,62,10,0,52,4.5,3,87.5,normale,"État satisfaisant, contrôle qualité OK",3,15,8,False,True,normal,ensoleillé
2022-08-18 17:57:51,Clinique des Spécialités,A+,71,9,0,62,4.1,13,100.0,normale,Urgent: vérifier température stockage,3,17,8,False,True,normal,pluvieux
2022-08-20 17:45:15,Clinique des Spécialités,A+,57,7,0,50,4.7,12,93.7,normale,"État satisfaisant, contrôle qualité OK",5,17,8,True,True,normal,ensoleillé
2022-08-20 19:21:13,Clinique des Spécialités,A-,22,7,0,15,4.5,3,86.9,faible,"Excellent état, conservation parfaite",5,19,8,True,True,normal,ensoleillé
2022-08-20 21:29:03,Clinique des Spécialités,A-,54,4,0,50,3.4,6,97.4,normale,Urgent: vérifier température stockage,5,21,8,True,True,normal,pluvieux
2022-08-21 01:52:12,Clinique des Spécialités,O+,16,8,0,8,4.6,43,100.0,critique,"URGENT: Stock critique - Excellent état, conservation parfaite",6,1,8,True,True,normal,ensoleillé
2022-08-21 03:20:49,Clinique des Spécialités,O-,21,8,0,13,2.9,18,99.7,faible,Parfait pour transfusion immédiate,6,3,8,True,True,normal,orageux
2022-08-21 10:31:25,Clinique des Spécialités,A+,47,10,21,58,4.6,35,93.6,normale,Parfait pour transfusion immédiate,6,10,8,True,True,normal,ensoleillé
2022-08-21 12:10:18,Clinique des Spécialités,A-,16,2,0,14,4.6,5,100.0,faible,Urgent: vérifier température stockage,6,12,8,True,True,normal,ensoleillé
2022-08-21 19:47:13,Clinique des Spécialités,O+,29,5,0,24,3.2,6,96.8,normale,Hémoglobine dans les normes,6,19,8,True,True,normal,nuageux
2022-08-21 22:19:36,Clinique des Spécialités,B+,36,1,22,57,4.0,21,100.0,normale,Parfait pour transfusion immédiate,6,22,8,True,True,normal,ensoleillé
2022-08-22 05:19:41,Clinique des Spécialités,A-,30,10,0,20,3.7,16,100.0,normale,"État satisfaisant, contrôle qualité OK",0,5,8,False,True,normal,ensoleillé
2022-08-22 06:02:35,Clinique des Spécialités,A+,50,13,0,37,3.6,2,83.2,normale,"Excellent état, conservation parfaite",0,6,8,False,True,normal,pluvieux
2022-08-23 07:09:04,Clinique des Spécialités,O-,95,7,0,88,4.4,16,100.0,normale,Contrôle bactériologique négatif,1,7,8,False,True,accident_route,pluvieux
2022-08-23 10:44:10,Clinique des Spécialités,O+,48,9,17,56,4.2,9,100.0,normale,Attention: proche expiration,1,10,8,False,True,normal,ensoleillé
2022-08-23 23:19:41,Clinique des Spécialités,O+,22,7,0,15,4.7,6,99.4,faible,Urgent: vérifier température stockage,1,23,8,False,True,normal,ensoleillé
2022-08-24 09:09:36,Clinique des Spécialités,A+,80,8,0,72,4.6,26,100.0,normale,"Bon état général, légère variation température",2,9,8,False,True,normal,ensoleillé
2022-08-25 01:11:29,Clinique des Spécialités,A+,26,7,30,49,4.0,4,83.7,normale,Hémoglobine dans les normes,3,1,8,False,True,normal,orageux
2022-08-25 18:33:58,Clinique des Spécialités,O+,56,8,0,48,4.3,4,83.8,normale,"Bon état général, légère variation température",3,18,8,False,True,normal,ensoleillé
2022-08-26 07:06:18,Clinique des Spécialités,AB+,69,10,19,78,4.5,1,61.6,attention,"État satisfaisant, contrôle qualité OK",4,7,8,False,True,normal,ensoleillé
2022-08-27 01:28:51,Clinique des Spécialités,O+,29,7,0,22,5.6,1,62.8,attention,Contrôle bactériologique négatif,5,1,8,True,True,normal,pluvieux
2022-08-27 04:25:40,Clinique des Spécialités,B+,33,4,0,29,3.2,5,97.4,normale,Parfait pour transfusion immédiate,5,4,8,True,True,normal,ensoleillé
2022-08-27 07:35:58,Clinique des Spécialités,A+,39,8,0,31,3.7,1,63.5,attention,Contrôle bactériologique négatif,5,7,8,True,True,normal,ensoleillé
2022-08-27 12:29:03,Clinique des Spécialités,A+,21,8,19,32,3.6,27,94.6,normale,"Bon état général, légère variation température",5,12,8,True,True,normal,ensoleillé
2022-08-28 03:04:44,Clinique des Spécialités,A-,37,11,0,26,3.5,16,100.0,normale,Attention: proche expiration,6,3,8,True,True,normal,ensoleillé
2022-08-28 10:21:07,Clinique des Spécialités,O+,43,9,0,34,4.5,26,100.0,normale,Hémoglobine dans les normes,6,10,8,True,True,normal,pluvieux
2022-08-28 21:40:51,Clinique des Spécialités,A+,41,7,0,34,3.5,10,93.4,normale,"État satisfaisant, contrôle qualité OK",6,21,8,True,True,normal,nuageux
2022-08-28 22:55:34,Clinique des Spécialités,O-,48,10,15,53,4.9,20,100.0,normale,"Bon état général, légère variation température",6,22,8,True,True,normal,ensoleillé
2022-08-29 05:35:48,Clinique des Spécialités,A+,38,4,22,56,3.3,1,58.6,attention,"État satisfaisant, contrôle qualité OK",0,5,8,False,True,normal,ensoleillé
2022-08-29 17:04:59,Clinique des Spécialités,A+,91,9,24,106,3.1,1,51.4,attention,Urgent: vérifier température stockage,0,17,8,False,True,normal,ensoleillé
2022-08-30 02:25:18,Clinique des Spécialités,B+,21,6,0,15,4.6,5,100.0,faible,"Excellent état, conservation parfaite",1,2,8,False,True,normal,ensoleillé
2022-08-30 07:49:34,Clinique des Spécialités,A+,75,17,15,73,4.8,3,91.0,normale,"Excellent état, conservation parfaite",1,7,8,False,True,campagne_don,ensoleillé
2022-08-30 08:48:08,Clinique des Spécialités,A+,44,9,12,47,3.0,5,100.0,normale,"État satisfaisant, contrôle qualité OK",1,8,8,False,True,normal,nuageux
2022-08-31 20:17:33,Clinique des Spécialités,O+,61,3,0,58,4.2,21,98.8,normale,Urgent: vérifier température stockage,2,20,8,False,True,normal,pluvieux
2022-08-31 21:25:43,Clinique des Spécialités,O+,65,13,0,52,4.8,21,94.2,normale,"Bon état général, légère variation température",2,21,8,False,True,normal,ensoleillé
2022-09-01 01:17:21,Clinique des Spécialités,A+,26,8,18,36,3.7,19,100.0,normale,Urgent: vérifier température stockage,3,1,9,False,False,normal,ensoleillé
2022-09-01 09:17:41,Clinique des Spécialités,A+,61,6,0,55,4.5,25,93.6,normale,Attention: proche expiration,3,9,9,False,False,normal,pluvieux
2022-09-01 11:43:45,Clinique des Spécialités,O+,41,10,0,31,3.5,3,83.1,normale,Contrôle bactériologique négatif,3,11,9,False,False,normal,ensoleillé
2022-09-01 19:43:16,Clinique des Spécialités,A+,69,3,0,66,4.2,34,100.0,normale,Urgent: vérifier température stockage,3,19,9,False,False,normal,orageux
2022-09-01 19:48:42,Clinique des Spécialités,A+,47,10,0,37,3.5,8,100.0,normale,"Excellent état, conservation parfaite",3,19,9,False,False,normal,orageux
2022-09-02 00:48:03,Clinique des Spécialités,O-,16,9,0,7,3.6,1,62.7,critique,"URGENT: Stock critique - Excellent état, conservation parfaite",4,0,9,False,False,normal,orageux
2022-09-02 00:48:42,Clinique des Spécialités,AB+,14,8,0,6,4.2,5,99.2,critique,URGENT: Stock critique - Parfait pour transfusion immédiate,4,0,9,False,False,normal,orageux
2022-09-03 11:48:50,Clinique des Spécialités,O+,46,0,0,46,3.8,1,54.7,attention,Parfait pour transfusion immédiate,5,11,9,True,False,campagne_don,ensoleillé
2022-09-03 13:58:12,Clinique des Spécialités,B-,18,4,13,27,4.1,3,75.2,normale,Hémoglobine dans les normes,5,13,9,True,False,normal,ensoleillé
2022-09-03 16:52:38,Clinique des Spécialités,B+,37,2,0,35,3.9,6,95.9,normale,"Excellent état, conservation parfaite",5,16,9,True,False,épidémie,pluvieux
2022-09-04 16:26:53,Clinique des Spécialités,A+,32,1,0,31,3.5,13,98.5,normale,"Excellent état, conservation parfaite",6,16,9,True,False,normal,orageux
2022-09-05 01:01:32,Clinique des Spécialités,B-,21,9,0,12,4.6,4,79.5,faible,"État satisfaisant, contrôle qualité OK",0,1,9,False,False,normal,nuageux
2022-09-05 09:49:48,Clinique des Spécialités,B+,43,14,0,29,4.0,13,95.0,normale,"État satisfaisant, contrôle qualité OK",0,9,9,False,False,normal,pluvieux
2022-09-06 08:33:44,Clinique des Spécialités,A+,28,6,0,22,3.5,27,100.0,normale,Hémoglobine dans les normes,1,8,9,False,False,normal,nuageux
2022-09-06 21:52:42,Clinique des Spécialités,A+,36,11,0,25,3.9,2,89.9,normale,"État satisfaisant, contrôle qualité OK",1,21,9,False,False,normal,ensoleillé
2022-09-07 01:02:51,Clinique des Spécialités,O+,18,7,0,11,3.7,3,91.7,faible,"État satisfaisant, contrôle qualité OK",2,1,9,False,False,normal,ensoleillé
2022-09-07 22:49:27,Clinique des Spécialités,B+,50,10,0,40,3.9,5,95.4,normale,"Excellent état, conservation parfaite",2,22,9,False,False,normal,ensoleillé
2022-09-09 17:11:30,Clinique des Spécialités,B+,44,9,0,35,4.1,2,80.8,normale,Parfait pour transfusion immédiate,4,17,9,False,False,normal,ensoleillé
2022-09-09 18:42:24,Clinique des Spécialités,A+,28,6,0,22,3.3,1,56.2,attention,"Bon état général, légère variation température",4,18,9,False,False,normal,ensoleillé
2022-09-09 22:56:07,Clinique des Spécialités,B+,59,8,20,71,3.6,25,100.0,normale,"Excellent état, conservation parfaite",4,22,9,False,False,normal,ensoleillé
2022-09-10 08:29:36,Clinique des Spécialités,O+,40,2,20,58,4.4,4,79.4,normale,"Excellent état, conservation parfaite",5,8,9,True,False,normal,nuageux
2022-09-10 11:21:44,Clinique des Spécialités,O+,44,8,0,36,3.7,47,99.8,normale,Contrôle bactériologique négatif,5,11,9,True,False,normal,pluvieux
2022-09-10 12:07:19,Clinique des Spécialités,A+,41,6,0,35,3.5,5,100.0,normale,"Excellent état, conservation parfaite",5,12,9,True,False,normal,nuageux
2022-09-10 12:59:39,Clinique des Spécialités,A+,50,8,23,65,4.3,2,88.8,normale,Contrôle bactériologique négatif,5,12,9,True,False,normal,nuageux
2022-09-10 23:12:27,Clinique des Spécialités,O+,24,5,0,19,3.5,11,100.0,faible,Attention: proche expiration,5,23,9,True,False,normal,ensoleillé
2022-09-12 05:06:51,Clinique des Spécialités,O+,38,11,0,27,3.7,5,96.1,normale,"État satisfaisant, contrôle qualité OK",0,5,9,False,False,normal,nuageux
2022-09-12 07:50:45,Clinique des Spécialités,A+,74,5,20,89,4.1,10,100.0,normale,Urgent: vérifier température stockage,0,7,9,False,False,normal,pluvieux
2022-09-12 16:59:45,Clinique des Spécialités,A+,55,6,0,49,3.7,21,98.7,normale,Hémoglobine dans les normes,0,16,9,False,False,normal,ensoleillé
2022-09-12 17:43:35,Clinique des Spécialités,AB+,37,3,0,34,4.7,14,95.6,normale,Urgent: vérifier température stockage,0,17,9,False,False,normal,orageux
2022-09-12 20:33:21,Clinique des Spécialités,A+,73,4,0,69,4.0,75,95.6,normale,Hémoglobine dans les normes,0,20,9,False,False,normal,pluvieux
2022-09-13 23:06:10,Clinique des Spécialités,O+,29,1,22,50,4.1,27,98.1,normale,Attention: proche expiration,1,23,9,False,False,normal,nuageux
2022-09-14 11:22:29,Clinique des Spécialités,A+,70,2,0,68,4.6,29,100.0,normale,Urgent: vérifier température stockage,2,11,9,False,False,normal,nuageux
2022-09-14 15:38:00,Clinique des Spécialités,O+,33,7,0,26,4.3,24,99.7,normale,Parfait pour transfusion immédiate,2,15,9,False,False,normal,orageux
2022-09-14 23:30:30,Clinique des Spécialités,A+,23,9,0,14,3.4,24,100.0,faible,Hémoglobine dans les normes,2,23,9,False,False,normal,pluvieux
2022-09-15 04:21:28,Clinique des Spécialités,O+,22,4,0,18,3.1,6,98.4,faible,"État satisfaisant, contrôle qualité OK",3,4,9,False,False,normal,nuageux
2022-09-15 05:25:36,Clinique des Spécialités,A+,40,11,17,46,3.9,2,85.5,normale,Hémoglobine dans les normes,3,5,9,False,False,normal,ensoleillé
2022-09-15 12:32:16,Clinique des Spécialités,A+,51,9,0,42,3.5,15,100.0,normale,"État satisfaisant, contrôle qualité OK",3,12,9,False,False,normal,pluvieux
2022-09-15 15:58:11,Clinique des Spécialités,B-,44,13,0,31,4.0,4,84.6,normale,"Excellent état, conservation parfaite",3,15,9,False,False,normal,ensoleillé
2022-09-16 16:19:43,Clinique des Spécialités,O+,39,3,0,36,4.5,6,99.1,normale,Parfait pour transfusion immédiate,4,16,9,False,False,normal,pluvieux
2022-09-16 23:46:00,Clinique des Spécialités,A+,21,5,20,36,4.9,8,95.9,normale,"Excellent état, conservation parfaite",4,23,9,False,False,normal,pluvieux
2022-09-17 01:03:40,Clinique des Spécialités,O-,21,2,21,40,3.1,2,79.2,normale,Contrôle bactériologique négatif,5,1,9,True,False,normal,pluvieux
2022-09-17 22:18:57,Clinique des Spécialités,A+,28,4,0,24,3.6,21,100.0,normale,Parfait pour transfusion immédiate,5,22,9,True,False,normal,ensoleillé
2022-09-17 22:27:00,Clinique des Spécialités,O+,25,5,0,20,4.6,11,100.0,normale,"État satisfaisant, contrôle qualité OK",5,22,9,True,False,normal,orageux
2022-09-18 08:27:10,Clinique des Spécialités,A+,27,8,30,49,4.0,36,95.7,normale,"État satisfaisant, contrôle qualité OK",6,8,9,True,False,normal,pluvieux
2022-09-18 14:14:34,Clinique des Spécialités,A-,33,4,22,51,3.7,1,63.1,attention,Hémoglobine dans les normes,6,14,9,True,False,normal,ensoleillé
2022-09-18 21:12:28,Clinique des Spécialités,A-,48,3,0,45,3.5,37,100.0,normale,Attention: proche expiration,6,21,9,True,False,normal,nuageux
2022-09-19 04:46:53,Clinique des Spécialités,O+,30,7,0,23,3.3,2,84.1,normale,Urgent: vérifier température stockage,0,4,9,False,False,normal,nuageux
2022-09-20 05:12:47,Clinique des Spécialités,A+,22,10,0,12,3.4,8,93.4,faible,"État satisfaisant, contrôle qualité OK",1,5,9,False,False,normal,nuageux
2022-09-20 11:51:19,Clinique des Spécialités,O+,69,1,15,83,3.9,13,94.8,normale,Hémoglobine dans les normes,1,11,9,False,False,normal,pluvieux
2022-09-20 18:22:51,Clinique des Spécialités,A+,40,4,0,36,4.6,5,99.7,normale,Attention: proche expiration,1,18,9,False,False,normal,pluvieux
2022-09-21 12:43:58,Clinique des Spécialités,A+,50,9,0,41,2.9,3,88.7,normale,Urgent: vérifier température stockage,2,12,9,False,False,normal,ensoleillé
2022-09-21 19:44:07,Clinique des Spécialités,O-,87,2,0,85,4.0,4,77.4,normale,Contrôle bactériologique négatif,2,19,9,False,False,normal,pluvieux
2022-09-21 22:47:26,Clinique des Spécialités,A+,20,11,0,9,4.2,24,97.9,critique,URGENT: Stock critique - Hémoglobine dans les normes,2,22,9,False,False,normal,orageux
2022-09-22 03:13:47,Clinique des Spécialités,O+,21,3,0,18,3.9,18,94.3,faible,Contrôle bactériologique négatif,3,3,9,False,False,normal,pluvieux
2022-09-22 06:43:45,Clinique des Spécialités,O+,43,8,13,48,4.4,27,100.0,normale,Contrôle bactériologique négatif,3,6,9,False,False,normal,ensoleillé
2022-09-22 08:22:33,Clinique des Spécialités,O+,20,8,0,12,5.0,6,100.0,faible,"Bon état général, légère variation température",3,8,9,False,False,normal,nuageux
2022-09-23 01:00:36,Clinique des Spécialités,O+,14,4,0,10,4.3,4,82.5,faible,Attention: proche expiration,4,1,9,False,False,normal,pluvieux
2022-09-23 01:28:57,Clinique des Spécialités,A+,26,7,18,37,3.7,3,89.6,normale,"Bon état général, légère variation température",4,1,9,False,False,urgence_médicale,nuageux
2022-09-23 10:21:09,Clinique des Spécialités,A+,52,6,0,46,3.5,14,100.0,normale,Attention: proche expiration,4,10,9,False,False,normal,nuageux
2022-09-24 03:51:19,Clinique des Spécialités,O+,11,4,13,20,4.0,34,100.0,normale,"État satisfaisant, contrôle qualité OK",5,3,9,True,False,normal,pluvieux
2022-09-24 11:26:11,Clinique des Spécialités,A+,47,7,0,40,4.2,6,100.0,normale,Parfait pour transfusion immédiate,5,11,9,True,False,normal,orageux
2022-09-26 02:29:18,Clinique des Spécialités,B+,23,9,0,14,3.8,13,96.5,faible,"Bon état général, légère variation température",0,2,9,False,False,normal,ensoleillé
2022-09-26 03:29:23,Clinique des Spécialités,O+,30,7,16,39,3.5,1,64.7,attention,"Excellent état, conservation parfaite",0,3,9,False,False,normal,nuageux
2022-09-26 12:04:29,Clinique des Spécialités,A-,30,8,0,22,3.2,5,92.7,normale,"État satisfaisant, contrôle qualité OK",0,12,9,False,False,normal,nuageux
2022-09-26 13:14:15,Clinique des Spécialités,O-,53,6,0,47,4.2,36,98.3,normale,"État satisfaisant, contrôle qualité OK",0,13,9,False,False,normal,pluvieux
2022-09-26 20:53:06,Clinique des Spécialités,A-,49,6,0,43,4.3,13,94.2,normale,"Bon état général, légère variation température",0,20,9,False,False,normal,pluvieux
2022-09-27 15:41:10,Clinique des Spécialités,O+,61,7,0,54,3.9,9,96.0,normale,"État satisfaisant, contrôle qualité OK",1,15,9,False,False,normal,nuageux
2022-09-27 16:20:50,Clinique des Spécialités,B+,33,9,0,24,4.1,35,100.0,normale,Parfait pour transfusion immédiate,1,16,9,False,False,normal,nuageux
2022-09-27 21:24:18,Clinique des Spécialités,A+,33,8,17,42,4.1,5,99.1,normale,"Excellent état, conservation parfaite",1,21,9,False,False,normal,pluvieux
2022-09-28 04:08:35,Clinique des Spécialités,B+,21,9,15,27,3.4,28,100.0,normale,"Excellent état, conservation parfaite",2,4,9,False,False,normal,pluvieux
2022-09-28 12:47:17,Clinique des Spécialités,A+,50,11,0,39,4.5,33,95.5,normale,Hémoglobine dans les normes,2,12,9,False,False,normal,pluvieux
2022-09-29 02:12:04,Clinique des Spécialités,O+,16,9,0,7,4.2,3,83.8,critique,URGENT: Stock critique - Urgent: vérifier température stockage,3,2,9,False,False,normal,ensoleillé
2022-09-29 12:44:17,Clinique des Spécialités,O+,31,5,0,26,3.8,6,95.6,normale,"Bon état général, légère variation température",3,12,9,False,False,urgence_médicale,nuageux
2022-09-29 19:44:01,Clinique des Spécialités,A+,73,10,0,63,4.1,45,100.0,normale,Hémoglobine dans les normes,3,19,9,False,False,normal,ensoleillé
2022-09-30 11:40:28,Clinique des Spécialités,B+,53,9,25,69,3.7,18,100.0,normale,"État satisfaisant, contrôle qualité OK",4,11,9,False,False,normal,ensoleillé
2022-10-01 08:08:07,Clinique des Spécialités,A+,25,7,26,44,3.9,1,63.6,attention,"État satisfaisant, contrôle qualité OK",5,8,10,True,False,normal,ensoleillé
2022-10-01 08:40:42,Clinique des Spécialités,AB+,24,5,0,19,4.4,1,56.6,faible,Attention: proche expiration,5,8,10,True,False,normal,nuageux
2022-10-01 13:02:22,Clinique des Spécialités,A+,44,5,14,53,3.4,14,100.0,normale,"État satisfaisant, contrôle qualité OK",5,13,10,True,False,normal,pluvieux
2022-10-01 13:32:41,Clinique des Spécialités,O-,44,5,0,39,3.9,7,95.6,normale,Hémoglobine dans les normes,5,13,10,True,False,normal,ensoleillé
2022-10-01 15:44:19,Clinique des Spécialités,O+,43,6,29,66,4.5,12,100.0,normale,Contrôle bactériologique négatif,5,15,10,True,False,normal,pluvieux
2022-10-03 14:02:15,Clinique des Spécialités,B+,57,8,0,49,4.1,1,64.1,attention,Hémoglobine dans les normes,0,14,10,False,False,normal,pluvieux
2022-10-03 14:22:04,Clinique des Spécialités,O+,53,6,18,65,3.9,9,100.0,normale,"Excellent état, conservation parfaite",0,14,10,False,False,normal,pluvieux
2022-10-03 19:42:44,Clinique des Spécialités,A-,54,7,0,47,4.1,7,96.1,normale,Urgent: vérifier température stockage,0,19,10,False,False,normal,orageux
2022-10-03 23:24:24,Clinique des Spécialités,O+,12,9,0,3,4.3,10,100.0,critique,URGENT: Stock critique - Hémoglobine dans les normes,0,23,10,False,False,normal,nuageux
2022-10-05 20:00:49,Clinique des Spécialités,O+,66,9,0,57,3.9,13,100.0,normale,"État satisfaisant, contrôle qualité OK",2,20,10,False,False,normal,ensoleillé
2022-10-07 01:07:00,Clinique des Spécialités,O+,18,12,0,6,4.4,2,84.0,critique,URGENT: Stock critique - Hémoglobine dans les normes,4,1,10,False,False,normal,orageux
2022-10-07 05:18:17,Clinique des Spécialités,B+,30,8,0,22,4.2,3,89.7,normale,"Excellent état, conservation parfaite",4,5,10,False,False,normal,nuageux
2022-10-07 06:06:55,Clinique des Spécialités,O+,50,9,0,41,4.2,17,92.0,normale,Parfait pour transfusion immédiate,4,6,10,False,False,normal,pluvieux
2022-10-08 07:18:38,Clinique des Spécialités,O-,33,1,0,32,4.8,3,78.2,normale,"État satisfaisant, contrôle qualité OK",5,7,10,True,False,normal,ensoleillé
2022-10-08 08:08:57,Clinique des Spécialités,O+,26,5,18,39,3.2,13,95.8,normale,Hémoglobine dans les normes,5,8,10,True,False,normal,nuageux
2022-10-08 10:44:13,Clinique des Spécialités,A-,25,4,0,21,4.0,27,91.3,normale,Urgent: vérifier température stockage,5,10,10,True,False,normal,orageux
2022-10-08 11:51:22,Clinique des Spécialités,O+,35,7,28,56,4.7,27,97.6,normale,"Excellent état, conservation parfaite",5,11,10,True,False,normal,pluvieux
2022-10-08 18:42:09,Clinique des Spécialités,B+,22,11,23,34,3.9,11,100.0,normale,Attention: proche expiration,5,18,10,True,False,accident_route,orageux
2022-10-09 00:09:31,Clinique des Spécialités,O+,14,1,11,24,3.5,8,90.3,normale,"Excellent état, conservation parfaite",6,0,10,True,False,normal,orageux
2022-10-09 15:18:37,Clinique des Spécialités,O+,39,4,0,35,4.3,1,60.2,attention,Attention: proche expiration,6,15,10,True,False,urgence_médicale,ensoleillé
2022-10-10 07:11:12,Clinique des Spécialités,O+,53,7,15,61,3.5,9,91.1,normale,Urgent: vérifier température stockage,0,7,10,False,False,normal,ensoleillé
2022-10-10 15:32:58,Clinique des Spécialités,AB+,29,9,0,20,4.0,3,93.3,normale,"Excellent état, conservation parfaite",0,15,10,False,False,normal,ensoleillé
2022-10-10 21:34:49,Clinique des Spécialités,A+,57,10,0,47,4.5,4,80.9,normale,"Bon état général, légère variation température",0,21,10,False,False,normal,nuageux
2022-10-11 05:35:48,Clinique des Spécialités,O+,24,8,0,16,3.9,8,100.0,faible,Parfait pour transfusion immédiate,1,5,10,False,False,normal,ensoleillé
2022-10-11 08:57:53,Clinique des Spécialités,A+,51,12,0,39,4.8,6,100.0,normale,Contrôle bactériologique négatif,1,8,10,False,False,normal,nuageux
2022-10-11 10:02:23,Clinique des Spécialités,O-,19,9,16,26,3.5,13,100.0,normale,"État satisfaisant, contrôle qualité OK",1,10,10,False,False,normal,pluvieux
2022-10-11 22:44:24,Clinique des Spécialités,B+,57,8,0,49,4.8,6,100.0,normale,Urgent: vérifier température stockage,1,22,10,False,False,normal,orageux
2022-10-11 23:06:27,Clinique des Spécialités,B-,31,10,0,21,4.7,38,88.6,normale,Contrôle bactériologique négatif,1,23,10,False,False,normal,nuageux
2022-10-12 02:41:43,Clinique des Spécialités,A-,25,8,0,17,4.0,9,100.0,faible,"État satisfaisant, contrôle qualité OK",2,2,10,False,False,urgence_médicale,ensoleillé
2022-10-13 03:28:36,Clinique des Spécialités,A+,22,10,0,12,4.0,1,51.8,faible,"Bon état général, légère variation température",3,3,10,False,False,normal,ensoleillé
2022-10-13 07:37:11,Clinique des Spécialités,A-,34,6,26,54,4.0,13,93.0,normale,Parfait pour transfusion immédiate,3,7,10,False,False,normal,ensoleillé
2022-10-14 06:37:55,Clinique des Spécialités,A+,68,7,30,91,4.2,7,100.0,normale,"Bon état général, légère variation température",4,6,10,False,False,normal,pluvieux
2022-10-14 06:56:04,Clinique des Spécialités,A+,29,12,0,17,3.8,13,99.7,faible,Hémoglobine dans les normes,4,6,10,False,False,normal,pluvieux
2022-10-14 13:00:09,Clinique des Spécialités,A+,56,5,0,51,4.8,4,81.5,normale,Attention: proche expiration,4,13,10,False,False,normal,pluvieux
2022-10-15 02:24:07,Clinique des Spécialités,O+,22,7,21,36,4.1,9,100.0,normale,Hémoglobine dans les normes,5,2,10,True,False,normal,pluvieux
2022-10-15 03:11:17,Clinique des Spécialités,B+,16,4,0,12,3.6,3,80.9,faible,"État satisfaisant, contrôle qualité OK",5,3,10,True,False,normal,pluvieux
2022-10-15 12:40:24,Clinique des Spécialités,O+,51,1,0,50,3.8,6,92.9,normale,Contrôle bactériologique négatif,5,12,10,True,False,normal,ensoleillé
2022-10-15 19:22:11,Clinique des Spécialités,A+,42,7,14,49,4.4,21,100.0,normale,"Excellent état, conservation parfaite",5,19,10,True,False,normal,nuageux
2022-10-16 04:09:21,Clinique des Spécialités,O+,16,2,17,31,4.5,2,78.4,normale,Urgent: vérifier température stockage,6,4,10,True,False,normal,pluvieux
2022-10-16 07:53:42,Clinique des Spécialités,O-,38,7,0,31,3.6,32,95.6,normale,Parfait pour transfusion immédiate,6,7,10,True,False,normal,ensoleillé
2022-10-17 07:17:01,Clinique des Spécialités,O+,46,7,0,39,3.9,31,100.0,normale,"Bon état général, légère variation température",0,7,10,False,False,normal,orageux
2022-10-17 14:27:52,Clinique des Spécialités,AB-,47,10,0,37,3.9,1,60.0,attention,Attention: proche expiration,0,14,10,False,False,normal,ensoleillé
2022-10-18 17:28:36,Clinique des Spécialités,O-,30,9,0,21,4.7,5,96.1,normale,"Bon état général, légère variation température",1,17,10,False,False,normal,nuageux
2022-10-19 03:32:39,Clinique des Spécialités,O+,31,10,22,43,4.6,6,97.5,normale,Hémoglobine dans les normes,2,3,10,False,False,accident_route,ensoleillé
2022-10-19 09:43:08,Clinique des Spécialités,A+,53,8,0,45,4.3,13,100.0,normale,Hémoglobine dans les normes,2,9,10,False,False,normal,ensoleillé
2022-10-20 00:22:23,Clinique des Spécialités,A+,41,9,0,32,4.1,12,100.0,normale,"Excellent état, conservation parfaite",3,0,10,False,False,campagne_don,ensoleillé
2022-10-20 07:16:36,Clinique des Spécialités,O-,50,13,16,53,4.5,8,100.0,normale,"État satisfaisant, contrôle qualité OK",3,7,10,False,False,normal,ensoleillé
2022-10-20 10:00:39,Clinique des Spécialités,A-,44,11,21,54,3.4,31,93.3,normale,Attention: proche expiration,3,10,10,False,False,normal,nuageux
2022-10-20 13:48:40,Clinique des Spécialités,A+,79,6,0,73,3.9,27,100.0,normale,Urgent: vérifier température stockage,3,13,10,False,False,normal,orageux
2022-10-20 23:42:18,Clinique des Spécialités,O+,35,9,30,56,4.9,51,96.6,normale,Attention: proche expiration,3,23,10,False,False,normal,orageux
2022-10-22 00:05:47,Clinique des Spécialités,A+,22,7,0,15,4.6,11,95.6,faible,Parfait pour transfusion immédiate,5,0,10,True,False,normal,orageux
2022-10-22 03:04:52,Clinique des Spécialités,O+,14,10,17,21,3.6,5,100.0,normale,Urgent: vérifier température stockage,5,3,10,True,False,normal,nuageux
2022-10-22 08:52:21,Clinique des Spécialités,O-,28,7,14,35,4.2,68,99.6,normale,Urgent: vérifier température stockage,5,8,10,True,False,normal,nuageux
2022-10-22 13:59:37,Clinique des Spécialités,AB+,49,4,18,63,4.1,17,98.8,normale,Urgent: vérifier température stockage,5,13,10,True,False,normal,ensoleillé
2022-10-23 16:47:05,Clinique des Spécialités,AB+,43,5,0,38,4.0,15,95.5,normale,Contrôle bactériologique négatif,6,16,10,True,False,normal,pluvieux
2022-10-24 09:12:56,Clinique des Spécialités,A+,37,12,21,46,3.9,6,93.3,normale,"État satisfaisant, contrôle qualité OK",0,9,10,False,False,normal,orageux
2022-10-24 10:49:47,Clinique des Spécialités,O+,56,7,0,49,3.9,4,85.0,normale,Hémoglobine dans les normes,0,10,10,False,False,normal,nuageux
2022-10-25 04:47:44,Clinique des Spécialités,O+,33,8,0,25,4.3,22,91.7,normale,Contrôle bactériologique négatif,1,4,10,False,False,normal,pluvieux
2022-10-25 06:26:14,Clinique des Spécialités,A+,60,9,0,51,4.0,9,100.0,normale,Parfait pour transfusion immédiate,1,6,10,False,False,épidémie,pluvieux
2022-10-25 07:42:56,Clinique des Spécialités,B+,45,2,0,43,3.9,1,59.1,attention,Hémoglobine dans les normes,1,7,10,False,False,normal,ensoleillé
2022-10-26 00:52:19,Clinique des Spécialités,A+,14,10,19,23,4.0,9,93.4,normale,"État satisfaisant, contrôle qualité OK",2,0,10,False,False,normal,pluvieux
2022-10-26 05:14:17,Clinique des Spécialités,A+,32,8,0,24,2.7,16,97.7,normale,"État satisfaisant, contrôle qualité OK",2,5,10,False,False,normal,pluvieux
2022-10-26 22:37:12,Clinique des Spécialités,O+,62,8,18,72,3.6,19,97.6,normale,"Bon état général, légère variation température",2,22,10,False,False,normal,ensoleillé
2022-10-27 07:05:31,Clinique des Spécialités,A-,61,6,0,55,3.2,13,100.0,normale,"État satisfaisant, contrôle qualité OK",3,7,10,False,False,normal,pluvieux
2022-10-27 17:25:42,Clinique des Spécialités,O+,10,7,27,30,4.3,72,91.2,normale,Parfait pour transfusion immédiate,3,17,10,False,False,normal,ensoleillé
2022-10-27 21:39:39,Clinique des Spécialités,O+,29,11,21,39,3.8,18,100.0,normale,"Excellent état, conservation parfaite",3,21,10,False,False,normal,ensoleillé
2022-10-28 06:04:44,Clinique des Spécialités,A-,59,9,22,72,4.3,6,97.9,normale,"Bon état général, légère variation température",4,6,10,False,False,normal,orageux
2022-10-28 22:46:59,Clinique des Spécialités,O+,23,4,0,19,4.2,47,99.3,faible,"État satisfaisant, contrôle qualité OK",4,22,10,False,False,normal,ensoleillé
2022-10-29 16:39:21,Clinique des Spécialités,O-,51,8,17,60,3.5,33,93.4,normale,Parfait pour transfusion immédiate,5,16,10,True,False,normal,nuageux
2022-10-30 04:59:09,Clinique des Spécialités,O+,23,7,0,16,3.9,1,50.4,faible,Attention: proche expiration,6,4,10,True,False,normal,ensoleillé
2022-10-30 12:22:26,Clinique des Spécialités,A+,35,3,20,52,4.4,28,100.0,normale,"Bon état général, légère variation température",6,12,10,True,False,normal,pluvieux
2022-10-30 21:52:40,Clinique des Spécialités,A+,48,6,0,42,3.7,12,92.1,normale,Contrôle bactériologique négatif,6,21,10,True,False,épidémie,nuageux
2022-10-31 05:59:20,Clinique des Spécialités,AB+,23,4,0,19,4.7,15,100.0,faible,Attention: proche expiration,0,5,10,False,False,normal,ensoleillé
2022-11-01 03:58:46,Clinique des Spécialités,A-,21,5,0,16,4.6,10,93.2,faible,"État satisfaisant, contrôle qualité OK",1,3,11,False,False,normal,pluvieux
2022-11-01 06:46:05,Clinique des Spécialités,O+,34,10,0,24,4.3,13,100.0,normale,"Excellent état, conservation parfaite",1,6,11,False,False,normal,nuageux
2022-11-03 11:24:10,Clinique des Spécialités,AB+,34,8,0,26,3.6,10,100.0,normale,"Excellent état, conservation parfaite",3,11,11,False,False,normal,orageux
2022-11-04 03:49:17,Clinique des Spécialités,A+,29,6,15,38,4.8,1,58.9,attention,Contrôle bactériologique négatif,4,3,11,False,False,normal,orageux
2022-11-05 08:30:54,Clinique des Spécialités,O+,27,1,20,46,4.1,36,100.0,normale,"Excellent état, conservation parfaite",5,8,11,True,False,normal,nuageux
2022-11-06 02:47:31,Clinique des Spécialités,A+,8,5,0,3,3.6,1,58.3,critique,URGENT: Stock critique - Contrôle bactériologique négatif,6,2,11,True,False,normal,ensoleillé
2022-11-06 07:26:03,Clinique des Spécialités,A+,28,4,0,24,4.0,26,91.3,normale,"Bon état général, légère variation température",6,7,11,True,False,normal,ensoleillé
2022-11-06 11:56:39,Clinique des Spécialités,O+,40,5,0,35,3.9,30,92.3,normale,"État satisfaisant, contrôle qualité OK",6,11,11,True,False,normal,ensoleillé
2022-11-06 13:04:56,Clinique des Spécialités,O+,26,4,24,46,4.7,12,100.0,normale,Hémoglobine dans les normes,6,13,11,True,False,normal,pluvieux
2022-11-08 03:22:57,Clinique des Spécialités,B+,37,12,0,25,4.3,46,99.1,normale,"État satisfaisant, contrôle qualité OK",1,3,11,False,False,normal,ensoleillé
2022-11-08 03:23:10,Clinique des Spécialités,O+,24,5,0,19,4.0,3,78.2,faible,Contrôle bactériologique négatif,1,3,11,False,False,normal,nuageux
2022-11-08 04:33:41,Clinique des Spécialités,A+,26,6,0,20,4.1,10,100.0,normale,Parfait pour transfusion immédiate,1,4,11,False,False,normal,pluvieux
2022-11-08 07:32:54,Clinique des Spécialités,O-,65,3,0,62,4.1,6,100.0,normale,"Excellent état, conservation parfaite",1,7,11,False,False,normal,ensoleillé
2022-11-08 11:55:58,Clinique des Spécialités,O+,16,6,0,10,4.5,11,91.4,faible,Parfait pour transfusion immédiate,1,11,11,False,False,normal,pluvieux
2022-11-08 18:23:51,Clinique des Spécialités,B+,44,7,20,57,4.4,18,97.6,normale,Parfait pour transfusion immédiate,1,18,11,False,False,normal,pluvieux
2022-11-08 22:41:17,Clinique des Spécialités,O+,43,2,26,67,3.8,5,89.3,normale,Hémoglobine dans les normes,1,22,11,False,False,normal,orageux
2022-11-09 05:59:01,Clinique des Spécialités,O+,35,11,0,24,4.1,4,85.2,normale,"Excellent état, conservation parfaite",2,5,11,False,False,normal,nuageux
2022-11-09 15:18:09,Clinique des Spécialités,O+,48,8,18,58,4.4,9,95.6,normale,"État satisfaisant, contrôle qualité OK",2,15,11,False,False,normal,ensoleillé
2022-11-09 23:58:44,Clinique des Spécialités,A+,14,6,14,22,4.5,40,100.0,normale,Urgent: vérifier température stockage,2,23,11,False,False,normal,ensoleillé
2022-11-10 08:39:37,Clinique des Spécialités,A+,73,7,0,66,4.5,16,99.5,normale,"État satisfaisant, contrôle qualité OK",3,8,11,False,False,normal,pluvieux
2022-11-11 02:25:02,Clinique des Spécialités,A+,21,6,16,31,4.3,5,84.9,normale,Contrôle bactériologique négatif,4,2,11,False,False,normal,orageux
2022-11-11 05:35:18,Clinique des Spécialités,O+,33,9,0,24,4.5,1,52.9,attention,Hémoglobine dans les normes,4,5,11,False,False,normal,ensoleillé
2022-11-11 09:30:37,Clinique des Spécialités,B+,34,4,0,30,4.4,34,100.0,normale,Parfait pour transfusion immédiate,4,9,11,False,False,normal,nuageux
2022-11-11 20:27:54,Clinique des Spécialités,O+,23,11,0,12,4.2,52,98.9,faible,"État satisfaisant, contrôle qualité OK",4,20,11,False,False,normal,ensoleillé
2022-11-11 23:12:51,Clinique des Spécialités,O-,14,10,0,4,4.3,5,100.0,critique,URGENT: Stock critique - Hémoglobine dans les normes,4,23,11,False,False,normal,pluvieux
2022-11-12 08:59:50,Clinique des Spécialités,O+,42,5,0,37,4.3,1,72.6,normale,"Excellent état, conservation parfaite",5,8,11,True,False,normal,nuageux
2022-11-12 16:22:09,Clinique des Spécialités,O+,42,8,0,34,3.6,19,95.7,normale,"Excellent état, conservation parfaite",5,16,11,True,False,normal,ensoleillé
2022-11-12 17:56:35,Clinique des Spécialités,O+,33,5,0,28,3.5,12,100.0,normale,"Bon état général, légère variation température",5,17,11,True,False,normal,ensoleillé
2022-11-12 19:54:37,Clinique des Spécialités,O+,41,6,0,35,4.2,1,51.2,attention,"Excellent état, conservation parfaite",5,19,11,True,False,normal,pluvieux
2022-11-13 03:09:27,Clinique des Spécialités,O+,22,6,0,16,4.4,1,58.8,faible,Hémoglobine dans les normes,6,3,11,True,False,accident_route,pluvieux
2022-11-13 13:48:14,Clinique des Spécialités,O+,35,7,0,28,3.5,12,94.3,normale,"Bon état général, légère variation température",6,13,11,True,False,normal,pluvieux
2022-11-13 14:12:10,Clinique des Spécialités,O+,45,5,19,59,4.2,26,100.0,normale,Urgent: vérifier température stockage,6,14,11,True,False,normal,ensoleillé
2022-11-13 14:49:32,Clinique des Spécialités,O+,33,6,0,27,3.5,50,100.0,normale,Attention: proche expiration,6,14,11,True,False,normal,nuageux
2022-11-14 04:59:44,Clinique des Spécialités,A+,20,12,0,8,4.6,10,97.3,critique,URGENT: Stock critique - Hémoglobine dans les normes,0,4,11,False,False,normal,orageux
2022-11-14 09:43:36,Clinique des Spécialités,O+,43,9,22,56,4.4,1,61.4,attention,"Excellent état, conservation parfaite",0,9,11,False,False,normal,nuageux
2022-11-14 18:57:07,Clinique des Spécialités,A+,71,12,0,59,3.9,21,94.6,normale,Urgent: vérifier température stockage,0,18,11,False,False,normal,pluvieux
2022-11-15 06:24:35,Clinique des Spécialités,B-,35,15,0,20,4.8,1,55.9,attention,"Excellent état, conservation parfaite",1,6,11,False,False,normal,ensoleillé
2022-11-16 18:53:22,Clinique des Spécialités,O-,54,10,0,44,4.1,26,100.0,normale,Contrôle bactériologique négatif,2,18,11,False,False,normal,nuageux
2022-11-16 22:55:27,Clinique des Spécialités,A+,64,7,0,57,4.4,39,100.0,normale,"Bon état général, légère variation température",2,22,11,False,False,normal,orageux
2022-11-17 00:05:28,Clinique des Spécialités,B+,14,9,0,5,3.7,5,100.0,critique,URGENT: Stock critique - Parfait pour transfusion immédiate,3,0,11,False,False,normal,nuageux
2022-11-17 00:49:14,Clinique des Spécialités,A+,35,8,20,47,3.0,5,100.0,normale,Urgent: vérifier température stockage,3,0,11,False,False,normal,pluvieux
2022-11-17 04:02:09,Clinique des Spécialités,A+,18,4,0,14,3.7,10,97.0,faible,"Bon état général, légère variation température",3,4,11,False,False,normal,orageux
2022-11-17 06:32:51,Clinique des Spécialités,O+,37,11,20,46,4.2,6,100.0,normale,Attention: proche expiration,3,6,11,False,False,normal,ensoleillé
2022-11-18 12:38:39,Clinique des Spécialités,O+,51,5,17,63,4.4,1,60.4,attention,Hémoglobine dans les normes,4,12,11,False,False,normal,pluvieux
2022-11-18 16:56:40,Clinique des Spécialités,B+,52,7,16,61,4.1,43,96.0,normale,Parfait pour transfusion immédiate,4,16,11,False,False,normal,ensoleillé
2022-11-18 23:06:04,Clinique des Spécialités,O-,25,1,0,24,5.0,7,100.0,normale,"État satisfaisant, contrôle qualité OK",4,23,11,False,False,normal,pluvieux
2022-11-19 16:04:31,Clinique des Spécialités,O-,36,0,19,55,3.4,3,92.7,normale,Contrôle bactériologique négatif,5,16,11,True,False,normal,ensoleillé
2022-11-19 22:35:36,Clinique des Spécialités,O+,28,6,15,37,3.1,1,50.7,attention,Hémoglobine dans les normes,5,22,11,True,False,normal,orageux
2022-11-20 01:55:46,Clinique des Spécialités,O+,10,6,18,22,3.5,21,100.0,normale,"Bon état général, légère variation température",6,1,11,True,False,normal,nuageux
2022-11-20 02:20:38,Clinique des Spécialités,A+,10,5,0,5,4.5,21,100.0,critique,"URGENT: Stock critique - Excellent état, conservation parfaite",6,2,11,True,False,normal,orageux
2022-11-20 12:16:09,Clinique des Spécialités,A+,45,5,0,40,4.3,1,65.2,attention,"Excellent état, conservation parfaite",6,12,11,True,False,normal,ensoleillé
2022-11-20 12:31:38,Clinique des Spécialités,A+,37,3,0,34,4.3,17,100.0,normale,"État satisfaisant, contrôle qualité OK",6,12,11,True,False,normal,ensoleillé
2022-11-20 12:48:21,Clinique des Spécialités,A+,37,5,0,32,5.0,12,97.3,normale,"Excellent état, conservation parfaite",6,12,11,True,False,normal,pluvieux
2022-11-21 01:50:00,Clinique des Spécialités,A+,24,7,0,17,3.8,6,92.4,faible,Attention: proche expiration,0,1,11,False,False,normal,nuageux
2022-11-21 03:53:53,Clinique des Spécialités,O-,23,4,28,47,4.6,2,81.6,normale,Urgent: vérifier température stockage,0,3,11,False,False,normal,orageux
2022-11-21 18:35:47,Clinique des Spécialités,B-,91,11,30,110,3.6,7,100.0,normale,Hémoglobine dans les normes,0,18,11,False,False,normal,ensoleillé
2022-11-21 20:32:31,Clinique des Spécialités,A+,61,10,0,51,4.1,10,100.0,normale,"Excellent état, conservation parfaite",0,20,11,False,False,normal,ensoleillé
2022-11-21 21:41:24,Clinique des Spécialités,A+,39,13,0,26,3.9,6,100.0,normale,Attention: proche expiration,0,21,11,False,False,normal,ensoleillé
2022-11-22 04:24:12,Clinique des Spécialités,A+,42,3,0,39,4.6,5,99.9,normale,Hémoglobine dans les normes,1,4,11,False,False,normal,ensoleillé
2022-11-22 14:55:07,Clinique des Spécialités,A+,59,9,16,66,4.1,1,65.2,attention,Urgent: vérifier température stockage,1,14,11,False,False,normal,pluvieux
2022-11-22 21:34:10,Clinique des Spécialités,A+,56,4,0,52,3.9,3,95.7,normale,"État satisfaisant, contrôle qualité OK",1,21,11,False,False,normal,nuageux
2022-11-22 21:47:45,Clinique des Spécialités,A+,45,2,0,43,4.2,7,100.0,normale,"Excellent état, conservation parfaite",1,21,11,False,False,normal,ensoleillé
2022-11-23 12:06:52,Clinique des Spécialités,A-,59,10,0,49,4.3,7,100.0,normale,Urgent: vérifier température stockage,2,12,11,False,False,normal,ensoleillé
2022-11-23 14:10:36,Clinique des Spécialités,B-,75,8,0,67,3.3,1,63.4,attention,Contrôle bactériologique négatif,2,14,11,False,False,normal,nuageux
2022-11-23 21:27:53,Clinique des Spécialités,O+,34,7,0,27,3.3,1,62.0,attention,Urgent: vérifier température stockage,2,21,11,False,False,normal,ensoleillé
2022-11-23 23:16:24,Clinique des Spécialités,O+,27,9,0,18,3.5,9,100.0,faible,"Bon état général, légère variation température",2,23,11,False,False,normal,orageux
2022-11-24 01:54:59,Clinique des Spécialités,A+,11,3,11,19,2.9,4,92.6,faible,Contrôle bactériologique négatif,3,1,11,False,False,normal,nuageux
2022-11-24 03:13:36,Clinique des Spécialités,O+,25,2,16,39,3.8,31,99.5,normale,Contrôle bactériologique négatif,3,3,11,False,False,normal,pluvieux
2022-11-25 15:51:46,Clinique des Spécialités,O+,36,10,0,26,4.4,4,87.6,normale,Urgent: vérifier température stockage,4,15,11,False,False,normal,ensoleillé
2022-11-25 23:22:08,Clinique des Spécialités,O+,14,9,0,5,4.5,30,100.0,critique,URGENT: Stock critique - Attention: proche expiration,4,23,11,False,False,normal,nuageux
2022-11-26 00:01:28,Clinique des Spécialités,O+,12,4,14,22,3.6,55,100.0,normale,Parfait pour transfusion immédiate,5,0,11,True,False,normal,orageux
2022-11-26 09:38:42,Clinique des Spécialités,O+,12,7,0,5,3.8,8,97.3,critique,"URGENT: Stock critique - État satisfaisant, contrôle qualité OK",5,9,11,True,False,normal,nuageux
2022-11-26 11:50:14,Clinique des Spécialités,A+,34,7,28,55,4.7,9,97.5,normale,"État satisfaisant, contrôle qualité OK",5,11,11,True,False,normal,ensoleillé
2022-11-26 21:03:36,Clinique des Spécialités,O+,31,5,18,44,3.8,4,85.7,normale,"État satisfaisant, contrôle qualité OK",5,21,11,True,False,normal,nuageux
2022-11-26 22:19:16,Clinique des Spécialités,O+,43,4,0,39,4.2,23,99.0,normale,Attention: proche expiration,5,22,11,True,False,campagne_don,nuageux
2022-11-27 21:07:34,Clinique des Spécialités,B+,43,3,21,61,4.1,5,100.0,normale,Contrôle bactériologique négatif,6,21,11,True,False,normal,ensoleillé
2022-11-28 05:53:51,Clinique des Spécialités,AB+,21,5,0,16,4.1,6,100.0,faible,"Bon état général, légère variation température",0,5,11,False,False,normal,pluvieux
2022-11-28 09:35:37,Clinique des Spécialités,A+,20,7,0,13,3.4,17,100.0,faible,"Excellent état, conservation parfaite",0,9,11,False,False,normal,ensoleillé
2022-11-28 11:01:27,Clinique des Spécialités,O+,57,6,0,51,3.9,1,62.5,attention,Urgent: vérifier température stockage,0,11,11,False,False,normal,orageux
2022-11-29 04:57:59,Clinique des Spécialités,O+,9,8,14,15,4.3,25,95.4,faible,"État satisfaisant, contrôle qualité OK",1,4,11,False,False,normal,ensoleillé
2022-11-29 13:36:45,Clinique des Spécialités,O+,53,6,22,69,4.9,2,81.2,normale,Parfait pour transfusion immédiate,1,13,11,False,False,normal,ensoleillé
2022-11-29 18:35:07,Clinique des Spécialités,A+,42,5,0,37,4.3,13,93.5,normale,Contrôle bactériologique négatif,1,18,11,False,False,normal,ensoleillé
2022-11-30 01:58:03,Clinique des Spécialités,A+,16,10,0,6,4.4,13,98.8,critique,"URGENT: Stock critique - Excellent état, conservation parfaite",2,1,11,False,False,normal,pluvieux
2022-11-30 07:14:06,Clinique des Spécialités,A+,18,7,29,40,3.3,26,100.0,normale,"État satisfaisant, contrôle qualité OK",2,7,11,False,False,normal,ensoleillé
2022-11-30 09:26:40,Clinique des Spécialités,A+,46,3,19,62,4.3,17,100.0,normale,Urgent: vérifier température stockage,2,9,11,False,False,normal,pluvieux
2022-12-01 11:16:05,Clinique des Spécialités,O+,37,4,0,33,4.6,1,59.4,attention,Urgent: vérifier température stockage,3,11,12,False,True,normal,ensoleillé
2022-12-01 12:35:01,Clinique des Spécialités,A+,52,7,11,56,3.9,82,100.0,normale,Parfait pour transfusion immédiate,3,12,12,False,True,normal,ensoleillé
2022-12-01 18:02:25,Clinique des Spécialités,A+,36,11,19,44,3.3,9,98.1,normale,Attention: proche expiration,3,18,12,False,True,normal,ensoleillé
2022-12-01 21:11:25,Clinique des Spécialités,A+,47,8,0,39,4.5,4,79.4,normale,Hémoglobine dans les normes,3,21,12,False,True,normal,pluvieux
2022-12-02 10:45:42,Clinique des Spécialités,O+,40,11,0,29,4.5,6,100.0,normale,"Bon état général, légère variation température",4,10,12,False,True,normal,ensoleillé
2022-12-02 11:51:52,Clinique des Spécialités,B+,61,14,0,47,3.3,2,93.9,normale,Contrôle bactériologique négatif,4,11,12,False,True,normal,ensoleillé
2022-12-02 15:34:12,Clinique des Spécialités,O+,24,8,0,16,4.2,21,100.0,faible,"État satisfaisant, contrôle qualité OK",4,15,12,False,True,normal,pluvieux
2022-12-03 04:10:12,Clinique des Spécialités,B+,20,5,0,15,5.0,10,98.7,faible,Hémoglobine dans les normes,5,4,12,True,True,normal,pluvieux
2022-12-04 00:39:43,Clinique des Spécialités,O+,29,8,20,41,4.3,82,100.0,normale,"Excellent état, conservation parfaite",6,0,12,True,True,normal,ensoleillé
2022-12-04 06:04:54,Clinique des Spécialités,A+,50,9,20,61,3.9,18,93.5,normale,"Bon état général, légère variation température",6,6,12,True,True,normal,ensoleillé
2022-12-05 00:31:49,Clinique des Spécialités,B+,13,14,0,0,2.9,7,97.4,critique,"URGENT: Stock critique - Bon état général, légère variation température",0,0,12,False,True,normal,ensoleillé
2022-12-05 04:14:06,Clinique des Spécialités,A+,28,7,0,21,4.1,3,82.4,normale,"Excellent état, conservation parfaite",0,4,12,False,True,normal,ensoleillé
2022-12-05 07:41:49,Clinique des Spécialités,A+,21,7,0,14,3.9,6,100.0,faible,Contrôle bactériologique négatif,0,7,12,False,True,normal,pluvieux
2022-12-05 15:27:49,Clinique des Spécialités,A+,75,4,22,93,3.8,1,65.9,attention,"État satisfaisant, contrôle qualité OK",0,15,12,False,True,normal,pluvieux
2022-12-05 16:54:22,Clinique des Spécialités,O+,63,13,21,71,4.3,21,100.0,normale,"Excellent état, conservation parfaite",0,16,12,False,True,épidémie,pluvieux
2022-12-05 17:56:30,Clinique des Spécialités,A+,51,5,0,46,3.8,13,91.8,normale,Attention: proche expiration,0,17,12,False,True,normal,orageux
2022-12-06 19:35:28,Clinique des Spécialités,A+,39,7,0,32,4.7,1,57.2,attention,Hémoglobine dans les normes,1,19,12,False,True,normal,orageux
2022-12-07 04:36:31,Clinique des Spécialités,O+,33,10,0,23,3.4,5,100.0,normale,Parfait pour transfusion immédiate,2,4,12,False,True,normal,pluvieux
2022-12-07 17:14:15,Clinique des Spécialités,O+,50,11,19,58,3.5,11,91.2,normale,Hémoglobine dans les normes,2,17,12,False,True,normal,ensoleillé
2022-12-07 18:18:46,Clinique des Spécialités,O+,61,9,20,72,4.8,1,60.7,attention,Urgent: vérifier température stockage,2,18,12,False,True,normal,ensoleillé
2022-12-08 09:52:41,Clinique des Spécialités,O-,72,4,0,68,3.5,7,100.0,normale,"Excellent état, conservation parfaite",3,9,12,False,True,normal,ensoleillé
2022-12-08 15:49:10,Clinique des Spécialités,A+,73,9,20,84,4.3,1,60.9,attention,Contrôle bactériologique négatif,3,15,12,False,True,normal,orageux
2022-12-09 02:50:00,Clinique des Spécialités,A+,30,9,0,21,3.6,2,72.3,normale,Hémoglobine dans les normes,4,2,12,False,True,normal,orageux
2022-12-09 10:45:35,Clinique des Spécialités,A+,46,9,0,37,3.9,27,100.0,normale,"Bon état général, légère variation température",4,10,12,False,True,normal,ensoleillé
2022-12-09 18:09:58,Clinique des Spécialités,O+,49,11,19,57,3.6,1,53.8,attention,"Bon état général, légère variation température",4,18,12,False,True,normal,orageux
2022-12-10 04:24:39,Clinique des Spécialités,O+,12,7,0,5,4.3,53,100.0,critique,URGENT: Stock critique - Urgent: vérifier température stockage,5,4,12,True,True,normal,pluvieux
2022-12-10 04:52:23,Clinique des Spécialités,A+,19,6,0,13,3.6,9,97.3,faible,"Excellent état, conservation parfaite",5,4,12,True,True,normal,pluvieux
2022-12-10 08:14:26,Clinique des Spécialités,A+,50,1,0,49,4.2,27,96.0,normale,Urgent: vérifier température stockage,5,8,12,True,True,normal,ensoleillé
2022-12-10 08:18:03,Clinique des Spécialités,O+,33,5,0,28,3.8,1,71.4,normale,Parfait pour transfusion immédiate,5,8,12,True,True,normal,pluvieux
2022-12-10 10:27:21,Clinique des Spécialités,A+,46,9,0,37,3.8,10,98.0,normale,Hémoglobine dans les normes,5,10,12,True,True,normal,orageux
2022-12-10 11:21:20,Clinique des Spécialités,O-,50,2,0,48,3.5,6,99.7,normale,"État satisfaisant, contrôle qualité OK",5,11,12,True,True,normal,ensoleillé
2022-12-10 11:23:37,Clinique des Spécialités,O-,43,8,22,57,4.5,60,98.3,normale,Parfait pour transfusion immédiate,5,11,12,True,True,normal,orageux
2022-12-11 01:23:25,Clinique des Spécialités,A+,21,12,0,9,4.6,4,79.5,critique,URGENT: Stock critique - Contrôle bactériologique négatif,6,1,12,True,True,normal,pluvieux
2022-12-11 14:11:29,Clinique des Spécialités,B+,37,7,0,30,3.8,5,100.0,normale,Hémoglobine dans les normes,6,14,12,True,True,normal,nuageux
2022-12-11 17:59:46,Clinique des Spécialités,A-,28,7,30,51,4.8,18,100.0,normale,Contrôle bactériologique négatif,6,17,12,True,True,accident_route,pluvieux
2022-12-12 19:25:55,Clinique des Spécialités,O+,65,11,26,80,3.4,16,94.2,normale,Contrôle bactériologique négatif,0,19,12,False,True,normal,nuageux
2022-12-12 23:56:25,Clinique des Spécialités,AB+,30,10,32,52,4.5,64,94.7,normale,Hémoglobine dans les normes,0,23,12,False,True,normal,pluvieux
2022-12-13 01:46:57,Clinique des Spécialités,O+,25,6,17,36,3.4,42,96.5,normale,Attention: proche expiration,1,1,12,False,True,normal,pluvieux
2022-12-13 06:59:25,Clinique des Spécialités,O+,60,10,0,50,4.9,9,100.0,normale,"Bon état général, légère variation température",1,6,12,False,True,normal,ensoleillé
2022-12-13 21:07:54,Clinique des Spécialités,O+,43,9,0,34,3.8,5,100.0,normale,Urgent: vérifier température stockage,1,21,12,False,True,normal,pluvieux
2022-12-13 22:13:06,Clinique des Spécialités,A+,35,15,0,20,3.5,4,87.9,normale,"Bon état général, légère variation température",1,22,12,False,True,normal,nuageux
2022-12-14 05:57:13,Clinique des Spécialités,A+,34,13,0,21,4.4,2,85.8,normale,"Excellent état, conservation parfaite",2,5,12,False,True,normal,pluvieux
2022-12-14 14:00:02,Clinique des Spécialités,O+,71,11,0,60,3.8,18,100.0,normale,"Bon état général, légère variation température",2,14,12,False,True,accident_route,ensoleillé
2022-12-15 07:19:27,Clinique des Spécialités,O+,74,11,0,63,4.3,17,100.0,normale,Attention: proche expiration,3,7,12,False,True,normal,ensoleillé
2022-12-15 16:37:25,Clinique des Spécialités,O+,42,11,0,31,4.5,1,60.8,attention,"État satisfaisant, contrôle qualité OK",3,16,12,False,True,normal,ensoleillé
2022-12-16 09:54:05,Clinique des Spécialités,O+,87,15,0,72,4.1,34,95.3,normale,"Bon état général, légère variation température",4,9,12,False,True,normal,nuageux
2022-12-16 17:59:20,Clinique des Spécialités,O+,59,8,18,69,5.0,15,100.0,normale,"Bon état général, légère variation température",4,17,12,False,True,normal,ensoleillé
2022-12-16 19:12:50,Clinique des Spécialités,A+,47,4,0,43,4.4,13,94.5,normale,"Excellent état, conservation parfaite",4,19,12,False,True,normal,nuageux
2022-12-16 20:25:16,Clinique des Spécialités,A+,58,13,0,45,3.8,11,98.0,normale,Urgent: vérifier température stockage,4,20,12,False,True,normal,ensoleillé
2022-12-17 09:35:30,Clinique des Spécialités,A+,15,6,0,9,4.2,6,100.0,critique,URGENT: Stock critique - Parfait pour transfusion immédiate,5,9,12,True,True,normal,ensoleillé
2022-12-17 12:36:26,Clinique des Spécialités,AB+,61,9,16,68,4.4,18,97.8,normale,"Excellent état, conservation parfaite",5,12,12,True,True,normal,ensoleillé
2022-12-17 16:18:42,Clinique des Spécialités,O+,37,9,0,28,3.4,12,100.0,normale,"Excellent état, conservation parfaite",5,16,12,True,True,normal,nuageux
2022-12-18 12:58:23,Clinique des Spécialités,O-,29,7,20,42,4.0,6,100.0,normale,"Bon état général, légère variation température",6,12,12,True,True,normal,nuageux
2022-12-19 00:47:36,Clinique des Spécialités,O+,27,9,0,18,4.3,69,95.3,faible,"État satisfaisant, contrôle qualité OK",0,0,12,False,True,normal,orageux
2022-12-19 03:27:49,Clinique des Spécialités,A+,22,15,0,7,4.9,56,94.3,critique,"URGENT: Stock critique - État satisfaisant, contrôle qualité OK",0,3,12,False,True,normal,ensoleillé
2022-12-19 08:31:57,Clinique des Spécialités,O+,78,5,0,73,4.6,2,82.4,normale,Attention: proche expiration,0,8,12,False,True,normal,ensoleillé
2022-12-19 09:13:18,Clinique des Spécialités,A-,61,11,0,50,4.1,11,97.9,normale,Urgent: vérifier température stockage,0,9,12,False,True,normal,ensoleillé
2022-12-19 09:52:06,Clinique des Spécialités,O+,50,16,17,51,4.4,31,100.0,normale,Parfait pour transfusion immédiate,0,9,12,False,True,normal,nuageux
2022-12-20 04:12:35,Clinique des Spécialités,O-,44,14,0,30,4.0,84,100.0,normale,"État satisfaisant, contrôle qualité OK",1,4,12,False,True,campagne_don,nuageux
2022-12-20 09:25:01,Clinique des Spécialités,A+,66,11,0,55,3.8,4,88.8,normale,Urgent: vérifier température stockage,1,9,12,False,True,normal,ensoleillé
2022-12-21 19:20:26,Clinique des Spécialités,O+,32,10,0,22,4.4,6,97.0,normale,Hémoglobine dans les normes,2,19,12,False,True,épidémie,pluvieux
2022-12-22 05:05:18,Clinique des Spécialités,O+,28,6,15,37,4.3,5,100.0,normale,Urgent: vérifier température stockage,3,5,12,False,True,urgence_médicale,pluvieux
2022-12-22 09:21:29,Clinique des Spécialités,A+,37,13,17,41,3.8,1,65.6,attention,Contrôle bactériologique négatif,3,9,12,False,True,normal,pluvieux
2022-12-22 09:44:59,Clinique des Spécialités,A+,74,9,0,65,4.2,5,100.0,normale,Parfait pour transfusion immédiate,3,9,12,False,True,normal,ensoleillé
2022-12-23 05:43:07,Clinique des Spécialités,A+,27,9,16,34,4.5,2,87.9,normale,Attention: proche expiration,4,5,12,False,True,normal,ensoleillé
2022-12-23 09:37:06,Clinique des Spécialités,A+,79,1,0,78,3.7,1,63.2,attention,"État satisfaisant, contrôle qualité OK",4,9,12,False,True,normal,pluvieux
2022-12-23 12:20:35,Clinique des Spécialités,O+,37,2,0,35,4.0,1,64.3,attention,"Excellent état, conservation parfaite",4,12,12,False,True,normal,ensoleillé
2022-12-23 14:08:36,Clinique des Spécialités,O-,80,12,0,68,3.8,4,94.3,normale,Attention: proche expiration,4,14,12,False,True,normal,pluvieux
2022-12-23 19:14:52,Clinique des Spécialités,O+,54,7,0,47,4.3,14,100.0,normale,"Excellent état, conservation parfaite",4,19,12,False,True,normal,ensoleillé
2022-12-23 23:00:54,Clinique des Spécialités,A+,42,11,0,31,3.9,6,100.0,normale,"Excellent état, conservation parfaite",4,23,12,False,True,normal,nuageux
2022-12-24 00:44:57,Clinique des Spécialités,B+,23,8,0,15,4.3,17,100.0,faible,Parfait pour transfusion immédiate,5,0,12,True,True,normal,pluvieux
2022-12-24 02:26:25,Clinique des Spécialités,A+,24,9,0,15,3.8,3,99.0,faible,Parfait pour transfusion immédiate,5,2,12,True,True,normal,ensoleillé
2022-12-24 12:40:27,Clinique des Spécialités,O+,37,8,0,29,4.2,6,95.3,normale,Hémoglobine dans les normes,5,12,12,True,True,normal,pluvieux
2022-12-24 22:34:48,Clinique des Spécialités,O+,61,6,27,82,5.1,6,99.1,normale,"Excellent état, conservation parfaite",5,22,12,True,True,normal,pluvieux
2022-12-25 01:11:38,Clinique des Spécialités,A+,13,10,25,28,3.9,8,96.4,normale,Attention: proche expiration,6,1,12,True,True,normal,ensoleillé
2022-12-25 13:15:42,Clinique des Spécialités,A+,36,7,0,29,3.9,3,82.9,normale,"Excellent état, conservation parfaite",6,13,12,True,True,normal,ensoleillé
2022-12-26 03:21:22,Clinique des Spécialités,O+,22,10,0,12,4.4,9,98.8,faible,Contrôle bactériologique négatif,0,3,12,False,True,normal,ensoleillé
2022-12-26 15:01:05,Clinique des Spécialités,A+,84,7,0,77,4.2,36,98.9,normale,"Excellent état, conservation parfaite",0,15,12,False,True,normal,pluvieux
2022-12-27 04:57:55,Clinique des Spécialités,O+,30,6,0,24,3.6,16,100.0,normale,"Bon état général, légère variation température",1,4,12,False,True,normal,ensoleillé
2022-12-27 14:45:26,Clinique des Spécialités,A+,59,13,0,46,4.5,1,56.3,attention,Urgent: vérifier température stockage,1,14,12,False,True,normal,orageux
2022-12-27 17:49:45,Clinique des Spécialités,A+,55,11,0,44,3.8,2,86.1,normale,Contrôle bactériologique négatif,1,17,12,False,True,normal,pluvieux
2022-12-27 21:11:54,Clinique des Spécialités,O+,61,6,13,68,3.7,54,100.0,normale,"État satisfaisant, contrôle qualité OK",1,21,12,False,True,normal,ensoleillé
2022-12-27 22:39:25,Clinique des Spécialités,A+,50,12,0,38,2.8,12,99.6,normale,Attention: proche expiration,1,22,12,False,True,normal,nuageux
2022-12-28 08:56:57,Clinique des Spécialités,O+,58,10,0,48,3.6,3,83.6,normale,Parfait pour transfusion immédiate,2,8,12,False,True,normal,nuageux
2022-12-28 11:37:14,Clinique des Spécialités,A+,37,12,18,43,4.6,14,100.0,normale,Hémoglobine dans les normes,2,11,12,False,True,normal,nuageux
2022-12-28 17:11:26,Clinique des Spécialités,O+,57,19,0,38,3.7,8,98.0,normale,Contrôle bactériologique négatif,2,17,12,False,True,normal,ensoleillé
2022-12-28 23:16:35,Clinique des Spécialités,A+,37,9,26,54,4.0,11,93.5,normale,"Excellent état, conservation parfaite",2,23,12,False,True,normal,nuageux
2022-12-29 05:02:46,Clinique des Spécialités,O+,51,10,0,41,4.1,4,87.7,normale,"Bon état général, légère variation température",3,5,12,False,True,campagne_don,ensoleillé
2022-12-29 17:58:14,Clinique des Spécialités,O+,72,14,20,78,4.0,34,100.0,normale,"État satisfaisant, contrôle qualité OK",3,17,12,False,True,normal,ensoleillé
2022-12-30 17:17:44,Clinique des Spécialités,O-,27,16,0,11,3.3,12,95.9,faible,"Bon état général, légère variation température",4,17,12,False,True,normal,ensoleillé
2022-12-30 19:30:37,Clinique des Spécialités,O+,46,5,0,41,4.2,18,100.0,normale,"Bon état général, légère variation température",4,19,12,False,True,normal,nuageux
2022-12-31 12:10:47,Clinique des Spécialités,O-,24,5,0,19,2.8,23,100.0,faible,"Excellent état, conservation parfaite",5,12,12,True,True,normal,ensoleillé
2022-12-31 23:48:12,Clinique des Spécialités,O+,26,2,0,24,3.9,1,51.4,attention,Contrôle bactériologique négatif,5,23,12,True,True,normal,ensoleillé
2023-01-01 04:29:21,Clinique des Spécialités,A+,22,11,14,25,3.6,25,100.0,normale,Parfait pour transfusion immédiate,6,4,1,True,True,normal,ensoleillé
2023-01-01 11:36:39,Clinique des Spécialités,O+,41,3,0,38,3.1,7,100.0,normale,Contrôle bactériologique négatif,6,11,1,True,True,normal,ensoleillé
2023-01-02 00:10:14,Clinique des Spécialités,O+,27,14,0,13,4.0,6,98.2,faible,"Bon état général, légère variation température",0,0,1,False,True,normal,ensoleillé
2023-01-03 03:13:35,Clinique des Spécialités,B+,28,16,0,12,4.6,28,97.4,faible,"État satisfaisant, contrôle qualité OK",1,3,1,False,True,normal,ensoleillé
2023-01-03 08:51:16,Clinique des Spécialités,A+,40,7,0,33,4.4,7,95.1,normale,"Bon état général, légère variation température",1,8,1,False,True,accident_route,pluvieux
2023-01-03 10:13:41,Clinique des Spécialités,B+,63,7,0,56,3.0,24,98.1,normale,Parfait pour transfusion immédiate,1,10,1,False,True,normal,pluvieux
2023-01-03 11:51:03,Clinique des Spécialités,A+,55,11,0,44,4.4,21,99.7,normale,Contrôle bactériologique négatif,1,11,1,False,True,normal,orageux
2023-01-03 18:28:28,Clinique des Spécialités,O+,76,7,25,94,3.7,10,95.6,normale,"État satisfaisant, contrôle qualité OK",1,18,1,False,True,campagne_don,ensoleillé
2023-01-04 08:59:39,Clinique des Spécialités,A+,45,14,0,31,4.3,10,97.4,normale,Attention: proche expiration,2,8,1,False,True,normal,ensoleillé
2023-01-05 07:58:04,Clinique des Spécialités,B-,85,7,19,97,3.9,40,96.2,normale,"État satisfaisant, contrôle qualité OK",3,7,1,False,True,normal,nuageux
2023-01-05 14:50:40,Clinique des Spécialités,A+,43,9,0,34,3.8,52,100.0,normale,Parfait pour transfusion immédiate,3,14,1,False,True,normal,ensoleillé
2023-01-05 17:22:41,Clinique des Spécialités,A+,92,9,0,83,4.0,2,83.1,normale,Contrôle bactériologique négatif,3,17,1,False,True,normal,ensoleillé
2023-01-05 19:01:07,Clinique des Spécialités,O+,57,11,0,46,3.7,1,67.9,attention,Urgent: vérifier température stockage,3,19,1,False,True,normal,nuageux
2023-01-05 20:10:03,Clinique des Spécialités,O+,60,12,0,48,3.6,3,84.8,normale,Parfait pour transfusion immédiate,3,20,1,False,True,normal,orageux
2023-01-05 22:10:20,Clinique des Spécialités,B+,50,8,0,42,4.3,3,79.1,normale,Attention: proche expiration,3,22,1,False,True,normal,ensoleillé
2023-01-06 07:58:55,Clinique des Spécialités,O-,25,8,0,17,4.7,1,60.3,faible,"État satisfaisant, contrôle qualité OK",4,7,1,False,True,normal,ensoleillé
2023-01-06 20:17:07,Clinique des Spécialités,A+,59,13,0,46,3.2,11,100.0,normale,Contrôle bactériologique négatif,4,20,1,False,True,normal,ensoleillé
2023-01-07 00:58:40,Clinique des Spécialités,O-,23,3,0,20,4.1,1,57.3,attention,Contrôle bactériologique négatif,5,0,1,True,True,normal,ensoleillé
2023-01-07 09:57:24,Clinique des Spécialités,O+,33,10,19,42,4.2,14,100.0,normale,Attention: proche expiration,5,9,1,True,True,normal,ensoleillé
2023-01-07 16:28:03,Clinique des Spécialités,O+,52,7,23,68,3.9,5,100.0,normale,"Excellent état, conservation parfaite",5,16,1,True,True,normal,ensoleillé
2023-01-07 18:43:17,Clinique des Spécialités,B-,48,5,0,43,4.4,1,50.7,attention,"Excellent état, conservation parfaite",5,18,1,True,True,normal,pluvieux
2023-01-07 19:52:46,Clinique des Spécialités,A+,39,6,0,33,4.4,2,85.9,normale,"Excellent état, conservation parfaite",5,19,1,True,True,normal,ensoleillé
2023-01-08 01:36:06,Clinique des Spécialités,A-,22,4,15,33,3.7,47,96.7,normale,Urgent: vérifier température stockage,6,1,1,True,True,normal,pluvieux
2023-01-08 02:41:05,Clinique des Spécialités,A+,23,8,0,15,3.5,21,95.9,faible,Urgent: vérifier température stockage,6,2,1,True,True,normal,pluvieux
2023-01-08 16:11:02,Clinique des Spécialités,O+,31,8,0,23,4.5,2,87.3,normale,"Excellent état, conservation parfaite",6,16,1,True,True,normal,pluvieux
2023-01-08 18:59:25,Clinique des Spécialités,O+,24,5,0,19,4.8,26,100.0,faible,Attention: proche expiration,6,18,1,True,True,normal,ensoleillé
2023-01-09 18:46:11,Clinique des Spécialités,A+,67,11,0,56,4.8,3,78.2,normale,Contrôle bactériologique négatif,0,18,1,False,True,normal,nuageux
2023-01-09 21:10:16,Clinique des Spécialités,O-,70,11,0,59,3.5,22,100.0,normale,Attention: proche expiration,0,21,1,False,True,normal,ensoleillé
2023-01-10 02:38:17,Clinique des Spécialités,O+,38,10,0,28,4.4,2,91.3,normale,Attention: proche expiration,1,2,1,False,True,normal,nuageux
2023-01-10 11:11:00,Clinique des Spécialités,A-,61,8,0,53,3.7,14,99.0,normale,Contrôle bactériologique négatif,1,11,1,False,True,normal,ensoleillé
2023-01-10 21:29:38,Clinique des Spécialités,O+,32,11,0,21,3.9,3,81.9,normale,"Bon état général, légère variation température",1,21,1,False,True,normal,ensoleillé
2023-01-11 02:23:35,Clinique des Spécialités,A+,22,9,18,31,3.2,14,96.8,normale,"État satisfaisant, contrôle qualité OK",2,2,1,False,True,normal,pluvieux
2023-01-11 04:15:48,Clinique des Spécialités,O+,28,11,0,17,4.9,15,100.0,faible,"Excellent état, conservation parfaite",2,4,1,False,True,normal,pluvieux
2023-01-11 13:02:48,Clinique des Spécialités,A-,60,1,0,59,4.4,22,94.9,normale,Parfait pour transfusion immédiate,2,13,1,False,True,normal,pluvieux
2023-01-11 13:09:24,Clinique des Spécialités,O+,62,5,0,57,3.4,19,99.8,normale,Contrôle bactériologique négatif,2,13,1,False,True,normal,pluvieux
2023-01-12 06:00:51,Clinique des Spécialités,O+,27,11,0,16,4.2,4,81.3,faible,Contrôle bactériologique négatif,3,6,1,False,True,normal,pluvieux
2023-01-12 08:20:49,Clinique des Spécialités,O+,89,10,0,79,4.4,1,67.0,attention,Parfait pour transfusion immédiate,3,8,1,False,True,normal,ensoleillé
2023-01-12 15:32:10,Clinique des Spécialités,A+,65,6,0,59,4.9,3,82.1,normale,Urgent: vérifier température stockage,3,15,1,False,True,normal,nuageux
2023-01-12 23:57:28,Clinique des Spécialités,A+,8,10,0,0,3.0,12,100.0,critique,URGENT: Stock critique - Contrôle bactériologique négatif,3,23,1,False,True,normal,nuageux
2023-01-13 03:57:23,Clinique des Spécialités,A+,24,3,0,21,4.4,10,97.5,normale,"Bon état général, légère variation température",4,3,1,False,True,normal,orageux
2023-01-13 05:00:24,Clinique des Spécialités,A+,26,7,12,31,4.6,21,95.4,normale,Contrôle bactériologique négatif,4,5,1,False,True,normal,nuageux
2023-01-13 05:23:25,Clinique des Spécialités,A+,14,12,0,2,4.7,11,99.3,critique,URGENT: Stock critique - Urgent: vérifier température stockage,4,5,1,False,True,normal,ensoleillé
2023-01-13 08:45:02,Clinique des Spécialités,AB+,75,7,0,68,3.6,5,100.0,normale,Hémoglobine dans les normes,4,8,1,False,True,normal,nuageux
2023-01-13 15:55:35,Clinique des Spécialités,A+,62,4,0,58,3.4,4,90.6,normale,Contrôle bactériologique négatif,4,15,1,False,True,normal,ensoleillé
2023-01-13 23:26:47,Clinique des Spécialités,O+,34,8,0,26,4.6,14,99.0,normale,"Excellent état, conservation parfaite",4,23,1,False,True,normal,ensoleillé
2023-01-14 00:11:25,Clinique des Spécialités,A+,17,6,20,31,3.5,1,55.6,attention,"État satisfaisant, contrôle qualité OK",5,0,1,True,True,normal,ensoleillé
2023-01-14 09:53:14,Clinique des Spécialités,B+,14,4,0,10,4.5,1,55.9,faible,"État satisfaisant, contrôle qualité OK",5,9,1,True,True,normal,ensoleillé
2023-01-14 15:47:03,Clinique des Spécialités,O+,48,3,0,45,3.6,27,100.0,normale,"Bon état général, légère variation température",5,15,1,True,True,normal,ensoleillé
2023-01-15 01:48:30,Clinique des Spécialités,A-,27,6,0,21,5.0,2,81.4,normale,"Excellent état, conservation parfaite",6,1,1,True,True,normal,pluvieux
2023-01-15 17:39:28,Clinique des Spécialités,O+,40,9,0,31,4.1,4,82.6,normale,"Excellent état, conservation parfaite",6,17,1,True,True,normal,pluvieux
2023-01-16 11:24:12,Clinique des Spécialités,A+,41,7,0,34,4.1,28,100.0,normale,Contrôle bactériologique négatif,0,11,1,False,True,normal,nuageux
2023-01-16 15:58:37,Clinique des Spécialités,A+,43,13,0,30,3.2,30,93.2,normale,Hémoglobine dans les normes,0,15,1,False,True,normal,pluvieux
2023-01-16 19:16:25,Clinique des Spécialités,A+,60,11,0,49,4.1,83,84.0,normale,Attention: proche expiration,0,19,1,False,True,normal,ensoleillé
2023-01-16 22:23:51,Clinique des Spécialités,O+,41,13,0,28,3.3,17,99.4,normale,"Bon état général, légère variation température",0,22,1,False,True,normal,ensoleillé
2023-01-17 02:55:40,Clinique des Spécialités,AB+,19,4,0,15,3.7,1,58.0,faible,"État satisfaisant, contrôle qualité OK",1,2,1,False,True,épidémie,orageux
2023-01-17 17:12:35,Clinique des Spécialités,A+,35,5,0,30,3.4,7,90.1,normale,Parfait pour transfusion immédiate,1,17,1,False,True,normal,orageux
2023-01-17 20:58:56,Clinique des Spécialités,A+,75,6,19,88,3.5,5,100.0,normale,Hémoglobine dans les normes,1,20,1,False,True,urgence_médicale,pluvieux
2023-01-17 22:25:59,Clinique des Spécialités,A-,65,10,14,69,3.9,31,93.7,normale,Attention: proche expiration,1,22,1,False,True,normal,nuageux
2023-01-18 07:46:16,Clinique des Spécialités,O+,89,7,19,101,3.5,7,98.5,normale,Hémoglobine dans les normes,2,7,1,False,True,normal,ensoleillé
2023-01-18 12:56:54,Clinique des Spécialités,A+,50,11,0,39,4.1,17,100.0,normale,"État satisfaisant, contrôle qualité OK",2,12,1,False,True,normal,ensoleillé
2023-01-18 23:07:20,Clinique des Spécialités,O+,37,10,0,27,4.1,1,57.0,attention,Hémoglobine dans les normes,2,23,1,False,True,normal,ensoleillé
2023-01-19 08:59:23,Clinique des Spécialités,O+,90,9,15,96,4.1,5,92.1,normale,"Excellent état, conservation parfaite",3,8,1,False,True,normal,ensoleillé
2023-01-19 15:11:41,Clinique des Spécialités,A+,28,7,0,21,3.7,13,94.0,normale,"Bon état général, légère variation température",3,15,1,False,True,normal,ensoleillé
2023-01-19 18:46:00,Clinique des Spécialités,AB+,71,12,21,80,4.1,9,100.0,normale,"État satisfaisant, contrôle qualité OK",3,18,1,False,True,normal,pluvieux
2023-01-20 09:29:47,Clinique des Spécialités,A+,35,7,0,28,3.1,17,95.8,normale,Hémoglobine dans les normes,4,9,1,False,True,normal,ensoleillé
2023-01-20 10:54:24,Clinique des Spécialités,O-,48,6,0,42,3.8,17,89.7,normale,"Bon état général, légère variation température",4,10,1,False,True,normal,pluvieux
2023-01-20 17:18:35,Clinique des Spécialités,AB+,50,5,0,45,3.7,24,100.0,normale,Attention: proche expiration,4,17,1,False,True,normal,nuageux
2023-01-20 17:35:42,Clinique des Spécialités,O+,62,4,21,79,4.1,17,94.2,normale,"Bon état général, légère variation température",4,17,1,False,True,normal,orageux
2023-01-21 02:25:38,Clinique des Spécialités,O+,20,8,0,12,4.0,5,97.7,faible,Contrôle bactériologique négatif,5,2,1,True,True,normal,pluvieux
2023-01-21 08:51:39,Clinique des Spécialités,A+,42,6,0,36,4.0,5,100.0,normale,Contrôle bactériologique négatif,5,8,1,True,True,normal,ensoleillé
2023-01-21 23:51:04,Clinique des Spécialités,AB+,20,6,0,14,4.7,7,100.0,faible,Urgent: vérifier température stockage,5,23,1,True,True,normal,ensoleillé
2023-01-22 07:42:05,Clinique des Spécialités,AB+,41,3,0,38,4.1,22,99.3,normale,Attention: proche expiration,6,7,1,True,True,normal,nuageux
2023-01-22 10:59:18,Clinique des Spécialités,O+,40,5,0,35,3.9,3,92.8,normale,"État satisfaisant, contrôle qualité OK",6,10,1,True,True,normal,nuageux
2023-01-22 12:27:03,Clinique des Spécialités,A-,32,9,0,23,3.5,4,91.0,normale,Urgent: vérifier température stockage,6,12,1,True,True,normal,ensoleillé
2023-01-22 22:19:07,Clinique des Spécialités,O+,44,5,23,62,3.6,42,95.7,normale,Contrôle bactériologique négatif,6,22,1,True,True,campagne_don,ensoleillé
2023-01-23 00:20:34,Clinique des Spécialités,B+,45,10,0,35,3.6,15,98.7,normale,Attention: proche expiration,0,0,1,False,True,normal,orageux
2023-01-23 02:46:12,Clinique des Spécialités,O+,32,10,17,39,3.2,2,82.1,normale,Urgent: vérifier température stockage,0,2,1,False,True,normal,ensoleillé
2023-01-23 19:41:11,Clinique des Spécialités,A+,86,13,0,73,4.2,53,99.9,normale,Hémoglobine dans les normes,0,19,1,False,True,normal,pluvieux
2023-01-23 21:48:21,Clinique des Spécialités,B-,95,11,0,84,4.7,10,94.2,normale,"État satisfaisant, contrôle qualité OK",0,21,1,False,True,normal,ensoleillé
2023-01-24 20:56:15,Clinique des Spécialités,B-,83,5,0,78,4.3,26,87.5,normale,Hémoglobine dans les normes,1,20,1,False,True,normal,ensoleillé
2023-01-25 18:07:56,Clinique des Spécialités,O+,39,9,0,30,4.1,7,100.0,normale,Attention: proche expiration,2,18,1,False,True,normal,orageux
2023-01-25 18:39:39,Clinique des Spécialités,AB+,34,9,0,25,3.7,13,100.0,normale,Contrôle bactériologique négatif,2,18,1,False,True,normal,pluvieux
2023-01-25 22:43:17,Clinique des Spécialités,A-,66,15,0,51,3.5,23,100.0,normale,"Bon état général, légère variation température",2,22,1,False,True,normal,nuageux
2023-01-26 04:00:32,Clinique des Spécialités,B+,26,4,18,40,4.3,1,56.2,attention,"Excellent état, conservation parfaite",3,4,1,False,True,normal,orageux
2023-01-26 22:52:19,Clinique des Spécialités,A+,66,4,0,62,4.4,7,93.8,normale,Parfait pour transfusion immédiate,3,22,1,False,True,normal,nuageux
2023-01-27 09:15:16,Clinique des Spécialités,A+,82,5,0,77,3.7,3,83.7,normale,Parfait pour transfusion immédiate,4,9,1,False,True,normal,ensoleillé
2023-01-27 14:55:26,Clinique des Spécialités,A+,46,11,28,63,4.0,29,99.5,normale,"Bon état général, légère variation température",4,14,1,False,True,normal,pluvieux
2023-01-27 15:12:19,Clinique des Spécialités,A+,55,10,0,45,4.5,1,59.6,attention,Hémoglobine dans les normes,4,15,1,False,True,normal,pluvieux
2023-01-27 21:28:30,Clinique des Spécialités,A+,59,12,0,47,4.4,23,95.6,normale,Contrôle bactériologique négatif,4,21,1,False,True,normal,ensoleillé
2023-01-27 23:09:45,Clinique des Spécialités,B+,48,8,0,40,4.2,14,100.0,normale,Contrôle bactériologique négatif,4,23,1,False,True,normal,pluvieux
2023-01-28 00:50:13,Clinique des Spécialités,A+,20,6,0,14,3.1,20,98.2,faible,Attention: proche expiration,5,0,1,True,True,normal,orageux
2023-01-28 13:30:27,Clinique des Spécialités,A+,39,6,0,33,4.6,10,89.4,normale,"État satisfaisant, contrôle qualité OK",5,13,1,True,True,normal,ensoleillé
2023-01-28 16:59:40,Clinique des Spécialités,A+,40,12,0,28,3.0,1,59.2,attention,Hémoglobine dans les normes,5,16,1,True,True,normal,ensoleillé
2023-01-29 00:25:29,Clinique des Spécialités,A+,11,3,0,8,3.6,1,61.0,critique,URGENT: Stock critique - Attention: proche expiration,6,0,1,True,True,normal,orageux
2023-01-30 01:02:03,Clinique des Spécialités,O+,36,9,0,27,4.1,33,100.0,normale,Hémoglobine dans les normes,0,1,1,False,True,normal,ensoleillé
2023-01-30 01:02:12,Clinique des Spécialités,O+,19,16,0,3,3.9,24,99.5,critique,"URGENT: Stock critique - Bon état général, légère variation température",0,1,1,False,True,normal,ensoleillé
2023-01-30 08:01:19,Clinique des Spécialités,O+,64,10,9,63,4.5,10,98.4,normale,"Excellent état, conservation parfaite",0,8,1,False,True,accident_route,nuageux
2023-01-30 20:12:37,Clinique des Spécialités,O+,84,7,0,77,4.4,2,81.3,normale,"Excellent état, conservation parfaite",0,20,1,False,True,normal,ensoleillé
2023-01-31 16:00:36,Clinique des Spécialités,A+,70,3,0,67,4.2,1,66.5,attention,"État satisfaisant, contrôle qualité OK",1,16,1,False,True,normal,ensoleillé
2023-01-31 18:15:30,Clinique des Spécialités,O-,65,15,20,70,3.9,26,100.0,normale,Urgent: vérifier température stockage,1,18,1,False,True,normal,nuageux
2023-01-31 21:45:34,Clinique des Spécialités,A+,17,0,0,17,3.6,1,61.7,faible,Contrôle bactériologique négatif,1,21,1,False,True,normal,pluvieux
2023-02-01 10:05:10,Clinique des Spécialités,B+,52,12,0,40,3.9,6,100.0,normale,"Bon état général, légère variation température",2,10,2,False,False,normal,pluvieux
2023-02-01 12:05:53,Clinique des Spécialités,A+,55,1,15,69,3.8,61,97.7,normale,"Excellent état, conservation parfaite",2,12,2,False,False,normal,ensoleillé
2023-02-02 05:27:27,Clinique des Spécialités,A+,28,7,0,21,3.9,20,100.0,normale,Contrôle bactériologique négatif,3,5,2,False,False,normal,pluvieux
2023-02-02 05:37:00,Clinique des Spécialités,AB+,39,12,0,27,3.7,14,100.0,normale,"État satisfaisant, contrôle qualité OK",3,5,2,False,False,normal,ensoleillé
2023-02-04 10:20:00,Clinique des Spécialités,O+,17,5,13,25,4.6,1,59.8,attention,"Excellent état, conservation parfaite",5,10,2,True,False,normal,ensoleillé
2023-02-04 16:46:09,Clinique des Spécialités,AB+,36,5,0,31,4.1,14,100.0,normale,Urgent: vérifier température stockage,5,16,2,True,False,normal,pluvieux
2023-02-04 19:09:59,Clinique des Spécialités,A+,48,7,0,41,4.2,18,100.0,normale,Parfait pour transfusion immédiate,5,19,2,True,False,normal,ensoleillé
2023-02-05 05:19:24,Clinique des Spécialités,O-,26,6,0,20,4.4,8,100.0,normale,Hémoglobine dans les normes,6,5,2,True,False,normal,nuageux
2023-02-05 09:43:24,Clinique des Spécialités,A+,27,6,0,21,3.6,1,60.5,attention,"Bon état général, légère variation température",6,9,2,True,False,normal,pluvieux
2023-02-05 15:27:46,Clinique des Spécialités,B+,50,3,0,47,4.6,1,55.6,attention,Contrôle bactériologique négatif,6,15,2,True,False,normal,ensoleillé
2023-02-05 23:06:53,Clinique des Spécialités,AB-,14,7,0,7,3.6,25,100.0,critique,URGENT: Stock critique - Hémoglobine dans les normes,6,23,2,True,False,normal,ensoleillé
2023-02-06 04:20:11,Clinique des Spécialités,O+,38,6,0,32,4.2,4,85.2,normale,"Bon état général, légère variation température",0,4,2,False,False,normal,ensoleillé
2023-02-06 06:18:34,Clinique des Spécialités,O+,42,5,0,37,3.5,19,96.3,normale,Parfait pour transfusion immédiate,0,6,2,False,False,normal,pluvieux
2023-02-06 06:52:49,Clinique des Spécialités,A+,69,12,19,76,4.4,7,98.0,normale,Attention: proche expiration,0,6,2,False,False,normal,nuageux
2023-02-06 11:06:52,Clinique des Spécialités,O+,39,8,0,31,4.1,2,84.6,normale,Contrôle bactériologique négatif,0,11,2,False,False,normal,pluvieux
2023-02-06 13:00:45,Clinique des Spécialités,A-,67,8,24,83,4.1,2,81.6,normale,Attention: proche expiration,0,13,2,False,False,normal,pluvieux
2023-02-07 00:18:46,Clinique des Spécialités,A+,30,13,0,17,4.9,13,100.0,faible,Attention: proche expiration,1,0,2,False,False,normal,nuageux
2023-02-07 03:28:17,Clinique des Spécialités,B+,31,6,0,25,4.4,34,100.0,normale,"Bon état général, légère variation température",1,3,2,False,False,normal,ensoleillé
2023-02-08 04:43:09,Clinique des Spécialités,A+,32,9,9,32,4.4,22,97.9,normale,"Excellent état, conservation parfaite",2,4,2,False,False,normal,ensoleillé
2023-02-08 08:00:12,Clinique des Spécialités,O+,46,12,0,34,3.8,18,100.0,normale,Parfait pour transfusion immédiate,2,8,2,False,False,normal,nuageux
2023-02-08 16:01:05,Clinique des Spécialités,O+,41,7,0,34,4.0,8,99.9,normale,"Excellent état, conservation parfaite",2,16,2,False,False,normal,nuageux
2023-02-08 17:00:50,Clinique des Spécialités,O+,50,1,0,49,3.7,4,82.8,normale,Contrôle bactériologique négatif,2,17,2,False,False,normal,pluvieux
2023-02-08 20:36:49,Clinique des Spécialités,A+,45,2,0,43,4.0,15,100.0,normale,"Bon état général, légère variation température",2,20,2,False,False,normal,pluvieux
2023-02-09 03:16:01,Clinique des Spécialités,O+,23,8,0,15,4.0,1,56.7,faible,Parfait pour transfusion immédiate,3,3,2,False,False,normal,ensoleillé
2023-02-09 03:52:09,Clinique des Spécialités,O+,30,14,0,16,4.5,27,99.1,faible,Hémoglobine dans les normes,3,3,2,False,False,normal,nuageux
2023-02-09 20:49:26,Clinique des Spécialités,A+,44,5,21,60,3.9,1,63.8,attention,Contrôle bactériologique négatif,3,20,2,False,False,normal,pluvieux
2023-02-10 00:33:18,Clinique des Spécialités,A+,34,9,0,25,3.5,16,95.4,normale,Hémoglobine dans les normes,4,0,2,False,False,normal,nuageux
2023-02-11 00:23:35,Clinique des Spécialités,O+,23,6,15,32,4.9,18,100.0,normale,Hémoglobine dans les normes,5,0,2,True,False,normal,ensoleillé
2023-02-11 21:21:01,Clinique des Spécialités,O-,27,7,0,20,4.7,1,55.6,attention,Hémoglobine dans les normes,5,21,2,True,False,normal,nuageux
2023-02-12 12:06:51,Clinique des Spécialités,B+,26,4,0,22,3.7,26,100.0,normale,Attention: proche expiration,6,12,2,True,False,normal,ensoleillé
2023-02-12 15:18:53,Clinique des Spécialités,O+,28,8,23,43,3.5,15,100.0,normale,"Bon état général, légère variation température",6,15,2,True,False,normal,ensoleillé
2023-02-12 23:00:24,Clinique des Spécialités,B+,8,3,0,5,4.5,12,94.7,critique,URGENT: Stock critique - Contrôle bactériologique négatif,6,23,2,True,False,normal,orageux
2023-02-12 23:38:08,Clinique des Spécialités,A+,18,10,15,23,4.9,2,85.1,normale,"Bon état général, légère variation température",6,23,2,True,False,normal,orageux
2023-02-13 03:36:14,Clinique des Spécialités,O-,44,3,17,58,4.4,2,88.7,normale,"Excellent état, conservation parfaite",0,3,2,False,False,normal,pluvieux
2023-02-13 04:09:14,Clinique des Spécialités,A-,17,8,0,9,3.6,47,98.8,critique,"URGENT: Stock critique - Bon état général, légère variation température",0,4,2,False,False,normal,orageux
2023-02-13 09:53:04,Clinique des Spécialités,A+,40,9,0,31,4.0,10,100.0,normale,"Excellent état, conservation parfaite",0,9,2,False,False,normal,nuageux
2023-02-13 14:56:42,Clinique des Spécialités,O+,91,5,24,110,4.3,5,100.0,normale,"Bon état général, légère variation température",0,14,2,False,False,normal,ensoleillé
2023-02-13 21:42:41,Clinique des Spécialités,O+,29,4,23,48,4.3,7,100.0,normale,"Excellent état, conservation parfaite",0,21,2,False,False,normal,ensoleillé
2023-02-15 05:51:38,Clinique des Spécialités,B+,28,14,16,30,4.4,1,57.9,attention,"Bon état général, légère variation température",2,5,2,False,False,épidémie,ensoleillé
2023-02-16 05:19:59,Clinique des Spécialités,O+,31,8,0,23,3.7,4,89.7,normale,"Bon état général, légère variation température",3,5,2,False,False,normal,ensoleillé
2023-02-16 08:41:21,Clinique des Spécialités,A+,53,3,0,50,3.8,35,97.2,normale,"Bon état général, légère variation température",3,8,2,False,False,normal,pluvieux
2023-02-16 12:29:44,Clinique des Spécialités,O+,29,5,21,45,4.9,8,100.0,normale,Urgent: vérifier température stockage,3,12,2,False,False,normal,ensoleillé
2023-02-17 01:23:27,Clinique des Spécialités,O+,13,7,0,6,4.0,2,83.1,critique,"URGENT: Stock critique - Excellent état, conservation parfaite",4,1,2,False,False,normal,nuageux
2023-02-17 13:00:57,Clinique des Spécialités,A+,36,10,16,42,3.6,8,98.9,normale,Urgent: vérifier température stockage,4,13,2,False,False,normal,pluvieux
2023-02-18 06:58:54,Clinique des Spécialités,O+,34,2,0,32,3.4,4,82.7,normale,Urgent: vérifier température stockage,5,6,2,True,False,normal,nuageux
2023-02-18 14:54:28,Clinique des Spécialités,A+,18,5,0,13,4.2,1,68.6,faible,Hémoglobine dans les normes,5,14,2,True,False,normal,ensoleillé
2023-02-19 03:40:37,Clinique des Spécialités,O+,7,5,0,2,3.9,13,99.9,critique,"URGENT: Stock critique - État satisfaisant, contrôle qualité OK",6,3,2,True,False,normal,nuageux
2023-02-19 08:45:04,Clinique des Spécialités,O+,26,7,0,19,4.0,13,100.0,faible,"État satisfaisant, contrôle qualité OK",6,8,2,True,False,normal,nuageux
2023-02-19 08:52:47,Clinique des Spécialités,A+,44,5,0,39,4.8,3,89.5,normale,"Bon état général, légère variation température",6,8,2,True,False,normal,nuageux
2023-02-19 14:27:26,Clinique des Spécialités,A+,33,6,0,27,4.5,17,100.0,normale,"Excellent état, conservation parfaite",6,14,2,True,False,normal,nuageux
2023-02-19 16:40:10,Clinique des Spécialités,A+,34,2,13,45,5.3,12,100.0,normale,Hémoglobine dans les normes,6,16,2,True,False,normal,ensoleillé
2023-02-19 21:05:20,Clinique des Spécialités,O+,42,6,20,56,3.1,5,99.1,normale,Contrôle bactériologique négatif,6,21,2,True,False,normal,pluvieux
2023-02-20 13:44:34,Clinique des Spécialités,O+,85,10,0,75,4.1,1,55.2,attention,Contrôle bactériologique négatif,0,13,2,False,False,normal,orageux
2023-02-20 19:01:34,Clinique des Spécialités,O+,54,6,0,48,3.6,6,100.0,normale,Attention: proche expiration,0,19,2,False,False,normal,ensoleillé
2023-02-20 22:42:43,Clinique des Spécialités,B-,24,1,0,23,4.0,42,100.0,normale,"Bon état général, légère variation température",0,22,2,False,False,normal,nuageux
2023-02-21 10:44:07,Clinique des Spécialités,AB-,33,14,0,19,3.1,63,98.8,faible,Contrôle bactériologique négatif,1,10,2,False,False,normal,ensoleillé
2023-02-22 00:39:10,Clinique des Spécialités,O+,35,2,0,33,3.5,18,100.0,normale,"Bon état général, légère variation température",2,0,2,False,False,normal,ensoleillé
2023-02-22 01:48:01,Clinique des Spécialités,A+,16,12,23,27,3.6,40,88.2,normale,"Bon état général, légère variation température",2,1,2,False,False,normal,orageux
2023-02-22 12:35:42,Clinique des Spécialités,O-,90,11,0,79,3.1,63,94.4,normale,"État satisfaisant, contrôle qualité OK",2,12,2,False,False,normal,orageux
2023-02-22 19:14:45,Clinique des Spécialités,O+,54,2,0,52,3.3,23,100.0,normale,Attention: proche expiration,2,19,2,False,False,normal,pluvieux
2023-02-23 19:21:52,Clinique des Spécialités,A+,40,8,0,32,4.2,1,55.9,attention,"État satisfaisant, contrôle qualité OK",3,19,2,False,False,normal,ensoleillé
2023-02-23 23:17:21,Clinique des Spécialités,A+,12,6,24,30,3.8,16,98.1,normale,"Excellent état, conservation parfaite",3,23,2,False,False,normal,pluvieux
2023-02-24 09:59:09,Clinique des Spécialités,A+,70,8,0,62,3.9,2,80.6,normale,"Bon état général, légère variation température",4,9,2,False,False,normal,ensoleillé
2023-02-24 13:10:02,Clinique des Spécialités,O+,53,6,20,67,2.5,3,87.6,normale,"État satisfaisant, contrôle qualité OK",4,13,2,False,False,normal,ensoleillé
2023-02-25 13:04:44,Clinique des Spécialités,O-,33,4,0,29,4.0,9,92.0,normale,"Bon état général, légère variation température",5,13,2,True,False,urgence_médicale,ensoleillé
2023-02-25 15:08:03,Clinique des Spécialités,O+,40,4,0,36,4.3,4,86.4,normale,"Excellent état, conservation parfaite",5,15,2,True,False,normal,pluvieux
2023-02-26 07:46:45,Clinique des Spécialités,O+,35,9,0,26,4.6,11,100.0,normale,"Bon état général, légère variation température",6,7,2,True,False,normal,ensoleillé
2023-02-26 09:28:05,Clinique des Spécialités,A-,45,6,0,39,4.4,16,100.0,normale,Urgent: vérifier température stockage,6,9,2,True,False,normal,ensoleillé
2023-02-26 18:49:33,Clinique des Spécialités,A+,21,3,0,18,3.9,11,100.0,faible,Contrôle bactériologique négatif,6,18,2,True,False,normal,ensoleillé
2023-02-27 06:29:42,Clinique des Spécialités,A+,40,10,0,30,4.3,1,57.1,attention,Urgent: vérifier température stockage,0,6,2,False,False,normal,orageux
2023-02-27 15:14:39,Clinique des Spécialités,O+,37,8,0,29,3.9,19,96.4,normale,"État satisfaisant, contrôle qualité OK",0,15,2,False,False,normal,orageux
2023-02-27 21:11:48,Clinique des Spécialités,O-,60,9,26,77,3.4,4,89.9,normale,Parfait pour transfusion immédiate,0,21,2,False,False,épidémie,ensoleillé
2023-02-28 16:22:47,Clinique des Spécialités,A+,44,7,0,37,3.6,21,93.9,normale,Urgent: vérifier température stockage,1,16,2,False,False,normal,ensoleillé
2023-02-28 18:18:05,Clinique des Spécialités,O+,40,9,14,45,3.6,1,63.9,attention,Attention: proche expiration,1,18,2,False,False,normal,ensoleillé
2023-03-01 02:26:02,Clinique des Spécialités,A+,27,9,0,18,5.0,6,100.0,faible,Urgent: vérifier température stockage,2,2,3,False,False,normal,pluvieux
2023-03-01 02:37:28,Clinique des Spécialités,O+,28,3,19,44,4.7,13,99.8,normale,"Bon état général, légère variation température",2,2,3,False,False,normal,pluvieux
2023-03-01 04:38:38,Clinique des Spécialités,AB+,21,10,0,11,3.9,1,65.5,faible,"Excellent état, conservation parfaite",2,4,3,False,False,normal,pluvieux
2023-03-01 04:53:29,Clinique des Spécialités,O+,24,11,0,13,4.7,32,99.0,faible,"Bon état général, légère variation température",2,4,3,False,False,campagne_don,ensoleillé
2023-03-01 13:19:40,Clinique des Spécialités,A+,37,6,0,31,4.0,56,100.0,normale,Urgent: vérifier température stockage,2,13,3,False,False,normal,ensoleillé
2023-03-02 06:36:50,Clinique des Spécialités,A+,56,10,0,46,4.3,10,93.6,normale,Attention: proche expiration,3,6,3,False,False,normal,pluvieux
2023-03-02 07:18:16,Clinique des Spécialités,A+,86,5,0,81,3.8,14,100.0,normale,"Excellent état, conservation parfaite",3,7,3,False,False,normal,ensoleillé
2023-03-02 18:02:49,Clinique des Spécialités,B+,54,10,0,44,3.7,5,100.0,normale,Contrôle bactériologique négatif,3,18,3,False,False,normal,ensoleillé
2023-03-03 06:27:09,Clinique des Spécialités,A+,61,11,0,50,3.9,40,97.1,normale,Contrôle bactériologique négatif,4,6,3,False,False,normal,nuageux
2023-03-03 14:11:46,Clinique des Spécialités,O+,31,9,0,22,3.7,34,99.5,normale,Contrôle bactériologique négatif,4,14,3,False,False,normal,orageux
2023-03-03 14:28:23,Clinique des Spécialités,A+,26,5,32,53,4.4,1,68.0,attention,Attention: proche expiration,4,14,3,False,False,normal,ensoleillé
2023-03-03 16:55:05,Clinique des Spécialités,A-,55,8,0,47,3.4,10,93.9,normale,"État satisfaisant, contrôle qualité OK",4,16,3,False,False,normal,pluvieux
2023-03-03 22:29:27,Clinique des Spécialités,A+,49,7,0,42,4.0,1,65.3,attention,Contrôle bactériologique négatif,4,22,3,False,False,normal,ensoleillé
2023-03-04 04:41:23,Clinique des Spécialités,O+,21,3,0,18,4.1,23,97.6,faible,"Bon état général, légère variation température",5,4,3,True,False,normal,ensoleillé
2023-03-04 06:15:33,Clinique des Spécialités,O+,28,3,0,25,3.9,4,91.7,normale,Parfait pour transfusion immédiate,5,6,3,True,False,normal,ensoleillé
2023-03-04 06:32:38,Clinique des Spécialités,O-,47,6,0,41,5.2,3,79.5,normale,Contrôle bactériologique négatif,5,6,3,True,False,normal,nuageux
2023-03-04 06:59:48,Clinique des Spécialités,A+,22,6,25,41,4.4,2,85.6,normale,Contrôle bactériologique négatif,5,6,3,True,False,normal,pluvieux
2023-03-04 07:43:44,Clinique des Spécialités,AB+,39,5,0,34,4.3,3,88.7,normale,"Excellent état, conservation parfaite",5,7,3,True,False,normal,nuageux
2023-03-04 10:48:26,Clinique des Spécialités,O+,34,8,29,55,4.0,14,100.0,normale,Hémoglobine dans les normes,5,10,3,True,False,normal,ensoleillé
2023-03-04 13:58:52,Clinique des Spécialités,O+,49,5,0,44,5.2,14,100.0,normale,Urgent: vérifier température stockage,5,13,3,True,False,normal,nuageux
2023-03-04 16:43:14,Clinique des Spécialités,A-,23,5,0,18,3.3,1,59.6,faible,Contrôle bactériologique négatif,5,16,3,True,False,normal,pluvieux
2023-03-04 20:23:00,Clinique des Spécialités,A-,51,6,0,45,4.4,26,95.7,normale,Parfait pour transfusion immédiate,5,20,3,True,False,normal,pluvieux
2023-03-05 08:06:18,Clinique des Spécialités,AB+,37,6,0,31,3.9,47,100.0,normale,Parfait pour transfusion immédiate,6,8,3,True,False,normal,pluvieux
2023-03-05 16:29:10,Clinique des Spécialités,O+,32,2,0,30,4.1,10,100.0,normale,"Excellent état, conservation parfaite",6,16,3,True,False,normal,pluvieux
2023-03-05 19:58:55,Clinique des Spécialités,B-,19,6,24,37,3.8,1,62.2,attention,Contrôle bactériologique négatif,6,19,3,True,False,normal,orageux
2023-03-06 10:08:47,Clinique des Spécialités,A-,47,8,0,39,5.2,31,100.0,normale,"Bon état général, légère variation température",0,10,3,False,False,normal,ensoleillé
2023-03-06 16:50:10,Clinique des Spécialités,AB+,34,4,0,30,3.5,17,95.1,normale,Contrôle bactériologique négatif,0,16,3,False,False,normal,pluvieux
2023-03-06 22:26:19,Clinique des Spécialités,A+,49,5,0,44,4.6,45,100.0,normale,"Excellent état, conservation parfaite",0,22,3,False,False,normal,nuageux
2023-03-07 05:44:26,Clinique des Spécialités,A+,30,5,18,43,4.0,9,100.0,normale,Hémoglobine dans les normes,1,5,3,False,False,normal,ensoleillé
2023-03-07 17:23:19,Clinique des Spécialités,A+,51,8,0,43,3.9,36,99.2,normale,Hémoglobine dans les normes,1,17,3,False,False,normal,ensoleillé
2023-03-07 17:35:21,Clinique des Spécialités,A+,43,7,0,36,4.5,48,100.0,normale,Attention: proche expiration,1,17,3,False,False,normal,ensoleillé
2023-03-08 05:14:04,Clinique des Spécialités,A+,31,6,0,25,3.4,5,100.0,normale,Parfait pour transfusion immédiate,2,5,3,False,False,normal,pluvieux
2023-03-08 16:41:44,Clinique des Spécialités,A+,68,5,0,63,3.7,7,92.9,normale,"État satisfaisant, contrôle qualité OK",2,16,3,False,False,normal,nuageux
2023-03-09 02:36:50,Clinique des Spécialités,O+,48,11,26,63,4.5,1,58.2,attention,"État satisfaisant, contrôle qualité OK",3,2,3,False,False,urgence_médicale,pluvieux
2023-03-10 00:23:40,Clinique des Spécialités,O-,36,9,0,27,4.5,35,100.0,normale,"Bon état général, légère variation température",4,0,3,False,False,normal,ensoleillé
2023-03-10 04:28:31,Clinique des Spécialités,O+,24,4,0,20,3.6,4,86.8,normale,Contrôle bactériologique négatif,4,4,3,False,False,normal,orageux
2023-03-10 11:14:07,Clinique des Spécialités,O+,52,6,0,46,4.1,12,97.3,normale,Urgent: vérifier température stockage,4,11,3,False,False,normal,pluvieux
2023-03-10 21:37:52,Clinique des Spécialités,O+,76,4,0,72,4.6,12,100.0,normale,"État satisfaisant, contrôle qualité OK",4,21,3,False,False,normal,orageux
2023-03-11 05:06:19,Clinique des Spécialités,A+,13,5,17,25,4.6,2,86.1,normale,"État satisfaisant, contrôle qualité OK",5,5,3,True,False,normal,ensoleillé
2023-03-12 16:03:42,Clinique des Spécialités,A+,28,4,0,24,4.7,4,85.4,normale,Urgent: vérifier température stockage,6,16,3,True,False,normal,ensoleillé
2023-03-12 20:55:20,Clinique des Spécialités,A+,31,3,0,28,4.4,11,98.6,normale,Attention: proche expiration,6,20,3,True,False,normal,ensoleillé
2023-03-13 00:02:12,Clinique des Spécialités,O+,23,11,0,12,4.1,20,100.0,faible,Attention: proche expiration,0,0,3,False,False,normal,nuageux
2023-03-13 01:23:31,Clinique des Spécialités,O+,0,9,0,0,4.5,72,100.0,critique,"URGENT: Stock critique - État satisfaisant, contrôle qualité OK",0,1,3,False,False,normal,nuageux
2023-03-13 05:56:15,Clinique des Spécialités,O+,21,12,0,9,3.7,16,100.0,critique,URGENT: Stock critique - Urgent: vérifier température stockage,0,5,3,False,False,normal,nuageux
2023-03-13 21:31:19,Clinique des Spécialités,A+,40,7,15,48,3.6,1,41.3,attention,"Excellent état, conservation parfaite",0,21,3,False,False,normal,ensoleillé
2023-03-14 01:11:07,Clinique des Spécialités,O+,19,11,18,26,4.1,13,100.0,normale,Urgent: vérifier température stockage,1,1,3,False,False,normal,ensoleillé
2023-03-14 18:21:11,Clinique des Spécialités,A+,43,3,0,40,3.7,4,85.5,normale,Parfait pour transfusion immédiate,1,18,3,False,False,normal,ensoleillé
2023-03-14 18:23:11,Clinique des Spécialités,A+,61,6,0,55,4.0,10,99.0,normale,Urgent: vérifier température stockage,1,18,3,False,False,normal,nuageux
2023-03-14 20:14:47,Clinique des Spécialités,A+,74,8,0,66,3.7,27,98.9,normale,Hémoglobine dans les normes,1,20,3,False,False,normal,orageux
2023-03-14 22:56:07,Clinique des Spécialités,A+,56,11,0,45,3.6,8,94.4,normale,Urgent: vérifier température stockage,1,22,3,False,False,normal,orageux
2023-03-15 01:25:58,Clinique des Spécialités,A+,30,7,0,23,4.2,5,93.7,normale,Parfait pour transfusion immédiate,2,1,3,False,False,normal,nuageux
2023-03-15 17:27:38,Clinique des Spécialités,AB+,57,9,0,48,3.8,3,75.0,normale,"Bon état général, légère variation température",2,17,3,False,False,normal,nuageux
2023-03-15 19:17:38,Clinique des Spécialités,O-,38,0,19,57,4.5,2,87.3,normale,Attention: proche expiration,2,19,3,False,False,normal,ensoleillé
2023-03-16 13:40:53,Clinique des Spécialités,O+,50,6,0,44,3.7,22,100.0,normale,"Excellent état, conservation parfaite",3,13,3,False,False,normal,ensoleillé
2023-03-16 16:17:14,Clinique des Spécialités,O+,74,10,0,64,5.1,7,87.3,normale,"Excellent état, conservation parfaite",3,16,3,False,False,normal,ensoleillé
2023-03-17 03:58:39,Clinique des Spécialités,O+,26,0,0,26,3.5,6,98.2,normale,Hémoglobine dans les normes,4,3,3,False,False,normal,nuageux
2023-03-17 07:31:24,Clinique des Spécialités,A+,54,8,17,63,4.0,9,100.0,normale,Contrôle bactériologique négatif,4,7,3,False,False,normal,ensoleillé
2023-03-17 10:26:57,Clinique des Spécialités,A+,42,6,0,36,3.1,1,63.3,attention,Contrôle bactériologique négatif,4,10,3,False,False,normal,ensoleillé
2023-03-17 15:06:04,Clinique des Spécialités,A+,46,4,0,42,3.6,1,69.3,attention,"État satisfaisant, contrôle qualité OK",4,15,3,False,False,normal,ensoleillé
2023-03-18 02:43:39,Clinique des Spécialités,A-,11,7,0,4,3.9,14,100.0,critique,URGENT: Stock critique - Urgent: vérifier température stockage,5,2,3,True,False,normal,nuageux
2023-03-18 05:12:30,Clinique des Spécialités,A+,18,5,0,13,4.9,17,100.0,faible,"Excellent état, conservation parfaite",5,5,3,True,False,normal,pluvieux
2023-03-18 07:04:32,Clinique des Spécialités,O-,40,8,0,32,3.8,4,80.8,normale,"Bon état général, légère variation température",5,7,3,True,False,normal,pluvieux
2023-03-18 16:41:58,Clinique des Spécialités,O+,41,8,0,33,4.0,5,100.0,normale,"Bon état général, légère variation température",5,16,3,True,False,normal,ensoleillé
2023-03-19 11:31:09,Clinique des Spécialités,O-,42,6,0,36,4.3,7,100.0,normale,Parfait pour transfusion immédiate,6,11,3,True,False,épidémie,ensoleillé
2023-03-19 13:38:46,Clinique des Spécialités,O+,31,7,0,24,4.4,1,69.0,attention,"Excellent état, conservation parfaite",6,13,3,True,False,épidémie,nuageux
2023-03-19 14:46:02,Clinique des Spécialités,O-,51,8,25,68,5.0,51,100.0,normale,Parfait pour transfusion immédiate,6,14,3,True,False,normal,orageux
2023-03-19 21:57:27,Clinique des Spécialités,B+,25,5,0,20,3.7,43,96.8,normale,Hémoglobine dans les normes,6,21,3,True,False,normal,nuageux
2023-03-20 01:23:17,Clinique des Spécialités,A+,23,5,0,18,3.7,21,100.0,faible,Attention: proche expiration,0,1,3,False,False,normal,orageux
2023-03-20 05:56:33,Clinique des Spécialités,O+,13,11,19,21,3.8,1,58.4,attention,"Excellent état, conservation parfaite",0,5,3,False,False,normal,ensoleillé
2023-03-20 11:52:09,Clinique des Spécialités,A+,64,10,0,54,3.3,7,100.0,normale,Urgent: vérifier température stockage,0,11,3,False,False,normal,orageux
2023-03-20 18:38:04,Clinique des Spécialités,A-,58,10,0,48,3.6,8,99.4,normale,Parfait pour transfusion immédiate,0,18,3,False,False,normal,ensoleillé
2023-03-20 19:03:15,Clinique des Spécialités,A+,46,8,19,57,4.8,22,97.1,normale,Attention: proche expiration,0,19,3,False,False,normal,pluvieux
2023-03-21 02:33:42,Clinique des Spécialités,B-,31,9,0,22,4.3,6,100.0,normale,Urgent: vérifier température stockage,1,2,3,False,False,normal,pluvieux
2023-03-21 03:04:50,Clinique des Spécialités,A+,18,9,0,9,3.9,17,100.0,critique,"URGENT: Stock critique - Bon état général, légère variation température",1,3,3,False,False,normal,pluvieux
2023-03-21 07:17:09,Clinique des Spécialités,A-,34,8,25,51,3.7,10,100.0,normale,Attention: proche expiration,1,7,3,False,False,normal,ensoleillé
2023-03-21 09:24:37,Clinique des Spécialités,A+,59,11,22,70,3.9,8,100.0,normale,"Excellent état, conservation parfaite",1,9,3,False,False,normal,orageux
2023-03-21 10:46:18,Clinique des Spécialités,O-,63,9,16,70,3.2,32,95.3,normale,Contrôle bactériologique négatif,1,10,3,False,False,normal,pluvieux
2023-03-21 19:55:58,Clinique des Spécialités,O+,35,4,0,31,3.4,3,88.1,normale,Parfait pour transfusion immédiate,1,19,3,False,False,normal,pluvieux
2023-03-21 23:12:28,Clinique des Spécialités,B-,38,9,0,29,4.2,2,81.0,normale,Urgent: vérifier température stockage,1,23,3,False,False,accident_route,ensoleillé
2023-03-22 14:33:27,Clinique des Spécialités,O+,66,8,0,58,3.7,8,100.0,normale,Attention: proche expiration,2,14,3,False,False,normal,ensoleillé
2023-03-22 15:03:26,Clinique des Spécialités,O+,43,8,0,35,4.6,16,100.0,normale,Parfait pour transfusion immédiate,2,15,3,False,False,normal,ensoleillé
2023-03-23 05:49:02,Clinique des Spécialités,A+,32,8,0,24,4.5,28,100.0,normale,Contrôle bactériologique négatif,3,5,3,False,False,normal,pluvieux
2023-03-23 05:55:31,Clinique des Spécialités,A-,23,6,0,17,4.0,3,78.0,faible,"Bon état général, légère variation température",3,5,3,False,False,normal,pluvieux
2023-03-23 19:03:09,Clinique des Spécialités,A+,31,8,0,23,4.8,11,100.0,normale,"Bon état général, légère variation température",3,19,3,False,False,normal,ensoleillé
2023-03-24 05:37:44,Clinique des Spécialités,A+,43,11,0,32,4.6,1,53.1,attention,Parfait pour transfusion immédiate,4,5,3,False,False,normal,ensoleillé
2023-03-24 07:10:04,Clinique des Spécialités,A-,43,6,0,37,3.9,1,48.0,attention,Urgent: vérifier température stockage,4,7,3,False,False,normal,nuageux
2023-03-24 07:25:06,Clinique des Spécialités,A+,36,13,0,23,3.7,19,96.7,normale,Attention: proche expiration,4,7,3,False,False,normal,ensoleillé
2023-03-24 15:59:11,Clinique des Spécialités,AB-,51,9,0,42,4.6,7,100.0,normale,Urgent: vérifier température stockage,4,15,3,False,False,normal,ensoleillé
2023-03-24 19:55:32,Clinique des Spécialités,A+,89,8,0,81,4.3,24,94.7,normale,"État satisfaisant, contrôle qualité OK",4,19,3,False,False,normal,orageux
2023-03-25 01:20:00,Clinique des Spécialités,A+,11,4,0,7,3.9,10,99.3,critique,URGENT: Stock critique - Hémoglobine dans les normes,5,1,3,True,False,normal,pluvieux
2023-03-25 04:27:14,Clinique des Spécialités,B+,26,5,27,48,3.9,11,97.2,normale,"Excellent état, conservation parfaite",5,4,3,True,False,normal,ensoleillé
2023-03-25 10:32:42,Clinique des Spécialités,A+,39,9,0,30,3.6,7,100.0,normale,Hémoglobine dans les normes,5,10,3,True,False,normal,nuageux
2023-03-25 10:37:26,Clinique des Spécialités,O+,27,2,25,50,4.5,10,100.0,normale,Attention: proche expiration,5,10,3,True,False,normal,ensoleillé
2023-03-25 11:28:19,Clinique des Spécialités,A+,38,5,0,33,4.4,6,97.2,normale,Parfait pour transfusion immédiate,5,11,3,True,False,normal,pluvieux
2023-03-25 21:10:55,Clinique des Spécialités,O+,36,5,0,31,4.0,10,99.9,normale,Parfait pour transfusion immédiate,5,21,3,True,False,normal,ensoleillé
2023-03-25 21:25:20,Clinique des Spécialités,O+,45,4,19,60,3.9,4,76.1,normale,Contrôle bactériologique négatif,5,21,3,True,False,normal,ensoleillé
2023-03-25 21:27:50,Clinique des Spécialités,A+,16,3,24,37,3.2,5,100.0,normale,"Bon état général, légère variation température",5,21,3,True,False,normal,pluvieux
2023-03-25 21:33:16,Clinique des Spécialités,A+,43,9,22,56,4.2,6,96.1,normale,Attention: proche expiration,5,21,3,True,False,normal,ensoleillé
2023-03-26 10:28:18,Clinique des Spécialités,O+,30,3,22,49,3.6,13,100.0,normale,"Bon état général, légère variation température",6,10,3,True,False,normal,pluvieux
2023-03-28 23:27:50,Clinique des Spécialités,A+,27,10,0,17,3.9,9,96.5,faible,Contrôle bactériologique négatif,1,23,3,False,False,normal,orageux
2023-03-29 19:59:59,Clinique des Spécialités,A+,38,9,19,48,3.8,33,89.8,normale,Parfait pour transfusion immédiate,2,19,3,False,False,normal,nuageux
2023-03-29 22:39:38,Clinique des Spécialités,B+,38,5,0,33,4.0,1,72.1,normale,Parfait pour transfusion immédiate,2,22,3,False,False,normal,nuageux
2023-03-30 02:19:20,Clinique des Spécialités,O+,32,7,0,25,3.9,9,100.0,normale,"Bon état général, légère variation température",3,2,3,False,False,normal,orageux
2023-03-30 05:50:31,Clinique des Spécialités,A+,29,3,0,26,4.5,7,96.6,normale,Parfait pour transfusion immédiate,3,5,3,False,False,normal,pluvieux
2023-03-30 06:37:09,Clinique des Spécialités,A+,60,10,0,50,4.8,36,95.5,normale,"État satisfaisant, contrôle qualité OK",3,6,3,False,False,normal,pluvieux
2023-03-30 16:01:45,Clinique des Spécialités,A+,58,7,0,51,4.3,5,92.0,normale,"État satisfaisant, contrôle qualité OK",3,16,3,False,False,normal,nuageux
2023-03-30 17:51:34,Clinique des Spécialités,O+,37,5,0,32,3.7,25,100.0,normale,Hémoglobine dans les normes,3,17,3,False,False,normal,nuageux
2023-03-31 00:59:23,Clinique des Spécialités,B+,39,7,0,32,2.6,1,53.9,attention,Hémoglobine dans les normes,4,0,3,False,False,normal,orageux
2023-03-31 10:54:36,Clinique des Spécialités,O+,28,9,0,19,4.4,30,100.0,faible,Hémoglobine dans les normes,4,10,3,False,False,accident_route,nuageux
2023-03-31 16:05:28,Clinique des Spécialités,A-,26,3,0,23,3.2,16,100.0,normale,"État satisfaisant, contrôle qualité OK",4,16,3,False,False,normal,pluvieux
2023-04-01 05:19:34,Clinique des Spécialités,AB+,17,6,0,11,4.0,39,98.4,faible,"Excellent état, conservation parfaite",5,5,4,True,False,normal,pluvieux
2023-04-01 06:02:43,Clinique des Spécialités,A+,42,3,0,39,4.5,8,96.1,normale,Urgent: vérifier température stockage,5,6,4,True,False,normal,pluvieux
2023-04-01 11:58:51,Clinique des Spécialités,A-,30,5,0,25,4.1,7,100.0,normale,"État satisfaisant, contrôle qualité OK",5,11,4,True,False,normal,pluvieux
2023-04-02 04:49:03,Clinique des Spécialités,A+,11,6,0,5,3.8,12,100.0,critique,URGENT: Stock critique - Urgent: vérifier température stockage,6,4,4,True,False,normal,ensoleillé
2023-04-02 09:07:49,Clinique des Spécialités,O+,43,5,0,38,4.0,36,100.0,normale,Contrôle bactériologique négatif,6,9,4,True,False,normal,ensoleillé
2023-04-02 13:07:30,Clinique des Spécialités,O+,45,7,25,63,4.6,1,57.6,attention,"Bon état général, légère variation température",6,13,4,True,False,normal,ensoleillé
2023-04-03 06:36:58,Clinique des Spécialités,A+,72,4,0,68,4.1,6,100.0,normale,Contrôle bactériologique négatif,0,6,4,False,False,normal,ensoleillé
2023-04-03 09:21:23,Clinique des Spécialités,B+,67,7,15,75,4.9,1,55.8,attention,Parfait pour transfusion immédiate,0,9,4,False,False,normal,pluvieux
2023-04-04 01:17:51,Clinique des Spécialités,A+,28,0,0,28,4.5,1,63.6,attention,Hémoglobine dans les normes,1,1,4,False,False,normal,ensoleillé
2023-04-04 16:47:04,Clinique des Spécialités,O+,52,14,0,38,3.7,16,98.5,normale,"Excellent état, conservation parfaite",1,16,4,False,False,normal,ensoleillé
2023-04-04 17:30:26,Clinique des Spécialités,A+,68,5,29,92,4.0,1,55.4,attention,"Bon état général, légère variation température",1,17,4,False,False,normal,ensoleillé
2023-04-05 01:52:46,Clinique des Spécialités,A+,27,11,0,16,4.2,16,92.5,faible,Hémoglobine dans les normes,2,1,4,False,False,normal,nuageux
2023-04-05 16:06:32,Clinique des Spécialités,B+,24,5,0,19,3.4,18,100.0,faible,"État satisfaisant, contrôle qualité OK",2,16,4,False,False,normal,ensoleillé
2023-04-05 21:30:14,Clinique des Spécialités,AB+,77,9,0,68,4.8,87,100.0,normale,Hémoglobine dans les normes,2,21,4,False,False,normal,ensoleillé
2023-04-07 04:43:20,Clinique des Spécialités,B+,32,6,0,26,4.1,8,100.0,normale,Urgent: vérifier température stockage,4,4,4,False,False,normal,nuageux
2023-04-07 06:40:20,Clinique des Spécialités,AB+,79,10,0,69,3.8,12,100.0,normale,Contrôle bactériologique négatif,4,6,4,False,False,normal,nuageux
2023-04-07 07:55:17,Clinique des Spécialités,A+,50,6,0,44,3.9,7,100.0,normale,Hémoglobine dans les normes,4,7,4,False,False,normal,ensoleillé
2023-04-07 10:27:01,Clinique des Spécialités,O+,48,6,0,42,2.9,1,60.8,attention,"État satisfaisant, contrôle qualité OK",4,10,4,False,False,normal,ensoleillé
2023-04-08 03:01:32,Clinique des Spécialités,O+,16,5,19,30,3.7,1,61.0,attention,"Bon état général, légère variation température",5,3,4,True,False,normal,orageux
2023-04-08 03:10:57,Clinique des Spécialités,A+,18,6,22,34,4.5,19,98.2,normale,"État satisfaisant, contrôle qualité OK",5,3,4,True,False,normal,pluvieux
2023-04-08 04:15:30,Clinique des Spécialités,AB+,16,5,0,11,4.1,7,99.5,faible,"Bon état général, légère variation température",5,4,4,True,False,normal,ensoleillé
2023-04-08 04:25:29,Clinique des Spécialités,B+,23,7,0,16,4.0,6,100.0,faible,"Excellent état, conservation parfaite",5,4,4,True,False,normal,nuageux
2023-04-08 07:54:49,Clinique des Spécialités,B-,18,4,0,14,3.7,14,100.0,faible,"État satisfaisant, contrôle qualité OK",5,7,4,True,False,normal,nuageux
2023-04-08 17:49:26,Clinique des Spécialités,O+,32,6,0,26,4.0,25,100.0,normale,"Bon état général, légère variation température",5,17,4,True,False,normal,nuageux
2023-04-08 23:39:09,Clinique des Spécialités,B+,11,7,0,4,3.2,1,60.3,critique,"URGENT: Stock critique - Excellent état, conservation parfaite",5,23,4,True,False,normal,nuageux
2023-04-09 01:08:05,Clinique des Spécialités,O+,15,4,0,11,4.0,11,100.0,faible,Hémoglobine dans les normes,6,1,4,True,False,normal,nuageux
2023-04-09 02:12:09,Clinique des Spécialités,A+,19,4,20,35,3.4,10,100.0,normale,Urgent: vérifier température stockage,6,2,4,True,False,normal,pluvieux
2023-04-09 15:28:48,Clinique des Spécialités,B+,26,4,20,42,3.8,1,58.3,attention,"Bon état général, légère variation température",6,15,4,True,False,normal,ensoleillé
2023-04-09 19:36:26,Clinique des Spécialités,O+,36,5,0,31,3.8,25,99.5,normale,"État satisfaisant, contrôle qualité OK",6,19,4,True,False,normal,pluvieux
2023-04-10 04:45:07,Clinique des Spécialités,A+,29,10,15,34,4.2,37,100.0,normale,Attention: proche expiration,0,4,4,False,False,normal,nuageux
2023-04-10 07:31:05,Clinique des Spécialités,O+,27,6,0,21,2.9,6,100.0,normale,Parfait pour transfusion immédiate,0,7,4,False,False,normal,nuageux
2023-04-11 00:12:10,Clinique des Spécialités,A+,20,7,0,13,2.9,6,91.9,faible,"Bon état général, légère variation température",1,0,4,False,False,normal,ensoleillé
2023-04-11 15:46:04,Clinique des Spécialités,B-,38,3,0,35,3.4,2,83.5,normale,Attention: proche expiration,1,15,4,False,False,normal,ensoleillé
2023-04-11 23:14:23,Clinique des Spécialités,A+,16,5,15,26,4.4,4,79.8,normale,Contrôle bactériologique négatif,1,23,4,False,False,normal,nuageux
2023-04-12 04:49:42,Clinique des Spécialités,O+,19,6,0,13,3.8,19,100.0,faible,"Bon état général, légère variation température",2,4,4,False,False,normal,ensoleillé
2023-04-12 23:29:20,Clinique des Spécialités,AB+,10,11,0,0,4.5,14,100.0,critique,"URGENT: Stock critique - Excellent état, conservation parfaite",2,23,4,False,False,normal,orageux
2023-04-13 06:37:55,Clinique des Spécialités,A+,43,5,0,38,4.0,28,98.7,normale,"Bon état général, légère variation température",3,6,4,False,False,normal,nuageux
2023-04-13 21:31:51,Clinique des Spécialités,A+,34,7,0,27,4.2,11,96.5,normale,"Excellent état, conservation parfaite",3,21,4,False,False,normal,pluvieux
2023-04-13 23:52:11,Clinique des Spécialités,A+,18,6,0,12,3.5,13,100.0,faible,"Excellent état, conservation parfaite",3,23,4,False,False,normal,ensoleillé
2023-04-14 11:49:06,Clinique des Spécialités,O+,90,9,22,103,4.2,21,100.0,normale,Attention: proche expiration,4,11,4,False,False,normal,nuageux
2023-04-14 11:56:19,Clinique des Spécialités,O+,62,11,22,73,4.0,3,87.9,normale,Contrôle bactériologique négatif,4,11,4,False,False,normal,ensoleillé
2023-04-14 20:35:25,Clinique des Spécialités,A+,44,11,0,33,3.8,36,100.0,normale,"Bon état général, légère variation température",4,20,4,False,False,normal,pluvieux
2023-04-15 00:02:57,Clinique des Spécialités,O+,10,5,0,5,3.5,49,100.0,critique,URGENT: Stock critique - Contrôle bactériologique négatif,5,0,4,True,False,normal,pluvieux
2023-04-15 07:09:55,Clinique des Spécialités,O+,43,7,0,36,4.0,15,95.4,normale,Parfait pour transfusion immédiate,5,7,4,True,False,normal,ensoleillé
2023-04-15 07:18:32,Clinique des Spécialités,A+,45,6,0,39,3.6,32,96.8,normale,"Bon état général, légère variation température",5,7,4,True,False,normal,nuageux
2023-04-15 10:51:40,Clinique des Spécialités,A+,28,2,0,26,4.3,6,99.3,normale,Contrôle bactériologique négatif,5,10,4,True,False,normal,pluvieux
2023-04-15 11:34:57,Clinique des Spécialités,AB+,19,4,27,42,3.6,10,96.1,normale,Urgent: vérifier température stockage,5,11,4,True,False,normal,pluvieux
2023-04-15 17:52:45,Clinique des Spécialités,O+,39,3,0,36,3.7,17,98.7,normale,Attention: proche expiration,5,17,4,True,False,normal,nuageux
2023-04-15 21:26:52,Clinique des Spécialités,A+,36,4,0,32,3.9,11,97.7,normale,"Excellent état, conservation parfaite",5,21,4,True,False,normal,nuageux
2023-04-15 22:07:34,Clinique des Spécialités,B+,39,5,0,34,4.2,9,100.0,normale,Hémoglobine dans les normes,5,22,4,True,False,normal,ensoleillé
2023-04-15 23:47:06,Clinique des Spécialités,A+,22,8,15,29,4.3,1,61.5,attention,Urgent: vérifier température stockage,5,23,4,True,False,normal,pluvieux
2023-04-16 14:39:30,Clinique des Spécialités,B+,38,4,21,55,3.9,2,83.3,normale,Attention: proche expiration,6,14,4,True,False,normal,ensoleillé
2023-04-16 23:25:59,Clinique des Spécialités,A+,20,5,0,15,4.3,15,100.0,faible,Urgent: vérifier température stockage,6,23,4,True,False,normal,ensoleillé
2023-04-17 03:12:24,Clinique des Spécialités,O+,18,6,26,38,4.0,23,100.0,normale,Hémoglobine dans les normes,0,3,4,False,False,normal,ensoleillé
2023-04-17 04:59:28,Clinique des Spécialités,O+,36,6,0,30,3.8,14,100.0,normale,Contrôle bactériologique négatif,0,4,4,False,False,normal,ensoleillé
2023-04-18 08:45:36,Clinique des Spécialités,O+,40,15,23,48,3.8,14,93.6,normale,"Bon état général, légère variation température",1,8,4,False,False,normal,nuageux
2023-04-18 12:21:06,Clinique des Spécialités,A+,16,10,0,6,4.5,23,95.3,critique,URGENT: Stock critique - Urgent: vérifier température stockage,1,12,4,False,False,normal,pluvieux
2023-04-18 21:27:31,Clinique des Spécialités,A-,55,9,21,67,3.9,22,94.3,normale,"État satisfaisant, contrôle qualité OK",1,21,4,False,False,normal,nuageux
2023-04-18 21:41:09,Clinique des Spécialités,O+,48,9,0,39,3.9,27,93.1,normale,Parfait pour transfusion immédiate,1,21,4,False,False,normal,ensoleillé
2023-04-19 00:36:59,Clinique des Spécialités,A+,15,6,15,24,2.8,28,95.2,normale,"Bon état général, légère variation température",2,0,4,False,False,normal,pluvieux
2023-04-19 08:08:48,Clinique des Spécialités,O+,56,7,0,49,3.9,6,100.0,normale,"Bon état général, légère variation température",2,8,4,False,False,normal,ensoleillé
2023-04-19 12:20:37,Clinique des Spécialités,B+,38,7,17,48,3.6,45,100.0,normale,Urgent: vérifier température stockage,2,12,4,False,False,normal,nuageux
2023-04-19 15:35:48,Clinique des Spécialités,B+,45,5,0,40,3.3,17,93.9,normale,"Bon état général, légère variation température",2,15,4,False,False,urgence_médicale,nuageux
2023-04-20 15:32:19,Clinique des Spécialités,A+,61,6,0,55,3.6,7,100.0,normale,"Excellent état, conservation parfaite",3,15,4,False,False,normal,ensoleillé
2023-04-20 19:53:22,Clinique des Spécialités,AB-,42,5,0,37,4.2,7,95.8,normale,Urgent: vérifier température stockage,3,19,4,False,False,normal,orageux
2023-04-20 23:00:49,Clinique des Spécialités,AB+,27,10,21,38,4.1,3,88.7,normale,Hémoglobine dans les normes,3,23,4,False,False,normal,ensoleillé
2023-04-20 23:42:35,Clinique des Spécialités,O+,21,7,0,14,3.6,19,100.0,faible,Hémoglobine dans les normes,3,23,4,False,False,normal,pluvieux
2023-04-21 06:13:02,Clinique des Spécialités,O+,54,11,0,43,4.5,30,100.0,normale,"Excellent état, conservation parfaite",4,6,4,False,False,normal,orageux
2023-04-21 09:30:31,Clinique des Spécialités,O+,62,5,0,57,3.5,7,100.0,normale,Urgent: vérifier température stockage,4,9,4,False,False,urgence_médicale,orageux
2023-04-21 15:15:19,Clinique des Spécialités,B+,38,7,0,31,4.8,38,100.0,normale,"Bon état général, légère variation température",4,15,4,False,False,normal,ensoleillé
2023-04-22 01:32:43,Clinique des Spécialités,A+,21,6,19,34,4.7,16,100.0,normale,Urgent: vérifier température stockage,5,1,4,True,False,normal,ensoleillé
2023-04-22 03:52:47,Clinique des Spécialités,O+,26,5,0,21,4.2,7,96.6,normale,Contrôle bactériologique négatif,5,3,4,True,False,normal,nuageux
2023-04-22 05:39:04,Clinique des Spécialités,AB+,11,3,23,31,4.3,1,51.4,attention,Attention: proche expiration,5,5,4,True,False,normal,ensoleillé
2023-04-22 07:10:43,Clinique des Spécialités,O+,30,4,0,26,3.9,45,91.1,normale,"Excellent état, conservation parfaite",5,7,4,True,False,normal,ensoleillé
2023-04-22 11:08:00,Clinique des Spécialités,O+,35,5,16,46,4.3,6,100.0,normale,"Bon état général, légère variation température",5,11,4,True,False,normal,ensoleillé
2023-04-22 13:50:05,Clinique des Spécialités,A+,23,4,0,19,4.0,49,100.0,faible,Attention: proche expiration,5,13,4,True,False,épidémie,nuageux
2023-04-22 18:33:51,Clinique des Spécialités,O+,33,1,21,53,4.1,12,100.0,normale,Contrôle bactériologique négatif,5,18,4,True,False,normal,ensoleillé
2023-04-22 22:27:36,Clinique des Spécialités,B+,45,4,24,65,3.3,1,64.0,attention,Attention: proche expiration,5,22,4,True,False,normal,ensoleillé
2023-04-23 05:39:42,Clinique des Spécialités,O+,11,3,0,8,4.1,19,92.8,critique,"URGENT: Stock critique - Excellent état, conservation parfaite",6,5,4,True,False,normal,pluvieux
2023-04-23 09:26:55,Clinique des Spécialités,O+,3,4,0,0,3.7,6,99.8,critique,URGENT: Stock critique - Parfait pour transfusion immédiate,6,9,4,True,False,accident_route,ensoleillé
2023-04-23 14:59:57,Clinique des Spécialités,A+,47,4,0,43,3.7,23,96.8,normale,"État satisfaisant, contrôle qualité OK",6,14,4,True,False,normal,orageux
2023-04-23 22:55:22,Clinique des Spécialités,A+,37,9,0,28,3.7,1,56.9,attention,Contrôle bactériologique négatif,6,22,4,True,False,normal,nuageux
2023-04-24 03:46:38,Clinique des Spécialités,A-,30,8,0,22,3.0,54,93.2,normale,Contrôle bactériologique négatif,0,3,4,False,False,normal,nuageux
2023-04-24 04:08:51,Clinique des Spécialités,A+,24,2,0,22,5.3,3,91.5,normale,Contrôle bactériologique négatif,0,4,4,False,False,normal,ensoleillé
2023-04-24 05:03:06,Clinique des Spécialités,O+,22,6,0,16,4.9,4,80.2,faible,Parfait pour transfusion immédiate,0,5,4,False,False,normal,ensoleillé
2023-04-24 07:18:08,Clinique des Spécialités,O-,60,5,0,55,4.5,38,97.8,normale,"Bon état général, légère variation température",0,7,4,False,False,normal,pluvieux
2023-04-24 20:24:07,Clinique des Spécialités,A+,61,11,0,50,4.9,11,100.0,normale,"État satisfaisant, contrôle qualité OK",0,20,4,False,False,normal,nuageux
2023-04-25 02:20:45,Clinique des Spécialités,A+,22,12,0,10,4.5,4,86.7,faible,"Excellent état, conservation parfaite",1,2,4,False,False,normal,pluvieux
2023-04-25 19:18:39,Clinique des Spécialités,O-,64,13,20,71,3.5,1,58.9,attention,Attention: proche expiration,1,19,4,False,False,campagne_don,nuageux
2023-04-26 11:28:55,Clinique des Spécialités,A+,68,9,0,59,3.9,3,91.4,normale,Contrôle bactériologique négatif,2,11,4,False,False,normal,pluvieux
2023-04-26 23:51:29,Clinique des Spécialités,A+,20,1,0,19,3.1,36,99.0,faible,Parfait pour transfusion immédiate,2,23,4,False,False,normal,pluvieux
2023-04-27 18:43:44,Clinique des Spécialités,A-,56,9,0,47,3.1,11,100.0,normale,"Excellent état, conservation parfaite",3,18,4,False,False,normal,pluvieux
2023-04-28 01:50:31,Clinique des Spécialités,A+,22,6,0,16,3.6,17,100.0,faible,Hémoglobine dans les normes,4,1,4,False,False,campagne_don,nuageux
2023-04-28 10:44:02,Clinique des Spécialités,A+,36,5,0,31,3.8,6,100.0,normale,Hémoglobine dans les normes,4,10,4,False,False,normal,ensoleillé
2023-04-28 14:32:10,Clinique des Spécialités,B+,55,6,0,49,4.1,1,55.2,attention,Parfait pour transfusion immédiate,4,14,4,False,False,normal,pluvieux
2023-04-29 07:42:37,Clinique des Spécialités,O+,35,3,0,32,4.9,5,100.0,normale,Contrôle bactériologique négatif,5,7,4,True,False,normal,ensoleillé
2023-04-29 13:21:56,Clinique des Spécialités,O+,30,5,22,47,3.4,13,100.0,normale,Contrôle bactériologique négatif,5,13,4,True,False,normal,nuageux
2023-04-30 19:19:37,Clinique des Spécialités,A+,33,4,0,29,4.2,1,61.1,attention,"État satisfaisant, contrôle qualité OK",6,19,4,True,False,normal,pluvieux
2023-04-30 22:06:45,Clinique des Spécialités,O+,32,4,0,28,3.5,7,100.0,normale,Contrôle bactériologique négatif,6,22,4,True,False,normal,ensoleillé
2023-05-01 12:32:23,Clinique des Spécialités,O+,40,5,18,53,4.3,6,100.0,normale,Attention: proche expiration,0,12,5,False,False,normal,pluvieux
2023-05-01 16:51:57,Clinique des Spécialités,A+,42,5,0,37,4.5,23,92.8,normale,"État satisfaisant, contrôle qualité OK",0,16,5,False,False,normal,nuageux
2023-05-01 17:40:46,Clinique des Spécialités,A+,49,11,0,38,4.5,5,100.0,normale,Attention: proche expiration,0,17,5,False,False,normal,nuageux
2023-05-02 15:00:31,Clinique des Spécialités,A+,59,7,0,52,4.5,2,76.7,normale,"État satisfaisant, contrôle qualité OK",1,15,5,False,False,normal,nuageux
2023-05-03 04:38:44,Clinique des Spécialités,O+,12,8,0,4,4.3,6,100.0,critique,URGENT: Stock critique - Urgent: vérifier température stockage,2,4,5,False,False,normal,orageux
2023-05-03 08:26:31,Clinique des Spécialités,O+,41,3,0,38,3.6,37,100.0,normale,"État satisfaisant, contrôle qualité OK",2,8,5,False,False,normal,pluvieux
2023-05-03 18:41:41,Clinique des Spécialités,A+,43,5,0,38,4.1,9,100.0,normale,"État satisfaisant, contrôle qualité OK",2,18,5,False,False,normal,ensoleillé
2023-05-03 19:19:36,Clinique des Spécialités,O+,46,10,21,57,3.6,23,91.5,normale,"Bon état général, légère variation température",2,19,5,False,False,normal,pluvieux
2023-05-03 20:15:37,Clinique des Spécialités,O+,46,9,21,58,3.8,3,84.6,normale,"Excellent état, conservation parfaite",2,20,5,False,False,normal,orageux
2023-05-04 21:43:06,Clinique des Spécialités,A+,20,7,0,13,4.1,1,63.1,faible,"Bon état général, légère variation température",3,21,5,False,False,normal,pluvieux
2023-05-05 03:34:59,Clinique des Spécialités,A-,24,8,0,16,3.7,1,60.7,faible,"État satisfaisant, contrôle qualité OK",4,3,5,False,False,normal,ensoleillé
2023-05-05 03:40:39,Clinique des Spécialités,B+,12,11,0,1,4.3,2,81.2,critique,URGENT: Stock critique - Parfait pour transfusion immédiate,4,3,5,False,False,normal,pluvieux
2023-05-06 04:36:42,Clinique des Spécialités,A+,17,5,26,38,4.9,7,97.7,normale,Parfait pour transfusion immédiate,5,4,5,True,False,normal,nuageux
2023-05-06 18:40:46,Clinique des Spécialités,A+,41,2,0,39,4.2,43,95.4,normale,"Excellent état, conservation parfaite",5,18,5,True,False,normal,ensoleillé
2023-05-07 00:56:35,Clinique des Spécialités,A+,22,5,0,17,4.7,3,84.7,faible,Urgent: vérifier température stockage,6,0,5,True,False,normal,pluvieux
2023-05-07 04:49:38,Clinique des Spécialités,O-,6,1,0,5,2.7,8,99.3,critique,"URGENT: Stock critique - État satisfaisant, contrôle qualité OK",6,4,5,True,False,normal,pluvieux
2023-05-07 12:05:03,Clinique des Spécialités,B+,20,5,0,15,5.5,21,100.0,faible,"Bon état général, légère variation température",6,12,5,True,False,normal,ensoleillé
2023-05-07 17:24:19,Clinique des Spécialités,A+,15,7,0,8,4.9,35,100.0,critique,URGENT: Stock critique - Contrôle bactériologique négatif,6,17,5,True,False,normal,ensoleillé
2023-05-07 20:09:48,Clinique des Spécialités,B+,33,3,0,30,3.2,9,95.8,normale,Attention: proche expiration,6,20,5,True,False,normal,ensoleillé
2023-05-07 22:14:22,Clinique des Spécialités,A+,23,6,0,17,4.9,8,96.9,faible,Urgent: vérifier température stockage,6,22,5,True,False,normal,nuageux
2023-05-08 01:03:49,Clinique des Spécialités,A+,38,6,0,32,4.6,1,59.4,attention,Attention: proche expiration,0,1,5,False,False,normal,ensoleillé
2023-05-08 04:18:01,Clinique des Spécialités,A+,35,9,18,44,4.3,4,83.3,normale,Attention: proche expiration,0,4,5,False,False,normal,ensoleillé
2023-05-08 04:47:39,Clinique des Spécialités,O+,11,6,0,5,4.9,6,97.8,critique,URGENT: Stock critique - Attention: proche expiration,0,4,5,False,False,normal,ensoleillé
2023-05-08 05:54:56,Clinique des Spécialités,A+,33,4,0,29,4.3,1,62.1,attention,"État satisfaisant, contrôle qualité OK",0,5,5,False,False,normal,ensoleillé
2023-05-08 08:46:08,Clinique des Spécialités,A+,81,15,0,66,3.0,8,100.0,normale,Parfait pour transfusion immédiate,0,8,5,False,False,campagne_don,ensoleillé
2023-05-09 12:53:50,Clinique des Spécialités,AB+,40,8,21,53,4.1,7,85.5,normale,Attention: proche expiration,1,12,5,False,False,normal,ensoleillé
2023-05-09 13:32:18,Clinique des Spécialités,O-,33,7,0,26,4.0,7,100.0,normale,Urgent: vérifier température stockage,1,13,5,False,False,accident_route,ensoleillé
2023-05-09 16:09:54,Clinique des Spécialités,O+,66,10,12,68,4.2,1,67.8,attention,"État satisfaisant, contrôle qualité OK",1,16,5,False,False,normal,pluvieux
2023-05-09 21:07:27,Clinique des Spécialités,A+,38,4,0,34,2.8,1,67.1,attention,"Excellent état, conservation parfaite",1,21,5,False,False,normal,nuageux
2023-05-09 21:35:57,Clinique des Spécialités,B+,47,8,0,39,4.1,5,96.3,normale,Hémoglobine dans les normes,1,21,5,False,False,normal,nuageux
2023-05-10 10:21:14,Clinique des Spécialités,A+,46,7,0,39,3.9,4,79.1,normale,Parfait pour transfusion immédiate,2,10,5,False,False,normal,nuageux
2023-05-10 16:15:21,Clinique des Spécialités,O+,48,2,21,67,4.3,7,100.0,normale,Parfait pour transfusion immédiate,2,16,5,False,False,normal,orageux
2023-05-10 16:32:26,Clinique des Spécialités,A+,49,3,28,74,4.9,2,86.2,normale,Hémoglobine dans les normes,2,16,5,False,False,normal,pluvieux
2023-05-10 20:39:14,Clinique des Spécialités,A+,55,10,0,45,4.5,5,89.4,normale,Urgent: vérifier température stockage,2,20,5,False,False,normal,orageux
2023-05-11 02:26:50,Clinique des Spécialités,O+,32,11,0,21,4.1,4,84.7,normale,Attention: proche expiration,3,2,5,False,False,normal,pluvieux
2023-05-11 06:08:55,Clinique des Spécialités,A+,42,13,0,29,3.7,41,90.8,normale,"État satisfaisant, contrôle qualité OK",3,6,5,False,False,normal,ensoleillé
2023-05-11 06:52:14,Clinique des Spécialités,O+,36,10,0,26,4.9,22,98.8,normale,"Excellent état, conservation parfaite",3,6,5,False,False,normal,nuageux
2023-05-11 11:24:15,Clinique des Spécialités,O+,50,0,25,75,3.8,19,93.0,normale,"Excellent état, conservation parfaite",3,11,5,False,False,normal,pluvieux
2023-05-11 11:48:33,Clinique des Spécialités,B-,37,5,0,32,3.9,1,68.3,attention,Hémoglobine dans les normes,3,11,5,False,False,normal,nuageux
2023-05-11 14:43:37,Clinique des Spécialités,AB+,43,12,0,31,2.9,21,100.0,normale,Hémoglobine dans les normes,3,14,5,False,False,normal,orageux
2023-05-12 06:16:15,Clinique des Spécialités,O+,56,6,0,50,4.8,3,87.2,normale,"État satisfaisant, contrôle qualité OK",4,6,5,False,False,normal,ensoleillé
2023-05-12 06:40:50,Clinique des Spécialités,A-,60,6,0,54,3.9,41,95.3,normale,Parfait pour transfusion immédiate,4,6,5,False,False,normal,ensoleillé
2023-05-12 06:52:54,Clinique des Spécialités,A-,48,10,0,38,4.1,46,97.0,normale,Hémoglobine dans les normes,4,6,5,False,False,normal,ensoleillé
2023-05-12 12:46:54,Clinique des Spécialités,O+,43,14,0,29,4.1,2,88.4,normale,"Excellent état, conservation parfaite",4,12,5,False,False,normal,nuageux
2023-05-12 17:40:14,Clinique des Spécialités,A+,33,8,0,25,3.5,2,87.9,normale,Contrôle bactériologique négatif,4,17,5,False,False,normal,ensoleillé
2023-05-13 08:27:00,Clinique des Spécialités,A+,28,4,0,24,4.2,32,100.0,normale,Hémoglobine dans les normes,5,8,5,True,False,normal,ensoleillé
2023-05-13 08:42:52,Clinique des Spécialités,O+,34,7,0,27,4.6,6,99.5,normale,"Excellent état, conservation parfaite",5,8,5,True,False,normal,pluvieux
2023-05-13 11:23:29,Clinique des Spécialités,A+,47,3,14,58,4.2,9,89.2,normale,Hémoglobine dans les normes,5,11,5,True,False,normal,nuageux
2023-05-13 12:48:52,Clinique des Spécialités,B+,31,0,0,31,4.1,1,63.0,attention,"État satisfaisant, contrôle qualité OK",5,12,5,True,False,normal,ensoleillé
2023-05-13 13:33:05,Clinique des Spécialités,B+,28,6,0,22,3.8,14,98.8,normale,"Bon état général, légère variation température",5,13,5,True,False,normal,orageux
2023-05-14 02:56:03,Clinique des Spécialités,O-,18,1,0,17,4.1,24,100.0,faible,Hémoglobine dans les normes,6,2,5,True,False,normal,ensoleillé
2023-05-14 12:11:43,Clinique des Spécialités,B+,44,7,25,62,4.3,7,97.4,normale,Contrôle bactériologique négatif,6,12,5,True,False,normal,nuageux
2023-05-14 13:15:23,Clinique des Spécialités,B+,26,4,0,22,4.0,12,99.4,normale,"Bon état général, légère variation température",6,13,5,True,False,normal,pluvieux
2023-05-14 20:16:31,Clinique des Spécialités,O+,36,3,0,33,4.2,24,100.0,normale,"Excellent état, conservation parfaite",6,20,5,True,False,épidémie,pluvieux
2023-05-14 20:29:38,Clinique des Spécialités,O+,33,6,0,27,4.3,1,53.9,attention,"Excellent état, conservation parfaite",6,20,5,True,False,normal,orageux
2023-05-16 15:44:49,Clinique des Spécialités,O+,88,11,25,102,4.1,7,100.0,normale,Parfait pour transfusion immédiate,1,15,5,False,False,normal,nuageux
2023-05-16 17:04:19,Clinique des Spécialités,A+,68,9,0,59,3.4,1,58.1,attention,Contrôle bactériologique négatif,1,17,5,False,False,normal,pluvieux
2023-05-16 17:33:27,Clinique des Spécialités,A+,72,10,0,62,4.7,13,100.0,normale,Contrôle bactériologique négatif,1,17,5,False,False,normal,nuageux
2023-05-16 17:47:59,Clinique des Spécialités,O-,31,8,0,23,3.6,3,90.2,normale,"Excellent état, conservation parfaite",1,17,5,False,False,normal,ensoleillé
2023-05-17 02:42:27,Clinique des Spécialités,O+,24,8,25,41,4.3,9,100.0,normale,Parfait pour transfusion immédiate,2,2,5,False,False,normal,pluvieux
2023-05-18 07:28:15,Clinique des Spécialités,O+,40,4,0,36,3.3,6,100.0,normale,Urgent: vérifier température stockage,3,7,5,False,False,normal,pluvieux
2023-05-18 11:05:57,Clinique des Spécialités,O+,50,4,0,46,3.7,27,98.6,normale,"Excellent état, conservation parfaite",3,11,5,False,False,normal,ensoleillé
2023-05-18 12:57:04,Clinique des Spécialités,O+,75,5,0,70,4.5,9,100.0,normale,Hémoglobine dans les normes,3,12,5,False,False,accident_route,ensoleillé
2023-05-18 17:30:06,Clinique des Spécialités,A-,45,11,18,52,3.9,20,95.2,normale,Parfait pour transfusion immédiate,3,17,5,False,False,normal,pluvieux
2023-05-18 18:38:47,Clinique des Spécialités,A+,47,8,0,39,3.9,36,100.0,normale,Contrôle bactériologique négatif,3,18,5,False,False,normal,ensoleillé
2023-05-18 20:02:09,Clinique des Spécialités,O+,58,9,0,49,4.1,94,100.0,normale,Urgent: vérifier température stockage,3,20,5,False,False,normal,orageux
2023-05-19 01:06:55,Clinique des Spécialités,A+,24,4,0,20,4.2,1,59.8,attention,"Excellent état, conservation parfaite",4,1,5,False,False,normal,ensoleillé
2023-05-19 10:48:50,Clinique des Spécialités,O-,70,9,0,61,4.2,2,85.2,normale,Parfait pour transfusion immédiate,4,10,5,False,False,normal,pluvieux
2023-05-19 12:54:52,Clinique des Spécialités,O+,57,11,27,73,3.8,4,87.0,normale,"Bon état général, légère variation température",4,12,5,False,False,normal,pluvieux
2023-05-19 23:22:30,Clinique des Spécialités,A-,36,9,17,44,4.1,29,100.0,normale,"État satisfaisant, contrôle qualité OK",4,23,5,False,False,normal,ensoleillé
2023-05-20 00:34:54,Clinique des Spécialités,A+,14,6,0,8,3.2,1,63.2,critique,URGENT: Stock critique - Urgent: vérifier température stockage,5,0,5,True,False,normal,pluvieux
2023-05-20 04:40:40,Clinique des Spécialités,O+,11,5,0,6,3.5,3,79.8,critique,"URGENT: Stock critique - État satisfaisant, contrôle qualité OK",5,4,5,True,False,normal,pluvieux
2023-05-20 07:49:53,Clinique des Spécialités,O+,35,5,22,52,3.2,11,97.2,normale,"Bon état général, légère variation température",5,7,5,True,False,normal,orageux
2023-05-20 12:41:23,Clinique des Spécialités,O+,33,3,0,30,4.0,4,80.4,normale,"État satisfaisant, contrôle qualité OK",5,12,5,True,False,normal,orageux
2023-05-20 17:49:59,Clinique des Spécialités,O-,14,4,0,10,4.0,1,61.7,faible,Parfait pour transfusion immédiate,5,17,5,True,False,normal,ensoleillé
2023-05-20 22:29:18,Clinique des Spécialités,O+,46,7,0,39,3.0,22,97.9,normale,Parfait pour transfusion immédiate,5,22,5,True,False,normal,nuageux
2023-05-21 06:57:05,Clinique des Spécialités,O+,37,4,0,33,4.1,20,100.0,normale,Parfait pour transfusion immédiate,6,6,5,True,False,normal,ensoleillé
2023-05-22 11:23:23,Clinique des Spécialités,B+,34,10,0,24,3.3,2,83.0,normale,Urgent: vérifier température stockage,0,11,5,False,False,normal,pluvieux
2023-05-22 12:51:42,Clinique des Spécialités,O+,56,11,0,45,4.3,3,85.3,normale,"Excellent état, conservation parfaite",0,12,5,False,False,normal,ensoleillé
2023-05-22 14:47:31,Clinique des Spécialités,B+,49,6,18,61,3.7,49,100.0,normale,Attention: proche expiration,0,14,5,False,False,normal,pluvieux
2023-05-23 02:48:13,Clinique des Spécialités,O+,9,8,0,1,4.1,9,91.7,critique,"URGENT: Stock critique - Excellent état, conservation parfaite",1,2,5,False,False,normal,ensoleillé
2023-05-23 11:04:33,Clinique des Spécialités,O+,55,7,13,61,3.7,35,99.7,normale,"État satisfaisant, contrôle qualité OK",1,11,5,False,False,normal,nuageux
2023-05-23 16:38:34,Clinique des Spécialités,A+,43,7,0,36,3.4,12,100.0,normale,Attention: proche expiration,1,16,5,False,False,normal,nuageux
2023-05-23 20:18:11,Clinique des Spécialités,O+,84,9,0,75,4.2,11,100.0,normale,Hémoglobine dans les normes,1,20,5,False,False,normal,ensoleillé
2023-05-23 21:43:52,Clinique des Spécialités,A+,32,9,0,23,3.9,17,98.5,normale,Urgent: vérifier température stockage,1,21,5,False,False,normal,orageux
2023-05-24 13:34:16,Clinique des Spécialités,O+,36,9,0,27,4.2,14,99.3,normale,Parfait pour transfusion immédiate,2,13,5,False,False,normal,pluvieux
2023-05-25 07:11:43,Clinique des Spécialités,A+,63,7,16,72,4.2,6,98.3,normale,Hémoglobine dans les normes,3,7,5,False,False,normal,pluvieux
2023-05-25 08:15:42,Clinique des Spécialités,B+,47,5,0,42,3.8,10,100.0,normale,Urgent: vérifier température stockage,3,8,5,False,False,normal,pluvieux
2023-05-25 17:02:47,Clinique des Spécialités,O+,45,8,18,55,4.3,1,64.2,attention,Parfait pour transfusion immédiate,3,17,5,False,False,normal,nuageux
2023-05-26 02:27:07,Clinique des Spécialités,O+,15,10,0,5,4.1,1,64.8,critique,"URGENT: Stock critique - État satisfaisant, contrôle qualité OK",4,2,5,False,False,normal,pluvieux
2023-05-26 06:05:44,Clinique des Spécialités,A+,68,10,20,78,4.5,19,94.1,normale,Urgent: vérifier température stockage,4,6,5,False,False,normal,ensoleillé
2023-05-26 13:01:54,Clinique des Spécialités,A-,62,5,0,57,4.4,55,99.3,normale,Urgent: vérifier température stockage,4,13,5,False,False,normal,ensoleillé
2023-05-26 13:06:27,Clinique des Spécialités,A+,71,15,26,82,4.8,7,100.0,normale,"État satisfaisant, contrôle qualité OK",4,13,5,False,False,normal,ensoleillé
2023-05-27 14:30:43,Clinique des Spécialités,A+,39,7,22,54,3.4,17,100.0,normale,Attention: proche expiration,5,14,5,True,False,normal,ensoleillé
2023-05-27 18:37:08,Clinique des Spécialités,B+,22,0,0,22,4.1,16,100.0,normale,"Bon état général, légère variation température",5,18,5,True,False,normal,ensoleillé
2023-05-28 10:38:48,Clinique des Spécialités,O+,47,3,22,66,3.6,15,100.0,normale,Urgent: vérifier température stockage,6,10,5,True,False,normal,pluvieux
2023-05-28 14:11:14,Clinique des Spécialités,O+,51,0,13,64,4.0,12,100.0,normale,Attention: proche expiration,6,14,5,True,False,normal,ensoleillé
2023-05-28 23:16:22,Clinique des Spécialités,A+,18,4,14,28,4.8,24,90.1,normale,Hémoglobine dans les normes,6,23,5,True,False,normal,ensoleillé
2023-05-29 00:11:57,Clinique des Spécialités,A+,36,6,0,30,3.9,14,100.0,normale,Hémoglobine dans les normes,0,0,5,False,False,normal,pluvieux
2023-05-29 01:10:39,Clinique des Spécialités,O-,30,8,0,22,4.2,1,67.8,attention,"État satisfaisant, contrôle qualité OK",0,1,5,False,False,normal,pluvieux
2023-05-29 10:40:47,Clinique des Spécialités,A-,63,8,17,72,3.5,27,100.0,normale,Parfait pour transfusion immédiate,0,10,5,False,False,épidémie,ensoleillé
2023-05-29 11:58:37,Clinique des Spécialités,O+,78,6,0,72,4.4,22,100.0,normale,Attention: proche expiration,0,11,5,False,False,normal,pluvieux
2023-05-30 02:10:31,Clinique des Spécialités,O+,34,9,0,25,4.7,1,48.4,attention,Hémoglobine dans les normes,1,2,5,False,False,normal,ensoleillé
2023-05-30 13:39:47,Clinique des Spécialités,A+,42,11,0,31,4.2,7,100.0,normale,Attention: proche expiration,1,13,5,False,False,normal,pluvieux
2023-05-30 17:13:20,Clinique des Spécialités,A+,42,1,12,53,4.1,14,100.0,normale,Parfait pour transfusion immédiate,1,17,5,False,False,normal,nuageux
2023-05-31 07:07:16,Clinique des Spécialités,A-,41,9,20,52,3.7,16,95.9,normale,Urgent: vérifier température stockage,2,7,5,False,False,normal,pluvieux
2023-05-31 10:37:34,Clinique des Spécialités,A-,46,5,20,61,4.9,6,100.0,normale,"Bon état général, légère variation température",2,10,5,False,False,normal,pluvieux
2023-05-31 20:32:17,Clinique des Spécialités,O-,72,7,0,65,3.9,10,100.0,normale,"Excellent état, conservation parfaite",2,20,5,False,False,normal,ensoleillé
2023-05-31 22:17:16,Clinique des Spécialités,B+,83,8,0,75,3.1,11,95.6,normale,Urgent: vérifier température stockage,2,22,5,False,False,normal,pluvieux
2023-06-01 03:03:28,Clinique des Spécialités,O+,25,7,0,18,3.5,2,88.0,faible,Urgent: vérifier température stockage,3,3,6,False,False,normal,orageux
2023-06-01 22:48:44,Clinique des Spécialités,A+,68,2,0,66,5.1,4,85.2,normale,Attention: proche expiration,3,22,6,False,False,normal,nuageux
2023-06-02 13:46:31,Clinique des Spécialités,A-,63,9,0,54,3.5,25,90.2,normale,Attention: proche expiration,4,13,6,False,False,normal,nuageux
2023-06-02 22:48:43,Clinique des Spécialités,A+,40,5,0,35,3.5,13,100.0,normale,Parfait pour transfusion immédiate,4,22,6,False,False,normal,ensoleillé
2023-06-03 04:15:08,Clinique des Spécialités,A+,18,1,20,37,3.7,9,100.0,normale,Contrôle bactériologique négatif,5,4,6,True,False,normal,ensoleillé
2023-06-03 12:34:41,Clinique des Spécialités,A+,46,7,0,39,3.4,30,88.6,normale,Urgent: vérifier température stockage,5,12,6,True,False,normal,nuageux
2023-06-03 17:26:09,Clinique des Spécialités,B+,24,12,29,41,4.0,13,98.7,normale,Parfait pour transfusion immédiate,5,17,6,True,False,normal,ensoleillé
2023-06-04 01:16:48,Clinique des Spécialités,B+,2,5,0,0,4.6,3,80.3,critique,URGENT: Stock critique - Attention: proche expiration,6,1,6,True,False,normal,pluvieux
2023-06-04 13:55:00,Clinique des Spécialités,A+,42,7,0,35,4.3,7,100.0,normale,"Bon état général, légère variation température",6,13,6,True,False,normal,pluvieux
2023-06-04 15:43:39,Clinique des Spécialités,A+,48,4,0,44,4.4,27,99.1,normale,Attention: proche expiration,6,15,6,True,False,normal,pluvieux
2023-06-05 06:36:36,Clinique des Spécialités,O+,38,11,11,38,3.5,1,58.5,attention,Hémoglobine dans les normes,0,6,6,False,False,normal,pluvieux
2023-06-05 10:09:47,Clinique des Spécialités,A-,63,12,0,51,4.7,7,96.8,normale,Contrôle bactériologique négatif,0,10,6,False,False,normal,orageux
2023-06-05 15:57:08,Clinique des Spécialités,O+,23,8,0,15,4.0,10,92.7,faible,"Bon état général, légère variation température",0,15,6,False,False,normal,pluvieux
2023-06-06 10:43:54,Clinique des Spécialités,A-,69,7,25,87,4.3,3,78.0,normale,Hémoglobine dans les normes,1,10,6,False,False,normal,pluvieux
2023-06-06 16:52:29,Clinique des Spécialités,A-,65,9,0,56,3.8,15,100.0,normale,"Excellent état, conservation parfaite",1,16,6,False,False,normal,ensoleillé
2023-06-06 17:09:08,Clinique des Spécialités,O-,38,7,0,31,3.9,16,97.6,normale,"État satisfaisant, contrôle qualité OK",1,17,6,False,False,normal,ensoleillé
2023-06-06 20:32:10,Clinique des Spécialités,O+,56,4,21,73,4.4,59,95.8,normale,Urgent: vérifier température stockage,1,20,6,False,False,normal,orageux
2023-06-06 20:56:04,Clinique des Spécialités,A+,44,8,0,36,4.3,5,91.2,normale,"État satisfaisant, contrôle qualité OK",1,20,6,False,False,normal,orageux
2023-06-07 01:02:24,Clinique des Spécialités,O+,36,7,21,50,4.0,6,98.4,normale,Attention: proche expiration,2,1,6,False,False,normal,ensoleillé
2023-06-07 01:37:50,Clinique des Spécialités,O+,8,4,0,4,4.2,15,100.0,critique,"URGENT: Stock critique - Excellent état, conservation parfaite",2,1,6,False,False,normal,ensoleillé
2023-06-07 07:48:16,Clinique des Spécialités,O-,45,5,0,40,4.2,16,94.2,normale,"Excellent état, conservation parfaite",2,7,6,False,False,normal,ensoleillé
2023-06-07 13:49:13,Clinique des Spécialités,A-,70,3,0,67,3.7,38,92.6,normale,Hémoglobine dans les normes,2,13,6,False,False,normal,ensoleillé
2023-06-07 13:56:08,Clinique des Spécialités,O+,29,6,0,23,4.5,29,100.0,normale,"État satisfaisant, contrôle qualité OK",2,13,6,False,False,normal,pluvieux
2023-06-07 17:12:45,Clinique des Spécialités,O+,24,10,0,14,4.3,1,60.4,faible,Urgent: vérifier température stockage,2,17,6,False,False,urgence_médicale,pluvieux
2023-06-08 00:25:29,Clinique des Spécialités,O-,33,3,0,30,3.9,25,98.7,normale,Urgent: vérifier température stockage,3,0,6,False,False,campagne_don,nuageux
2023-06-08 02:56:50,Clinique des Spécialités,B+,29,8,0,21,3.2,14,94.3,normale,Parfait pour transfusion immédiate,3,2,6,False,False,normal,ensoleillé
2023-06-08 12:43:30,Clinique des Spécialités,O+,49,11,23,61,3.9,9,96.6,normale,"Excellent état, conservation parfaite",3,12,6,False,False,normal,pluvieux
2023-06-08 14:11:30,Clinique des Spécialités,O+,32,9,0,23,4.2,12,91.9,normale,Urgent: vérifier température stockage,3,14,6,False,False,normal,ensoleillé
2023-06-08 17:49:57,Clinique des Spécialités,A+,73,3,0,70,4.2,3,83.4,normale,Hémoglobine dans les normes,3,17,6,False,False,normal,ensoleillé
2023-06-09 11:11:19,Clinique des Spécialités,O+,76,8,22,90,4.1,21,95.0,normale,Attention: proche expiration,4,11,6,False,False,normal,ensoleillé
2023-06-09 12:20:19,Clinique des Spécialités,O-,46,6,0,40,4.3,7,89.5,normale,"État satisfaisant, contrôle qualité OK",4,12,6,False,False,normal,ensoleillé
2023-06-10 17:26:45,Clinique des Spécialités,A+,40,7,0,33,4.6,67,97.1,normale,Contrôle bactériologique négatif,5,17,6,True,False,normal,ensoleillé
2023-06-10 22:47:31,Clinique des Spécialités,A-,52,8,0,44,4.3,16,100.0,normale,"État satisfaisant, contrôle qualité OK",5,22,6,True,False,normal,pluvieux
2023-06-10 23:36:47,Clinique des Spécialités,O-,18,5,17,30,3.6,48,90.0,normale,Parfait pour transfusion immédiate,5,23,6,True,False,normal,nuageux
2023-06-11 16:29:33,Clinique des Spécialités,O-,18,7,0,11,5.0,8,97.7,faible,Contrôle bactériologique négatif,6,16,6,True,False,normal,ensoleillé
2023-06-11 18:31:12,Clinique des Spécialités,A+,35,2,0,33,4.2,1,68.6,attention,Attention: proche expiration,6,18,6,True,False,normal,ensoleillé
2023-06-11 23:54:01,Clinique des Spécialités,B+,25,7,14,32,3.8,33,96.8,normale,"Bon état général, légère variation température",6,23,6,True,False,normal,nuageux
2023-06-12 13:17:13,Clinique des Spécialités,O+,47,11,0,36,4.0,4,81.5,normale,Parfait pour transfusion immédiate,0,13,6,False,False,normal,pluvieux
2023-06-13 08:20:43,Clinique des Spécialités,B+,14,10,0,4,4.9,7,94.8,critique,"URGENT: Stock critique - Excellent état, conservation parfaite",1,8,6,False,False,normal,ensoleillé
2023-06-13 10:29:33,Clinique des Spécialités,O+,43,9,0,34,4.2,11,99.8,normale,"Excellent état, conservation parfaite",1,10,6,False,False,normal,ensoleillé
2023-06-13 13:05:21,Clinique des Spécialités,A+,83,8,0,75,4.5,27,98.6,normale,Hémoglobine dans les normes,1,13,6,False,False,normal,pluvieux
2023-06-13 20:03:31,Clinique des Spécialités,B+,51,12,17,56,4.3,13,100.0,normale,Parfait pour transfusion immédiate,1,20,6,False,False,normal,nuageux
2023-06-14 02:20:20,Clinique des Spécialités,O+,26,8,0,18,3.8,21,100.0,faible,Urgent: vérifier température stockage,2,2,6,False,False,normal,ensoleillé
2023-06-15 00:55:15,Clinique des Spécialités,O+,26,9,21,38,4.4,2,77.3,normale,Urgent: vérifier température stockage,3,0,6,False,False,normal,nuageux
2023-06-15 16:13:18,Clinique des Spécialités,O+,64,8,17,73,4.1,8,97.3,normale,Attention: proche expiration,3,16,6,False,False,normal,ensoleillé
2023-06-16 08:19:54,Clinique des Spécialités,O+,52,7,17,62,4.4,2,89.8,normale,Contrôle bactériologique négatif,4,8,6,False,False,normal,nuageux
2023-06-16 12:29:17,Clinique des Spécialités,O-,27,3,23,47,4.9,23,100.0,normale,"État satisfaisant, contrôle qualité OK",4,12,6,False,False,normal,pluvieux
2023-06-16 20:26:27,Clinique des Spécialités,O+,59,5,21,75,3.5,5,100.0,normale,"Excellent état, conservation parfaite",4,20,6,False,False,normal,pluvieux
2023-06-17 18:20:31,Clinique des Spécialités,O+,45,10,0,35,4.2,32,98.0,normale,"Bon état général, légère variation température",5,18,6,True,False,normal,ensoleillé
2023-06-17 18:56:05,Clinique des Spécialités,O-,31,4,0,27,4.4,20,100.0,normale,Parfait pour transfusion immédiate,5,18,6,True,False,normal,nuageux
2023-06-17 20:11:20,Clinique des Spécialités,B+,31,5,22,48,3.6,9,99.8,normale,Hémoglobine dans les normes,5,20,6,True,False,normal,orageux
2023-06-17 20:59:21,Clinique des Spécialités,A+,9,7,25,27,3.7,17,91.7,normale,"État satisfaisant, contrôle qualité OK",5,20,6,True,False,normal,pluvieux
2023-06-17 21:20:21,Clinique des Spécialités,AB+,50,7,0,43,5.2,4,83.1,normale,"État satisfaisant, contrôle qualité OK",5,21,6,True,False,normal,nuageux
2023-06-20 06:37:51,Clinique des Spécialités,O+,37,6,0,31,4.4,16,98.6,normale,Contrôle bactériologique négatif,1,6,6,False,False,normal,nuageux
2023-06-20 16:03:37,Clinique des Spécialités,O+,41,4,17,54,3.7,21,100.0,normale,Contrôle bactériologique négatif,1,16,6,False,False,normal,ensoleillé
2023-06-20 17:17:50,Clinique des Spécialités,O+,54,6,28,76,4.5,17,100.0,normale,Contrôle bactériologique négatif,1,17,6,False,False,normal,ensoleillé
2023-06-20 17:52:02,Clinique des Spécialités,O-,61,6,21,76,3.7,1,57.0,attention,Attention: proche expiration,1,17,6,False,False,normal,pluvieux
2023-06-20 21:39:19,Clinique des Spécialités,O-,50,16,0,34,4.3,17,96.8,normale,"Bon état général, légère variation température",1,21,6,False,False,normal,nuageux
2023-06-20 22:51:01,Clinique des Spécialités,B+,45,5,0,40,4.1,34,99.4,normale,"État satisfaisant, contrôle qualité OK",1,22,6,False,False,normal,pluvieux
2023-06-21 00:51:37,Clinique des Spécialités,O+,36,12,0,24,3.9,1,64.5,attention,Urgent: vérifier température stockage,2,0,6,False,False,normal,ensoleillé
2023-06-21 03:00:16,Clinique des Spécialités,O+,34,7,0,27,3.8,9,100.0,normale,Attention: proche expiration,2,3,6,False,False,normal,pluvieux
2023-06-21 07:48:07,Clinique des Spécialités,A-,57,11,20,66,4.5,8,100.0,normale,Parfait pour transfusion immédiate,2,7,6,False,False,normal,nuageux
2023-06-22 06:32:50,Clinique des Spécialités,O+,79,6,0,73,4.2,4,87.0,normale,"État satisfaisant, contrôle qualité OK",3,6,6,False,False,normal,ensoleillé
2023-06-22 13:05:30,Clinique des Spécialités,O+,69,16,0,53,3.7,19,100.0,normale,"État satisfaisant, contrôle qualité OK",3,13,6,False,False,normal,pluvieux
2023-06-23 00:56:58,Clinique des Spécialités,O+,15,11,0,4,3.7,9,100.0,critique,URGENT: Stock critique - Hémoglobine dans les normes,4,0,6,False,False,normal,pluvieux
2023-06-23 16:54:10,Clinique des Spécialités,A+,54,9,0,45,3.7,16,87.9,normale,Contrôle bactériologique négatif,4,16,6,False,False,normal,pluvieux
2023-06-23 18:46:58,Clinique des Spécialités,O+,49,5,0,44,4.9,5,96.4,normale,"État satisfaisant, contrôle qualité OK",4,18,6,False,False,normal,ensoleillé
2023-06-24 04:40:27,Clinique des Spécialités,A+,13,6,0,7,4.0,20,97.6,critique,"URGENT: Stock critique - Bon état général, légère variation température",5,4,6,True,False,normal,pluvieux
2023-06-25 12:11:09,Clinique des Spécialités,AB+,36,8,0,28,4.4,39,98.5,normale,"Excellent état, conservation parfaite",6,12,6,True,False,normal,pluvieux
2023-06-25 15:43:20,Clinique des Spécialités,A+,39,8,0,31,3.8,1,65.4,attention,Attention: proche expiration,6,15,6,True,False,normal,ensoleillé
2023-06-25 16:30:29,Clinique des Spécialités,A+,30,8,0,22,4.0,10,92.6,normale,Attention: proche expiration,6,16,6,True,False,normal,nuageux
2023-06-25 23:24:09,Clinique des Spécialités,O+,21,5,0,16,3.8,34,100.0,faible,Urgent: vérifier température stockage,6,23,6,True,False,normal,nuageux
2023-06-26 00:11:54,Clinique des Spécialités,O+,23,7,0,16,4.4,9,97.5,faible,Hémoglobine dans les normes,0,0,6,False,False,normal,pluvieux
2023-06-26 10:33:08,Clinique des Spécialités,AB+,50,8,0,42,3.4,2,85.6,normale,Urgent: vérifier température stockage,0,10,6,False,False,normal,ensoleillé
2023-06-26 12:37:10,Clinique des Spécialités,A+,26,13,18,31,3.3,14,92.8,normale,Urgent: vérifier température stockage,0,12,6,False,False,normal,nuageux
2023-06-26 16:48:08,Clinique des Spécialités,O+,37,12,0,25,3.1,19,99.2,normale,Contrôle bactériologique négatif,0,16,6,False,False,épidémie,nuageux
2023-06-27 01:14:57,Clinique des Spécialités,O+,10,7,0,3,4.4,15,95.1,critique,"URGENT: Stock critique - État satisfaisant, contrôle qualité OK",1,1,6,False,False,normal,ensoleillé
2023-06-27 04:41:16,Clinique des Spécialités,O+,43,6,0,37,4.6,4,89.8,normale,Hémoglobine dans les normes,1,4,6,False,False,normal,ensoleillé
2023-06-27 08:13:19,Clinique des Spécialités,AB+,57,11,25,71,4.5,42,91.9,normale,"Bon état général, légère variation température",1,8,6,False,False,normal,pluvieux
2023-06-28 06:31:55,Clinique des Spécialités,A+,69,14,0,55,4.6,25,100.0,normale,Contrôle bactériologique négatif,2,6,6,False,False,normal,ensoleillé
2023-06-29 06:28:19,Clinique des Spécialités,A+,47,7,0,40,4.1,45,100.0,normale,Hémoglobine dans les normes,3,6,6,False,False,normal,pluvieux
2023-06-29 16:46:22,Clinique des Spécialités,O+,61,3,0,58,3.3,1,61.6,attention,Contrôle bactériologique négatif,3,16,6,False,False,normal,nuageux
2023-06-29 17:07:12,Clinique des Spécialités,O+,10,7,0,3,3.8,12,100.0,critique,URGENT: Stock critique - Contrôle bactériologique négatif,3,17,6,False,False,normal,pluvieux
2023-06-29 17:26:27,Clinique des Spécialités,O+,39,8,23,54,2.8,4,77.6,normale,"Excellent état, conservation parfaite",3,17,6,False,False,normal,orageux
2023-06-29 19:32:17,Clinique des Spécialités,O+,69,8,17,78,4.4,12,100.0,normale,Urgent: vérifier température stockage,3,19,6,False,False,normal,nuageux
2023-06-30 05:07:24,Clinique des Spécialités,A-,13,7,22,28,4.1,21,100.0,normale,"Bon état général, légère variation température",4,5,6,False,False,normal,pluvieux
2023-06-30 08:01:08,Clinique des Spécialités,O+,74,2,0,72,3.7,8,98.7,normale,Attention: proche expiration,4,8,6,False,False,normal,ensoleillé
2023-07-01 09:00:41,Clinique des Spécialités,O+,33,6,0,27,4.4,9,100.0,normale,Parfait pour transfusion immédiate,5,9,7,True,True,normal,nuageux
2023-07-01 15:11:50,Clinique des Spécialités,A-,43,9,0,34,3.4,4,87.3,normale,Parfait pour transfusion immédiate,5,15,7,True,True,normal,pluvieux
2023-07-01 17:41:07,Clinique des Spécialités,O+,51,2,0,49,3.9,13,100.0,normale,Parfait pour transfusion immédiate,5,17,7,True,True,normal,nuageux
2023-07-02 06:06:09,Clinique des Spécialités,A+,58,5,16,69,3.9,1,51.9,attention,Attention: proche expiration,6,6,7,True,True,normal,nuageux
2023-07-02 11:47:50,Clinique des Spécialités,A+,24,9,18,33,4.3,24,92.3,normale,Contrôle bactériologique négatif,6,11,7,True,True,normal,ensoleillé
2023-07-02 12:18:21,Clinique des Spécialités,B-,36,2,0,34,3.7,6,100.0,normale,Attention: proche expiration,6,12,7,True,True,normal,pluvieux
2023-07-02 16:41:41,Clinique des Spécialités,A+,72,5,26,93,3.8,6,97.8,normale,Hémoglobine dans les normes,6,16,7,True,True,normal,ensoleillé
2023-07-02 23:22:21,Clinique des Spécialités,A+,27,12,19,34,4.0,5,100.0,normale,"Bon état général, légère variation température",6,23,7,True,True,normal,pluvieux
2023-07-03 16:36:26,Clinique des Spécialités,B+,84,3,0,81,4.0,31,100.0,normale,Parfait pour transfusion immédiate,0,16,7,False,True,normal,ensoleillé
2023-07-04 02:36:42,Clinique des Spécialités,A+,34,5,24,53,3.6,1,57.1,attention,Hémoglobine dans les normes,1,2,7,False,True,normal,pluvieux
2023-07-04 20:13:25,Clinique des Spécialités,A+,59,12,0,47,3.6,9,98.6,normale,"Excellent état, conservation parfaite",1,20,7,False,True,normal,ensoleillé
2023-07-04 23:28:35,Clinique des Spécialités,A-,29,6,9,32,3.6,9,92.1,normale,Hémoglobine dans les normes,1,23,7,False,True,normal,pluvieux
2023-07-05 06:09:46,Clinique des Spécialités,AB+,80,7,0,73,3.6,26,97.8,normale,Urgent: vérifier température stockage,2,6,7,False,True,normal,pluvieux
2023-07-05 12:42:55,Clinique des Spécialités,O+,28,7,14,35,4.0,24,100.0,normale,Parfait pour transfusion immédiate,2,12,7,False,True,normal,nuageux
2023-07-05 19:29:32,Clinique des Spécialités,O-,49,8,18,59,3.9,15,92.9,normale,"Excellent état, conservation parfaite",2,19,7,False,True,normal,pluvieux
2023-07-05 23:00:09,Clinique des Spécialités,A+,25,8,0,17,4.2,45,100.0,faible,Attention: proche expiration,2,23,7,False,True,normal,nuageux
2023-07-06 02:47:36,Clinique des Spécialités,O+,46,11,0,35,3.6,44,97.3,normale,Parfait pour transfusion immédiate,3,2,7,False,True,campagne_don,pluvieux
2023-07-06 07:18:39,Clinique des Spécialités,B+,73,0,0,73,3.8,10,96.2,normale,Parfait pour transfusion immédiate,3,7,7,False,True,normal,ensoleillé
2023-07-06 08:06:08,Clinique des Spécialités,A+,91,12,22,101,3.6,9,100.0,normale,Parfait pour transfusion immédiate,3,8,7,False,True,normal,pluvieux
2023-07-06 15:23:02,Clinique des Spécialités,A+,75,5,22,92,3.3,11,100.0,normale,"Excellent état, conservation parfaite",3,15,7,False,True,normal,nuageux
2023-07-07 21:42:15,Clinique des Spécialités,A+,94,3,0,91,3.5,6,95.6,normale,Hémoglobine dans les normes,4,21,7,False,True,normal,pluvieux
2023-07-08 18:19:55,Clinique des Spécialités,A+,45,10,25,60,3.6,13,100.0,normale,Parfait pour transfusion immédiate,5,18,7,True,True,normal,ensoleillé
2023-07-10 12:13:07,Clinique des Spécialités,A+,67,7,0,60,3.8,10,100.0,normale,"Excellent état, conservation parfaite",0,12,7,False,True,normal,nuageux
2023-07-10 22:02:50,Clinique des Spécialités,A+,79,8,0,71,4.0,12,100.0,normale,"Bon état général, légère variation température",0,22,7,False,True,normal,orageux
2023-07-10 23:41:45,Clinique des Spécialités,A+,22,11,0,11,3.8,28,100.0,faible,Attention: proche expiration,0,23,7,False,True,normal,nuageux
2023-07-11 06:46:58,Clinique des Spécialités,B-,51,6,0,45,3.2,6,98.1,normale,Urgent: vérifier température stockage,1,6,7,False,True,normal,nuageux
2023-07-11 15:28:28,Clinique des Spécialités,A+,71,6,0,65,3.5,2,88.2,normale,"État satisfaisant, contrôle qualité OK",1,15,7,False,True,épidémie,ensoleillé
2023-07-11 19:09:59,Clinique des Spécialités,AB+,62,7,0,55,4.5,6,99.8,normale,"Bon état général, légère variation température",1,19,7,False,True,normal,ensoleillé
2023-07-12 12:35:53,Clinique des Spécialités,A+,57,5,0,52,3.5,5,95.1,normale,Parfait pour transfusion immédiate,2,12,7,False,True,normal,ensoleillé
2023-07-14 10:32:19,Clinique des Spécialités,O+,63,12,0,51,5.5,9,100.0,normale,Attention: proche expiration,4,10,7,False,True,normal,orageux
2023-07-14 16:13:05,Clinique des Spécialités,O+,46,4,23,65,4.6,9,94.1,normale,Urgent: vérifier température stockage,4,16,7,False,True,normal,nuageux
2023-07-14 23:04:44,Clinique des Spécialités,A+,41,6,0,35,3.8,16,96.6,normale,Urgent: vérifier température stockage,4,23,7,False,True,normal,ensoleillé
2023-07-15 02:48:29,Clinique des Spécialités,O+,21,7,0,14,4.1,58,96.5,faible,Attention: proche expiration,5,2,7,True,True,normal,ensoleillé
2023-07-15 10:50:11,Clinique des Spécialités,A+,45,3,0,42,3.7,2,81.7,normale,"Bon état général, légère variation température",5,10,7,True,True,normal,pluvieux
2023-07-15 22:38:53,Clinique des Spécialités,O+,42,5,0,37,3.8,31,93.8,normale,Urgent: vérifier température stockage,5,22,7,True,True,normal,orageux
2023-07-16 03:53:29,Clinique des Spécialités,A-,11,4,0,7,3.4,21,92.8,critique,"URGENT: Stock critique - Excellent état, conservation parfaite",6,3,7,True,True,normal,pluvieux
2023-07-16 18:55:04,Clinique des Spécialités,O+,31,3,0,28,4.5,1,59.8,attention,"Excellent état, conservation parfaite",6,18,7,True,True,urgence_médicale,orageux
2023-07-17 00:12:12,Clinique des Spécialités,A+,25,7,0,18,4.3,19,100.0,faible,Hémoglobine dans les normes,0,0,7,False,True,normal,ensoleillé
2023-07-17 07:53:00,Clinique des Spécialités,O+,63,10,0,53,3.0,7,98.0,normale,Urgent: vérifier température stockage,0,7,7,False,True,normal,pluvieux
2023-07-17 11:43:09,Clinique des Spécialités,B+,68,5,28,91,3.7,39,100.0,normale,"Bon état général, légère variation température",0,11,7,False,True,normal,pluvieux
2023-07-17 19:14:16,Clinique des Spécialités,O+,66,14,0,52,5.2,7,100.0,normale,Attention: proche expiration,0,19,7,False,True,normal,pluvieux
2023-07-19 08:47:23,Clinique des Spécialités,O+,47,8,20,59,4.0,15,96.4,normale,Hémoglobine dans les normes,2,8,7,False,True,normal,ensoleillé
2023-07-19 15:44:05,Clinique des Spécialités,A+,79,11,0,68,4.1,12,100.0,normale,Parfait pour transfusion immédiate,2,15,7,False,True,normal,nuageux
2023-07-19 17:44:41,Clinique des Spécialités,O+,65,9,0,56,4.4,1,58.1,attention,"État satisfaisant, contrôle qualité OK",2,17,7,False,True,normal,pluvieux
2023-07-19 18:10:56,Clinique des Spécialités,O-,44,8,0,36,4.3,29,100.0,normale,Parfait pour transfusion immédiate,2,18,7,False,True,normal,nuageux
2023-07-19 20:38:20,Clinique des Spécialités,B-,52,5,0,47,4.8,21,99.7,normale,Hémoglobine dans les normes,2,20,7,False,True,normal,nuageux
2023-07-20 06:39:40,Clinique des Spécialités,O+,78,11,0,67,3.8,41,98.9,normale,Attention: proche expiration,3,6,7,False,True,normal,nuageux
2023-07-20 19:58:38,Clinique des Spécialités,O+,73,16,0,57,4.4,1,61.0,attention,Attention: proche expiration,3,19,7,False,True,normal,ensoleillé
2023-07-20 21:13:57,Clinique des Spécialités,AB-,66,8,0,58,4.1,19,93.4,normale,Contrôle bactériologique négatif,3,21,7,False,True,normal,pluvieux
2023-07-22 12:28:20,Clinique des Spécialités,B+,45,7,0,38,4.0,1,61.5,attention,Hémoglobine dans les normes,5,12,7,True,True,normal,ensoleillé
2023-07-22 14:25:00,Clinique des Spécialités,O+,33,8,0,25,4.2,2,81.2,normale,Parfait pour transfusion immédiate,5,14,7,True,True,normal,pluvieux
2023-07-22 17:12:46,Clinique des Spécialités,O+,49,3,0,46,4.9,36,100.0,normale,Attention: proche expiration,5,17,7,True,True,normal,ensoleillé
2023-07-23 06:46:04,Clinique des Spécialités,A+,26,7,0,19,4.0,6,97.2,faible,Contrôle bactériologique négatif,6,6,7,True,True,normal,ensoleillé
2023-07-23 20:58:13,Clinique des Spécialités,B+,49,6,15,58,4.1,11,100.0,normale,Hémoglobine dans les normes,6,20,7,True,True,normal,pluvieux
2023-07-23 21:41:27,Clinique des Spécialités,A+,46,8,0,38,3.8,25,95.7,normale,"Excellent état, conservation parfaite",6,21,7,True,True,normal,ensoleillé
2023-07-24 02:57:57,Clinique des Spécialités,A+,36,5,20,51,4.4,6,100.0,normale,"État satisfaisant, contrôle qualité OK",0,2,7,False,True,normal,ensoleillé
2023-07-24 03:51:52,Clinique des Spécialités,A+,23,3,22,42,3.9,3,89.3,normale,"État satisfaisant, contrôle qualité OK",0,3,7,False,True,normal,nuageux
2023-07-24 06:54:51,Clinique des Spécialités,A+,86,8,26,104,4.3,12,97.3,normale,"État satisfaisant, contrôle qualité OK",0,6,7,False,True,normal,nuageux
2023-07-24 09:22:37,Clinique des Spécialités,O+,39,3,0,36,3.7,68,91.2,normale,"Bon état général, légère variation température",0,9,7,False,True,normal,nuageux
2023-07-24 20:22:17,Clinique des Spécialités,A+,33,5,0,28,4.2,5,98.9,normale,Hémoglobine dans les normes,0,20,7,False,True,normal,nuageux
2023-07-25 04:10:48,Clinique des Spécialités,O+,11,9,0,2,4.0,6,97.6,critique,URGENT: Stock critique - Contrôle bactériologique négatif,1,4,7,False,True,normal,ensoleillé
2023-07-25 07:42:34,Clinique des Spécialités,O+,69,13,17,73,2.7,1,63.8,attention,Parfait pour transfusion immédiate,1,7,7,False,True,normal,ensoleillé
2023-07-26 03:26:10,Clinique des Spécialités,A+,36,9,0,27,3.9,36,100.0,normale,Attention: proche expiration,2,3,7,False,True,normal,orageux
2023-07-26 11:34:30,Clinique des Spécialités,A+,54,10,0,44,3.9,7,98.4,normale,"Bon état général, légère variation température",2,11,7,False,True,normal,ensoleillé
2023-07-27 05:40:54,Clinique des Spécialités,O+,26,0,0,26,4.0,17,100.0,normale,"Bon état général, légère variation température",3,5,7,False,True,normal,orageux
2023-07-27 11:47:48,Clinique des Spécialités,O+,49,7,19,61,4.2,23,100.0,normale,"État satisfaisant, contrôle qualité OK",3,11,7,False,True,normal,pluvieux
2023-07-28 11:38:52,Clinique des Spécialités,A+,44,1,15,58,3.3,15,97.9,normale,Urgent: vérifier température stockage,4,11,7,False,True,normal,nuageux
2023-07-28 14:32:39,Clinique des Spécialités,A+,45,6,0,39,3.7,1,66.7,attention,Parfait pour transfusion immédiate,4,14,7,False,True,normal,orageux
2023-07-28 15:23:13,Clinique des Spécialités,A+,29,3,0,26,4.3,22,100.0,normale,Contrôle bactériologique négatif,4,15,7,False,True,normal,ensoleillé
2023-07-28 17:19:19,Clinique des Spécialités,O+,63,9,0,54,4.0,5,100.0,normale,Hémoglobine dans les normes,4,17,7,False,True,normal,ensoleillé
2023-07-30 02:22:16,Clinique des Spécialités,A+,23,7,0,16,4.1,20,97.3,faible,"Excellent état, conservation parfaite",6,2,7,True,True,normal,pluvieux
2023-07-30 06:52:09,Clinique des Spécialités,A-,18,11,24,31,4.6,17,100.0,normale,Parfait pour transfusion immédiate,6,6,7,True,True,normal,ensoleillé
2023-07-30 11:12:31,Clinique des Spécialités,A+,39,1,0,38,4.4,32,99.1,normale,"État satisfaisant, contrôle qualité OK",6,11,7,True,True,normal,pluvieux
2023-07-30 12:39:51,Clinique des Spécialités,O+,21,6,14,29,3.2,3,85.5,normale,Urgent: vérifier température stockage,6,12,7,True,True,normal,pluvieux
2023-07-31 02:01:52,Clinique des Spécialités,O+,38,7,0,31,3.8,11,100.0,normale,"Bon état général, légère variation température",0,2,7,False,True,normal,pluvieux
2023-07-31 02:10:08,Clinique des Spécialités,B-,39,0,0,39,4.1,17,90.8,normale,Parfait pour transfusion immédiate,0,2,7,False,True,normal,pluvieux
2023-07-31 02:37:36,Clinique des Spécialités,A+,25,1,18,42,3.6,11,100.0,normale,"Bon état général, légère variation température",0,2,7,False,True,normal,orageux
2023-08-01 11:25:26,Clinique des Spécialités,A+,45,14,0,31,3.9,94,94.8,normale,"Excellent état, conservation parfaite",1,11,8,False,True,normal,pluvieux
2023-08-01 16:00:48,Clinique des Spécialités,A-,36,12,0,24,4.3,12,99.5,normale,Urgent: vérifier température stockage,1,16,8,False,True,normal,orageux
2023-08-02 01:04:42,Clinique des Spécialités,B+,32,15,26,43,4.2,11,100.0,normale,"Bon état général, légère variation température",2,1,8,False,True,normal,nuageux
2023-08-02 07:56:47,Clinique des Spécialités,A+,49,3,0,46,3.5,2,87.8,normale,Urgent: vérifier température stockage,2,7,8,False,True,normal,nuageux
2023-08-02 22:12:24,Clinique des Spécialités,A+,46,14,22,54,4.6,1,60.3,attention,Contrôle bactériologique négatif,2,22,8,False,True,normal,nuageux
2023-08-03 00:19:02,Clinique des Spécialités,O+,41,8,0,33,3.4,2,88.7,normale,Attention: proche expiration,3,0,8,False,True,normal,pluvieux
2023-08-03 04:12:29,Clinique des Spécialités,B+,40,6,0,34,3.8,1,72.6,normale,Hémoglobine dans les normes,3,4,8,False,True,normal,pluvieux
2023-08-03 05:47:03,Clinique des Spécialités,A+,51,10,0,41,4.4,25,100.0,normale,Urgent: vérifier température stockage,3,5,8,False,True,normal,orageux
2023-08-03 12:31:52,Clinique des Spécialités,O+,58,8,0,50,3.9,18,100.0,normale,"Bon état général, légère variation température",3,12,8,False,True,normal,ensoleillé
2023-08-04 00:44:02,Clinique des Spécialités,O-,21,5,0,16,4.3,1,52.8,faible,"Bon état général, légère variation température",4,0,8,False,True,normal,ensoleillé
2023-08-04 02:20:58,Clinique des Spécialités,A+,32,7,0,25,3.7,44,90.6,normale,Attention: proche expiration,4,2,8,False,True,normal,orageux
2023-08-04 10:26:01,Clinique des Spécialités,A+,22,7,0,15,4.6,17,90.7,faible,"État satisfaisant, contrôle qualité OK",4,10,8,False,True,normal,pluvieux
2023-08-04 10:59:27,Clinique des Spécialités,A+,54,12,0,42,3.6,12,100.0,normale,Contrôle bactériologique négatif,4,10,8,False,True,normal,ensoleillé
2023-08-04 21:51:19,Clinique des Spécialités,O+,69,6,0,63,4.2,43,100.0,normale,"Excellent état, conservation parfaite",4,21,8,False,True,normal,pluvieux
2023-08-04 22:20:40,Clinique des Spécialités,B-,63,0,0,63,3.7,42,96.6,normale,"Excellent état, conservation parfaite",4,22,8,False,True,normal,orageux
2023-08-05 04:44:31,Clinique des Spécialités,A-,11,3,0,8,4.3,8,100.0,critique,URGENT: Stock critique - Contrôle bactériologique négatif,5,4,8,True,True,normal,ensoleillé
2023-08-06 03:16:31,Clinique des Spécialités,O+,18,4,23,37,4.3,62,100.0,normale,Parfait pour transfusion immédiate,6,3,8,True,True,normal,pluvieux
2023-08-06 09:19:46,Clinique des Spécialités,A+,36,10,20,46,3.8,1,58.6,attention,"État satisfaisant, contrôle qualité OK",6,9,8,True,True,normal,pluvieux
2023-08-06 14:46:05,Clinique des Spécialités,O+,40,5,0,35,4.2,5,96.2,normale,Hémoglobine dans les normes,6,14,8,True,True,normal,pluvieux
2023-08-07 22:08:06,Clinique des Spécialités,B+,27,8,0,19,4.0,10,100.0,faible,Parfait pour transfusion immédiate,0,22,8,False,True,normal,ensoleillé
2023-08-08 09:35:16,Clinique des Spécialités,A+,89,9,22,102,4.7,7,100.0,normale,Hémoglobine dans les normes,1,9,8,False,True,normal,orageux
2023-08-09 18:24:09,Clinique des Spécialités,O+,65,21,0,44,4.8,23,100.0,normale,"Bon état général, légère variation température",2,18,8,False,True,normal,ensoleillé
2023-08-09 21:44:39,Clinique des Spécialités,A+,71,18,0,53,4.4,2,87.4,normale,Hémoglobine dans les normes,2,21,8,False,True,normal,orageux
2023-08-10 14:52:50,Clinique des Spécialités,A-,85,11,0,74,3.4,14,92.6,normale,Contrôle bactériologique négatif,3,14,8,False,True,normal,ensoleillé
2023-08-11 10:30:31,Clinique des Spécialités,A+,47,2,28,73,4.5,19,100.0,normale,"Excellent état, conservation parfaite",4,10,8,False,True,normal,orageux
2023-08-12 00:57:05,Clinique des Spécialités,O+,27,2,0,25,3.9,10,99.5,normale,"État satisfaisant, contrôle qualité OK",5,0,8,True,True,normal,pluvieux
2023-08-12 06:02:13,Clinique des Spécialités,AB-,31,8,0,23,3.8,17,100.0,normale,"Bon état général, légère variation température",5,6,8,True,True,normal,nuageux
2023-08-12 09:45:25,Clinique des Spécialités,AB+,27,11,17,33,5.0,1,64.0,attention,Hémoglobine dans les normes,5,9,8,True,True,normal,orageux
2023-08-12 21:56:49,Clinique des Spécialités,B-,35,0,0,35,3.2,18,100.0,normale,Contrôle bactériologique négatif,5,21,8,True,True,normal,ensoleillé
2023-08-12 23:36:51,Clinique des Spécialités,O+,26,7,20,39,2.9,3,78.3,normale,Urgent: vérifier température stockage,5,23,8,True,True,normal,orageux
2023-08-13 01:45:00,Clinique des Spécialités,O-,24,7,16,33,4.0,22,99.4,normale,"Excellent état, conservation parfaite",6,1,8,True,True,normal,pluvieux
2023-08-13 15:37:33,Clinique des Spécialités,O+,19,6,22,35,3.2,2,83.7,normale,Urgent: vérifier température stockage,6,15,8,True,True,urgence_médicale,orageux
2023-08-13 18:44:59,Clinique des Spécialités,A+,44,7,0,37,4.9,2,72.9,normale,Hémoglobine dans les normes,6,18,8,True,True,normal,orageux
2023-08-14 05:08:12,Clinique des Spécialités,O+,15,13,0,2,3.6,15,100.0,critique,"URGENT: Stock critique - État satisfaisant, contrôle qualité OK",0,5,8,False,True,normal,ensoleillé
2023-08-14 16:44:35,Clinique des Spécialités,O+,67,8,23,82,4.4,11,93.0,normale,Attention: proche expiration,0,16,8,False,True,normal,pluvieux
2023-08-15 18:05:33,Clinique des Spécialités,O+,56,12,0,44,4.2,9,87.8,normale,Attention: proche expiration,1,18,8,False,True,normal,ensoleillé
2023-08-16 07:59:57,Clinique des Spécialités,A+,91,10,0,81,3.5,3,87.2,normale,Parfait pour transfusion immédiate,2,7,8,False,True,normal,pluvieux
2023-08-17 02:20:26,Clinique des Spécialités,A+,29,8,0,21,3.5,75,100.0,normale,Urgent: vérifier température stockage,3,2,8,False,True,normal,pluvieux
2023-08-17 09:20:17,Clinique des Spécialités,A+,62,7,22,77,2.7,2,81.1,normale,"Excellent état, conservation parfaite",3,9,8,False,True,normal,nuageux
2023-08-17 12:59:29,Clinique des Spécialités,O+,84,7,21,98,3.4,2,80.8,normale,Contrôle bactériologique négatif,3,12,8,False,True,normal,pluvieux
2023-08-17 14:32:40,Clinique des Spécialités,O+,62,12,0,50,3.9,8,94.1,normale,Attention: proche expiration,3,14,8,False,True,normal,ensoleillé
2023-08-18 00:10:00,Clinique des Spécialités,AB+,37,10,15,42,3.6,3,75.8,normale,"État satisfaisant, contrôle qualité OK",4,0,8,False,True,normal,ensoleillé
2023-08-18 01:13:20,Clinique des Spécialités,A+,28,15,0,13,4.5,4,85.2,faible,Parfait pour transfusion immédiate,4,1,8,False,True,normal,pluvieux
2023-08-18 20:50:12,Clinique des Spécialités,O+,70,10,0,60,4.2,39,98.6,normale,Attention: proche expiration,4,20,8,False,True,normal,pluvieux
2023-08-19 00:16:17,Clinique des Spécialités,O+,15,9,0,6,4.3,18,100.0,critique,"URGENT: Stock critique - État satisfaisant, contrôle qualité OK",5,0,8,True,True,normal,ensoleillé
2023-08-19 02:11:12,Clinique des Spécialités,AB+,13,4,0,9,4.6,1,57.4,critique,URGENT: Stock critique - Hémoglobine dans les normes,5,2,8,True,True,normal,orageux
2023-08-19 02:38:01,Clinique des Spécialités,A+,18,11,0,7,4.4,30,100.0,critique,URGENT: Stock critique - Urgent: vérifier température stockage,5,2,8,True,True,normal,ensoleillé
2023-08-19 19:58:00,Clinique des Spécialités,O+,39,7,0,32,3.4,2,76.3,normale,Contrôle bactériologique négatif,5,19,8,True,True,normal,nuageux
2023-08-20 00:25:55,Clinique des Spécialités,A-,20,7,0,13,4.0,19,97.4,faible,Urgent: vérifier température stockage,6,0,8,True,True,normal,pluvieux
2023-08-20 08:29:13,Clinique des Spécialités,A+,47,7,20,60,3.9,1,68.5,attention,Hémoglobine dans les normes,6,8,8,True,True,normal,pluvieux
2023-08-20 21:40:46,Clinique des Spécialités,O+,47,4,28,71,3.2,22,100.0,normale,"Excellent état, conservation parfaite",6,21,8,True,True,normal,nuageux
2023-08-21 21:10:30,Clinique des Spécialités,A+,36,13,0,23,4.3,17,92.4,normale,"Excellent état, conservation parfaite",0,21,8,False,True,normal,nuageux
2023-08-21 23:36:46,Clinique des Spécialités,B+,24,8,0,16,4.2,105,100.0,faible,Urgent: vérifier température stockage,0,23,8,False,True,normal,orageux
2023-08-22 04:34:24,Clinique des Spécialités,A+,37,10,0,27,3.3,26,99.1,normale,Hémoglobine dans les normes,1,4,8,False,True,normal,nuageux
2023-08-22 11:03:18,Clinique des Spécialités,A+,26,13,0,13,4.0,13,97.1,faible,Contrôle bactériologique négatif,1,11,8,False,True,normal,nuageux
2023-08-22 19:14:45,Clinique des Spécialités,A+,55,9,17,63,2.6,1,54.6,attention,Hémoglobine dans les normes,1,19,8,False,True,normal,nuageux
2023-08-22 20:18:25,Clinique des Spécialités,O+,79,11,18,86,3.0,20,95.6,normale,Attention: proche expiration,1,20,8,False,True,normal,pluvieux
2023-08-22 22:18:18,Clinique des Spécialités,O+,57,5,0,52,4.2,22,94.7,normale,Contrôle bactériologique négatif,1,22,8,False,True,normal,pluvieux
2023-08-22 22:42:15,Clinique des Spécialités,O+,46,11,25,60,3.7,9,100.0,normale,"Excellent état, conservation parfaite",1,22,8,False,True,normal,ensoleillé
2023-08-22 23:43:49,Clinique des Spécialités,O+,17,9,0,8,4.2,1,55.6,critique,URGENT: Stock critique - Contrôle bactériologique négatif,1,23,8,False,True,normal,ensoleillé
2023-08-23 05:49:40,Clinique des Spécialités,A+,41,6,0,35,3.7,13,100.0,normale,Contrôle bactériologique négatif,2,5,8,False,True,normal,ensoleillé
2023-08-23 21:30:09,Clinique des Spécialités,O+,75,8,0,67,3.0,8,93.2,normale,Parfait pour transfusion immédiate,2,21,8,False,True,normal,ensoleillé
2023-08-24 05:47:44,Clinique des Spécialités,A+,34,11,0,23,4.1,45,100.0,normale,"État satisfaisant, contrôle qualité OK",3,5,8,False,True,normal,pluvieux
2023-08-24 11:02:18,Clinique des Spécialités,O+,64,12,0,52,4.0,19,100.0,normale,Parfait pour transfusion immédiate,3,11,8,False,True,normal,ensoleillé
2023-08-24 12:34:46,Clinique des Spécialités,O+,25,11,27,41,4.2,11,96.0,normale,Parfait pour transfusion immédiate,3,12,8,False,True,normal,ensoleillé
2023-08-24 13:19:21,Clinique des Spécialités,A+,52,12,0,40,3.9,3,88.7,normale,"État satisfaisant, contrôle qualité OK",3,13,8,False,True,normal,ensoleillé
2023-08-24 15:53:47,Clinique des Spécialités,O+,50,14,0,36,4.2,13,100.0,normale,Parfait pour transfusion immédiate,3,15,8,False,True,normal,nuageux
2023-08-24 20:37:07,Clinique des Spécialités,A+,69,9,0,60,4.2,61,100.0,normale,"Excellent état, conservation parfaite",3,20,8,False,True,normal,pluvieux
2023-08-25 06:55:39,Clinique des Spécialités,O+,78,9,0,69,2.9,4,83.9,normale,Urgent: vérifier température stockage,4,6,8,False,True,normal,ensoleillé
2023-08-25 13:04:12,Clinique des Spécialités,O-,52,13,22,61,5.0,2,86.4,normale,Hémoglobine dans les normes,4,13,8,False,True,normal,ensoleillé
2023-08-25 17:18:40,Clinique des Spécialités,O+,57,5,22,74,5.2,1,50.6,attention,"Excellent état, conservation parfaite",4,17,8,False,True,normal,nuageux
2023-08-26 01:12:24,Clinique des Spécialités,O+,18,8,25,35,4.6,71,100.0,normale,"Bon état général, légère variation température",5,1,8,True,True,normal,pluvieux
2023-08-26 08:59:12,Clinique des Spécialités,A+,37,4,24,57,4.8,7,100.0,normale,"État satisfaisant, contrôle qualité OK",5,8,8,True,True,normal,pluvieux
2023-08-26 10:49:18,Clinique des Spécialités,O+,49,6,0,43,4.3,8,95.3,normale,Attention: proche expiration,5,10,8,True,True,normal,pluvieux
2023-08-27 16:45:03,Clinique des Spécialités,A+,47,5,0,42,3.4,15,99.7,normale,Urgent: vérifier température stockage,6,16,8,True,True,normal,ensoleillé
2023-08-28 00:39:49,Clinique des Spécialités,AB+,43,9,0,34,3.5,3,86.9,normale,Hémoglobine dans les normes,0,0,8,False,True,normal,orageux
2023-08-28 00:54:34,Clinique des Spécialités,AB-,28,10,0,18,4.0,3,80.1,faible,Hémoglobine dans les normes,0,0,8,False,True,normal,ensoleillé
2023-08-29 01:02:48,Clinique des Spécialités,O-,23,11,0,12,2.8,13,99.0,faible,"État satisfaisant, contrôle qualité OK",1,1,8,False,True,normal,ensoleillé
2023-08-30 05:52:50,Clinique des Spécialités,B+,35,4,0,31,4.1,10,97.6,normale,Contrôle bactériologique négatif,2,5,8,False,True,campagne_don,ensoleillé
2023-08-30 16:24:51,Clinique des Spécialités,A+,43,13,0,30,4.1,9,100.0,normale,Urgent: vérifier température stockage,2,16,8,False,True,normal,pluvieux
2023-08-31 21:57:48,Clinique des Spécialités,O+,67,5,0,62,4.7,9,100.0,normale,"État satisfaisant, contrôle qualité OK",3,21,8,False,True,normal,ensoleillé
2023-09-01 03:56:14,Clinique des Spécialités,O+,31,10,0,21,4.2,2,89.5,normale,Attention: proche expiration,4,3,9,False,False,normal,nuageux
2023-09-02 03:51:08,Clinique des Spécialités,A+,19,3,0,16,4.7,17,100.0,faible,"État satisfaisant, contrôle qualité OK",5,3,9,True,False,normal,nuageux
2023-09-02 05:28:54,Clinique des Spécialités,O-,20,1,0,19,3.3,1,51.7,faible,Attention: proche expiration,5,5,9,True,False,normal,pluvieux
2023-09-02 05:43:15,Clinique des Spécialités,A+,18,6,0,12,4.1,14,97.5,faible,Parfait pour transfusion immédiate,5,5,9,True,False,normal,pluvieux
2023-09-02 06:59:51,Clinique des Spécialités,O+,30,5,20,45,4.2,3,78.7,normale,Parfait pour transfusion immédiate,5,6,9,True,False,normal,ensoleillé
2023-09-02 08:16:28,Clinique des Spécialités,A+,18,6,0,12,3.9,1,55.4,faible,Parfait pour transfusion immédiate,5,8,9,True,False,normal,ensoleillé
2023-09-02 15:09:35,Clinique des Spécialités,O+,31,5,13,39,3.3,28,99.6,normale,Attention: proche expiration,5,15,9,True,False,normal,ensoleillé
2023-09-03 00:34:34,Clinique des Spécialités,O-,9,2,18,25,4.3,4,86.5,normale,Parfait pour transfusion immédiate,6,0,9,True,False,normal,ensoleillé
2023-09-03 03:22:53,Clinique des Spécialités,A-,20,3,0,17,4.4,4,81.2,faible,Attention: proche expiration,6,3,9,True,False,normal,pluvieux
2023-09-03 07:36:22,Clinique des Spécialités,O+,26,2,0,24,3.0,7,92.5,normale,Attention: proche expiration,6,7,9,True,False,normal,orageux
2023-09-04 02:54:51,Clinique des Spécialités,B+,27,12,25,40,3.4,23,99.4,normale,Urgent: vérifier température stockage,0,2,9,False,False,normal,ensoleillé
2023-09-04 07:06:58,Clinique des Spécialités,B+,43,6,0,37,4.3,44,97.0,normale,Attention: proche expiration,0,7,9,False,False,normal,ensoleillé
2023-09-05 04:49:49,Clinique des Spécialités,B+,30,4,0,26,4.3,7,94.9,normale,Attention: proche expiration,1,4,9,False,False,normal,ensoleillé
2023-09-05 14:59:33,Clinique des Spécialités,O+,38,6,0,32,3.8,5,99.8,normale,Attention: proche expiration,1,14,9,False,False,normal,pluvieux
2023-09-05 21:27:25,Clinique des Spécialités,O+,72,5,0,67,3.7,26,100.0,normale,Contrôle bactériologique négatif,1,21,9,False,False,normal,ensoleillé
2023-09-06 21:37:18,Clinique des Spécialités,A+,56,11,18,63,3.5,6,100.0,normale,"État satisfaisant, contrôle qualité OK",2,21,9,False,False,accident_route,ensoleillé
2023-09-07 10:44:16,Clinique des Spécialités,A+,46,7,0,39,4.4,25,100.0,normale,Parfait pour transfusion immédiate,3,10,9,False,False,normal,ensoleillé
2023-09-07 13:43:50,Clinique des Spécialités,B+,78,12,0,66,2.9,1,60.9,attention,"Excellent état, conservation parfaite",3,13,9,False,False,normal,nuageux
2023-09-07 17:13:33,Clinique des Spécialités,O+,29,9,0,20,4.7,33,96.9,normale,Contrôle bactériologique négatif,3,17,9,False,False,normal,ensoleillé
2023-09-07 17:53:32,Clinique des Spécialités,B+,64,5,0,59,3.6,32,100.0,normale,Attention: proche expiration,3,17,9,False,False,normal,nuageux
2023-09-07 18:00:00,Clinique des Spécialités,O+,18,7,0,11,4.0,1,51.7,faible,"Excellent état, conservation parfaite",3,18,9,False,False,normal,ensoleillé
2023-09-08 05:10:27,Clinique des Spécialités,A+,33,12,0,21,3.5,32,96.4,normale,"État satisfaisant, contrôle qualité OK",4,5,9,False,False,campagne_don,ensoleillé
2023-09-08 08:26:14,Clinique des Spécialités,A+,57,6,21,72,3.5,2,98.1,normale,Urgent: vérifier température stockage,4,8,9,False,False,normal,ensoleillé
2023-09-08 12:33:17,Clinique des Spécialités,O+,64,7,0,57,4.3,34,100.0,normale,Urgent: vérifier température stockage,4,12,9,False,False,normal,pluvieux
2023-09-08 13:38:01,Clinique des Spécialités,AB+,41,10,12,43,4.5,1,52.9,attention,Attention: proche expiration,4,13,9,False,False,normal,pluvieux
2023-09-08 16:12:21,Clinique des Spécialités,B+,51,5,0,46,5.2,5,100.0,normale,"Excellent état, conservation parfaite",4,16,9,False,False,normal,ensoleillé
2023-09-09 23:41:41,Clinique des Spécialités,O+,13,5,0,8,3.6,39,99.6,critique,URGENT: Stock critique - Attention: proche expiration,5,23,9,True,False,normal,orageux
2023-09-10 19:25:49,Clinique des Spécialités,A+,23,8,17,32,5.2,8,100.0,normale,"Bon état général, légère variation température",6,19,9,True,False,normal,pluvieux
2023-09-11 00:30:41,Clinique des Spécialités,O+,41,4,0,37,4.5,12,97.6,normale,Contrôle bactériologique négatif,0,0,9,False,False,normal,pluvieux
2023-09-11 06:39:56,Clinique des Spécialités,O+,50,12,0,38,3.2,15,94.4,normale,Parfait pour transfusion immédiate,0,6,9,False,False,normal,ensoleillé
2023-09-12 19:08:29,Clinique des Spécialités,O+,40,4,0,36,4.4,22,98.7,normale,"Bon état général, légère variation température",1,19,9,False,False,normal,ensoleillé
2023-09-13 05:22:35,Clinique des Spécialités,A+,31,6,22,47,4.0,4,84.1,normale,"Excellent état, conservation parfaite",2,5,9,False,False,normal,orageux
2023-09-13 20:49:21,Clinique des Spécialités,O+,35,9,0,26,4.0,17,95.1,normale,Parfait pour transfusion immédiate,2,20,9,False,False,normal,pluvieux
2023-09-13 23:48:14,Clinique des Spécialités,O+,37,10,0,27,3.8,39,100.0,normale,Attention: proche expiration,2,23,9,False,False,normal,ensoleillé
2023-09-14 00:25:07,Clinique des Spécialités,O+,22,3,0,19,4.5,6,95.7,faible,Contrôle bactériologique négatif,3,0,9,False,False,normal,nuageux
2023-09-14 00:57:35,Clinique des Spécialités,O+,18,6,0,12,4.3,25,97.6,faible,"Excellent état, conservation parfaite",3,0,9,False,False,épidémie,ensoleillé
2023-09-14 07:17:19,Clinique des Spécialités,AB+,59,6,20,73,4.1,17,100.0,normale,Hémoglobine dans les normes,3,7,9,False,False,normal,ensoleillé
2023-09-15 01:12:07,Clinique des Spécialités,O+,22,10,0,12,4.7,44,94.3,faible,"Bon état général, légère variation température",4,1,9,False,False,normal,ensoleillé
2023-09-15 03:25:41,Clinique des Spécialités,B+,6,2,20,24,4.3,46,100.0,normale,Contrôle bactériologique négatif,4,3,9,False,False,normal,pluvieux
2023-09-15 22:16:12,Clinique des Spécialités,B+,41,7,0,34,4.7,22,100.0,normale,Parfait pour transfusion immédiate,4,22,9,False,False,normal,ensoleillé
2023-09-16 03:57:34,Clinique des Spécialités,A+,8,6,0,2,3.7,34,96.6,critique,URGENT: Stock critique - Parfait pour transfusion immédiate,5,3,9,True,False,normal,pluvieux
2023-09-16 04:53:50,Clinique des Spécialités,O+,17,5,0,12,3.1,4,84.8,faible,"Excellent état, conservation parfaite",5,4,9,True,False,normal,orageux
2023-09-16 09:10:51,Clinique des Spécialités,O+,38,5,0,33,4.0,5,97.2,normale,"État satisfaisant, contrôle qualité OK",5,9,9,True,False,normal,ensoleillé
2023-09-17 11:00:35,Clinique des Spécialités,A+,45,3,25,67,4.0,38,100.0,normale,Urgent: vérifier température stockage,6,11,9,True,False,normal,nuageux
2023-09-17 20:06:02,Clinique des Spécialités,A-,37,10,17,44,4.5,7,96.6,normale,Urgent: vérifier température stockage,6,20,9,True,False,normal,pluvieux
2023-09-18 09:09:08,Clinique des Spécialités,A+,46,7,0,39,3.9,2,80.9,normale,Urgent: vérifier température stockage,0,9,9,False,False,normal,ensoleillé
2023-09-18 14:29:56,Clinique des Spécialités,A+,59,10,0,49,4.7,21,100.0,normale,"État satisfaisant, contrôle qualité OK",0,14,9,False,False,normal,pluvieux
2023-09-18 18:44:48,Clinique des Spécialités,A+,44,8,34,70,4.3,1,60.5,attention,"Bon état général, légère variation température",0,18,9,False,False,normal,ensoleillé
2023-09-19 10:59:46,Clinique des Spécialités,B+,49,14,0,35,4.6,57,100.0,normale,"État satisfaisant, contrôle qualité OK",1,10,9,False,False,normal,ensoleillé
2023-09-20 01:58:36,Clinique des Spécialités,O+,24,5,0,19,4.4,1,58.8,faible,Contrôle bactériologique négatif,2,1,9,False,False,normal,pluvieux
2023-09-20 08:36:53,Clinique des Spécialités,B+,42,11,0,31,3.7,7,100.0,normale,Contrôle bactériologique négatif,2,8,9,False,False,normal,pluvieux
2023-09-20 11:14:31,Clinique des Spécialités,O+,26,8,25,43,3.8,56,99.1,normale,"Excellent état, conservation parfaite",2,11,9,False,False,normal,nuageux
2023-09-20 17:55:31,Clinique des Spécialités,O-,45,7,14,52,5.0,12,100.0,normale,Contrôle bactériologique négatif,2,17,9,False,False,normal,ensoleillé
2023-09-21 09:40:04,Clinique des Spécialités,A+,55,8,0,47,3.9,4,81.8,normale,Hémoglobine dans les normes,3,9,9,False,False,normal,orageux
2023-09-21 19:10:10,Clinique des Spécialités,B+,55,3,0,52,3.5,7,100.0,normale,"Excellent état, conservation parfaite",3,19,9,False,False,normal,nuageux
2023-09-21 22:12:35,Clinique des Spécialités,A-,73,9,0,64,4.5,9,97.0,normale,"Bon état général, légère variation température",3,22,9,False,False,normal,pluvieux
2023-09-22 16:35:38,Clinique des Spécialités,O+,41,9,0,32,4.9,18,100.0,normale,Contrôle bactériologique négatif,4,16,9,False,False,accident_route,ensoleillé
2023-09-22 17:52:49,Clinique des Spécialités,O+,46,8,19,57,3.7,2,80.9,normale,Hémoglobine dans les normes,4,17,9,False,False,normal,nuageux
2023-09-23 01:21:13,Clinique des Spécialités,A+,17,4,0,13,3.1,2,94.7,faible,Urgent: vérifier température stockage,5,1,9,True,False,normal,pluvieux
2023-09-23 21:54:56,Clinique des Spécialités,O-,19,6,0,13,3.8,3,83.7,faible,Hémoglobine dans les normes,5,21,9,True,False,normal,ensoleillé
2023-09-24 08:38:28,Clinique des Spécialités,A+,37,6,0,31,4.4,1,57.2,attention,"Excellent état, conservation parfaite",6,8,9,True,False,normal,pluvieux
2023-09-25 10:37:33,Clinique des Spécialités,O-,43,5,0,38,4.1,17,100.0,normale,Parfait pour transfusion immédiate,0,10,9,False,False,normal,orageux
2023-09-26 09:33:52,Clinique des Spécialités,B+,58,5,24,77,3.9,29,100.0,normale,Contrôle bactériologique négatif,1,9,9,False,False,normal,ensoleillé
2023-09-27 08:27:07,Clinique des Spécialités,B+,49,8,0,41,3.9,2,76.8,normale,Contrôle bactériologique négatif,2,8,9,False,False,normal,ensoleillé
2023-09-27 08:55:27,Clinique des Spécialités,O+,43,9,0,34,4.4,35,100.0,normale,Hémoglobine dans les normes,2,8,9,False,False,normal,pluvieux
2023-09-27 09:24:16,Clinique des Spécialités,O+,56,5,23,74,4.1,9,100.0,normale,Contrôle bactériologique négatif,2,9,9,False,False,normal,ensoleillé
2023-09-27 13:08:47,Clinique des Spécialités,B+,53,7,0,46,3.0,18,100.0,normale,Parfait pour transfusion immédiate,2,13,9,False,False,normal,ensoleillé
2023-09-27 16:37:31,Clinique des Spécialités,O-,54,14,0,40,3.4,5,100.0,normale,Parfait pour transfusion immédiate,2,16,9,False,False,normal,nuageux
2023-09-28 08:11:24,Clinique des Spécialités,A+,50,2,16,64,4.0,2,96.1,normale,Contrôle bactériologique négatif,3,8,9,False,False,normal,ensoleillé
2023-09-28 11:49:48,Clinique des Spécialités,O-,42,10,21,53,3.9,3,80.3,normale,Hémoglobine dans les normes,3,11,9,False,False,normal,ensoleillé
2023-09-28 16:10:44,Clinique des Spécialités,B+,74,12,18,80,3.7,48,94.0,normale,Contrôle bactériologique négatif,3,16,9,False,False,normal,ensoleillé
2023-09-29 00:22:20,Clinique des Spécialités,O+,30,7,0,23,3.2,67,96.1,normale,Hémoglobine dans les normes,4,0,9,False,False,normal,ensoleillé
2023-09-29 04:11:37,Clinique des Spécialités,O+,40,9,0,31,4.6,64,100.0,normale,Parfait pour transfusion immédiate,4,4,9,False,False,normal,ensoleillé
2023-09-29 13:09:55,Clinique des Spécialités,A+,51,9,0,42,4.5,5,95.7,normale,"État satisfaisant, contrôle qualité OK",4,13,9,False,False,normal,ensoleillé
2023-09-29 23:34:42,Clinique des Spécialités,AB+,19,7,0,12,5.3,3,86.2,faible,Parfait pour transfusion immédiate,4,23,9,False,False,normal,orageux
2023-09-30 02:50:35,Clinique des Spécialités,B+,13,6,21,28,3.8,10,93.1,normale,Parfait pour transfusion immédiate,5,2,9,True,False,normal,ensoleillé
2023-09-30 11:50:35,Clinique des Spécialités,O+,36,5,0,31,4.8,28,100.0,normale,"Bon état général, légère variation température",5,11,9,True,False,normal,nuageux
2023-09-30 17:56:29,Clinique des Spécialités,O+,41,7,0,34,3.2,1,52.8,attention,"Excellent état, conservation parfaite",5,17,9,True,False,normal,pluvieux
2023-09-30 22:12:12,Clinique des Spécialités,A+,27,1,0,26,4.4,20,100.0,normale,Parfait pour transfusion immédiate,5,22,9,True,False,normal,pluvieux
2023-10-01 05:19:33,Clinique des Spécialités,O+,18,2,16,32,3.9,18,100.0,normale,Urgent: vérifier température stockage,6,5,10,True,False,normal,nuageux
2023-10-01 11:41:05,Clinique des Spécialités,A+,22,6,0,16,5.2,8,100.0,faible,Parfait pour transfusion immédiate,6,11,10,True,False,normal,pluvieux
2023-10-01 13:20:47,Clinique des Spécialités,A+,33,2,0,31,4.3,14,100.0,normale,Contrôle bactériologique négatif,6,13,10,True,False,normal,pluvieux
2023-10-01 17:28:52,Clinique des Spécialités,A+,23,4,0,19,3.4,13,100.0,faible,"Bon état général, légère variation température",6,17,10,True,False,normal,pluvieux
2023-10-01 17:33:09,Clinique des Spécialités,B+,52,3,0,49,3.1,15,92.6,normale,Urgent: vérifier température stockage,6,17,10,True,False,normal,orageux
2023-10-01 21:42:17,Clinique des Spécialités,O+,38,4,0,34,4.1,2,90.1,normale,Parfait pour transfusion immédiate,6,21,10,True,False,normal,orageux
2023-10-02 11:06:13,Clinique des Spécialités,A+,49,2,0,47,3.3,16,100.0,normale,"État satisfaisant, contrôle qualité OK",0,11,10,False,False,normal,pluvieux
2023-10-02 12:33:03,Clinique des Spécialités,O+,67,8,0,59,4.1,11,96.9,normale,"Bon état général, légère variation température",0,12,10,False,False,normal,ensoleillé
2023-10-02 21:33:43,Clinique des Spécialités,A+,67,6,0,61,4.5,40,100.0,normale,Urgent: vérifier température stockage,0,21,10,False,False,normal,pluvieux
2023-10-02 22:45:29,Clinique des Spécialités,A-,48,5,24,67,4.0,3,79.8,normale,Attention: proche expiration,0,22,10,False,False,normal,ensoleillé
2023-10-03 04:02:07,Clinique des Spécialités,B+,38,10,12,40,3.9,8,97.7,normale,"Excellent état, conservation parfaite",1,4,10,False,False,normal,nuageux
2023-10-03 17:45:27,Clinique des Spécialités,O+,29,13,0,16,3.4,18,97.1,faible,"État satisfaisant, contrôle qualité OK",1,17,10,False,False,normal,ensoleillé
2023-10-04 00:55:04,Clinique des Spécialités,B+,40,8,0,32,3.6,5,100.0,normale,Urgent: vérifier température stockage,2,0,10,False,False,normal,orageux
2023-10-04 10:27:45,Clinique des Spécialités,O+,27,3,20,44,3.8,9,96.1,normale,Attention: proche expiration,2,10,10,False,False,normal,nuageux
2023-10-05 12:39:46,Clinique des Spécialités,A+,26,8,0,18,4.0,6,98.3,faible,"Excellent état, conservation parfaite",3,12,10,False,False,normal,nuageux
2023-10-05 18:07:26,Clinique des Spécialités,O+,51,5,0,46,3.9,7,100.0,normale,Contrôle bactériologique négatif,3,18,10,False,False,normal,ensoleillé
2023-10-06 02:08:18,Clinique des Spécialités,O+,16,11,27,32,4.2,26,100.0,normale,"Bon état général, légère variation température",4,2,10,False,False,normal,ensoleillé
2023-10-07 11:56:13,Clinique des Spécialités,O-,19,7,0,12,4.6,14,100.0,faible,Urgent: vérifier température stockage,5,11,10,True,False,normal,nuageux
2023-10-07 14:20:10,Clinique des Spécialités,O+,34,1,0,33,4.2,1,49.8,attention,Parfait pour transfusion immédiate,5,14,10,True,False,normal,ensoleillé
2023-10-08 01:07:54,Clinique des Spécialités,O+,20,5,0,15,4.0,35,98.4,faible,Contrôle bactériologique négatif,6,1,10,True,False,campagne_don,pluvieux
2023-10-08 02:55:53,Clinique des Spécialités,O+,13,6,16,23,3.2,14,93.7,normale,Attention: proche expiration,6,2,10,True,False,normal,orageux
2023-10-08 21:39:16,Clinique des Spécialités,B+,44,5,15,54,4.7,29,92.3,normale,Hémoglobine dans les normes,6,21,10,True,False,normal,pluvieux
2023-10-09 04:11:33,Clinique des Spécialités,O+,24,13,0,11,3.6,39,100.0,faible,Contrôle bactériologique négatif,0,4,10,False,False,normal,pluvieux
2023-10-09 08:16:23,Clinique des Spécialités,O+,42,10,0,32,4.3,12,100.0,normale,Hémoglobine dans les normes,0,8,10,False,False,normal,ensoleillé
2023-10-09 17:19:03,Clinique des Spécialités,A+,46,4,0,42,4.5,1,63.1,attention,Attention: proche expiration,0,17,10,False,False,accident_route,ensoleillé
2023-10-09 22:56:21,Clinique des Spécialités,A+,51,8,15,58,4.1,2,90.0,normale,Attention: proche expiration,0,22,10,False,False,normal,ensoleillé
2023-10-10 20:54:08,Clinique des Spécialités,O+,18,11,0,7,4.0,37,99.4,critique,URGENT: Stock critique - Contrôle bactériologique négatif,1,20,10,False,False,normal,ensoleillé
2023-10-12 06:13:47,Clinique des Spécialités,O+,49,5,0,44,3.5,1,62.7,attention,"Excellent état, conservation parfaite",3,6,10,False,False,normal,pluvieux
2023-10-12 14:24:32,Clinique des Spécialités,A+,39,8,19,50,4.4,16,96.4,normale,Attention: proche expiration,3,14,10,False,False,normal,nuageux
2023-10-12 21:09:34,Clinique des Spécialités,A-,73,10,22,85,3.6,53,100.0,normale,"État satisfaisant, contrôle qualité OK",3,21,10,False,False,normal,ensoleillé
2023-10-13 04:16:44,Clinique des Spécialités,A+,29,6,0,23,3.5,19,100.0,normale,Hémoglobine dans les normes,4,4,10,False,False,normal,orageux
2023-10-13 21:43:16,Clinique des Spécialités,A+,65,13,0,52,4.0,2,86.2,normale,Hémoglobine dans les normes,4,21,10,False,False,normal,orageux
2023-10-14 15:33:58,Clinique des Spécialités,O+,43,5,0,38,5.0,18,95.4,normale,Parfait pour transfusion immédiate,5,15,10,True,False,normal,pluvieux
2023-10-15 01:50:01,Clinique des Spécialités,O+,17,6,0,11,4.3,1,61.2,faible,Attention: proche expiration,6,1,10,True,False,normal,ensoleillé
2023-10-15 17:49:39,Clinique des Spécialités,A-,27,9,0,18,4.0,3,71.3,faible,Contrôle bactériologique négatif,6,17,10,True,False,normal,nuageux
2023-10-16 00:30:49,Clinique des Spécialités,B+,28,7,23,44,3.6,21,100.0,normale,Attention: proche expiration,0,0,10,False,False,normal,nuageux
2023-10-16 07:03:26,Clinique des Spécialités,O-,54,3,26,77,3.3,4,87.9,normale,"Bon état général, légère variation température",0,7,10,False,False,normal,orageux
2023-10-16 12:38:00,Clinique des Spécialités,A-,59,3,24,80,4.8,35,98.6,normale,"Excellent état, conservation parfaite",0,12,10,False,False,normal,pluvieux
2023-10-16 16:48:38,Clinique des Spécialités,A+,38,9,16,45,3.9,6,96.9,normale,"Bon état général, légère variation température",0,16,10,False,False,normal,pluvieux
2023-10-16 22:18:00,Clinique des Spécialités,A+,40,10,0,30,3.3,10,99.7,normale,"État satisfaisant, contrôle qualité OK",0,22,10,False,False,accident_route,ensoleillé
2023-10-17 11:14:18,Clinique des Spécialités,O+,23,8,0,15,4.7,2,78.1,faible,Attention: proche expiration,1,11,10,False,False,normal,ensoleillé
2023-10-17 20:02:47,Clinique des Spécialités,O+,21,11,22,32,2.7,2,85.5,normale,Attention: proche expiration,1,20,10,False,False,normal,pluvieux
2023-10-18 06:59:02,Clinique des Spécialités,A+,51,11,23,63,3.7,1,65.5,attention,Attention: proche expiration,2,6,10,False,False,normal,ensoleillé
2023-10-18 09:13:50,Clinique des Spécialités,B-,54,9,19,64,4.4,2,85.7,normale,Urgent: vérifier température stockage,2,9,10,False,False,normal,pluvieux
2023-10-18 21:17:09,Clinique des Spécialités,O+,65,10,10,65,3.9,3,91.6,normale,Attention: proche expiration,2,21,10,False,False,normal,pluvieux
2023-10-19 10:50:02,Clinique des Spécialités,A+,33,5,0,28,4.1,4,86.3,normale,Attention: proche expiration,3,10,10,False,False,normal,nuageux
2023-10-19 12:03:34,Clinique des Spécialités,B+,43,8,26,61,3.7,34,93.1,normale,Contrôle bactériologique négatif,3,12,10,False,False,normal,pluvieux
2023-10-19 13:36:26,Clinique des Spécialités,A+,56,7,16,65,4.0,2,95.6,normale,Hémoglobine dans les normes,3,13,10,False,False,normal,pluvieux
2023-10-19 22:13:33,Clinique des Spécialités,B+,46,4,0,42,4.0,27,98.7,normale,Contrôle bactériologique négatif,3,22,10,False,False,normal,orageux
2023-10-20 00:00:05,Clinique des Spécialités,A+,13,9,14,18,4.1,3,92.6,faible,"État satisfaisant, contrôle qualité OK",4,0,10,False,False,normal,pluvieux
2023-10-20 11:32:50,Clinique des Spécialités,A+,41,10,0,31,4.7,53,100.0,normale,Contrôle bactériologique négatif,4,11,10,False,False,normal,orageux
2023-10-21 02:21:31,Clinique des Spécialités,O+,20,8,0,12,4.0,1,61.9,faible,Hémoglobine dans les normes,5,2,10,True,False,normal,pluvieux
2023-10-21 02:50:13,Clinique des Spécialités,O-,14,6,0,8,3.6,48,95.6,critique,URGENT: Stock critique - Attention: proche expiration,5,2,10,True,False,normal,pluvieux
2023-10-21 12:05:58,Clinique des Spécialités,A+,47,6,21,62,3.9,30,100.0,normale,"Bon état général, légère variation température",5,12,10,True,False,normal,ensoleillé
2023-10-21 16:03:47,Clinique des Spécialités,O+,21,6,0,15,4.6,1,60.8,faible,"Bon état général, légère variation température",5,16,10,True,False,normal,ensoleillé
2023-10-21 17:10:00,Clinique des Spécialités,A+,39,5,0,34,3.8,3,87.9,normale,Urgent: vérifier température stockage,5,17,10,True,False,normal,pluvieux
2023-10-21 18:10:39,Clinique des Spécialités,O+,13,6,0,7,4.4,29,100.0,critique,URGENT: Stock critique - Parfait pour transfusion immédiate,5,18,10,True,False,normal,ensoleillé
2023-10-22 13:51:45,Clinique des Spécialités,A+,40,5,0,35,3.7,8,98.6,normale,"Bon état général, légère variation température",6,13,10,True,False,normal,pluvieux
2023-10-23 00:15:31,Clinique des Spécialités,B+,24,9,25,40,4.0,43,98.8,normale,Contrôle bactériologique négatif,0,0,10,False,False,normal,pluvieux
2023-10-23 11:22:48,Clinique des Spécialités,A-,43,5,0,38,4.2,27,99.9,normale,Parfait pour transfusion immédiate,0,11,10,False,False,normal,ensoleillé
2023-10-24 07:01:02,Clinique des Spécialités,A+,44,8,24,60,4.4,1,53.0,attention,Urgent: vérifier température stockage,1,7,10,False,False,normal,ensoleillé
2023-10-24 08:05:23,Clinique des Spécialités,A+,31,6,0,25,3.4,75,100.0,normale,Attention: proche expiration,1,8,10,False,False,normal,pluvieux
2023-10-24 10:20:44,Clinique des Spécialités,A-,66,9,26,83,3.6,15,89.8,normale,Urgent: vérifier température stockage,1,10,10,False,False,accident_route,orageux
2023-10-24 20:50:38,Clinique des Spécialités,O+,67,7,0,60,4.1,7,97.9,normale,"Excellent état, conservation parfaite",1,20,10,False,False,normal,ensoleillé
2023-10-25 08:40:33,Clinique des Spécialités,A-,58,12,0,46,3.8,14,99.9,normale,Parfait pour transfusion immédiate,2,8,10,False,False,normal,ensoleillé
2023-10-25 09:12:31,Clinique des Spécialités,O-,83,7,0,76,4.2,11,94.3,normale,"Excellent état, conservation parfaite",2,9,10,False,False,normal,nuageux
2023-10-25 10:43:44,Clinique des Spécialités,A-,40,14,22,48,4.1,8,100.0,normale,Hémoglobine dans les normes,2,10,10,False,False,normal,pluvieux
2023-10-25 21:25:22,Clinique des Spécialités,AB+,62,6,0,56,4.5,13,94.3,normale,"État satisfaisant, contrôle qualité OK",2,21,10,False,False,normal,pluvieux
2023-10-27 01:55:30,Clinique des Spécialités,O+,24,4,12,32,4.6,1,69.6,attention,"Excellent état, conservation parfaite",4,1,10,False,False,normal,nuageux
2023-10-27 10:44:50,Clinique des Spécialités,O-,47,11,0,36,4.6,1,51.0,attention,"Bon état général, légère variation température",4,10,10,False,False,normal,ensoleillé
2023-10-28 07:58:49,Clinique des Spécialités,AB+,33,4,0,29,3.7,6,95.2,normale,Hémoglobine dans les normes,5,7,10,True,False,normal,pluvieux
2023-10-28 12:11:35,Clinique des Spécialités,A+,31,6,0,25,4.4,1,56.3,attention,Contrôle bactériologique négatif,5,12,10,True,False,normal,nuageux
2023-10-28 12:27:20,Clinique des Spécialités,A+,44,5,0,39,3.6,55,96.5,normale,"Bon état général, légère variation température",5,12,10,True,False,normal,ensoleillé
2023-10-29 14:21:52,Clinique des Spécialités,O+,47,4,0,43,4.4,20,100.0,normale,Urgent: vérifier température stockage,6,14,10,True,False,normal,pluvieux
2023-10-29 21:20:17,Clinique des Spécialités,A+,20,5,28,43,4.2,3,81.6,normale,Attention: proche expiration,6,21,10,True,False,normal,ensoleillé
2023-10-30 05:54:47,Clinique des Spécialités,O+,22,6,0,16,4.3,14,100.0,faible,Hémoglobine dans les normes,0,5,10,False,False,normal,nuageux
2023-10-30 12:31:30,Clinique des Spécialités,A+,68,12,0,56,4.4,8,100.0,normale,Urgent: vérifier température stockage,0,12,10,False,False,normal,orageux
2023-10-30 16:45:55,Clinique des Spécialités,A+,58,11,0,47,3.8,23,88.3,normale,Parfait pour transfusion immédiate,0,16,10,False,False,normal,pluvieux
2023-10-31 05:54:19,Clinique des Spécialités,B+,33,9,0,24,4.8,31,100.0,normale,Hémoglobine dans les normes,1,5,10,False,False,normal,nuageux
2023-10-31 06:17:09,Clinique des Spécialités,O+,46,8,20,58,4.3,11,100.0,normale,Parfait pour transfusion immédiate,1,6,10,False,False,normal,pluvieux
2023-10-31 12:02:30,Clinique des Spécialités,A+,67,2,0,65,4.5,7,100.0,normale,"État satisfaisant, contrôle qualité OK",1,12,10,False,False,normal,pluvieux
2023-10-31 12:39:32,Clinique des Spécialités,O+,49,3,0,46,4.7,1,63.3,attention,"Excellent état, conservation parfaite",1,12,10,False,False,normal,ensoleillé
2023-10-31 12:45:05,Clinique des Spécialités,A+,51,5,21,67,4.6,1,63.6,attention,"État satisfaisant, contrôle qualité OK",1,12,10,False,False,normal,ensoleillé
2023-10-31 14:03:11,Clinique des Spécialités,A+,56,10,0,46,4.5,32,95.7,normale,Hémoglobine dans les normes,1,14,10,False,False,normal,pluvieux
2023-10-31 14:44:09,Clinique des Spécialités,A-,48,15,0,33,4.3,1,56.5,attention,Urgent: vérifier température stockage,1,14,10,False,False,normal,nuageux
2023-10-31 22:49:24,Clinique des Spécialités,O+,29,10,0,19,2.8,7,100.0,faible,Contrôle bactériologique négatif,1,22,10,False,False,normal,nuageux
2023-11-01 00:42:39,Clinique des Spécialités,O+,23,4,0,19,3.6,4,86.1,faible,"État satisfaisant, contrôle qualité OK",2,0,11,False,False,normal,pluvieux
2023-11-01 03:14:44,Clinique des Spécialités,O+,21,8,21,34,2.8,41,95.1,normale,Parfait pour transfusion immédiate,2,3,11,False,False,normal,ensoleillé
2023-11-01 03:25:44,Clinique des Spécialités,A+,19,3,0,16,4.7,54,100.0,faible,Attention: proche expiration,2,3,11,False,False,normal,orageux
2023-11-01 07:22:51,Clinique des Spécialités,A+,53,12,22,63,4.1,6,96.1,normale,Hémoglobine dans les normes,2,7,11,False,False,normal,nuageux
2023-11-01 13:06:49,Clinique des Spécialités,A+,36,5,0,31,4.0,1,59.1,attention,"Bon état général, légère variation température",2,13,11,False,False,normal,pluvieux
2023-11-01 15:25:37,Clinique des Spécialités,B+,30,6,0,24,3.8,13,100.0,normale,Attention: proche expiration,2,15,11,False,False,normal,pluvieux
2023-11-01 23:34:40,Clinique des Spécialités,A+,29,8,0,21,3.6,43,99.6,normale,Parfait pour transfusion immédiate,2,23,11,False,False,normal,ensoleillé
2023-11-02 06:09:11,Clinique des Spécialités,A-,40,5,0,35,3.2,51,100.0,normale,"Excellent état, conservation parfaite",3,6,11,False,False,normal,ensoleillé
2023-11-03 03:19:15,Clinique des Spécialités,A+,19,5,23,37,4.3,1,58.4,attention,"État satisfaisant, contrôle qualité OK",4,3,11,False,False,normal,nuageux
2023-11-03 08:42:24,Clinique des Spécialités,A+,32,9,11,34,3.7,7,99.9,normale,Contrôle bactériologique négatif,4,8,11,False,False,normal,pluvieux
2023-11-04 01:37:35,Clinique des Spécialités,B+,10,4,0,6,4.2,29,92.6,critique,"URGENT: Stock critique - Bon état général, légère variation température",5,1,11,True,False,normal,pluvieux
2023-11-04 11:38:58,Clinique des Spécialités,A-,29,7,21,43,4.0,2,93.7,normale,"Bon état général, légère variation température",5,11,11,True,False,normal,nuageux
2023-11-05 07:16:49,Clinique des Spécialités,O+,33,4,0,29,3.8,3,81.1,normale,Attention: proche expiration,6,7,11,True,False,normal,nuageux
2023-11-05 23:27:44,Clinique des Spécialités,A+,14,4,0,10,4.0,12,98.6,faible,Contrôle bactériologique négatif,6,23,11,True,False,normal,pluvieux
2023-11-06 06:52:18,Clinique des Spécialités,A+,50,8,0,42,3.7,3,82.8,normale,"Excellent état, conservation parfaite",0,6,11,False,False,normal,pluvieux
2023-11-06 08:38:16,Clinique des Spécialités,O+,35,5,0,30,4.3,7,100.0,normale,Urgent: vérifier température stockage,0,8,11,False,False,normal,ensoleillé
2023-11-06 11:08:28,Clinique des Spécialités,B+,35,10,27,52,4.2,4,75.1,normale,"État satisfaisant, contrôle qualité OK",0,11,11,False,False,normal,nuageux
2023-11-06 19:57:05,Clinique des Spécialités,AB-,28,15,0,13,3.9,13,100.0,faible,"Bon état général, légère variation température",0,19,11,False,False,normal,nuageux
2023-11-06 20:32:13,Clinique des Spécialités,B+,62,8,0,54,4.8,17,92.5,normale,Hémoglobine dans les normes,0,20,11,False,False,normal,orageux
2023-11-07 10:53:49,Clinique des Spécialités,AB+,45,9,0,36,3.6,24,99.6,normale,Urgent: vérifier température stockage,1,10,11,False,False,normal,nuageux
2023-11-07 12:17:52,Clinique des Spécialités,A+,20,12,24,32,3.4,10,93.3,normale,"État satisfaisant, contrôle qualité OK",1,12,11,False,False,normal,nuageux
2023-11-07 12:23:20,Clinique des Spécialités,A+,63,12,17,68,3.9,52,97.5,normale,Attention: proche expiration,1,12,11,False,False,normal,pluvieux
2023-11-08 15:03:57,Clinique des Spécialités,A-,67,5,0,62,3.9,7,97.5,normale,"Bon état général, légère variation température",2,15,11,False,False,normal,pluvieux
2023-11-09 06:52:22,Clinique des Spécialités,A-,60,6,19,73,4.0,1,58.8,attention,"Excellent état, conservation parfaite",3,6,11,False,False,normal,ensoleillé
2023-11-09 09:06:20,Clinique des Spécialités,O+,39,6,28,61,3.7,25,96.4,normale,Urgent: vérifier température stockage,3,9,11,False,False,normal,ensoleillé
2023-11-09 18:24:52,Clinique des Spécialités,A+,34,11,0,23,3.5,14,100.0,normale,"Excellent état, conservation parfaite",3,18,11,False,False,normal,ensoleillé
2023-11-09 20:20:04,Clinique des Spécialités,B+,59,9,0,50,4.8,3,85.2,normale,Hémoglobine dans les normes,3,20,11,False,False,urgence_médicale,pluvieux
2023-11-10 04:34:32,Clinique des Spécialités,A+,24,5,21,40,3.4,9,100.0,normale,"Bon état général, légère variation température",4,4,11,False,False,normal,nuageux
2023-11-10 13:27:56,Clinique des Spécialités,O+,45,5,0,40,4.6,22,100.0,normale,"État satisfaisant, contrôle qualité OK",4,13,11,False,False,normal,orageux
2023-11-10 18:17:13,Clinique des Spécialités,O+,54,6,0,48,3.9,14,90.9,normale,Parfait pour transfusion immédiate,4,18,11,False,False,normal,ensoleillé
2023-11-10 22:43:15,Clinique des Spécialités,A+,46,11,0,35,3.4,3,90.4,normale,"Excellent état, conservation parfaite",4,22,11,False,False,normal,nuageux
2023-11-11 09:49:37,Clinique des Spécialités,O+,45,7,0,38,4.3,3,93.2,normale,Attention: proche expiration,5,9,11,True,False,normal,pluvieux
2023-11-11 11:38:14,Clinique des Spécialités,O-,58,3,0,55,4.0,10,97.8,normale,"Excellent état, conservation parfaite",5,11,11,True,False,normal,orageux
2023-11-11 11:54:25,Clinique des Spécialités,A+,45,6,0,39,4.0,1,57.7,attention,Attention: proche expiration,5,11,11,True,False,normal,nuageux
2023-11-13 18:45:44,Clinique des Spécialités,A+,53,11,22,64,4.2,40,100.0,normale,"Bon état général, légère variation température",0,18,11,False,False,normal,pluvieux
2023-11-14 07:58:15,Clinique des Spécialités,AB+,36,7,0,29,3.5,19,100.0,normale,Urgent: vérifier température stockage,1,7,11,False,False,normal,nuageux
2023-11-14 10:59:06,Clinique des Spécialités,A-,60,9,0,51,4.2,2,77.3,normale,"État satisfaisant, contrôle qualité OK",1,10,11,False,False,normal,ensoleillé
2023-11-14 23:56:51,Clinique des Spécialités,O+,29,3,0,26,3.6,6,98.4,normale,Hémoglobine dans les normes,1,23,11,False,False,normal,orageux
2023-11-15 05:40:40,Clinique des Spécialités,A+,19,11,0,8,3.7,62,97.3,critique,URGENT: Stock critique - Parfait pour transfusion immédiate,2,5,11,False,False,normal,ensoleillé
2023-11-15 14:43:14,Clinique des Spécialités,A+,49,2,0,47,3.9,3,82.3,normale,"Bon état général, légère variation température",2,14,11,False,False,normal,nuageux
2023-11-15 18:21:13,Clinique des Spécialités,B+,47,6,0,41,4.5,5,100.0,normale,Contrôle bactériologique négatif,2,18,11,False,False,normal,pluvieux
2023-11-16 00:27:30,Clinique des Spécialités,A+,21,7,0,14,4.4,2,79.9,faible,Contrôle bactériologique négatif,3,0,11,False,False,normal,nuageux
2023-11-16 04:10:15,Clinique des Spécialités,A+,38,9,20,49,4.0,54,100.0,normale,"Bon état général, légère variation température",3,4,11,False,False,normal,nuageux
2023-11-16 04:10:58,Clinique des Spécialités,O+,33,8,24,49,4.3,22,91.1,normale,"État satisfaisant, contrôle qualité OK",3,4,11,False,False,normal,pluvieux
2023-11-16 05:06:08,Clinique des Spécialités,O+,38,8,0,30,4.5,25,100.0,normale,Attention: proche expiration,3,5,11,False,False,normal,nuageux
2023-11-16 18:42:23,Clinique des Spécialités,A-,52,11,21,62,3.7,8,99.9,normale,"Excellent état, conservation parfaite",3,18,11,False,False,campagne_don,ensoleillé
2023-11-16 18:47:47,Clinique des Spécialités,O+,57,6,0,51,3.9,45,99.6,normale,"Bon état général, légère variation température",3,18,11,False,False,normal,pluvieux
2023-11-17 02:34:09,Clinique des Spécialités,A+,28,11,21,38,4.2,7,95.7,normale,Contrôle bactériologique négatif,4,2,11,False,False,normal,orageux
2023-11-17 14:38:36,Clinique des Spécialités,B+,61,9,0,52,3.8,1,64.3,attention,Contrôle bactériologique négatif,4,14,11,False,False,normal,pluvieux
2023-11-17 19:03:08,Clinique des Spécialités,O+,48,8,19,59,3.7,10,89.2,normale,Hémoglobine dans les normes,4,19,11,False,False,normal,pluvieux
2023-11-18 04:12:47,Clinique des Spécialités,A+,4,3,0,1,3.9,6,87.3,critique,"URGENT: Stock critique - État satisfaisant, contrôle qualité OK",5,4,11,True,False,normal,ensoleillé
2023-11-18 09:01:46,Clinique des Spécialités,O-,44,3,0,41,4.9,4,81.3,normale,"Excellent état, conservation parfaite",5,9,11,True,False,accident_route,nuageux
2023-11-18 14:33:45,Clinique des Spécialités,A+,40,7,20,53,3.4,3,85.7,normale,"État satisfaisant, contrôle qualité OK",5,14,11,True,False,normal,ensoleillé
2023-11-18 22:21:56,Clinique des Spécialités,O+,61,5,15,71,3.9,7,96.7,normale,"État satisfaisant, contrôle qualité OK",5,22,11,True,False,normal,pluvieux
2023-11-19 15:33:56,Clinique des Spécialités,B+,41,5,0,36,4.5,62,100.0,normale,Hémoglobine dans les normes,6,15,11,True,False,normal,ensoleillé
2023-11-19 17:18:33,Clinique des Spécialités,O+,48,3,0,45,4.5,4,85.9,normale,Parfait pour transfusion immédiate,6,17,11,True,False,urgence_médicale,orageux
2023-11-19 21:54:07,Clinique des Spécialités,B+,31,7,20,44,3.4,18,100.0,normale,"État satisfaisant, contrôle qualité OK",6,21,11,True,False,normal,ensoleillé
2023-11-20 12:22:50,Clinique des Spécialités,A+,52,12,0,40,3.2,8,100.0,normale,Urgent: vérifier température stockage,0,12,11,False,False,normal,pluvieux
2023-11-21 11:46:28,Clinique des Spécialités,O+,37,7,0,30,4.2,15,100.0,normale,Urgent: vérifier température stockage,1,11,11,False,False,normal,pluvieux
2023-11-21 16:14:18,Clinique des Spécialités,A+,46,8,18,56,3.3,20,99.5,normale,Contrôle bactériologique négatif,1,16,11,False,False,normal,nuageux
2023-11-22 18:57:23,Clinique des Spécialités,B+,24,6,18,36,3.4,44,100.0,normale,Hémoglobine dans les normes,2,18,11,False,False,normal,ensoleillé
2023-11-23 01:42:06,Clinique des Spécialités,O+,21,9,17,29,4.1,2,83.0,normale,Contrôle bactériologique négatif,3,1,11,False,False,normal,pluvieux
2023-11-23 02:12:11,Clinique des Spécialités,A+,15,3,21,33,3.5,30,100.0,normale,Parfait pour transfusion immédiate,3,2,11,False,False,normal,nuageux
2023-11-23 05:13:36,Clinique des Spécialités,O+,16,8,0,8,4.6,28,97.1,critique,URGENT: Stock critique - Hémoglobine dans les normes,3,5,11,False,False,normal,ensoleillé
2023-11-24 06:58:51,Clinique des Spécialités,A+,60,5,17,72,4.9,3,82.8,normale,Hémoglobine dans les normes,4,6,11,False,False,normal,pluvieux
2023-11-24 07:37:36,Clinique des Spécialités,B+,30,8,20,42,4.0,2,93.4,normale,Hémoglobine dans les normes,4,7,11,False,False,normal,ensoleillé
2023-11-24 08:15:02,Clinique des Spécialités,O-,56,6,0,50,4.0,8,99.9,normale,"Bon état général, légère variation température",4,8,11,False,False,normal,nuageux
2023-11-24 16:16:53,Clinique des Spécialités,A+,60,5,29,84,4.4,32,100.0,normale,Parfait pour transfusion immédiate,4,16,11,False,False,normal,pluvieux
2023-11-24 22:36:45,Clinique des Spécialités,A-,43,6,0,37,4.3,17,97.1,normale,Attention: proche expiration,4,22,11,False,False,normal,ensoleillé
2023-11-25 19:46:02,Clinique des Spécialités,A+,26,6,0,20,4.0,25,100.0,normale,Contrôle bactériologique négatif,5,19,11,True,False,normal,ensoleillé
2023-11-26 01:35:04,Clinique des Spécialités,O-,19,4,11,26,3.6,1,70.8,normale,Attention: proche expiration,6,1,11,True,False,normal,pluvieux
2023-11-26 06:52:11,Clinique des Spécialités,A-,40,4,0,36,4.5,45,100.0,normale,Contrôle bactériologique négatif,6,6,11,True,False,normal,ensoleillé
2023-11-27 02:37:41,Clinique des Spécialités,A+,20,14,0,6,3.8,3,82.0,critique,"URGENT: Stock critique - Bon état général, légère variation température",0,2,11,False,False,normal,pluvieux
2023-11-27 05:29:06,Clinique des Spécialités,A+,10,5,0,5,3.3,8,96.3,critique,URGENT: Stock critique - Attention: proche expiration,0,5,11,False,False,épidémie,ensoleillé
2023-11-27 21:19:10,Clinique des Spécialités,O+,78,12,0,66,3.4,9,95.4,normale,"Excellent état, conservation parfaite",0,21,11,False,False,normal,nuageux
2023-11-28 06:38:40,Clinique des Spécialités,O+,20,8,23,35,4.5,25,90.0,normale,"État satisfaisant, contrôle qualité OK",1,6,11,False,False,normal,ensoleillé
2023-11-28 08:24:55,Clinique des Spécialités,A+,44,7,0,37,4.2,9,100.0,normale,Parfait pour transfusion immédiate,1,8,11,False,False,normal,nuageux
2023-11-28 15:00:04,Clinique des Spécialités,O+,40,7,0,33,4.4,30,100.0,normale,"Excellent état, conservation parfaite",1,15,11,False,False,normal,nuageux
2023-11-28 18:05:20,Clinique des Spécialités,O+,48,8,0,40,5.1,11,100.0,normale,"Bon état général, légère variation température",1,18,11,False,False,normal,nuageux
2023-11-28 18:20:58,Clinique des Spécialités,A+,26,9,0,17,4.0,6,93.7,faible,Attention: proche expiration,1,18,11,False,False,normal,nuageux
2023-11-28 22:39:02,Clinique des Spécialités,A+,62,10,0,52,4.6,5,97.3,normale,Parfait pour transfusion immédiate,1,22,11,False,False,normal,ensoleillé
2023-11-29 10:18:11,Clinique des Spécialités,O+,61,8,0,53,3.2,9,99.6,normale,"État satisfaisant, contrôle qualité OK",2,10,11,False,False,accident_route,pluvieux
2023-11-29 22:02:07,Clinique des Spécialités,A+,36,5,0,31,3.5,8,100.0,normale,Urgent: vérifier température stockage,2,22,11,False,False,normal,nuageux
2023-11-29 23:55:22,Clinique des Spécialités,O+,32,4,22,50,4.0,64,99.9,normale,"Bon état général, légère variation température",2,23,11,False,False,normal,pluvieux
2023-11-30 00:17:36,Clinique des Spécialités,O+,35,6,0,29,4.2,2,94.7,normale,"Bon état général, légère variation température",3,0,11,False,False,normal,ensoleillé
2023-11-30 12:23:03,Clinique des Spécialités,AB+,39,3,0,36,3.0,42,99.4,normale,"Excellent état, conservation parfaite",3,12,11,False,False,normal,pluvieux
2023-12-01 02:05:20,Clinique des Spécialités,A-,39,11,21,49,4.1,3,99.4,normale,Attention: proche expiration,4,2,12,False,True,normal,orageux
2023-12-01 09:28:46,Clinique des Spécialités,B+,40,10,0,30,4.0,15,100.0,normale,"Excellent état, conservation parfaite",4,9,12,False,True,normal,ensoleillé
2023-12-01 21:16:06,Clinique des Spécialités,A+,68,10,0,58,4.1,2,86.5,normale,Parfait pour transfusion immédiate,4,21,12,False,True,normal,nuageux
2023-12-02 03:00:41,Clinique des Spécialités,A-,27,6,0,21,4.1,17,99.6,normale,"Bon état général, légère variation température",5,3,12,True,True,normal,ensoleillé
2023-12-02 23:32:21,Clinique des Spécialités,A+,27,6,0,21,4.0,14,100.0,normale,Hémoglobine dans les normes,5,23,12,True,True,normal,ensoleillé
2023-12-02 23:44:46,Clinique des Spécialités,O+,13,5,17,25,4.3,13,100.0,normale,"État satisfaisant, contrôle qualité OK",5,23,12,True,True,normal,nuageux
2023-12-03 05:30:54,Clinique des Spécialités,A+,17,13,18,22,3.5,3,83.7,normale,"Excellent état, conservation parfaite",6,5,12,True,True,normal,ensoleillé
2023-12-03 14:35:27,Clinique des Spécialités,A+,26,1,16,41,4.3,7,100.0,normale,Contrôle bactériologique négatif,6,14,12,True,True,normal,nuageux
2023-12-03 16:39:56,Clinique des Spécialités,A+,51,4,0,47,3.7,41,100.0,normale,"Bon état général, légère variation température",6,16,12,True,True,normal,pluvieux
2023-12-03 19:19:30,Clinique des Spécialités,A+,39,7,26,58,4.1,25,100.0,normale,Contrôle bactériologique négatif,6,19,12,True,True,normal,pluvieux
2023-12-04 16:07:42,Clinique des Spécialités,O+,37,6,21,52,4.3,11,97.0,normale,Attention: proche expiration,0,16,12,False,True,normal,pluvieux
2023-12-04 21:35:55,Clinique des Spécialités,A+,85,6,0,79,3.6,8,95.8,normale,"Excellent état, conservation parfaite",0,21,12,False,True,normal,pluvieux
2023-12-05 01:51:22,Clinique des Spécialités,A+,20,13,15,22,3.9,29,95.3,normale,Urgent: vérifier température stockage,1,1,12,False,True,normal,pluvieux
2023-12-06 04:38:20,Clinique des Spécialités,B+,41,11,36,66,3.5,5,100.0,normale,Contrôle bactériologique négatif,2,4,12,False,True,normal,nuageux
2023-12-06 08:38:42,Clinique des Spécialités,A+,50,7,0,43,4.2,1,62.4,attention,"Bon état général, légère variation température",2,8,12,False,True,normal,nuageux
2023-12-06 09:28:09,Clinique des Spécialités,O+,50,6,0,44,3.6,36,100.0,normale,Hémoglobine dans les normes,2,9,12,False,True,normal,nuageux
2023-12-06 10:03:24,Clinique des Spécialités,O+,57,10,23,70,4.4,1,59.8,attention,Parfait pour transfusion immédiate,2,10,12,False,True,normal,pluvieux
2023-12-06 13:04:02,Clinique des Spécialités,B+,16,10,0,6,4.4,3,83.8,critique,URGENT: Stock critique - Hémoglobine dans les normes,2,13,12,False,True,normal,ensoleillé
2023-12-07 05:10:17,Clinique des Spécialités,A+,36,9,0,27,5.0,18,96.6,normale,"Excellent état, conservation parfaite",3,5,12,False,True,normal,ensoleillé
2023-12-08 01:55:09,Clinique des Spécialités,B+,33,11,19,41,4.4,1,63.2,attention,"Excellent état, conservation parfaite",4,1,12,False,True,normal,ensoleillé
2023-12-09 05:02:33,Clinique des Spécialités,B+,14,4,0,10,3.6,22,95.0,faible,"Bon état général, légère variation température",5,5,12,True,True,normal,pluvieux
2023-12-09 23:52:45,Clinique des Spécialités,O+,17,6,0,11,5.1,9,100.0,faible,Contrôle bactériologique négatif,5,23,12,True,True,normal,pluvieux
2023-12-10 21:31:57,Clinique des Spécialités,O+,45,5,0,40,4.0,1,60.2,attention,Hémoglobine dans les normes,6,21,12,True,True,normal,orageux
2023-12-10 23:46:02,Clinique des Spécialités,O+,15,7,18,26,3.3,12,100.0,normale,Parfait pour transfusion immédiate,6,23,12,True,True,normal,ensoleillé
2023-12-11 11:37:17,Clinique des Spécialités,A+,60,7,0,53,2.6,4,88.1,normale,Parfait pour transfusion immédiate,0,11,12,False,True,normal,nuageux
2023-12-12 01:26:14,Clinique des Spécialités,A+,9,14,0,0,3.8,36,99.5,critique,URGENT: Stock critique - Parfait pour transfusion immédiate,1,1,12,False,True,normal,pluvieux
2023-12-13 09:48:15,Clinique des Spécialités,A-,61,6,18,73,4.1,2,89.7,normale,"État satisfaisant, contrôle qualité OK",2,9,12,False,True,normal,ensoleillé
2023-12-13 10:13:04,Clinique des Spécialités,O+,91,12,26,105,4.0,5,98.3,normale,Attention: proche expiration,2,10,12,False,True,normal,ensoleillé
2023-12-13 14:57:11,Clinique des Spécialités,A+,77,7,20,90,3.7,8,100.0,normale,Hémoglobine dans les normes,2,14,12,False,True,normal,ensoleillé
2023-12-14 09:08:13,Clinique des Spécialités,A-,48,5,0,43,3.5,1,55.9,attention,Attention: proche expiration,3,9,12,False,True,normal,nuageux
2023-12-14 14:52:50,Clinique des Spécialités,O+,58,13,0,45,5.0,10,100.0,normale,"Excellent état, conservation parfaite",3,14,12,False,True,urgence_médicale,nuageux
2023-12-14 19:23:39,Clinique des Spécialités,A+,39,13,0,26,4.2,19,100.0,normale,Contrôle bactériologique négatif,3,19,12,False,True,normal,ensoleillé
2023-12-14 22:55:56,Clinique des Spécialités,O+,79,6,0,73,3.8,29,100.0,normale,"Bon état général, légère variation température",3,22,12,False,True,normal,ensoleillé
2023-12-15 09:57:35,Clinique des Spécialités,B+,38,12,0,26,3.9,11,100.0,normale,Attention: proche expiration,4,9,12,False,True,normal,pluvieux
2023-12-15 21:29:27,Clinique des Spécialités,O+,57,7,14,64,5.0,20,100.0,normale,Attention: proche expiration,4,21,12,False,True,normal,ensoleillé
2023-12-15 22:14:21,Clinique des Spécialités,O+,54,14,21,61,3.7,4,87.7,normale,Hémoglobine dans les normes,4,22,12,False,True,normal,ensoleillé
2023-12-16 06:54:56,Clinique des Spécialités,B+,27,3,0,24,4.2,14,96.9,normale,"Excellent état, conservation parfaite",5,6,12,True,True,normal,pluvieux
2023-12-16 09:45:03,Clinique des Spécialités,AB+,63,9,0,54,4.0,1,67.4,attention,"Bon état général, légère variation température",5,9,12,True,True,normal,pluvieux
2023-12-16 12:04:09,Clinique des Spécialités,A+,29,3,13,39,4.9,3,85.7,normale,"Bon état général, légère variation température",5,12,12,True,True,normal,ensoleillé
2023-12-16 18:15:58,Clinique des Spécialités,O-,44,7,16,53,4.0,10,93.7,normale,Attention: proche expiration,5,18,12,True,True,normal,nuageux
2023-12-16 21:21:13,Clinique des Spécialités,B+,28,8,26,46,4.4,2,86.1,normale,Attention: proche expiration,5,21,12,True,True,normal,nuageux
2023-12-17 11:42:36,Clinique des Spécialités,O+,53,10,16,59,4.2,17,100.0,normale,"État satisfaisant, contrôle qualité OK",6,11,12,True,True,normal,ensoleillé
2023-12-17 13:47:58,Clinique des Spécialités,A+,43,6,0,37,3.9,9,93.7,normale,Urgent: vérifier température stockage,6,13,12,True,True,normal,ensoleillé
2023-12-17 17:27:44,Clinique des Spécialités,B+,46,8,21,59,3.5,3,89.8,normale,Parfait pour transfusion immédiate,6,17,12,True,True,normal,ensoleillé
2023-12-18 08:49:54,Clinique des Spécialités,O+,98,10,23,111,4.8,3,87.4,normale,Parfait pour transfusion immédiate,0,8,12,False,True,normal,pluvieux
2023-12-18 11:39:21,Clinique des Spécialités,O+,54,5,0,49,3.5,1,58.7,attention,"Bon état général, légère variation température",0,11,12,False,True,normal,pluvieux
2023-12-18 16:17:19,Clinique des Spécialités,A+,64,14,0,50,3.9,7,100.0,normale,"Excellent état, conservation parfaite",0,16,12,False,True,normal,orageux
2023-12-18 21:41:17,Clinique des Spécialités,O+,74,10,0,64,4.2,1,67.6,attention,"Excellent état, conservation parfaite",0,21,12,False,True,normal,pluvieux
2023-12-19 07:12:30,Clinique des Spécialités,AB+,65,16,25,74,3.7,11,100.0,normale,Urgent: vérifier température stockage,1,7,12,False,True,normal,nuageux
2023-12-20 08:39:54,Clinique des Spécialités,O+,87,8,0,79,4.4,5,98.1,normale,"Excellent état, conservation parfaite",2,8,12,False,True,normal,pluvieux
2023-12-20 09:54:38,Clinique des Spécialités,O-,91,6,0,85,3.9,21,95.6,normale,"État satisfaisant, contrôle qualité OK",2,9,12,False,True,normal,pluvieux
2023-12-20 22:09:05,Clinique des Spécialités,B+,24,6,0,18,5.2,14,95.3,faible,Attention: proche expiration,2,22,12,False,True,normal,nuageux
2023-12-21 08:26:39,Clinique des Spécialités,O-,44,7,14,51,3.4,2,87.3,normale,"Excellent état, conservation parfaite",3,8,12,False,True,normal,ensoleillé
2023-12-21 16:24:47,Clinique des Spécialités,O+,48,10,0,38,3.9,13,100.0,normale,Hémoglobine dans les normes,3,16,12,False,True,normal,pluvieux
2023-12-22 06:34:50,Clinique des Spécialités,O+,82,11,29,100,4.0,5,100.0,normale,Parfait pour transfusion immédiate,4,6,12,False,True,normal,ensoleillé
2023-12-23 02:41:58,Clinique des Spécialités,O+,21,6,0,15,2.9,22,93.6,faible,Attention: proche expiration,5,2,12,True,True,normal,nuageux
2023-12-23 03:39:09,Clinique des Spécialités,O+,21,6,29,44,3.8,7,100.0,normale,"État satisfaisant, contrôle qualité OK",5,3,12,True,True,normal,pluvieux
2023-12-23 05:44:14,Clinique des Spécialités,O+,21,6,14,29,3.9,1,59.2,attention,Parfait pour transfusion immédiate,5,5,12,True,True,normal,nuageux
2023-12-23 06:06:11,Clinique des Spécialités,A+,34,8,14,40,3.6,11,100.0,normale,"Bon état général, légère variation température",5,6,12,True,True,normal,nuageux
2023-12-23 06:53:06,Clinique des Spécialités,A+,47,0,0,47,3.6,8,100.0,normale,"Bon état général, légère variation température",5,6,12,True,True,normal,ensoleillé
2023-12-24 13:12:53,Clinique des Spécialités,O+,37,7,0,30,4.0,20,91.4,normale,"Bon état général, légère variation température",6,13,12,True,True,normal,ensoleillé
2023-12-24 17:15:14,Clinique des Spécialités,A+,53,4,0,49,3.6,16,95.6,normale,"État satisfaisant, contrôle qualité OK",6,17,12,True,True,normal,ensoleillé
2023-12-24 22:35:43,Clinique des Spécialités,B+,32,6,24,50,3.8,10,100.0,normale,"Bon état général, légère variation température",6,22,12,True,True,normal,nuageux
2023-12-25 09:58:17,Clinique des Spécialités,B+,77,4,27,100,4.5,31,95.1,normale,Urgent: vérifier température stockage,0,9,12,False,True,normal,nuageux
2023-12-26 04:51:27,Clinique des Spécialités,B+,27,8,0,19,4.3,32,100.0,faible,"État satisfaisant, contrôle qualité OK",1,4,12,False,True,normal,orageux
2023-12-26 11:15:52,Clinique des Spécialités,A+,43,14,0,29,3.5,3,70.6,normale,"Bon état général, légère variation température",1,11,12,False,True,normal,ensoleillé
2023-12-27 05:26:11,Clinique des Spécialités,A+,18,5,0,13,3.9,11,100.0,faible,"Bon état général, légère variation température",2,5,12,False,True,normal,pluvieux
2023-12-27 06:23:24,Clinique des Spécialités,A+,56,10,26,72,4.8,23,100.0,normale,Attention: proche expiration,2,6,12,False,True,normal,ensoleillé
2023-12-27 06:42:24,Clinique des Spécialités,O+,74,10,0,64,4.8,52,90.4,normale,Attention: proche expiration,2,6,12,False,True,normal,nuageux
2023-12-27 09:34:45,Clinique des Spécialités,O+,89,13,14,90,3.3,5,100.0,normale,"Bon état général, légère variation température",2,9,12,False,True,normal,ensoleillé
2023-12-27 09:36:45,Clinique des Spécialités,O+,80,8,21,93,3.3,4,81.6,normale,Urgent: vérifier température stockage,2,9,12,False,True,normal,ensoleillé
2023-12-27 09:56:16,Clinique des Spécialités,A+,41,8,0,33,4.4,26,94.8,normale,Urgent: vérifier température stockage,2,9,12,False,True,normal,nuageux
2023-12-27 16:29:39,Clinique des Spécialités,O+,80,12,14,82,3.8,15,98.4,normale,Parfait pour transfusion immédiate,2,16,12,False,True,normal,ensoleillé
2023-12-27 22:36:52,Clinique des Spécialités,O+,50,13,0,37,2.8,59,97.6,normale,Hémoglobine dans les normes,2,22,12,False,True,normal,pluvieux
2023-12-28 01:09:24,Clinique des Spécialités,O+,16,7,0,9,3.3,12,97.7,critique,"URGENT: Stock critique - Excellent état, conservation parfaite",3,1,12,False,True,normal,nuageux
2023-12-29 04:19:01,Clinique des Spécialités,B+,22,7,0,15,4.4,14,97.5,faible,Urgent: vérifier température stockage,4,4,12,False,True,normal,pluvieux
2023-12-29 13:07:33,Clinique des Spécialités,O+,52,2,0,50,5.0,27,100.0,normale,"Excellent état, conservation parfaite",4,13,12,False,True,normal,ensoleillé
2023-12-30 23:00:35,Clinique des Spécialités,A+,19,10,0,9,4.1,30,99.7,critique,URGENT: Stock critique - Parfait pour transfusion immédiate,5,23,12,True,True,normal,pluvieux
2023-12-31 09:13:04,Clinique des Spécialités,O+,28,2,23,49,4.0,4,87.7,normale,Contrôle bactériologique négatif,6,9,12,True,True,normal,nuageux
2023-12-31 20:25:40,Clinique des Spécialités,A+,36,2,19,53,4.0,6,97.1,normale,Urgent: vérifier température stockage,6,20,12,True,True,normal,ensoleillé
