timestamp,hospital,blood_type,stock_initial,demand,supply,stock_final,temperature,days_to_expiry,quality_score,urgency,quality_comment,day_of_week,hour,month,is_weekend,is_holiday_season,special_event,weather
2022-01-01 01:43:17,Hôpital de District Bonassama,A-,13,7,0,6,4.1,18,100.0,critique,URGENT: Stock critique - Contrôle bactériologique négatif,5,1,1,True,True,normal,ensoleillé
2022-01-01 10:39:39,Hôpital de District Bonassama,AB-,44,8,0,36,3.5,4,77.1,normale,Hémoglobine dans les normes,5,10,1,True,True,normal,orageux
2022-01-01 13:25:06,Hôpital de District Bonassama,A+,56,4,20,72,4.5,12,100.0,normale,"Excellent état, conservation parfaite",5,13,1,True,True,normal,nuageux
2022-01-01 20:15:00,Hôpital de District Bonassama,B+,32,8,0,24,3.9,2,82.9,normale,Urgent: vérifier température stockage,5,20,1,True,True,normal,ensoleillé
2022-01-02 01:25:12,Hôpital de District Bonassama,O-,22,1,0,21,3.5,53,100.0,normale,Attention: proche expiration,6,1,1,True,True,normal,ensoleillé
2022-01-02 03:15:15,Hôpital de District Bonassama,O-,20,2,17,35,4.1,10,97.8,normale,"État satisfaisant, contrôle qualité OK",6,3,1,True,True,normal,ensoleillé
2022-01-02 09:30:55,Hôpital de District Bonassama,A+,63,8,0,55,4.0,3,83.2,normale,"Bon état général, légère variation température",6,9,1,True,True,normal,pluvieux
2022-01-02 16:57:14,Hôpital de District Bonassama,A-,37,8,0,29,4.5,12,100.0,normale,Parfait pour transfusion immédiate,6,16,1,True,True,normal,nuageux
2022-01-03 12:29:49,Hôpital de District Bonassama,O+,64,6,20,78,4.4,18,100.0,normale,Parfait pour transfusion immédiate,0,12,1,False,True,normal,pluvieux
2022-01-03 13:39:13,Hôpital de District Bonassama,A-,76,7,27,96,4.7,15,100.0,normale,Contrôle bactériologique négatif,0,13,1,False,True,normal,ensoleillé
2022-01-03 16:44:48,Hôpital de District Bonassama,O+,64,10,18,72,4.1,1,55.7,attention,Contrôle bactériologique négatif,0,16,1,False,True,normal,pluvieux
2022-01-03 23:07:38,Hôpital de District Bonassama,B+,23,15,0,8,3.8,4,83.4,critique,"URGENT: Stock critique - État satisfaisant, contrôle qualité OK",0,23,1,False,True,normal,ensoleillé
2022-01-04 08:03:05,Hôpital de District Bonassama,B-,36,9,19,46,4.8,1,66.6,attention,"Bon état général, légère variation température",1,8,1,False,True,normal,pluvieux
2022-01-04 14:42:33,Hôpital de District Bonassama,O+,48,12,0,36,4.3,24,96.4,normale,Contrôle bactériologique négatif,1,14,1,False,True,normal,ensoleillé
2022-01-05 00:50:45,Hôpital de District Bonassama,A+,26,10,0,16,4.3,1,64.4,faible,Hémoglobine dans les normes,2,0,1,False,True,normal,pluvieux
2022-01-05 02:37:28,Hôpital de District Bonassama,A+,27,9,0,18,3.7,1,59.8,faible,Contrôle bactériologique négatif,2,2,1,False,True,normal,ensoleillé
2022-01-05 17:49:12,Hôpital de District Bonassama,O-,65,5,0,60,4.2,27,99.6,normale,Parfait pour transfusion immédiate,2,17,1,False,True,normal,nuageux
2022-01-06 02:27:06,Hôpital de District Bonassama,A+,14,14,19,19,4.1,22,89.1,faible,"Excellent état, conservation parfaite",3,2,1,False,True,normal,ensoleillé
2022-01-06 03:15:47,Hôpital de District Bonassama,A+,20,11,0,9,4.4,9,98.5,critique,URGENT: Stock critique - Urgent: vérifier température stockage,3,3,1,False,True,normal,pluvieux
2022-01-06 06:09:10,Hôpital de District Bonassama,A+,69,13,0,56,4.4,20,96.9,normale,Hémoglobine dans les normes,3,6,1,False,True,normal,ensoleillé
2022-01-06 14:06:24,Hôpital de District Bonassama,A+,63,12,22,73,3.6,11,100.0,normale,Hémoglobine dans les normes,3,14,1,False,True,normal,ensoleillé
2022-01-06 18:30:18,Hôpital de District Bonassama,O+,46,7,21,60,4.5,3,81.2,normale,"État satisfaisant, contrôle qualité OK",3,18,1,False,True,normal,ensoleillé
2022-01-07 08:56:07,Hôpital de District Bonassama,O+,44,10,29,63,3.6,23,98.0,normale,"Bon état général, légère variation température",4,8,1,False,True,normal,ensoleillé
2022-01-07 13:58:50,Hôpital de District Bonassama,A+,63,12,0,51,3.6,44,88.4,normale,"État satisfaisant, contrôle qualité OK",4,13,1,False,True,normal,orageux
2022-01-07 20:06:46,Hôpital de District Bonassama,O-,92,11,0,81,4.1,2,87.2,normale,"Bon état général, légère variation température",4,20,1,False,True,normal,ensoleillé
2022-01-08 05:07:16,Hôpital de District Bonassama,A+,15,6,0,9,4.0,13,100.0,critique,"URGENT: Stock critique - État satisfaisant, contrôle qualité OK",5,5,1,True,True,normal,pluvieux
2022-01-08 23:29:28,Hôpital de District Bonassama,A+,20,8,0,12,4.2,1,48.2,faible,"Bon état général, légère variation température",5,23,1,True,True,normal,pluvieux
2022-01-09 15:51:17,Hôpital de District Bonassama,O+,36,8,20,48,4.4,1,60.7,attention,"Bon état général, légère variation température",6,15,1,True,True,normal,pluvieux
2022-01-09 21:09:08,Hôpital de District Bonassama,A+,50,6,0,44,4.6,7,96.6,normale,Hémoglobine dans les normes,6,21,1,True,True,normal,pluvieux
2022-01-09 22:01:18,Hôpital de District Bonassama,A+,38,4,0,34,3.5,3,79.7,normale,"État satisfaisant, contrôle qualité OK",6,22,1,True,True,normal,nuageux
2022-01-10 06:53:35,Hôpital de District Bonassama,A+,53,11,0,42,4.3,12,100.0,normale,Parfait pour transfusion immédiate,0,6,1,False,True,normal,pluvieux
2022-01-10 08:56:43,Hôpital de District Bonassama,A+,72,5,20,87,4.6,6,100.0,normale,"État satisfaisant, contrôle qualité OK",0,8,1,False,True,normal,orageux
2022-01-11 16:00:25,Hôpital de District Bonassama,A+,103,9,0,94,4.3,1,68.9,attention,Contrôle bactériologique négatif,1,16,1,False,True,normal,ensoleillé
2022-01-12 16:52:56,Hôpital de District Bonassama,O-,31,8,12,35,3.0,26,100.0,normale,"Excellent état, conservation parfaite",2,16,1,False,True,normal,pluvieux
2022-01-12 21:50:27,Hôpital de District Bonassama,A+,75,14,0,61,4.6,24,99.6,normale,"État satisfaisant, contrôle qualité OK",2,21,1,False,True,normal,orageux
2022-01-12 22:27:09,Hôpital de District Bonassama,A+,57,5,0,52,3.9,10,100.0,normale,Attention: proche expiration,2,22,1,False,True,normal,pluvieux
2022-01-13 03:39:31,Hôpital de District Bonassama,B+,22,11,0,11,3.5,16,100.0,faible,Parfait pour transfusion immédiate,3,3,1,False,True,normal,ensoleillé
2022-01-13 15:30:23,Hôpital de District Bonassama,O+,79,15,19,83,4.0,9,100.0,normale,Urgent: vérifier température stockage,3,15,1,False,True,urgence_médicale,nuageux
2022-01-13 23:47:52,Hôpital de District Bonassama,O-,42,9,21,54,4.2,13,100.0,normale,"État satisfaisant, contrôle qualité OK",3,23,1,False,True,normal,nuageux
2022-01-14 07:33:40,Hôpital de District Bonassama,A-,73,7,0,66,4.4,8,97.2,normale,Attention: proche expiration,4,7,1,False,True,normal,pluvieux
2022-01-16 04:06:07,Hôpital de District Bonassama,A+,14,6,0,8,3.0,27,100.0,critique,URGENT: Stock critique - Parfait pour transfusion immédiate,6,4,1,True,True,normal,orageux
2022-01-16 11:29:04,Hôpital de District Bonassama,AB+,39,6,12,45,3.6,5,100.0,normale,"État satisfaisant, contrôle qualité OK",6,11,1,True,True,normal,ensoleillé
2022-01-16 17:10:06,Hôpital de District Bonassama,A+,45,4,0,41,4.3,11,100.0,normale,"État satisfaisant, contrôle qualité OK",6,17,1,True,True,normal,ensoleillé
2022-01-17 08:06:25,Hôpital de District Bonassama,O-,58,9,0,49,4.4,3,87.9,normale,Contrôle bactériologique négatif,0,8,1,False,True,urgence_médicale,ensoleillé
2022-01-18 00:59:01,Hôpital de District Bonassama,A+,40,7,0,33,4.5,10,100.0,normale,Parfait pour transfusion immédiate,1,0,1,False,True,accident_route,nuageux
2022-01-18 02:47:32,Hôpital de District Bonassama,B+,26,6,19,39,4.2,19,93.2,normale,"Excellent état, conservation parfaite",1,2,1,False,True,normal,ensoleillé
2022-01-18 10:25:28,Hôpital de District Bonassama,A+,50,12,20,58,4.5,27,99.0,normale,Hémoglobine dans les normes,1,10,1,False,True,normal,nuageux
2022-01-18 14:58:38,Hôpital de District Bonassama,O+,44,6,0,38,3.8,22,100.0,normale,Hémoglobine dans les normes,1,14,1,False,True,normal,pluvieux
2022-01-19 09:48:31,Hôpital de District Bonassama,AB-,58,6,0,52,3.4,43,99.7,normale,Hémoglobine dans les normes,2,9,1,False,True,normal,pluvieux
2022-01-20 23:44:53,Hôpital de District Bonassama,A+,14,1,0,13,4.1,7,100.0,faible,Parfait pour transfusion immédiate,3,23,1,False,True,normal,nuageux
2022-01-21 02:09:23,Hôpital de District Bonassama,A+,31,10,0,21,4.4,4,82.4,normale,"Bon état général, légère variation température",4,2,1,False,True,normal,nuageux
2022-01-21 11:28:39,Hôpital de District Bonassama,A+,52,1,0,51,3.9,3,74.7,normale,Hémoglobine dans les normes,4,11,1,False,True,normal,pluvieux
2022-01-21 21:45:09,Hôpital de District Bonassama,A+,69,8,0,61,4.6,6,100.0,normale,Contrôle bactériologique négatif,4,21,1,False,True,normal,nuageux
2022-01-21 22:41:27,Hôpital de District Bonassama,O+,63,12,0,51,4.2,1,63.2,attention,Attention: proche expiration,4,22,1,False,True,normal,ensoleillé
2022-01-22 05:51:14,Hôpital de District Bonassama,O+,15,3,24,36,4.3,29,100.0,normale,"Bon état général, légère variation température",5,5,1,True,True,normal,ensoleillé
2022-01-23 13:03:42,Hôpital de District Bonassama,O+,66,6,0,60,4.5,2,90.5,normale,Parfait pour transfusion immédiate,6,13,1,True,True,normal,pluvieux
2022-01-23 15:14:37,Hôpital de District Bonassama,A+,31,6,19,44,3.9,1,57.3,attention,Hémoglobine dans les normes,6,15,1,True,True,normal,ensoleillé
2022-01-24 12:34:12,Hôpital de District Bonassama,A+,69,6,0,63,4.1,21,100.0,normale,Contrôle bactériologique négatif,0,12,1,False,True,urgence_médicale,orageux
2022-01-24 17:44:21,Hôpital de District Bonassama,O-,41,13,22,50,4.2,10,99.4,normale,Hémoglobine dans les normes,0,17,1,False,True,normal,orageux
2022-01-25 06:59:06,Hôpital de District Bonassama,O+,47,9,12,50,3.7,2,82.0,normale,Hémoglobine dans les normes,1,6,1,False,True,normal,pluvieux
2022-01-25 12:31:01,Hôpital de District Bonassama,A-,38,12,0,26,4.3,5,98.8,normale,Attention: proche expiration,1,12,1,False,True,normal,ensoleillé
2022-01-26 08:27:03,Hôpital de District Bonassama,O+,81,12,0,69,3.9,5,100.0,normale,Hémoglobine dans les normes,2,8,1,False,True,normal,pluvieux
2022-01-26 11:18:01,Hôpital de District Bonassama,AB+,18,10,0,8,4.5,9,100.0,critique,"URGENT: Stock critique - État satisfaisant, contrôle qualité OK",2,11,1,False,True,normal,pluvieux
2022-01-26 13:20:01,Hôpital de District Bonassama,A+,36,5,0,31,4.5,12,100.0,normale,"Excellent état, conservation parfaite",2,13,1,False,True,normal,pluvieux
2022-01-26 23:46:28,Hôpital de District Bonassama,O+,24,12,22,34,4.0,5,96.8,normale,Hémoglobine dans les normes,2,23,1,False,True,normal,ensoleillé
2022-01-28 00:41:59,Hôpital de District Bonassama,A-,26,11,13,28,3.6,20,99.3,normale,Parfait pour transfusion immédiate,4,0,1,False,True,normal,ensoleillé
2022-01-28 07:20:10,Hôpital de District Bonassama,O+,88,14,0,74,4.4,1,55.1,attention,Parfait pour transfusion immédiate,4,7,1,False,True,normal,nuageux
2022-01-28 11:13:29,Hôpital de District Bonassama,O-,34,10,0,24,4.7,20,100.0,normale,Parfait pour transfusion immédiate,4,11,1,False,True,accident_route,nuageux
2022-01-28 21:12:27,Hôpital de District Bonassama,A+,69,5,0,64,4.1,17,100.0,normale,Urgent: vérifier température stockage,4,21,1,False,True,normal,nuageux
2022-01-29 10:39:38,Hôpital de District Bonassama,A+,38,7,0,31,3.6,3,83.6,normale,Attention: proche expiration,5,10,1,True,True,normal,pluvieux
2022-01-29 12:31:48,Hôpital de District Bonassama,O+,42,3,19,58,4.3,1,71.1,normale,Urgent: vérifier température stockage,5,12,1,True,True,normal,pluvieux
2022-01-29 18:31:32,Hôpital de District Bonassama,B+,39,4,0,35,3.9,11,100.0,normale,Hémoglobine dans les normes,5,18,1,True,True,normal,nuageux
2022-01-29 23:17:22,Hôpital de District Bonassama,B+,14,4,0,10,3.4,1,52.6,faible,"Excellent état, conservation parfaite",5,23,1,True,True,normal,orageux
2022-01-30 02:24:38,Hôpital de District Bonassama,O+,20,3,0,17,3.5,3,89.7,faible,"État satisfaisant, contrôle qualité OK",6,2,1,True,True,normal,nuageux
2022-01-30 07:27:20,Hôpital de District Bonassama,O+,50,8,0,42,3.5,8,100.0,normale,Parfait pour transfusion immédiate,6,7,1,True,True,normal,pluvieux
2022-01-30 07:39:51,Hôpital de District Bonassama,A+,37,7,0,30,3.7,16,100.0,normale,"État satisfaisant, contrôle qualité OK",6,7,1,True,True,normal,pluvieux
2022-01-30 09:18:26,Hôpital de District Bonassama,O-,56,4,0,52,4.2,90,100.0,normale,Urgent: vérifier température stockage,6,9,1,True,True,normal,ensoleillé
2022-01-30 10:15:07,Hôpital de District Bonassama,A+,26,8,0,18,4.7,1,63.1,faible,"Bon état général, légère variation température",6,10,1,True,True,normal,ensoleillé
2022-01-31 07:41:39,Hôpital de District Bonassama,O-,42,20,0,22,3.4,12,98.4,normale,Contrôle bactériologique négatif,0,7,1,False,True,normal,nuageux
2022-01-31 17:13:11,Hôpital de District Bonassama,A+,25,9,21,37,4.1,10,94.7,normale,"État satisfaisant, contrôle qualité OK",0,17,1,False,True,normal,nuageux
2022-01-31 20:50:17,Hôpital de District Bonassama,A+,34,12,0,22,3.6,9,99.9,normale,"Excellent état, conservation parfaite",0,20,1,False,True,normal,ensoleillé
2022-01-31 22:25:35,Hôpital de District Bonassama,O+,52,12,20,60,3.4,10,97.5,normale,Contrôle bactériologique négatif,0,22,1,False,True,normal,pluvieux
2022-01-31 23:21:56,Hôpital de District Bonassama,B+,25,2,0,23,3.8,3,86.7,normale,"Excellent état, conservation parfaite",0,23,1,False,True,normal,pluvieux
2022-02-01 12:59:54,Hôpital de District Bonassama,O+,53,5,0,48,3.6,7,97.3,normale,"Bon état général, légère variation température",1,12,2,False,False,normal,pluvieux
2022-02-01 23:55:02,Hôpital de District Bonassama,A+,21,6,18,33,4.1,5,100.0,normale,"État satisfaisant, contrôle qualité OK",1,23,2,False,False,normal,ensoleillé
2022-02-02 13:11:00,Hôpital de District Bonassama,A+,23,9,0,14,4.0,6,100.0,faible,Hémoglobine dans les normes,2,13,2,False,False,normal,pluvieux
2022-02-02 14:48:47,Hôpital de District Bonassama,A+,51,7,0,44,3.2,14,98.8,normale,Urgent: vérifier température stockage,2,14,2,False,False,normal,pluvieux
2022-02-03 00:34:23,Hôpital de District Bonassama,O+,23,5,15,33,3.4,31,98.5,normale,"Bon état général, légère variation température",3,0,2,False,False,normal,nuageux
2022-02-03 12:16:07,Hôpital de District Bonassama,O-,70,6,22,86,4.2,3,79.2,normale,"État satisfaisant, contrôle qualité OK",3,12,2,False,False,accident_route,orageux
2022-02-03 14:49:32,Hôpital de District Bonassama,A+,16,11,0,5,3.8,8,98.3,critique,URGENT: Stock critique - Hémoglobine dans les normes,3,14,2,False,False,normal,ensoleillé
2022-02-04 00:04:02,Hôpital de District Bonassama,O+,36,5,15,46,4.3,33,98.4,normale,"Excellent état, conservation parfaite",4,0,2,False,False,normal,nuageux
2022-02-04 04:55:33,Hôpital de District Bonassama,O+,29,5,0,24,4.3,1,58.0,attention,Attention: proche expiration,4,4,2,False,False,normal,pluvieux
2022-02-04 15:43:11,Hôpital de District Bonassama,O+,33,7,0,26,3.5,11,100.0,normale,Attention: proche expiration,4,15,2,False,False,normal,ensoleillé
2022-02-05 07:28:09,Hôpital de District Bonassama,O+,45,7,0,38,4.0,19,100.0,normale,Hémoglobine dans les normes,5,7,2,True,False,normal,nuageux
2022-02-05 08:28:26,Hôpital de District Bonassama,A+,61,4,0,57,3.6,1,60.4,attention,Parfait pour transfusion immédiate,5,8,2,True,False,normal,pluvieux
2022-02-05 09:47:41,Hôpital de District Bonassama,A+,55,5,16,66,4.4,24,100.0,normale,Parfait pour transfusion immédiate,5,9,2,True,False,normal,ensoleillé
2022-02-05 15:26:04,Hôpital de District Bonassama,B+,51,3,19,67,4.1,46,100.0,normale,Contrôle bactériologique négatif,5,15,2,True,False,normal,nuageux
2022-02-05 20:06:27,Hôpital de District Bonassama,O+,27,7,0,20,4.3,1,55.9,attention,"Excellent état, conservation parfaite",5,20,2,True,False,normal,pluvieux
2022-02-06 03:58:40,Hôpital de District Bonassama,B+,19,8,18,29,4.6,14,100.0,normale,"Excellent état, conservation parfaite",6,3,2,True,False,normal,orageux
2022-02-07 14:24:50,Hôpital de District Bonassama,A+,36,4,0,32,4.3,26,98.3,normale,Attention: proche expiration,0,14,2,False,False,normal,nuageux
2022-02-07 16:22:25,Hôpital de District Bonassama,A+,27,2,0,25,3.7,19,100.0,normale,Hémoglobine dans les normes,0,16,2,False,False,normal,ensoleillé
2022-02-08 02:00:39,Hôpital de District Bonassama,A+,38,3,0,35,3.1,1,60.6,attention,Urgent: vérifier température stockage,1,2,2,False,False,normal,pluvieux
2022-02-09 06:08:29,Hôpital de District Bonassama,O+,48,9,0,39,4.6,25,100.0,normale,"État satisfaisant, contrôle qualité OK",2,6,2,False,False,normal,ensoleillé
2022-02-09 06:29:35,Hôpital de District Bonassama,O-,62,6,14,70,4.4,4,90.8,normale,"État satisfaisant, contrôle qualité OK",2,6,2,False,False,normal,nuageux
2022-02-10 02:06:47,Hôpital de District Bonassama,A+,23,12,16,27,4.1,6,97.2,normale,"État satisfaisant, contrôle qualité OK",3,2,2,False,False,normal,ensoleillé
2022-02-11 05:34:50,Hôpital de District Bonassama,O-,29,5,0,24,4.5,12,100.0,normale,"Excellent état, conservation parfaite",4,5,2,False,False,normal,ensoleillé
2022-02-11 15:23:10,Hôpital de District Bonassama,O+,72,9,0,63,3.7,8,100.0,normale,Hémoglobine dans les normes,4,15,2,False,False,normal,ensoleillé
2022-02-11 23:47:17,Hôpital de District Bonassama,O+,28,5,0,23,4.8,22,100.0,normale,Hémoglobine dans les normes,4,23,2,False,False,normal,ensoleillé
2022-02-12 03:37:48,Hôpital de District Bonassama,A+,20,1,0,19,4.2,8,100.0,faible,Hémoglobine dans les normes,5,3,2,True,False,normal,ensoleillé
2022-02-12 17:54:04,Hôpital de District Bonassama,O+,25,5,18,38,4.1,40,97.3,normale,"Bon état général, légère variation température",5,17,2,True,False,normal,pluvieux
2022-02-12 18:27:58,Hôpital de District Bonassama,O+,37,3,0,34,3.7,31,100.0,normale,Attention: proche expiration,5,18,2,True,False,normal,nuageux
2022-02-13 07:00:55,Hôpital de District Bonassama,AB+,32,7,0,25,3.9,41,100.0,normale,"État satisfaisant, contrôle qualité OK",6,7,2,True,False,normal,ensoleillé
2022-02-13 10:28:29,Hôpital de District Bonassama,A-,24,3,18,39,4.5,2,84.1,normale,Urgent: vérifier température stockage,6,10,2,True,False,normal,ensoleillé
2022-02-13 12:55:50,Hôpital de District Bonassama,B-,32,5,0,27,4.1,8,99.8,normale,Hémoglobine dans les normes,6,12,2,True,False,normal,ensoleillé
2022-02-13 14:08:17,Hôpital de District Bonassama,B+,10,4,0,6,3.6,11,99.8,critique,URGENT: Stock critique - Contrôle bactériologique négatif,6,14,2,True,False,normal,nuageux
2022-02-14 04:30:26,Hôpital de District Bonassama,A+,20,7,0,13,3.9,12,100.0,faible,Attention: proche expiration,0,4,2,False,False,normal,nuageux
2022-02-14 18:15:17,Hôpital de District Bonassama,O+,38,5,0,33,3.1,1,60.2,attention,Attention: proche expiration,0,18,2,False,False,normal,pluvieux
2022-02-16 00:47:02,Hôpital de District Bonassama,O+,21,2,0,19,4.5,65,100.0,faible,Hémoglobine dans les normes,2,0,2,False,False,normal,pluvieux
2022-02-16 01:10:08,Hôpital de District Bonassama,A+,33,12,27,48,4.2,4,92.8,normale,"Bon état général, légère variation température",2,1,2,False,False,normal,pluvieux
2022-02-16 07:44:01,Hôpital de District Bonassama,A+,33,7,0,26,3.7,22,100.0,normale,"Bon état général, légère variation température",2,7,2,False,False,normal,ensoleillé
2022-02-17 16:54:36,Hôpital de District Bonassama,O+,72,9,0,63,3.7,7,90.7,normale,Attention: proche expiration,3,16,2,False,False,normal,ensoleillé
2022-02-18 14:16:22,Hôpital de District Bonassama,A-,46,6,0,40,4.0,8,100.0,normale,Parfait pour transfusion immédiate,4,14,2,False,False,normal,pluvieux
2022-02-18 18:48:36,Hôpital de District Bonassama,A+,44,7,0,37,4.4,10,100.0,normale,"État satisfaisant, contrôle qualité OK",4,18,2,False,False,normal,nuageux
2022-02-19 12:34:15,Hôpital de District Bonassama,A+,28,2,0,26,3.4,1,53.8,attention,Urgent: vérifier température stockage,5,12,2,True,False,normal,ensoleillé
2022-02-19 13:10:35,Hôpital de District Bonassama,O+,31,6,0,25,4.2,14,97.5,normale,Attention: proche expiration,5,13,2,True,False,normal,ensoleillé
2022-02-19 14:00:32,Hôpital de District Bonassama,A+,19,7,0,12,4.6,24,96.9,faible,"Bon état général, légère variation température",5,14,2,True,False,normal,ensoleillé
2022-02-19 14:39:36,Hôpital de District Bonassama,B+,33,6,0,27,4.0,34,100.0,normale,Parfait pour transfusion immédiate,5,14,2,True,False,normal,ensoleillé
2022-02-21 00:24:20,Hôpital de District Bonassama,B+,19,11,0,8,3.3,20,100.0,critique,URGENT: Stock critique - Parfait pour transfusion immédiate,0,0,2,False,False,normal,ensoleillé
2022-02-21 04:41:09,Hôpital de District Bonassama,A+,24,4,12,32,4.3,11,99.0,normale,Urgent: vérifier température stockage,0,4,2,False,False,accident_route,ensoleillé
2022-02-21 07:26:47,Hôpital de District Bonassama,A+,65,11,22,76,4.0,5,100.0,normale,Contrôle bactériologique négatif,0,7,2,False,False,normal,orageux
2022-02-21 09:50:42,Hôpital de District Bonassama,AB+,85,7,29,107,3.7,1,60.3,attention,"Bon état général, légère variation température",0,9,2,False,False,normal,pluvieux
2022-02-22 03:27:20,Hôpital de District Bonassama,A+,17,2,0,15,4.0,1,56.7,faible,"État satisfaisant, contrôle qualité OK",1,3,2,False,False,normal,ensoleillé
2022-02-23 01:53:41,Hôpital de District Bonassama,A+,6,2,0,4,3.1,2,90.2,critique,URGENT: Stock critique - Attention: proche expiration,2,1,2,False,False,normal,nuageux
2022-02-23 13:26:48,Hôpital de District Bonassama,B+,59,7,15,67,3.8,6,99.5,normale,Parfait pour transfusion immédiate,2,13,2,False,False,normal,ensoleillé
2022-02-23 14:36:36,Hôpital de District Bonassama,A+,54,8,0,46,4.4,1,57.0,attention,Contrôle bactériologique négatif,2,14,2,False,False,normal,nuageux
2022-02-23 22:05:47,Hôpital de District Bonassama,O+,38,3,0,35,3.8,1,55.3,attention,"Bon état général, légère variation température",2,22,2,False,False,normal,orageux
2022-02-24 01:09:58,Hôpital de District Bonassama,O+,22,8,0,14,4.3,24,100.0,faible,"Bon état général, légère variation température",3,1,2,False,False,normal,nuageux
2022-02-24 01:36:31,Hôpital de District Bonassama,O+,21,11,0,10,4.1,34,100.0,faible,Parfait pour transfusion immédiate,3,1,2,False,False,normal,orageux
2022-02-24 21:55:02,Hôpital de District Bonassama,A+,46,12,0,34,3.6,28,92.4,normale,Attention: proche expiration,3,21,2,False,False,normal,ensoleillé
2022-02-25 06:53:12,Hôpital de District Bonassama,A+,63,7,27,83,3.8,2,89.1,normale,"Excellent état, conservation parfaite",4,6,2,False,False,normal,nuageux
2022-02-25 22:48:04,Hôpital de District Bonassama,O+,37,7,0,30,3.2,5,98.3,normale,Urgent: vérifier température stockage,4,22,2,False,False,normal,ensoleillé
2022-02-26 05:22:20,Hôpital de District Bonassama,B+,9,4,21,26,4.6,12,99.1,normale,"État satisfaisant, contrôle qualité OK",5,5,2,True,False,normal,ensoleillé
2022-02-26 08:05:13,Hôpital de District Bonassama,O-,24,3,0,21,3.9,5,98.5,normale,Urgent: vérifier température stockage,5,8,2,True,False,normal,ensoleillé
2022-02-26 13:36:59,Hôpital de District Bonassama,O+,39,6,21,54,3.6,5,92.0,normale,Urgent: vérifier température stockage,5,13,2,True,False,normal,nuageux
2022-02-26 15:19:05,Hôpital de District Bonassama,B+,41,7,0,34,3.1,5,95.9,normale,"Excellent état, conservation parfaite",5,15,2,True,False,normal,pluvieux
2022-02-26 16:18:56,Hôpital de District Bonassama,O+,33,8,14,39,3.9,11,100.0,normale,Urgent: vérifier température stockage,5,16,2,True,False,accident_route,nuageux
2022-02-27 02:41:35,Hôpital de District Bonassama,A+,21,5,28,44,3.5,10,98.0,normale,Hémoglobine dans les normes,6,2,2,True,False,urgence_médicale,nuageux
2022-03-01 00:40:37,Hôpital de District Bonassama,O+,36,11,14,39,4.1,19,99.4,normale,Parfait pour transfusion immédiate,1,0,3,False,False,normal,nuageux
2022-03-01 16:48:58,Hôpital de District Bonassama,O-,41,5,19,55,3.9,2,92.1,normale,Hémoglobine dans les normes,1,16,3,False,False,normal,nuageux
2022-03-01 18:24:06,Hôpital de District Bonassama,O+,22,8,0,14,4.1,29,98.3,faible,"État satisfaisant, contrôle qualité OK",1,18,3,False,False,normal,pluvieux
2022-03-02 12:03:24,Hôpital de District Bonassama,O-,17,8,0,9,4.4,11,93.6,critique,"URGENT: Stock critique - État satisfaisant, contrôle qualité OK",2,12,3,False,False,normal,ensoleillé
2022-03-02 12:52:59,Hôpital de District Bonassama,O+,47,9,0,38,4.0,11,97.0,normale,"État satisfaisant, contrôle qualité OK",2,12,3,False,False,normal,ensoleillé
2022-03-02 15:33:08,Hôpital de District Bonassama,A+,55,10,0,45,5.0,28,89.1,normale,Contrôle bactériologique négatif,2,15,3,False,False,normal,orageux
2022-03-02 21:59:53,Hôpital de District Bonassama,A+,60,13,19,66,4.3,52,94.5,normale,"Bon état général, légère variation température",2,21,3,False,False,normal,nuageux
2022-03-03 06:03:18,Hôpital de District Bonassama,O+,65,6,20,79,5.0,1,59.8,attention,"Excellent état, conservation parfaite",3,6,3,False,False,normal,pluvieux
2022-03-04 09:11:09,Hôpital de District Bonassama,O+,45,14,22,53,4.6,10,100.0,normale,Parfait pour transfusion immédiate,4,9,3,False,False,normal,ensoleillé
2022-03-04 11:32:41,Hôpital de District Bonassama,A-,62,3,0,59,4.4,6,100.0,normale,Attention: proche expiration,4,11,3,False,False,urgence_médicale,pluvieux
2022-03-04 11:49:23,Hôpital de District Bonassama,O+,64,8,0,56,4.9,12,100.0,normale,Parfait pour transfusion immédiate,4,11,3,False,False,normal,ensoleillé
2022-03-04 14:48:29,Hôpital de District Bonassama,O+,33,4,0,29,3.8,13,100.0,normale,"Bon état général, légère variation température",4,14,3,False,False,normal,nuageux
2022-03-04 21:11:09,Hôpital de District Bonassama,A+,47,10,28,65,4.2,2,86.2,normale,Hémoglobine dans les normes,4,21,3,False,False,normal,ensoleillé
2022-03-05 14:10:23,Hôpital de District Bonassama,A-,44,8,0,36,3.3,7,100.0,normale,Contrôle bactériologique négatif,5,14,3,True,False,normal,ensoleillé
2022-03-05 17:17:57,Hôpital de District Bonassama,O+,30,6,0,24,3.3,10,98.1,normale,"Bon état général, légère variation température",5,17,3,True,False,normal,ensoleillé
2022-03-06 00:33:56,Hôpital de District Bonassama,A+,24,5,21,40,3.5,1,59.9,attention,"État satisfaisant, contrôle qualité OK",6,0,3,True,False,normal,pluvieux
2022-03-06 05:22:51,Hôpital de District Bonassama,A+,14,6,0,8,3.2,7,95.4,critique,"URGENT: Stock critique - État satisfaisant, contrôle qualité OK",6,5,3,True,False,normal,ensoleillé
2022-03-06 15:54:53,Hôpital de District Bonassama,O+,17,5,26,38,3.6,24,95.6,normale,Contrôle bactériologique négatif,6,15,3,True,False,normal,pluvieux
2022-03-07 18:14:27,Hôpital de District Bonassama,A+,63,7,0,56,4.2,17,97.2,normale,Hémoglobine dans les normes,0,18,3,False,False,normal,nuageux
2022-03-08 02:52:46,Hôpital de District Bonassama,O+,24,12,0,12,3.5,4,93.6,faible,Hémoglobine dans les normes,1,2,3,False,False,normal,orageux
2022-03-08 14:28:04,Hôpital de District Bonassama,B+,64,3,0,61,3.5,19,96.1,normale,Parfait pour transfusion immédiate,1,14,3,False,False,normal,nuageux
2022-03-08 21:23:07,Hôpital de District Bonassama,A+,47,6,0,41,3.8,21,98.3,normale,"Excellent état, conservation parfaite",1,21,3,False,False,normal,orageux
2022-03-09 07:30:48,Hôpital de District Bonassama,O+,58,5,0,53,4.7,17,92.1,normale,"Excellent état, conservation parfaite",2,7,3,False,False,normal,ensoleillé
2022-03-09 07:58:55,Hôpital de District Bonassama,A-,58,15,0,43,4.0,8,100.0,normale,"Bon état général, légère variation température",2,7,3,False,False,normal,ensoleillé
2022-03-10 08:49:27,Hôpital de District Bonassama,O+,72,9,0,63,4.1,4,79.3,normale,Contrôle bactériologique négatif,3,8,3,False,False,normal,ensoleillé
2022-03-10 09:33:12,Hôpital de District Bonassama,A+,59,13,0,46,4.3,1,65.4,attention,Parfait pour transfusion immédiate,3,9,3,False,False,normal,pluvieux
2022-03-10 10:51:36,Hôpital de District Bonassama,O+,59,7,14,66,4.2,6,99.4,normale,Contrôle bactériologique négatif,3,10,3,False,False,normal,ensoleillé
2022-03-11 09:15:07,Hôpital de District Bonassama,O+,50,6,24,68,3.6,32,98.0,normale,"Bon état général, légère variation température",4,9,3,False,False,normal,nuageux
2022-03-11 22:38:12,Hôpital de District Bonassama,A-,27,5,17,39,4.1,2,82.5,normale,Attention: proche expiration,4,22,3,False,False,normal,ensoleillé
2022-03-11 23:16:04,Hôpital de District Bonassama,B+,33,7,0,26,4.0,16,100.0,normale,Urgent: vérifier température stockage,4,23,3,False,False,normal,pluvieux
2022-03-12 02:31:10,Hôpital de District Bonassama,A+,8,4,0,4,4.3,9,100.0,critique,URGENT: Stock critique - Attention: proche expiration,5,2,3,True,False,normal,pluvieux
2022-03-12 04:47:34,Hôpital de District Bonassama,B+,15,5,0,10,5.5,12,99.4,faible,Hémoglobine dans les normes,5,4,3,True,False,normal,ensoleillé
2022-03-12 15:16:30,Hôpital de District Bonassama,B+,35,4,20,51,4.1,3,80.8,normale,Attention: proche expiration,5,15,3,True,False,urgence_médicale,pluvieux
2022-03-13 05:39:53,Hôpital de District Bonassama,A+,18,5,0,13,3.6,1,69.7,faible,"Bon état général, légère variation température",6,5,3,True,False,normal,pluvieux
2022-03-13 09:54:35,Hôpital de District Bonassama,O+,41,5,0,36,4.2,1,55.8,attention,Parfait pour transfusion immédiate,6,9,3,True,False,normal,ensoleillé
2022-03-13 10:13:05,Hôpital de District Bonassama,O+,46,7,0,39,3.5,1,65.6,attention,"État satisfaisant, contrôle qualité OK",6,10,3,True,False,normal,ensoleillé
2022-03-13 10:36:21,Hôpital de District Bonassama,A+,32,5,14,41,3.6,43,100.0,normale,Attention: proche expiration,6,10,3,True,False,normal,ensoleillé
2022-03-13 19:39:13,Hôpital de District Bonassama,O+,44,9,16,51,5.1,26,86.4,normale,Parfait pour transfusion immédiate,6,19,3,True,False,normal,ensoleillé
2022-03-14 04:04:58,Hôpital de District Bonassama,B+,32,7,0,25,3.9,29,100.0,normale,Attention: proche expiration,0,4,3,False,False,normal,ensoleillé
2022-03-14 06:38:24,Hôpital de District Bonassama,O+,26,9,12,29,3.0,19,100.0,normale,"Excellent état, conservation parfaite",0,6,3,False,False,normal,nuageux
2022-03-14 09:56:06,Hôpital de District Bonassama,B+,41,8,0,33,4.2,3,88.5,normale,"Bon état général, légère variation température",0,9,3,False,False,normal,nuageux
2022-03-14 12:51:48,Hôpital de District Bonassama,B-,25,7,0,18,3.7,2,85.0,faible,Parfait pour transfusion immédiate,0,12,3,False,False,normal,nuageux
2022-03-14 14:05:22,Hôpital de District Bonassama,O+,61,10,0,51,3.7,9,94.5,normale,Hémoglobine dans les normes,0,14,3,False,False,normal,nuageux
2022-03-14 18:36:21,Hôpital de District Bonassama,A+,32,13,0,19,4.0,18,96.1,faible,"Bon état général, légère variation température",0,18,3,False,False,normal,orageux
2022-03-15 13:48:25,Hôpital de District Bonassama,O+,46,1,0,45,3.3,3,93.5,normale,"Excellent état, conservation parfaite",1,13,3,False,False,normal,ensoleillé
2022-03-15 20:31:42,Hôpital de District Bonassama,O+,68,9,0,59,4.2,25,99.4,normale,"État satisfaisant, contrôle qualité OK",1,20,3,False,False,normal,pluvieux
2022-03-15 23:07:32,Hôpital de District Bonassama,A+,23,6,0,17,3.7,23,96.5,faible,Contrôle bactériologique négatif,1,23,3,False,False,épidémie,ensoleillé
2022-03-16 02:06:26,Hôpital de District Bonassama,O+,30,7,0,23,4.0,17,95.9,normale,Hémoglobine dans les normes,2,2,3,False,False,normal,ensoleillé
2022-03-16 19:11:50,Hôpital de District Bonassama,O+,71,5,0,66,3.4,11,95.1,normale,"État satisfaisant, contrôle qualité OK",2,19,3,False,False,normal,ensoleillé
2022-03-17 10:26:02,Hôpital de District Bonassama,A+,99,9,24,114,4.7,3,87.0,normale,"Bon état général, légère variation température",3,10,3,False,False,normal,orageux
2022-03-17 11:16:00,Hôpital de District Bonassama,A+,62,4,0,58,4.5,5,98.8,normale,"État satisfaisant, contrôle qualité OK",3,11,3,False,False,campagne_don,ensoleillé
2022-03-17 15:00:08,Hôpital de District Bonassama,A+,67,10,13,70,4.1,4,81.5,normale,"État satisfaisant, contrôle qualité OK",3,15,3,False,False,normal,pluvieux
2022-03-18 04:02:52,Hôpital de District Bonassama,A+,26,4,0,22,3.6,17,100.0,normale,Urgent: vérifier température stockage,4,4,3,False,False,normal,pluvieux
2022-03-18 14:11:26,Hôpital de District Bonassama,B-,44,11,0,33,3.9,6,97.4,normale,"État satisfaisant, contrôle qualité OK",4,14,3,False,False,normal,ensoleillé
2022-03-19 01:50:52,Hôpital de District Bonassama,O+,11,4,0,7,3.7,16,100.0,critique,URGENT: Stock critique - Parfait pour transfusion immédiate,5,1,3,True,False,normal,ensoleillé
2022-03-19 08:44:30,Hôpital de District Bonassama,A+,29,4,0,25,4.1,12,92.3,normale,"Excellent état, conservation parfaite",5,8,3,True,False,normal,nuageux
2022-03-19 08:44:51,Hôpital de District Bonassama,O-,40,3,0,37,4.1,4,91.5,normale,Parfait pour transfusion immédiate,5,8,3,True,False,normal,ensoleillé
2022-03-19 16:58:30,Hôpital de District Bonassama,A+,13,4,21,30,3.8,3,88.1,normale,"Bon état général, légère variation température",5,16,3,True,False,normal,ensoleillé
2022-03-19 21:19:44,Hôpital de District Bonassama,B-,27,7,0,20,3.5,71,95.9,normale,Contrôle bactériologique négatif,5,21,3,True,False,normal,nuageux
2022-03-19 22:55:54,Hôpital de District Bonassama,A+,42,5,0,37,4.3,21,93.9,normale,"Excellent état, conservation parfaite",5,22,3,True,False,normal,ensoleillé
2022-03-20 02:17:34,Hôpital de District Bonassama,A+,15,5,17,27,4.4,15,100.0,normale,"Excellent état, conservation parfaite",6,2,3,True,False,normal,ensoleillé
2022-03-20 10:35:53,Hôpital de District Bonassama,O+,43,7,0,36,4.0,23,92.9,normale,"Bon état général, légère variation température",6,10,3,True,False,normal,nuageux
2022-03-20 10:48:11,Hôpital de District Bonassama,B+,51,6,22,67,4.4,24,95.4,normale,"Excellent état, conservation parfaite",6,10,3,True,False,normal,nuageux
2022-03-20 16:11:28,Hôpital de District Bonassama,A+,49,3,0,46,2.9,12,100.0,normale,"État satisfaisant, contrôle qualité OK",6,16,3,True,False,normal,ensoleillé
2022-03-21 00:47:44,Hôpital de District Bonassama,A+,17,6,18,29,3.5,41,100.0,normale,Hémoglobine dans les normes,0,0,3,False,False,normal,ensoleillé
2022-03-21 03:34:40,Hôpital de District Bonassama,A+,12,6,26,32,4.3,1,71.6,normale,Contrôle bactériologique négatif,0,3,3,False,False,normal,nuageux
2022-03-21 09:20:15,Hôpital de District Bonassama,O+,31,10,0,21,3.6,4,79.1,normale,Urgent: vérifier température stockage,0,9,3,False,False,normal,pluvieux
2022-03-21 11:14:09,Hôpital de District Bonassama,B+,42,16,21,47,4.1,2,82.7,normale,Attention: proche expiration,0,11,3,False,False,urgence_médicale,nuageux
2022-03-21 12:24:49,Hôpital de District Bonassama,A+,48,5,0,43,4.0,26,93.2,normale,Urgent: vérifier température stockage,0,12,3,False,False,normal,nuageux
2022-03-22 03:48:57,Hôpital de District Bonassama,A+,21,5,0,16,3.5,2,84.9,faible,Parfait pour transfusion immédiate,1,3,3,False,False,normal,nuageux
2022-03-22 10:23:08,Hôpital de District Bonassama,A+,28,6,0,22,4.2,26,99.0,normale,"Excellent état, conservation parfaite",1,10,3,False,False,normal,orageux
2022-03-22 17:21:57,Hôpital de District Bonassama,O+,53,8,0,45,3.6,12,98.3,normale,"État satisfaisant, contrôle qualité OK",1,17,3,False,False,normal,pluvieux
2022-03-23 11:44:35,Hôpital de District Bonassama,O-,84,6,0,78,3.8,8,100.0,normale,Contrôle bactériologique négatif,2,11,3,False,False,normal,ensoleillé
2022-03-24 06:56:58,Hôpital de District Bonassama,A+,33,8,19,44,4.0,10,100.0,normale,"État satisfaisant, contrôle qualité OK",3,6,3,False,False,normal,orageux
2022-03-24 10:30:35,Hôpital de District Bonassama,O+,40,8,0,32,3.9,1,66.4,attention,Attention: proche expiration,3,10,3,False,False,normal,nuageux
2022-03-24 11:24:43,Hôpital de District Bonassama,O+,37,7,0,30,4.4,32,100.0,normale,Contrôle bactériologique négatif,3,11,3,False,False,normal,pluvieux
2022-03-24 12:53:56,Hôpital de District Bonassama,B-,51,7,0,44,3.3,10,99.9,normale,Parfait pour transfusion immédiate,3,12,3,False,False,normal,pluvieux
2022-03-24 14:09:26,Hôpital de District Bonassama,O+,45,7,0,38,5.0,11,100.0,normale,Urgent: vérifier température stockage,3,14,3,False,False,normal,ensoleillé
2022-03-24 22:18:00,Hôpital de District Bonassama,O+,25,7,0,18,3.9,11,99.8,faible,Attention: proche expiration,3,22,3,False,False,normal,ensoleillé
2022-03-25 20:33:15,Hôpital de District Bonassama,AB+,42,7,22,57,4.3,18,97.9,normale,Hémoglobine dans les normes,4,20,3,False,False,normal,pluvieux
2022-03-26 03:43:03,Hôpital de District Bonassama,O+,7,8,0,0,3.9,11,100.0,critique,URGENT: Stock critique - Parfait pour transfusion immédiate,5,3,3,True,False,normal,ensoleillé
2022-03-26 05:17:25,Hôpital de District Bonassama,A+,21,3,16,34,4.2,14,100.0,normale,Attention: proche expiration,5,5,3,True,False,normal,ensoleillé
2022-03-26 21:32:28,Hôpital de District Bonassama,O+,33,7,0,26,4.0,13,98.6,normale,Contrôle bactériologique négatif,5,21,3,True,False,normal,ensoleillé
2022-03-26 22:42:35,Hôpital de District Bonassama,O+,47,9,0,38,3.9,13,89.0,normale,"Bon état général, légère variation température",5,22,3,True,False,normal,nuageux
2022-03-27 03:10:39,Hôpital de District Bonassama,O+,23,4,0,19,4.5,2,82.4,faible,Attention: proche expiration,6,3,3,True,False,normal,ensoleillé
2022-03-27 18:34:53,Hôpital de District Bonassama,O+,46,5,17,58,4.1,32,100.0,normale,Contrôle bactériologique négatif,6,18,3,True,False,normal,ensoleillé
2022-03-28 07:13:36,Hôpital de District Bonassama,A+,43,7,0,36,4.1,13,90.1,normale,Attention: proche expiration,0,7,3,False,False,normal,pluvieux
2022-03-28 08:40:23,Hôpital de District Bonassama,O+,66,12,19,73,4.6,3,83.6,normale,Contrôle bactériologique négatif,0,8,3,False,False,normal,nuageux
2022-03-28 18:39:09,Hôpital de District Bonassama,A+,43,8,0,35,3.6,1,63.5,attention,Urgent: vérifier température stockage,0,18,3,False,False,normal,nuageux
2022-03-28 21:28:49,Hôpital de District Bonassama,B+,61,7,0,54,3.9,12,98.8,normale,"Bon état général, légère variation température",0,21,3,False,False,normal,nuageux
2022-03-29 03:43:24,Hôpital de District Bonassama,O+,14,5,16,25,4.6,14,100.0,normale,"État satisfaisant, contrôle qualité OK",1,3,3,False,False,normal,pluvieux
2022-03-29 11:53:16,Hôpital de District Bonassama,A+,69,7,23,85,4.1,4,87.9,normale,Contrôle bactériologique négatif,1,11,3,False,False,normal,ensoleillé
2022-03-29 12:29:27,Hôpital de District Bonassama,O+,55,12,0,43,4.2,18,100.0,normale,"Bon état général, légère variation température",1,12,3,False,False,normal,pluvieux
2022-03-29 21:32:12,Hôpital de District Bonassama,O+,52,7,0,45,3.1,15,100.0,normale,Attention: proche expiration,1,21,3,False,False,normal,pluvieux
2022-03-30 09:42:43,Hôpital de District Bonassama,O+,50,8,0,42,4.9,69,100.0,normale,"Excellent état, conservation parfaite",2,9,3,False,False,normal,pluvieux
2022-03-30 12:16:28,Hôpital de District Bonassama,O+,43,3,0,40,3.6,8,100.0,normale,Hémoglobine dans les normes,2,12,3,False,False,normal,nuageux
2022-03-30 14:44:18,Hôpital de District Bonassama,O+,58,8,0,50,3.9,45,100.0,normale,Parfait pour transfusion immédiate,2,14,3,False,False,normal,ensoleillé
2022-03-30 16:27:48,Hôpital de District Bonassama,O+,75,6,27,96,3.7,1,57.7,attention,Hémoglobine dans les normes,2,16,3,False,False,normal,ensoleillé
2022-03-30 21:53:58,Hôpital de District Bonassama,O+,38,9,21,50,4.1,7,98.7,normale,Parfait pour transfusion immédiate,2,21,3,False,False,normal,nuageux
2022-03-30 23:23:57,Hôpital de District Bonassama,O-,22,7,26,41,4.6,2,87.1,normale,Hémoglobine dans les normes,2,23,3,False,False,normal,pluvieux
2022-03-31 05:37:02,Hôpital de District Bonassama,O+,13,7,16,22,4.3,17,100.0,normale,Parfait pour transfusion immédiate,3,5,3,False,False,normal,orageux
2022-03-31 15:44:46,Hôpital de District Bonassama,O-,69,7,0,62,3.1,39,100.0,normale,Parfait pour transfusion immédiate,3,15,3,False,False,normal,nuageux
2022-04-01 00:56:06,Hôpital de District Bonassama,O+,16,8,19,27,4.7,9,97.3,normale,Urgent: vérifier température stockage,4,0,4,False,False,normal,nuageux
2022-04-01 03:41:21,Hôpital de District Bonassama,O+,14,12,14,16,4.2,1,64.2,faible,"Bon état général, légère variation température",4,3,4,False,False,normal,orageux
2022-04-01 04:38:33,Hôpital de District Bonassama,A+,25,5,0,20,3.8,27,100.0,normale,Attention: proche expiration,4,4,4,False,False,normal,ensoleillé
2022-04-01 18:43:42,Hôpital de District Bonassama,A+,37,7,0,30,4.5,2,81.4,normale,"Bon état général, légère variation température",4,18,4,False,False,normal,nuageux
2022-04-02 19:32:26,Hôpital de District Bonassama,A+,34,7,0,27,4.9,7,100.0,normale,Urgent: vérifier température stockage,5,19,4,True,False,normal,pluvieux
2022-04-02 21:22:45,Hôpital de District Bonassama,B+,44,8,22,58,3.5,8,94.1,normale,Contrôle bactériologique négatif,5,21,4,True,False,normal,pluvieux
2022-04-02 21:50:06,Hôpital de District Bonassama,A+,35,3,0,32,4.2,3,88.3,normale,Parfait pour transfusion immédiate,5,21,4,True,False,normal,ensoleillé
2022-04-03 08:52:14,Hôpital de District Bonassama,O-,38,4,0,34,3.8,10,96.8,normale,Urgent: vérifier température stockage,6,8,4,True,False,normal,pluvieux
2022-04-03 18:34:44,Hôpital de District Bonassama,O-,17,3,22,36,5.0,29,94.8,normale,Contrôle bactériologique négatif,6,18,4,True,False,normal,nuageux
2022-04-04 02:41:49,Hôpital de District Bonassama,O+,27,9,16,34,4.0,4,83.0,normale,"État satisfaisant, contrôle qualité OK",0,2,4,False,False,normal,nuageux
2022-04-04 02:50:54,Hôpital de District Bonassama,O+,19,8,0,11,3.8,3,79.5,faible,"Bon état général, légère variation température",0,2,4,False,False,normal,orageux
2022-04-04 03:21:02,Hôpital de District Bonassama,O+,18,7,0,11,3.6,2,84.8,faible,Attention: proche expiration,0,3,4,False,False,normal,ensoleillé
2022-04-05 07:32:46,Hôpital de District Bonassama,A+,56,12,0,44,3.7,3,85.7,normale,Urgent: vérifier température stockage,1,7,4,False,False,normal,pluvieux
2022-04-05 14:19:57,Hôpital de District Bonassama,A+,55,9,22,68,3.7,28,100.0,normale,"Bon état général, légère variation température",1,14,4,False,False,normal,pluvieux
2022-04-05 15:25:04,Hôpital de District Bonassama,O+,40,2,0,38,4.0,19,99.9,normale,Hémoglobine dans les normes,1,15,4,False,False,normal,pluvieux
2022-04-05 15:53:52,Hôpital de District Bonassama,A+,49,5,24,68,3.6,9,100.0,normale,Contrôle bactériologique négatif,1,15,4,False,False,normal,nuageux
2022-04-05 23:24:19,Hôpital de District Bonassama,B+,22,6,0,16,4.1,8,100.0,faible,Contrôle bactériologique négatif,1,23,4,False,False,normal,nuageux
2022-04-06 06:07:38,Hôpital de District Bonassama,A+,44,8,0,36,3.1,3,90.0,normale,Attention: proche expiration,2,6,4,False,False,accident_route,pluvieux
2022-04-06 07:28:10,Hôpital de District Bonassama,O+,53,8,0,45,3.8,17,85.5,normale,"Excellent état, conservation parfaite",2,7,4,False,False,épidémie,ensoleillé
2022-04-06 08:27:09,Hôpital de District Bonassama,A+,41,7,0,34,4.7,9,99.6,normale,Attention: proche expiration,2,8,4,False,False,normal,ensoleillé
2022-04-06 23:51:39,Hôpital de District Bonassama,O+,37,10,0,27,3.9,68,87.8,normale,"Bon état général, légère variation température",2,23,4,False,False,normal,pluvieux
2022-04-07 00:21:29,Hôpital de District Bonassama,O-,12,7,0,5,4.0,13,100.0,critique,"URGENT: Stock critique - État satisfaisant, contrôle qualité OK",3,0,4,False,False,normal,orageux
2022-04-07 05:09:26,Hôpital de District Bonassama,O+,25,2,0,23,4.4,17,100.0,normale,Parfait pour transfusion immédiate,3,5,4,False,False,normal,ensoleillé
2022-04-07 10:31:51,Hôpital de District Bonassama,A-,66,4,0,62,3.8,3,78.0,normale,Attention: proche expiration,3,10,4,False,False,normal,pluvieux
2022-04-07 16:22:56,Hôpital de District Bonassama,A+,58,4,25,79,4.2,3,75.0,normale,Attention: proche expiration,3,16,4,False,False,normal,pluvieux
2022-04-08 08:35:05,Hôpital de District Bonassama,A+,71,9,0,62,4.1,8,99.8,normale,"Excellent état, conservation parfaite",4,8,4,False,False,normal,ensoleillé
2022-04-08 12:24:21,Hôpital de District Bonassama,A+,79,6,25,98,3.2,15,100.0,normale,Attention: proche expiration,4,12,4,False,False,normal,ensoleillé
2022-04-09 04:29:06,Hôpital de District Bonassama,A+,11,8,0,3,3.8,68,100.0,critique,"URGENT: Stock critique - Bon état général, légère variation température",5,4,4,True,False,normal,ensoleillé
2022-04-09 22:47:46,Hôpital de District Bonassama,A+,53,1,0,52,3.1,9,100.0,normale,Attention: proche expiration,5,22,4,True,False,normal,nuageux
2022-04-09 23:45:24,Hôpital de District Bonassama,B+,23,4,0,19,5.1,33,94.8,faible,Hémoglobine dans les normes,5,23,4,True,False,normal,nuageux
2022-04-10 23:24:42,Hôpital de District Bonassama,A+,17,3,0,14,4.4,19,95.9,faible,Attention: proche expiration,6,23,4,True,False,normal,nuageux
2022-04-11 19:06:39,Hôpital de District Bonassama,A+,46,7,0,39,4.1,27,97.7,normale,Attention: proche expiration,0,19,4,False,False,normal,pluvieux
2022-04-11 21:38:48,Hôpital de District Bonassama,O+,82,10,29,101,4.7,14,95.6,normale,Hémoglobine dans les normes,0,21,4,False,False,normal,pluvieux
2022-04-12 00:45:18,Hôpital de District Bonassama,A+,28,6,0,22,3.9,45,100.0,normale,Attention: proche expiration,1,0,4,False,False,normal,ensoleillé
2022-04-12 01:31:40,Hôpital de District Bonassama,O+,40,7,19,52,4.1,1,58.3,attention,Contrôle bactériologique négatif,1,1,4,False,False,normal,nuageux
2022-04-12 10:27:11,Hôpital de District Bonassama,A+,60,6,0,54,3.3,2,96.3,normale,"État satisfaisant, contrôle qualité OK",1,10,4,False,False,normal,orageux
2022-04-12 12:34:44,Hôpital de District Bonassama,O+,19,9,0,10,4.3,14,97.1,faible,Urgent: vérifier température stockage,1,12,4,False,False,normal,ensoleillé
2022-04-12 18:15:48,Hôpital de District Bonassama,O+,30,8,13,35,4.7,25,100.0,normale,"Excellent état, conservation parfaite",1,18,4,False,False,normal,pluvieux
2022-04-12 21:51:10,Hôpital de District Bonassama,B+,37,1,0,36,5.1,24,100.0,normale,"Bon état général, légère variation température",1,21,4,False,False,normal,ensoleillé
2022-04-13 01:41:37,Hôpital de District Bonassama,AB+,27,7,0,20,3.9,28,95.8,normale,Parfait pour transfusion immédiate,2,1,4,False,False,normal,pluvieux
2022-04-13 11:37:14,Hôpital de District Bonassama,O+,58,13,0,45,3.7,4,82.4,normale,Parfait pour transfusion immédiate,2,11,4,False,False,normal,pluvieux
2022-04-13 18:30:48,Hôpital de District Bonassama,A+,31,6,0,25,3.5,1,57.7,attention,"Excellent état, conservation parfaite",2,18,4,False,False,accident_route,ensoleillé
2022-04-14 01:42:12,Hôpital de District Bonassama,A+,25,8,21,38,3.6,1,64.4,attention,Urgent: vérifier température stockage,3,1,4,False,False,normal,nuageux
2022-04-14 02:01:37,Hôpital de District Bonassama,AB-,22,6,0,16,3.9,3,82.2,faible,Parfait pour transfusion immédiate,3,2,4,False,False,normal,pluvieux
2022-04-14 22:00:56,Hôpital de District Bonassama,A+,54,4,20,70,3.0,5,96.5,normale,Parfait pour transfusion immédiate,3,22,4,False,False,normal,pluvieux
2022-04-15 09:07:39,Hôpital de District Bonassama,B-,34,4,31,61,4.1,29,90.2,normale,Urgent: vérifier température stockage,4,9,4,False,False,normal,ensoleillé
2022-04-15 12:06:55,Hôpital de District Bonassama,O+,59,6,0,53,3.5,7,95.7,normale,"État satisfaisant, contrôle qualité OK",4,12,4,False,False,normal,pluvieux
2022-04-15 13:16:55,Hôpital de District Bonassama,A-,27,4,22,45,4.2,9,100.0,normale,Hémoglobine dans les normes,4,13,4,False,False,normal,nuageux
2022-04-15 13:47:49,Hôpital de District Bonassama,O+,38,14,21,45,4.0,21,100.0,normale,Parfait pour transfusion immédiate,4,13,4,False,False,normal,nuageux
2022-04-16 02:17:57,Hôpital de District Bonassama,A+,4,6,31,31,4.3,8,100.0,normale,Urgent: vérifier température stockage,5,2,4,True,False,normal,ensoleillé
2022-04-16 05:51:16,Hôpital de District Bonassama,B+,14,3,0,11,4.4,13,100.0,faible,"Excellent état, conservation parfaite",5,5,4,True,False,normal,nuageux
2022-04-16 07:33:37,Hôpital de District Bonassama,AB+,30,6,0,24,3.4,13,99.0,normale,Parfait pour transfusion immédiate,5,7,4,True,False,normal,ensoleillé
2022-04-16 08:57:40,Hôpital de District Bonassama,O+,36,5,0,31,4.0,17,100.0,normale,"Bon état général, légère variation température",5,8,4,True,False,normal,pluvieux
2022-04-16 17:18:31,Hôpital de District Bonassama,O+,37,6,0,31,4.2,1,51.2,attention,Parfait pour transfusion immédiate,5,17,4,True,False,normal,ensoleillé
2022-04-16 22:45:58,Hôpital de District Bonassama,A-,49,5,0,44,4.3,7,97.0,normale,Contrôle bactériologique négatif,5,22,4,True,False,normal,ensoleillé
2022-04-16 23:38:36,Hôpital de District Bonassama,B+,9,4,0,5,4.3,28,99.7,critique,URGENT: Stock critique - Attention: proche expiration,5,23,4,True,False,normal,pluvieux
2022-04-17 02:51:23,Hôpital de District Bonassama,B+,24,1,0,23,3.9,10,92.9,normale,"État satisfaisant, contrôle qualité OK",6,2,4,True,False,normal,pluvieux
2022-04-17 08:55:21,Hôpital de District Bonassama,A+,34,4,17,47,3.5,7,100.0,normale,Attention: proche expiration,6,8,4,True,False,normal,orageux
2022-04-17 18:34:16,Hôpital de District Bonassama,B+,26,7,0,19,3.7,3,87.6,faible,"Excellent état, conservation parfaite",6,18,4,True,False,normal,pluvieux
2022-04-18 02:01:57,Hôpital de District Bonassama,O+,18,7,0,11,4.7,3,87.6,faible,Parfait pour transfusion immédiate,0,2,4,False,False,normal,orageux
2022-04-18 07:51:43,Hôpital de District Bonassama,O+,62,8,0,54,4.7,2,84.4,normale,Contrôle bactériologique négatif,0,7,4,False,False,normal,pluvieux
2022-04-19 09:10:31,Hôpital de District Bonassama,B+,42,7,0,35,3.7,37,96.3,normale,Urgent: vérifier température stockage,1,9,4,False,False,normal,ensoleillé
2022-04-19 10:53:52,Hôpital de District Bonassama,O+,30,5,0,25,4.4,1,60.6,attention,"Excellent état, conservation parfaite",1,10,4,False,False,normal,pluvieux
2022-04-19 21:11:14,Hôpital de District Bonassama,B-,44,11,0,33,4.0,9,100.0,normale,Urgent: vérifier température stockage,1,21,4,False,False,normal,ensoleillé
2022-04-20 10:08:58,Hôpital de District Bonassama,A-,50,7,0,43,4.7,6,93.6,normale,"État satisfaisant, contrôle qualité OK",2,10,4,False,False,normal,nuageux
2022-04-20 16:50:41,Hôpital de District Bonassama,O+,63,11,0,52,4.2,4,81.0,normale,"Excellent état, conservation parfaite",2,16,4,False,False,normal,pluvieux
2022-04-21 08:58:43,Hôpital de District Bonassama,O+,49,8,0,41,5.3,11,100.0,normale,Parfait pour transfusion immédiate,3,8,4,False,False,normal,orageux
2022-04-21 20:20:49,Hôpital de District Bonassama,O+,41,13,23,51,4.2,4,87.4,normale,Parfait pour transfusion immédiate,3,20,4,False,False,normal,ensoleillé
2022-04-22 03:54:27,Hôpital de District Bonassama,O+,25,7,0,18,4.1,32,100.0,faible,Hémoglobine dans les normes,4,3,4,False,False,normal,pluvieux
2022-04-22 14:10:42,Hôpital de District Bonassama,O-,24,10,0,14,4.1,27,98.6,faible,"Bon état général, légère variation température",4,14,4,False,False,normal,ensoleillé
2022-04-23 21:05:10,Hôpital de District Bonassama,O+,48,0,20,68,4.2,4,79.7,normale,"Bon état général, légère variation température",5,21,4,True,False,normal,ensoleillé
2022-04-24 10:33:23,Hôpital de District Bonassama,A+,48,4,0,44,4.5,6,99.9,normale,"Excellent état, conservation parfaite",6,10,4,True,False,normal,ensoleillé
2022-04-24 11:16:28,Hôpital de District Bonassama,A-,34,7,0,27,3.0,4,86.0,normale,Hémoglobine dans les normes,6,11,4,True,False,normal,pluvieux
2022-04-24 18:30:46,Hôpital de District Bonassama,A+,56,7,0,49,4.0,31,87.7,normale,"Bon état général, légère variation température",6,18,4,True,False,normal,orageux
2022-04-25 05:50:04,Hôpital de District Bonassama,O-,33,6,0,27,4.3,16,97.4,normale,Parfait pour transfusion immédiate,0,5,4,False,False,normal,pluvieux
2022-04-25 18:08:31,Hôpital de District Bonassama,A+,60,7,0,53,3.7,59,89.5,normale,"Excellent état, conservation parfaite",0,18,4,False,False,normal,pluvieux
2022-04-25 22:03:47,Hôpital de District Bonassama,O-,23,9,0,14,4.3,52,100.0,faible,Parfait pour transfusion immédiate,0,22,4,False,False,normal,nuageux
2022-04-26 04:57:21,Hôpital de District Bonassama,A+,15,6,21,30,3.7,67,100.0,normale,Attention: proche expiration,1,4,4,False,False,normal,ensoleillé
2022-04-26 21:37:04,Hôpital de District Bonassama,O+,36,10,0,26,4.7,9,96.8,normale,"Bon état général, légère variation température",1,21,4,False,False,normal,pluvieux
2022-04-27 03:46:40,Hôpital de District Bonassama,B-,33,7,0,26,4.0,18,100.0,normale,Contrôle bactériologique négatif,2,3,4,False,False,normal,ensoleillé
2022-04-27 10:53:04,Hôpital de District Bonassama,B+,40,9,0,31,3.4,8,100.0,normale,Urgent: vérifier température stockage,2,10,4,False,False,normal,orageux
2022-04-27 13:46:51,Hôpital de District Bonassama,O-,58,4,20,74,3.7,7,98.9,normale,Urgent: vérifier température stockage,2,13,4,False,False,normal,orageux
2022-04-28 02:05:21,Hôpital de District Bonassama,A+,17,5,0,12,4.3,59,100.0,faible,Hémoglobine dans les normes,3,2,4,False,False,normal,pluvieux
2022-04-28 07:23:48,Hôpital de District Bonassama,O+,53,7,0,46,3.5,5,100.0,normale,Hémoglobine dans les normes,3,7,4,False,False,normal,ensoleillé
2022-04-28 14:52:59,Hôpital de District Bonassama,B+,69,6,24,87,4.6,1,60.6,attention,Parfait pour transfusion immédiate,3,14,4,False,False,normal,ensoleillé
2022-04-29 04:16:07,Hôpital de District Bonassama,O+,28,6,22,44,4.1,9,100.0,normale,Attention: proche expiration,4,4,4,False,False,normal,ensoleillé
2022-04-29 08:50:52,Hôpital de District Bonassama,A+,25,11,0,14,3.7,9,100.0,faible,"Excellent état, conservation parfaite",4,8,4,False,False,normal,ensoleillé
2022-04-29 09:09:16,Hôpital de District Bonassama,B+,30,12,0,18,4.8,20,88.3,faible,Contrôle bactériologique négatif,4,9,4,False,False,normal,pluvieux
2022-04-29 13:23:44,Hôpital de District Bonassama,O+,54,9,0,45,4.3,17,100.0,normale,Attention: proche expiration,4,13,4,False,False,normal,orageux
2022-04-29 15:13:03,Hôpital de District Bonassama,O-,26,7,18,37,4.1,40,96.4,normale,Attention: proche expiration,4,15,4,False,False,normal,nuageux
2022-04-29 19:57:42,Hôpital de District Bonassama,A-,57,12,0,45,3.9,5,100.0,normale,Hémoglobine dans les normes,4,19,4,False,False,normal,pluvieux
2022-04-29 20:24:54,Hôpital de District Bonassama,O+,48,7,19,60,4.7,10,100.0,normale,"État satisfaisant, contrôle qualité OK",4,20,4,False,False,normal,ensoleillé
2022-04-30 10:11:35,Hôpital de District Bonassama,B+,30,1,0,29,3.7,6,90.9,normale,Hémoglobine dans les normes,5,10,4,True,False,normal,ensoleillé
2022-04-30 14:13:47,Hôpital de District Bonassama,O+,21,5,0,16,3.8,5,100.0,faible,Hémoglobine dans les normes,5,14,4,True,False,normal,pluvieux
2022-04-30 15:12:53,Hôpital de District Bonassama,O+,43,6,0,37,4.7,27,100.0,normale,Urgent: vérifier température stockage,5,15,4,True,False,normal,ensoleillé
2022-04-30 16:13:04,Hôpital de District Bonassama,A+,40,8,0,32,4.0,1,56.1,attention,"Excellent état, conservation parfaite",5,16,4,True,False,normal,pluvieux
2022-05-01 01:06:44,Hôpital de District Bonassama,A+,17,2,0,15,3.6,9,97.7,faible,"État satisfaisant, contrôle qualité OK",6,1,5,True,False,normal,pluvieux
2022-05-01 16:36:37,Hôpital de District Bonassama,A+,29,6,14,37,4.4,4,81.4,normale,"Excellent état, conservation parfaite",6,16,5,True,False,normal,ensoleillé
2022-05-01 18:20:52,Hôpital de District Bonassama,O+,36,4,0,32,3.5,25,100.0,normale,Attention: proche expiration,6,18,5,True,False,normal,ensoleillé
2022-05-02 03:58:05,Hôpital de District Bonassama,O+,31,12,20,39,3.9,1,55.2,attention,Hémoglobine dans les normes,0,3,5,False,False,normal,ensoleillé
2022-05-03 06:45:31,Hôpital de District Bonassama,A-,67,10,0,57,4.2,12,100.0,normale,Urgent: vérifier température stockage,1,6,5,False,False,normal,orageux
2022-05-03 18:49:59,Hôpital de District Bonassama,A+,61,7,0,54,4.0,1,58.2,attention,"Bon état général, légère variation température",1,18,5,False,False,normal,pluvieux
2022-05-03 20:37:22,Hôpital de District Bonassama,A+,26,8,0,18,4.0,22,100.0,faible,Parfait pour transfusion immédiate,1,20,5,False,False,normal,nuageux
2022-05-04 00:22:58,Hôpital de District Bonassama,O-,22,5,0,17,3.6,24,97.7,faible,"Excellent état, conservation parfaite",2,0,5,False,False,urgence_médicale,ensoleillé
2022-05-04 18:21:28,Hôpital de District Bonassama,A+,48,11,0,37,4.2,8,98.4,normale,Urgent: vérifier température stockage,2,18,5,False,False,normal,ensoleillé
2022-05-05 01:20:14,Hôpital de District Bonassama,O+,32,7,0,25,4.0,7,100.0,normale,"Bon état général, légère variation température",3,1,5,False,False,normal,orageux
2022-05-05 20:22:25,Hôpital de District Bonassama,O+,62,13,20,69,4.1,21,97.3,normale,Contrôle bactériologique négatif,3,20,5,False,False,normal,pluvieux
2022-05-05 23:55:52,Hôpital de District Bonassama,A+,22,8,0,14,4.5,12,95.0,faible,"État satisfaisant, contrôle qualité OK",3,23,5,False,False,normal,pluvieux
2022-05-06 00:03:11,Hôpital de District Bonassama,A+,24,10,0,14,4.0,13,100.0,faible,Hémoglobine dans les normes,4,0,5,False,False,normal,pluvieux
2022-05-07 04:17:31,Hôpital de District Bonassama,O+,17,5,18,30,3.8,1,52.1,attention,"État satisfaisant, contrôle qualité OK",5,4,5,True,False,normal,nuageux
2022-05-07 07:02:20,Hôpital de District Bonassama,B+,36,6,0,30,3.8,9,100.0,normale,Contrôle bactériologique négatif,5,7,5,True,False,normal,ensoleillé
2022-05-08 06:03:41,Hôpital de District Bonassama,A+,31,4,26,53,4.4,8,100.0,normale,"Bon état général, légère variation température",6,6,5,True,False,normal,ensoleillé
2022-05-08 16:10:18,Hôpital de District Bonassama,O+,51,4,0,47,5.0,10,100.0,normale,"Excellent état, conservation parfaite",6,16,5,True,False,normal,pluvieux
2022-05-08 21:25:49,Hôpital de District Bonassama,O-,24,3,23,44,5.0,11,100.0,normale,"Bon état général, légère variation température",6,21,5,True,False,normal,nuageux
2022-05-10 04:46:23,Hôpital de District Bonassama,O+,28,6,0,22,4.6,9,100.0,normale,Contrôle bactériologique négatif,1,4,5,False,False,accident_route,orageux
2022-05-10 04:49:40,Hôpital de District Bonassama,O+,24,1,0,23,3.9,3,86.3,normale,Hémoglobine dans les normes,1,4,5,False,False,normal,ensoleillé
2022-05-10 13:33:03,Hôpital de District Bonassama,AB+,61,5,0,56,4.6,33,100.0,normale,Parfait pour transfusion immédiate,1,13,5,False,False,normal,orageux
2022-05-10 14:35:55,Hôpital de District Bonassama,O+,55,13,0,42,4.8,35,93.9,normale,Attention: proche expiration,1,14,5,False,False,normal,nuageux
2022-05-10 14:53:40,Hôpital de District Bonassama,B+,35,3,0,32,3.6,10,99.4,normale,"Excellent état, conservation parfaite",1,14,5,False,False,normal,ensoleillé
2022-05-10 15:26:11,Hôpital de District Bonassama,B-,23,11,0,12,4.5,46,100.0,faible,Urgent: vérifier température stockage,1,15,5,False,False,normal,ensoleillé
2022-05-10 20:10:38,Hôpital de District Bonassama,O+,50,5,0,45,3.7,11,100.0,normale,Attention: proche expiration,1,20,5,False,False,normal,nuageux
2022-05-10 20:58:18,Hôpital de District Bonassama,A+,50,4,0,46,4.1,1,56.2,attention,"Bon état général, légère variation température",1,20,5,False,False,normal,pluvieux
2022-05-10 22:23:09,Hôpital de District Bonassama,A+,54,8,0,46,4.4,17,100.0,normale,"État satisfaisant, contrôle qualité OK",1,22,5,False,False,normal,ensoleillé
2022-05-10 23:49:23,Hôpital de District Bonassama,O+,21,2,0,19,3.4,8,95.5,faible,Hémoglobine dans les normes,1,23,5,False,False,normal,pluvieux
2022-05-11 00:27:55,Hôpital de District Bonassama,A-,33,9,0,24,3.5,16,96.6,normale,"État satisfaisant, contrôle qualité OK",2,0,5,False,False,normal,ensoleillé
2022-05-11 02:34:42,Hôpital de District Bonassama,O+,25,11,22,36,3.3,4,83.2,normale,Attention: proche expiration,2,2,5,False,False,normal,orageux
2022-05-11 09:38:53,Hôpital de District Bonassama,A-,56,8,16,64,2.5,6,96.5,normale,Parfait pour transfusion immédiate,2,9,5,False,False,normal,pluvieux
2022-05-11 15:38:33,Hôpital de District Bonassama,O+,48,6,0,42,3.3,1,59.5,attention,Hémoglobine dans les normes,2,15,5,False,False,normal,ensoleillé
2022-05-12 15:44:29,Hôpital de District Bonassama,A+,54,15,0,39,3.3,19,100.0,normale,Parfait pour transfusion immédiate,3,15,5,False,False,normal,pluvieux
2022-05-12 20:54:52,Hôpital de District Bonassama,O+,60,8,0,52,4.8,47,100.0,normale,Attention: proche expiration,3,20,5,False,False,campagne_don,pluvieux
2022-05-13 12:21:48,Hôpital de District Bonassama,A+,48,12,0,36,3.4,5,100.0,normale,"État satisfaisant, contrôle qualité OK",4,12,5,False,False,normal,ensoleillé
2022-05-13 23:24:39,Hôpital de District Bonassama,O+,21,3,0,18,3.7,5,100.0,faible,Urgent: vérifier température stockage,4,23,5,False,False,normal,ensoleillé
2022-05-13 23:25:25,Hôpital de District Bonassama,O+,20,14,17,23,3.8,72,93.2,normale,Contrôle bactériologique négatif,4,23,5,False,False,normal,pluvieux
2022-05-16 05:17:29,Hôpital de District Bonassama,A+,25,10,0,15,4.4,14,88.3,faible,"Bon état général, légère variation température",0,5,5,False,False,normal,orageux
2022-05-16 07:22:23,Hôpital de District Bonassama,O+,41,5,0,36,4.0,1,61.2,attention,"État satisfaisant, contrôle qualité OK",0,7,5,False,False,normal,ensoleillé
2022-05-16 13:49:40,Hôpital de District Bonassama,A+,34,7,16,43,4.0,14,96.3,normale,"État satisfaisant, contrôle qualité OK",0,13,5,False,False,normal,ensoleillé
2022-05-16 18:30:53,Hôpital de District Bonassama,O+,54,9,17,62,4.6,40,100.0,normale,Hémoglobine dans les normes,0,18,5,False,False,normal,ensoleillé
2022-05-16 23:31:45,Hôpital de District Bonassama,B+,22,9,21,34,5.1,7,100.0,normale,Attention: proche expiration,0,23,5,False,False,normal,ensoleillé
2022-05-16 23:53:52,Hôpital de District Bonassama,B+,27,1,0,26,4.2,75,100.0,normale,Contrôle bactériologique négatif,0,23,5,False,False,normal,pluvieux
2022-05-17 03:13:16,Hôpital de District Bonassama,O+,32,14,0,18,4.1,13,97.9,faible,Contrôle bactériologique négatif,1,3,5,False,False,normal,pluvieux
2022-05-17 03:17:26,Hôpital de District Bonassama,O+,26,8,0,18,4.0,1,60.8,faible,Urgent: vérifier température stockage,1,3,5,False,False,normal,nuageux
2022-05-17 20:07:17,Hôpital de District Bonassama,O+,41,7,0,34,3.5,23,100.0,normale,Contrôle bactériologique négatif,1,20,5,False,False,normal,orageux
2022-05-18 22:23:59,Hôpital de District Bonassama,O+,60,3,0,57,4.0,14,94.7,normale,Urgent: vérifier température stockage,2,22,5,False,False,normal,nuageux
2022-05-19 18:18:44,Hôpital de District Bonassama,A+,50,7,0,43,3.7,24,93.8,normale,Urgent: vérifier température stockage,3,18,5,False,False,normal,pluvieux
2022-05-19 22:53:54,Hôpital de District Bonassama,B+,63,5,0,58,3.6,6,100.0,normale,Hémoglobine dans les normes,3,22,5,False,False,normal,nuageux
2022-05-20 07:13:15,Hôpital de District Bonassama,O+,36,4,28,60,4.3,70,94.9,normale,"Bon état général, légère variation température",4,7,5,False,False,normal,orageux
2022-05-20 19:27:06,Hôpital de District Bonassama,B+,49,13,0,36,3.0,10,92.6,normale,Contrôle bactériologique négatif,4,19,5,False,False,normal,ensoleillé
2022-05-20 20:08:34,Hôpital de District Bonassama,A-,58,9,26,75,3.9,5,100.0,normale,Hémoglobine dans les normes,4,20,5,False,False,normal,ensoleillé
2022-05-21 03:57:09,Hôpital de District Bonassama,O+,13,3,0,10,3.7,36,100.0,faible,Contrôle bactériologique négatif,5,3,5,True,False,normal,ensoleillé
2022-05-21 11:15:39,Hôpital de District Bonassama,A+,53,5,0,48,4.3,3,88.4,normale,Attention: proche expiration,5,11,5,True,False,normal,orageux
2022-05-22 05:44:26,Hôpital de District Bonassama,A+,15,5,0,10,3.8,9,98.9,faible,"État satisfaisant, contrôle qualité OK",6,5,5,True,False,normal,pluvieux
2022-05-22 23:20:56,Hôpital de District Bonassama,O+,14,2,0,12,5.1,9,100.0,faible,Parfait pour transfusion immédiate,6,23,5,True,False,normal,pluvieux
2022-05-23 00:55:59,Hôpital de District Bonassama,O+,25,12,25,38,3.5,32,95.4,normale,"État satisfaisant, contrôle qualité OK",0,0,5,False,False,normal,ensoleillé
2022-05-23 04:11:49,Hôpital de District Bonassama,A+,14,11,0,3,3.8,2,81.5,critique,URGENT: Stock critique - Parfait pour transfusion immédiate,0,4,5,False,False,normal,ensoleillé
2022-05-23 09:56:56,Hôpital de District Bonassama,O-,16,9,0,7,4.1,1,68.0,critique,"URGENT: Stock critique - État satisfaisant, contrôle qualité OK",0,9,5,False,False,normal,nuageux
2022-05-24 13:40:01,Hôpital de District Bonassama,AB-,63,7,0,56,4.7,7,95.9,normale,Hémoglobine dans les normes,1,13,5,False,False,normal,ensoleillé
2022-05-25 06:24:15,Hôpital de District Bonassama,O+,50,11,0,39,2.9,77,99.2,normale,Contrôle bactériologique négatif,2,6,5,False,False,normal,ensoleillé
2022-05-25 06:41:59,Hôpital de District Bonassama,A+,75,10,28,93,3.6,7,100.0,normale,Hémoglobine dans les normes,2,6,5,False,False,normal,pluvieux
2022-05-25 19:04:19,Hôpital de District Bonassama,O+,35,14,0,21,4.3,19,99.9,normale,Attention: proche expiration,2,19,5,False,False,normal,nuageux
2022-05-27 00:35:08,Hôpital de District Bonassama,O+,11,10,0,1,3.6,22,100.0,critique,"URGENT: Stock critique - Excellent état, conservation parfaite",4,0,5,False,False,normal,pluvieux
2022-05-27 04:55:47,Hôpital de District Bonassama,O+,25,9,25,41,3.2,25,97.6,normale,Attention: proche expiration,4,4,5,False,False,normal,ensoleillé
2022-05-27 12:37:33,Hôpital de District Bonassama,O+,76,4,0,72,4.5,18,97.6,normale,"Bon état général, légère variation température",4,12,5,False,False,normal,orageux
2022-05-28 03:47:53,Hôpital de District Bonassama,A-,17,8,0,9,4.0,1,60.8,critique,URGENT: Stock critique - Parfait pour transfusion immédiate,5,3,5,True,False,normal,orageux
2022-05-28 10:45:50,Hôpital de District Bonassama,B+,41,9,0,32,4.2,2,85.0,normale,Hémoglobine dans les normes,5,10,5,True,False,normal,orageux
2022-05-28 11:04:00,Hôpital de District Bonassama,O+,23,7,0,16,3.9,25,100.0,faible,Attention: proche expiration,5,11,5,True,False,normal,nuageux
2022-05-28 16:19:01,Hôpital de District Bonassama,A+,36,5,0,31,4.8,17,97.9,normale,"État satisfaisant, contrôle qualité OK",5,16,5,True,False,normal,ensoleillé
2022-05-29 00:36:26,Hôpital de District Bonassama,O+,18,7,0,11,3.7,3,84.6,faible,Urgent: vérifier température stockage,6,0,5,True,False,normal,nuageux
2022-05-29 08:33:25,Hôpital de District Bonassama,A+,30,6,0,24,4.2,4,77.8,normale,"Bon état général, légère variation température",6,8,5,True,False,normal,ensoleillé
2022-05-29 09:32:59,Hôpital de District Bonassama,O+,25,6,0,19,4.3,2,86.1,faible,Urgent: vérifier température stockage,6,9,5,True,False,normal,pluvieux
2022-05-29 18:42:16,Hôpital de District Bonassama,O+,32,6,0,26,4.3,8,100.0,normale,Parfait pour transfusion immédiate,6,18,5,True,False,normal,pluvieux
2022-05-30 08:31:08,Hôpital de District Bonassama,O-,49,8,0,41,4.4,4,91.5,normale,Parfait pour transfusion immédiate,0,8,5,False,False,normal,pluvieux
2022-05-30 13:18:39,Hôpital de District Bonassama,A+,38,12,0,26,3.7,12,94.9,normale,Attention: proche expiration,0,13,5,False,False,normal,pluvieux
2022-05-31 00:00:26,Hôpital de District Bonassama,O+,24,4,0,20,3.1,27,100.0,normale,Parfait pour transfusion immédiate,1,0,5,False,False,normal,ensoleillé
2022-05-31 07:03:31,Hôpital de District Bonassama,A+,38,8,0,30,3.8,29,98.7,normale,Hémoglobine dans les normes,1,7,5,False,False,normal,ensoleillé
2022-05-31 07:04:29,Hôpital de District Bonassama,O+,54,9,0,45,4.0,15,100.0,normale,Attention: proche expiration,1,7,5,False,False,normal,pluvieux
2022-05-31 11:11:01,Hôpital de District Bonassama,A+,76,10,0,66,4.6,27,98.1,normale,Attention: proche expiration,1,11,5,False,False,normal,nuageux
2022-05-31 16:43:25,Hôpital de District Bonassama,A+,58,12,21,67,3.9,10,100.0,normale,"État satisfaisant, contrôle qualité OK",1,16,5,False,False,normal,pluvieux
2022-05-31 18:36:50,Hôpital de District Bonassama,B+,64,7,24,81,4.7,21,100.0,normale,Contrôle bactériologique négatif,1,18,5,False,False,normal,nuageux
2022-06-01 02:12:44,Hôpital de District Bonassama,B-,23,7,19,35,4.2,1,60.9,attention,Hémoglobine dans les normes,2,2,6,False,False,normal,nuageux
2022-06-01 02:33:33,Hôpital de District Bonassama,A+,11,1,24,34,4.0,13,100.0,normale,"État satisfaisant, contrôle qualité OK",2,2,6,False,False,normal,ensoleillé
2022-06-01 04:38:16,Hôpital de District Bonassama,A+,19,5,0,14,4.4,11,99.4,faible,"Bon état général, légère variation température",2,4,6,False,False,normal,pluvieux
2022-06-01 09:40:41,Hôpital de District Bonassama,O+,47,7,13,53,4.4,14,100.0,normale,Contrôle bactériologique négatif,2,9,6,False,False,normal,ensoleillé
2022-06-01 18:56:16,Hôpital de District Bonassama,O+,50,4,0,46,3.6,4,76.7,normale,"Excellent état, conservation parfaite",2,18,6,False,False,normal,ensoleillé
2022-06-02 07:33:21,Hôpital de District Bonassama,O-,56,4,0,52,4.5,21,99.0,normale,Contrôle bactériologique négatif,3,7,6,False,False,normal,pluvieux
2022-06-02 09:16:47,Hôpital de District Bonassama,O+,61,7,0,54,5.0,1,59.8,attention,Hémoglobine dans les normes,3,9,6,False,False,normal,pluvieux
2022-06-04 11:18:08,Hôpital de District Bonassama,A-,26,5,0,21,3.0,1,63.0,attention,Contrôle bactériologique négatif,5,11,6,True,False,campagne_don,pluvieux
2022-06-04 12:50:52,Hôpital de District Bonassama,A+,27,6,22,43,3.9,8,83.5,normale,Urgent: vérifier température stockage,5,12,6,True,False,normal,nuageux
2022-06-04 18:25:48,Hôpital de District Bonassama,B+,25,6,0,19,3.5,1,78.9,faible,Attention: proche expiration,5,18,6,True,False,normal,pluvieux
2022-06-04 22:09:46,Hôpital de District Bonassama,O+,32,6,24,50,4.3,10,99.3,normale,Contrôle bactériologique négatif,5,22,6,True,False,épidémie,ensoleillé
2022-06-05 03:35:54,Hôpital de District Bonassama,A+,16,5,0,11,3.9,1,48.5,faible,Urgent: vérifier température stockage,6,3,6,True,False,normal,nuageux
2022-06-05 09:42:19,Hôpital de District Bonassama,A+,30,7,0,23,4.2,34,98.4,normale,"Excellent état, conservation parfaite",6,9,6,True,False,normal,nuageux
2022-06-05 11:35:41,Hôpital de District Bonassama,A+,45,1,0,44,3.9,13,100.0,normale,"Bon état général, légère variation température",6,11,6,True,False,normal,pluvieux
2022-06-05 13:10:55,Hôpital de District Bonassama,O-,39,5,30,64,3.6,20,100.0,normale,Hémoglobine dans les normes,6,13,6,True,False,normal,nuageux
2022-06-05 20:44:36,Hôpital de District Bonassama,O+,23,8,25,40,4.2,30,100.0,normale,Hémoglobine dans les normes,6,20,6,True,False,normal,nuageux
2022-06-06 00:50:38,Hôpital de District Bonassama,A+,16,4,0,12,4.1,53,100.0,faible,Hémoglobine dans les normes,0,0,6,False,False,normal,pluvieux
2022-06-06 16:05:43,Hôpital de District Bonassama,B+,48,4,0,44,4.5,10,100.0,normale,Parfait pour transfusion immédiate,0,16,6,False,False,normal,pluvieux
2022-06-06 20:02:53,Hôpital de District Bonassama,A+,28,8,0,20,4.0,10,96.2,normale,Parfait pour transfusion immédiate,0,20,6,False,False,normal,ensoleillé
2022-06-06 20:17:07,Hôpital de District Bonassama,B+,58,8,0,50,3.9,5,98.4,normale,Parfait pour transfusion immédiate,0,20,6,False,False,normal,nuageux
2022-06-06 22:49:14,Hôpital de District Bonassama,O+,23,10,0,13,3.6,6,99.6,faible,Parfait pour transfusion immédiate,0,22,6,False,False,normal,orageux
2022-06-06 23:01:34,Hôpital de District Bonassama,O+,40,11,15,44,3.9,16,98.2,normale,Hémoglobine dans les normes,0,23,6,False,False,normal,ensoleillé
2022-06-07 13:25:47,Hôpital de District Bonassama,O+,71,7,0,64,4.2,25,100.0,normale,"État satisfaisant, contrôle qualité OK",1,13,6,False,False,normal,ensoleillé
2022-06-08 21:18:50,Hôpital de District Bonassama,O-,33,4,0,29,3.9,7,100.0,normale,Attention: proche expiration,2,21,6,False,False,urgence_médicale,ensoleillé
2022-06-09 00:07:09,Hôpital de District Bonassama,A+,35,6,0,29,3.0,12,91.3,normale,Hémoglobine dans les normes,3,0,6,False,False,normal,ensoleillé
2022-06-09 09:18:33,Hôpital de District Bonassama,O+,71,10,0,61,4.2,18,99.2,normale,Contrôle bactériologique négatif,3,9,6,False,False,normal,pluvieux
2022-06-10 13:44:41,Hôpital de District Bonassama,O+,42,6,0,36,3.6,16,97.2,normale,Hémoglobine dans les normes,4,13,6,False,False,normal,nuageux
2022-06-12 08:13:12,Hôpital de District Bonassama,A+,38,6,20,52,3.0,11,97.0,normale,"Excellent état, conservation parfaite",6,8,6,True,False,normal,orageux
2022-06-12 23:48:25,Hôpital de District Bonassama,O+,18,5,0,13,3.5,7,100.0,faible,Contrôle bactériologique négatif,6,23,6,True,False,normal,ensoleillé
2022-06-13 21:00:18,Hôpital de District Bonassama,O+,68,10,0,58,3.7,5,97.0,normale,Parfait pour transfusion immédiate,0,21,6,False,False,normal,ensoleillé
2022-06-13 21:47:41,Hôpital de District Bonassama,O-,55,14,0,41,3.9,6,100.0,normale,Hémoglobine dans les normes,0,21,6,False,False,normal,orageux
2022-06-14 01:41:12,Hôpital de District Bonassama,A+,18,7,0,11,3.9,4,87.8,faible,"Bon état général, légère variation température",1,1,6,False,False,normal,ensoleillé
2022-06-14 04:36:16,Hôpital de District Bonassama,O+,22,8,0,14,4.1,1,60.6,faible,Urgent: vérifier température stockage,1,4,6,False,False,normal,nuageux
2022-06-14 05:05:58,Hôpital de District Bonassama,O+,39,9,0,30,5.0,1,59.7,attention,Attention: proche expiration,1,5,6,False,False,normal,orageux
2022-06-14 06:57:52,Hôpital de District Bonassama,O+,49,6,0,43,4.2,5,98.4,normale,Parfait pour transfusion immédiate,1,6,6,False,False,normal,ensoleillé
2022-06-14 09:58:01,Hôpital de District Bonassama,A+,59,8,12,63,4.2,7,95.0,normale,Parfait pour transfusion immédiate,1,9,6,False,False,normal,ensoleillé
2022-06-14 12:12:16,Hôpital de District Bonassama,A-,53,13,0,40,4.3,25,97.8,normale,Attention: proche expiration,1,12,6,False,False,normal,ensoleillé
2022-06-15 03:38:45,Hôpital de District Bonassama,O+,20,10,28,38,4.0,16,100.0,normale,Hémoglobine dans les normes,2,3,6,False,False,normal,ensoleillé
2022-06-15 17:12:11,Hôpital de District Bonassama,A+,86,12,7,81,4.1,2,83.6,normale,Contrôle bactériologique négatif,2,17,6,False,False,normal,ensoleillé
2022-06-16 03:54:34,Hôpital de District Bonassama,B+,35,8,0,27,4.1,21,98.8,normale,"Excellent état, conservation parfaite",3,3,6,False,False,normal,ensoleillé
2022-06-16 09:39:48,Hôpital de District Bonassama,O+,67,6,0,61,4.0,44,89.0,normale,Attention: proche expiration,3,9,6,False,False,normal,ensoleillé
2022-06-17 16:40:07,Hôpital de District Bonassama,O+,50,7,16,59,4.2,2,86.6,normale,Contrôle bactériologique négatif,4,16,6,False,False,normal,nuageux
2022-06-18 02:46:57,Hôpital de District Bonassama,O+,17,7,18,28,4.2,24,91.5,normale,Urgent: vérifier température stockage,5,2,6,True,False,normal,nuageux
2022-06-18 18:11:29,Hôpital de District Bonassama,O+,38,4,24,58,3.5,38,100.0,normale,Parfait pour transfusion immédiate,5,18,6,True,False,normal,pluvieux
2022-06-18 18:12:01,Hôpital de District Bonassama,A+,32,6,0,26,4.1,1,59.1,attention,"État satisfaisant, contrôle qualité OK",5,18,6,True,False,normal,ensoleillé
2022-06-19 04:38:39,Hôpital de District Bonassama,O+,23,5,25,43,4.1,16,100.0,normale,Urgent: vérifier température stockage,6,4,6,True,False,normal,ensoleillé
2022-06-19 15:01:09,Hôpital de District Bonassama,O+,39,6,0,33,4.0,25,100.0,normale,Contrôle bactériologique négatif,6,15,6,True,False,normal,pluvieux
2022-06-20 18:35:39,Hôpital de District Bonassama,A+,49,7,0,42,5.0,11,100.0,normale,Contrôle bactériologique négatif,0,18,6,False,False,normal,ensoleillé
2022-06-21 04:13:27,Hôpital de District Bonassama,A+,19,4,21,36,3.7,1,65.8,attention,Contrôle bactériologique négatif,1,4,6,False,False,normal,ensoleillé
2022-06-21 13:47:09,Hôpital de District Bonassama,O+,51,7,19,63,4.0,8,100.0,normale,Hémoglobine dans les normes,1,13,6,False,False,normal,ensoleillé
2022-06-22 02:51:22,Hôpital de District Bonassama,O+,34,6,0,28,4.0,23,98.9,normale,Urgent: vérifier température stockage,2,2,6,False,False,normal,ensoleillé
2022-06-22 05:39:56,Hôpital de District Bonassama,O+,41,6,27,62,4.3,1,68.6,attention,"Bon état général, légère variation température",2,5,6,False,False,normal,pluvieux
2022-06-22 11:05:18,Hôpital de District Bonassama,A-,73,9,0,64,4.7,8,100.0,normale,Hémoglobine dans les normes,2,11,6,False,False,normal,ensoleillé
2022-06-22 15:45:04,Hôpital de District Bonassama,O+,61,7,22,76,3.4,14,96.1,normale,"État satisfaisant, contrôle qualité OK",2,15,6,False,False,normal,ensoleillé
2022-06-24 04:10:00,Hôpital de District Bonassama,O+,28,1,14,41,3.4,33,97.6,normale,"État satisfaisant, contrôle qualité OK",4,4,6,False,False,normal,pluvieux
2022-06-24 14:45:06,Hôpital de District Bonassama,A+,49,12,0,37,3.6,6,100.0,normale,"Bon état général, légère variation température",4,14,6,False,False,urgence_médicale,pluvieux
2022-06-24 15:23:06,Hôpital de District Bonassama,O+,36,13,22,45,4.2,4,85.1,normale,Hémoglobine dans les normes,4,15,6,False,False,normal,ensoleillé
2022-06-25 02:27:16,Hôpital de District Bonassama,B+,10,7,19,22,3.8,37,100.0,normale,Parfait pour transfusion immédiate,5,2,6,True,False,normal,orageux
2022-06-26 03:31:18,Hôpital de District Bonassama,O-,17,8,0,9,3.8,23,100.0,critique,URGENT: Stock critique - Contrôle bactériologique négatif,6,3,6,True,False,normal,pluvieux
2022-06-26 15:33:53,Hôpital de District Bonassama,O+,37,4,0,33,4.5,21,100.0,normale,Attention: proche expiration,6,15,6,True,False,normal,ensoleillé
2022-06-26 17:55:04,Hôpital de District Bonassama,O+,19,4,0,15,4.0,16,100.0,faible,Parfait pour transfusion immédiate,6,17,6,True,False,normal,ensoleillé
2022-06-27 19:47:03,Hôpital de District Bonassama,O+,54,6,0,48,3.8,34,92.1,normale,Hémoglobine dans les normes,0,19,6,False,False,normal,pluvieux
2022-06-27 19:52:44,Hôpital de District Bonassama,B+,43,6,20,57,4.2,33,100.0,normale,"État satisfaisant, contrôle qualité OK",0,19,6,False,False,normal,ensoleillé
2022-06-28 00:44:17,Hôpital de District Bonassama,O+,32,1,0,31,3.4,4,82.4,normale,"État satisfaisant, contrôle qualité OK",1,0,6,False,False,normal,ensoleillé
2022-06-28 17:43:03,Hôpital de District Bonassama,B-,34,4,0,30,3.9,2,92.0,normale,Attention: proche expiration,1,17,6,False,False,normal,nuageux
2022-06-30 08:53:53,Hôpital de District Bonassama,O+,32,9,0,23,4.5,27,88.3,normale,"Bon état général, légère variation température",3,8,6,False,False,urgence_médicale,nuageux
2022-06-30 16:24:49,Hôpital de District Bonassama,A+,45,5,0,40,4.2,4,87.8,normale,"Bon état général, légère variation température",3,16,6,False,False,normal,ensoleillé
2022-06-30 19:00:01,Hôpital de District Bonassama,A+,41,4,24,61,3.8,4,82.5,normale,Attention: proche expiration,3,19,6,False,False,normal,orageux
2022-07-01 10:49:44,Hôpital de District Bonassama,A+,68,8,0,60,4.0,15,96.0,normale,Attention: proche expiration,4,10,7,False,True,normal,ensoleillé
2022-07-01 20:45:27,Hôpital de District Bonassama,O+,88,0,0,88,4.9,28,97.0,normale,"Bon état général, légère variation température",4,20,7,False,True,normal,nuageux
2022-07-02 08:26:04,Hôpital de District Bonassama,O+,30,8,0,22,4.0,17,100.0,normale,"État satisfaisant, contrôle qualité OK",5,8,7,True,True,normal,pluvieux
2022-07-02 17:12:47,Hôpital de District Bonassama,O-,32,6,26,52,4.0,2,80.0,normale,"Bon état général, légère variation température",5,17,7,True,True,normal,nuageux
2022-07-02 22:26:03,Hôpital de District Bonassama,AB+,43,5,24,62,4.3,11,100.0,normale,Urgent: vérifier température stockage,5,22,7,True,True,normal,nuageux
2022-07-03 00:37:46,Hôpital de District Bonassama,A+,22,6,0,16,4.2,13,98.9,faible,"Bon état général, légère variation température",6,0,7,True,True,normal,nuageux
2022-07-03 09:27:30,Hôpital de District Bonassama,O+,19,3,0,16,4.5,10,100.0,faible,Contrôle bactériologique négatif,6,9,7,True,True,normal,ensoleillé
2022-07-04 11:53:01,Hôpital de District Bonassama,O+,54,3,20,71,3.8,1,63.9,attention,Contrôle bactériologique négatif,0,11,7,False,True,normal,pluvieux
2022-07-04 20:43:40,Hôpital de District Bonassama,O-,88,6,0,82,3.5,12,95.5,normale,"Excellent état, conservation parfaite",0,20,7,False,True,normal,ensoleillé
2022-07-05 04:50:04,Hôpital de District Bonassama,A-,30,6,21,45,4.0,6,99.7,normale,"État satisfaisant, contrôle qualité OK",1,4,7,False,True,normal,pluvieux
2022-07-05 05:41:06,Hôpital de District Bonassama,O+,26,9,0,17,4.6,1,67.2,faible,Contrôle bactériologique négatif,1,5,7,False,True,normal,ensoleillé
2022-07-05 20:00:47,Hôpital de District Bonassama,O+,54,4,0,50,4.0,11,100.0,normale,Attention: proche expiration,1,20,7,False,True,normal,ensoleillé
2022-07-06 15:33:19,Hôpital de District Bonassama,O+,43,12,0,31,3.4,11,99.2,normale,Urgent: vérifier température stockage,2,15,7,False,True,normal,ensoleillé
2022-07-07 03:59:04,Hôpital de District Bonassama,O+,46,6,0,40,3.5,7,96.7,normale,Attention: proche expiration,3,3,7,False,True,normal,ensoleillé
2022-07-07 22:03:13,Hôpital de District Bonassama,O+,53,4,16,65,3.2,1,59.7,attention,Contrôle bactériologique négatif,3,22,7,False,True,normal,ensoleillé
2022-07-09 05:51:52,Hôpital de District Bonassama,A+,14,11,0,3,4.0,68,98.1,critique,URGENT: Stock critique - Urgent: vérifier température stockage,5,5,7,True,True,normal,pluvieux
2022-07-09 16:10:12,Hôpital de District Bonassama,O+,34,11,0,23,4.9,11,96.2,normale,Parfait pour transfusion immédiate,5,16,7,True,True,normal,pluvieux
2022-07-09 21:25:58,Hôpital de District Bonassama,O+,44,6,0,38,3.9,29,100.0,normale,Attention: proche expiration,5,21,7,True,True,normal,ensoleillé
2022-07-10 11:26:34,Hôpital de District Bonassama,A+,46,11,0,35,5.0,24,98.6,normale,"Bon état général, légère variation température",6,11,7,True,True,normal,ensoleillé
2022-07-10 16:21:41,Hôpital de District Bonassama,O-,53,7,16,62,4.8,7,100.0,normale,"État satisfaisant, contrôle qualité OK",6,16,7,True,True,normal,nuageux
2022-07-12 01:41:41,Hôpital de District Bonassama,A+,33,11,0,22,4.3,8,93.6,normale,"Bon état général, légère variation température",1,1,7,False,True,campagne_don,pluvieux
2022-07-12 03:48:19,Hôpital de District Bonassama,A+,16,7,14,23,3.9,2,91.8,normale,"État satisfaisant, contrôle qualité OK",1,3,7,False,True,normal,pluvieux
2022-07-12 05:57:31,Hôpital de District Bonassama,O+,30,8,0,22,4.6,14,100.0,normale,"Bon état général, légère variation température",1,5,7,False,True,normal,ensoleillé
2022-07-12 07:51:29,Hôpital de District Bonassama,O+,46,6,0,40,4.5,41,98.2,normale,"Excellent état, conservation parfaite",1,7,7,False,True,normal,ensoleillé
2022-07-12 18:10:21,Hôpital de District Bonassama,B-,81,8,0,73,5.3,31,97.0,normale,"Excellent état, conservation parfaite",1,18,7,False,True,normal,ensoleillé
2022-07-12 18:36:53,Hôpital de District Bonassama,A+,73,11,0,62,3.7,58,94.2,normale,"État satisfaisant, contrôle qualité OK",1,18,7,False,True,normal,pluvieux
2022-07-13 04:31:08,Hôpital de District Bonassama,A+,29,7,0,22,4.0,39,99.3,normale,"Bon état général, légère variation température",2,4,7,False,True,accident_route,ensoleillé
2022-07-13 06:23:57,Hôpital de District Bonassama,O+,50,6,0,44,3.1,27,100.0,normale,Urgent: vérifier température stockage,2,6,7,False,True,normal,ensoleillé
2022-07-13 19:34:17,Hôpital de District Bonassama,B+,79,12,23,90,3.6,5,96.9,normale,"Bon état général, légère variation température",2,19,7,False,True,normal,pluvieux
2022-07-14 00:43:46,Hôpital de District Bonassama,A-,31,14,0,17,4.0,5,98.7,faible,Contrôle bactériologique négatif,3,0,7,False,True,accident_route,nuageux
2022-07-14 05:49:08,Hôpital de District Bonassama,O+,21,11,0,10,3.9,6,100.0,faible,"Excellent état, conservation parfaite",3,5,7,False,True,normal,ensoleillé
2022-07-14 14:47:44,Hôpital de District Bonassama,O+,60,13,0,47,4.1,4,92.5,normale,Urgent: vérifier température stockage,3,14,7,False,True,normal,pluvieux
2022-07-14 15:27:16,Hôpital de District Bonassama,A-,28,14,0,14,4.5,28,98.7,faible,"Excellent état, conservation parfaite",3,15,7,False,True,normal,ensoleillé
2022-07-14 16:31:58,Hôpital de District Bonassama,O-,51,9,0,42,4.5,22,100.0,normale,"État satisfaisant, contrôle qualité OK",3,16,7,False,True,normal,nuageux
2022-07-14 17:18:59,Hôpital de District Bonassama,A+,68,8,0,60,4.0,12,100.0,normale,"Excellent état, conservation parfaite",3,17,7,False,True,normal,pluvieux
2022-07-14 22:29:42,Hôpital de District Bonassama,A+,72,7,13,78,3.6,10,100.0,normale,Attention: proche expiration,3,22,7,False,True,normal,ensoleillé
2022-07-15 17:35:47,Hôpital de District Bonassama,O+,62,19,0,43,5.4,5,98.4,normale,"Bon état général, légère variation température",4,17,7,False,True,normal,nuageux
2022-07-16 07:26:53,Hôpital de District Bonassama,AB+,33,12,0,21,4.1,1,50.2,attention,"Bon état général, légère variation température",5,7,7,True,True,normal,ensoleillé
2022-07-16 18:05:30,Hôpital de District Bonassama,O-,23,3,0,20,4.2,56,100.0,normale,Parfait pour transfusion immédiate,5,18,7,True,True,normal,ensoleillé
2022-07-16 18:31:13,Hôpital de District Bonassama,O+,72,10,0,62,3.9,3,89.0,normale,"Bon état général, légère variation température",5,18,7,True,True,accident_route,ensoleillé
2022-07-17 06:28:50,Hôpital de District Bonassama,A+,42,1,0,41,3.3,26,95.2,normale,"État satisfaisant, contrôle qualité OK",6,6,7,True,True,normal,nuageux
2022-07-17 14:41:10,Hôpital de District Bonassama,A+,42,5,0,37,4.6,44,100.0,normale,"Bon état général, légère variation température",6,14,7,True,True,normal,pluvieux
2022-07-18 19:35:36,Hôpital de District Bonassama,O+,61,7,0,54,3.9,14,98.9,normale,Parfait pour transfusion immédiate,0,19,7,False,True,normal,ensoleillé
2022-07-19 08:27:02,Hôpital de District Bonassama,O+,66,5,0,61,3.9,19,100.0,normale,"Excellent état, conservation parfaite",1,8,7,False,True,normal,pluvieux
2022-07-19 19:45:53,Hôpital de District Bonassama,O+,57,9,12,60,3.7,20,99.6,normale,Hémoglobine dans les normes,1,19,7,False,True,normal,nuageux
2022-07-20 07:21:00,Hôpital de District Bonassama,A+,54,13,17,58,4.9,9,95.2,normale,"État satisfaisant, contrôle qualité OK",2,7,7,False,True,normal,pluvieux
2022-07-20 10:27:07,Hôpital de District Bonassama,A-,87,5,0,82,4.3,33,99.5,normale,"État satisfaisant, contrôle qualité OK",2,10,7,False,True,normal,nuageux
2022-07-20 21:46:13,Hôpital de District Bonassama,A+,72,12,15,75,4.7,27,97.8,normale,Urgent: vérifier température stockage,2,21,7,False,True,normal,pluvieux
2022-07-21 07:40:50,Hôpital de District Bonassama,B+,51,16,0,35,3.6,11,99.4,normale,Contrôle bactériologique négatif,3,7,7,False,True,normal,pluvieux
2022-07-22 04:09:10,Hôpital de District Bonassama,A+,27,7,0,20,4.1,94,96.7,normale,Parfait pour transfusion immédiate,4,4,7,False,True,normal,nuageux
2022-07-22 09:10:34,Hôpital de District Bonassama,O+,78,9,19,88,3.7,1,63.9,attention,"État satisfaisant, contrôle qualité OK",4,9,7,False,True,normal,pluvieux
2022-07-22 22:06:04,Hôpital de District Bonassama,AB+,86,9,0,77,3.7,1,63.3,attention,Urgent: vérifier température stockage,4,22,7,False,True,normal,pluvieux
2022-07-24 12:34:02,Hôpital de District Bonassama,AB+,51,6,25,70,3.8,2,82.4,normale,"Bon état général, légère variation température",6,12,7,True,True,normal,nuageux
2022-07-24 13:57:49,Hôpital de District Bonassama,A+,32,5,17,44,3.9,30,100.0,normale,Urgent: vérifier température stockage,6,13,7,True,True,normal,pluvieux
2022-07-25 03:51:49,Hôpital de District Bonassama,O-,9,14,0,0,3.9,1,61.3,critique,"URGENT: Stock critique - État satisfaisant, contrôle qualité OK",0,3,7,False,True,urgence_médicale,ensoleillé
2022-07-25 11:39:20,Hôpital de District Bonassama,O+,59,4,18,73,3.9,27,96.7,normale,"Excellent état, conservation parfaite",0,11,7,False,True,normal,orageux
2022-07-25 13:42:37,Hôpital de District Bonassama,A-,64,12,0,52,4.0,1,65.3,attention,"Bon état général, légère variation température",0,13,7,False,True,normal,pluvieux
2022-07-27 12:27:33,Hôpital de District Bonassama,O+,49,1,0,48,3.2,33,97.1,normale,Hémoglobine dans les normes,2,12,7,False,True,normal,ensoleillé
2022-07-27 18:02:00,Hôpital de District Bonassama,O+,79,5,0,74,3.8,9,100.0,normale,Attention: proche expiration,2,18,7,False,True,normal,pluvieux
2022-07-28 02:41:17,Hôpital de District Bonassama,B+,23,6,0,17,3.8,35,97.4,faible,Parfait pour transfusion immédiate,3,2,7,False,True,normal,ensoleillé
2022-07-28 18:07:59,Hôpital de District Bonassama,A+,53,14,0,39,3.7,4,89.2,normale,"Bon état général, légère variation température",3,18,7,False,True,normal,orageux
2022-07-29 08:02:58,Hôpital de District Bonassama,O-,41,1,23,63,3.7,13,99.0,normale,Urgent: vérifier température stockage,4,8,7,False,True,normal,nuageux
2022-07-29 16:11:31,Hôpital de District Bonassama,O+,79,15,0,64,4.4,35,100.0,normale,"État satisfaisant, contrôle qualité OK",4,16,7,False,True,normal,orageux
2022-07-29 16:44:19,Hôpital de District Bonassama,B-,55,6,28,77,4.6,19,95.9,normale,Contrôle bactériologique négatif,4,16,7,False,True,normal,pluvieux
2022-07-30 13:34:41,Hôpital de District Bonassama,O+,49,4,0,45,4.0,8,92.4,normale,Urgent: vérifier température stockage,5,13,7,True,True,normal,pluvieux
2022-07-31 03:20:09,Hôpital de District Bonassama,O+,20,12,14,22,4.0,1,59.4,attention,Hémoglobine dans les normes,6,3,7,True,True,normal,pluvieux
2022-07-31 08:21:52,Hôpital de District Bonassama,A+,20,4,17,33,4.5,41,100.0,normale,Attention: proche expiration,6,8,7,True,True,normal,ensoleillé
2022-07-31 08:56:52,Hôpital de District Bonassama,AB+,23,6,0,17,3.7,10,100.0,faible,"Bon état général, légère variation température",6,8,7,True,True,normal,pluvieux
2022-07-31 18:56:37,Hôpital de District Bonassama,A-,54,1,0,53,3.4,16,100.0,normale,Parfait pour transfusion immédiate,6,18,7,True,True,normal,pluvieux
2022-07-31 19:43:10,Hôpital de District Bonassama,O-,29,7,21,43,3.8,8,100.0,normale,Attention: proche expiration,6,19,7,True,True,normal,orageux
2022-08-01 00:34:53,Hôpital de District Bonassama,A+,23,9,22,36,4.3,1,57.1,attention,Urgent: vérifier température stockage,0,0,8,False,True,normal,ensoleillé
2022-08-01 05:07:36,Hôpital de District Bonassama,A+,37,9,0,28,4.6,7,100.0,normale,"Bon état général, légère variation température",0,5,8,False,True,normal,ensoleillé
2022-08-01 10:55:44,Hôpital de District Bonassama,A+,48,13,0,35,4.4,2,80.9,normale,Contrôle bactériologique négatif,0,10,8,False,True,normal,pluvieux
2022-08-02 01:32:01,Hôpital de District Bonassama,A+,33,5,0,28,4.3,3,94.0,normale,Parfait pour transfusion immédiate,1,1,8,False,True,normal,pluvieux
2022-08-02 09:23:41,Hôpital de District Bonassama,A+,61,2,0,59,4.1,17,100.0,normale,Attention: proche expiration,1,9,8,False,True,normal,pluvieux
2022-08-02 14:01:54,Hôpital de District Bonassama,A+,79,10,0,69,3.9,16,96.8,normale,"Bon état général, légère variation température",1,14,8,False,True,normal,nuageux
2022-08-02 20:25:11,Hôpital de District Bonassama,O+,51,0,0,51,3.4,7,100.0,normale,Contrôle bactériologique négatif,1,20,8,False,True,normal,ensoleillé
2022-08-03 06:48:10,Hôpital de District Bonassama,O+,72,9,0,63,4.3,7,100.0,normale,"État satisfaisant, contrôle qualité OK",2,6,8,False,True,normal,pluvieux
2022-08-03 07:50:09,Hôpital de District Bonassama,O+,54,13,15,56,3.6,9,100.0,normale,"Bon état général, légère variation température",2,7,8,False,True,normal,pluvieux
2022-08-03 18:01:16,Hôpital de District Bonassama,B+,62,8,20,74,4.4,1,61.0,attention,"État satisfaisant, contrôle qualité OK",2,18,8,False,True,normal,pluvieux
2022-08-03 21:07:16,Hôpital de District Bonassama,A+,102,9,0,93,3.8,2,84.7,normale,Parfait pour transfusion immédiate,2,21,8,False,True,normal,nuageux
2022-08-03 21:41:09,Hôpital de District Bonassama,A+,71,9,0,62,4.0,4,72.5,normale,Parfait pour transfusion immédiate,2,21,8,False,True,normal,orageux
2022-08-04 03:03:04,Hôpital de District Bonassama,O+,15,14,15,16,3.6,1,65.2,faible,"Bon état général, légère variation température",3,3,8,False,True,normal,ensoleillé
2022-08-05 02:30:09,Hôpital de District Bonassama,A+,37,2,0,35,4.1,11,97.6,normale,Urgent: vérifier température stockage,4,2,8,False,True,normal,nuageux
2022-08-05 03:04:45,Hôpital de District Bonassama,O+,9,10,0,0,3.0,11,100.0,critique,URGENT: Stock critique - Hémoglobine dans les normes,4,3,8,False,True,normal,pluvieux
2022-08-05 07:57:28,Hôpital de District Bonassama,O+,67,12,23,78,4.4,5,99.0,normale,"Excellent état, conservation parfaite",4,7,8,False,True,normal,ensoleillé
2022-08-05 17:03:22,Hôpital de District Bonassama,AB+,54,11,17,60,3.8,6,100.0,normale,Hémoglobine dans les normes,4,17,8,False,True,normal,ensoleillé
2022-08-06 08:52:01,Hôpital de District Bonassama,O+,34,8,0,26,3.9,17,100.0,normale,Parfait pour transfusion immédiate,5,8,8,True,True,épidémie,ensoleillé
2022-08-10 08:33:00,Hôpital de District Bonassama,A+,39,4,0,35,4.0,1,67.7,attention,"Bon état général, légère variation température",2,8,8,False,True,normal,ensoleillé
2022-08-10 09:57:35,Hôpital de District Bonassama,O+,88,4,0,84,3.8,43,100.0,normale,"État satisfaisant, contrôle qualité OK",2,9,8,False,True,normal,pluvieux
2022-08-10 16:31:39,Hôpital de District Bonassama,A+,35,12,0,23,3.4,23,100.0,normale,Urgent: vérifier température stockage,2,16,8,False,True,normal,nuageux
2022-08-10 22:44:09,Hôpital de District Bonassama,A+,40,16,19,43,4.6,44,94.3,normale,"État satisfaisant, contrôle qualité OK",2,22,8,False,True,normal,ensoleillé
2022-08-11 23:45:31,Hôpital de District Bonassama,AB+,25,2,0,23,3.8,1,55.3,attention,Urgent: vérifier température stockage,3,23,8,False,True,normal,nuageux
2022-08-12 09:50:34,Hôpital de District Bonassama,A+,86,11,13,88,4.1,31,99.4,normale,Attention: proche expiration,4,9,8,False,True,normal,pluvieux
2022-08-12 10:50:19,Hôpital de District Bonassama,A+,54,9,0,45,3.3,37,100.0,normale,Contrôle bactériologique négatif,4,10,8,False,True,normal,pluvieux
2022-08-12 12:46:58,Hôpital de District Bonassama,AB+,69,7,0,62,3.7,3,81.2,normale,Attention: proche expiration,4,12,8,False,True,normal,orageux
2022-08-12 19:26:10,Hôpital de District Bonassama,O-,46,2,0,44,4.1,3,87.3,normale,"Excellent état, conservation parfaite",4,19,8,False,True,normal,orageux
2022-08-13 07:15:33,Hôpital de District Bonassama,O+,47,7,0,40,4.6,38,98.0,normale,"Excellent état, conservation parfaite",5,7,8,True,True,normal,ensoleillé
2022-08-13 07:28:37,Hôpital de District Bonassama,B-,32,10,0,22,4.1,3,79.3,normale,"Excellent état, conservation parfaite",5,7,8,True,True,normal,ensoleillé
2022-08-13 20:03:19,Hôpital de District Bonassama,A+,68,7,0,61,4.4,3,89.8,normale,Hémoglobine dans les normes,5,20,8,True,True,normal,pluvieux
2022-08-15 03:58:36,Hôpital de District Bonassama,O+,30,14,0,16,3.6,51,91.7,faible,"État satisfaisant, contrôle qualité OK",0,3,8,False,True,normal,pluvieux
2022-08-15 10:16:01,Hôpital de District Bonassama,O+,29,7,0,22,3.9,9,100.0,normale,"Bon état général, légère variation température",0,10,8,False,True,normal,ensoleillé
2022-08-16 17:04:28,Hôpital de District Bonassama,O+,72,6,0,66,3.5,10,97.9,normale,Parfait pour transfusion immédiate,1,17,8,False,True,normal,pluvieux
2022-08-17 11:59:58,Hôpital de District Bonassama,B+,77,17,0,60,4.3,22,100.0,normale,"État satisfaisant, contrôle qualité OK",2,11,8,False,True,normal,ensoleillé
2022-08-17 13:15:05,Hôpital de District Bonassama,O+,46,19,0,27,4.3,2,71.8,normale,Attention: proche expiration,2,13,8,False,True,normal,pluvieux
2022-08-18 01:29:42,Hôpital de District Bonassama,AB+,29,16,0,13,3.4,1,67.1,faible,"État satisfaisant, contrôle qualité OK",3,1,8,False,True,normal,pluvieux
2022-08-18 05:49:08,Hôpital de District Bonassama,A+,24,5,0,19,4.3,1,53.5,faible,"Excellent état, conservation parfaite",3,5,8,False,True,normal,pluvieux
2022-08-18 06:12:33,Hôpital de District Bonassama,O+,56,14,0,42,3.9,3,79.2,normale,Urgent: vérifier température stockage,3,6,8,False,True,normal,ensoleillé
2022-08-18 07:30:00,Hôpital de District Bonassama,O+,59,17,0,42,3.6,8,98.4,normale,Attention: proche expiration,3,7,8,False,True,normal,nuageux
2022-08-18 15:44:16,Hôpital de District Bonassama,A+,60,12,0,48,4.4,7,100.0,normale,"Bon état général, légère variation température",3,15,8,False,True,normal,ensoleillé
2022-08-19 05:55:46,Hôpital de District Bonassama,A+,29,5,0,24,4.6,2,91.9,normale,Contrôle bactériologique négatif,4,5,8,False,True,normal,ensoleillé
2022-08-19 11:02:05,Hôpital de District Bonassama,O+,47,6,0,41,4.5,24,100.0,normale,Urgent: vérifier température stockage,4,11,8,False,True,normal,ensoleillé
2022-08-19 22:27:05,Hôpital de District Bonassama,A+,44,8,0,36,3.1,17,100.0,normale,"Excellent état, conservation parfaite",4,22,8,False,True,normal,ensoleillé
2022-08-20 00:46:24,Hôpital de District Bonassama,O+,21,3,19,37,4.0,2,77.9,normale,Contrôle bactériologique négatif,5,0,8,True,True,normal,pluvieux
2022-08-20 18:26:02,Hôpital de District Bonassama,O+,38,4,0,34,3.6,10,93.3,normale,"Excellent état, conservation parfaite",5,18,8,True,True,normal,ensoleillé
2022-08-21 02:16:46,Hôpital de District Bonassama,A+,22,5,0,17,3.6,12,100.0,faible,Urgent: vérifier température stockage,6,2,8,True,True,normal,ensoleillé
2022-08-21 03:00:25,Hôpital de District Bonassama,A+,15,7,0,8,4.2,18,100.0,critique,URGENT: Stock critique - Parfait pour transfusion immédiate,6,3,8,True,True,normal,ensoleillé
2022-08-21 08:38:21,Hôpital de District Bonassama,B+,32,6,0,26,4.3,57,100.0,normale,Attention: proche expiration,6,8,8,True,True,normal,pluvieux
2022-08-21 10:55:32,Hôpital de District Bonassama,A+,67,12,0,55,3.4,1,58.5,attention,Contrôle bactériologique négatif,6,10,8,True,True,normal,pluvieux
2022-08-22 00:21:03,Hôpital de District Bonassama,A+,38,8,0,30,3.3,6,95.5,normale,Urgent: vérifier température stockage,0,0,8,False,True,normal,pluvieux
2022-08-22 06:24:46,Hôpital de District Bonassama,O+,52,7,0,45,3.7,1,54.2,attention,Contrôle bactériologique négatif,0,6,8,False,True,normal,pluvieux
2022-08-22 06:37:50,Hôpital de District Bonassama,O+,55,13,0,42,4.8,20,100.0,normale,Contrôle bactériologique négatif,0,6,8,False,True,normal,nuageux
2022-08-22 09:44:37,Hôpital de District Bonassama,AB+,51,6,21,66,3.9,28,100.0,normale,Parfait pour transfusion immédiate,0,9,8,False,True,normal,nuageux
2022-08-22 21:55:57,Hôpital de District Bonassama,AB+,68,10,0,58,4.7,19,100.0,normale,Urgent: vérifier température stockage,0,21,8,False,True,normal,ensoleillé
2022-08-23 01:35:03,Hôpital de District Bonassama,B+,29,14,0,15,4.0,16,100.0,faible,Parfait pour transfusion immédiate,1,1,8,False,True,normal,pluvieux
2022-08-23 01:53:25,Hôpital de District Bonassama,O-,34,7,0,27,4.1,13,99.3,normale,Parfait pour transfusion immédiate,1,1,8,False,True,normal,ensoleillé
2022-08-23 06:47:48,Hôpital de District Bonassama,O+,78,10,0,68,3.9,2,89.1,normale,Hémoglobine dans les normes,1,6,8,False,True,normal,ensoleillé
2022-08-23 15:53:24,Hôpital de District Bonassama,O+,29,6,0,23,4.0,7,100.0,normale,Attention: proche expiration,1,15,8,False,True,normal,pluvieux
2022-08-23 16:23:33,Hôpital de District Bonassama,O+,70,0,0,70,3.8,6,99.2,normale,"État satisfaisant, contrôle qualité OK",1,16,8,False,True,normal,pluvieux
2022-08-23 17:13:59,Hôpital de District Bonassama,B-,46,4,0,42,3.5,3,83.7,normale,Attention: proche expiration,1,17,8,False,True,normal,orageux
2022-08-23 18:40:34,Hôpital de District Bonassama,A+,56,7,0,49,4.1,7,97.9,normale,Urgent: vérifier température stockage,1,18,8,False,True,normal,orageux
2022-08-24 03:43:03,Hôpital de District Bonassama,A+,36,3,0,33,4.1,15,100.0,normale,Urgent: vérifier température stockage,2,3,8,False,True,normal,nuageux
2022-08-24 04:58:55,Hôpital de District Bonassama,O+,36,7,19,48,3.4,3,81.3,normale,Parfait pour transfusion immédiate,2,4,8,False,True,normal,ensoleillé
2022-08-24 05:03:35,Hôpital de District Bonassama,A+,34,5,21,50,4.6,2,81.6,normale,"Excellent état, conservation parfaite",2,5,8,False,True,normal,nuageux
2022-08-25 00:38:22,Hôpital de District Bonassama,O+,29,6,0,23,3.9,22,91.6,normale,"État satisfaisant, contrôle qualité OK",3,0,8,False,True,normal,nuageux
2022-08-26 04:41:45,Hôpital de District Bonassama,O+,32,10,17,39,4.0,6,100.0,normale,Attention: proche expiration,4,4,8,False,True,normal,orageux
2022-08-27 03:52:00,Hôpital de District Bonassama,O+,27,7,0,20,4.6,8,100.0,normale,Contrôle bactériologique négatif,5,3,8,True,True,normal,ensoleillé
2022-08-27 18:52:45,Hôpital de District Bonassama,O+,41,7,25,59,4.6,2,84.1,normale,"Bon état général, légère variation température",5,18,8,True,True,normal,nuageux
2022-08-27 20:28:43,Hôpital de District Bonassama,A+,36,6,20,50,3.8,39,90.5,normale,Hémoglobine dans les normes,5,20,8,True,True,accident_route,ensoleillé
2022-08-28 01:17:46,Hôpital de District Bonassama,B+,21,9,0,12,4.0,5,100.0,faible,Attention: proche expiration,6,1,8,True,True,normal,nuageux
2022-08-28 06:12:07,Hôpital de District Bonassama,O+,39,11,0,28,4.3,2,80.4,normale,Contrôle bactériologique négatif,6,6,8,True,True,normal,ensoleillé
2022-08-28 10:46:55,Hôpital de District Bonassama,A+,50,4,0,46,4.2,24,95.4,normale,Contrôle bactériologique négatif,6,10,8,True,True,normal,ensoleillé
2022-08-29 01:10:00,Hôpital de District Bonassama,O+,29,14,0,15,4.9,16,100.0,faible,Parfait pour transfusion immédiate,0,1,8,False,True,normal,ensoleillé
2022-08-29 05:35:04,Hôpital de District Bonassama,O+,11,6,0,5,4.1,22,99.6,critique,"URGENT: Stock critique - État satisfaisant, contrôle qualité OK",0,5,8,False,True,normal,ensoleillé
2022-08-29 08:53:58,Hôpital de District Bonassama,B-,35,5,18,48,4.2,12,97.0,normale,Contrôle bactériologique négatif,0,8,8,False,True,normal,orageux
2022-08-29 12:30:19,Hôpital de District Bonassama,A+,58,12,0,46,4.0,21,100.0,normale,"Bon état général, légère variation température",0,12,8,False,True,normal,nuageux
2022-08-30 12:30:54,Hôpital de District Bonassama,A+,52,4,0,48,4.3,1,55.2,attention,Hémoglobine dans les normes,1,12,8,False,True,normal,pluvieux
2022-08-31 02:48:46,Hôpital de District Bonassama,A+,16,10,0,6,4.1,10,98.2,critique,"URGENT: Stock critique - Excellent état, conservation parfaite",2,2,8,False,True,normal,ensoleillé
2022-08-31 09:49:17,Hôpital de District Bonassama,O-,57,11,16,62,3.4,16,99.8,normale,"Bon état général, légère variation température",2,9,8,False,True,normal,pluvieux
2022-08-31 16:40:13,Hôpital de District Bonassama,A+,60,11,0,49,4.3,15,100.0,normale,"Bon état général, légère variation température",2,16,8,False,True,normal,ensoleillé
2022-08-31 21:16:58,Hôpital de District Bonassama,B-,60,11,0,49,3.7,11,98.6,normale,"Bon état général, légère variation température",2,21,8,False,True,normal,ensoleillé
2022-09-01 10:27:42,Hôpital de District Bonassama,A+,70,11,0,59,4.0,18,100.0,normale,"État satisfaisant, contrôle qualité OK",3,10,9,False,False,normal,pluvieux
2022-09-01 14:01:02,Hôpital de District Bonassama,O+,44,3,0,41,4.2,19,95.6,normale,Contrôle bactériologique négatif,3,14,9,False,False,normal,ensoleillé
2022-09-01 22:00:17,Hôpital de District Bonassama,AB-,67,6,0,61,4.7,3,90.0,normale,Hémoglobine dans les normes,3,22,9,False,False,normal,nuageux
2022-09-02 01:49:11,Hôpital de District Bonassama,A+,16,10,21,27,4.0,13,100.0,normale,Contrôle bactériologique négatif,4,1,9,False,False,normal,ensoleillé
2022-09-03 00:28:15,Hôpital de District Bonassama,B+,25,5,0,20,3.6,13,100.0,normale,Urgent: vérifier température stockage,5,0,9,True,False,normal,nuageux
2022-09-03 05:34:56,Hôpital de District Bonassama,O+,15,3,19,31,3.5,42,100.0,normale,Attention: proche expiration,5,5,9,True,False,normal,ensoleillé
2022-09-03 17:33:40,Hôpital de District Bonassama,A+,37,7,0,30,3.7,7,100.0,normale,Parfait pour transfusion immédiate,5,17,9,True,False,normal,orageux
2022-09-03 19:46:27,Hôpital de District Bonassama,O+,38,4,0,34,4.1,2,91.9,normale,Attention: proche expiration,5,19,9,True,False,normal,ensoleillé
2022-09-03 20:15:17,Hôpital de District Bonassama,O+,24,4,0,20,4.4,5,99.7,normale,"Excellent état, conservation parfaite",5,20,9,True,False,normal,ensoleillé
2022-09-04 10:35:28,Hôpital de District Bonassama,O-,29,2,0,27,4.4,10,98.7,normale,Parfait pour transfusion immédiate,6,10,9,True,False,normal,pluvieux
2022-09-05 03:59:35,Hôpital de District Bonassama,B+,18,5,0,13,3.9,1,62.0,faible,Parfait pour transfusion immédiate,0,3,9,False,False,normal,pluvieux
2022-09-05 12:07:32,Hôpital de District Bonassama,O+,73,6,0,67,4.2,26,95.6,normale,Attention: proche expiration,0,12,9,False,False,normal,ensoleillé
2022-09-05 13:18:49,Hôpital de District Bonassama,B+,56,4,21,73,3.4,11,100.0,normale,Contrôle bactériologique négatif,0,13,9,False,False,normal,pluvieux
2022-09-05 20:45:04,Hôpital de District Bonassama,A+,56,8,0,48,3.9,6,100.0,normale,"Bon état général, légère variation température",0,20,9,False,False,normal,ensoleillé
2022-09-06 07:49:05,Hôpital de District Bonassama,A+,34,9,0,25,4.4,7,96.4,normale,Parfait pour transfusion immédiate,1,7,9,False,False,accident_route,pluvieux
2022-09-06 12:01:23,Hôpital de District Bonassama,A+,26,5,0,21,3.6,9,100.0,normale,"État satisfaisant, contrôle qualité OK",1,12,9,False,False,normal,nuageux
2022-09-06 17:34:51,Hôpital de District Bonassama,A+,16,5,18,29,3.6,7,100.0,normale,"Excellent état, conservation parfaite",1,17,9,False,False,normal,pluvieux
2022-09-08 07:09:39,Hôpital de District Bonassama,O+,54,4,0,50,3.9,3,87.7,normale,Urgent: vérifier température stockage,3,7,9,False,False,normal,ensoleillé
2022-09-08 14:15:34,Hôpital de District Bonassama,O+,66,7,0,59,5.0,2,88.2,normale,Urgent: vérifier température stockage,3,14,9,False,False,campagne_don,ensoleillé
2022-09-09 17:07:24,Hôpital de District Bonassama,B+,66,6,0,60,3.9,8,95.4,normale,Attention: proche expiration,4,17,9,False,False,normal,pluvieux
2022-09-10 03:59:28,Hôpital de District Bonassama,O+,20,3,18,35,3.9,14,100.0,normale,Urgent: vérifier température stockage,5,3,9,True,False,normal,ensoleillé
2022-09-10 10:42:11,Hôpital de District Bonassama,A-,50,3,0,47,3.9,3,84.3,normale,Parfait pour transfusion immédiate,5,10,9,True,False,normal,nuageux
2022-09-10 14:11:30,Hôpital de District Bonassama,O+,50,8,0,42,5.3,13,96.0,normale,Urgent: vérifier température stockage,5,14,9,True,False,normal,orageux
2022-09-10 18:34:13,Hôpital de District Bonassama,A+,38,5,0,33,3.9,76,100.0,normale,Hémoglobine dans les normes,5,18,9,True,False,normal,ensoleillé
2022-09-11 04:33:51,Hôpital de District Bonassama,A-,13,4,19,28,4.4,4,80.3,normale,Contrôle bactériologique négatif,6,4,9,True,False,urgence_médicale,ensoleillé
2022-09-11 07:32:43,Hôpital de District Bonassama,O+,26,5,14,35,4.0,21,89.7,normale,Contrôle bactériologique négatif,6,7,9,True,False,normal,pluvieux
2022-09-11 10:47:32,Hôpital de District Bonassama,O+,36,5,0,31,4.3,5,100.0,normale,"Bon état général, légère variation température",6,10,9,True,False,normal,ensoleillé
2022-09-11 20:50:50,Hôpital de District Bonassama,O-,37,3,24,58,4.9,4,79.9,normale,Parfait pour transfusion immédiate,6,20,9,True,False,normal,orageux
2022-09-12 05:14:19,Hôpital de District Bonassama,O+,19,4,0,15,4.0,26,97.8,faible,Parfait pour transfusion immédiate,0,5,9,False,False,normal,nuageux
2022-09-12 06:01:18,Hôpital de District Bonassama,O+,37,5,0,32,4.2,1,62.9,attention,"Excellent état, conservation parfaite",0,6,9,False,False,normal,orageux
2022-09-12 14:31:00,Hôpital de District Bonassama,A+,61,5,0,56,4.0,6,100.0,normale,Contrôle bactériologique négatif,0,14,9,False,False,normal,pluvieux
2022-09-12 20:38:38,Hôpital de District Bonassama,O+,75,15,0,60,4.1,1,62.5,attention,Contrôle bactériologique négatif,0,20,9,False,False,normal,ensoleillé
2022-09-13 03:14:48,Hôpital de District Bonassama,A+,22,6,0,16,3.9,53,99.5,faible,"Excellent état, conservation parfaite",1,3,9,False,False,normal,nuageux
2022-09-13 16:53:30,Hôpital de District Bonassama,O-,40,6,0,34,3.6,9,100.0,normale,Parfait pour transfusion immédiate,1,16,9,False,False,normal,orageux
2022-09-14 01:52:52,Hôpital de District Bonassama,A+,29,16,23,36,4.0,1,64.7,attention,"Bon état général, légère variation température",2,1,9,False,False,normal,pluvieux
2022-09-14 03:59:09,Hôpital de District Bonassama,O+,26,14,23,35,4.2,4,80.4,normale,Urgent: vérifier température stockage,2,3,9,False,False,normal,pluvieux
2022-09-14 11:50:08,Hôpital de District Bonassama,A+,38,8,0,30,5.1,3,91.4,normale,Attention: proche expiration,2,11,9,False,False,normal,ensoleillé
2022-09-14 20:23:54,Hôpital de District Bonassama,A+,44,6,22,60,4.4,28,100.0,normale,Parfait pour transfusion immédiate,2,20,9,False,False,normal,nuageux
2022-09-15 00:04:34,Hôpital de District Bonassama,O+,28,9,22,41,3.6,17,100.0,normale,Hémoglobine dans les normes,3,0,9,False,False,normal,ensoleillé
2022-09-15 11:29:50,Hôpital de District Bonassama,A+,38,4,0,34,3.3,12,98.2,normale,"Excellent état, conservation parfaite",3,11,9,False,False,normal,ensoleillé
2022-09-16 14:54:16,Hôpital de District Bonassama,A+,54,5,27,76,4.7,8,100.0,normale,Attention: proche expiration,4,14,9,False,False,normal,pluvieux
2022-09-18 05:10:35,Hôpital de District Bonassama,A-,33,3,0,30,4.2,4,92.2,normale,Parfait pour transfusion immédiate,6,5,9,True,False,normal,ensoleillé
2022-09-19 09:57:11,Hôpital de District Bonassama,A+,26,5,0,21,4.1,75,95.8,normale,Hémoglobine dans les normes,0,9,9,False,False,normal,pluvieux
2022-09-20 01:22:26,Hôpital de District Bonassama,O+,36,13,0,23,4.0,40,100.0,normale,"Excellent état, conservation parfaite",1,1,9,False,False,normal,pluvieux
2022-09-20 04:39:15,Hôpital de District Bonassama,A+,35,10,0,25,4.5,2,89.8,normale,"Excellent état, conservation parfaite",1,4,9,False,False,normal,ensoleillé
2022-09-20 22:58:41,Hôpital de District Bonassama,B+,36,8,0,28,4.4,6,100.0,normale,Hémoglobine dans les normes,1,22,9,False,False,normal,nuageux
2022-09-21 06:08:35,Hôpital de District Bonassama,O+,49,2,18,65,4.7,32,92.7,normale,Parfait pour transfusion immédiate,2,6,9,False,False,normal,pluvieux
2022-09-21 10:15:33,Hôpital de District Bonassama,A+,74,9,0,65,4.0,14,95.8,normale,Parfait pour transfusion immédiate,2,10,9,False,False,normal,pluvieux
2022-09-21 13:03:32,Hôpital de District Bonassama,A+,79,12,0,67,4.1,45,94.8,normale,Hémoglobine dans les normes,2,13,9,False,False,normal,nuageux
2022-09-21 16:59:10,Hôpital de District Bonassama,O-,51,8,0,43,3.8,8,97.9,normale,"Excellent état, conservation parfaite",2,16,9,False,False,normal,orageux
2022-09-22 05:19:49,Hôpital de District Bonassama,A-,35,9,27,53,3.5,5,90.4,normale,Contrôle bactériologique négatif,3,5,9,False,False,normal,orageux
2022-09-22 07:53:44,Hôpital de District Bonassama,A+,57,6,0,51,4.4,68,100.0,normale,"État satisfaisant, contrôle qualité OK",3,7,9,False,False,normal,pluvieux
2022-09-22 18:45:42,Hôpital de District Bonassama,O+,25,11,26,40,4.2,6,100.0,normale,"État satisfaisant, contrôle qualité OK",3,18,9,False,False,normal,ensoleillé
2022-09-23 03:21:28,Hôpital de District Bonassama,B+,24,8,0,16,3.3,4,78.9,faible,Parfait pour transfusion immédiate,4,3,9,False,False,urgence_médicale,pluvieux
2022-09-23 11:21:20,Hôpital de District Bonassama,O-,49,5,0,44,3.5,10,98.3,normale,Urgent: vérifier température stockage,4,11,9,False,False,normal,ensoleillé
2022-09-23 11:46:00,Hôpital de District Bonassama,A+,44,8,0,36,4.0,9,100.0,normale,Urgent: vérifier température stockage,4,11,9,False,False,normal,ensoleillé
2022-09-23 15:12:33,Hôpital de District Bonassama,AB-,77,5,0,72,4.6,19,98.4,normale,Contrôle bactériologique négatif,4,15,9,False,False,urgence_médicale,ensoleillé
2022-09-23 21:26:17,Hôpital de District Bonassama,O+,46,7,0,39,4.0,4,99.6,normale,Urgent: vérifier température stockage,4,21,9,False,False,normal,pluvieux
2022-09-24 13:05:50,Hôpital de District Bonassama,O+,33,9,0,24,4.3,19,100.0,normale,"État satisfaisant, contrôle qualité OK",5,13,9,True,False,normal,ensoleillé
2022-09-24 20:09:53,Hôpital de District Bonassama,B+,18,4,0,14,3.6,6,97.0,faible,"Bon état général, légère variation température",5,20,9,True,False,normal,orageux
2022-09-25 00:06:08,Hôpital de District Bonassama,O+,21,7,0,14,4.6,23,96.1,faible,Parfait pour transfusion immédiate,6,0,9,True,False,normal,ensoleillé
2022-09-25 14:24:35,Hôpital de District Bonassama,O+,38,5,14,47,5.0,7,94.8,normale,Contrôle bactériologique négatif,6,14,9,True,False,normal,ensoleillé
2022-09-25 19:35:03,Hôpital de District Bonassama,A+,32,5,15,42,4.7,1,67.0,attention,Hémoglobine dans les normes,6,19,9,True,False,normal,nuageux
2022-09-26 04:44:19,Hôpital de District Bonassama,A-,18,10,12,20,4.9,22,100.0,normale,Parfait pour transfusion immédiate,0,4,9,False,False,normal,nuageux
2022-09-27 06:57:39,Hôpital de District Bonassama,B-,67,7,0,60,4.0,6,100.0,normale,Hémoglobine dans les normes,1,6,9,False,False,normal,ensoleillé
2022-09-27 09:00:33,Hôpital de District Bonassama,A+,82,6,0,76,3.8,6,100.0,normale,"Excellent état, conservation parfaite",1,9,9,False,False,normal,pluvieux
2022-09-27 17:56:07,Hôpital de District Bonassama,A+,31,13,20,38,3.7,18,96.8,normale,"Excellent état, conservation parfaite",1,17,9,False,False,normal,ensoleillé
2022-09-28 05:53:20,Hôpital de District Bonassama,A+,31,10,20,41,3.8,15,100.0,normale,Parfait pour transfusion immédiate,2,5,9,False,False,normal,orageux
2022-09-28 08:57:56,Hôpital de District Bonassama,O+,34,7,0,27,4.5,1,61.6,attention,Hémoglobine dans les normes,2,8,9,False,False,normal,orageux
2022-09-28 12:55:44,Hôpital de District Bonassama,O+,39,10,0,29,4.4,14,97.9,normale,Contrôle bactériologique négatif,2,12,9,False,False,normal,nuageux
2022-09-28 17:56:44,Hôpital de District Bonassama,A+,36,9,16,43,4.0,3,95.3,normale,Parfait pour transfusion immédiate,2,17,9,False,False,normal,ensoleillé
2022-09-29 22:35:52,Hôpital de District Bonassama,O+,48,9,0,39,4.2,6,100.0,normale,Attention: proche expiration,3,22,9,False,False,normal,orageux
2022-10-01 01:03:45,Hôpital de District Bonassama,A+,16,2,0,14,3.5,11,100.0,faible,"Excellent état, conservation parfaite",5,1,10,True,False,urgence_médicale,pluvieux
2022-10-01 01:05:57,Hôpital de District Bonassama,AB+,19,3,0,16,4.7,17,98.7,faible,Hémoglobine dans les normes,5,1,10,True,False,normal,ensoleillé
2022-10-01 14:11:18,Hôpital de District Bonassama,A+,47,4,0,43,4.5,4,84.8,normale,"État satisfaisant, contrôle qualité OK",5,14,10,True,False,normal,pluvieux
2022-10-01 15:19:48,Hôpital de District Bonassama,A+,37,2,0,35,3.6,78,97.7,normale,"Excellent état, conservation parfaite",5,15,10,True,False,épidémie,pluvieux
2022-10-01 15:47:48,Hôpital de District Bonassama,A+,26,1,0,25,4.1,31,100.0,normale,"État satisfaisant, contrôle qualité OK",5,15,10,True,False,normal,ensoleillé
2022-10-02 02:29:44,Hôpital de District Bonassama,A+,19,4,0,15,4.3,22,100.0,faible,Contrôle bactériologique négatif,6,2,10,True,False,normal,ensoleillé
2022-10-02 15:29:55,Hôpital de District Bonassama,O+,28,11,0,17,5.0,2,86.5,faible,"Excellent état, conservation parfaite",6,15,10,True,False,normal,nuageux
2022-10-04 05:19:03,Hôpital de District Bonassama,A+,20,2,0,18,4.4,3,78.5,faible,Contrôle bactériologique négatif,1,5,10,False,False,normal,nuageux
2022-10-05 06:28:51,Hôpital de District Bonassama,O+,38,11,0,27,4.5,27,95.5,normale,"Bon état général, légère variation température",2,6,10,False,False,normal,pluvieux
2022-10-06 00:08:47,Hôpital de District Bonassama,A+,20,5,0,15,4.8,15,100.0,faible,"État satisfaisant, contrôle qualité OK",3,0,10,False,False,normal,nuageux
2022-10-06 04:43:33,Hôpital de District Bonassama,A+,22,8,0,14,4.8,2,83.1,faible,Parfait pour transfusion immédiate,3,4,10,False,False,normal,ensoleillé
2022-10-07 00:55:18,Hôpital de District Bonassama,B+,26,9,0,17,3.6,8,97.3,faible,Hémoglobine dans les normes,4,0,10,False,False,normal,pluvieux
2022-10-07 17:11:45,Hôpital de District Bonassama,A+,43,8,0,35,5.3,40,88.7,normale,Contrôle bactériologique négatif,4,17,10,False,False,normal,pluvieux
2022-10-08 03:56:22,Hôpital de District Bonassama,AB-,9,6,0,3,4.0,1,67.3,critique,"URGENT: Stock critique - État satisfaisant, contrôle qualité OK",5,3,10,True,False,normal,pluvieux
2022-10-08 05:45:32,Hôpital de District Bonassama,O+,14,7,0,7,3.9,42,100.0,critique,URGENT: Stock critique - Urgent: vérifier température stockage,5,5,10,True,False,normal,ensoleillé
2022-10-08 14:11:47,Hôpital de District Bonassama,A+,54,5,0,49,4.3,14,100.0,normale,Hémoglobine dans les normes,5,14,10,True,False,normal,pluvieux
2022-10-08 14:12:48,Hôpital de District Bonassama,O+,27,2,0,25,3.7,5,100.0,normale,Urgent: vérifier température stockage,5,14,10,True,False,normal,ensoleillé
2022-10-08 23:41:09,Hôpital de District Bonassama,B+,25,6,0,19,3.6,5,100.0,faible,Parfait pour transfusion immédiate,5,23,10,True,False,normal,ensoleillé
2022-10-09 00:57:52,Hôpital de District Bonassama,O+,7,9,26,26,4.1,4,77.5,normale,"Excellent état, conservation parfaite",6,0,10,True,False,normal,ensoleillé
2022-10-09 09:11:54,Hôpital de District Bonassama,A+,45,3,0,42,5.0,26,94.6,normale,Urgent: vérifier température stockage,6,9,10,True,False,normal,pluvieux
2022-10-09 13:54:45,Hôpital de District Bonassama,A-,50,6,0,44,4.2,7,100.0,normale,Attention: proche expiration,6,13,10,True,False,normal,orageux
2022-10-09 21:45:18,Hôpital de District Bonassama,A+,46,6,0,40,4.1,4,86.9,normale,"Bon état général, légère variation température",6,21,10,True,False,normal,pluvieux
2022-10-10 04:18:04,Hôpital de District Bonassama,A-,24,11,0,13,3.5,12,95.6,faible,"Excellent état, conservation parfaite",0,4,10,False,False,normal,orageux
2022-10-10 23:01:59,Hôpital de District Bonassama,A+,28,9,0,19,4.2,16,100.0,faible,Urgent: vérifier température stockage,0,23,10,False,False,normal,orageux
2022-10-11 09:30:22,Hôpital de District Bonassama,O+,83,7,32,108,4.4,34,99.1,normale,"Excellent état, conservation parfaite",1,9,10,False,False,normal,ensoleillé
2022-10-11 23:23:48,Hôpital de District Bonassama,O+,34,9,0,25,4.0,48,94.9,normale,Parfait pour transfusion immédiate,1,23,10,False,False,normal,ensoleillé
2022-10-12 00:05:59,Hôpital de District Bonassama,A-,30,3,0,27,4.1,2,77.6,normale,Contrôle bactériologique négatif,2,0,10,False,False,normal,pluvieux
2022-10-12 02:32:28,Hôpital de District Bonassama,O+,14,13,18,19,4.0,4,74.6,faible,Attention: proche expiration,2,2,10,False,False,normal,pluvieux
2022-10-12 02:52:34,Hôpital de District Bonassama,A-,18,11,0,7,4.1,8,100.0,critique,URGENT: Stock critique - Parfait pour transfusion immédiate,2,2,10,False,False,urgence_médicale,nuageux
2022-10-13 09:36:14,Hôpital de District Bonassama,O+,55,10,0,45,4.1,21,95.0,normale,"Bon état général, légère variation température",3,9,10,False,False,urgence_médicale,pluvieux
2022-10-13 11:30:53,Hôpital de District Bonassama,A-,50,4,0,46,3.4,15,93.3,normale,Urgent: vérifier température stockage,3,11,10,False,False,normal,pluvieux
2022-10-13 11:50:04,Hôpital de District Bonassama,O+,77,9,0,68,4.3,5,100.0,normale,Parfait pour transfusion immédiate,3,11,10,False,False,normal,pluvieux
2022-10-13 14:11:49,Hôpital de District Bonassama,A+,38,13,0,25,4.2,3,87.5,normale,Urgent: vérifier température stockage,3,14,10,False,False,normal,pluvieux
2022-10-14 15:56:17,Hôpital de District Bonassama,A+,68,7,14,75,4.1,4,77.5,normale,Hémoglobine dans les normes,4,15,10,False,False,normal,pluvieux
2022-10-14 22:46:15,Hôpital de District Bonassama,A-,33,13,0,20,4.1,20,100.0,normale,Hémoglobine dans les normes,4,22,10,False,False,normal,pluvieux
2022-10-15 07:56:43,Hôpital de District Bonassama,A+,25,8,17,34,4.7,1,59.0,attention,Contrôle bactériologique négatif,5,7,10,True,False,normal,nuageux
2022-10-15 13:16:11,Hôpital de District Bonassama,O+,38,2,0,36,3.8,17,95.0,normale,Parfait pour transfusion immédiate,5,13,10,True,False,normal,ensoleillé
2022-10-16 03:16:46,Hôpital de District Bonassama,O+,7,4,18,21,4.3,9,99.9,normale,Urgent: vérifier température stockage,6,3,10,True,False,normal,ensoleillé
2022-10-16 20:45:41,Hôpital de District Bonassama,O+,21,7,0,14,3.9,8,97.8,faible,Urgent: vérifier température stockage,6,20,10,True,False,normal,ensoleillé
2022-10-17 14:04:35,Hôpital de District Bonassama,AB+,39,9,0,30,3.9,5,98.0,normale,Contrôle bactériologique négatif,0,14,10,False,False,normal,ensoleillé
2022-10-17 15:38:17,Hôpital de District Bonassama,A+,48,13,15,50,3.6,15,100.0,normale,Parfait pour transfusion immédiate,0,15,10,False,False,normal,orageux
2022-10-17 22:55:46,Hôpital de District Bonassama,A+,49,4,16,61,3.8,12,92.4,normale,Contrôle bactériologique négatif,0,22,10,False,False,normal,orageux
2022-10-19 12:13:43,Hôpital de District Bonassama,B+,48,12,0,36,3.5,22,100.0,normale,Urgent: vérifier température stockage,2,12,10,False,False,normal,pluvieux
2022-10-19 14:27:59,Hôpital de District Bonassama,O+,40,6,10,44,3.0,8,100.0,normale,Contrôle bactériologique négatif,2,14,10,False,False,normal,pluvieux
2022-10-19 18:32:25,Hôpital de District Bonassama,A+,66,3,0,63,4.3,11,100.0,normale,Attention: proche expiration,2,18,10,False,False,normal,nuageux
2022-10-19 20:54:19,Hôpital de District Bonassama,A-,64,6,0,58,4.2,49,100.0,normale,Urgent: vérifier température stockage,2,20,10,False,False,normal,pluvieux
2022-10-20 02:10:44,Hôpital de District Bonassama,O+,20,9,0,11,3.7,34,100.0,faible,"Excellent état, conservation parfaite",3,2,10,False,False,normal,pluvieux
2022-10-20 21:17:09,Hôpital de District Bonassama,O+,53,8,0,45,3.5,10,100.0,normale,Parfait pour transfusion immédiate,3,21,10,False,False,normal,ensoleillé
2022-10-20 22:57:01,Hôpital de District Bonassama,O+,47,7,0,40,3.7,2,85.2,normale,Hémoglobine dans les normes,3,22,10,False,False,normal,pluvieux
2022-10-22 07:56:29,Hôpital de District Bonassama,A+,33,6,16,43,4.4,10,97.2,normale,Contrôle bactériologique négatif,5,7,10,True,False,normal,ensoleillé
2022-10-22 14:13:32,Hôpital de District Bonassama,O+,38,6,25,57,4.2,36,99.2,normale,"Excellent état, conservation parfaite",5,14,10,True,False,campagne_don,nuageux
2022-10-22 20:32:15,Hôpital de District Bonassama,O+,35,6,0,29,4.6,10,100.0,normale,Attention: proche expiration,5,20,10,True,False,normal,pluvieux
2022-10-23 05:04:08,Hôpital de District Bonassama,A+,10,2,0,8,3.7,1,63.1,critique,"URGENT: Stock critique - État satisfaisant, contrôle qualité OK",6,5,10,True,False,normal,orageux
2022-10-23 06:03:59,Hôpital de District Bonassama,O+,23,7,21,37,4.2,2,74.3,normale,Attention: proche expiration,6,6,10,True,False,normal,ensoleillé
2022-10-23 23:40:41,Hôpital de District Bonassama,A+,6,6,0,0,3.7,3,90.1,critique,"URGENT: Stock critique - Excellent état, conservation parfaite",6,23,10,True,False,normal,nuageux
2022-10-24 08:53:16,Hôpital de District Bonassama,O+,32,4,0,28,4.0,31,100.0,normale,Urgent: vérifier température stockage,0,8,10,False,False,campagne_don,orageux
2022-10-24 12:41:59,Hôpital de District Bonassama,B+,34,3,0,31,3.9,8,100.0,normale,Contrôle bactériologique négatif,0,12,10,False,False,normal,orageux
2022-10-25 06:35:37,Hôpital de District Bonassama,O+,75,4,21,92,3.6,25,86.6,normale,"État satisfaisant, contrôle qualité OK",1,6,10,False,False,normal,pluvieux
2022-10-25 11:55:20,Hôpital de District Bonassama,O+,36,6,0,30,4.5,3,86.2,normale,"Bon état général, légère variation température",1,11,10,False,False,accident_route,pluvieux
2022-10-25 12:56:27,Hôpital de District Bonassama,O+,46,9,0,37,3.9,42,100.0,normale,Contrôle bactériologique négatif,1,12,10,False,False,normal,orageux
2022-10-25 22:20:41,Hôpital de District Bonassama,A+,59,10,0,49,4.2,14,96.4,normale,"Excellent état, conservation parfaite",1,22,10,False,False,normal,ensoleillé
2022-10-26 06:52:25,Hôpital de District Bonassama,O+,43,10,0,33,4.1,3,95.1,normale,Contrôle bactériologique négatif,2,6,10,False,False,normal,pluvieux
2022-10-26 07:54:27,Hôpital de District Bonassama,AB+,47,6,0,41,3.2,16,100.0,normale,"Excellent état, conservation parfaite",2,7,10,False,False,normal,nuageux
2022-10-26 12:21:21,Hôpital de District Bonassama,AB-,32,14,14,32,4.4,6,100.0,normale,"État satisfaisant, contrôle qualité OK",2,12,10,False,False,normal,ensoleillé
2022-10-26 21:09:09,Hôpital de District Bonassama,A+,20,9,0,11,4.2,1,55.0,faible,Contrôle bactériologique négatif,2,21,10,False,False,normal,orageux
2022-10-27 18:23:20,Hôpital de District Bonassama,O+,51,7,0,44,4.5,36,94.0,normale,"Bon état général, légère variation température",3,18,10,False,False,normal,ensoleillé
2022-10-28 21:58:05,Hôpital de District Bonassama,A+,72,11,0,61,3.9,50,94.1,normale,Urgent: vérifier température stockage,4,21,10,False,False,normal,ensoleillé
2022-10-29 15:57:06,Hôpital de District Bonassama,O+,43,7,0,36,4.1,9,98.1,normale,"État satisfaisant, contrôle qualité OK",5,15,10,True,False,normal,ensoleillé
2022-10-29 17:28:48,Hôpital de District Bonassama,O+,28,5,17,40,4.1,36,89.5,normale,Attention: proche expiration,5,17,10,True,False,normal,pluvieux
2022-10-29 19:51:02,Hôpital de District Bonassama,A-,45,4,0,41,3.7,2,83.9,normale,"Excellent état, conservation parfaite",5,19,10,True,False,normal,pluvieux
2022-10-30 00:25:27,Hôpital de District Bonassama,B+,25,5,0,20,3.8,47,93.3,normale,Urgent: vérifier température stockage,6,0,10,True,False,normal,pluvieux
2022-10-30 23:26:27,Hôpital de District Bonassama,O+,15,4,28,39,4.6,7,100.0,normale,Urgent: vérifier température stockage,6,23,10,True,False,normal,orageux
2022-10-31 00:04:44,Hôpital de District Bonassama,B+,23,8,0,15,4.0,7,92.1,faible,"Excellent état, conservation parfaite",0,0,10,False,False,normal,ensoleillé
2022-10-31 03:44:02,Hôpital de District Bonassama,O+,19,4,0,15,3.5,24,89.1,faible,"État satisfaisant, contrôle qualité OK",0,3,10,False,False,normal,orageux
2022-10-31 19:16:09,Hôpital de District Bonassama,B+,69,10,14,73,4.2,17,98.0,normale,Contrôle bactériologique négatif,0,19,10,False,False,normal,pluvieux
2022-11-02 04:13:41,Hôpital de District Bonassama,O+,18,7,0,11,4.2,10,100.0,faible,"État satisfaisant, contrôle qualité OK",2,4,11,False,False,normal,ensoleillé
2022-11-02 10:33:56,Hôpital de District Bonassama,O+,34,8,0,26,3.1,4,86.5,normale,Parfait pour transfusion immédiate,2,10,11,False,False,normal,ensoleillé
2022-11-02 22:53:50,Hôpital de District Bonassama,O+,44,10,0,34,4.5,43,96.9,normale,"Bon état général, légère variation température",2,22,11,False,False,campagne_don,ensoleillé
2022-11-03 14:42:43,Hôpital de District Bonassama,A+,24,10,0,14,4.2,97,100.0,faible,"Bon état général, légère variation température",3,14,11,False,False,accident_route,orageux
2022-11-03 15:49:08,Hôpital de District Bonassama,B+,24,8,0,16,3.7,1,57.6,faible,Urgent: vérifier température stockage,3,15,11,False,False,normal,ensoleillé
2022-11-04 09:37:33,Hôpital de District Bonassama,A+,27,9,0,18,4.6,3,83.4,faible,Hémoglobine dans les normes,4,9,11,False,False,normal,pluvieux
2022-11-05 10:18:16,Hôpital de District Bonassama,O-,35,5,0,30,3.2,21,100.0,normale,"Bon état général, légère variation température",5,10,11,True,False,normal,nuageux
2022-11-05 17:37:34,Hôpital de District Bonassama,A-,23,9,0,14,3.3,5,100.0,faible,"Excellent état, conservation parfaite",5,17,11,True,False,normal,pluvieux
2022-11-06 05:40:35,Hôpital de District Bonassama,O-,31,6,0,25,4.5,14,100.0,normale,Hémoglobine dans les normes,6,5,11,True,False,normal,ensoleillé
2022-11-08 07:09:42,Hôpital de District Bonassama,O+,38,7,0,31,3.6,10,97.1,normale,"État satisfaisant, contrôle qualité OK",1,7,11,False,False,normal,nuageux
2022-11-08 14:15:13,Hôpital de District Bonassama,O+,33,8,0,25,4.3,16,97.6,normale,Hémoglobine dans les normes,1,14,11,False,False,normal,pluvieux
2022-11-09 10:46:10,Hôpital de District Bonassama,O+,64,7,0,57,3.4,1,62.7,attention,"Excellent état, conservation parfaite",2,10,11,False,False,normal,nuageux
2022-11-09 17:24:16,Hôpital de District Bonassama,O+,36,6,25,55,4.7,15,98.0,normale,Contrôle bactériologique négatif,2,17,11,False,False,normal,ensoleillé
2022-11-10 05:37:40,Hôpital de District Bonassama,A+,27,12,23,38,2.9,42,95.8,normale,Hémoglobine dans les normes,3,5,11,False,False,normal,ensoleillé
2022-11-10 14:55:18,Hôpital de District Bonassama,A+,37,6,0,31,5.0,20,100.0,normale,Attention: proche expiration,3,14,11,False,False,normal,ensoleillé
2022-11-10 20:56:26,Hôpital de District Bonassama,O+,34,6,0,28,4.5,1,59.5,attention,Contrôle bactériologique négatif,3,20,11,False,False,normal,ensoleillé
2022-11-11 03:22:30,Hôpital de District Bonassama,O+,18,1,0,17,4.8,8,100.0,faible,Parfait pour transfusion immédiate,4,3,11,False,False,normal,pluvieux
2022-11-11 11:15:48,Hôpital de District Bonassama,O+,37,2,19,54,4.4,33,100.0,normale,"Bon état général, légère variation température",4,11,11,False,False,normal,ensoleillé
2022-11-11 22:53:18,Hôpital de District Bonassama,A+,55,11,0,44,4.5,25,99.8,normale,Hémoglobine dans les normes,4,22,11,False,False,normal,nuageux
2022-11-12 04:32:34,Hôpital de District Bonassama,B+,21,4,16,33,5.0,28,99.2,normale,Parfait pour transfusion immédiate,5,4,11,True,False,normal,orageux
2022-11-12 08:53:58,Hôpital de District Bonassama,B+,40,4,24,60,3.7,2,75.3,normale,"Bon état général, légère variation température",5,8,11,True,False,normal,ensoleillé
2022-11-13 23:49:53,Hôpital de District Bonassama,O+,12,4,23,31,4.3,17,99.9,normale,"État satisfaisant, contrôle qualité OK",6,23,11,True,False,normal,orageux
2022-11-14 02:30:09,Hôpital de District Bonassama,O+,20,5,0,15,3.8,53,96.8,faible,Parfait pour transfusion immédiate,0,2,11,False,False,normal,pluvieux
2022-11-14 12:00:49,Hôpital de District Bonassama,O-,57,9,0,48,4.5,78,100.0,normale,Contrôle bactériologique négatif,0,12,11,False,False,normal,pluvieux
2022-11-14 19:53:19,Hôpital de District Bonassama,A+,46,13,0,33,4.5,27,100.0,normale,Hémoglobine dans les normes,0,19,11,False,False,normal,ensoleillé
2022-11-14 20:14:29,Hôpital de District Bonassama,A+,83,7,0,76,3.0,35,94.9,normale,Parfait pour transfusion immédiate,0,20,11,False,False,normal,pluvieux
2022-11-15 00:53:58,Hôpital de District Bonassama,O+,21,12,0,9,4.9,31,100.0,critique,URGENT: Stock critique - Contrôle bactériologique négatif,1,0,11,False,False,normal,nuageux
2022-11-16 01:14:56,Hôpital de District Bonassama,A+,25,11,0,14,3.9,54,97.3,faible,"Excellent état, conservation parfaite",2,1,11,False,False,normal,nuageux
2022-11-16 01:46:33,Hôpital de District Bonassama,A+,30,8,0,22,4.2,8,96.3,normale,Attention: proche expiration,2,1,11,False,False,normal,nuageux
2022-11-16 03:32:43,Hôpital de District Bonassama,A+,26,6,0,20,4.3,20,97.8,normale,"Excellent état, conservation parfaite",2,3,11,False,False,normal,nuageux
2022-11-16 07:30:06,Hôpital de District Bonassama,A+,32,6,21,47,4.1,6,90.1,normale,"Excellent état, conservation parfaite",2,7,11,False,False,normal,pluvieux
2022-11-16 11:54:20,Hôpital de District Bonassama,A+,52,8,0,44,4.5,4,82.5,normale,Contrôle bactériologique négatif,2,11,11,False,False,normal,pluvieux
2022-11-16 18:29:24,Hôpital de District Bonassama,O-,88,16,0,72,3.9,28,95.4,normale,Attention: proche expiration,2,18,11,False,False,normal,pluvieux
2022-11-16 18:49:43,Hôpital de District Bonassama,A-,46,10,20,56,4.2,8,100.0,normale,"Excellent état, conservation parfaite",2,18,11,False,False,normal,ensoleillé
2022-11-16 19:18:46,Hôpital de District Bonassama,B+,42,5,0,37,3.8,5,95.1,normale,"État satisfaisant, contrôle qualité OK",2,19,11,False,False,normal,pluvieux
2022-11-17 00:08:03,Hôpital de District Bonassama,A+,13,9,14,18,4.0,7,91.7,faible,"Excellent état, conservation parfaite",3,0,11,False,False,normal,pluvieux
2022-11-17 08:10:38,Hôpital de District Bonassama,O+,45,4,0,41,5.4,2,87.3,normale,"État satisfaisant, contrôle qualité OK",3,8,11,False,False,normal,orageux
2022-11-17 11:20:12,Hôpital de District Bonassama,O+,26,4,0,22,3.8,1,55.3,attention,"État satisfaisant, contrôle qualité OK",3,11,11,False,False,normal,ensoleillé
2022-11-17 17:54:22,Hôpital de District Bonassama,B+,77,1,0,76,4.8,1,68.4,attention,Urgent: vérifier température stockage,3,17,11,False,False,normal,ensoleillé
2022-11-17 19:56:12,Hôpital de District Bonassama,O+,68,5,0,63,3.3,3,80.8,normale,Parfait pour transfusion immédiate,3,19,11,False,False,normal,orageux
2022-11-17 23:29:35,Hôpital de District Bonassama,O-,16,11,15,20,4.0,22,92.4,normale,"Excellent état, conservation parfaite",3,23,11,False,False,normal,ensoleillé
2022-11-18 05:18:15,Hôpital de District Bonassama,A+,24,4,0,20,3.2,26,93.4,normale,"État satisfaisant, contrôle qualité OK",4,5,11,False,False,normal,pluvieux
2022-11-18 05:19:15,Hôpital de District Bonassama,O+,24,10,0,14,3.7,16,98.2,faible,Urgent: vérifier température stockage,4,5,11,False,False,normal,nuageux
2022-11-18 12:13:03,Hôpital de District Bonassama,O+,20,10,0,10,3.9,16,97.0,faible,Hémoglobine dans les normes,4,12,11,False,False,normal,ensoleillé
2022-11-18 14:16:04,Hôpital de District Bonassama,A+,40,9,24,55,4.3,35,100.0,normale,"Excellent état, conservation parfaite",4,14,11,False,False,normal,nuageux
2022-11-19 00:57:33,Hôpital de District Bonassama,A+,15,6,0,9,4.1,1,56.6,critique,URGENT: Stock critique - Attention: proche expiration,5,0,11,True,False,normal,nuageux
2022-11-19 19:31:39,Hôpital de District Bonassama,O+,26,2,28,52,4.2,10,91.9,normale,"État satisfaisant, contrôle qualité OK",5,19,11,True,False,épidémie,nuageux
2022-11-20 12:52:24,Hôpital de District Bonassama,A+,33,4,0,29,4.7,15,94.4,normale,Contrôle bactériologique négatif,6,12,11,True,False,normal,ensoleillé
2022-11-21 00:21:57,Hôpital de District Bonassama,A-,17,5,0,12,3.6,46,100.0,faible,Hémoglobine dans les normes,0,0,11,False,False,normal,pluvieux
2022-11-21 06:21:09,Hôpital de District Bonassama,A+,75,8,0,67,3.8,2,83.7,normale,Contrôle bactériologique négatif,0,6,11,False,False,normal,ensoleillé
2022-11-21 08:13:10,Hôpital de District Bonassama,O+,36,9,23,50,3.9,34,100.0,normale,Attention: proche expiration,0,8,11,False,False,normal,ensoleillé
2022-11-21 11:49:54,Hôpital de District Bonassama,A+,51,6,0,45,3.6,42,97.8,normale,Urgent: vérifier température stockage,0,11,11,False,False,normal,orageux
2022-11-22 02:37:47,Hôpital de District Bonassama,O+,31,11,0,20,4.4,12,97.4,normale,"État satisfaisant, contrôle qualité OK",1,2,11,False,False,normal,pluvieux
2022-11-22 04:28:35,Hôpital de District Bonassama,O+,37,5,0,32,4.0,12,100.0,normale,"Bon état général, légère variation température",1,4,11,False,False,normal,ensoleillé
2022-11-22 13:05:20,Hôpital de District Bonassama,A+,71,8,0,63,3.0,32,99.9,normale,"Bon état général, légère variation température",1,13,11,False,False,normal,nuageux
2022-11-22 15:06:12,Hôpital de District Bonassama,O+,30,4,0,26,4.7,6,100.0,normale,Parfait pour transfusion immédiate,1,15,11,False,False,normal,nuageux
2022-11-22 22:54:11,Hôpital de District Bonassama,O+,56,8,0,48,4.0,23,100.0,normale,"État satisfaisant, contrôle qualité OK",1,22,11,False,False,normal,ensoleillé
2022-11-23 21:36:45,Hôpital de District Bonassama,O+,22,7,24,39,3.6,45,95.8,normale,"Excellent état, conservation parfaite",2,21,11,False,False,normal,ensoleillé
2022-11-24 10:32:16,Hôpital de District Bonassama,O-,46,8,0,38,3.9,5,92.2,normale,"Bon état général, légère variation température",3,10,11,False,False,normal,ensoleillé
2022-11-24 19:00:24,Hôpital de District Bonassama,B+,26,8,18,36,4.5,9,96.9,normale,Hémoglobine dans les normes,3,19,11,False,False,normal,nuageux
2022-11-25 00:30:08,Hôpital de District Bonassama,O+,30,10,0,20,4.5,10,100.0,normale,Contrôle bactériologique négatif,4,0,11,False,False,normal,pluvieux
2022-11-25 03:28:05,Hôpital de District Bonassama,O+,17,3,0,14,4.1,2,84.1,faible,Attention: proche expiration,4,3,11,False,False,normal,ensoleillé
2022-11-25 20:16:48,Hôpital de District Bonassama,A+,61,9,21,73,4.9,51,100.0,normale,Parfait pour transfusion immédiate,4,20,11,False,False,normal,ensoleillé
2022-11-27 15:42:03,Hôpital de District Bonassama,O-,18,3,0,15,3.9,8,100.0,faible,"Excellent état, conservation parfaite",6,15,11,True,False,normal,ensoleillé
2022-11-28 01:09:27,Hôpital de District Bonassama,O+,23,7,26,42,4.1,26,100.0,normale,"État satisfaisant, contrôle qualité OK",0,1,11,False,False,normal,pluvieux
2022-11-28 02:18:58,Hôpital de District Bonassama,B+,29,11,23,41,3.7,2,82.5,normale,Urgent: vérifier température stockage,0,2,11,False,False,normal,ensoleillé
2022-11-28 15:32:50,Hôpital de District Bonassama,O+,78,13,0,65,3.3,21,100.0,normale,"Excellent état, conservation parfaite",0,15,11,False,False,normal,pluvieux
2022-11-29 12:33:20,Hôpital de District Bonassama,A+,27,6,0,21,3.2,5,94.8,normale,Parfait pour transfusion immédiate,1,12,11,False,False,normal,ensoleillé
2022-11-30 09:35:34,Hôpital de District Bonassama,A+,71,7,20,84,4.1,2,85.8,normale,Parfait pour transfusion immédiate,2,9,11,False,False,urgence_médicale,nuageux
2022-11-30 15:26:43,Hôpital de District Bonassama,A+,49,4,17,62,3.8,9,100.0,normale,Parfait pour transfusion immédiate,2,15,11,False,False,normal,nuageux
2022-12-01 07:53:44,Hôpital de District Bonassama,O+,62,15,19,66,4.4,6,100.0,normale,Contrôle bactériologique négatif,3,7,12,False,True,normal,ensoleillé
2022-12-01 08:16:22,Hôpital de District Bonassama,O-,48,8,0,40,3.8,15,93.4,normale,"Bon état général, légère variation température",3,8,12,False,True,normal,ensoleillé
2022-12-01 10:44:36,Hôpital de District Bonassama,O-,42,5,0,37,4.4,27,100.0,normale,Urgent: vérifier température stockage,3,10,12,False,True,normal,ensoleillé
2022-12-01 12:28:40,Hôpital de District Bonassama,O+,47,11,0,36,4.6,3,92.8,normale,Hémoglobine dans les normes,3,12,12,False,True,normal,pluvieux
2022-12-01 17:04:33,Hôpital de District Bonassama,A+,50,15,0,35,3.8,16,97.0,normale,Contrôle bactériologique négatif,3,17,12,False,True,normal,pluvieux
2022-12-01 23:08:57,Hôpital de District Bonassama,O+,42,5,0,37,3.7,21,95.9,normale,"État satisfaisant, contrôle qualité OK",3,23,12,False,True,normal,nuageux
2022-12-01 23:57:58,Hôpital de District Bonassama,B+,49,13,0,36,4.0,14,100.0,normale,Hémoglobine dans les normes,3,23,12,False,True,normal,pluvieux
2022-12-03 06:02:10,Hôpital de District Bonassama,O+,52,6,0,46,3.5,10,100.0,normale,Contrôle bactériologique négatif,5,6,12,True,True,normal,nuageux
2022-12-03 10:37:12,Hôpital de District Bonassama,O+,46,10,0,36,4.9,2,79.8,normale,"Excellent état, conservation parfaite",5,10,12,True,True,normal,ensoleillé
2022-12-03 20:58:00,Hôpital de District Bonassama,O+,68,7,17,78,3.5,20,94.8,normale,Attention: proche expiration,5,20,12,True,True,normal,ensoleillé
2022-12-04 06:58:58,Hôpital de District Bonassama,A+,55,1,0,54,3.8,14,88.7,normale,Attention: proche expiration,6,6,12,True,True,normal,ensoleillé
2022-12-04 12:51:20,Hôpital de District Bonassama,B+,62,6,20,76,3.7,10,97.3,normale,Hémoglobine dans les normes,6,12,12,True,True,normal,pluvieux
2022-12-04 15:53:57,Hôpital de District Bonassama,O-,50,4,22,68,3.4,38,99.3,normale,"État satisfaisant, contrôle qualité OK",6,15,12,True,True,normal,ensoleillé
2022-12-04 16:02:07,Hôpital de District Bonassama,O-,50,7,0,43,3.9,6,96.4,normale,Parfait pour transfusion immédiate,6,16,12,True,True,normal,ensoleillé
2022-12-04 20:33:57,Hôpital de District Bonassama,B+,47,10,0,37,3.4,2,85.9,normale,"Excellent état, conservation parfaite",6,20,12,True,True,normal,ensoleillé
2022-12-05 16:42:04,Hôpital de District Bonassama,O+,42,2,19,59,4.5,37,100.0,normale,"Bon état général, légère variation température",0,16,12,False,True,normal,nuageux
2022-12-05 19:43:21,Hôpital de District Bonassama,A+,52,12,16,56,3.8,7,96.1,normale,Contrôle bactériologique négatif,0,19,12,False,True,normal,ensoleillé
2022-12-06 12:15:11,Hôpital de District Bonassama,O-,43,8,0,35,3.1,10,100.0,normale,Urgent: vérifier température stockage,1,12,12,False,True,normal,orageux
2022-12-06 19:04:46,Hôpital de District Bonassama,A+,47,9,0,38,3.4,63,100.0,normale,Urgent: vérifier température stockage,1,19,12,False,True,normal,ensoleillé
2022-12-07 00:25:00,Hôpital de District Bonassama,O-,32,13,19,38,3.1,9,100.0,normale,"Bon état général, légère variation température",2,0,12,False,True,normal,ensoleillé
2022-12-07 09:00:55,Hôpital de District Bonassama,B+,93,15,0,78,3.8,20,100.0,normale,Hémoglobine dans les normes,2,9,12,False,True,normal,pluvieux
2022-12-07 12:40:42,Hôpital de District Bonassama,A+,60,7,21,74,5.5,1,66.5,attention,Contrôle bactériologique négatif,2,12,12,False,True,normal,ensoleillé
2022-12-08 23:54:09,Hôpital de District Bonassama,O+,30,5,0,25,4.5,24,95.9,normale,"Excellent état, conservation parfaite",3,23,12,False,True,normal,pluvieux
2022-12-09 13:33:17,Hôpital de District Bonassama,O+,78,8,0,70,3.7,2,81.1,normale,Parfait pour transfusion immédiate,4,13,12,False,True,normal,nuageux
2022-12-10 04:30:17,Hôpital de District Bonassama,A+,19,13,0,6,5.0,6,100.0,critique,URGENT: Stock critique - Urgent: vérifier température stockage,5,4,12,True,True,normal,ensoleillé
2022-12-11 12:36:04,Hôpital de District Bonassama,O+,24,5,19,38,3.9,6,95.4,normale,Attention: proche expiration,6,12,12,True,True,normal,nuageux
2022-12-11 19:03:07,Hôpital de District Bonassama,A+,58,8,0,50,5.2,2,81.2,normale,Hémoglobine dans les normes,6,19,12,True,True,normal,ensoleillé
2022-12-11 19:37:41,Hôpital de District Bonassama,A+,30,10,0,20,3.4,13,97.3,normale,Urgent: vérifier température stockage,6,19,12,True,True,normal,nuageux
2022-12-11 19:56:14,Hôpital de District Bonassama,O+,29,6,0,23,3.2,41,99.0,normale,"État satisfaisant, contrôle qualité OK",6,19,12,True,True,normal,ensoleillé
2022-12-12 10:28:38,Hôpital de District Bonassama,O+,68,15,0,53,4.2,28,99.8,normale,Attention: proche expiration,0,10,12,False,True,normal,pluvieux
2022-12-12 12:03:44,Hôpital de District Bonassama,O+,87,5,0,82,3.2,8,100.0,normale,Urgent: vérifier température stockage,0,12,12,False,True,normal,pluvieux
2022-12-12 12:30:38,Hôpital de District Bonassama,A+,92,9,0,83,4.0,12,98.0,normale,Contrôle bactériologique négatif,0,12,12,False,True,normal,ensoleillé
2022-12-12 22:04:27,Hôpital de District Bonassama,A+,46,15,0,31,4.0,35,99.0,normale,"Excellent état, conservation parfaite",0,22,12,False,True,normal,pluvieux
2022-12-13 02:08:21,Hôpital de District Bonassama,B+,29,5,0,24,3.7,5,97.0,normale,"Bon état général, légère variation température",1,2,12,False,True,normal,ensoleillé
2022-12-13 02:53:19,Hôpital de District Bonassama,A+,38,12,0,26,4.8,7,95.5,normale,"Excellent état, conservation parfaite",1,2,12,False,True,normal,nuageux
2022-12-13 07:50:38,Hôpital de District Bonassama,O-,52,8,0,44,3.6,48,100.0,normale,Parfait pour transfusion immédiate,1,7,12,False,True,normal,orageux
2022-12-13 08:28:20,Hôpital de District Bonassama,O+,68,8,20,80,3.6,6,98.7,normale,Urgent: vérifier température stockage,1,8,12,False,True,normal,orageux
2022-12-13 08:57:54,Hôpital de District Bonassama,B+,90,9,18,99,4.1,1,61.8,attention,Attention: proche expiration,1,8,12,False,True,normal,pluvieux
2022-12-13 11:58:14,Hôpital de District Bonassama,O-,43,9,0,34,3.9,4,82.8,normale,Parfait pour transfusion immédiate,1,11,12,False,True,normal,ensoleillé
2022-12-14 07:06:03,Hôpital de District Bonassama,O+,83,8,0,75,3.9,2,82.6,normale,"Excellent état, conservation parfaite",2,7,12,False,True,normal,ensoleillé
2022-12-15 14:37:22,Hôpital de District Bonassama,O+,80,13,29,96,3.9,12,99.6,normale,"État satisfaisant, contrôle qualité OK",3,14,12,False,True,normal,ensoleillé
2022-12-15 18:42:26,Hôpital de District Bonassama,A+,75,4,15,86,4.2,1,67.9,attention,Hémoglobine dans les normes,3,18,12,False,True,campagne_don,ensoleillé
2022-12-16 07:37:06,Hôpital de District Bonassama,A-,63,15,0,48,4.6,33,98.5,normale,"Bon état général, légère variation température",4,7,12,False,True,normal,ensoleillé
2022-12-16 07:38:37,Hôpital de District Bonassama,O+,57,4,0,53,2.6,4,85.9,normale,Parfait pour transfusion immédiate,4,7,12,False,True,normal,nuageux
2022-12-16 13:27:40,Hôpital de District Bonassama,O-,72,8,0,64,3.6,1,64.2,attention,Attention: proche expiration,4,13,12,False,True,normal,nuageux
2022-12-16 22:21:34,Hôpital de District Bonassama,B+,63,9,0,54,4.6,32,99.3,normale,"État satisfaisant, contrôle qualité OK",4,22,12,False,True,campagne_don,nuageux
2022-12-18 00:08:40,Hôpital de District Bonassama,A+,30,4,0,26,3.3,22,95.0,normale,"Bon état général, légère variation température",6,0,12,True,True,normal,ensoleillé
2022-12-18 00:17:06,Hôpital de District Bonassama,O-,24,7,0,17,4.6,34,100.0,faible,Urgent: vérifier température stockage,6,0,12,True,True,normal,pluvieux
2022-12-18 00:20:41,Hôpital de District Bonassama,O+,16,8,0,8,3.9,2,89.3,critique,URGENT: Stock critique - Attention: proche expiration,6,0,12,True,True,urgence_médicale,ensoleillé
2022-12-18 09:24:43,Hôpital de District Bonassama,B+,20,3,19,36,3.7,24,100.0,normale,Urgent: vérifier température stockage,6,9,12,True,True,normal,orageux
2022-12-18 10:13:37,Hôpital de District Bonassama,O+,45,2,19,62,4.8,6,100.0,normale,"État satisfaisant, contrôle qualité OK",6,10,12,True,True,normal,pluvieux
2022-12-18 17:39:20,Hôpital de District Bonassama,B+,32,7,0,25,3.8,4,80.3,normale,Parfait pour transfusion immédiate,6,17,12,True,True,normal,pluvieux
2022-12-19 04:10:50,Hôpital de District Bonassama,A+,22,1,0,21,4.4,1,57.1,attention,Hémoglobine dans les normes,0,4,12,False,True,normal,ensoleillé
2022-12-20 03:00:21,Hôpital de District Bonassama,O+,28,7,0,21,3.0,5,98.8,normale,Hémoglobine dans les normes,1,3,12,False,True,normal,nuageux
2022-12-20 03:54:33,Hôpital de District Bonassama,O+,18,9,0,9,3.3,22,100.0,critique,URGENT: Stock critique - Contrôle bactériologique négatif,1,3,12,False,True,normal,nuageux
2022-12-20 04:08:28,Hôpital de District Bonassama,O+,41,10,0,31,3.1,14,100.0,normale,Parfait pour transfusion immédiate,1,4,12,False,True,normal,nuageux
2022-12-20 04:32:46,Hôpital de District Bonassama,A+,16,10,0,6,3.4,3,84.1,critique,URGENT: Stock critique - Urgent: vérifier température stockage,1,4,12,False,True,normal,ensoleillé
2022-12-20 09:38:40,Hôpital de District Bonassama,A+,56,8,25,73,3.9,9,100.0,normale,"État satisfaisant, contrôle qualité OK",1,9,12,False,True,normal,nuageux
2022-12-20 09:58:14,Hôpital de District Bonassama,A+,58,4,0,54,4.0,22,100.0,normale,Urgent: vérifier température stockage,1,9,12,False,True,normal,nuageux
2022-12-20 16:00:55,Hôpital de District Bonassama,O+,51,9,17,59,2.6,5,100.0,normale,Attention: proche expiration,1,16,12,False,True,normal,ensoleillé
2022-12-20 16:14:19,Hôpital de District Bonassama,O+,58,11,0,47,4.4,11,99.2,normale,"Excellent état, conservation parfaite",1,16,12,False,True,normal,ensoleillé
2022-12-21 20:02:12,Hôpital de District Bonassama,A+,58,12,0,46,3.5,34,94.6,normale,"Excellent état, conservation parfaite",2,20,12,False,True,normal,nuageux
2022-12-21 22:05:11,Hôpital de District Bonassama,O+,69,10,0,59,4.3,6,100.0,normale,"Excellent état, conservation parfaite",2,22,12,False,True,normal,ensoleillé
2022-12-22 01:12:55,Hôpital de District Bonassama,B+,33,4,21,50,3.2,17,100.0,normale,"Excellent état, conservation parfaite",3,1,12,False,True,normal,ensoleillé
2022-12-22 03:23:48,Hôpital de District Bonassama,O+,41,14,0,27,3.9,17,99.8,normale,"Excellent état, conservation parfaite",3,3,12,False,True,normal,orageux
2022-12-23 02:06:48,Hôpital de District Bonassama,O+,23,6,0,17,4.6,13,100.0,faible,Attention: proche expiration,4,2,12,False,True,campagne_don,pluvieux
2022-12-23 09:33:16,Hôpital de District Bonassama,O+,61,7,31,85,3.7,6,98.6,normale,"Bon état général, légère variation température",4,9,12,False,True,normal,nuageux
2022-12-23 10:47:08,Hôpital de District Bonassama,O+,97,19,0,78,4.0,2,80.0,normale,Contrôle bactériologique négatif,4,10,12,False,True,normal,ensoleillé
2022-12-23 12:20:17,Hôpital de District Bonassama,B+,67,11,0,56,4.5,2,87.0,normale,Urgent: vérifier température stockage,4,12,12,False,True,normal,ensoleillé
2022-12-24 00:17:54,Hôpital de District Bonassama,O+,14,6,0,8,4.5,13,100.0,critique,URGENT: Stock critique - Hémoglobine dans les normes,5,0,12,True,True,normal,ensoleillé
2022-12-24 16:10:51,Hôpital de District Bonassama,A+,43,3,0,40,4.1,9,97.5,normale,"Excellent état, conservation parfaite",5,16,12,True,True,normal,pluvieux
2022-12-26 15:24:52,Hôpital de District Bonassama,O+,85,14,17,88,3.0,25,100.0,normale,"Bon état général, légère variation température",0,15,12,False,True,normal,ensoleillé
2022-12-26 23:22:06,Hôpital de District Bonassama,O+,25,10,23,38,3.6,8,100.0,normale,Parfait pour transfusion immédiate,0,23,12,False,True,normal,ensoleillé
2022-12-27 19:50:15,Hôpital de District Bonassama,O+,52,11,0,41,4.9,23,93.7,normale,"Bon état général, légère variation température",1,19,12,False,True,normal,ensoleillé
2022-12-28 01:52:30,Hôpital de District Bonassama,O+,46,12,0,34,5.1,6,94.7,normale,"État satisfaisant, contrôle qualité OK",2,1,12,False,True,normal,pluvieux
2022-12-28 04:51:42,Hôpital de District Bonassama,A-,37,8,0,29,4.3,25,100.0,normale,Urgent: vérifier température stockage,2,4,12,False,True,normal,nuageux
2022-12-28 23:53:49,Hôpital de District Bonassama,A-,24,3,23,44,4.2,21,100.0,normale,"État satisfaisant, contrôle qualité OK",2,23,12,False,True,normal,ensoleillé
2022-12-29 14:03:52,Hôpital de District Bonassama,O+,47,6,0,41,3.4,21,100.0,normale,Contrôle bactériologique négatif,3,14,12,False,True,normal,ensoleillé
2022-12-31 04:20:53,Hôpital de District Bonassama,B+,28,7,16,37,2.8,41,100.0,normale,"Excellent état, conservation parfaite",5,4,12,True,True,normal,pluvieux
2022-12-31 08:19:43,Hôpital de District Bonassama,A+,41,5,0,36,4.2,29,100.0,normale,"Excellent état, conservation parfaite",5,8,12,True,True,normal,pluvieux
2022-12-31 22:02:57,Hôpital de District Bonassama,B-,44,7,19,56,3.4,10,100.0,normale,Urgent: vérifier température stockage,5,22,12,True,True,normal,pluvieux
2023-01-01 01:37:43,Hôpital de District Bonassama,O+,28,2,23,49,4.4,16,100.0,normale,Contrôle bactériologique négatif,6,1,1,True,True,normal,nuageux
2023-01-01 12:22:29,Hôpital de District Bonassama,O+,60,7,0,53,4.2,23,100.0,normale,Urgent: vérifier température stockage,6,12,1,True,True,normal,pluvieux
2023-01-01 16:39:43,Hôpital de District Bonassama,O+,37,5,0,32,3.8,1,57.8,attention,Urgent: vérifier température stockage,6,16,1,True,True,normal,nuageux
2023-01-01 23:37:26,Hôpital de District Bonassama,A+,25,7,0,18,4.1,1,58.8,faible,Urgent: vérifier température stockage,6,23,1,True,True,normal,ensoleillé
2023-01-02 02:30:51,Hôpital de District Bonassama,B+,48,17,0,31,4.3,1,54.8,attention,Urgent: vérifier température stockage,0,2,1,False,True,normal,pluvieux
2023-01-02 04:57:57,Hôpital de District Bonassama,A-,33,10,20,43,4.4,15,96.1,normale,Urgent: vérifier température stockage,0,4,1,False,True,normal,ensoleillé
2023-01-02 10:19:45,Hôpital de District Bonassama,O+,83,11,17,89,2.6,1,64.3,attention,Parfait pour transfusion immédiate,0,10,1,False,True,normal,ensoleillé
2023-01-02 16:02:42,Hôpital de District Bonassama,A+,77,6,28,99,4.3,2,86.7,normale,Hémoglobine dans les normes,0,16,1,False,True,normal,ensoleillé
2023-01-03 14:12:53,Hôpital de District Bonassama,A+,66,4,0,62,4.5,1,57.5,attention,"État satisfaisant, contrôle qualité OK",1,14,1,False,True,normal,nuageux
2023-01-03 19:49:04,Hôpital de District Bonassama,A+,59,6,0,53,3.7,20,100.0,normale,Parfait pour transfusion immédiate,1,19,1,False,True,normal,nuageux
2023-01-04 03:46:14,Hôpital de District Bonassama,B-,31,5,0,26,3.9,60,100.0,normale,"État satisfaisant, contrôle qualité OK",2,3,1,False,True,normal,pluvieux
2023-01-04 15:00:10,Hôpital de District Bonassama,A+,54,12,0,42,4.5,1,61.9,attention,"Excellent état, conservation parfaite",2,15,1,False,True,normal,nuageux
2023-01-04 17:20:18,Hôpital de District Bonassama,O+,65,8,0,57,4.3,2,92.9,normale,Attention: proche expiration,2,17,1,False,True,normal,nuageux
2023-01-05 01:11:00,Hôpital de District Bonassama,A+,26,10,0,16,2.9,11,100.0,faible,Contrôle bactériologique négatif,3,1,1,False,True,normal,ensoleillé
2023-01-05 03:41:15,Hôpital de District Bonassama,O+,15,15,0,0,3.6,17,100.0,critique,URGENT: Stock critique - Urgent: vérifier température stockage,3,3,1,False,True,normal,ensoleillé
2023-01-05 11:54:51,Hôpital de District Bonassama,A+,86,6,0,80,4.9,16,99.6,normale,Parfait pour transfusion immédiate,3,11,1,False,True,normal,nuageux
2023-01-05 14:02:41,Hôpital de District Bonassama,AB+,46,4,0,42,3.7,9,96.6,normale,"Bon état général, légère variation température",3,14,1,False,True,normal,ensoleillé
2023-01-05 14:34:25,Hôpital de District Bonassama,O+,49,6,0,43,3.8,49,100.0,normale,Contrôle bactériologique négatif,3,14,1,False,True,normal,ensoleillé
2023-01-05 21:52:05,Hôpital de District Bonassama,O+,56,8,0,48,4.0,4,86.2,normale,Contrôle bactériologique négatif,3,21,1,False,True,normal,nuageux
2023-01-05 22:14:46,Hôpital de District Bonassama,O+,67,11,22,78,4.3,2,82.1,normale,Contrôle bactériologique négatif,3,22,1,False,True,normal,pluvieux
2023-01-06 08:19:16,Hôpital de District Bonassama,A-,76,7,24,93,3.5,12,100.0,normale,Hémoglobine dans les normes,4,8,1,False,True,normal,nuageux
2023-01-06 19:23:10,Hôpital de District Bonassama,A+,36,9,19,46,3.9,1,64.5,attention,Urgent: vérifier température stockage,4,19,1,False,True,normal,ensoleillé
2023-01-08 00:52:11,Hôpital de District Bonassama,A-,15,4,0,11,3.4,2,86.1,faible,Attention: proche expiration,6,0,1,True,True,normal,nuageux
2023-01-08 03:13:31,Hôpital de District Bonassama,O+,18,4,0,14,3.6,5,95.2,faible,Attention: proche expiration,6,3,1,True,True,normal,orageux
2023-01-09 13:02:42,Hôpital de District Bonassama,B-,44,9,0,35,3.7,15,100.0,normale,Attention: proche expiration,0,13,1,False,True,normal,pluvieux
2023-01-10 00:07:15,Hôpital de District Bonassama,O+,37,13,26,50,4.3,10,94.5,normale,Urgent: vérifier température stockage,1,0,1,False,True,normal,nuageux
2023-01-10 13:37:21,Hôpital de District Bonassama,A+,46,7,17,56,3.7,24,100.0,normale,Attention: proche expiration,1,13,1,False,True,normal,ensoleillé
2023-01-10 14:34:33,Hôpital de District Bonassama,A+,54,7,0,47,3.0,2,80.5,normale,Parfait pour transfusion immédiate,1,14,1,False,True,normal,pluvieux
2023-01-10 16:06:55,Hôpital de District Bonassama,A+,53,13,0,40,4.0,1,52.4,attention,"État satisfaisant, contrôle qualité OK",1,16,1,False,True,normal,ensoleillé
2023-01-11 07:34:41,Hôpital de District Bonassama,O+,54,11,23,66,4.1,18,99.3,normale,"État satisfaisant, contrôle qualité OK",2,7,1,False,True,normal,ensoleillé
2023-01-11 08:46:15,Hôpital de District Bonassama,A+,89,10,15,94,3.5,2,89.6,normale,Hémoglobine dans les normes,2,8,1,False,True,normal,ensoleillé
2023-01-12 01:46:16,Hôpital de District Bonassama,A+,38,7,0,31,4.0,6,96.5,normale,"Bon état général, légère variation température",3,1,1,False,True,normal,pluvieux
2023-01-12 03:05:43,Hôpital de District Bonassama,B+,49,8,9,50,3.6,8,91.2,normale,"Excellent état, conservation parfaite",3,3,1,False,True,normal,ensoleillé
2023-01-12 04:46:40,Hôpital de District Bonassama,AB+,28,12,24,40,4.0,25,96.4,normale,"Excellent état, conservation parfaite",3,4,1,False,True,normal,ensoleillé
2023-01-12 09:32:35,Hôpital de District Bonassama,O+,84,9,19,94,4.7,4,81.3,normale,Parfait pour transfusion immédiate,3,9,1,False,True,normal,ensoleillé
2023-01-12 11:40:58,Hôpital de District Bonassama,A+,57,10,0,47,4.1,3,90.9,normale,"Bon état général, légère variation température",3,11,1,False,True,normal,ensoleillé
2023-01-13 11:31:07,Hôpital de District Bonassama,O+,4,7,0,0,3.8,1,58.2,critique,URGENT: Stock critique - Urgent: vérifier température stockage,4,11,1,False,True,normal,nuageux
2023-01-14 05:48:16,Hôpital de District Bonassama,B+,21,7,18,32,4.2,4,87.4,normale,Urgent: vérifier température stockage,5,5,1,True,True,normal,ensoleillé
2023-01-14 18:18:30,Hôpital de District Bonassama,O-,48,6,0,42,3.7,7,91.4,normale,Parfait pour transfusion immédiate,5,18,1,True,True,normal,ensoleillé
2023-01-15 00:00:01,Hôpital de District Bonassama,A+,19,8,13,24,3.9,10,99.1,normale,Parfait pour transfusion immédiate,6,0,1,True,True,normal,ensoleillé
2023-01-15 12:33:26,Hôpital de District Bonassama,A+,41,7,0,34,5.1,3,85.4,normale,"État satisfaisant, contrôle qualité OK",6,12,1,True,True,normal,pluvieux
2023-01-16 01:59:04,Hôpital de District Bonassama,O-,32,7,0,25,4.0,5,100.0,normale,Attention: proche expiration,0,1,1,False,True,normal,pluvieux
2023-01-16 04:10:19,Hôpital de District Bonassama,B-,32,10,0,22,4.7,21,99.9,normale,Parfait pour transfusion immédiate,0,4,1,False,True,normal,orageux
2023-01-16 04:38:33,Hôpital de District Bonassama,O+,24,5,0,19,4.1,1,59.0,faible,Parfait pour transfusion immédiate,0,4,1,False,True,normal,ensoleillé
2023-01-16 13:00:36,Hôpital de District Bonassama,A+,43,10,0,33,3.6,14,100.0,normale,Contrôle bactériologique négatif,0,13,1,False,True,normal,ensoleillé
2023-01-16 18:01:19,Hôpital de District Bonassama,A+,70,8,0,62,4.4,8,95.7,normale,"Excellent état, conservation parfaite",0,18,1,False,True,normal,ensoleillé
2023-01-16 22:56:13,Hôpital de District Bonassama,A-,45,12,0,33,3.6,2,72.9,normale,"Excellent état, conservation parfaite",0,22,1,False,True,normal,ensoleillé
2023-01-17 01:30:40,Hôpital de District Bonassama,O-,24,7,21,38,4.3,1,58.9,attention,Hémoglobine dans les normes,1,1,1,False,True,normal,ensoleillé
2023-01-17 05:16:29,Hôpital de District Bonassama,O-,40,12,0,28,4.8,7,100.0,normale,"Excellent état, conservation parfaite",1,5,1,False,True,normal,nuageux
2023-01-17 20:26:46,Hôpital de District Bonassama,O+,38,12,0,26,4.0,11,99.6,normale,"Excellent état, conservation parfaite",1,20,1,False,True,campagne_don,nuageux
2023-01-18 02:16:14,Hôpital de District Bonassama,B+,31,14,0,17,3.8,1,59.8,faible,"État satisfaisant, contrôle qualité OK",2,2,1,False,True,normal,pluvieux
2023-01-18 04:04:58,Hôpital de District Bonassama,O-,33,3,25,55,4.1,12,92.8,normale,"État satisfaisant, contrôle qualité OK",2,4,1,False,True,normal,ensoleillé
2023-01-18 09:53:23,Hôpital de District Bonassama,A+,54,8,0,46,4.5,4,89.1,normale,"État satisfaisant, contrôle qualité OK",2,9,1,False,True,normal,ensoleillé
2023-01-19 00:29:47,Hôpital de District Bonassama,A+,42,15,0,27,3.9,7,100.0,normale,Attention: proche expiration,3,0,1,False,True,normal,ensoleillé
2023-01-19 23:41:40,Hôpital de District Bonassama,B-,36,8,0,28,4.6,17,100.0,normale,Urgent: vérifier température stockage,3,23,1,False,True,urgence_médicale,ensoleillé
2023-01-20 16:46:56,Hôpital de District Bonassama,A-,65,7,0,58,3.7,2,88.8,normale,Urgent: vérifier température stockage,4,16,1,False,True,accident_route,ensoleillé
2023-01-21 02:40:49,Hôpital de District Bonassama,O+,31,6,27,52,3.8,3,85.5,normale,"État satisfaisant, contrôle qualité OK",5,2,1,True,True,normal,nuageux
2023-01-22 10:30:29,Hôpital de District Bonassama,O+,33,4,0,29,4.0,18,92.0,normale,Contrôle bactériologique négatif,6,10,1,True,True,campagne_don,ensoleillé
2023-01-22 21:54:27,Hôpital de District Bonassama,A+,45,4,25,66,3.7,11,95.7,normale,Contrôle bactériologique négatif,6,21,1,True,True,normal,ensoleillé
2023-01-23 02:23:33,Hôpital de District Bonassama,O+,41,13,29,57,5.0,3,86.0,normale,"État satisfaisant, contrôle qualité OK",0,2,1,False,True,normal,ensoleillé
2023-01-23 03:53:45,Hôpital de District Bonassama,O+,39,8,0,31,4.2,1,57.0,attention,Attention: proche expiration,0,3,1,False,True,normal,ensoleillé
2023-01-23 09:44:49,Hôpital de District Bonassama,O+,50,8,0,42,4.2,1,61.0,attention,Urgent: vérifier température stockage,0,9,1,False,True,normal,nuageux
2023-01-23 12:00:49,Hôpital de District Bonassama,O+,40,7,0,33,4.4,21,94.2,normale,Urgent: vérifier température stockage,0,12,1,False,True,accident_route,ensoleillé
2023-01-23 16:05:12,Hôpital de District Bonassama,O+,51,16,23,58,5.1,39,100.0,normale,Contrôle bactériologique négatif,0,16,1,False,True,normal,ensoleillé
2023-01-23 18:20:42,Hôpital de District Bonassama,A-,53,7,0,46,3.0,3,85.2,normale,Parfait pour transfusion immédiate,0,18,1,False,True,normal,pluvieux
2023-01-24 06:02:08,Hôpital de District Bonassama,A+,38,11,0,27,3.3,3,84.6,normale,Parfait pour transfusion immédiate,1,6,1,False,True,normal,nuageux
2023-01-24 07:10:10,Hôpital de District Bonassama,B+,89,9,0,80,3.3,21,99.9,normale,Hémoglobine dans les normes,1,7,1,False,True,normal,orageux
2023-01-24 10:07:40,Hôpital de District Bonassama,O-,71,10,0,61,5.0,11,100.0,normale,Hémoglobine dans les normes,1,10,1,False,True,normal,nuageux
2023-01-24 13:33:57,Hôpital de District Bonassama,B+,44,8,25,61,4.7,12,100.0,normale,Urgent: vérifier température stockage,1,13,1,False,True,normal,ensoleillé
2023-01-24 20:48:27,Hôpital de District Bonassama,O+,50,12,24,62,3.6,1,62.9,attention,Contrôle bactériologique négatif,1,20,1,False,True,normal,pluvieux
2023-01-26 01:04:35,Hôpital de District Bonassama,O+,26,9,0,17,3.1,8,100.0,faible,Urgent: vérifier température stockage,3,1,1,False,True,normal,ensoleillé
2023-01-26 05:26:41,Hôpital de District Bonassama,O-,38,9,0,29,4.5,16,98.1,normale,"Bon état général, légère variation température",3,5,1,False,True,normal,ensoleillé
2023-01-26 12:17:04,Hôpital de District Bonassama,B+,69,3,0,66,4.3,1,54.5,attention,Hémoglobine dans les normes,3,12,1,False,True,normal,pluvieux
2023-01-26 13:33:36,Hôpital de District Bonassama,O+,40,4,0,36,3.1,27,94.6,normale,"Excellent état, conservation parfaite",3,13,1,False,True,normal,ensoleillé
2023-01-26 14:51:36,Hôpital de District Bonassama,O+,15,7,18,26,3.4,13,96.8,normale,"Bon état général, légère variation température",3,14,1,False,True,normal,nuageux
2023-01-27 08:14:02,Hôpital de District Bonassama,A+,55,11,0,44,4.6,1,63.0,attention,Attention: proche expiration,4,8,1,False,True,normal,pluvieux
2023-01-27 09:17:57,Hôpital de District Bonassama,A+,67,7,0,60,4.4,13,93.9,normale,Attention: proche expiration,4,9,1,False,True,normal,orageux
2023-01-28 08:14:17,Hôpital de District Bonassama,O+,40,7,0,33,3.7,8,100.0,normale,Attention: proche expiration,5,8,1,True,True,normal,pluvieux
2023-01-28 08:29:55,Hôpital de District Bonassama,A+,8,6,21,23,4.7,1,61.4,attention,Parfait pour transfusion immédiate,5,8,1,True,True,normal,pluvieux
2023-01-28 14:10:03,Hôpital de District Bonassama,A+,41,6,15,50,3.8,1,62.5,attention,Contrôle bactériologique négatif,5,14,1,True,True,normal,nuageux
2023-01-29 04:57:43,Hôpital de District Bonassama,O+,12,9,0,3,4.0,2,84.3,critique,URGENT: Stock critique - Parfait pour transfusion immédiate,6,4,1,True,True,normal,ensoleillé
2023-01-29 11:56:38,Hôpital de District Bonassama,B+,47,8,19,58,4.1,13,100.0,normale,Parfait pour transfusion immédiate,6,11,1,True,True,normal,nuageux
2023-01-29 13:17:38,Hôpital de District Bonassama,O+,22,12,0,10,3.9,1,60.4,faible,Attention: proche expiration,6,13,1,True,True,normal,pluvieux
2023-01-30 08:54:58,Hôpital de District Bonassama,O+,82,3,0,79,3.7,40,100.0,normale,Hémoglobine dans les normes,0,8,1,False,True,normal,ensoleillé
2023-01-30 20:06:08,Hôpital de District Bonassama,O+,60,4,0,56,4.1,5,99.4,normale,Contrôle bactériologique négatif,0,20,1,False,True,normal,ensoleillé
2023-01-31 03:31:07,Hôpital de District Bonassama,A+,39,14,0,25,4.1,25,93.0,normale,"Excellent état, conservation parfaite",1,3,1,False,True,normal,ensoleillé
2023-01-31 18:11:20,Hôpital de District Bonassama,A+,59,13,23,69,4.6,34,100.0,normale,"Excellent état, conservation parfaite",1,18,1,False,True,normal,pluvieux
2023-02-01 17:39:51,Hôpital de District Bonassama,B+,70,9,0,61,4.6,3,77.8,normale,Attention: proche expiration,2,17,2,False,False,normal,ensoleillé
2023-02-01 18:06:49,Hôpital de District Bonassama,O+,49,7,0,42,3.3,39,100.0,normale,"Bon état général, légère variation température",2,18,2,False,False,normal,ensoleillé
2023-02-02 00:13:17,Hôpital de District Bonassama,O+,24,5,0,19,4.7,33,100.0,faible,Contrôle bactériologique négatif,3,0,2,False,False,normal,ensoleillé
2023-02-02 07:18:24,Hôpital de District Bonassama,O+,67,11,0,56,4.7,1,55.1,attention,Parfait pour transfusion immédiate,3,7,2,False,False,normal,pluvieux
2023-02-02 08:05:31,Hôpital de District Bonassama,B+,48,8,0,40,4.1,6,97.1,normale,"État satisfaisant, contrôle qualité OK",3,8,2,False,False,normal,ensoleillé
2023-02-02 10:09:14,Hôpital de District Bonassama,O-,37,9,18,46,4.3,10,99.5,normale,"Excellent état, conservation parfaite",3,10,2,False,False,normal,pluvieux
2023-02-04 02:47:58,Hôpital de District Bonassama,O+,14,0,0,14,4.2,2,76.4,faible,Urgent: vérifier température stockage,5,2,2,True,False,normal,nuageux
2023-02-06 07:17:40,Hôpital de District Bonassama,O+,52,9,0,43,3.4,16,100.0,normale,"Bon état général, légère variation température",0,7,2,False,False,normal,ensoleillé
2023-02-06 12:38:17,Hôpital de District Bonassama,O+,34,11,0,23,3.6,11,100.0,normale,Hémoglobine dans les normes,0,12,2,False,False,normal,nuageux
2023-02-06 17:43:57,Hôpital de District Bonassama,AB-,32,10,34,56,4.4,9,100.0,normale,"Bon état général, légère variation température",0,17,2,False,False,normal,ensoleillé
2023-02-07 11:24:10,Hôpital de District Bonassama,O-,62,5,20,77,4.2,1,64.3,attention,"État satisfaisant, contrôle qualité OK",1,11,2,False,False,normal,ensoleillé
2023-02-07 16:24:38,Hôpital de District Bonassama,B-,39,9,0,30,4.8,28,100.0,normale,"Excellent état, conservation parfaite",1,16,2,False,False,normal,ensoleillé
2023-02-08 00:57:21,Hôpital de District Bonassama,AB-,29,6,0,23,3.3,30,100.0,normale,"Bon état général, légère variation température",2,0,2,False,False,normal,pluvieux
2023-02-08 20:01:03,Hôpital de District Bonassama,O+,71,12,25,84,4.4,22,100.0,normale,Urgent: vérifier température stockage,2,20,2,False,False,normal,pluvieux
2023-02-09 08:16:18,Hôpital de District Bonassama,O+,48,9,26,65,4.9,6,99.6,normale,Contrôle bactériologique négatif,3,8,2,False,False,normal,ensoleillé
2023-02-09 09:23:37,Hôpital de District Bonassama,O+,49,7,0,42,3.3,1,61.4,attention,Urgent: vérifier température stockage,3,9,2,False,False,normal,nuageux
2023-02-09 09:36:09,Hôpital de District Bonassama,AB+,70,12,18,76,4.2,1,57.7,attention,Parfait pour transfusion immédiate,3,9,2,False,False,normal,pluvieux
2023-02-09 14:46:09,Hôpital de District Bonassama,B+,67,6,0,61,4.4,7,100.0,normale,Attention: proche expiration,3,14,2,False,False,normal,nuageux
2023-02-09 21:43:58,Hôpital de District Bonassama,A+,63,5,0,58,3.5,27,100.0,normale,Attention: proche expiration,3,21,2,False,False,normal,ensoleillé
2023-02-10 10:30:26,Hôpital de District Bonassama,O+,39,6,14,47,3.9,12,98.2,normale,Contrôle bactériologique négatif,4,10,2,False,False,normal,ensoleillé
2023-02-10 15:48:38,Hôpital de District Bonassama,B+,72,5,21,88,2.7,2,82.1,normale,Urgent: vérifier température stockage,4,15,2,False,False,normal,pluvieux
2023-02-10 17:12:51,Hôpital de District Bonassama,O+,21,2,0,19,3.3,18,99.6,faible,Parfait pour transfusion immédiate,4,17,2,False,False,normal,ensoleillé
2023-02-11 01:22:34,Hôpital de District Bonassama,O+,2,4,0,0,5.0,6,100.0,critique,URGENT: Stock critique - Parfait pour transfusion immédiate,5,1,2,True,False,normal,nuageux
2023-02-11 07:41:03,Hôpital de District Bonassama,A+,47,6,20,61,3.9,36,100.0,normale,"État satisfaisant, contrôle qualité OK",5,7,2,True,False,normal,ensoleillé
2023-02-11 09:09:53,Hôpital de District Bonassama,AB+,21,6,0,15,3.9,1,57.8,faible,"Excellent état, conservation parfaite",5,9,2,True,False,normal,pluvieux
2023-02-11 11:19:18,Hôpital de District Bonassama,AB+,42,5,23,60,4.0,16,100.0,normale,Attention: proche expiration,5,11,2,True,False,normal,ensoleillé
2023-02-11 23:01:54,Hôpital de District Bonassama,B+,22,4,24,42,3.4,22,100.0,normale,Contrôle bactériologique négatif,5,23,2,True,False,normal,pluvieux
2023-02-12 02:15:39,Hôpital de District Bonassama,A+,13,2,13,24,3.8,1,62.1,attention,"Bon état général, légère variation température",6,2,2,True,False,normal,ensoleillé
2023-02-12 04:23:56,Hôpital de District Bonassama,A+,19,8,0,11,3.1,6,99.0,faible,Contrôle bactériologique négatif,6,4,2,True,False,normal,ensoleillé
2023-02-12 07:12:51,Hôpital de District Bonassama,A+,31,3,0,28,3.8,6,100.0,normale,Parfait pour transfusion immédiate,6,7,2,True,False,normal,pluvieux
2023-02-13 10:01:14,Hôpital de District Bonassama,A+,68,8,0,60,4.4,16,97.5,normale,Parfait pour transfusion immédiate,0,10,2,False,False,normal,nuageux
2023-02-13 18:50:51,Hôpital de District Bonassama,A+,65,7,0,58,4.5,8,100.0,normale,"Excellent état, conservation parfaite",0,18,2,False,False,normal,ensoleillé
2023-02-13 20:40:59,Hôpital de District Bonassama,O+,45,9,0,36,3.4,2,83.8,normale,"Bon état général, légère variation température",0,20,2,False,False,normal,pluvieux
2023-02-14 02:04:30,Hôpital de District Bonassama,O-,20,10,23,33,3.8,6,100.0,normale,Parfait pour transfusion immédiate,1,2,2,False,False,normal,nuageux
2023-02-14 03:11:19,Hôpital de District Bonassama,O-,26,5,0,21,4.1,4,82.4,normale,Hémoglobine dans les normes,1,3,2,False,False,normal,ensoleillé
2023-02-15 07:58:26,Hôpital de District Bonassama,A-,74,3,24,95,3.6,36,100.0,normale,"État satisfaisant, contrôle qualité OK",2,7,2,False,False,normal,nuageux
2023-02-16 05:50:51,Hôpital de District Bonassama,O+,19,8,0,11,3.8,13,98.4,faible,Hémoglobine dans les normes,3,5,2,False,False,normal,orageux
2023-02-16 12:54:20,Hôpital de District Bonassama,O+,30,9,0,21,4.0,16,100.0,normale,"Bon état général, légère variation température",3,12,2,False,False,normal,pluvieux
2023-02-16 15:45:48,Hôpital de District Bonassama,O+,48,7,0,41,4.2,1,52.7,attention,"Excellent état, conservation parfaite",3,15,2,False,False,normal,ensoleillé
2023-02-16 19:00:53,Hôpital de District Bonassama,A+,39,14,25,50,3.8,11,99.0,normale,"Excellent état, conservation parfaite",3,19,2,False,False,normal,nuageux
2023-02-17 03:11:26,Hôpital de District Bonassama,O+,15,4,22,33,4.1,22,100.0,normale,Attention: proche expiration,4,3,2,False,False,normal,pluvieux
2023-02-17 07:48:19,Hôpital de District Bonassama,A+,45,12,0,33,4.2,4,86.3,normale,Hémoglobine dans les normes,4,7,2,False,False,normal,nuageux
2023-02-17 15:19:34,Hôpital de District Bonassama,O+,51,7,0,44,3.7,7,100.0,normale,"État satisfaisant, contrôle qualité OK",4,15,2,False,False,normal,nuageux
2023-02-18 10:25:59,Hôpital de District Bonassama,O+,45,3,21,63,4.4,2,86.1,normale,Urgent: vérifier température stockage,5,10,2,True,False,normal,nuageux
2023-02-19 02:12:31,Hôpital de District Bonassama,O+,23,7,20,36,4.8,24,100.0,normale,Parfait pour transfusion immédiate,6,2,2,True,False,normal,nuageux
2023-02-19 16:37:34,Hôpital de District Bonassama,O+,27,5,0,22,4.7,15,93.3,normale,Attention: proche expiration,6,16,2,True,False,normal,ensoleillé
2023-02-19 20:59:59,Hôpital de District Bonassama,B+,29,3,17,43,5.2,16,99.7,normale,Contrôle bactériologique négatif,6,20,2,True,False,accident_route,ensoleillé
2023-02-20 01:19:49,Hôpital de District Bonassama,B+,20,4,0,16,3.8,7,100.0,faible,"Bon état général, légère variation température",0,1,2,False,False,normal,orageux
2023-02-20 12:34:39,Hôpital de District Bonassama,O+,58,9,0,49,4.7,1,41.9,attention,Urgent: vérifier température stockage,0,12,2,False,False,normal,ensoleillé
2023-02-21 00:55:54,Hôpital de District Bonassama,A+,31,4,0,27,3.5,34,93.5,normale,"État satisfaisant, contrôle qualité OK",1,0,2,False,False,normal,ensoleillé
2023-02-21 04:40:12,Hôpital de District Bonassama,B+,21,4,22,39,4.2,10,99.9,normale,Urgent: vérifier température stockage,1,4,2,False,False,normal,nuageux
2023-02-21 08:46:00,Hôpital de District Bonassama,O-,42,7,0,35,4.2,15,98.0,normale,Attention: proche expiration,1,8,2,False,False,normal,nuageux
2023-02-21 12:00:58,Hôpital de District Bonassama,B+,39,8,0,31,4.1,11,100.0,normale,Urgent: vérifier température stockage,1,12,2,False,False,normal,nuageux
2023-02-21 15:02:15,Hôpital de District Bonassama,O+,48,8,14,54,3.3,1,63.6,attention,"État satisfaisant, contrôle qualité OK",1,15,2,False,False,normal,pluvieux
2023-02-21 18:17:35,Hôpital de District Bonassama,A+,36,5,0,31,3.7,12,96.1,normale,Contrôle bactériologique négatif,1,18,2,False,False,normal,pluvieux
2023-02-21 18:25:58,Hôpital de District Bonassama,O-,28,13,0,15,3.9,1,59.7,faible,Parfait pour transfusion immédiate,1,18,2,False,False,normal,ensoleillé
2023-02-22 03:04:32,Hôpital de District Bonassama,O-,29,10,0,19,3.2,1,68.4,faible,"État satisfaisant, contrôle qualité OK",2,3,2,False,False,normal,nuageux
2023-02-22 16:27:54,Hôpital de District Bonassama,O-,49,12,23,60,4.6,14,100.0,normale,"État satisfaisant, contrôle qualité OK",2,16,2,False,False,normal,pluvieux
2023-02-22 20:34:39,Hôpital de District Bonassama,AB-,63,10,0,53,4.1,7,100.0,normale,"Excellent état, conservation parfaite",2,20,2,False,False,normal,pluvieux
2023-02-22 21:08:55,Hôpital de District Bonassama,O+,44,8,0,36,3.7,1,59.4,attention,"Excellent état, conservation parfaite",2,21,2,False,False,normal,nuageux
2023-02-23 04:43:57,Hôpital de District Bonassama,O+,19,13,0,6,4.5,1,57.8,critique,URGENT: Stock critique - Parfait pour transfusion immédiate,3,4,2,False,False,normal,pluvieux
2023-02-23 14:52:39,Hôpital de District Bonassama,O+,67,9,0,58,3.2,4,82.9,normale,"Bon état général, légère variation température",3,14,2,False,False,normal,pluvieux
2023-02-23 21:17:08,Hôpital de District Bonassama,O+,63,8,14,69,4.5,5,100.0,normale,Attention: proche expiration,3,21,2,False,False,normal,ensoleillé
2023-02-23 23:00:10,Hôpital de District Bonassama,AB-,27,3,18,42,4.3,2,86.4,normale,Parfait pour transfusion immédiate,3,23,2,False,False,normal,ensoleillé
2023-02-24 09:21:08,Hôpital de District Bonassama,O+,28,9,0,19,3.4,8,97.1,faible,"Bon état général, légère variation température",4,9,2,False,False,normal,ensoleillé
2023-02-24 21:17:22,Hôpital de District Bonassama,O+,45,9,0,36,3.7,5,100.0,normale,"Excellent état, conservation parfaite",4,21,2,False,False,normal,nuageux
2023-02-25 05:16:10,Hôpital de District Bonassama,O+,17,7,25,35,3.2,11,89.9,normale,Urgent: vérifier température stockage,5,5,2,True,False,normal,ensoleillé
2023-02-25 11:34:00,Hôpital de District Bonassama,O+,40,5,14,49,3.4,17,97.0,normale,Urgent: vérifier température stockage,5,11,2,True,False,normal,ensoleillé
2023-02-26 02:48:24,Hôpital de District Bonassama,A+,9,4,0,5,4.7,38,94.4,critique,"URGENT: Stock critique - État satisfaisant, contrôle qualité OK",6,2,2,True,False,normal,pluvieux
2023-02-26 03:15:04,Hôpital de District Bonassama,O+,17,5,0,12,4.3,6,100.0,faible,"Bon état général, légère variation température",6,3,2,True,False,normal,pluvieux
2023-02-26 22:19:00,Hôpital de District Bonassama,A-,16,6,23,33,4.3,3,89.5,normale,"État satisfaisant, contrôle qualité OK",6,22,2,True,False,normal,orageux
2023-02-26 23:51:18,Hôpital de District Bonassama,A+,20,6,25,39,4.0,16,96.3,normale,Contrôle bactériologique négatif,6,23,2,True,False,normal,nuageux
2023-02-27 03:00:08,Hôpital de District Bonassama,A+,44,9,0,35,4.7,14,100.0,normale,Attention: proche expiration,0,3,2,False,False,normal,ensoleillé
2023-02-27 03:35:45,Hôpital de District Bonassama,B+,11,9,0,2,4.2,1,54.5,critique,URGENT: Stock critique - Attention: proche expiration,0,3,2,False,False,normal,nuageux
2023-02-27 06:16:52,Hôpital de District Bonassama,A-,40,10,22,52,4.0,9,98.4,normale,Contrôle bactériologique négatif,0,6,2,False,False,normal,orageux
2023-02-27 07:52:51,Hôpital de District Bonassama,O+,29,7,0,22,3.6,3,93.3,normale,"État satisfaisant, contrôle qualité OK",0,7,2,False,False,normal,orageux
2023-02-27 14:25:22,Hôpital de District Bonassama,A+,81,9,23,95,4.7,38,96.9,normale,"État satisfaisant, contrôle qualité OK",0,14,2,False,False,normal,orageux
2023-02-28 09:45:02,Hôpital de District Bonassama,A+,37,5,0,32,4.6,4,83.0,normale,Parfait pour transfusion immédiate,1,9,2,False,False,normal,pluvieux
2023-02-28 19:12:37,Hôpital de District Bonassama,B+,41,6,16,51,3.4,33,96.9,normale,Hémoglobine dans les normes,1,19,2,False,False,normal,ensoleillé
2023-03-01 05:16:37,Hôpital de District Bonassama,O-,32,2,0,30,4.1,9,100.0,normale,"Bon état général, légère variation température",2,5,3,False,False,accident_route,pluvieux
2023-03-01 09:46:00,Hôpital de District Bonassama,A+,47,2,0,45,4.5,13,99.8,normale,Parfait pour transfusion immédiate,2,9,3,False,False,normal,ensoleillé
2023-03-01 21:40:52,Hôpital de District Bonassama,O-,43,8,0,35,3.5,5,93.5,normale,Contrôle bactériologique négatif,2,21,3,False,False,normal,ensoleillé
2023-03-02 02:36:28,Hôpital de District Bonassama,O+,37,11,0,26,4.4,31,100.0,normale,"Excellent état, conservation parfaite",3,2,3,False,False,urgence_médicale,ensoleillé
2023-03-02 11:50:36,Hôpital de District Bonassama,O+,43,8,0,35,3.6,9,99.5,normale,"Bon état général, légère variation température",3,11,3,False,False,normal,pluvieux
2023-03-02 13:04:24,Hôpital de District Bonassama,A+,63,6,0,57,4.5,28,100.0,normale,"État satisfaisant, contrôle qualité OK",3,13,3,False,False,normal,nuageux
2023-03-02 14:17:23,Hôpital de District Bonassama,O-,56,6,23,73,3.4,36,98.0,normale,Attention: proche expiration,3,14,3,False,False,normal,ensoleillé
2023-03-02 18:18:05,Hôpital de District Bonassama,O+,47,6,0,41,4.0,6,88.9,normale,"Bon état général, légère variation température",3,18,3,False,False,normal,ensoleillé
2023-03-04 11:11:27,Hôpital de District Bonassama,O-,67,4,0,63,4.3,9,100.0,normale,Urgent: vérifier température stockage,5,11,3,True,False,normal,orageux
2023-03-04 17:54:21,Hôpital de District Bonassama,O+,32,4,0,28,4.1,44,100.0,normale,"Excellent état, conservation parfaite",5,17,3,True,False,normal,pluvieux
2023-03-04 22:38:19,Hôpital de District Bonassama,O+,25,6,19,38,4.4,9,100.0,normale,"Bon état général, légère variation température",5,22,3,True,False,normal,pluvieux
2023-03-05 11:26:39,Hôpital de District Bonassama,A+,32,4,20,48,4.3,53,100.0,normale,Parfait pour transfusion immédiate,6,11,3,True,False,normal,ensoleillé
2023-03-05 20:20:54,Hôpital de District Bonassama,B+,28,4,0,24,3.1,30,100.0,normale,"Bon état général, légère variation température",6,20,3,True,False,normal,ensoleillé
2023-03-06 07:06:05,Hôpital de District Bonassama,B+,51,8,0,43,3.5,5,100.0,normale,"Bon état général, légère variation température",0,7,3,False,False,normal,orageux
2023-03-06 08:06:42,Hôpital de District Bonassama,O+,21,4,0,17,4.8,19,100.0,faible,Hémoglobine dans les normes,0,8,3,False,False,normal,ensoleillé
2023-03-06 16:49:22,Hôpital de District Bonassama,A+,59,9,0,50,4.2,5,100.0,normale,Contrôle bactériologique négatif,0,16,3,False,False,épidémie,ensoleillé
2023-03-06 18:28:30,Hôpital de District Bonassama,A-,41,9,0,32,3.2,5,96.9,normale,Parfait pour transfusion immédiate,0,18,3,False,False,normal,ensoleillé
2023-03-06 20:03:39,Hôpital de District Bonassama,O+,30,6,0,24,4.2,4,84.6,normale,Attention: proche expiration,0,20,3,False,False,normal,pluvieux
2023-03-06 23:30:29,Hôpital de District Bonassama,A-,31,8,19,42,4.0,24,100.0,normale,Hémoglobine dans les normes,0,23,3,False,False,normal,ensoleillé
2023-03-07 03:16:48,Hôpital de District Bonassama,B+,22,14,11,19,4.0,16,93.5,faible,"Bon état général, légère variation température",1,3,3,False,False,normal,nuageux
2023-03-07 05:50:44,Hôpital de District Bonassama,A-,29,5,0,24,3.9,14,98.0,normale,Attention: proche expiration,1,5,3,False,False,normal,orageux
2023-03-07 09:24:15,Hôpital de District Bonassama,O+,0,11,0,0,4.1,9,100.0,critique,URGENT: Stock critique - Parfait pour transfusion immédiate,1,9,3,False,False,normal,ensoleillé
2023-03-07 11:10:55,Hôpital de District Bonassama,O-,55,12,0,43,3.6,49,100.0,normale,"Excellent état, conservation parfaite",1,11,3,False,False,normal,ensoleillé
2023-03-07 13:12:21,Hôpital de District Bonassama,AB-,43,2,19,60,3.8,12,100.0,normale,"État satisfaisant, contrôle qualité OK",1,13,3,False,False,normal,pluvieux
2023-03-08 00:49:09,Hôpital de District Bonassama,O+,34,8,0,26,3.3,9,99.0,normale,"Bon état général, légère variation température",2,0,3,False,False,normal,ensoleillé
2023-03-08 03:15:00,Hôpital de District Bonassama,A+,16,7,14,23,4.6,11,100.0,normale,Parfait pour transfusion immédiate,2,3,3,False,False,normal,ensoleillé
2023-03-08 05:15:11,Hôpital de District Bonassama,B+,27,8,0,19,4.7,4,89.2,faible,"Excellent état, conservation parfaite",2,5,3,False,False,normal,ensoleillé
2023-03-08 16:16:20,Hôpital de District Bonassama,O+,86,3,0,83,4.0,1,60.8,attention,"Bon état général, légère variation température",2,16,3,False,False,normal,ensoleillé
2023-03-09 03:30:08,Hôpital de District Bonassama,A+,19,9,0,10,3.7,14,97.2,faible,"Bon état général, légère variation température",3,3,3,False,False,normal,ensoleillé
2023-03-09 14:57:12,Hôpital de District Bonassama,A+,68,12,20,76,3.5,11,94.4,normale,"Bon état général, légère variation température",3,14,3,False,False,normal,ensoleillé
2023-03-09 17:40:29,Hôpital de District Bonassama,A+,52,9,0,43,3.7,14,99.5,normale,"Bon état général, légère variation température",3,17,3,False,False,normal,nuageux
2023-03-09 22:47:49,Hôpital de District Bonassama,O-,27,4,18,41,3.5,4,91.2,normale,Hémoglobine dans les normes,3,22,3,False,False,normal,ensoleillé
2023-03-10 01:43:17,Hôpital de District Bonassama,A+,23,2,0,21,4.0,5,100.0,normale,Urgent: vérifier température stockage,4,1,3,False,False,normal,pluvieux
2023-03-10 09:11:17,Hôpital de District Bonassama,A+,47,11,0,36,4.6,30,100.0,normale,Urgent: vérifier température stockage,4,9,3,False,False,normal,ensoleillé
2023-03-10 11:26:37,Hôpital de District Bonassama,A+,38,7,20,51,3.9,6,100.0,normale,Contrôle bactériologique négatif,4,11,3,False,False,normal,pluvieux
2023-03-10 11:29:21,Hôpital de District Bonassama,A+,70,10,0,60,4.2,8,100.0,normale,"Bon état général, légère variation température",4,11,3,False,False,normal,ensoleillé
2023-03-10 23:21:43,Hôpital de District Bonassama,O-,20,4,0,16,4.3,22,94.5,faible,Contrôle bactériologique négatif,4,23,3,False,False,campagne_don,pluvieux
2023-03-11 10:02:11,Hôpital de District Bonassama,A+,34,5,0,29,4.2,4,81.8,normale,Hémoglobine dans les normes,5,10,3,True,False,normal,pluvieux
2023-03-11 20:20:27,Hôpital de District Bonassama,A+,36,5,0,31,3.8,6,92.7,normale,"Excellent état, conservation parfaite",5,20,3,True,False,normal,ensoleillé
2023-03-11 20:59:06,Hôpital de District Bonassama,B-,42,3,0,39,4.3,6,93.0,normale,"Excellent état, conservation parfaite",5,20,3,True,False,normal,nuageux
2023-03-12 05:40:54,Hôpital de District Bonassama,O+,20,9,0,11,3.2,4,84.4,faible,"État satisfaisant, contrôle qualité OK",6,5,3,True,False,normal,ensoleillé
2023-03-12 08:14:45,Hôpital de District Bonassama,O+,40,7,0,33,4.8,13,100.0,normale,Hémoglobine dans les normes,6,8,3,True,False,épidémie,ensoleillé
2023-03-12 09:29:26,Hôpital de District Bonassama,A+,21,3,0,18,4.3,14,100.0,faible,Contrôle bactériologique négatif,6,9,3,True,False,normal,nuageux
2023-03-12 15:41:14,Hôpital de District Bonassama,O+,29,2,0,27,4.5,6,98.5,normale,Parfait pour transfusion immédiate,6,15,3,True,False,normal,ensoleillé
2023-03-12 18:24:48,Hôpital de District Bonassama,A+,46,5,0,41,5.0,5,97.3,normale,Parfait pour transfusion immédiate,6,18,3,True,False,normal,ensoleillé
2023-03-13 17:12:01,Hôpital de District Bonassama,O-,32,4,0,28,3.5,4,86.7,normale,"Excellent état, conservation parfaite",0,17,3,False,False,normal,nuageux
2023-03-13 17:39:46,Hôpital de District Bonassama,O+,56,9,21,68,4.5,2,88.5,normale,Hémoglobine dans les normes,0,17,3,False,False,normal,ensoleillé
2023-03-14 06:57:43,Hôpital de District Bonassama,A+,54,8,0,46,3.5,8,96.6,normale,"État satisfaisant, contrôle qualité OK",1,6,3,False,False,normal,ensoleillé
2023-03-14 22:07:09,Hôpital de District Bonassama,O+,68,5,0,63,4.9,52,96.0,normale,Attention: proche expiration,1,22,3,False,False,normal,ensoleillé
2023-03-15 00:56:34,Hôpital de District Bonassama,O+,11,8,21,24,4.7,1,59.6,attention,Attention: proche expiration,2,0,3,False,False,normal,pluvieux
2023-03-15 01:09:17,Hôpital de District Bonassama,A+,24,9,0,15,4.2,36,98.9,faible,"Bon état général, légère variation température",2,1,3,False,False,normal,ensoleillé
2023-03-15 09:01:44,Hôpital de District Bonassama,O+,84,4,0,80,4.4,54,92.3,normale,Hémoglobine dans les normes,2,9,3,False,False,normal,pluvieux
2023-03-15 10:53:22,Hôpital de District Bonassama,A+,34,5,25,54,4.0,4,90.7,normale,"Bon état général, légère variation température",2,10,3,False,False,normal,ensoleillé
2023-03-15 20:24:14,Hôpital de District Bonassama,O-,65,10,0,55,4.0,1,60.5,attention,Parfait pour transfusion immédiate,2,20,3,False,False,normal,ensoleillé
2023-03-15 20:35:28,Hôpital de District Bonassama,O+,58,7,25,76,4.1,46,97.2,normale,Parfait pour transfusion immédiate,2,20,3,False,False,normal,nuageux
2023-03-16 06:37:14,Hôpital de District Bonassama,A+,33,7,0,26,4.1,13,96.5,normale,"État satisfaisant, contrôle qualité OK",3,6,3,False,False,normal,pluvieux
2023-03-16 11:30:36,Hôpital de District Bonassama,A+,47,13,21,55,5.0,32,100.0,normale,Urgent: vérifier température stockage,3,11,3,False,False,normal,ensoleillé
2023-03-16 13:39:49,Hôpital de District Bonassama,AB+,46,8,0,38,4.2,13,100.0,normale,"État satisfaisant, contrôle qualité OK",3,13,3,False,False,normal,ensoleillé
2023-03-16 17:39:13,Hôpital de District Bonassama,A+,36,2,23,57,4.5,1,55.2,attention,Attention: proche expiration,3,17,3,False,False,normal,orageux
2023-03-17 02:04:34,Hôpital de District Bonassama,O+,13,6,0,7,3.9,95,100.0,critique,URGENT: Stock critique - Contrôle bactériologique négatif,4,2,3,False,False,normal,ensoleillé
2023-03-17 05:37:20,Hôpital de District Bonassama,A-,28,12,22,38,4.3,15,91.9,normale,"Excellent état, conservation parfaite",4,5,3,False,False,normal,orageux
2023-03-17 07:04:17,Hôpital de District Bonassama,O+,63,4,14,73,4.5,14,100.0,normale,"État satisfaisant, contrôle qualité OK",4,7,3,False,False,normal,pluvieux
2023-03-17 20:42:38,Hôpital de District Bonassama,O-,25,5,0,20,3.8,12,94.2,normale,Attention: proche expiration,4,20,3,False,False,épidémie,pluvieux
2023-03-18 00:21:35,Hôpital de District Bonassama,O+,16,6,0,10,4.0,1,54.9,faible,"Bon état général, légère variation température",5,0,3,True,False,normal,ensoleillé
2023-03-18 01:12:09,Hôpital de District Bonassama,O+,20,8,23,35,3.5,24,98.0,normale,Parfait pour transfusion immédiate,5,1,3,True,False,accident_route,ensoleillé
2023-03-18 03:34:35,Hôpital de District Bonassama,O+,24,7,0,17,5.3,1,65.8,faible,"Excellent état, conservation parfaite",5,3,3,True,False,normal,ensoleillé
2023-03-18 20:13:47,Hôpital de District Bonassama,B+,21,5,26,42,3.8,14,100.0,normale,Urgent: vérifier température stockage,5,20,3,True,False,normal,pluvieux
2023-03-19 00:08:21,Hôpital de District Bonassama,O+,6,8,0,0,3.4,27,94.6,critique,"URGENT: Stock critique - État satisfaisant, contrôle qualité OK",6,0,3,True,False,normal,pluvieux
2023-03-19 18:05:09,Hôpital de District Bonassama,A+,39,8,0,31,4.1,1,61.5,attention,Urgent: vérifier température stockage,6,18,3,True,False,normal,nuageux
2023-03-20 02:39:05,Hôpital de District Bonassama,A+,17,7,0,10,4.6,11,99.7,faible,Parfait pour transfusion immédiate,0,2,3,False,False,normal,nuageux
2023-03-20 11:42:54,Hôpital de District Bonassama,O+,53,10,0,43,4.4,14,100.0,normale,Hémoglobine dans les normes,0,11,3,False,False,normal,orageux
2023-03-20 19:50:57,Hôpital de District Bonassama,A+,39,5,23,57,3.7,36,92.0,normale,Hémoglobine dans les normes,0,19,3,False,False,normal,nuageux
2023-03-20 20:25:28,Hôpital de District Bonassama,O+,32,4,24,52,3.1,4,93.5,normale,Parfait pour transfusion immédiate,0,20,3,False,False,normal,ensoleillé
2023-03-21 00:05:48,Hôpital de District Bonassama,A+,18,11,0,7,3.5,5,99.8,critique,"URGENT: Stock critique - Excellent état, conservation parfaite",1,0,3,False,False,normal,pluvieux
2023-03-21 16:53:38,Hôpital de District Bonassama,O-,34,7,17,44,4.5,1,54.5,attention,Parfait pour transfusion immédiate,1,16,3,False,False,normal,ensoleillé
2023-03-22 08:56:41,Hôpital de District Bonassama,A+,41,9,0,32,3.6,1,59.4,attention,Contrôle bactériologique négatif,2,8,3,False,False,normal,nuageux
2023-03-22 14:46:42,Hôpital de District Bonassama,A+,59,10,0,49,4.7,7,99.4,normale,Contrôle bactériologique négatif,2,14,3,False,False,normal,ensoleillé
2023-03-22 19:29:19,Hôpital de District Bonassama,A+,46,2,0,44,4.0,12,100.0,normale,Attention: proche expiration,2,19,3,False,False,normal,ensoleillé
2023-03-22 21:59:59,Hôpital de District Bonassama,O+,24,7,25,42,4.2,15,98.7,normale,Hémoglobine dans les normes,2,21,3,False,False,normal,nuageux
2023-03-22 22:37:17,Hôpital de District Bonassama,B+,54,6,17,65,4.9,11,100.0,normale,Urgent: vérifier température stockage,2,22,3,False,False,normal,pluvieux
2023-03-24 03:17:00,Hôpital de District Bonassama,O+,27,10,0,17,4.8,41,98.1,faible,Contrôle bactériologique négatif,4,3,3,False,False,normal,pluvieux
2023-03-24 04:55:43,Hôpital de District Bonassama,A+,16,6,0,10,4.5,4,83.1,faible,Urgent: vérifier température stockage,4,4,3,False,False,normal,orageux
2023-03-24 08:48:11,Hôpital de District Bonassama,A-,71,12,18,77,4.0,9,100.0,normale,"Bon état général, légère variation température",4,8,3,False,False,normal,pluvieux
2023-03-25 23:44:07,Hôpital de District Bonassama,B+,13,5,0,8,3.6,1,46.9,critique,"URGENT: Stock critique - Excellent état, conservation parfaite",5,23,3,True,False,normal,pluvieux
2023-03-26 11:27:55,Hôpital de District Bonassama,A-,64,6,0,58,3.9,11,100.0,normale,"Bon état général, légère variation température",6,11,3,True,False,normal,ensoleillé
2023-03-26 23:47:12,Hôpital de District Bonassama,A+,9,1,0,8,3.5,18,100.0,critique,"URGENT: Stock critique - Excellent état, conservation parfaite",6,23,3,True,False,normal,nuageux
2023-03-27 11:41:59,Hôpital de District Bonassama,O+,48,10,0,38,4.1,4,82.0,normale,Attention: proche expiration,0,11,3,False,False,épidémie,ensoleillé
2023-03-27 16:59:38,Hôpital de District Bonassama,O+,31,9,21,43,4.4,26,98.7,normale,"Bon état général, légère variation température",0,16,3,False,False,normal,ensoleillé
2023-03-27 19:48:29,Hôpital de District Bonassama,A+,64,7,0,57,3.0,16,100.0,normale,Hémoglobine dans les normes,0,19,3,False,False,normal,nuageux
2023-03-27 22:58:37,Hôpital de District Bonassama,B+,38,5,0,33,3.9,1,67.4,attention,Hémoglobine dans les normes,0,22,3,False,False,normal,nuageux
2023-03-28 07:11:50,Hôpital de District Bonassama,A-,54,10,0,44,3.6,19,99.6,normale,Contrôle bactériologique négatif,1,7,3,False,False,normal,nuageux
2023-03-28 08:03:38,Hôpital de District Bonassama,O+,71,3,0,68,3.9,1,57.9,attention,Attention: proche expiration,1,8,3,False,False,normal,pluvieux
2023-03-29 10:45:55,Hôpital de District Bonassama,O+,58,12,0,46,4.8,18,100.0,normale,Hémoglobine dans les normes,2,10,3,False,False,normal,ensoleillé
2023-03-29 13:18:40,Hôpital de District Bonassama,O+,34,9,0,25,3.5,6,98.1,normale,Parfait pour transfusion immédiate,2,13,3,False,False,normal,pluvieux
2023-03-29 20:20:58,Hôpital de District Bonassama,O+,28,8,20,40,4.6,16,97.5,normale,"Excellent état, conservation parfaite",2,20,3,False,False,normal,pluvieux
2023-03-30 08:59:47,Hôpital de District Bonassama,A+,51,5,0,46,4.2,13,98.6,normale,Urgent: vérifier température stockage,3,8,3,False,False,normal,ensoleillé
2023-03-31 15:20:06,Hôpital de District Bonassama,B+,62,2,23,83,3.6,8,93.1,normale,Contrôle bactériologique négatif,4,15,3,False,False,normal,ensoleillé
2023-03-31 17:32:11,Hôpital de District Bonassama,B+,55,3,28,80,4.2,4,82.8,normale,Attention: proche expiration,4,17,3,False,False,normal,pluvieux
2023-04-01 04:08:32,Hôpital de District Bonassama,A+,12,4,15,23,4.0,19,96.7,normale,"Excellent état, conservation parfaite",5,4,4,True,False,normal,pluvieux
2023-04-01 15:11:15,Hôpital de District Bonassama,B+,33,6,0,27,2.6,86,100.0,normale,Urgent: vérifier température stockage,5,15,4,True,False,normal,ensoleillé
2023-04-01 20:58:39,Hôpital de District Bonassama,B+,36,8,0,28,3.0,2,82.4,normale,Parfait pour transfusion immédiate,5,20,4,True,False,normal,nuageux
2023-04-01 21:18:43,Hôpital de District Bonassama,O-,36,8,0,28,3.3,28,100.0,normale,Parfait pour transfusion immédiate,5,21,4,True,False,normal,orageux
2023-04-01 23:08:46,Hôpital de District Bonassama,A+,22,6,18,34,2.8,9,98.2,normale,Parfait pour transfusion immédiate,5,23,4,True,False,normal,ensoleillé
2023-04-02 00:45:52,Hôpital de District Bonassama,A+,22,4,0,18,4.2,18,99.6,faible,"Excellent état, conservation parfaite",6,0,4,True,False,normal,nuageux
2023-04-02 01:49:47,Hôpital de District Bonassama,A-,21,3,14,32,4.3,27,93.3,normale,Hémoglobine dans les normes,6,1,4,True,False,normal,orageux
2023-04-03 02:54:13,Hôpital de District Bonassama,AB+,32,8,0,24,4.3,33,100.0,normale,Urgent: vérifier température stockage,0,2,4,False,False,normal,ensoleillé
2023-04-03 08:14:04,Hôpital de District Bonassama,O+,64,9,0,55,4.0,7,97.9,normale,Contrôle bactériologique négatif,0,8,4,False,False,normal,pluvieux
2023-04-03 22:27:15,Hôpital de District Bonassama,A+,60,6,19,73,4.1,4,78.4,normale,Urgent: vérifier température stockage,0,22,4,False,False,normal,pluvieux
2023-04-04 02:28:29,Hôpital de District Bonassama,B+,28,6,0,22,4.6,1,64.5,attention,"Excellent état, conservation parfaite",1,2,4,False,False,normal,nuageux
2023-04-04 09:32:08,Hôpital de District Bonassama,A+,50,8,14,56,3.8,19,100.0,normale,"Excellent état, conservation parfaite",1,9,4,False,False,normal,pluvieux
2023-04-04 12:16:40,Hôpital de District Bonassama,O+,32,11,0,21,3.7,1,56.0,attention,Attention: proche expiration,1,12,4,False,False,normal,pluvieux
2023-04-04 19:03:09,Hôpital de District Bonassama,O+,35,4,0,31,4.5,7,100.0,normale,"État satisfaisant, contrôle qualité OK",1,19,4,False,False,normal,pluvieux
2023-04-05 11:31:27,Hôpital de District Bonassama,O+,86,1,16,101,5.1,8,99.0,normale,"État satisfaisant, contrôle qualité OK",2,11,4,False,False,normal,nuageux
2023-04-05 15:25:21,Hôpital de District Bonassama,A+,53,8,0,45,4.0,16,100.0,normale,Attention: proche expiration,2,15,4,False,False,normal,pluvieux
2023-04-05 17:44:12,Hôpital de District Bonassama,A+,28,8,0,20,3.8,8,100.0,normale,"Bon état général, légère variation température",2,17,4,False,False,normal,ensoleillé
2023-04-05 23:54:43,Hôpital de District Bonassama,O+,20,7,0,13,4.3,9,100.0,faible,Hémoglobine dans les normes,2,23,4,False,False,normal,pluvieux
2023-04-06 02:09:38,Hôpital de District Bonassama,A+,18,9,0,9,3.8,7,100.0,critique,"URGENT: Stock critique - Bon état général, légère variation température",3,2,4,False,False,normal,pluvieux
2023-04-06 04:31:38,Hôpital de District Bonassama,A+,40,7,0,33,4.5,14,94.7,normale,Urgent: vérifier température stockage,3,4,4,False,False,normal,nuageux
2023-04-07 02:26:15,Hôpital de District Bonassama,A+,31,7,26,50,4.5,6,100.0,normale,Urgent: vérifier température stockage,4,2,4,False,False,normal,pluvieux
2023-04-07 02:59:16,Hôpital de District Bonassama,A+,25,4,0,21,3.9,10,100.0,normale,Hémoglobine dans les normes,4,2,4,False,False,normal,nuageux
2023-04-07 03:56:20,Hôpital de District Bonassama,A+,38,10,0,28,4.5,18,89.2,normale,Parfait pour transfusion immédiate,4,3,4,False,False,normal,ensoleillé
2023-04-07 09:46:30,Hôpital de District Bonassama,O+,59,5,0,54,4.8,12,100.0,normale,Contrôle bactériologique négatif,4,9,4,False,False,normal,ensoleillé
2023-04-08 04:22:20,Hôpital de District Bonassama,O+,23,7,0,16,4.0,29,97.9,faible,Parfait pour transfusion immédiate,5,4,4,True,False,normal,pluvieux
2023-04-08 18:47:11,Hôpital de District Bonassama,A+,12,3,19,28,3.6,9,96.1,normale,"Excellent état, conservation parfaite",5,18,4,True,False,normal,pluvieux
2023-04-09 02:25:00,Hôpital de District Bonassama,A+,13,7,19,25,3.5,1,68.4,attention,Hémoglobine dans les normes,6,2,4,True,False,normal,nuageux
2023-04-09 04:58:08,Hôpital de District Bonassama,B+,26,6,27,47,3.7,5,100.0,normale,"Excellent état, conservation parfaite",6,4,4,True,False,normal,nuageux
2023-04-09 08:53:39,Hôpital de District Bonassama,O+,48,4,0,44,3.3,11,96.8,normale,Attention: proche expiration,6,8,4,True,False,normal,ensoleillé
2023-04-09 12:59:08,Hôpital de District Bonassama,B+,38,5,0,33,4.3,17,99.0,normale,Attention: proche expiration,6,12,4,True,False,normal,orageux
2023-04-10 00:11:28,Hôpital de District Bonassama,O+,28,8,12,32,3.5,11,100.0,normale,Parfait pour transfusion immédiate,0,0,4,False,False,normal,ensoleillé
2023-04-10 03:46:36,Hôpital de District Bonassama,O+,16,4,29,41,4.3,5,100.0,normale,"Bon état général, légère variation température",0,3,4,False,False,normal,nuageux
2023-04-10 09:24:01,Hôpital de District Bonassama,O+,41,8,0,33,4.8,1,63.6,attention,Hémoglobine dans les normes,0,9,4,False,False,normal,ensoleillé
2023-04-10 10:19:46,Hôpital de District Bonassama,A-,34,5,20,49,4.4,4,79.0,normale,Urgent: vérifier température stockage,0,10,4,False,False,normal,ensoleillé
2023-04-10 12:12:41,Hôpital de District Bonassama,A+,52,9,0,43,4.1,2,81.0,normale,"Bon état général, légère variation température",0,12,4,False,False,normal,ensoleillé
2023-04-10 16:21:34,Hôpital de District Bonassama,A+,51,5,0,46,4.3,13,96.1,normale,"Bon état général, légère variation température",0,16,4,False,False,normal,nuageux
2023-04-11 13:20:44,Hôpital de District Bonassama,B+,44,7,0,37,3.4,4,84.3,normale,"Bon état général, légère variation température",1,13,4,False,False,normal,nuageux
2023-04-11 21:28:47,Hôpital de District Bonassama,O-,27,7,0,20,4.0,6,100.0,normale,"Excellent état, conservation parfaite",1,21,4,False,False,accident_route,pluvieux
2023-04-12 05:23:09,Hôpital de District Bonassama,AB+,31,0,19,50,4.1,8,100.0,normale,"État satisfaisant, contrôle qualité OK",2,5,4,False,False,normal,ensoleillé
2023-04-12 10:59:21,Hôpital de District Bonassama,A+,54,4,17,67,4.8,1,63.8,attention,Attention: proche expiration,2,10,4,False,False,normal,pluvieux
2023-04-13 10:12:55,Hôpital de District Bonassama,A-,44,10,0,34,3.8,42,100.0,normale,Contrôle bactériologique négatif,3,10,4,False,False,normal,ensoleillé
2023-04-13 22:32:36,Hôpital de District Bonassama,O+,36,10,0,26,4.8,1,52.5,attention,Contrôle bactériologique négatif,3,22,4,False,False,normal,ensoleillé
2023-04-13 22:43:24,Hôpital de District Bonassama,O+,69,4,0,65,4.0,3,85.9,normale,"État satisfaisant, contrôle qualité OK",3,22,4,False,False,normal,ensoleillé
2023-04-14 12:40:22,Hôpital de District Bonassama,A+,41,10,25,56,4.2,29,100.0,normale,Attention: proche expiration,4,12,4,False,False,normal,orageux
2023-04-14 17:34:58,Hôpital de District Bonassama,O+,55,2,0,53,4.3,5,100.0,normale,Attention: proche expiration,4,17,4,False,False,normal,pluvieux
2023-04-14 22:02:16,Hôpital de District Bonassama,B+,52,4,0,48,3.9,2,89.9,normale,Urgent: vérifier température stockage,4,22,4,False,False,normal,ensoleillé
2023-04-15 16:38:39,Hôpital de District Bonassama,B+,40,4,0,36,4.3,16,96.7,normale,Parfait pour transfusion immédiate,5,16,4,True,False,normal,pluvieux
2023-04-16 04:53:38,Hôpital de District Bonassama,O+,9,5,0,4,4.3,22,100.0,critique,"URGENT: Stock critique - État satisfaisant, contrôle qualité OK",6,4,4,True,False,normal,ensoleillé
2023-04-16 05:11:37,Hôpital de District Bonassama,AB+,21,7,0,14,3.6,53,100.0,faible,Urgent: vérifier température stockage,6,5,4,True,False,normal,pluvieux
2023-04-16 05:58:24,Hôpital de District Bonassama,O+,17,8,0,9,5.0,19,100.0,critique,"URGENT: Stock critique - Excellent état, conservation parfaite",6,5,4,True,False,normal,nuageux
2023-04-16 07:32:36,Hôpital de District Bonassama,B+,21,4,19,36,4.5,56,98.9,normale,"Excellent état, conservation parfaite",6,7,4,True,False,normal,nuageux
2023-04-16 15:47:39,Hôpital de District Bonassama,A+,34,2,21,53,4.0,21,95.8,normale,Attention: proche expiration,6,15,4,True,False,normal,nuageux
2023-04-16 21:30:54,Hôpital de District Bonassama,A-,41,4,21,58,3.8,15,100.0,normale,Urgent: vérifier température stockage,6,21,4,True,False,normal,ensoleillé
2023-04-17 02:27:43,Hôpital de District Bonassama,AB+,21,6,0,15,3.8,6,89.2,faible,Contrôle bactériologique négatif,0,2,4,False,False,normal,ensoleillé
2023-04-17 12:43:01,Hôpital de District Bonassama,A+,31,10,16,37,4.7,37,97.8,normale,Contrôle bactériologique négatif,0,12,4,False,False,normal,nuageux
2023-04-17 22:21:22,Hôpital de District Bonassama,O+,32,7,21,46,4.0,4,89.3,normale,"État satisfaisant, contrôle qualité OK",0,22,4,False,False,normal,ensoleillé
2023-04-18 05:38:30,Hôpital de District Bonassama,O-,22,11,19,30,4.3,1,57.1,attention,Contrôle bactériologique négatif,1,5,4,False,False,normal,ensoleillé
2023-04-18 13:38:50,Hôpital de District Bonassama,A+,32,9,0,23,3.7,2,89.5,normale,"Excellent état, conservation parfaite",1,13,4,False,False,normal,orageux
2023-04-18 22:20:51,Hôpital de District Bonassama,O-,60,6,0,54,4.6,39,97.3,normale,"Excellent état, conservation parfaite",1,22,4,False,False,normal,orageux
2023-04-19 01:07:15,Hôpital de District Bonassama,O-,14,5,0,9,3.9,3,92.6,critique,URGENT: Stock critique - Attention: proche expiration,2,1,4,False,False,normal,ensoleillé
2023-04-19 08:39:53,Hôpital de District Bonassama,A+,14,7,0,7,3.8,5,94.7,critique,URGENT: Stock critique - Attention: proche expiration,2,8,4,False,False,normal,pluvieux
2023-04-20 00:51:06,Hôpital de District Bonassama,A+,8,13,0,0,3.8,9,95.8,critique,URGENT: Stock critique - Contrôle bactériologique négatif,3,0,4,False,False,normal,nuageux
2023-04-20 01:24:27,Hôpital de District Bonassama,A+,22,9,29,42,4.2,7,98.2,normale,"Excellent état, conservation parfaite",3,1,4,False,False,normal,pluvieux
2023-04-20 11:06:08,Hôpital de District Bonassama,A+,52,10,20,62,3.3,1,56.2,attention,Parfait pour transfusion immédiate,3,11,4,False,False,normal,nuageux
2023-04-20 18:04:35,Hôpital de District Bonassama,O+,39,1,0,38,2.3,15,100.0,normale,"Excellent état, conservation parfaite",3,18,4,False,False,normal,nuageux
2023-04-21 07:32:39,Hôpital de District Bonassama,O+,31,11,35,55,4.5,33,100.0,normale,Hémoglobine dans les normes,4,7,4,False,False,normal,ensoleillé
2023-04-21 14:02:22,Hôpital de District Bonassama,A+,36,11,19,44,3.6,15,100.0,normale,Contrôle bactériologique négatif,4,14,4,False,False,normal,pluvieux
2023-04-21 16:51:55,Hôpital de District Bonassama,O+,68,5,0,63,4.5,76,100.0,normale,Contrôle bactériologique négatif,4,16,4,False,False,normal,pluvieux
2023-04-22 03:52:38,Hôpital de District Bonassama,AB+,7,7,0,0,4.8,12,100.0,critique,URGENT: Stock critique - Contrôle bactériologique négatif,5,3,4,True,False,normal,orageux
2023-04-22 21:09:40,Hôpital de District Bonassama,B+,43,5,14,52,3.6,7,98.2,normale,"Bon état général, légère variation température",5,21,4,True,False,normal,nuageux
2023-04-22 22:15:44,Hôpital de District Bonassama,B+,48,4,0,44,3.9,2,86.1,normale,Contrôle bactériologique négatif,5,22,4,True,False,normal,pluvieux
2023-04-23 06:49:17,Hôpital de District Bonassama,O+,22,6,0,16,3.6,22,99.0,faible,"État satisfaisant, contrôle qualité OK",6,6,4,True,False,normal,pluvieux
2023-04-23 16:35:14,Hôpital de District Bonassama,O+,56,8,0,48,3.8,12,95.7,normale,"État satisfaisant, contrôle qualité OK",6,16,4,True,False,normal,ensoleillé
2023-04-24 02:01:46,Hôpital de District Bonassama,O-,23,10,0,13,4.6,10,98.4,faible,Attention: proche expiration,0,2,4,False,False,normal,pluvieux
2023-04-24 03:05:48,Hôpital de District Bonassama,O+,24,5,0,19,4.1,11,100.0,faible,"Bon état général, légère variation température",0,3,4,False,False,normal,pluvieux
2023-04-24 10:56:53,Hôpital de District Bonassama,A+,58,7,18,69,4.2,21,99.4,normale,Attention: proche expiration,0,10,4,False,False,normal,pluvieux
2023-04-24 11:00:47,Hôpital de District Bonassama,A+,62,10,0,52,3.9,18,95.5,normale,Contrôle bactériologique négatif,0,11,4,False,False,normal,nuageux
2023-04-24 11:56:58,Hôpital de District Bonassama,O-,46,5,0,41,2.7,9,98.8,normale,Hémoglobine dans les normes,0,11,4,False,False,normal,pluvieux
2023-04-24 13:53:27,Hôpital de District Bonassama,O-,52,7,0,45,3.8,3,89.0,normale,Attention: proche expiration,0,13,4,False,False,normal,nuageux
2023-04-24 20:45:13,Hôpital de District Bonassama,A+,61,10,0,51,3.9,2,83.2,normale,"Excellent état, conservation parfaite",0,20,4,False,False,normal,orageux
2023-04-24 23:32:22,Hôpital de District Bonassama,O-,22,7,30,45,4.2,13,97.8,normale,"État satisfaisant, contrôle qualité OK",0,23,4,False,False,normal,ensoleillé
2023-04-26 00:56:29,Hôpital de District Bonassama,A+,38,9,0,29,3.2,10,95.8,normale,Contrôle bactériologique négatif,2,0,4,False,False,normal,ensoleillé
2023-04-26 04:54:45,Hôpital de District Bonassama,O+,35,6,15,44,4.8,14,100.0,normale,Contrôle bactériologique négatif,2,4,4,False,False,normal,pluvieux
2023-04-26 07:17:28,Hôpital de District Bonassama,O+,53,7,0,46,3.1,38,100.0,normale,Contrôle bactériologique négatif,2,7,4,False,False,normal,ensoleillé
2023-04-26 10:02:37,Hôpital de District Bonassama,O-,53,3,0,50,4.4,48,97.7,normale,"Bon état général, légère variation température",2,10,4,False,False,normal,ensoleillé
2023-04-26 11:50:09,Hôpital de District Bonassama,A-,29,8,20,41,4.4,4,86.6,normale,Attention: proche expiration,2,11,4,False,False,normal,ensoleillé
2023-04-27 02:38:20,Hôpital de District Bonassama,A+,16,11,30,35,4.9,37,91.0,normale,Urgent: vérifier température stockage,3,2,4,False,False,normal,pluvieux
2023-04-27 09:16:34,Hôpital de District Bonassama,A+,47,5,0,42,4.1,10,96.7,normale,Hémoglobine dans les normes,3,9,4,False,False,normal,ensoleillé
2023-04-28 21:46:18,Hôpital de District Bonassama,B+,57,7,16,66,4.4,6,88.4,normale,"État satisfaisant, contrôle qualité OK",4,21,4,False,False,normal,orageux
2023-04-28 23:19:23,Hôpital de District Bonassama,O+,29,9,0,20,3.8,40,100.0,normale,Urgent: vérifier température stockage,4,23,4,False,False,normal,pluvieux
2023-04-30 02:06:46,Hôpital de District Bonassama,A+,16,9,0,7,3.8,5,100.0,critique,"URGENT: Stock critique - État satisfaisant, contrôle qualité OK",6,2,4,True,False,normal,orageux
2023-05-01 01:55:47,Hôpital de District Bonassama,O+,35,8,0,27,3.6,11,100.0,normale,"Excellent état, conservation parfaite",0,1,5,False,False,normal,ensoleillé
2023-05-01 13:18:40,Hôpital de District Bonassama,O+,44,9,26,61,4.1,19,100.0,normale,Attention: proche expiration,0,13,5,False,False,normal,ensoleillé
2023-05-01 16:26:25,Hôpital de District Bonassama,O+,68,9,0,59,4.0,29,100.0,normale,"Bon état général, légère variation température",0,16,5,False,False,normal,ensoleillé
2023-05-01 22:06:32,Hôpital de District Bonassama,B+,17,7,0,10,4.0,22,96.0,faible,Urgent: vérifier température stockage,0,22,5,False,False,normal,pluvieux
2023-05-02 19:26:15,Hôpital de District Bonassama,A+,65,4,28,89,3.9,14,100.0,normale,Parfait pour transfusion immédiate,1,19,5,False,False,normal,nuageux
2023-05-03 04:20:38,Hôpital de District Bonassama,O-,32,8,0,24,3.6,5,100.0,normale,Attention: proche expiration,2,4,5,False,False,normal,pluvieux
2023-05-03 08:40:00,Hôpital de District Bonassama,O+,45,9,0,36,3.1,4,87.6,normale,Attention: proche expiration,2,8,5,False,False,normal,ensoleillé
2023-05-04 13:00:39,Hôpital de District Bonassama,O+,56,5,0,51,3.7,22,100.0,normale,Parfait pour transfusion immédiate,3,13,5,False,False,normal,pluvieux
2023-05-04 18:15:56,Hôpital de District Bonassama,O+,54,6,0,48,4.1,14,99.9,normale,Parfait pour transfusion immédiate,3,18,5,False,False,normal,pluvieux
2023-05-05 20:12:18,Hôpital de District Bonassama,B+,65,3,0,62,3.5,23,100.0,normale,"Bon état général, légère variation température",4,20,5,False,False,normal,orageux
2023-05-05 22:06:50,Hôpital de District Bonassama,O-,69,8,0,61,4.3,9,100.0,normale,"Bon état général, légère variation température",4,22,5,False,False,normal,ensoleillé
2023-05-07 00:57:42,Hôpital de District Bonassama,A+,18,5,0,13,3.9,4,84.6,faible,Urgent: vérifier température stockage,6,0,5,True,False,normal,pluvieux
2023-05-07 02:24:50,Hôpital de District Bonassama,B-,16,9,20,27,3.7,14,100.0,normale,"Excellent état, conservation parfaite",6,2,5,True,False,normal,ensoleillé
2023-05-07 11:41:58,Hôpital de District Bonassama,A+,41,6,0,35,4.3,11,100.0,normale,Urgent: vérifier température stockage,6,11,5,True,False,normal,pluvieux
2023-05-07 19:10:54,Hôpital de District Bonassama,O+,43,6,0,37,5.0,23,97.2,normale,Parfait pour transfusion immédiate,6,19,5,True,False,normal,ensoleillé
2023-05-08 04:18:43,Hôpital de District Bonassama,O+,14,4,0,10,4.0,27,88.9,faible,"Excellent état, conservation parfaite",0,4,5,False,False,normal,pluvieux
2023-05-08 08:30:43,Hôpital de District Bonassama,A+,57,3,9,63,3.9,13,100.0,normale,Attention: proche expiration,0,8,5,False,False,normal,pluvieux
2023-05-08 15:55:08,Hôpital de District Bonassama,O+,84,6,0,78,3.8,22,96.3,normale,Parfait pour transfusion immédiate,0,15,5,False,False,normal,pluvieux
2023-05-09 06:19:19,Hôpital de District Bonassama,O+,52,9,0,43,2.9,6,100.0,normale,Hémoglobine dans les normes,1,6,5,False,False,normal,orageux
2023-05-09 14:36:33,Hôpital de District Bonassama,O+,46,6,0,40,4.1,14,100.0,normale,Hémoglobine dans les normes,1,14,5,False,False,normal,orageux
2023-05-10 04:30:22,Hôpital de District Bonassama,A-,18,7,0,11,4.2,7,100.0,faible,Urgent: vérifier température stockage,2,4,5,False,False,normal,ensoleillé
2023-05-10 13:50:40,Hôpital de District Bonassama,A+,51,8,0,43,4.5,1,56.4,attention,Parfait pour transfusion immédiate,2,13,5,False,False,normal,ensoleillé
2023-05-11 04:05:42,Hôpital de District Bonassama,O-,45,14,0,31,4.6,5,98.1,normale,Contrôle bactériologique négatif,3,4,5,False,False,normal,pluvieux
2023-05-11 10:45:07,Hôpital de District Bonassama,B+,43,10,0,33,4.7,3,82.0,normale,"Excellent état, conservation parfaite",3,10,5,False,False,normal,orageux
2023-05-11 13:10:02,Hôpital de District Bonassama,B+,76,9,0,67,4.2,1,57.1,attention,"État satisfaisant, contrôle qualité OK",3,13,5,False,False,normal,orageux
2023-05-11 14:43:00,Hôpital de District Bonassama,A+,46,16,0,30,3.8,9,100.0,normale,"Excellent état, conservation parfaite",3,14,5,False,False,normal,pluvieux
2023-05-12 06:49:35,Hôpital de District Bonassama,O-,36,6,0,30,4.0,1,54.1,attention,Parfait pour transfusion immédiate,4,6,5,False,False,normal,pluvieux
2023-05-12 15:46:46,Hôpital de District Bonassama,O+,41,4,20,57,4.1,5,99.4,normale,Contrôle bactériologique négatif,4,15,5,False,False,normal,pluvieux
2023-05-12 16:34:18,Hôpital de District Bonassama,O-,68,6,0,62,4.5,1,63.8,attention,Parfait pour transfusion immédiate,4,16,5,False,False,normal,nuageux
2023-05-12 22:29:05,Hôpital de District Bonassama,O-,55,5,0,50,5.2,1,68.0,attention,Urgent: vérifier température stockage,4,22,5,False,False,normal,nuageux
2023-05-12 22:37:23,Hôpital de District Bonassama,A+,47,12,19,54,4.7,20,98.6,normale,Hémoglobine dans les normes,4,22,5,False,False,normal,nuageux
2023-05-13 18:05:46,Hôpital de District Bonassama,AB+,50,5,15,60,4.2,13,100.0,normale,"Excellent état, conservation parfaite",5,18,5,True,False,normal,ensoleillé
2023-05-14 14:01:08,Hôpital de District Bonassama,O+,27,8,28,47,4.2,7,100.0,normale,Hémoglobine dans les normes,6,14,5,True,False,normal,nuageux
2023-05-14 20:36:52,Hôpital de District Bonassama,A+,41,8,22,55,3.5,4,78.7,normale,Contrôle bactériologique négatif,6,20,5,True,False,campagne_don,pluvieux
2023-05-15 10:14:11,Hôpital de District Bonassama,O+,49,11,12,50,3.7,1,60.9,attention,Parfait pour transfusion immédiate,0,10,5,False,False,normal,ensoleillé
2023-05-15 16:44:22,Hôpital de District Bonassama,A+,55,11,0,44,4.1,3,88.1,normale,Hémoglobine dans les normes,0,16,5,False,False,normal,pluvieux
2023-05-15 17:49:16,Hôpital de District Bonassama,B+,32,12,0,20,3.4,22,100.0,normale,Parfait pour transfusion immédiate,0,17,5,False,False,normal,ensoleillé
2023-05-15 19:16:50,Hôpital de District Bonassama,O+,64,9,0,55,3.3,14,100.0,normale,Hémoglobine dans les normes,0,19,5,False,False,normal,pluvieux
2023-05-16 01:52:58,Hôpital de District Bonassama,O+,29,14,23,38,3.9,4,86.8,normale,Urgent: vérifier température stockage,1,1,5,False,False,normal,ensoleillé
2023-05-16 11:18:30,Hôpital de District Bonassama,O+,42,1,25,66,3.2,10,100.0,normale,Urgent: vérifier température stockage,1,11,5,False,False,normal,nuageux
2023-05-16 17:47:20,Hôpital de District Bonassama,A+,57,9,0,48,4.1,8,100.0,normale,"Bon état général, légère variation température",1,17,5,False,False,normal,ensoleillé
2023-05-16 19:40:45,Hôpital de District Bonassama,A+,56,7,0,49,4.6,51,99.0,normale,Contrôle bactériologique négatif,1,19,5,False,False,normal,orageux
2023-05-16 21:04:38,Hôpital de District Bonassama,O+,62,6,0,56,4.1,37,100.0,normale,"Excellent état, conservation parfaite",1,21,5,False,False,normal,ensoleillé
2023-05-17 21:28:39,Hôpital de District Bonassama,O-,58,7,0,51,4.4,10,92.3,normale,Urgent: vérifier température stockage,2,21,5,False,False,normal,nuageux
2023-05-18 11:30:03,Hôpital de District Bonassama,B+,41,10,20,51,3.0,10,100.0,normale,Attention: proche expiration,3,11,5,False,False,normal,ensoleillé
2023-05-18 18:08:38,Hôpital de District Bonassama,A+,50,3,0,47,4.2,4,83.4,normale,"État satisfaisant, contrôle qualité OK",3,18,5,False,False,normal,pluvieux
2023-05-18 23:04:52,Hôpital de District Bonassama,B+,27,4,0,23,4.3,39,96.9,normale,Hémoglobine dans les normes,3,23,5,False,False,normal,orageux
2023-05-19 00:44:33,Hôpital de District Bonassama,A+,28,3,0,25,3.3,25,95.0,normale,Attention: proche expiration,4,0,5,False,False,normal,ensoleillé
2023-05-19 00:47:10,Hôpital de District Bonassama,AB-,21,5,22,38,4.5,4,90.1,normale,"État satisfaisant, contrôle qualité OK",4,0,5,False,False,normal,orageux
2023-05-19 06:29:18,Hôpital de District Bonassama,O-,19,13,0,6,3.9,2,96.5,critique,URGENT: Stock critique - Attention: proche expiration,4,6,5,False,False,normal,nuageux
2023-05-19 09:08:22,Hôpital de District Bonassama,O+,55,6,0,49,3.8,6,95.7,normale,Attention: proche expiration,4,9,5,False,False,normal,nuageux
2023-05-19 14:51:05,Hôpital de District Bonassama,B+,46,11,0,35,3.3,24,100.0,normale,Contrôle bactériologique négatif,4,14,5,False,False,normal,pluvieux
2023-05-19 22:15:19,Hôpital de District Bonassama,A+,42,6,0,36,5.0,3,92.2,normale,"Bon état général, légère variation température",4,22,5,False,False,normal,nuageux
2023-05-20 06:42:01,Hôpital de District Bonassama,B+,32,9,11,34,4.0,74,100.0,normale,Parfait pour transfusion immédiate,5,6,5,True,False,normal,ensoleillé
2023-05-20 18:43:26,Hôpital de District Bonassama,A+,40,8,0,32,5.0,12,99.0,normale,Urgent: vérifier température stockage,5,18,5,True,False,normal,nuageux
2023-05-20 20:49:33,Hôpital de District Bonassama,B-,50,5,18,63,4.1,1,60.8,attention,"État satisfaisant, contrôle qualité OK",5,20,5,True,False,normal,pluvieux
2023-05-23 06:06:09,Hôpital de District Bonassama,A+,55,7,0,48,3.1,21,100.0,normale,Hémoglobine dans les normes,1,6,5,False,False,normal,ensoleillé
2023-05-23 14:45:30,Hôpital de District Bonassama,O-,57,10,20,67,4.2,2,88.2,normale,"État satisfaisant, contrôle qualité OK",1,14,5,False,False,normal,ensoleillé
2023-05-23 15:23:00,Hôpital de District Bonassama,O+,58,9,0,49,4.6,12,100.0,normale,Urgent: vérifier température stockage,1,15,5,False,False,normal,pluvieux
2023-05-23 18:31:01,Hôpital de District Bonassama,O-,47,8,0,39,5.2,28,90.5,normale,Contrôle bactériologique négatif,1,18,5,False,False,normal,ensoleillé
2023-05-23 23:00:07,Hôpital de District Bonassama,A+,36,2,0,34,3.8,21,99.2,normale,Urgent: vérifier température stockage,1,23,5,False,False,normal,orageux
2023-05-24 10:24:14,Hôpital de District Bonassama,O+,38,8,0,30,4.1,20,100.0,normale,Hémoglobine dans les normes,2,10,5,False,False,normal,pluvieux
2023-05-24 12:35:50,Hôpital de District Bonassama,B-,51,7,0,44,3.7,8,94.8,normale,Urgent: vérifier température stockage,2,12,5,False,False,normal,pluvieux
2023-05-25 01:33:07,Hôpital de District Bonassama,A+,22,5,0,17,3.1,10,100.0,faible,"Excellent état, conservation parfaite",3,1,5,False,False,normal,pluvieux
2023-05-25 01:43:31,Hôpital de District Bonassama,A+,18,12,0,6,4.9,52,91.5,critique,"URGENT: Stock critique - Bon état général, légère variation température",3,1,5,False,False,normal,ensoleillé
2023-05-25 03:34:25,Hôpital de District Bonassama,A+,15,7,0,8,4.1,25,98.1,critique,"URGENT: Stock critique - Excellent état, conservation parfaite",3,3,5,False,False,normal,ensoleillé
2023-05-25 08:03:14,Hôpital de District Bonassama,A+,101,10,0,91,4.2,9,92.3,normale,Parfait pour transfusion immédiate,3,8,5,False,False,normal,ensoleillé
2023-05-25 10:47:34,Hôpital de District Bonassama,O-,52,5,0,47,3.8,17,93.1,normale,Parfait pour transfusion immédiate,3,10,5,False,False,normal,pluvieux
2023-05-25 13:44:46,Hôpital de District Bonassama,O+,30,6,17,41,4.3,10,100.0,normale,Parfait pour transfusion immédiate,3,13,5,False,False,normal,nuageux
2023-05-25 13:48:27,Hôpital de District Bonassama,A-,44,6,0,38,3.2,1,60.3,attention,Attention: proche expiration,3,13,5,False,False,normal,pluvieux
2023-05-25 18:41:21,Hôpital de District Bonassama,A+,36,13,0,23,4.9,9,95.4,normale,Attention: proche expiration,3,18,5,False,False,normal,pluvieux
2023-05-26 09:18:49,Hôpital de District Bonassama,A-,46,6,13,53,3.9,22,94.8,normale,Attention: proche expiration,4,9,5,False,False,normal,orageux
2023-05-26 13:47:31,Hôpital de District Bonassama,O-,32,7,0,25,3.9,9,100.0,normale,Attention: proche expiration,4,13,5,False,False,normal,ensoleillé
2023-05-26 17:16:57,Hôpital de District Bonassama,O+,58,7,19,70,3.3,14,100.0,normale,"État satisfaisant, contrôle qualité OK",4,17,5,False,False,normal,ensoleillé
2023-05-26 22:51:46,Hôpital de District Bonassama,A+,18,4,0,14,3.7,54,96.4,faible,"État satisfaisant, contrôle qualité OK",4,22,5,False,False,normal,orageux
2023-05-27 00:32:28,Hôpital de District Bonassama,AB+,16,4,0,12,4.1,6,100.0,faible,Parfait pour transfusion immédiate,5,0,5,True,False,normal,nuageux
2023-05-27 02:59:06,Hôpital de District Bonassama,A+,18,8,0,10,5.0,25,99.8,faible,Hémoglobine dans les normes,5,2,5,True,False,normal,ensoleillé
2023-05-27 14:22:03,Hôpital de District Bonassama,O+,54,8,0,46,4.4,6,89.9,normale,Parfait pour transfusion immédiate,5,14,5,True,False,normal,pluvieux
2023-05-28 03:58:09,Hôpital de District Bonassama,O+,14,0,0,14,3.9,33,95.7,faible,"État satisfaisant, contrôle qualité OK",6,3,5,True,False,normal,nuageux
2023-05-28 17:09:46,Hôpital de District Bonassama,O+,27,6,19,40,4.2,6,100.0,normale,"Excellent état, conservation parfaite",6,17,5,True,False,normal,nuageux
2023-05-28 19:15:05,Hôpital de District Bonassama,A+,42,6,0,36,4.4,6,97.7,normale,Urgent: vérifier température stockage,6,19,5,True,False,normal,ensoleillé
2023-05-29 02:26:14,Hôpital de District Bonassama,A+,22,6,0,16,3.9,25,96.9,faible,Hémoglobine dans les normes,0,2,5,False,False,normal,ensoleillé
2023-05-29 07:43:19,Hôpital de District Bonassama,O+,43,8,0,35,4.0,20,100.0,normale,Hémoglobine dans les normes,0,7,5,False,False,normal,pluvieux
2023-05-29 23:13:45,Hôpital de District Bonassama,A+,29,10,0,19,2.9,37,100.0,faible,Contrôle bactériologique négatif,0,23,5,False,False,normal,ensoleillé
2023-05-30 00:42:25,Hôpital de District Bonassama,O+,21,6,23,38,3.6,17,93.1,normale,"Excellent état, conservation parfaite",1,0,5,False,False,normal,ensoleillé
2023-05-30 02:31:40,Hôpital de District Bonassama,B+,39,4,18,53,3.7,18,98.1,normale,Attention: proche expiration,1,2,5,False,False,normal,ensoleillé
2023-05-30 22:52:24,Hôpital de District Bonassama,AB+,41,8,0,33,4.0,4,85.3,normale,Hémoglobine dans les normes,1,22,5,False,False,normal,ensoleillé
2023-05-31 07:43:45,Hôpital de District Bonassama,O+,36,3,0,33,3.6,16,100.0,normale,"Excellent état, conservation parfaite",2,7,5,False,False,normal,pluvieux
2023-05-31 09:27:08,Hôpital de District Bonassama,A+,52,5,0,47,5.1,1,57.5,attention,Parfait pour transfusion immédiate,2,9,5,False,False,normal,orageux
2023-05-31 21:54:17,Hôpital de District Bonassama,O-,68,3,0,65,3.5,24,100.0,normale,Urgent: vérifier température stockage,2,21,5,False,False,normal,pluvieux
2023-06-01 05:09:02,Hôpital de District Bonassama,A+,27,8,0,19,3.9,5,95.2,faible,Attention: proche expiration,3,5,6,False,False,normal,ensoleillé
2023-06-01 06:47:31,Hôpital de District Bonassama,A+,28,7,0,21,4.1,12,97.3,normale,Urgent: vérifier température stockage,3,6,6,False,False,normal,orageux
2023-06-01 14:30:33,Hôpital de District Bonassama,A+,51,8,0,43,4.3,13,96.4,normale,Parfait pour transfusion immédiate,3,14,6,False,False,normal,ensoleillé
2023-06-02 05:31:35,Hôpital de District Bonassama,O+,16,5,0,11,4.1,47,100.0,faible,"Bon état général, légère variation température",4,5,6,False,False,normal,ensoleillé
2023-06-02 21:25:34,Hôpital de District Bonassama,O+,53,5,17,65,3.7,29,100.0,normale,"Bon état général, légère variation température",4,21,6,False,False,normal,ensoleillé
2023-06-03 12:33:03,Hôpital de District Bonassama,A+,28,6,0,22,4.1,17,97.9,normale,Contrôle bactériologique négatif,5,12,6,True,False,normal,ensoleillé
2023-06-03 23:56:09,Hôpital de District Bonassama,A+,18,5,0,13,4.5,19,92.3,faible,Urgent: vérifier température stockage,5,23,6,True,False,normal,pluvieux
2023-06-05 03:24:19,Hôpital de District Bonassama,AB+,32,8,0,24,3.9,1,60.0,attention,"État satisfaisant, contrôle qualité OK",0,3,6,False,False,normal,pluvieux
2023-06-05 10:56:13,Hôpital de District Bonassama,O+,36,7,0,29,4.2,25,95.1,normale,Hémoglobine dans les normes,0,10,6,False,False,normal,nuageux
2023-06-05 20:54:07,Hôpital de District Bonassama,A+,19,9,32,42,3.9,32,95.8,normale,"Bon état général, légère variation température",0,20,6,False,False,normal,nuageux
2023-06-06 01:55:41,Hôpital de District Bonassama,A+,28,9,0,19,3.7,4,85.2,faible,"État satisfaisant, contrôle qualité OK",1,1,6,False,False,campagne_don,pluvieux
2023-06-07 08:54:11,Hôpital de District Bonassama,A+,41,2,0,39,3.6,4,87.4,normale,"État satisfaisant, contrôle qualité OK",2,8,6,False,False,normal,nuageux
2023-06-07 21:13:26,Hôpital de District Bonassama,O+,68,4,0,64,4.7,30,100.0,normale,Hémoglobine dans les normes,2,21,6,False,False,normal,pluvieux
2023-06-07 23:20:32,Hôpital de District Bonassama,O+,19,13,0,6,4.7,6,100.0,critique,"URGENT: Stock critique - Bon état général, légère variation température",2,23,6,False,False,normal,pluvieux
2023-06-08 11:41:14,Hôpital de District Bonassama,O+,60,3,12,69,3.6,16,100.0,normale,Parfait pour transfusion immédiate,3,11,6,False,False,normal,pluvieux
2023-06-08 15:13:58,Hôpital de District Bonassama,B+,13,4,20,29,3.2,36,100.0,normale,Parfait pour transfusion immédiate,3,15,6,False,False,normal,pluvieux
2023-06-08 18:56:05,Hôpital de District Bonassama,O+,53,5,19,67,3.9,13,100.0,normale,Parfait pour transfusion immédiate,3,18,6,False,False,normal,ensoleillé
2023-06-09 16:09:25,Hôpital de District Bonassama,O+,40,9,0,31,4.0,7,100.0,normale,Attention: proche expiration,4,16,6,False,False,urgence_médicale,ensoleillé
2023-06-10 14:55:28,Hôpital de District Bonassama,O+,39,7,0,32,4.2,24,100.0,normale,Hémoglobine dans les normes,5,14,6,True,False,normal,nuageux
2023-06-10 20:50:47,Hôpital de District Bonassama,O+,22,3,0,19,3.9,3,84.9,faible,Parfait pour transfusion immédiate,5,20,6,True,False,normal,nuageux
2023-06-10 21:22:34,Hôpital de District Bonassama,A+,34,4,0,30,4.4,1,61.5,attention,"État satisfaisant, contrôle qualité OK",5,21,6,True,False,normal,ensoleillé
2023-06-11 02:40:06,Hôpital de District Bonassama,AB-,20,6,0,14,4.1,3,82.7,faible,"État satisfaisant, contrôle qualité OK",6,2,6,True,False,normal,ensoleillé
2023-06-11 14:44:27,Hôpital de District Bonassama,A+,6,8,0,0,3.1,25,100.0,critique,"URGENT: Stock critique - Bon état général, légère variation température",6,14,6,True,False,normal,nuageux
2023-06-11 18:53:52,Hôpital de District Bonassama,O+,33,7,0,26,3.4,5,96.8,normale,Hémoglobine dans les normes,6,18,6,True,False,normal,pluvieux
2023-06-11 22:15:08,Hôpital de District Bonassama,A+,22,4,19,37,4.0,1,60.4,attention,Hémoglobine dans les normes,6,22,6,True,False,normal,pluvieux
2023-06-12 00:02:01,Hôpital de District Bonassama,B+,21,11,0,10,3.7,34,100.0,faible,Contrôle bactériologique négatif,0,0,6,False,False,normal,ensoleillé
2023-06-12 04:49:09,Hôpital de District Bonassama,A+,28,10,18,36,3.6,35,100.0,normale,Contrôle bactériologique négatif,0,4,6,False,False,normal,pluvieux
2023-06-12 12:07:20,Hôpital de District Bonassama,O+,50,10,0,40,4.0,1,60.7,attention,Urgent: vérifier température stockage,0,12,6,False,False,normal,ensoleillé
2023-06-12 20:23:54,Hôpital de District Bonassama,O+,49,4,0,45,4.3,1,65.7,attention,Hémoglobine dans les normes,0,20,6,False,False,normal,pluvieux
2023-06-13 03:47:48,Hôpital de District Bonassama,O-,1,9,0,0,3.9,17,100.0,critique,URGENT: Stock critique - Hémoglobine dans les normes,1,3,6,False,False,normal,nuageux
2023-06-13 06:09:01,Hôpital de District Bonassama,A-,32,6,0,26,4.6,12,100.0,normale,"Bon état général, légère variation température",1,6,6,False,False,normal,ensoleillé
2023-06-14 07:00:19,Hôpital de District Bonassama,O+,53,12,0,41,3.1,39,100.0,normale,Attention: proche expiration,2,7,6,False,False,normal,orageux
2023-06-14 14:20:21,Hôpital de District Bonassama,A+,34,10,0,24,4.5,1,59.8,attention,"Bon état général, légère variation température",2,14,6,False,False,normal,ensoleillé
2023-06-15 03:40:46,Hôpital de District Bonassama,A+,25,10,19,34,4.5,5,93.1,normale,Contrôle bactériologique négatif,3,3,6,False,False,normal,ensoleillé
2023-06-15 10:57:45,Hôpital de District Bonassama,O+,59,11,0,48,4.8,28,100.0,normale,"État satisfaisant, contrôle qualité OK",3,10,6,False,False,normal,nuageux
2023-06-15 14:02:35,Hôpital de District Bonassama,O-,45,3,0,42,4.0,10,100.0,normale,Urgent: vérifier température stockage,3,14,6,False,False,normal,nuageux
2023-06-15 22:15:07,Hôpital de District Bonassama,A+,30,7,0,23,3.8,1,62.1,attention,Contrôle bactériologique négatif,3,22,6,False,False,normal,orageux
2023-06-17 00:42:47,Hôpital de District Bonassama,A+,26,6,0,20,3.6,7,100.0,normale,"Bon état général, légère variation température",5,0,6,True,False,normal,nuageux
2023-06-17 20:46:42,Hôpital de District Bonassama,A+,24,4,0,20,3.7,6,97.1,normale,Contrôle bactériologique négatif,5,20,6,True,False,normal,nuageux
2023-06-18 11:54:12,Hôpital de District Bonassama,O+,28,4,0,24,4.9,8,100.0,normale,Hémoglobine dans les normes,6,11,6,True,False,normal,pluvieux
2023-06-19 02:12:39,Hôpital de District Bonassama,A+,32,7,18,43,4.4,3,86.1,normale,"État satisfaisant, contrôle qualité OK",0,2,6,False,False,normal,pluvieux
2023-06-19 06:41:24,Hôpital de District Bonassama,O+,25,7,23,41,4.2,1,59.8,attention,Contrôle bactériologique négatif,0,6,6,False,False,normal,nuageux
2023-06-19 10:07:43,Hôpital de District Bonassama,A+,77,9,21,89,3.3,1,67.3,attention,Attention: proche expiration,0,10,6,False,False,campagne_don,nuageux
2023-06-19 11:52:59,Hôpital de District Bonassama,O+,46,8,0,38,3.5,17,91.2,normale,Parfait pour transfusion immédiate,0,11,6,False,False,épidémie,orageux
2023-06-19 12:16:07,Hôpital de District Bonassama,A+,51,10,22,63,5.0,43,100.0,normale,Parfait pour transfusion immédiate,0,12,6,False,False,normal,ensoleillé
2023-06-19 18:32:28,Hôpital de District Bonassama,O+,60,6,0,54,4.0,3,80.9,normale,Attention: proche expiration,0,18,6,False,False,normal,orageux
2023-06-19 20:41:14,Hôpital de District Bonassama,O-,69,11,21,79,4.6,5,94.4,normale,Urgent: vérifier température stockage,0,20,6,False,False,normal,orageux
2023-06-19 21:53:17,Hôpital de District Bonassama,B-,89,0,0,89,3.7,15,96.9,normale,Hémoglobine dans les normes,0,21,6,False,False,normal,nuageux
2023-06-20 08:45:43,Hôpital de District Bonassama,O+,44,10,0,34,4.7,21,100.0,normale,Contrôle bactériologique négatif,1,8,6,False,False,normal,orageux
2023-06-20 18:08:52,Hôpital de District Bonassama,O+,36,8,0,28,3.7,1,67.4,attention,"État satisfaisant, contrôle qualité OK",1,18,6,False,False,normal,ensoleillé
2023-06-20 20:03:53,Hôpital de District Bonassama,O+,71,9,0,62,3.7,17,100.0,normale,Contrôle bactériologique négatif,1,20,6,False,False,normal,orageux
2023-06-21 03:45:51,Hôpital de District Bonassama,A+,17,6,21,32,4.6,31,93.1,normale,"État satisfaisant, contrôle qualité OK",2,3,6,False,False,normal,pluvieux
2023-06-21 08:39:28,Hôpital de District Bonassama,O+,54,10,19,63,5.6,13,94.6,normale,"Bon état général, légère variation température",2,8,6,False,False,normal,nuageux
2023-06-21 09:53:28,Hôpital de District Bonassama,A+,68,6,0,62,4.0,4,82.5,normale,"Excellent état, conservation parfaite",2,9,6,False,False,normal,ensoleillé
2023-06-21 09:59:08,Hôpital de District Bonassama,O+,75,5,0,70,3.3,5,94.2,normale,Attention: proche expiration,2,9,6,False,False,normal,orageux
2023-06-21 12:31:30,Hôpital de District Bonassama,O+,30,10,0,20,4.9,8,100.0,normale,Attention: proche expiration,2,12,6,False,False,normal,ensoleillé
2023-06-21 18:07:07,Hôpital de District Bonassama,A+,34,9,0,25,3.9,25,100.0,normale,"Bon état général, légère variation température",2,18,6,False,False,normal,ensoleillé
2023-06-22 02:44:53,Hôpital de District Bonassama,O+,26,10,0,16,3.2,26,100.0,faible,Hémoglobine dans les normes,3,2,6,False,False,normal,nuageux
2023-06-23 03:49:58,Hôpital de District Bonassama,A+,32,5,0,27,4.2,14,100.0,normale,Contrôle bactériologique négatif,4,3,6,False,False,normal,pluvieux
2023-06-23 11:43:57,Hôpital de District Bonassama,A+,42,12,0,30,3.7,18,99.2,normale,"État satisfaisant, contrôle qualité OK",4,11,6,False,False,normal,ensoleillé
2023-06-23 21:16:49,Hôpital de District Bonassama,A+,66,7,0,59,4.2,1,74.2,normale,Hémoglobine dans les normes,4,21,6,False,False,normal,ensoleillé
2023-06-24 05:39:02,Hôpital de District Bonassama,O-,14,4,0,10,3.7,24,98.0,faible,Urgent: vérifier température stockage,5,5,6,True,False,campagne_don,pluvieux
2023-06-24 12:38:41,Hôpital de District Bonassama,A+,14,1,0,13,4.0,1,46.9,faible,Parfait pour transfusion immédiate,5,12,6,True,False,normal,ensoleillé
2023-06-24 18:57:06,Hôpital de District Bonassama,O+,31,5,0,26,3.6,6,100.0,normale,Hémoglobine dans les normes,5,18,6,True,False,normal,nuageux
2023-06-24 20:25:51,Hôpital de District Bonassama,O+,27,4,19,42,4.1,2,79.7,normale,Attention: proche expiration,5,20,6,True,False,normal,nuageux
2023-06-25 01:11:16,Hôpital de District Bonassama,A+,6,5,0,1,4.4,27,100.0,critique,URGENT: Stock critique - Hémoglobine dans les normes,6,1,6,True,False,normal,ensoleillé
2023-06-25 07:24:49,Hôpital de District Bonassama,O+,29,3,0,26,4.8,8,100.0,normale,Parfait pour transfusion immédiate,6,7,6,True,False,normal,ensoleillé
2023-06-25 19:53:39,Hôpital de District Bonassama,B+,43,5,0,38,4.7,1,61.0,attention,Hémoglobine dans les normes,6,19,6,True,False,normal,nuageux
2023-06-26 01:24:24,Hôpital de District Bonassama,O+,20,11,31,40,4.8,1,62.0,attention,"Excellent état, conservation parfaite",0,1,6,False,False,normal,ensoleillé
2023-06-26 03:34:15,Hôpital de District Bonassama,A+,21,10,0,11,3.3,3,89.9,faible,"Excellent état, conservation parfaite",0,3,6,False,False,normal,nuageux
2023-06-26 20:42:06,Hôpital de District Bonassama,O+,59,6,0,53,4.0,15,97.5,normale,Urgent: vérifier température stockage,0,20,6,False,False,normal,ensoleillé
2023-06-27 03:03:26,Hôpital de District Bonassama,O+,28,10,20,38,4.4,18,94.2,normale,"Excellent état, conservation parfaite",1,3,6,False,False,normal,nuageux
2023-06-28 05:07:04,Hôpital de District Bonassama,O+,29,10,0,19,3.2,1,61.2,faible,"État satisfaisant, contrôle qualité OK",2,5,6,False,False,normal,orageux
2023-06-28 09:45:42,Hôpital de District Bonassama,A+,57,3,0,54,3.3,23,97.9,normale,Parfait pour transfusion immédiate,2,9,6,False,False,normal,nuageux
2023-06-28 14:05:24,Hôpital de District Bonassama,O+,60,7,25,78,4.9,4,85.5,normale,Urgent: vérifier température stockage,2,14,6,False,False,normal,ensoleillé
2023-06-29 05:56:14,Hôpital de District Bonassama,A+,20,0,0,20,3.6,8,97.5,normale,"Excellent état, conservation parfaite",3,5,6,False,False,normal,pluvieux
2023-06-29 06:13:48,Hôpital de District Bonassama,O+,38,4,24,58,4.3,11,100.0,normale,Attention: proche expiration,3,6,6,False,False,normal,ensoleillé
2023-06-29 07:23:25,Hôpital de District Bonassama,O+,39,13,0,26,3.6,9,98.3,normale,"Excellent état, conservation parfaite",3,7,6,False,False,normal,nuageux
2023-06-29 09:23:16,Hôpital de District Bonassama,A+,34,1,0,33,4.4,2,86.1,normale,"Excellent état, conservation parfaite",3,9,6,False,False,urgence_médicale,pluvieux
2023-06-29 13:01:32,Hôpital de District Bonassama,A+,37,12,0,25,3.7,13,100.0,normale,"Bon état général, légère variation température",3,13,6,False,False,normal,ensoleillé
2023-06-29 14:52:11,Hôpital de District Bonassama,A+,56,6,0,50,3.4,5,100.0,normale,Hémoglobine dans les normes,3,14,6,False,False,normal,ensoleillé
2023-06-29 20:54:02,Hôpital de District Bonassama,B+,46,8,0,38,4.1,23,100.0,normale,Contrôle bactériologique négatif,3,20,6,False,False,normal,pluvieux
2023-06-30 02:06:59,Hôpital de District Bonassama,A+,29,6,0,23,3.9,6,100.0,normale,Hémoglobine dans les normes,4,2,6,False,False,normal,ensoleillé
2023-06-30 02:52:43,Hôpital de District Bonassama,O+,25,4,0,21,4.2,3,79.7,normale,Hémoglobine dans les normes,4,2,6,False,False,normal,ensoleillé
2023-06-30 21:43:01,Hôpital de District Bonassama,AB+,34,9,0,25,4.8,7,100.0,normale,Hémoglobine dans les normes,4,21,6,False,False,normal,nuageux
2023-06-30 22:02:03,Hôpital de District Bonassama,O-,45,4,15,56,3.4,9,100.0,normale,Hémoglobine dans les normes,4,22,6,False,False,normal,nuageux
2023-07-01 09:18:43,Hôpital de District Bonassama,AB-,52,5,0,47,4.6,7,93.1,normale,Attention: proche expiration,5,9,7,True,True,normal,ensoleillé
2023-07-01 10:56:05,Hôpital de District Bonassama,A+,50,5,0,45,3.6,5,91.5,normale,Urgent: vérifier température stockage,5,10,7,True,True,normal,ensoleillé
2023-07-01 11:15:13,Hôpital de District Bonassama,O-,33,8,0,25,4.7,5,94.8,normale,"État satisfaisant, contrôle qualité OK",5,11,7,True,True,normal,orageux
2023-07-01 12:27:48,Hôpital de District Bonassama,A+,40,7,16,49,3.0,10,97.5,normale,Parfait pour transfusion immédiate,5,12,7,True,True,normal,pluvieux
2023-07-01 15:01:56,Hôpital de District Bonassama,A+,23,6,0,17,4.0,11,100.0,faible,Urgent: vérifier température stockage,5,15,7,True,True,normal,pluvieux
2023-07-01 15:09:05,Hôpital de District Bonassama,O+,30,0,0,30,3.6,8,100.0,normale,Attention: proche expiration,5,15,7,True,True,urgence_médicale,ensoleillé
2023-07-01 17:28:33,Hôpital de District Bonassama,A+,34,6,0,28,3.4,7,100.0,normale,"Excellent état, conservation parfaite",5,17,7,True,True,épidémie,pluvieux
2023-07-02 04:55:06,Hôpital de District Bonassama,B+,18,7,0,11,3.0,23,100.0,faible,"Excellent état, conservation parfaite",6,4,7,True,True,normal,pluvieux
2023-07-02 08:38:58,Hôpital de District Bonassama,B+,37,5,0,32,4.0,5,96.1,normale,Hémoglobine dans les normes,6,8,7,True,True,normal,pluvieux
2023-07-02 11:57:46,Hôpital de District Bonassama,O+,28,4,0,24,4.2,14,98.3,normale,Contrôle bactériologique négatif,6,11,7,True,True,normal,ensoleillé
2023-07-02 18:24:01,Hôpital de District Bonassama,O+,28,8,14,34,4.1,1,58.3,attention,"État satisfaisant, contrôle qualité OK",6,18,7,True,True,normal,ensoleillé
2023-07-03 13:01:12,Hôpital de District Bonassama,A-,60,12,19,67,2.3,39,100.0,normale,Parfait pour transfusion immédiate,0,13,7,False,True,normal,ensoleillé
2023-07-03 20:27:46,Hôpital de District Bonassama,B+,40,11,0,29,3.4,22,100.0,normale,Hémoglobine dans les normes,0,20,7,False,True,normal,pluvieux
2023-07-04 06:35:46,Hôpital de District Bonassama,A+,48,6,0,42,3.0,10,100.0,normale,Hémoglobine dans les normes,1,6,7,False,True,normal,ensoleillé
2023-07-04 15:01:28,Hôpital de District Bonassama,O+,71,16,0,55,4.1,13,95.1,normale,Urgent: vérifier température stockage,1,15,7,False,True,normal,orageux
2023-07-05 16:04:50,Hôpital de District Bonassama,B-,83,0,0,83,4.2,16,97.7,normale,"État satisfaisant, contrôle qualité OK",2,16,7,False,True,normal,ensoleillé
2023-07-06 03:13:39,Hôpital de District Bonassama,O+,39,6,0,33,4.7,2,83.3,normale,"Excellent état, conservation parfaite",3,3,7,False,True,normal,ensoleillé
2023-07-06 18:44:58,Hôpital de District Bonassama,A+,47,5,20,62,4.2,6,94.2,normale,"Excellent état, conservation parfaite",3,18,7,False,True,normal,pluvieux
2023-07-07 01:24:50,Hôpital de District Bonassama,A+,31,16,19,34,3.5,2,78.7,normale,"Excellent état, conservation parfaite",4,1,7,False,True,normal,pluvieux
2023-07-07 18:09:49,Hôpital de District Bonassama,O+,92,12,0,80,4.2,8,96.6,normale,"Bon état général, légère variation température",4,18,7,False,True,normal,ensoleillé
2023-07-07 21:05:00,Hôpital de District Bonassama,AB-,67,11,0,56,3.6,38,98.7,normale,Hémoglobine dans les normes,4,21,7,False,True,normal,ensoleillé
2023-07-08 00:59:54,Hôpital de District Bonassama,AB+,16,5,0,11,3.1,4,87.3,faible,Parfait pour transfusion immédiate,5,0,7,True,True,normal,ensoleillé
2023-07-08 08:07:22,Hôpital de District Bonassama,O-,51,4,0,47,3.3,7,97.8,normale,Parfait pour transfusion immédiate,5,8,7,True,True,normal,pluvieux
2023-07-08 10:50:28,Hôpital de District Bonassama,B-,37,2,0,35,4.5,14,94.7,normale,Hémoglobine dans les normes,5,10,7,True,True,normal,pluvieux
2023-07-08 12:28:04,Hôpital de District Bonassama,A+,40,5,0,35,4.0,31,100.0,normale,"Excellent état, conservation parfaite",5,12,7,True,True,normal,nuageux
2023-07-08 17:23:40,Hôpital de District Bonassama,AB+,49,2,23,70,3.6,4,83.5,normale,Hémoglobine dans les normes,5,17,7,True,True,normal,pluvieux
2023-07-09 04:29:18,Hôpital de District Bonassama,O-,26,7,0,19,4.3,1,58.4,faible,Urgent: vérifier température stockage,6,4,7,True,True,normal,ensoleillé
2023-07-09 14:18:44,Hôpital de District Bonassama,B+,34,9,0,25,3.5,3,80.2,normale,Attention: proche expiration,6,14,7,True,True,normal,pluvieux
2023-07-09 16:33:30,Hôpital de District Bonassama,O+,49,1,0,48,4.2,8,99.5,normale,"Bon état général, légère variation température",6,16,7,True,True,normal,orageux
2023-07-09 19:48:25,Hôpital de District Bonassama,O+,48,7,0,41,3.5,2,78.5,normale,Hémoglobine dans les normes,6,19,7,True,True,normal,pluvieux
2023-07-10 02:38:52,Hôpital de District Bonassama,A+,11,9,0,2,4.0,5,100.0,critique,"URGENT: Stock critique - État satisfaisant, contrôle qualité OK",0,2,7,False,True,normal,ensoleillé
2023-07-10 03:03:11,Hôpital de District Bonassama,A+,20,8,23,35,4.9,1,64.5,attention,"Bon état général, légère variation température",0,3,7,False,True,normal,ensoleillé
2023-07-10 16:01:42,Hôpital de District Bonassama,O+,25,11,0,14,4.5,12,98.8,faible,Urgent: vérifier température stockage,0,16,7,False,True,normal,ensoleillé
2023-07-11 04:02:50,Hôpital de District Bonassama,B-,48,1,0,47,3.3,8,100.0,normale,"État satisfaisant, contrôle qualité OK",1,4,7,False,True,normal,ensoleillé
2023-07-11 19:23:36,Hôpital de District Bonassama,O+,57,8,0,49,4.1,38,100.0,normale,"Bon état général, légère variation température",1,19,7,False,True,normal,ensoleillé
2023-07-12 01:33:13,Hôpital de District Bonassama,O+,34,10,0,24,4.7,24,100.0,normale,Urgent: vérifier température stockage,2,1,7,False,True,normal,pluvieux
2023-07-12 03:29:29,Hôpital de District Bonassama,A+,20,13,0,7,4.0,13,100.0,critique,URGENT: Stock critique - Parfait pour transfusion immédiate,2,3,7,False,True,normal,nuageux
2023-07-12 04:31:24,Hôpital de District Bonassama,A+,27,9,0,18,3.7,3,87.5,faible,"État satisfaisant, contrôle qualité OK",2,4,7,False,True,normal,nuageux
2023-07-12 22:56:18,Hôpital de District Bonassama,A+,53,3,27,77,4.5,5,100.0,normale,Hémoglobine dans les normes,2,22,7,False,True,normal,pluvieux
2023-07-13 16:14:18,Hôpital de District Bonassama,A+,51,6,0,45,4.0,11,89.7,normale,"État satisfaisant, contrôle qualité OK",3,16,7,False,True,normal,pluvieux
2023-07-14 11:37:02,Hôpital de District Bonassama,O+,67,3,0,64,4.0,9,99.0,normale,"Bon état général, légère variation température",4,11,7,False,True,normal,ensoleillé
2023-07-14 19:13:42,Hôpital de District Bonassama,A-,48,8,27,67,3.7,14,100.0,normale,"Excellent état, conservation parfaite",4,19,7,False,True,normal,nuageux
2023-07-14 20:02:35,Hôpital de District Bonassama,O+,46,11,0,35,4.6,13,98.8,normale,Attention: proche expiration,4,20,7,False,True,normal,pluvieux
2023-07-15 00:28:50,Hôpital de District Bonassama,O+,21,5,0,16,3.9,5,100.0,faible,"État satisfaisant, contrôle qualité OK",5,0,7,True,True,normal,ensoleillé
2023-07-15 00:38:15,Hôpital de District Bonassama,O+,20,4,0,16,3.7,7,93.0,faible,Hémoglobine dans les normes,5,0,7,True,True,normal,ensoleillé
2023-07-15 03:49:31,Hôpital de District Bonassama,O-,9,7,0,2,3.7,1,62.4,critique,URGENT: Stock critique - Contrôle bactériologique négatif,5,3,7,True,True,épidémie,pluvieux
2023-07-15 05:41:36,Hôpital de District Bonassama,O+,18,3,0,15,4.1,6,99.6,faible,Attention: proche expiration,5,5,7,True,True,normal,ensoleillé
2023-07-15 07:55:41,Hôpital de District Bonassama,O+,46,5,0,41,4.1,3,86.7,normale,Contrôle bactériologique négatif,5,7,7,True,True,normal,ensoleillé
2023-07-15 19:45:56,Hôpital de District Bonassama,A-,46,7,0,39,4.9,11,100.0,normale,Hémoglobine dans les normes,5,19,7,True,True,normal,nuageux
2023-07-16 03:19:44,Hôpital de District Bonassama,O+,21,4,0,17,4.1,24,100.0,faible,Parfait pour transfusion immédiate,6,3,7,True,True,normal,ensoleillé
2023-07-16 07:06:45,Hôpital de District Bonassama,AB+,52,5,0,47,4.7,5,100.0,normale,Parfait pour transfusion immédiate,6,7,7,True,True,normal,nuageux
2023-07-17 04:07:00,Hôpital de District Bonassama,A+,33,9,0,24,4.0,1,63.0,attention,Urgent: vérifier température stockage,0,4,7,False,True,normal,pluvieux
2023-07-17 09:43:12,Hôpital de District Bonassama,A-,76,8,21,89,3.6,22,97.5,normale,"Excellent état, conservation parfaite",0,9,7,False,True,normal,ensoleillé
2023-07-17 11:23:14,Hôpital de District Bonassama,O+,75,1,19,93,4.3,9,100.0,normale,Contrôle bactériologique négatif,0,11,7,False,True,normal,ensoleillé
2023-07-17 11:49:13,Hôpital de District Bonassama,A+,54,2,19,71,4.3,1,55.5,attention,Attention: proche expiration,0,11,7,False,True,normal,orageux
2023-07-17 12:22:40,Hôpital de District Bonassama,A+,75,11,20,84,3.4,19,94.6,normale,"Bon état général, légère variation température",0,12,7,False,True,urgence_médicale,pluvieux
2023-07-17 15:43:55,Hôpital de District Bonassama,A+,34,6,0,28,3.8,34,99.1,normale,"Bon état général, légère variation température",0,15,7,False,True,normal,ensoleillé
2023-07-18 00:04:06,Hôpital de District Bonassama,A+,26,11,16,31,3.9,2,88.1,normale,Attention: proche expiration,1,0,7,False,True,normal,orageux
2023-07-18 06:43:01,Hôpital de District Bonassama,A+,54,5,0,49,4.8,3,83.5,normale,Urgent: vérifier température stockage,1,6,7,False,True,normal,nuageux
2023-07-18 09:01:23,Hôpital de District Bonassama,A+,38,3,0,35,4.5,9,100.0,normale,"Excellent état, conservation parfaite",1,9,7,False,True,normal,pluvieux
2023-07-18 09:29:31,Hôpital de District Bonassama,A+,66,11,0,55,3.6,5,97.4,normale,Hémoglobine dans les normes,1,9,7,False,True,normal,ensoleillé
2023-07-18 21:24:14,Hôpital de District Bonassama,O+,42,13,0,29,3.8,3,90.6,normale,Attention: proche expiration,1,21,7,False,True,normal,pluvieux
2023-07-19 07:52:16,Hôpital de District Bonassama,A+,78,4,0,74,3.9,2,85.0,normale,Attention: proche expiration,2,7,7,False,True,normal,ensoleillé
2023-07-19 19:24:33,Hôpital de District Bonassama,A+,60,9,0,51,4.7,1,58.7,attention,Parfait pour transfusion immédiate,2,19,7,False,True,normal,ensoleillé
2023-07-19 20:14:22,Hôpital de District Bonassama,O+,78,10,20,88,4.2,12,99.8,normale,Hémoglobine dans les normes,2,20,7,False,True,normal,orageux
2023-07-20 15:19:23,Hôpital de District Bonassama,O+,37,14,0,23,4.4,1,65.1,attention,"Excellent état, conservation parfaite",3,15,7,False,True,normal,nuageux
2023-07-21 08:59:19,Hôpital de District Bonassama,B+,101,12,0,89,4.3,29,93.0,normale,"Excellent état, conservation parfaite",4,8,7,False,True,normal,ensoleillé
2023-07-21 10:52:31,Hôpital de District Bonassama,A+,67,11,19,75,5.0,2,84.3,normale,Attention: proche expiration,4,10,7,False,True,normal,orageux
2023-07-21 19:07:31,Hôpital de District Bonassama,B+,70,10,0,60,3.8,12,93.7,normale,Parfait pour transfusion immédiate,4,19,7,False,True,normal,pluvieux
2023-07-23 09:29:06,Hôpital de District Bonassama,B+,61,6,0,55,4.4,1,65.6,attention,"Excellent état, conservation parfaite",6,9,7,True,True,normal,nuageux
2023-07-23 13:33:08,Hôpital de District Bonassama,A+,39,6,0,33,4.0,3,85.8,normale,Urgent: vérifier température stockage,6,13,7,True,True,urgence_médicale,pluvieux
2023-07-23 20:01:52,Hôpital de District Bonassama,B+,36,7,0,29,3.9,23,100.0,normale,Parfait pour transfusion immédiate,6,20,7,True,True,normal,pluvieux
2023-07-24 19:21:20,Hôpital de District Bonassama,A-,70,4,0,66,3.8,13,100.0,normale,Hémoglobine dans les normes,0,19,7,False,True,normal,pluvieux
2023-07-25 06:28:31,Hôpital de District Bonassama,A+,60,8,0,52,4.6,9,94.8,normale,Hémoglobine dans les normes,1,6,7,False,True,normal,ensoleillé
2023-07-25 14:34:17,Hôpital de District Bonassama,O+,52,14,0,38,3.1,15,100.0,normale,"État satisfaisant, contrôle qualité OK",1,14,7,False,True,normal,pluvieux
2023-07-25 19:03:03,Hôpital de District Bonassama,O+,67,6,17,78,3.9,16,99.7,normale,Hémoglobine dans les normes,1,19,7,False,True,normal,nuageux
2023-07-25 22:27:56,Hôpital de District Bonassama,A-,58,9,15,64,4.3,10,100.0,normale,Hémoglobine dans les normes,1,22,7,False,True,normal,ensoleillé
2023-07-26 03:24:36,Hôpital de District Bonassama,A+,26,6,0,20,3.7,11,95.6,normale,Urgent: vérifier température stockage,2,3,7,False,True,normal,ensoleillé
2023-07-26 03:34:40,Hôpital de District Bonassama,O+,0,11,0,0,4.3,4,87.7,critique,URGENT: Stock critique - Parfait pour transfusion immédiate,2,3,7,False,True,normal,nuageux
2023-07-26 15:18:56,Hôpital de District Bonassama,A+,49,11,26,64,2.8,14,93.8,normale,"Excellent état, conservation parfaite",2,15,7,False,True,normal,nuageux
2023-07-27 00:49:06,Hôpital de District Bonassama,A+,34,15,19,38,3.4,23,93.3,normale,Parfait pour transfusion immédiate,3,0,7,False,True,normal,ensoleillé
2023-07-27 01:50:34,Hôpital de District Bonassama,AB+,30,9,20,41,3.7,8,97.7,normale,"État satisfaisant, contrôle qualité OK",3,1,7,False,True,normal,ensoleillé
2023-07-27 11:22:42,Hôpital de District Bonassama,A+,73,16,0,57,3.9,8,97.9,normale,"Bon état général, légère variation température",3,11,7,False,True,normal,ensoleillé
2023-07-27 19:24:24,Hôpital de District Bonassama,O+,67,14,0,53,3.5,9,100.0,normale,"Excellent état, conservation parfaite",3,19,7,False,True,normal,nuageux
2023-07-27 21:44:03,Hôpital de District Bonassama,B+,73,7,0,66,4.1,9,92.4,normale,Hémoglobine dans les normes,3,21,7,False,True,normal,pluvieux
2023-07-28 07:16:34,Hôpital de District Bonassama,A+,42,11,21,52,3.2,5,100.0,normale,"État satisfaisant, contrôle qualité OK",4,7,7,False,True,normal,ensoleillé
2023-07-28 19:45:28,Hôpital de District Bonassama,A+,57,11,25,71,4.1,62,96.2,normale,Urgent: vérifier température stockage,4,19,7,False,True,normal,ensoleillé
2023-07-28 22:29:11,Hôpital de District Bonassama,A+,38,9,0,29,4.1,39,89.9,normale,"Excellent état, conservation parfaite",4,22,7,False,True,normal,ensoleillé
2023-07-29 06:48:02,Hôpital de District Bonassama,O+,39,2,0,37,4.4,1,65.3,attention,Parfait pour transfusion immédiate,5,6,7,True,True,normal,ensoleillé
2023-07-29 09:08:20,Hôpital de District Bonassama,A-,31,8,0,23,4.3,5,94.1,normale,"État satisfaisant, contrôle qualité OK",5,9,7,True,True,normal,orageux
2023-07-29 15:10:25,Hôpital de District Bonassama,A+,51,8,0,43,2.8,15,100.0,normale,Parfait pour transfusion immédiate,5,15,7,True,True,normal,pluvieux
2023-07-30 04:41:10,Hôpital de District Bonassama,O-,23,5,0,18,4.2,22,91.8,faible,"État satisfaisant, contrôle qualité OK",6,4,7,True,True,normal,pluvieux
2023-07-30 07:00:42,Hôpital de District Bonassama,AB+,28,6,15,37,4.6,26,100.0,normale,"État satisfaisant, contrôle qualité OK",6,7,7,True,True,normal,ensoleillé
2023-07-30 17:56:45,Hôpital de District Bonassama,B-,30,6,0,24,3.3,8,100.0,normale,"Excellent état, conservation parfaite",6,17,7,True,True,normal,pluvieux
2023-07-31 06:57:06,Hôpital de District Bonassama,A+,74,9,21,86,4.3,16,100.0,normale,Attention: proche expiration,0,6,7,False,True,normal,ensoleillé
2023-07-31 08:56:51,Hôpital de District Bonassama,O+,48,7,0,41,4.1,11,100.0,normale,"Excellent état, conservation parfaite",0,8,7,False,True,normal,orageux
2023-07-31 12:53:50,Hôpital de District Bonassama,A+,45,15,0,30,4.9,3,85.1,normale,Parfait pour transfusion immédiate,0,12,7,False,True,normal,orageux
2023-08-01 00:26:11,Hôpital de District Bonassama,AB+,26,4,28,50,3.9,41,100.0,normale,"Bon état général, légère variation température",1,0,8,False,True,normal,nuageux
2023-08-02 08:13:25,Hôpital de District Bonassama,O+,58,11,21,68,4.0,8,94.1,normale,"État satisfaisant, contrôle qualité OK",2,8,8,False,True,normal,ensoleillé
2023-08-02 19:00:56,Hôpital de District Bonassama,O+,78,9,16,85,4.9,2,87.5,normale,Urgent: vérifier température stockage,2,19,8,False,True,normal,ensoleillé
2023-08-03 02:20:58,Hôpital de District Bonassama,O+,30,3,18,45,3.8,13,100.0,normale,Urgent: vérifier température stockage,3,2,8,False,True,normal,pluvieux
2023-08-03 12:28:05,Hôpital de District Bonassama,A+,51,15,19,55,4.4,2,83.9,normale,Hémoglobine dans les normes,3,12,8,False,True,normal,ensoleillé
2023-08-04 14:03:11,Hôpital de District Bonassama,AB+,44,9,23,58,4.3,11,100.0,normale,Attention: proche expiration,4,14,8,False,True,normal,pluvieux
2023-08-04 14:42:07,Hôpital de District Bonassama,O+,50,5,0,45,4.2,4,79.4,normale,Hémoglobine dans les normes,4,14,8,False,True,normal,ensoleillé
2023-08-04 21:17:00,Hôpital de District Bonassama,O+,50,6,21,65,4.5,2,87.1,normale,Hémoglobine dans les normes,4,21,8,False,True,normal,pluvieux
2023-08-05 16:43:26,Hôpital de District Bonassama,B+,52,7,0,45,4.6,11,100.0,normale,"État satisfaisant, contrôle qualité OK",5,16,8,True,True,normal,nuageux
2023-08-05 17:35:01,Hôpital de District Bonassama,A+,32,4,0,28,3.7,11,100.0,normale,Parfait pour transfusion immédiate,5,17,8,True,True,normal,pluvieux
2023-08-06 02:17:59,Hôpital de District Bonassama,O+,16,6,0,10,4.2,16,100.0,faible,Attention: proche expiration,6,2,8,True,True,normal,pluvieux
2023-08-06 21:53:30,Hôpital de District Bonassama,O-,36,10,0,26,4.3,1,58.4,attention,Urgent: vérifier température stockage,6,21,8,True,True,normal,ensoleillé
2023-08-08 07:27:44,Hôpital de District Bonassama,O-,83,6,16,93,3.3,3,84.9,normale,Urgent: vérifier température stockage,1,7,8,False,True,normal,ensoleillé
2023-08-08 18:50:59,Hôpital de District Bonassama,O+,47,4,25,68,3.8,24,100.0,normale,"Excellent état, conservation parfaite",1,18,8,False,True,normal,pluvieux
2023-08-09 02:21:37,Hôpital de District Bonassama,A+,32,9,0,23,3.7,26,100.0,normale,Hémoglobine dans les normes,2,2,8,False,True,normal,pluvieux
2023-08-09 22:46:07,Hôpital de District Bonassama,O+,68,12,0,56,3.7,22,98.6,normale,Attention: proche expiration,2,22,8,False,True,normal,nuageux
2023-08-10 09:41:46,Hôpital de District Bonassama,AB+,45,11,0,34,2.9,4,93.0,normale,Contrôle bactériologique négatif,3,9,8,False,True,normal,pluvieux
2023-08-10 15:09:49,Hôpital de District Bonassama,B+,66,9,0,57,4.1,38,98.1,normale,"Excellent état, conservation parfaite",3,15,8,False,True,normal,ensoleillé
2023-08-10 19:14:28,Hôpital de District Bonassama,O+,58,7,0,51,4.3,1,63.6,attention,Parfait pour transfusion immédiate,3,19,8,False,True,normal,pluvieux
2023-08-11 03:12:12,Hôpital de District Bonassama,O-,20,4,0,16,4.6,13,92.6,faible,Attention: proche expiration,4,3,8,False,True,normal,pluvieux
2023-08-11 13:07:20,Hôpital de District Bonassama,A+,59,9,15,65,4.8,16,98.1,normale,Urgent: vérifier température stockage,4,13,8,False,True,normal,orageux
2023-08-11 17:31:03,Hôpital de District Bonassama,A+,42,13,0,29,4.2,12,100.0,normale,Parfait pour transfusion immédiate,4,17,8,False,True,normal,ensoleillé
2023-08-12 13:10:53,Hôpital de District Bonassama,O+,41,7,0,34,5.0,20,96.8,normale,"Excellent état, conservation parfaite",5,13,8,True,True,normal,ensoleillé
2023-08-12 13:58:46,Hôpital de District Bonassama,O+,42,5,17,54,5.6,16,100.0,normale,"Excellent état, conservation parfaite",5,13,8,True,True,normal,pluvieux
2023-08-12 22:41:02,Hôpital de District Bonassama,O+,29,3,0,26,3.3,24,98.4,normale,"État satisfaisant, contrôle qualité OK",5,22,8,True,True,normal,pluvieux
2023-08-13 01:10:44,Hôpital de District Bonassama,O-,21,3,0,18,4.7,12,100.0,faible,Hémoglobine dans les normes,6,1,8,True,True,normal,orageux
2023-08-13 09:11:40,Hôpital de District Bonassama,O+,25,7,0,18,4.3,1,63.0,faible,"Excellent état, conservation parfaite",6,9,8,True,True,normal,ensoleillé
2023-08-13 23:13:39,Hôpital de District Bonassama,B-,24,7,0,17,4.0,9,100.0,faible,Attention: proche expiration,6,23,8,True,True,normal,ensoleillé
2023-08-14 07:15:01,Hôpital de District Bonassama,O+,88,8,0,80,4.2,1,57.9,attention,"État satisfaisant, contrôle qualité OK",0,7,8,False,True,normal,ensoleillé
2023-08-14 07:30:13,Hôpital de District Bonassama,O-,54,12,0,42,4.5,14,92.2,normale,Urgent: vérifier température stockage,0,7,8,False,True,normal,pluvieux
2023-08-14 11:26:24,Hôpital de District Bonassama,O+,90,12,10,88,4.1,11,97.9,normale,Attention: proche expiration,0,11,8,False,True,normal,pluvieux
2023-08-14 18:39:07,Hôpital de District Bonassama,A+,63,14,15,64,3.6,3,79.7,normale,Hémoglobine dans les normes,0,18,8,False,True,normal,pluvieux
2023-08-14 19:49:23,Hôpital de District Bonassama,A-,61,9,16,68,3.4,4,73.1,normale,"État satisfaisant, contrôle qualité OK",0,19,8,False,True,normal,ensoleillé
2023-08-14 21:52:27,Hôpital de District Bonassama,A+,23,14,0,9,4.5,12,99.1,critique,URGENT: Stock critique - Hémoglobine dans les normes,0,21,8,False,True,normal,ensoleillé
2023-08-14 23:56:28,Hôpital de District Bonassama,A-,25,3,18,40,3.5,12,96.7,normale,Parfait pour transfusion immédiate,0,23,8,False,True,normal,pluvieux
2023-08-15 06:21:00,Hôpital de District Bonassama,A+,38,11,13,40,3.6,9,100.0,normale,"Bon état général, légère variation température",1,6,8,False,True,normal,nuageux
2023-08-15 15:03:01,Hôpital de District Bonassama,A+,77,14,14,77,3.5,12,93.7,normale,Contrôle bactériologique négatif,1,15,8,False,True,normal,ensoleillé
2023-08-16 00:14:38,Hôpital de District Bonassama,A-,34,10,0,24,3.9,2,87.1,normale,"Bon état général, légère variation température",2,0,8,False,True,normal,ensoleillé
2023-08-16 03:41:37,Hôpital de District Bonassama,O+,31,12,0,19,4.4,1,56.0,faible,Contrôle bactériologique négatif,2,3,8,False,True,normal,pluvieux
2023-08-16 05:03:04,Hôpital de District Bonassama,O+,31,16,0,15,4.5,15,100.0,faible,Hémoglobine dans les normes,2,5,8,False,True,normal,orageux
2023-08-16 06:13:53,Hôpital de District Bonassama,B-,72,5,0,67,3.5,28,98.5,normale,"État satisfaisant, contrôle qualité OK",2,6,8,False,True,normal,ensoleillé
2023-08-16 17:36:48,Hôpital de District Bonassama,A+,48,8,19,59,4.2,1,59.3,attention,Hémoglobine dans les normes,2,17,8,False,True,normal,pluvieux
2023-08-16 19:31:44,Hôpital de District Bonassama,O+,39,7,17,49,4.2,5,95.6,normale,Hémoglobine dans les normes,2,19,8,False,True,campagne_don,nuageux
2023-08-17 07:19:19,Hôpital de District Bonassama,A+,82,13,0,69,4.4,23,98.6,normale,Urgent: vérifier température stockage,3,7,8,False,True,normal,nuageux
2023-08-17 14:14:25,Hôpital de District Bonassama,O+,93,2,0,91,4.0,6,100.0,normale,Attention: proche expiration,3,14,8,False,True,normal,pluvieux
2023-08-17 19:00:35,Hôpital de District Bonassama,A+,39,12,0,27,4.3,12,97.8,normale,Parfait pour transfusion immédiate,3,19,8,False,True,normal,pluvieux
2023-08-18 12:00:43,Hôpital de District Bonassama,B+,64,11,0,53,3.3,39,100.0,normale,Hémoglobine dans les normes,4,12,8,False,True,normal,nuageux
2023-08-19 07:31:21,Hôpital de District Bonassama,O+,37,4,0,33,3.5,28,90.6,normale,"Bon état général, légère variation température",5,7,8,True,True,normal,nuageux
2023-08-20 01:58:45,Hôpital de District Bonassama,O-,25,2,0,23,3.4,71,100.0,normale,Attention: proche expiration,6,1,8,True,True,normal,nuageux
2023-08-20 17:24:37,Hôpital de District Bonassama,O+,61,10,18,69,4.8,51,99.3,normale,Hémoglobine dans les normes,6,17,8,True,True,normal,ensoleillé
2023-08-20 22:06:06,Hôpital de District Bonassama,O+,36,6,29,59,3.8,28,100.0,normale,Attention: proche expiration,6,22,8,True,True,normal,nuageux
2023-08-21 10:55:55,Hôpital de District Bonassama,O+,86,13,21,94,4.4,19,100.0,normale,Parfait pour transfusion immédiate,0,10,8,False,True,normal,pluvieux
2023-08-21 16:10:22,Hôpital de District Bonassama,O+,42,9,0,33,3.8,10,95.3,normale,Hémoglobine dans les normes,0,16,8,False,True,normal,ensoleillé
2023-08-21 19:53:57,Hôpital de District Bonassama,A+,40,9,16,47,3.4,3,78.3,normale,Parfait pour transfusion immédiate,0,19,8,False,True,normal,nuageux
2023-08-22 08:00:57,Hôpital de District Bonassama,A+,46,10,0,36,3.8,8,100.0,normale,Parfait pour transfusion immédiate,1,8,8,False,True,normal,pluvieux
2023-08-22 08:40:57,Hôpital de District Bonassama,O+,70,11,0,59,4.3,15,95.1,normale,Urgent: vérifier température stockage,1,8,8,False,True,normal,ensoleillé
2023-08-22 16:07:14,Hôpital de District Bonassama,A-,54,9,20,65,4.8,15,100.0,normale,"Bon état général, légère variation température",1,16,8,False,True,normal,nuageux
2023-08-22 16:41:51,Hôpital de District Bonassama,O-,24,2,0,22,4.4,5,99.6,normale,"État satisfaisant, contrôle qualité OK",1,16,8,False,True,normal,nuageux
2023-08-22 20:24:23,Hôpital de District Bonassama,A+,56,5,0,51,3.3,1,64.2,attention,Attention: proche expiration,1,20,8,False,True,normal,ensoleillé
2023-08-23 06:13:56,Hôpital de District Bonassama,A-,79,11,0,68,4.1,33,100.0,normale,Hémoglobine dans les normes,2,6,8,False,True,normal,ensoleillé
2023-08-24 01:09:21,Hôpital de District Bonassama,O+,17,13,0,4,3.7,46,100.0,critique,URGENT: Stock critique - Hémoglobine dans les normes,3,1,8,False,True,normal,ensoleillé
2023-08-24 02:33:18,Hôpital de District Bonassama,O+,30,10,18,38,4.4,6,95.0,normale,Hémoglobine dans les normes,3,2,8,False,True,normal,ensoleillé
2023-08-24 03:42:30,Hôpital de District Bonassama,A+,31,7,0,24,3.6,12,97.4,normale,"État satisfaisant, contrôle qualité OK",3,3,8,False,True,normal,pluvieux
2023-08-24 19:52:23,Hôpital de District Bonassama,O+,40,10,0,30,3.4,1,65.7,attention,Contrôle bactériologique négatif,3,19,8,False,True,normal,pluvieux
2023-08-24 20:29:33,Hôpital de District Bonassama,A+,24,14,0,10,4.1,19,99.6,faible,Attention: proche expiration,3,20,8,False,True,normal,ensoleillé
2023-08-25 15:42:17,Hôpital de District Bonassama,O+,67,10,0,57,4.3,2,86.9,normale,"Bon état général, légère variation température",4,15,8,False,True,normal,ensoleillé
2023-08-25 16:21:47,Hôpital de District Bonassama,O+,72,10,0,62,3.8,20,96.1,normale,Attention: proche expiration,4,16,8,False,True,normal,orageux
2023-08-25 18:16:54,Hôpital de District Bonassama,A-,27,9,0,18,4.1,1,59.6,faible,"Bon état général, légère variation température",4,18,8,False,True,normal,ensoleillé
2023-08-25 20:37:53,Hôpital de District Bonassama,O+,52,10,0,42,3.7,15,100.0,normale,Urgent: vérifier température stockage,4,20,8,False,True,normal,pluvieux
2023-08-26 02:43:26,Hôpital de District Bonassama,A+,20,9,0,11,3.9,1,65.7,faible,Hémoglobine dans les normes,5,2,8,True,True,normal,orageux
2023-08-26 02:54:03,Hôpital de District Bonassama,O+,18,0,0,18,4.0,23,100.0,faible,Parfait pour transfusion immédiate,5,2,8,True,True,normal,nuageux
2023-08-26 08:37:35,Hôpital de District Bonassama,A+,74,5,0,69,3.8,20,96.7,normale,Contrôle bactériologique négatif,5,8,8,True,True,normal,ensoleillé
2023-08-26 09:11:48,Hôpital de District Bonassama,AB+,31,3,0,28,4.5,1,64.9,attention,Hémoglobine dans les normes,5,9,8,True,True,normal,nuageux
2023-08-26 10:12:34,Hôpital de District Bonassama,O-,47,6,20,61,4.4,3,84.5,normale,"État satisfaisant, contrôle qualité OK",5,10,8,True,True,normal,pluvieux
2023-08-26 20:54:23,Hôpital de District Bonassama,A-,48,5,0,43,4.0,13,99.1,normale,Hémoglobine dans les normes,5,20,8,True,True,normal,nuageux
2023-08-27 20:08:00,Hôpital de District Bonassama,B+,28,5,0,23,3.7,17,100.0,normale,Contrôle bactériologique négatif,6,20,8,True,True,normal,ensoleillé
2023-08-28 03:05:29,Hôpital de District Bonassama,O+,18,10,0,8,4.0,8,99.6,critique,URGENT: Stock critique - Contrôle bactériologique négatif,0,3,8,False,True,normal,ensoleillé
2023-08-28 12:46:48,Hôpital de District Bonassama,O+,73,6,0,67,2.7,15,100.0,normale,Parfait pour transfusion immédiate,0,12,8,False,True,normal,ensoleillé
2023-08-29 01:09:06,Hôpital de District Bonassama,B+,37,6,0,31,4.0,5,95.2,normale,Contrôle bactériologique négatif,1,1,8,False,True,accident_route,pluvieux
2023-08-29 04:16:14,Hôpital de District Bonassama,O+,22,7,10,25,4.0,8,100.0,normale,Attention: proche expiration,1,4,8,False,True,normal,pluvieux
2023-08-29 14:09:21,Hôpital de District Bonassama,A+,115,14,0,101,3.9,1,59.0,attention,Parfait pour transfusion immédiate,1,14,8,False,True,normal,ensoleillé
2023-08-29 15:38:21,Hôpital de District Bonassama,O+,67,4,0,63,3.8,21,100.0,normale,Parfait pour transfusion immédiate,1,15,8,False,True,normal,ensoleillé
2023-08-29 17:00:53,Hôpital de District Bonassama,O+,80,8,21,93,4.2,6,100.0,normale,Urgent: vérifier température stockage,1,17,8,False,True,normal,orageux
2023-08-29 17:04:57,Hôpital de District Bonassama,A+,81,12,22,91,4.9,16,97.5,normale,Contrôle bactériologique négatif,1,17,8,False,True,normal,ensoleillé
2023-08-29 22:25:14,Hôpital de District Bonassama,O+,72,9,0,63,4.3,9,100.0,normale,Attention: proche expiration,1,22,8,False,True,normal,pluvieux
2023-08-29 22:31:35,Hôpital de District Bonassama,A+,82,10,20,92,4.0,24,100.0,normale,Hémoglobine dans les normes,1,22,8,False,True,normal,ensoleillé
2023-08-30 13:43:17,Hôpital de District Bonassama,O+,58,13,0,45,4.7,7,99.4,normale,Contrôle bactériologique négatif,2,13,8,False,True,normal,ensoleillé
2023-08-31 21:22:49,Hôpital de District Bonassama,A+,37,8,0,29,3.9,1,56.8,attention,Urgent: vérifier température stockage,3,21,8,False,True,normal,pluvieux
2023-09-01 14:23:45,Hôpital de District Bonassama,B+,46,9,22,59,3.8,7,100.0,normale,"Excellent état, conservation parfaite",4,14,9,False,False,normal,ensoleillé
2023-09-02 05:50:03,Hôpital de District Bonassama,A+,14,5,0,9,4.4,6,96.8,critique,"URGENT: Stock critique - Bon état général, légère variation température",5,5,9,True,False,normal,ensoleillé
2023-09-02 10:21:58,Hôpital de District Bonassama,O+,31,5,0,26,2.9,5,99.7,normale,"Bon état général, légère variation température",5,10,9,True,False,normal,nuageux
2023-09-02 12:59:16,Hôpital de District Bonassama,B+,42,3,0,39,4.8,4,85.3,normale,"Bon état général, légère variation température",5,12,9,True,False,normal,pluvieux
2023-09-03 09:36:50,Hôpital de District Bonassama,A+,22,3,0,19,4.6,6,97.2,faible,"Bon état général, légère variation température",6,9,9,True,False,normal,ensoleillé
2023-09-03 13:36:51,Hôpital de District Bonassama,AB+,46,6,0,40,3.2,17,100.0,normale,"Bon état général, légère variation température",6,13,9,True,False,normal,pluvieux
2023-09-04 09:31:56,Hôpital de District Bonassama,O+,52,6,23,69,3.7,5,91.4,normale,"Excellent état, conservation parfaite",0,9,9,False,False,normal,pluvieux
2023-09-04 22:10:43,Hôpital de District Bonassama,B+,51,12,0,39,5.0,6,100.0,normale,Contrôle bactériologique négatif,0,22,9,False,False,normal,pluvieux
2023-09-05 03:04:13,Hôpital de District Bonassama,O+,20,7,13,26,5.1,29,98.1,normale,Parfait pour transfusion immédiate,1,3,9,False,False,normal,pluvieux
2023-09-05 07:02:42,Hôpital de District Bonassama,B+,42,11,22,53,2.9,12,99.9,normale,Contrôle bactériologique négatif,1,7,9,False,False,normal,orageux
2023-09-05 11:51:28,Hôpital de District Bonassama,A+,49,7,0,42,4.2,5,98.3,normale,Contrôle bactériologique négatif,1,11,9,False,False,normal,orageux
2023-09-05 13:23:06,Hôpital de District Bonassama,A+,22,9,18,31,4.1,13,97.5,normale,Contrôle bactériologique négatif,1,13,9,False,False,normal,ensoleillé
2023-09-05 15:54:02,Hôpital de District Bonassama,B+,68,14,0,54,3.3,1,53.9,attention,"Bon état général, légère variation température",1,15,9,False,False,normal,pluvieux
2023-09-05 22:42:22,Hôpital de District Bonassama,A+,53,9,0,44,3.6,40,100.0,normale,Parfait pour transfusion immédiate,1,22,9,False,False,normal,nuageux
2023-09-06 06:13:19,Hôpital de District Bonassama,A+,55,8,11,58,4.2,22,91.2,normale,Urgent: vérifier température stockage,2,6,9,False,False,campagne_don,pluvieux
2023-09-06 06:22:58,Hôpital de District Bonassama,AB-,53,5,0,48,3.8,12,95.9,normale,Parfait pour transfusion immédiate,2,6,9,False,False,accident_route,orageux
2023-09-07 03:22:48,Hôpital de District Bonassama,B+,20,5,0,15,4.0,30,100.0,faible,"État satisfaisant, contrôle qualité OK",3,3,9,False,False,normal,pluvieux
2023-09-07 04:06:22,Hôpital de District Bonassama,A+,35,9,0,26,4.9,29,94.1,normale,Attention: proche expiration,3,4,9,False,False,normal,pluvieux
2023-09-08 00:33:12,Hôpital de District Bonassama,O+,42,10,0,32,4.3,11,88.1,normale,Contrôle bactériologique négatif,4,0,9,False,False,normal,pluvieux
2023-09-08 06:19:13,Hôpital de District Bonassama,A+,39,6,0,33,4.1,18,100.0,normale,"État satisfaisant, contrôle qualité OK",4,6,9,False,False,accident_route,pluvieux
2023-09-08 15:40:02,Hôpital de District Bonassama,O-,45,8,0,37,4.7,30,99.4,normale,Contrôle bactériologique négatif,4,15,9,False,False,normal,pluvieux
2023-09-08 17:35:04,Hôpital de District Bonassama,A+,33,8,18,43,4.1,18,92.8,normale,Urgent: vérifier température stockage,4,17,9,False,False,normal,pluvieux
2023-09-09 00:29:12,Hôpital de District Bonassama,A+,21,5,0,16,3.7,3,92.0,faible,Urgent: vérifier température stockage,5,0,9,True,False,normal,pluvieux
2023-09-09 12:18:00,Hôpital de District Bonassama,A-,29,8,25,46,4.9,1,69.8,attention,Attention: proche expiration,5,12,9,True,False,normal,ensoleillé
2023-09-09 21:14:12,Hôpital de District Bonassama,B+,24,6,0,18,3.0,30,96.6,faible,"Bon état général, légère variation température",5,21,9,True,False,normal,orageux
2023-09-11 08:47:43,Hôpital de District Bonassama,A+,78,4,0,74,3.8,11,98.9,normale,Attention: proche expiration,0,8,9,False,False,normal,pluvieux
2023-09-11 09:11:23,Hôpital de District Bonassama,B+,51,9,0,42,3.7,19,100.0,normale,Hémoglobine dans les normes,0,9,9,False,False,normal,ensoleillé
2023-09-11 10:45:03,Hôpital de District Bonassama,O+,61,12,15,64,3.9,7,100.0,normale,Hémoglobine dans les normes,0,10,9,False,False,normal,pluvieux
2023-09-11 10:49:22,Hôpital de District Bonassama,O-,45,8,0,37,4.2,15,98.2,normale,"Bon état général, légère variation température",0,10,9,False,False,normal,ensoleillé
2023-09-11 20:35:10,Hôpital de District Bonassama,AB-,52,4,19,67,5.0,3,83.3,normale,Attention: proche expiration,0,20,9,False,False,normal,pluvieux
2023-09-11 20:52:38,Hôpital de District Bonassama,A+,38,6,0,32,3.9,8,100.0,normale,"Bon état général, légère variation température",0,20,9,False,False,normal,pluvieux
2023-09-12 23:57:33,Hôpital de District Bonassama,B+,29,8,0,21,3.6,13,100.0,normale,Contrôle bactériologique négatif,1,23,9,False,False,normal,nuageux
2023-09-13 17:42:21,Hôpital de District Bonassama,O+,57,6,0,51,4.5,19,100.0,normale,"Excellent état, conservation parfaite",2,17,9,False,False,normal,ensoleillé
2023-09-13 18:03:59,Hôpital de District Bonassama,A+,50,5,0,45,3.5,97,95.7,normale,"Bon état général, légère variation température",2,18,9,False,False,normal,pluvieux
2023-09-14 06:37:24,Hôpital de District Bonassama,B+,78,9,0,69,4.2,27,100.0,normale,"Excellent état, conservation parfaite",3,6,9,False,False,normal,ensoleillé
2023-09-14 06:47:30,Hôpital de District Bonassama,O+,43,10,0,33,3.7,26,97.9,normale,Attention: proche expiration,3,6,9,False,False,normal,pluvieux
2023-09-14 06:58:29,Hôpital de District Bonassama,A+,45,9,0,36,3.9,7,100.0,normale,"Excellent état, conservation parfaite",3,6,9,False,False,normal,ensoleillé
2023-09-14 20:30:54,Hôpital de District Bonassama,B+,41,8,15,48,4.2,12,92.1,normale,Urgent: vérifier température stockage,3,20,9,False,False,normal,nuageux
2023-09-15 04:05:38,Hôpital de District Bonassama,A+,27,15,0,12,4.3,14,100.0,faible,Hémoglobine dans les normes,4,4,9,False,False,normal,pluvieux
2023-09-15 08:35:34,Hôpital de District Bonassama,O-,40,4,0,36,3.9,23,99.0,normale,"Bon état général, légère variation température",4,8,9,False,False,normal,pluvieux
2023-09-15 21:05:42,Hôpital de District Bonassama,B+,58,6,0,52,4.0,20,89.1,normale,Hémoglobine dans les normes,4,21,9,False,False,normal,pluvieux
2023-09-16 13:12:09,Hôpital de District Bonassama,A+,37,4,0,33,4.3,18,99.3,normale,"État satisfaisant, contrôle qualité OK",5,13,9,True,False,normal,ensoleillé
2023-09-17 11:41:57,Hôpital de District Bonassama,A+,10,2,19,27,4.2,5,100.0,normale,Hémoglobine dans les normes,6,11,9,True,False,normal,orageux
2023-09-17 13:16:44,Hôpital de District Bonassama,A+,46,6,0,40,3.9,10,100.0,normale,Contrôle bactériologique négatif,6,13,9,True,False,normal,orageux
2023-09-17 23:07:34,Hôpital de District Bonassama,A+,15,2,0,13,3.5,4,84.3,faible,Parfait pour transfusion immédiate,6,23,9,True,False,normal,ensoleillé
2023-09-18 00:28:27,Hôpital de District Bonassama,O+,36,7,0,29,4.5,22,100.0,normale,Urgent: vérifier température stockage,0,0,9,False,False,normal,nuageux
2023-09-18 00:50:24,Hôpital de District Bonassama,A+,21,7,19,33,3.4,11,100.0,normale,Parfait pour transfusion immédiate,0,0,9,False,False,normal,ensoleillé
2023-09-18 14:18:00,Hôpital de District Bonassama,A+,60,7,0,53,3.7,8,100.0,normale,Parfait pour transfusion immédiate,0,14,9,False,False,normal,nuageux
2023-09-18 18:49:45,Hôpital de District Bonassama,AB+,17,9,22,30,4.4,9,94.9,normale,"Bon état général, légère variation température",0,18,9,False,False,normal,pluvieux
2023-09-18 21:33:34,Hôpital de District Bonassama,O+,35,6,0,29,4.2,1,61.1,attention,"État satisfaisant, contrôle qualité OK",0,21,9,False,False,normal,ensoleillé
2023-09-18 23:50:26,Hôpital de District Bonassama,O+,24,6,0,18,3.5,5,100.0,faible,Urgent: vérifier température stockage,0,23,9,False,False,normal,nuageux
2023-09-19 04:03:18,Hôpital de District Bonassama,A+,25,9,20,36,3.6,14,100.0,normale,Hémoglobine dans les normes,1,4,9,False,False,normal,nuageux
2023-09-19 04:39:38,Hôpital de District Bonassama,A+,26,8,0,18,3.9,29,100.0,faible,"Bon état général, légère variation température",1,4,9,False,False,normal,nuageux
2023-09-19 04:50:52,Hôpital de District Bonassama,O+,30,3,17,44,4.0,7,95.9,normale,"Excellent état, conservation parfaite",1,4,9,False,False,normal,nuageux
2023-09-19 10:02:06,Hôpital de District Bonassama,O-,50,8,0,42,4.0,2,85.6,normale,"Bon état général, légère variation température",1,10,9,False,False,normal,ensoleillé
2023-09-19 13:44:24,Hôpital de District Bonassama,A+,24,6,0,18,4.2,9,100.0,faible,"État satisfaisant, contrôle qualité OK",1,13,9,False,False,normal,ensoleillé
2023-09-19 15:22:20,Hôpital de District Bonassama,O+,55,10,0,45,4.2,2,81.1,normale,Attention: proche expiration,1,15,9,False,False,normal,orageux
2023-09-20 14:37:34,Hôpital de District Bonassama,O+,49,7,19,61,3.7,15,97.4,normale,Attention: proche expiration,2,14,9,False,False,normal,ensoleillé
2023-09-20 17:34:12,Hôpital de District Bonassama,A+,62,8,0,54,4.1,5,91.2,normale,"État satisfaisant, contrôle qualité OK",2,17,9,False,False,normal,pluvieux
2023-09-20 20:37:18,Hôpital de District Bonassama,A+,27,7,0,20,4.3,1,67.7,attention,Urgent: vérifier température stockage,2,20,9,False,False,normal,ensoleillé
2023-09-21 05:02:52,Hôpital de District Bonassama,A+,30,7,22,45,3.6,26,94.7,normale,Urgent: vérifier température stockage,3,5,9,False,False,normal,ensoleillé
2023-09-21 17:46:01,Hôpital de District Bonassama,O+,52,8,0,44,4.6,15,99.5,normale,Hémoglobine dans les normes,3,17,9,False,False,normal,pluvieux
2023-09-22 03:47:25,Hôpital de District Bonassama,O+,16,6,25,35,3.2,6,94.8,normale,Urgent: vérifier température stockage,4,3,9,False,False,normal,nuageux
2023-09-22 06:57:37,Hôpital de District Bonassama,O+,46,12,0,34,4.0,22,100.0,normale,Contrôle bactériologique négatif,4,6,9,False,False,normal,pluvieux
2023-09-22 21:31:01,Hôpital de District Bonassama,A-,46,10,0,36,4.5,30,94.7,normale,"État satisfaisant, contrôle qualité OK",4,21,9,False,False,normal,ensoleillé
2023-09-23 06:39:29,Hôpital de District Bonassama,O+,45,3,0,42,3.8,23,100.0,normale,Urgent: vérifier température stockage,5,6,9,True,False,normal,pluvieux
2023-09-23 07:50:54,Hôpital de District Bonassama,O+,24,3,0,21,3.8,29,100.0,normale,Attention: proche expiration,5,7,9,True,False,normal,nuageux
2023-09-23 12:28:34,Hôpital de District Bonassama,O-,40,5,21,56,4.7,16,98.9,normale,Urgent: vérifier température stockage,5,12,9,True,False,normal,pluvieux
2023-09-23 22:18:47,Hôpital de District Bonassama,B-,29,8,0,21,3.0,3,93.1,normale,Parfait pour transfusion immédiate,5,22,9,True,False,normal,nuageux
2023-09-24 06:42:14,Hôpital de District Bonassama,A+,42,7,19,54,3.4,20,100.0,normale,"État satisfaisant, contrôle qualité OK",6,6,9,True,False,normal,orageux
2023-09-24 07:42:22,Hôpital de District Bonassama,A+,42,2,0,40,4.9,13,100.0,normale,Urgent: vérifier température stockage,6,7,9,True,False,normal,pluvieux
2023-09-24 14:51:47,Hôpital de District Bonassama,A+,33,8,0,25,3.7,53,94.8,normale,Attention: proche expiration,6,14,9,True,False,normal,pluvieux
2023-09-25 02:40:06,Hôpital de District Bonassama,O+,31,10,0,21,3.5,37,93.3,normale,"Bon état général, légère variation température",0,2,9,False,False,normal,nuageux
2023-09-25 07:18:12,Hôpital de District Bonassama,A+,71,1,16,86,3.2,39,100.0,normale,Parfait pour transfusion immédiate,0,7,9,False,False,normal,nuageux
2023-09-26 05:15:09,Hôpital de District Bonassama,A+,20,9,0,11,4.0,6,92.2,faible,Attention: proche expiration,1,5,9,False,False,normal,ensoleillé
2023-09-26 08:16:15,Hôpital de District Bonassama,A+,64,0,19,83,3.9,13,99.2,normale,"Bon état général, légère variation température",1,8,9,False,False,normal,nuageux
2023-09-26 19:36:59,Hôpital de District Bonassama,B+,54,11,19,62,4.0,31,100.0,normale,Urgent: vérifier température stockage,1,19,9,False,False,normal,ensoleillé
2023-09-27 11:57:23,Hôpital de District Bonassama,B-,44,7,0,37,3.9,40,97.5,normale,Hémoglobine dans les normes,2,11,9,False,False,normal,pluvieux
2023-09-27 14:36:36,Hôpital de District Bonassama,B+,36,10,0,26,3.9,5,94.1,normale,"Excellent état, conservation parfaite",2,14,9,False,False,normal,nuageux
2023-09-27 18:23:50,Hôpital de District Bonassama,O+,46,6,20,60,3.2,3,96.4,normale,"Excellent état, conservation parfaite",2,18,9,False,False,normal,orageux
2023-09-28 00:17:25,Hôpital de District Bonassama,O+,21,11,0,10,3.7,5,100.0,faible,Parfait pour transfusion immédiate,3,0,9,False,False,normal,pluvieux
2023-09-28 04:54:00,Hôpital de District Bonassama,B+,31,6,0,25,4.5,8,91.9,normale,"Excellent état, conservation parfaite",3,4,9,False,False,normal,pluvieux
2023-09-28 08:32:56,Hôpital de District Bonassama,A+,51,13,20,58,5.2,1,56.6,attention,"État satisfaisant, contrôle qualité OK",3,8,9,False,False,normal,pluvieux
2023-09-28 13:51:34,Hôpital de District Bonassama,A+,51,9,0,42,4.1,99,97.5,normale,Parfait pour transfusion immédiate,3,13,9,False,False,normal,nuageux
2023-09-28 15:45:19,Hôpital de District Bonassama,A+,54,7,0,47,3.4,17,98.5,normale,Hémoglobine dans les normes,3,15,9,False,False,accident_route,ensoleillé
2023-09-28 16:31:08,Hôpital de District Bonassama,O+,62,5,0,57,3.9,10,98.2,normale,Attention: proche expiration,3,16,9,False,False,normal,pluvieux
2023-09-29 14:11:59,Hôpital de District Bonassama,B-,55,6,0,49,4.3,5,99.1,normale,Urgent: vérifier température stockage,4,14,9,False,False,normal,ensoleillé
2023-09-30 00:24:18,Hôpital de District Bonassama,O+,9,3,0,6,3.3,36,100.0,critique,URGENT: Stock critique - Contrôle bactériologique négatif,5,0,9,True,False,normal,orageux
2023-10-01 07:30:38,Hôpital de District Bonassama,A+,43,2,0,41,3.3,9,99.0,normale,Parfait pour transfusion immédiate,6,7,10,True,False,normal,pluvieux
2023-10-01 13:46:21,Hôpital de District Bonassama,O+,31,0,0,31,4.8,25,99.9,normale,Hémoglobine dans les normes,6,13,10,True,False,normal,nuageux
2023-10-03 23:49:18,Hôpital de District Bonassama,AB+,18,8,0,10,4.1,24,93.0,faible,Attention: proche expiration,1,23,10,False,False,normal,pluvieux
2023-10-04 20:57:51,Hôpital de District Bonassama,A-,53,8,0,45,4.7,3,74.2,normale,"Bon état général, légère variation température",2,20,10,False,False,normal,nuageux
2023-10-06 07:44:14,Hôpital de District Bonassama,A+,25,9,0,16,3.2,1,63.7,faible,Urgent: vérifier température stockage,4,7,10,False,False,normal,nuageux
2023-10-06 08:25:59,Hôpital de District Bonassama,A+,39,6,15,48,4.5,30,94.3,normale,Attention: proche expiration,4,8,10,False,False,normal,ensoleillé
2023-10-06 16:13:26,Hôpital de District Bonassama,B-,50,4,18,64,4.1,29,100.0,normale,Attention: proche expiration,4,16,10,False,False,accident_route,orageux
2023-10-07 05:15:13,Hôpital de District Bonassama,O+,11,5,22,28,3.9,4,78.7,normale,Urgent: vérifier température stockage,5,5,10,True,False,normal,ensoleillé
2023-10-07 11:52:37,Hôpital de District Bonassama,O+,44,9,18,53,4.2,34,100.0,normale,Hémoglobine dans les normes,5,11,10,True,False,normal,pluvieux
2023-10-08 04:29:20,Hôpital de District Bonassama,O+,22,6,0,16,3.3,24,100.0,faible,"Excellent état, conservation parfaite",6,4,10,True,False,normal,pluvieux
2023-10-09 07:03:09,Hôpital de District Bonassama,B+,50,5,0,45,3.5,10,96.7,normale,Attention: proche expiration,0,7,10,False,False,normal,ensoleillé
2023-10-09 13:53:41,Hôpital de District Bonassama,A-,49,11,0,38,5.0,18,100.0,normale,Parfait pour transfusion immédiate,0,13,10,False,False,normal,nuageux
2023-10-10 07:00:25,Hôpital de District Bonassama,O+,65,3,0,62,4.5,18,91.5,normale,Hémoglobine dans les normes,1,7,10,False,False,normal,pluvieux
2023-10-10 13:09:55,Hôpital de District Bonassama,AB+,28,5,0,23,3.5,24,100.0,normale,Contrôle bactériologique négatif,1,13,10,False,False,normal,ensoleillé
2023-10-10 14:07:56,Hôpital de District Bonassama,A+,72,8,16,80,3.5,2,76.8,normale,"Bon état général, légère variation température",1,14,10,False,False,normal,nuageux
2023-10-11 03:23:47,Hôpital de District Bonassama,B+,24,8,22,38,3.5,3,88.5,normale,"Bon état général, légère variation température",2,3,10,False,False,normal,nuageux
2023-10-11 04:42:03,Hôpital de District Bonassama,A+,25,13,0,12,3.6,6,98.9,faible,Parfait pour transfusion immédiate,2,4,10,False,False,normal,ensoleillé
2023-10-11 08:22:55,Hôpital de District Bonassama,O-,58,10,0,48,4.3,10,99.6,normale,Attention: proche expiration,2,8,10,False,False,normal,ensoleillé
2023-10-11 08:50:14,Hôpital de District Bonassama,A+,55,8,25,72,4.1,12,100.0,normale,Contrôle bactériologique négatif,2,8,10,False,False,normal,nuageux
2023-10-11 15:29:57,Hôpital de District Bonassama,A+,80,9,18,89,3.6,25,100.0,normale,Urgent: vérifier température stockage,2,15,10,False,False,normal,ensoleillé
2023-10-11 15:45:42,Hôpital de District Bonassama,A+,73,10,0,63,4.1,9,100.0,normale,"Bon état général, légère variation température",2,15,10,False,False,normal,nuageux
2023-10-12 11:57:26,Hôpital de District Bonassama,A+,66,7,19,78,4.7,10,100.0,normale,Attention: proche expiration,3,11,10,False,False,normal,nuageux
2023-10-12 22:07:00,Hôpital de District Bonassama,O-,28,6,0,22,3.9,1,60.1,attention,Parfait pour transfusion immédiate,3,22,10,False,False,normal,nuageux
2023-10-13 11:40:57,Hôpital de District Bonassama,A+,40,1,0,39,3.8,1,64.7,attention,Urgent: vérifier température stockage,4,11,10,False,False,normal,ensoleillé
2023-10-14 03:44:11,Hôpital de District Bonassama,O+,18,5,0,13,2.1,34,100.0,faible,Hémoglobine dans les normes,5,3,10,True,False,normal,ensoleillé
2023-10-14 07:27:10,Hôpital de District Bonassama,AB-,38,5,0,33,4.0,39,98.6,normale,Hémoglobine dans les normes,5,7,10,True,False,normal,nuageux
2023-10-14 12:39:56,Hôpital de District Bonassama,O+,44,5,0,39,3.3,4,76.4,normale,Contrôle bactériologique négatif,5,12,10,True,False,normal,ensoleillé
2023-10-14 16:42:32,Hôpital de District Bonassama,A+,16,8,18,26,4.6,8,100.0,normale,Parfait pour transfusion immédiate,5,16,10,True,False,normal,pluvieux
2023-10-14 19:22:47,Hôpital de District Bonassama,A+,38,1,0,37,3.6,15,93.9,normale,"État satisfaisant, contrôle qualité OK",5,19,10,True,False,normal,ensoleillé
2023-10-14 20:14:11,Hôpital de District Bonassama,A+,26,6,19,39,4.7,4,80.9,normale,Contrôle bactériologique négatif,5,20,10,True,False,normal,ensoleillé
2023-10-15 05:43:25,Hôpital de District Bonassama,O+,14,0,0,14,3.2,10,100.0,faible,Urgent: vérifier température stockage,6,5,10,True,False,normal,ensoleillé
2023-10-15 12:47:11,Hôpital de District Bonassama,O+,26,3,0,23,4.0,1,64.8,attention,"État satisfaisant, contrôle qualité OK",6,12,10,True,False,normal,pluvieux
2023-10-16 08:29:30,Hôpital de District Bonassama,O+,69,10,0,59,4.7,25,100.0,normale,Parfait pour transfusion immédiate,0,8,10,False,False,normal,nuageux
2023-10-16 15:25:45,Hôpital de District Bonassama,O+,35,6,0,29,3.5,22,97.2,normale,"État satisfaisant, contrôle qualité OK",0,15,10,False,False,normal,ensoleillé
2023-10-18 00:25:51,Hôpital de District Bonassama,O+,19,10,17,26,4.3,3,83.7,normale,"État satisfaisant, contrôle qualité OK",2,0,10,False,False,normal,nuageux
2023-10-18 00:46:01,Hôpital de District Bonassama,A+,24,12,0,12,4.4,120,100.0,faible,Attention: proche expiration,2,0,10,False,False,normal,orageux
2023-10-18 15:34:28,Hôpital de District Bonassama,O+,44,8,0,36,4.1,1,62.7,attention,Contrôle bactériologique négatif,2,15,10,False,False,normal,pluvieux
2023-10-18 22:19:46,Hôpital de District Bonassama,AB+,41,9,0,32,3.5,15,97.2,normale,"Excellent état, conservation parfaite",2,22,10,False,False,normal,pluvieux
2023-10-19 07:50:46,Hôpital de District Bonassama,A+,47,6,0,41,4.2,8,100.0,normale,"État satisfaisant, contrôle qualité OK",3,7,10,False,False,normal,nuageux
2023-10-19 17:20:28,Hôpital de District Bonassama,O+,40,12,0,28,4.2,7,100.0,normale,Urgent: vérifier température stockage,3,17,10,False,False,normal,pluvieux
2023-10-19 17:39:28,Hôpital de District Bonassama,A+,30,9,0,21,4.3,7,100.0,normale,Attention: proche expiration,3,17,10,False,False,normal,nuageux
2023-10-20 01:20:50,Hôpital de District Bonassama,O-,17,7,22,32,3.4,14,98.7,normale,"Excellent état, conservation parfaite",4,1,10,False,False,normal,nuageux
2023-10-20 17:34:06,Hôpital de District Bonassama,B+,46,11,0,35,4.0,3,74.4,normale,"Excellent état, conservation parfaite",4,17,10,False,False,normal,ensoleillé
2023-10-21 02:20:52,Hôpital de District Bonassama,O+,16,6,23,33,4.6,19,92.6,normale,"Excellent état, conservation parfaite",5,2,10,True,False,normal,pluvieux
2023-10-21 04:03:37,Hôpital de District Bonassama,A+,18,3,17,32,4.0,17,98.8,normale,"État satisfaisant, contrôle qualité OK",5,4,10,True,False,normal,nuageux
2023-10-21 11:54:44,Hôpital de District Bonassama,O+,29,6,0,23,3.7,40,94.5,normale,"Excellent état, conservation parfaite",5,11,10,True,False,normal,ensoleillé
2023-10-21 15:31:37,Hôpital de District Bonassama,O+,36,5,0,31,3.5,11,100.0,normale,"Excellent état, conservation parfaite",5,15,10,True,False,normal,ensoleillé
2023-10-21 16:09:02,Hôpital de District Bonassama,B+,39,4,0,35,5.9,35,100.0,normale,Attention: proche expiration,5,16,10,True,False,normal,ensoleillé
2023-10-21 20:32:57,Hôpital de District Bonassama,A+,53,7,14,60,4.0,2,84.0,normale,"Bon état général, légère variation température",5,20,10,True,False,normal,nuageux
2023-10-21 22:53:36,Hôpital de District Bonassama,B+,26,6,0,20,4.5,16,99.7,normale,"État satisfaisant, contrôle qualité OK",5,22,10,True,False,normal,ensoleillé
2023-10-22 07:37:42,Hôpital de District Bonassama,B+,52,4,0,48,3.3,1,60.3,attention,"État satisfaisant, contrôle qualité OK",6,7,10,True,False,normal,ensoleillé
2023-10-22 18:45:16,Hôpital de District Bonassama,A+,57,4,0,53,3.8,31,100.0,normale,Hémoglobine dans les normes,6,18,10,True,False,normal,pluvieux
2023-10-22 19:13:14,Hôpital de District Bonassama,A+,35,3,0,32,3.2,9,96.3,normale,"Bon état général, légère variation température",6,19,10,True,False,normal,pluvieux
2023-10-22 21:27:16,Hôpital de District Bonassama,A+,42,4,15,53,3.6,1,55.6,attention,"État satisfaisant, contrôle qualité OK",6,21,10,True,False,normal,pluvieux
2023-10-23 11:21:28,Hôpital de District Bonassama,A+,23,9,14,28,4.4,6,91.2,normale,Attention: proche expiration,0,11,10,False,False,normal,ensoleillé
2023-10-23 13:07:10,Hôpital de District Bonassama,O+,19,10,26,35,3.2,22,100.0,normale,Urgent: vérifier température stockage,0,13,10,False,False,normal,nuageux
2023-10-23 22:54:38,Hôpital de District Bonassama,A+,49,8,0,41,3.4,27,100.0,normale,Attention: proche expiration,0,22,10,False,False,normal,pluvieux
2023-10-24 03:46:37,Hôpital de District Bonassama,O+,31,4,0,27,3.5,10,100.0,normale,Urgent: vérifier température stockage,1,3,10,False,False,normal,nuageux
2023-10-24 05:19:21,Hôpital de District Bonassama,B+,24,9,20,35,4.2,11,100.0,normale,"État satisfaisant, contrôle qualité OK",1,5,10,False,False,normal,nuageux
2023-10-24 22:03:16,Hôpital de District Bonassama,O+,48,15,0,33,3.1,67,95.7,normale,Hémoglobine dans les normes,1,22,10,False,False,normal,pluvieux
2023-10-24 23:04:01,Hôpital de District Bonassama,O+,33,8,16,41,3.9,73,99.4,normale,"Excellent état, conservation parfaite",1,23,10,False,False,normal,ensoleillé
2023-10-25 04:08:37,Hôpital de District Bonassama,O+,35,8,22,49,4.2,2,90.6,normale,"Excellent état, conservation parfaite",2,4,10,False,False,normal,ensoleillé
2023-10-26 16:46:25,Hôpital de District Bonassama,A+,49,3,0,46,4.2,9,100.0,normale,Attention: proche expiration,3,16,10,False,False,normal,ensoleillé
2023-10-27 04:55:45,Hôpital de District Bonassama,O+,14,5,0,9,4.3,7,100.0,critique,URGENT: Stock critique - Contrôle bactériologique négatif,4,4,10,False,False,normal,ensoleillé
2023-10-27 07:49:26,Hôpital de District Bonassama,O+,52,8,0,44,3.8,8,99.1,normale,Hémoglobine dans les normes,4,7,10,False,False,normal,pluvieux
2023-10-27 20:22:45,Hôpital de District Bonassama,A+,55,8,0,47,4.0,33,93.6,normale,Hémoglobine dans les normes,4,20,10,False,False,normal,pluvieux
2023-10-27 21:14:18,Hôpital de District Bonassama,O-,25,6,0,19,3.4,12,100.0,faible,Urgent: vérifier température stockage,4,21,10,False,False,normal,nuageux
2023-10-28 10:38:33,Hôpital de District Bonassama,AB+,36,10,0,26,3.1,2,80.1,normale,"Bon état général, légère variation température",5,10,10,True,False,normal,ensoleillé
2023-10-29 05:18:13,Hôpital de District Bonassama,B-,5,3,25,27,4.5,57,100.0,normale,Attention: proche expiration,6,5,10,True,False,normal,pluvieux
2023-10-29 09:32:21,Hôpital de District Bonassama,O+,51,5,0,46,3.4,7,97.4,normale,Hémoglobine dans les normes,6,9,10,True,False,normal,pluvieux
2023-10-29 14:39:21,Hôpital de District Bonassama,A+,39,5,0,34,3.6,1,55.6,attention,"Bon état général, légère variation température",6,14,10,True,False,normal,ensoleillé
2023-10-29 16:54:34,Hôpital de District Bonassama,A-,20,3,0,17,3.7,3,84.1,faible,"Excellent état, conservation parfaite",6,16,10,True,False,normal,ensoleillé
2023-10-29 23:34:57,Hôpital de District Bonassama,O+,15,7,0,8,4.9,1,58.8,critique,"URGENT: Stock critique - Excellent état, conservation parfaite",6,23,10,True,False,normal,pluvieux
2023-10-30 14:23:56,Hôpital de District Bonassama,B+,56,10,0,46,3.8,29,97.1,normale,Hémoglobine dans les normes,0,14,10,False,False,normal,ensoleillé
2023-10-30 15:57:01,Hôpital de District Bonassama,O+,67,6,16,77,4.1,8,100.0,normale,Hémoglobine dans les normes,0,15,10,False,False,normal,ensoleillé
2023-10-30 17:27:12,Hôpital de District Bonassama,A+,47,10,0,37,4.1,32,100.0,normale,Parfait pour transfusion immédiate,0,17,10,False,False,normal,pluvieux
2023-10-31 04:54:15,Hôpital de District Bonassama,A+,30,9,0,21,3.5,8,97.9,normale,"Excellent état, conservation parfaite",1,4,10,False,False,normal,ensoleillé
2023-10-31 07:51:08,Hôpital de District Bonassama,A+,66,5,0,61,3.6,35,90.8,normale,"Excellent état, conservation parfaite",1,7,10,False,False,normal,pluvieux
2023-11-01 03:22:02,Hôpital de District Bonassama,O+,26,6,25,45,3.2,9,100.0,normale,"Bon état général, légère variation température",2,3,11,False,False,campagne_don,ensoleillé
2023-11-01 08:27:07,Hôpital de District Bonassama,A+,58,11,0,47,3.8,6,99.0,normale,Hémoglobine dans les normes,2,8,11,False,False,normal,ensoleillé
2023-11-01 13:16:43,Hôpital de District Bonassama,A-,64,3,0,61,5.0,41,99.9,normale,Parfait pour transfusion immédiate,2,13,11,False,False,normal,ensoleillé
2023-11-01 16:32:29,Hôpital de District Bonassama,B+,53,10,18,61,3.7,9,98.7,normale,Hémoglobine dans les normes,2,16,11,False,False,normal,ensoleillé
2023-11-01 23:47:58,Hôpital de District Bonassama,B+,23,7,0,16,3.9,19,92.9,faible,Parfait pour transfusion immédiate,2,23,11,False,False,normal,orageux
2023-11-02 01:22:50,Hôpital de District Bonassama,O+,22,7,13,28,4.4,35,96.3,normale,"Bon état général, légère variation température",3,1,11,False,False,normal,ensoleillé
2023-11-02 14:21:20,Hôpital de District Bonassama,O+,40,3,0,37,5.4,4,90.0,normale,"Bon état général, légère variation température",3,14,11,False,False,normal,orageux
2023-11-02 20:52:25,Hôpital de District Bonassama,O+,68,7,0,61,4.3,28,100.0,normale,"État satisfaisant, contrôle qualité OK",3,20,11,False,False,normal,orageux
2023-11-02 22:58:05,Hôpital de District Bonassama,O+,62,11,0,51,4.5,26,100.0,normale,Parfait pour transfusion immédiate,3,22,11,False,False,normal,nuageux
2023-11-03 06:37:21,Hôpital de District Bonassama,O+,64,7,32,89,4.1,4,83.8,normale,"État satisfaisant, contrôle qualité OK",4,6,11,False,False,normal,ensoleillé
2023-11-03 13:25:06,Hôpital de District Bonassama,O+,64,7,0,57,3.8,14,93.5,normale,"Bon état général, légère variation température",4,13,11,False,False,normal,ensoleillé
2023-11-03 13:52:12,Hôpital de District Bonassama,A+,66,5,18,79,3.3,3,82.7,normale,Hémoglobine dans les normes,4,13,11,False,False,normal,pluvieux
2023-11-03 19:51:09,Hôpital de District Bonassama,O+,48,1,0,47,3.8,1,55.6,attention,Urgent: vérifier température stockage,4,19,11,False,False,normal,nuageux
2023-11-03 22:01:30,Hôpital de District Bonassama,B+,36,5,0,31,4.6,21,99.1,normale,"Excellent état, conservation parfaite",4,22,11,False,False,normal,nuageux
2023-11-04 06:30:13,Hôpital de District Bonassama,A-,41,6,20,55,4.3,1,56.7,attention,"État satisfaisant, contrôle qualité OK",5,6,11,True,False,normal,pluvieux
2023-11-05 09:41:43,Hôpital de District Bonassama,A-,24,8,0,16,3.5,11,100.0,faible,"Excellent état, conservation parfaite",6,9,11,True,False,normal,ensoleillé
2023-11-05 10:56:18,Hôpital de District Bonassama,O+,30,0,0,30,3.9,2,87.1,normale,"Excellent état, conservation parfaite",6,10,11,True,False,normal,ensoleillé
2023-11-05 13:15:13,Hôpital de District Bonassama,O+,53,2,0,51,3.7,1,60.1,attention,"Bon état général, légère variation température",6,13,11,True,False,normal,orageux
2023-11-05 15:41:18,Hôpital de District Bonassama,O+,23,5,0,18,3.6,15,96.0,faible,Attention: proche expiration,6,15,11,True,False,normal,nuageux
2023-11-05 16:55:20,Hôpital de District Bonassama,A+,45,6,0,39,4.7,1,56.1,attention,Contrôle bactériologique négatif,6,16,11,True,False,normal,ensoleillé
2023-11-06 01:32:39,Hôpital de District Bonassama,A+,24,6,12,30,4.4,13,90.8,normale,"Bon état général, légère variation température",0,1,11,False,False,normal,ensoleillé
2023-11-06 19:01:29,Hôpital de District Bonassama,O+,59,10,0,49,3.6,2,89.1,normale,Parfait pour transfusion immédiate,0,19,11,False,False,normal,nuageux
2023-11-07 04:55:57,Hôpital de District Bonassama,O+,39,4,0,35,4.0,18,93.1,normale,Contrôle bactériologique négatif,1,4,11,False,False,normal,orageux
2023-11-07 06:11:04,Hôpital de District Bonassama,A-,32,7,0,25,3.5,10,100.0,normale,Contrôle bactériologique négatif,1,6,11,False,False,normal,ensoleillé
2023-11-07 15:24:58,Hôpital de District Bonassama,O+,28,13,0,15,4.3,1,58.5,faible,Parfait pour transfusion immédiate,1,15,11,False,False,normal,ensoleillé
2023-11-08 18:38:19,Hôpital de District Bonassama,A+,51,11,25,65,4.8,13,98.4,normale,Attention: proche expiration,2,18,11,False,False,normal,nuageux
2023-11-08 22:54:11,Hôpital de District Bonassama,O+,41,11,0,30,4.1,14,98.9,normale,Hémoglobine dans les normes,2,22,11,False,False,normal,ensoleillé
2023-11-09 10:22:02,Hôpital de District Bonassama,O+,40,6,0,34,4.2,36,100.0,normale,"Excellent état, conservation parfaite",3,10,11,False,False,normal,ensoleillé
2023-11-09 11:13:04,Hôpital de District Bonassama,B+,36,13,0,23,4.5,7,90.0,normale,Parfait pour transfusion immédiate,3,11,11,False,False,normal,orageux
2023-11-11 10:50:14,Hôpital de District Bonassama,O-,33,10,0,23,4.1,1,48.5,attention,Urgent: vérifier température stockage,5,10,11,True,False,normal,pluvieux
2023-11-12 05:46:40,Hôpital de District Bonassama,A+,18,4,0,14,3.6,1,56.6,faible,Contrôle bactériologique négatif,6,5,11,True,False,normal,ensoleillé
2023-11-13 08:10:02,Hôpital de District Bonassama,A+,66,14,20,72,5.5,39,97.0,normale,Hémoglobine dans les normes,0,8,11,False,False,normal,ensoleillé
2023-11-13 19:00:14,Hôpital de District Bonassama,O+,57,7,0,50,4.0,3,82.8,normale,Parfait pour transfusion immédiate,0,19,11,False,False,normal,nuageux
2023-11-14 06:33:20,Hôpital de District Bonassama,B+,87,10,15,92,4.6,48,100.0,normale,"État satisfaisant, contrôle qualité OK",1,6,11,False,False,normal,nuageux
2023-11-14 23:49:46,Hôpital de District Bonassama,A+,27,6,26,47,4.0,9,100.0,normale,Contrôle bactériologique négatif,1,23,11,False,False,normal,nuageux
2023-11-16 04:29:54,Hôpital de District Bonassama,A+,18,4,0,14,4.3,8,100.0,faible,Parfait pour transfusion immédiate,3,4,11,False,False,normal,ensoleillé
2023-11-16 06:49:30,Hôpital de District Bonassama,AB-,67,6,0,61,4.4,19,100.0,normale,Contrôle bactériologique négatif,3,6,11,False,False,normal,nuageux
2023-11-16 14:47:20,Hôpital de District Bonassama,A+,32,7,0,25,3.9,10,100.0,normale,Hémoglobine dans les normes,3,14,11,False,False,normal,orageux
2023-11-17 04:48:03,Hôpital de District Bonassama,A+,29,10,0,19,4.9,34,100.0,faible,Attention: proche expiration,4,4,11,False,False,normal,nuageux
2023-11-17 09:12:02,Hôpital de District Bonassama,AB+,55,12,0,43,3.4,3,84.5,normale,Urgent: vérifier température stockage,4,9,11,False,False,normal,ensoleillé
2023-11-17 10:10:01,Hôpital de District Bonassama,O+,51,4,16,63,3.6,24,93.6,normale,"Excellent état, conservation parfaite",4,10,11,False,False,normal,ensoleillé
2023-11-17 22:17:46,Hôpital de District Bonassama,O+,47,5,0,42,3.8,7,98.7,normale,"Bon état général, légère variation température",4,22,11,False,False,normal,ensoleillé
2023-11-18 10:25:02,Hôpital de District Bonassama,A+,41,7,0,34,4.2,13,97.3,normale,"Excellent état, conservation parfaite",5,10,11,True,False,normal,pluvieux
2023-11-18 19:32:54,Hôpital de District Bonassama,AB+,38,3,17,52,4.8,7,97.3,normale,"État satisfaisant, contrôle qualité OK",5,19,11,True,False,normal,nuageux
2023-11-19 03:07:05,Hôpital de District Bonassama,A+,22,5,0,17,3.7,7,90.6,faible,"État satisfaisant, contrôle qualité OK",6,3,11,True,False,normal,pluvieux
2023-11-19 18:01:00,Hôpital de District Bonassama,O+,26,2,0,24,3.7,6,99.1,normale,"État satisfaisant, contrôle qualité OK",6,18,11,True,False,normal,ensoleillé
2023-11-19 18:22:54,Hôpital de District Bonassama,O+,31,4,0,27,4.3,1,64.7,attention,Parfait pour transfusion immédiate,6,18,11,True,False,normal,ensoleillé
2023-11-20 06:32:47,Hôpital de District Bonassama,O+,69,6,0,63,4.6,12,89.6,normale,Hémoglobine dans les normes,0,6,11,False,False,épidémie,ensoleillé
2023-11-20 10:29:50,Hôpital de District Bonassama,O+,60,8,0,52,4.4,3,82.2,normale,Attention: proche expiration,0,10,11,False,False,normal,ensoleillé
2023-11-20 11:51:39,Hôpital de District Bonassama,A+,59,9,0,50,3.7,1,59.8,attention,Contrôle bactériologique négatif,0,11,11,False,False,normal,ensoleillé
2023-11-20 11:58:07,Hôpital de District Bonassama,O+,51,7,0,44,3.7,7,96.2,normale,"État satisfaisant, contrôle qualité OK",0,11,11,False,False,normal,pluvieux
2023-11-20 19:57:43,Hôpital de District Bonassama,A+,46,6,0,40,3.8,1,71.3,normale,Parfait pour transfusion immédiate,0,19,11,False,False,normal,pluvieux
2023-11-21 09:49:09,Hôpital de District Bonassama,O-,46,2,0,44,2.8,2,83.6,normale,"Bon état général, légère variation température",1,9,11,False,False,normal,nuageux
2023-11-21 13:49:04,Hôpital de District Bonassama,A+,74,9,0,65,4.1,10,93.9,normale,"Bon état général, légère variation température",1,13,11,False,False,normal,pluvieux
2023-11-21 18:04:08,Hôpital de District Bonassama,A+,61,9,0,52,4.2,6,93.8,normale,Hémoglobine dans les normes,1,18,11,False,False,normal,pluvieux
2023-11-21 19:12:59,Hôpital de District Bonassama,O+,42,3,0,39,4.1,13,98.2,normale,Contrôle bactériologique négatif,1,19,11,False,False,normal,pluvieux
2023-11-22 17:00:25,Hôpital de District Bonassama,O+,48,7,18,59,3.7,1,65.4,attention,Attention: proche expiration,2,17,11,False,False,normal,nuageux
2023-11-22 22:51:54,Hôpital de District Bonassama,A+,74,6,0,68,3.8,2,76.1,normale,"Excellent état, conservation parfaite",2,22,11,False,False,normal,pluvieux
2023-11-22 23:20:59,Hôpital de District Bonassama,O+,24,10,0,14,4.3,3,80.0,faible,Contrôle bactériologique négatif,2,23,11,False,False,normal,ensoleillé
2023-11-23 01:26:49,Hôpital de District Bonassama,A-,32,11,0,21,3.2,58,99.6,normale,Hémoglobine dans les normes,3,1,11,False,False,normal,nuageux
2023-11-23 08:52:11,Hôpital de District Bonassama,A+,34,10,19,43,3.4,13,100.0,normale,Hémoglobine dans les normes,3,8,11,False,False,normal,nuageux
2023-11-23 15:54:54,Hôpital de District Bonassama,O+,24,7,27,44,4.3,2,83.8,normale,Contrôle bactériologique négatif,3,15,11,False,False,normal,pluvieux
2023-11-24 09:36:00,Hôpital de District Bonassama,A-,44,13,0,31,4.1,13,100.0,normale,Attention: proche expiration,4,9,11,False,False,normal,ensoleillé
2023-11-24 15:30:21,Hôpital de District Bonassama,A+,51,8,0,43,4.0,4,87.5,normale,Parfait pour transfusion immédiate,4,15,11,False,False,normal,nuageux
2023-11-24 15:39:48,Hôpital de District Bonassama,O+,48,8,0,40,3.5,36,92.9,normale,"Bon état général, légère variation température",4,15,11,False,False,normal,pluvieux
2023-11-24 18:16:51,Hôpital de District Bonassama,A-,35,11,0,24,3.3,12,100.0,normale,"Bon état général, légère variation température",4,18,11,False,False,normal,ensoleillé
2023-11-24 23:25:57,Hôpital de District Bonassama,O+,30,6,0,24,3.9,14,100.0,normale,Attention: proche expiration,4,23,11,False,False,normal,ensoleillé
2023-11-25 03:03:11,Hôpital de District Bonassama,A+,13,5,0,8,4.1,34,98.0,critique,"URGENT: Stock critique - Excellent état, conservation parfaite",5,3,11,True,False,normal,pluvieux
2023-11-26 13:26:24,Hôpital de District Bonassama,A+,52,10,0,42,4.0,10,100.0,normale,Hémoglobine dans les normes,6,13,11,True,False,normal,nuageux
2023-11-26 21:15:05,Hôpital de District Bonassama,A+,30,4,27,53,3.7,32,97.1,normale,"État satisfaisant, contrôle qualité OK",6,21,11,True,False,normal,pluvieux
2023-11-26 23:26:07,Hôpital de District Bonassama,A+,6,6,20,20,3.7,6,91.4,normale,Attention: proche expiration,6,23,11,True,False,normal,ensoleillé
2023-11-27 18:11:06,Hôpital de District Bonassama,O+,53,10,20,63,4.4,2,87.6,normale,Contrôle bactériologique négatif,0,18,11,False,False,normal,orageux
2023-11-27 18:15:56,Hôpital de District Bonassama,A+,32,7,0,25,4.2,19,99.6,normale,Hémoglobine dans les normes,0,18,11,False,False,normal,ensoleillé
2023-11-27 22:13:49,Hôpital de District Bonassama,O+,56,6,20,70,4.2,4,84.8,normale,Attention: proche expiration,0,22,11,False,False,normal,pluvieux
2023-11-28 10:09:42,Hôpital de District Bonassama,A+,30,9,16,37,4.9,7,98.1,normale,Hémoglobine dans les normes,1,10,11,False,False,normal,pluvieux
2023-11-29 08:24:59,Hôpital de District Bonassama,O+,5,5,25,25,4.3,29,100.0,normale,"Excellent état, conservation parfaite",2,8,11,False,False,normal,ensoleillé
2023-11-29 08:37:53,Hôpital de District Bonassama,A+,50,11,0,39,4.2,8,100.0,normale,Hémoglobine dans les normes,2,8,11,False,False,normal,ensoleillé
2023-11-29 10:41:06,Hôpital de District Bonassama,O+,32,8,0,24,2.9,15,100.0,normale,Urgent: vérifier température stockage,2,10,11,False,False,normal,pluvieux
2023-11-29 14:14:52,Hôpital de District Bonassama,A-,63,7,0,56,4.5,18,100.0,normale,"État satisfaisant, contrôle qualité OK",2,14,11,False,False,normal,ensoleillé
2023-11-29 16:37:37,Hôpital de District Bonassama,A+,70,11,0,59,5.3,28,94.0,normale,"État satisfaisant, contrôle qualité OK",2,16,11,False,False,normal,ensoleillé
2023-11-29 17:11:19,Hôpital de District Bonassama,O+,59,12,0,47,3.8,7,96.3,normale,"Excellent état, conservation parfaite",2,17,11,False,False,épidémie,pluvieux
2023-11-29 18:52:55,Hôpital de District Bonassama,O+,75,8,28,95,3.7,1,58.0,attention,"Excellent état, conservation parfaite",2,18,11,False,False,normal,ensoleillé
2023-11-30 07:01:25,Hôpital de District Bonassama,O+,55,9,0,46,4.4,7,100.0,normale,"Excellent état, conservation parfaite",3,7,11,False,False,normal,ensoleillé
2023-11-30 23:17:59,Hôpital de District Bonassama,B+,35,10,0,25,3.6,1,58.2,attention,"État satisfaisant, contrôle qualité OK",3,23,11,False,False,normal,nuageux
2023-11-30 23:18:14,Hôpital de District Bonassama,O-,25,11,0,14,4.2,28,100.0,faible,"Bon état général, légère variation température",3,23,11,False,False,normal,pluvieux
2023-12-01 04:28:06,Hôpital de District Bonassama,O+,28,11,0,17,3.4,24,100.0,faible,Contrôle bactériologique négatif,4,4,12,False,True,normal,pluvieux
2023-12-01 11:06:54,Hôpital de District Bonassama,A+,50,9,19,60,3.9,6,100.0,normale,"Excellent état, conservation parfaite",4,11,12,False,True,normal,pluvieux
2023-12-01 11:55:57,Hôpital de District Bonassama,AB+,99,8,0,91,3.9,15,94.8,normale,Contrôle bactériologique négatif,4,11,12,False,True,normal,pluvieux
2023-12-02 14:12:52,Hôpital de District Bonassama,A+,45,5,0,40,3.3,1,54.2,attention,Contrôle bactériologique négatif,5,14,12,True,True,normal,pluvieux
2023-12-03 17:02:42,Hôpital de District Bonassama,A+,46,4,0,42,4.2,4,79.9,normale,Urgent: vérifier température stockage,6,17,12,True,True,normal,ensoleillé
2023-12-03 20:03:01,Hôpital de District Bonassama,O+,48,9,19,58,3.8,3,91.0,normale,Urgent: vérifier température stockage,6,20,12,True,True,normal,pluvieux
2023-12-03 21:44:06,Hôpital de District Bonassama,O+,32,6,0,26,4.5,7,94.7,normale,Parfait pour transfusion immédiate,6,21,12,True,True,normal,pluvieux
2023-12-04 01:23:47,Hôpital de District Bonassama,A+,21,10,0,11,3.3,1,61.0,faible,"État satisfaisant, contrôle qualité OK",0,1,12,False,True,normal,orageux
2023-12-04 06:40:34,Hôpital de District Bonassama,B-,64,1,20,83,3.9,15,100.0,normale,"Bon état général, légère variation température",0,6,12,False,True,normal,pluvieux
2023-12-05 06:15:08,Hôpital de District Bonassama,O-,96,5,0,91,2.2,33,100.0,normale,"Bon état général, légère variation température",1,6,12,False,True,accident_route,ensoleillé
2023-12-05 17:48:54,Hôpital de District Bonassama,O+,55,9,0,46,3.9,21,91.4,normale,Parfait pour transfusion immédiate,1,17,12,False,True,normal,pluvieux
2023-12-06 16:13:28,Hôpital de District Bonassama,A+,45,8,0,37,4.3,20,100.0,normale,Attention: proche expiration,2,16,12,False,True,normal,pluvieux
2023-12-07 01:14:26,Hôpital de District Bonassama,B+,30,7,0,23,3.8,115,87.5,normale,Hémoglobine dans les normes,3,1,12,False,True,campagne_don,orageux
2023-12-07 16:12:49,Hôpital de District Bonassama,A+,62,9,30,83,4.4,55,100.0,normale,"Excellent état, conservation parfaite",3,16,12,False,True,campagne_don,ensoleillé
2023-12-08 12:41:29,Hôpital de District Bonassama,A+,68,9,0,59,4.1,11,100.0,normale,Attention: proche expiration,4,12,12,False,True,normal,orageux
2023-12-08 14:41:48,Hôpital de District Bonassama,O-,72,9,0,63,4.3,6,100.0,normale,Urgent: vérifier température stockage,4,14,12,False,True,normal,ensoleillé
2023-12-11 07:50:09,Hôpital de District Bonassama,B+,64,7,21,78,3.5,26,100.0,normale,Urgent: vérifier température stockage,0,7,12,False,True,normal,ensoleillé
2023-12-11 12:37:53,Hôpital de District Bonassama,O+,43,8,24,59,3.6,8,97.7,normale,"Bon état général, légère variation température",0,12,12,False,True,normal,nuageux
2023-12-11 17:37:21,Hôpital de District Bonassama,A+,71,13,0,58,3.9,8,100.0,normale,Hémoglobine dans les normes,0,17,12,False,True,normal,pluvieux
2023-12-12 05:40:29,Hôpital de District Bonassama,A+,34,9,0,25,3.7,25,100.0,normale,Parfait pour transfusion immédiate,1,5,12,False,True,normal,pluvieux
2023-12-12 06:25:16,Hôpital de District Bonassama,O+,49,8,18,59,3.9,20,100.0,normale,Hémoglobine dans les normes,1,6,12,False,True,normal,pluvieux
2023-12-12 17:00:12,Hôpital de District Bonassama,A+,44,10,10,44,3.3,18,98.6,normale,Attention: proche expiration,1,17,12,False,True,normal,ensoleillé
2023-12-12 21:36:24,Hôpital de District Bonassama,AB-,50,12,17,55,4.0,47,100.0,normale,"Excellent état, conservation parfaite",1,21,12,False,True,épidémie,pluvieux
2023-12-13 20:24:18,Hôpital de District Bonassama,O+,86,11,0,75,4.3,55,100.0,normale,Urgent: vérifier température stockage,2,20,12,False,True,normal,nuageux
2023-12-15 01:06:57,Hôpital de District Bonassama,O-,21,11,0,10,4.5,30,89.4,faible,Hémoglobine dans les normes,4,1,12,False,True,normal,orageux
2023-12-15 01:20:22,Hôpital de District Bonassama,AB-,14,9,20,25,4.7,43,100.0,normale,"État satisfaisant, contrôle qualité OK",4,1,12,False,True,normal,ensoleillé
2023-12-15 09:11:03,Hôpital de District Bonassama,O+,47,5,0,42,4.3,33,100.0,normale,"Bon état général, légère variation température",4,9,12,False,True,normal,ensoleillé
2023-12-15 12:04:52,Hôpital de District Bonassama,O+,44,3,0,41,4.6,2,85.8,normale,"Bon état général, légère variation température",4,12,12,False,True,normal,orageux
2023-12-15 15:18:54,Hôpital de District Bonassama,A+,94,6,0,88,4.1,5,93.4,normale,Urgent: vérifier température stockage,4,15,12,False,True,normal,ensoleillé
2023-12-15 20:00:48,Hôpital de District Bonassama,A+,65,6,0,59,4.1,3,80.0,normale,Contrôle bactériologique négatif,4,20,12,False,True,normal,ensoleillé
2023-12-16 02:37:05,Hôpital de District Bonassama,A+,23,2,0,21,4.2,12,94.1,normale,Parfait pour transfusion immédiate,5,2,12,True,True,normal,nuageux
2023-12-16 21:27:43,Hôpital de District Bonassama,O+,42,6,0,36,3.7,1,56.9,attention,Contrôle bactériologique négatif,5,21,12,True,True,normal,pluvieux
2023-12-16 22:07:58,Hôpital de District Bonassama,A+,31,9,0,22,4.0,20,94.9,normale,Contrôle bactériologique négatif,5,22,12,True,True,normal,ensoleillé
2023-12-16 22:56:17,Hôpital de District Bonassama,O+,38,4,21,55,4.6,75,99.7,normale,"Bon état général, légère variation température",5,22,12,True,True,normal,ensoleillé
2023-12-17 00:14:59,Hôpital de District Bonassama,AB+,21,11,0,10,3.7,19,100.0,faible,Contrôle bactériologique négatif,6,0,12,True,True,normal,pluvieux
2023-12-17 06:57:27,Hôpital de District Bonassama,A+,42,10,19,51,3.7,29,100.0,normale,Contrôle bactériologique négatif,6,6,12,True,True,normal,ensoleillé
2023-12-17 07:17:01,Hôpital de District Bonassama,O+,44,6,25,63,3.6,55,100.0,normale,"État satisfaisant, contrôle qualité OK",6,7,12,True,True,normal,pluvieux
2023-12-17 07:21:45,Hôpital de District Bonassama,A+,44,2,0,42,4.2,20,100.0,normale,"Bon état général, légère variation température",6,7,12,True,True,normal,pluvieux
2023-12-17 09:23:48,Hôpital de District Bonassama,B+,53,4,0,49,3.5,12,100.0,normale,Contrôle bactériologique négatif,6,9,12,True,True,normal,nuageux
2023-12-18 07:32:26,Hôpital de District Bonassama,B+,49,16,0,33,4.4,32,100.0,normale,Parfait pour transfusion immédiate,0,7,12,False,True,normal,nuageux
2023-12-19 19:03:44,Hôpital de District Bonassama,O+,59,9,0,50,3.9,17,100.0,normale,"Bon état général, légère variation température",1,19,12,False,True,normal,ensoleillé
2023-12-19 19:10:56,Hôpital de District Bonassama,A-,66,1,26,91,4.0,1,54.1,attention,"Excellent état, conservation parfaite",1,19,12,False,True,normal,ensoleillé
2023-12-19 22:23:45,Hôpital de District Bonassama,O+,46,9,0,37,3.6,5,98.8,normale,Parfait pour transfusion immédiate,1,22,12,False,True,normal,ensoleillé
2023-12-20 16:39:41,Hôpital de District Bonassama,O+,88,14,14,88,4.9,1,63.7,attention,"Bon état général, légère variation température",2,16,12,False,True,normal,ensoleillé
2023-12-21 19:29:37,Hôpital de District Bonassama,B+,72,10,17,79,3.4,4,85.0,normale,"Bon état général, légère variation température",3,19,12,False,True,normal,ensoleillé
2023-12-25 12:02:32,Hôpital de District Bonassama,O+,55,18,0,37,4.8,10,90.9,normale,Parfait pour transfusion immédiate,0,12,12,False,True,normal,ensoleillé
2023-12-25 13:27:19,Hôpital de District Bonassama,O+,35,14,20,41,4.2,21,100.0,normale,Hémoglobine dans les normes,0,13,12,False,True,normal,ensoleillé
2023-12-25 16:32:49,Hôpital de District Bonassama,A+,71,12,0,59,4.3,2,85.8,normale,"État satisfaisant, contrôle qualité OK",0,16,12,False,True,normal,pluvieux
2023-12-26 05:08:59,Hôpital de District Bonassama,A+,18,15,0,3,4.2,1,62.9,critique,URGENT: Stock critique - Parfait pour transfusion immédiate,1,5,12,False,True,normal,nuageux
2023-12-26 13:37:35,Hôpital de District Bonassama,O-,53,6,0,47,3.9,3,80.9,normale,Attention: proche expiration,1,13,12,False,True,normal,ensoleillé
2023-12-26 21:12:56,Hôpital de District Bonassama,O+,68,10,0,58,3.5,10,100.0,normale,"Excellent état, conservation parfaite",1,21,12,False,True,normal,pluvieux
2023-12-27 04:50:29,Hôpital de District Bonassama,O-,19,8,0,11,4.4,25,100.0,faible,Attention: proche expiration,2,4,12,False,True,normal,pluvieux
2023-12-27 09:13:37,Hôpital de District Bonassama,O+,35,11,0,24,3.7,19,100.0,normale,"Excellent état, conservation parfaite",2,9,12,False,True,normal,ensoleillé
2023-12-27 17:56:44,Hôpital de District Bonassama,O+,67,7,17,77,3.8,40,97.1,normale,Contrôle bactériologique négatif,2,17,12,False,True,urgence_médicale,nuageux
2023-12-27 20:04:12,Hôpital de District Bonassama,A+,82,11,0,71,4.0,9,100.0,normale,"Excellent état, conservation parfaite",2,20,12,False,True,normal,orageux
2023-12-27 21:53:09,Hôpital de District Bonassama,O+,56,4,0,52,4.7,1,64.8,attention,Attention: proche expiration,2,21,12,False,True,normal,ensoleillé
2023-12-28 11:24:36,Hôpital de District Bonassama,B+,37,16,0,21,3.7,1,61.3,attention,Parfait pour transfusion immédiate,3,11,12,False,True,normal,pluvieux
2023-12-28 19:21:05,Hôpital de District Bonassama,A+,45,3,24,66,4.5,5,100.0,normale,Parfait pour transfusion immédiate,3,19,12,False,True,normal,ensoleillé
2023-12-29 12:54:54,Hôpital de District Bonassama,A+,44,14,0,30,3.8,21,100.0,normale,"Excellent état, conservation parfaite",4,12,12,False,True,normal,pluvieux
2023-12-29 21:55:27,Hôpital de District Bonassama,O+,56,1,0,55,4.2,35,96.4,normale,Parfait pour transfusion immédiate,4,21,12,False,True,normal,ensoleillé
2023-12-29 21:58:59,Hôpital de District Bonassama,O+,53,6,0,47,4.2,19,94.0,normale,"Excellent état, conservation parfaite",4,21,12,False,True,normal,pluvieux
2023-12-30 04:09:47,Hôpital de District Bonassama,O+,23,5,0,18,4.4,1,52.2,faible,Urgent: vérifier température stockage,5,4,12,True,True,campagne_don,ensoleillé
2023-12-30 08:38:39,Hôpital de District Bonassama,A+,57,9,0,48,4.0,9,100.0,normale,Hémoglobine dans les normes,5,8,12,True,True,normal,ensoleillé
2023-12-30 09:51:01,Hôpital de District Bonassama,A+,49,8,17,58,4.3,15,100.0,normale,Contrôle bactériologique négatif,5,9,12,True,True,normal,ensoleillé
2023-12-30 13:37:42,Hôpital de District Bonassama,O+,71,7,0,64,4.0,22,95.7,normale,"État satisfaisant, contrôle qualité OK",5,13,12,True,True,normal,ensoleillé
2023-12-30 14:01:54,Hôpital de District Bonassama,O+,34,10,0,24,3.7,12,92.8,normale,"Excellent état, conservation parfaite",5,14,12,True,True,normal,pluvieux
2023-12-31 03:56:17,Hôpital de District Bonassama,AB+,25,9,0,16,4.3,9,100.0,faible,"Excellent état, conservation parfaite",6,3,12,True,True,normal,ensoleillé
2023-12-31 06:55:25,Hôpital de District Bonassama,B+,42,6,27,63,3.4,45,100.0,normale,Parfait pour transfusion immédiate,6,6,12,True,True,normal,orageux
2023-12-31 21:29:58,Hôpital de District Bonassama,A+,42,2,18,58,3.5,16,100.0,normale,Contrôle bactériologique négatif,6,21,12,True,True,normal,pluvieux
2023-12-31 22:13:49,Hôpital de District Bonassama,A-,40,10,0,30,2.8,2,92.4,normale,"État satisfaisant, contrôle qualité OK",6,22,12,True,True,normal,pluvieux
