timestamp,hospital,blood_type,stock_initial,demand,supply,stock_final,temperature,days_to_expiry,quality_score,urgency,quality_comment,day_of_week,hour,month,is_weekend,is_holiday_season,special_event,weather
2022-01-01 03:09:49,Hôpital Militaire,A+,17,5,0,12,3.7,11,95.4,faible,Contrôle bactériologique négatif,5,3,1,True,True,normal,ensoleillé
2022-01-01 12:36:00,Hôpital Militaire,O+,25,4,20,41,4.3,19,100.0,normale,Urgent: vérifier température stockage,5,12,1,True,True,normal,ensoleillé
2022-01-01 15:43:13,Hôpital Militaire,O+,84,4,0,80,3.8,1,59.7,attention,"Excellent état, conservation parfaite",5,15,1,True,True,normal,ensoleillé
2022-01-01 16:10:26,Hôpital Militaire,A+,24,9,0,15,4.5,4,85.1,faible,Attention: proche expiration,5,16,1,True,True,normal,nuageux
2022-01-01 21:27:26,Hôpital Militaire,O+,48,9,0,39,4.1,3,86.6,normale,Parfait pour transfusion immédiate,5,21,1,True,True,normal,pluvieux
2022-01-01 22:22:24,Hôpital Militaire,O+,59,7,27,79,3.9,8,98.2,normale,Attention: proche expiration,5,22,1,True,True,normal,nuageux
2022-01-02 22:06:05,Hôpital Militaire,O+,49,9,0,40,4.1,1,64.2,attention,Hémoglobine dans les normes,6,22,1,True,True,normal,ensoleillé
2022-01-02 23:49:11,Hôpital Militaire,A+,22,3,23,42,4.4,4,80.2,normale,Contrôle bactériologique négatif,6,23,1,True,True,normal,pluvieux
2022-01-04 18:04:22,Hôpital Militaire,A+,55,12,0,43,3.9,44,96.9,normale,Contrôle bactériologique négatif,1,18,1,False,True,normal,pluvieux
2022-01-05 05:57:28,Hôpital Militaire,A+,41,12,18,47,3.8,49,100.0,normale,Contrôle bactériologique négatif,2,5,1,False,True,normal,orageux
2022-01-05 07:21:46,Hôpital Militaire,A+,61,13,0,48,4.2,11,100.0,normale,Urgent: vérifier température stockage,2,7,1,False,True,normal,orageux
2022-01-06 01:08:44,Hôpital Militaire,O+,20,8,0,12,4.7,3,89.4,faible,"État satisfaisant, contrôle qualité OK",3,1,1,False,True,normal,ensoleillé
2022-01-06 02:59:23,Hôpital Militaire,B+,29,11,0,18,4.6,4,77.8,faible,Contrôle bactériologique négatif,3,2,1,False,True,normal,nuageux
2022-01-06 23:17:51,Hôpital Militaire,A+,32,0,0,32,3.8,14,98.5,normale,Urgent: vérifier température stockage,3,23,1,False,True,normal,ensoleillé
2022-01-08 05:39:09,Hôpital Militaire,O+,29,0,0,29,3.0,12,93.8,normale,Urgent: vérifier température stockage,5,5,1,True,True,urgence_médicale,pluvieux
2022-01-08 07:10:50,Hôpital Militaire,A+,45,6,0,39,3.9,4,87.6,normale,Parfait pour transfusion immédiate,5,7,1,True,True,normal,ensoleillé
2022-01-08 08:09:50,Hôpital Militaire,O+,37,6,15,46,4.0,3,85.1,normale,Parfait pour transfusion immédiate,5,8,1,True,True,normal,ensoleillé
2022-01-09 04:46:29,Hôpital Militaire,A+,29,4,0,25,4.3,9,91.2,normale,Attention: proche expiration,6,4,1,True,True,normal,ensoleillé
2022-01-09 21:10:39,Hôpital Militaire,B+,53,7,0,46,3.2,20,91.2,normale,Urgent: vérifier température stockage,6,21,1,True,True,normal,ensoleillé
2022-01-10 01:04:33,Hôpital Militaire,O-,50,7,22,65,3.2,2,85.4,normale,"Excellent état, conservation parfaite",0,1,1,False,True,normal,ensoleillé
2022-01-10 05:08:35,Hôpital Militaire,O+,23,7,0,16,5.2,13,100.0,faible,Hémoglobine dans les normes,0,5,1,False,True,normal,nuageux
2022-01-10 06:58:36,Hôpital Militaire,A+,28,5,0,23,4.4,10,95.2,normale,Contrôle bactériologique négatif,0,6,1,False,True,normal,pluvieux
2022-01-10 11:34:09,Hôpital Militaire,O+,78,15,0,63,3.7,31,100.0,normale,"Excellent état, conservation parfaite",0,11,1,False,True,normal,nuageux
2022-01-10 13:03:58,Hôpital Militaire,O+,55,9,17,63,4.0,4,85.4,normale,Attention: proche expiration,0,13,1,False,True,normal,nuageux
2022-01-10 15:34:52,Hôpital Militaire,O-,66,7,0,59,3.9,22,89.8,normale,Hémoglobine dans les normes,0,15,1,False,True,normal,ensoleillé
2022-01-10 22:03:34,Hôpital Militaire,O+,72,12,0,60,4.2,14,100.0,normale,Contrôle bactériologique négatif,0,22,1,False,True,normal,ensoleillé
2022-01-12 11:06:22,Hôpital Militaire,O+,67,7,0,60,4.2,10,98.5,normale,"État satisfaisant, contrôle qualité OK",2,11,1,False,True,normal,orageux
2022-01-13 05:15:41,Hôpital Militaire,A+,31,11,22,42,3.5,15,100.0,normale,Hémoglobine dans les normes,3,5,1,False,True,normal,pluvieux
2022-01-13 15:53:58,Hôpital Militaire,A+,39,4,0,35,4.7,11,90.9,normale,Hémoglobine dans les normes,3,15,1,False,True,normal,pluvieux
2022-01-13 18:03:32,Hôpital Militaire,O+,72,11,0,61,3.9,39,100.0,normale,"État satisfaisant, contrôle qualité OK",3,18,1,False,True,normal,nuageux
2022-01-13 18:22:37,Hôpital Militaire,A+,56,11,0,45,4.0,4,80.2,normale,"État satisfaisant, contrôle qualité OK",3,18,1,False,True,normal,nuageux
2022-01-14 21:58:50,Hôpital Militaire,A+,40,7,0,33,3.7,10,99.0,normale,"Bon état général, légère variation température",4,21,1,False,True,normal,ensoleillé
2022-01-15 11:17:37,Hôpital Militaire,A+,35,7,0,28,4.3,18,100.0,normale,Parfait pour transfusion immédiate,5,11,1,True,True,normal,ensoleillé
2022-01-15 12:57:48,Hôpital Militaire,O+,31,2,0,29,5.1,10,94.3,normale,Attention: proche expiration,5,12,1,True,True,normal,ensoleillé
2022-01-15 13:48:03,Hôpital Militaire,A+,36,9,0,27,4.3,5,100.0,normale,Contrôle bactériologique négatif,5,13,1,True,True,normal,pluvieux
2022-01-15 18:15:29,Hôpital Militaire,A+,10,6,0,4,3.8,1,55.0,critique,"URGENT: Stock critique - État satisfaisant, contrôle qualité OK",5,18,1,True,True,normal,nuageux
2022-01-16 03:04:22,Hôpital Militaire,A-,28,5,0,23,4.4,1,63.8,attention,"Bon état général, légère variation température",6,3,1,True,True,normal,pluvieux
2022-01-16 04:03:54,Hôpital Militaire,B+,18,6,17,29,4.1,3,79.4,normale,Parfait pour transfusion immédiate,6,4,1,True,True,normal,ensoleillé
2022-01-16 11:07:33,Hôpital Militaire,O+,33,7,0,26,3.4,20,100.0,normale,Attention: proche expiration,6,11,1,True,True,normal,ensoleillé
2022-01-16 13:48:10,Hôpital Militaire,A-,50,9,0,41,3.8,1,57.8,attention,Attention: proche expiration,6,13,1,True,True,normal,nuageux
2022-01-16 19:03:32,Hôpital Militaire,A+,60,11,0,49,4.4,16,100.0,normale,Contrôle bactériologique négatif,6,19,1,True,True,normal,nuageux
2022-01-17 14:07:54,Hôpital Militaire,A+,92,11,0,81,4.2,21,100.0,normale,"État satisfaisant, contrôle qualité OK",0,14,1,False,True,normal,ensoleillé
2022-01-17 16:34:26,Hôpital Militaire,A+,83,8,0,75,4.1,19,93.0,normale,"Bon état général, légère variation température",0,16,1,False,True,normal,orageux
2022-01-17 20:32:34,Hôpital Militaire,O+,50,5,24,69,3.3,2,79.5,normale,Hémoglobine dans les normes,0,20,1,False,True,normal,pluvieux
2022-01-18 15:49:01,Hôpital Militaire,A+,50,9,0,41,4.1,7,94.3,normale,"État satisfaisant, contrôle qualité OK",1,15,1,False,True,normal,pluvieux
2022-01-19 00:02:15,Hôpital Militaire,B+,30,10,0,20,3.6,2,83.4,normale,Contrôle bactériologique négatif,2,0,1,False,True,normal,ensoleillé
2022-01-19 10:47:13,Hôpital Militaire,O+,51,16,19,54,3.6,10,100.0,normale,"Bon état général, légère variation température",2,10,1,False,True,normal,ensoleillé
2022-01-20 01:52:51,Hôpital Militaire,A+,13,10,0,3,4.2,15,100.0,critique,"URGENT: Stock critique - État satisfaisant, contrôle qualité OK",3,1,1,False,True,normal,pluvieux
2022-01-20 18:31:14,Hôpital Militaire,A+,84,13,20,91,4.5,41,93.4,normale,Parfait pour transfusion immédiate,3,18,1,False,True,normal,pluvieux
2022-01-21 20:20:02,Hôpital Militaire,O+,62,7,0,55,3.6,7,100.0,normale,"Excellent état, conservation parfaite",4,20,1,False,True,normal,pluvieux
2022-01-22 12:26:35,Hôpital Militaire,O+,24,9,0,15,3.9,5,96.4,faible,Urgent: vérifier température stockage,5,12,1,True,True,normal,pluvieux
2022-01-22 20:41:52,Hôpital Militaire,O+,21,9,0,12,4.9,2,82.7,faible,Attention: proche expiration,5,20,1,True,True,normal,ensoleillé
2022-01-22 21:27:14,Hôpital Militaire,B+,42,5,0,37,3.9,1,62.0,attention,Parfait pour transfusion immédiate,5,21,1,True,True,normal,ensoleillé
2022-01-23 02:12:29,Hôpital Militaire,O-,11,2,0,9,4.3,2,74.8,critique,URGENT: Stock critique - Hémoglobine dans les normes,6,2,1,True,True,normal,ensoleillé
2022-01-23 10:09:55,Hôpital Militaire,B+,22,7,23,38,3.8,23,100.0,normale,Contrôle bactériologique négatif,6,10,1,True,True,normal,ensoleillé
2022-01-23 11:37:58,Hôpital Militaire,O+,23,4,0,19,4.3,7,96.4,faible,"Bon état général, légère variation température",6,11,1,True,True,normal,pluvieux
2022-01-23 14:47:14,Hôpital Militaire,O+,48,8,24,64,4.3,14,100.0,normale,Hémoglobine dans les normes,6,14,1,True,True,normal,ensoleillé
2022-01-23 16:11:00,Hôpital Militaire,O+,42,8,0,34,3.8,10,98.9,normale,Attention: proche expiration,6,16,1,True,True,normal,pluvieux
2022-01-24 02:05:11,Hôpital Militaire,O+,22,13,0,9,3.9,4,81.1,critique,URGENT: Stock critique - Urgent: vérifier température stockage,0,2,1,False,True,normal,nuageux
2022-01-24 03:27:37,Hôpital Militaire,O+,39,7,0,32,3.9,36,100.0,normale,Hémoglobine dans les normes,0,3,1,False,True,normal,pluvieux
2022-01-24 22:30:38,Hôpital Militaire,O+,82,8,25,99,3.8,31,100.0,normale,Urgent: vérifier température stockage,0,22,1,False,True,normal,ensoleillé
2022-01-25 03:24:43,Hôpital Militaire,A+,16,5,19,30,4.4,13,88.0,normale,Contrôle bactériologique négatif,1,3,1,False,True,normal,ensoleillé
2022-01-25 05:06:35,Hôpital Militaire,A+,38,6,0,32,2.9,6,100.0,normale,"Excellent état, conservation parfaite",1,5,1,False,True,normal,ensoleillé
2022-01-26 02:14:04,Hôpital Militaire,A+,37,8,0,29,4.7,9,98.0,normale,"Excellent état, conservation parfaite",2,2,1,False,True,normal,ensoleillé
2022-01-26 22:51:34,Hôpital Militaire,O+,42,8,0,34,3.4,30,94.9,normale,"Bon état général, légère variation température",2,22,1,False,True,normal,pluvieux
2022-01-27 00:40:37,Hôpital Militaire,A+,41,4,0,37,4.6,7,95.7,normale,Hémoglobine dans les normes,3,0,1,False,True,normal,ensoleillé
2022-01-27 10:35:04,Hôpital Militaire,A+,28,9,17,36,4.0,1,62.0,attention,Attention: proche expiration,3,10,1,False,True,normal,ensoleillé
2022-01-27 22:39:05,Hôpital Militaire,O+,56,10,0,46,4.8,17,100.0,normale,Contrôle bactériologique négatif,3,22,1,False,True,normal,pluvieux
2022-01-28 23:36:47,Hôpital Militaire,O+,23,13,18,28,4.4,31,100.0,normale,Contrôle bactériologique négatif,4,23,1,False,True,normal,pluvieux
2022-01-29 00:13:41,Hôpital Militaire,A+,27,1,20,46,4.2,27,100.0,normale,"État satisfaisant, contrôle qualité OK",5,0,1,True,True,normal,nuageux
2022-01-29 17:25:40,Hôpital Militaire,O+,41,4,0,37,5.0,17,100.0,normale,"État satisfaisant, contrôle qualité OK",5,17,1,True,True,normal,pluvieux
2022-01-29 21:41:03,Hôpital Militaire,O-,44,5,0,39,3.9,24,96.7,normale,Hémoglobine dans les normes,5,21,1,True,True,normal,ensoleillé
2022-01-30 18:01:23,Hôpital Militaire,O-,56,8,0,48,4.3,1,68.0,attention,Urgent: vérifier température stockage,6,18,1,True,True,normal,pluvieux
2022-01-30 21:54:54,Hôpital Militaire,B+,56,9,0,47,4.3,2,84.2,normale,Urgent: vérifier température stockage,6,21,1,True,True,normal,nuageux
2022-01-31 02:57:31,Hôpital Militaire,O+,19,10,0,9,3.8,16,100.0,critique,URGENT: Stock critique - Urgent: vérifier température stockage,0,2,1,False,True,normal,ensoleillé
2022-01-31 14:34:32,Hôpital Militaire,O-,66,10,0,56,3.7,3,84.1,normale,Parfait pour transfusion immédiate,0,14,1,False,True,normal,ensoleillé
2022-01-31 23:03:31,Hôpital Militaire,O+,0,4,0,0,3.8,29,100.0,critique,URGENT: Stock critique - Urgent: vérifier température stockage,0,23,1,False,True,normal,pluvieux
2022-02-01 05:58:21,Hôpital Militaire,O+,23,4,0,19,3.6,9,98.7,faible,"Bon état général, légère variation température",1,5,2,False,False,normal,pluvieux
2022-02-01 20:37:25,Hôpital Militaire,A+,64,11,17,70,3.9,4,81.0,normale,Attention: proche expiration,1,20,2,False,False,normal,orageux
2022-02-02 19:16:42,Hôpital Militaire,B+,56,7,0,49,4.2,1,69.8,attention,Contrôle bactériologique négatif,2,19,2,False,False,normal,pluvieux
2022-02-02 19:50:30,Hôpital Militaire,B+,32,7,0,25,4.1,12,100.0,normale,Attention: proche expiration,2,19,2,False,False,normal,ensoleillé
2022-02-02 21:33:26,Hôpital Militaire,A-,17,11,0,6,4.2,14,100.0,critique,URGENT: Stock critique - Attention: proche expiration,2,21,2,False,False,normal,nuageux
2022-02-03 22:29:09,Hôpital Militaire,O+,59,10,15,64,3.6,7,93.3,normale,Hémoglobine dans les normes,3,22,2,False,False,normal,ensoleillé
2022-02-04 00:36:29,Hôpital Militaire,A+,21,3,0,18,4.4,26,94.3,faible,Hémoglobine dans les normes,4,0,2,False,False,normal,orageux
2022-02-04 01:27:15,Hôpital Militaire,O+,22,11,15,26,4.7,4,79.3,normale,"Bon état général, légère variation température",4,1,2,False,False,normal,orageux
2022-02-04 08:37:56,Hôpital Militaire,O+,37,10,0,27,4.5,1,61.6,attention,Attention: proche expiration,4,8,2,False,False,normal,ensoleillé
2022-02-04 10:28:37,Hôpital Militaire,A+,47,7,19,59,3.7,16,95.6,normale,Contrôle bactériologique négatif,4,10,2,False,False,normal,pluvieux
2022-02-05 05:19:32,Hôpital Militaire,O+,14,7,0,7,3.6,16,91.8,critique,"URGENT: Stock critique - Excellent état, conservation parfaite",5,5,2,True,False,normal,nuageux
2022-02-05 08:29:44,Hôpital Militaire,A+,47,10,0,37,4.3,25,93.6,normale,"État satisfaisant, contrôle qualité OK",5,8,2,True,False,normal,ensoleillé
2022-02-05 12:11:51,Hôpital Militaire,O+,26,8,0,18,3.7,3,95.8,faible,Parfait pour transfusion immédiate,5,12,2,True,False,normal,pluvieux
2022-02-05 17:09:28,Hôpital Militaire,O+,32,7,17,42,3.9,13,94.3,normale,Hémoglobine dans les normes,5,17,2,True,False,normal,pluvieux
2022-02-05 17:20:01,Hôpital Militaire,A+,47,6,0,41,4.0,14,95.8,normale,"État satisfaisant, contrôle qualité OK",5,17,2,True,False,normal,nuageux
2022-02-06 01:39:25,Hôpital Militaire,O+,14,7,0,7,3.9,15,94.7,critique,"URGENT: Stock critique - Excellent état, conservation parfaite",6,1,2,True,False,urgence_médicale,nuageux
2022-02-06 09:58:58,Hôpital Militaire,O+,19,9,0,10,4.0,13,100.0,faible,Attention: proche expiration,6,9,2,True,False,normal,ensoleillé
2022-02-07 06:02:46,Hôpital Militaire,A+,33,13,0,20,2.7,1,58.4,attention,"État satisfaisant, contrôle qualité OK",0,6,2,False,False,normal,ensoleillé
2022-02-07 09:32:01,Hôpital Militaire,A+,51,9,23,65,3.3,1,57.2,attention,Contrôle bactériologique négatif,0,9,2,False,False,normal,ensoleillé
2022-02-08 21:33:45,Hôpital Militaire,O+,48,9,0,39,4.2,19,95.9,normale,Hémoglobine dans les normes,1,21,2,False,False,normal,pluvieux
2022-02-08 22:43:15,Hôpital Militaire,O+,50,3,0,47,3.7,15,91.1,normale,"Excellent état, conservation parfaite",1,22,2,False,False,normal,pluvieux
2022-02-09 00:08:18,Hôpital Militaire,O+,21,3,0,18,3.6,22,96.8,faible,Contrôle bactériologique négatif,2,0,2,False,False,normal,pluvieux
2022-02-09 01:22:24,Hôpital Militaire,O+,35,5,18,48,4.0,1,56.4,attention,Hémoglobine dans les normes,2,1,2,False,False,urgence_médicale,pluvieux
2022-02-09 04:34:05,Hôpital Militaire,O+,20,9,0,11,4.2,17,100.0,faible,"Excellent état, conservation parfaite",2,4,2,False,False,normal,pluvieux
2022-02-09 05:45:27,Hôpital Militaire,A+,41,8,0,33,3.5,5,100.0,normale,"État satisfaisant, contrôle qualité OK",2,5,2,False,False,normal,ensoleillé
2022-02-09 07:02:05,Hôpital Militaire,A+,51,13,0,38,3.6,26,100.0,normale,Contrôle bactériologique négatif,2,7,2,False,False,normal,ensoleillé
2022-02-09 10:20:10,Hôpital Militaire,O-,64,5,0,59,3.5,1,58.5,attention,Contrôle bactériologique négatif,2,10,2,False,False,normal,orageux
2022-02-09 12:00:50,Hôpital Militaire,B+,50,11,0,39,3.4,60,100.0,normale,"Bon état général, légère variation température",2,12,2,False,False,normal,nuageux
2022-02-09 17:38:54,Hôpital Militaire,A+,53,6,0,47,3.2,8,100.0,normale,Parfait pour transfusion immédiate,2,17,2,False,False,normal,ensoleillé
2022-02-09 21:19:46,Hôpital Militaire,AB+,63,2,0,61,4.0,38,100.0,normale,Urgent: vérifier température stockage,2,21,2,False,False,normal,ensoleillé
2022-02-10 01:11:46,Hôpital Militaire,A-,39,6,0,33,4.6,30,100.0,normale,"État satisfaisant, contrôle qualité OK",3,1,2,False,False,normal,ensoleillé
2022-02-10 12:42:07,Hôpital Militaire,A+,46,8,25,63,4.8,40,100.0,normale,Urgent: vérifier température stockage,3,12,2,False,False,normal,ensoleillé
2022-02-10 19:06:12,Hôpital Militaire,O+,69,6,0,63,4.6,3,77.6,normale,"Excellent état, conservation parfaite",3,19,2,False,False,normal,nuageux
2022-02-11 01:54:35,Hôpital Militaire,A+,22,10,0,12,3.4,1,65.7,faible,Parfait pour transfusion immédiate,4,1,2,False,False,normal,orageux
2022-02-11 08:46:49,Hôpital Militaire,O+,55,7,0,48,4.3,31,100.0,normale,"État satisfaisant, contrôle qualité OK",4,8,2,False,False,normal,pluvieux
2022-02-11 15:20:44,Hôpital Militaire,B+,54,7,0,47,3.7,6,85.5,normale,Attention: proche expiration,4,15,2,False,False,normal,pluvieux
2022-02-11 18:56:44,Hôpital Militaire,AB-,40,5,0,35,3.9,3,93.3,normale,Hémoglobine dans les normes,4,18,2,False,False,normal,nuageux
2022-02-11 23:08:51,Hôpital Militaire,A+,17,7,0,10,4.4,27,94.1,faible,"Bon état général, légère variation température",4,23,2,False,False,normal,pluvieux
2022-02-12 01:01:05,Hôpital Militaire,O-,7,7,0,0,3.7,34,100.0,critique,"URGENT: Stock critique - Bon état général, légère variation température",5,1,2,True,False,normal,pluvieux
2022-02-12 01:23:42,Hôpital Militaire,A+,22,4,0,18,3.2,9,100.0,faible,Attention: proche expiration,5,1,2,True,False,urgence_médicale,ensoleillé
2022-02-12 01:49:26,Hôpital Militaire,O+,21,4,13,30,3.8,8,100.0,normale,"Excellent état, conservation parfaite",5,1,2,True,False,normal,ensoleillé
2022-02-12 08:26:19,Hôpital Militaire,B-,47,3,18,62,4.0,20,98.6,normale,Hémoglobine dans les normes,5,8,2,True,False,normal,ensoleillé
2022-02-12 08:39:44,Hôpital Militaire,B+,60,6,16,70,3.6,1,59.4,attention,"État satisfaisant, contrôle qualité OK",5,8,2,True,False,normal,orageux
2022-02-12 13:12:35,Hôpital Militaire,A-,37,4,0,33,4.1,18,100.0,normale,Contrôle bactériologique négatif,5,13,2,True,False,normal,orageux
2022-02-12 13:45:49,Hôpital Militaire,A+,27,10,0,17,4.8,4,84.4,faible,Contrôle bactériologique négatif,5,13,2,True,False,normal,ensoleillé
2022-02-12 20:54:11,Hôpital Militaire,O+,37,7,0,30,3.8,3,81.2,normale,Parfait pour transfusion immédiate,5,20,2,True,False,normal,orageux
2022-02-13 12:37:49,Hôpital Militaire,A+,22,2,0,20,4.1,32,96.8,normale,"Excellent état, conservation parfaite",6,12,2,True,False,normal,pluvieux
2022-02-13 14:03:29,Hôpital Militaire,B-,37,6,0,31,4.7,29,100.0,normale,Hémoglobine dans les normes,6,14,2,True,False,accident_route,pluvieux
2022-02-13 15:45:08,Hôpital Militaire,A+,30,4,0,26,3.9,3,92.5,normale,Attention: proche expiration,6,15,2,True,False,normal,ensoleillé
2022-02-13 20:11:35,Hôpital Militaire,A+,39,5,0,34,3.3,33,99.7,normale,"État satisfaisant, contrôle qualité OK",6,20,2,True,False,normal,nuageux
2022-02-13 23:11:22,Hôpital Militaire,B+,16,7,0,9,3.1,7,100.0,critique,"URGENT: Stock critique - État satisfaisant, contrôle qualité OK",6,23,2,True,False,normal,ensoleillé
2022-02-14 09:38:16,Hôpital Militaire,O+,45,8,0,37,3.8,17,91.8,normale,Contrôle bactériologique négatif,0,9,2,False,False,normal,ensoleillé
2022-02-14 15:11:18,Hôpital Militaire,AB-,52,13,0,39,4.6,2,82.0,normale,"État satisfaisant, contrôle qualité OK",0,15,2,False,False,normal,pluvieux
2022-02-14 23:26:42,Hôpital Militaire,A+,32,8,0,24,4.8,6,100.0,normale,Parfait pour transfusion immédiate,0,23,2,False,False,normal,orageux
2022-02-14 23:48:12,Hôpital Militaire,A+,8,5,0,3,3.8,51,100.0,critique,"URGENT: Stock critique - Bon état général, légère variation température",0,23,2,False,False,urgence_médicale,ensoleillé
2022-02-15 01:27:06,Hôpital Militaire,O-,19,4,0,15,3.1,11,97.0,faible,"État satisfaisant, contrôle qualité OK",1,1,2,False,False,normal,nuageux
2022-02-15 06:47:28,Hôpital Militaire,B-,34,6,0,28,3.3,12,89.4,normale,"Excellent état, conservation parfaite",1,6,2,False,False,normal,ensoleillé
2022-02-15 17:29:11,Hôpital Militaire,O+,70,4,0,66,3.8,18,99.2,normale,"Bon état général, légère variation température",1,17,2,False,False,accident_route,nuageux
2022-02-16 10:17:21,Hôpital Militaire,AB+,51,7,0,44,3.9,5,96.0,normale,Urgent: vérifier température stockage,2,10,2,False,False,normal,pluvieux
2022-02-16 19:14:46,Hôpital Militaire,A+,38,6,22,54,4.5,33,100.0,normale,Urgent: vérifier température stockage,2,19,2,False,False,normal,pluvieux
2022-02-17 03:32:00,Hôpital Militaire,A+,33,2,0,31,4.4,13,100.0,normale,"État satisfaisant, contrôle qualité OK",3,3,2,False,False,normal,orageux
2022-02-17 08:43:56,Hôpital Militaire,O-,51,6,15,60,3.7,10,96.7,normale,"Excellent état, conservation parfaite",3,8,2,False,False,urgence_médicale,ensoleillé
2022-02-17 21:02:28,Hôpital Militaire,A+,49,9,0,40,4.1,5,100.0,normale,"Bon état général, légère variation température",3,21,2,False,False,normal,nuageux
2022-02-17 23:15:12,Hôpital Militaire,A+,16,9,0,7,4.7,11,93.7,critique,URGENT: Stock critique - Contrôle bactériologique négatif,3,23,2,False,False,normal,nuageux
2022-02-18 03:56:40,Hôpital Militaire,O+,33,11,0,22,3.5,24,100.0,normale,"État satisfaisant, contrôle qualité OK",4,3,2,False,False,normal,ensoleillé
2022-02-18 06:04:53,Hôpital Militaire,O+,51,7,0,44,3.6,1,64.3,attention,Attention: proche expiration,4,6,2,False,False,normal,nuageux
2022-02-18 08:43:01,Hôpital Militaire,A+,53,10,0,43,3.5,19,100.0,normale,"État satisfaisant, contrôle qualité OK",4,8,2,False,False,accident_route,ensoleillé
2022-02-18 11:25:01,Hôpital Militaire,O-,42,5,0,37,3.9,25,97.5,normale,"Bon état général, légère variation température",4,11,2,False,False,normal,pluvieux
2022-02-19 04:46:33,Hôpital Militaire,O+,11,5,18,24,3.5,22,100.0,normale,Contrôle bactériologique négatif,5,4,2,True,False,normal,nuageux
2022-02-19 08:14:32,Hôpital Militaire,AB+,22,7,0,15,3.5,50,100.0,faible,Parfait pour transfusion immédiate,5,8,2,True,False,normal,nuageux
2022-02-19 08:48:27,Hôpital Militaire,A+,21,7,0,14,4.5,16,100.0,faible,Contrôle bactériologique négatif,5,8,2,True,False,normal,ensoleillé
2022-02-19 09:14:55,Hôpital Militaire,O+,22,3,0,19,4.4,3,90.7,faible,Hémoglobine dans les normes,5,9,2,True,False,normal,pluvieux
2022-02-19 17:31:45,Hôpital Militaire,A+,36,3,21,54,4.0,40,98.6,normale,"Bon état général, légère variation température",5,17,2,True,False,normal,nuageux
2022-02-19 21:18:45,Hôpital Militaire,B-,34,8,14,40,4.1,14,99.4,normale,Hémoglobine dans les normes,5,21,2,True,False,normal,nuageux
2022-02-20 01:50:45,Hôpital Militaire,O+,1,5,0,0,3.7,11,100.0,critique,"URGENT: Stock critique - État satisfaisant, contrôle qualité OK",6,1,2,True,False,normal,pluvieux
2022-02-20 10:33:07,Hôpital Militaire,O+,37,7,14,44,4.2,21,95.8,normale,Contrôle bactériologique négatif,6,10,2,True,False,normal,nuageux
2022-02-20 17:02:17,Hôpital Militaire,A+,49,5,0,44,4.0,45,100.0,normale,Parfait pour transfusion immédiate,6,17,2,True,False,normal,orageux
2022-02-20 20:28:59,Hôpital Militaire,A+,34,8,0,26,3.6,4,83.5,normale,Attention: proche expiration,6,20,2,True,False,normal,ensoleillé
2022-02-21 01:38:00,Hôpital Militaire,A+,22,9,26,39,3.5,35,100.0,normale,"Bon état général, légère variation température",0,1,2,False,False,normal,ensoleillé
2022-02-22 13:23:53,Hôpital Militaire,O+,57,6,0,51,4.8,18,100.0,normale,Parfait pour transfusion immédiate,1,13,2,False,False,normal,nuageux
2022-02-23 03:17:05,Hôpital Militaire,B-,28,10,0,18,4.3,36,99.1,faible,Attention: proche expiration,2,3,2,False,False,normal,nuageux
2022-02-23 04:15:38,Hôpital Militaire,B+,31,14,0,17,3.6,12,100.0,faible,"État satisfaisant, contrôle qualité OK",2,4,2,False,False,normal,ensoleillé
2022-02-23 21:40:53,Hôpital Militaire,O+,59,7,0,52,3.4,18,90.5,normale,Attention: proche expiration,2,21,2,False,False,normal,ensoleillé
2022-02-24 05:19:54,Hôpital Militaire,O+,30,4,0,26,3.9,14,100.0,normale,Parfait pour transfusion immédiate,3,5,2,False,False,normal,ensoleillé
2022-02-25 07:33:27,Hôpital Militaire,A+,27,6,17,38,4.3,8,91.4,normale,Contrôle bactériologique négatif,4,7,2,False,False,normal,nuageux
2022-02-25 23:35:04,Hôpital Militaire,O+,39,3,13,49,3.9,3,91.9,normale,"Bon état général, légère variation température",4,23,2,False,False,normal,nuageux
2022-02-26 12:47:53,Hôpital Militaire,O-,33,4,0,29,4.3,5,82.1,normale,Parfait pour transfusion immédiate,5,12,2,True,False,normal,ensoleillé
2022-02-26 14:35:47,Hôpital Militaire,B+,28,4,20,44,3.9,9,98.4,normale,Urgent: vérifier température stockage,5,14,2,True,False,normal,ensoleillé
2022-02-26 19:30:49,Hôpital Militaire,O+,31,2,0,29,5.1,1,54.4,attention,Contrôle bactériologique négatif,5,19,2,True,False,normal,pluvieux
2022-02-26 21:26:32,Hôpital Militaire,A+,46,2,17,61,3.7,35,100.0,normale,Attention: proche expiration,5,21,2,True,False,normal,ensoleillé
2022-02-27 08:53:08,Hôpital Militaire,O+,42,5,10,47,5.0,1,65.7,attention,Urgent: vérifier température stockage,6,8,2,True,False,normal,nuageux
2022-02-27 11:24:18,Hôpital Militaire,B+,14,5,0,9,4.0,5,100.0,critique,"URGENT: Stock critique - Bon état général, légère variation température",6,11,2,True,False,normal,ensoleillé
2022-02-27 15:00:50,Hôpital Militaire,A+,49,3,0,46,3.3,13,99.3,normale,"Excellent état, conservation parfaite",6,15,2,True,False,épidémie,ensoleillé
2022-02-27 17:56:53,Hôpital Militaire,O-,26,3,0,23,4.9,36,100.0,normale,"État satisfaisant, contrôle qualité OK",6,17,2,True,False,normal,nuageux
2022-02-28 03:35:21,Hôpital Militaire,A+,24,8,15,31,4.3,13,91.9,normale,"État satisfaisant, contrôle qualité OK",0,3,2,False,False,normal,orageux
2022-02-28 07:00:00,Hôpital Militaire,O+,55,7,0,48,5.0,22,100.0,normale,"Excellent état, conservation parfaite",0,7,2,False,False,normal,orageux
2022-02-28 13:33:25,Hôpital Militaire,B+,51,3,0,48,4.1,12,97.9,normale,"Bon état général, légère variation température",0,13,2,False,False,normal,ensoleillé
2022-03-01 08:12:19,Hôpital Militaire,O+,24,7,0,17,3.9,32,91.9,faible,Urgent: vérifier température stockage,1,8,3,False,False,normal,ensoleillé
2022-03-01 13:04:32,Hôpital Militaire,O+,50,0,0,50,4.6,9,100.0,normale,Urgent: vérifier température stockage,1,13,3,False,False,normal,pluvieux
2022-03-01 14:22:10,Hôpital Militaire,B-,56,6,0,50,3.5,21,100.0,normale,"Excellent état, conservation parfaite",1,14,3,False,False,normal,ensoleillé
2022-03-01 17:14:53,Hôpital Militaire,A+,32,8,0,24,4.6,18,100.0,normale,Hémoglobine dans les normes,1,17,3,False,False,normal,ensoleillé
2022-03-01 18:13:07,Hôpital Militaire,A+,19,9,20,30,4.2,8,100.0,normale,"Bon état général, légère variation température",1,18,3,False,False,urgence_médicale,nuageux
2022-03-02 11:27:51,Hôpital Militaire,A+,39,13,30,56,3.2,18,100.0,normale,Parfait pour transfusion immédiate,2,11,3,False,False,normal,pluvieux
2022-03-02 20:53:42,Hôpital Militaire,O+,47,5,0,42,4.9,5,100.0,normale,Contrôle bactériologique négatif,2,20,3,False,False,normal,pluvieux
2022-03-02 21:37:19,Hôpital Militaire,A+,77,5,20,92,4.2,4,88.3,normale,Contrôle bactériologique négatif,2,21,3,False,False,normal,nuageux
2022-03-02 22:55:28,Hôpital Militaire,A+,28,13,0,15,3.2,26,98.2,faible,Hémoglobine dans les normes,2,22,3,False,False,normal,pluvieux
2022-03-03 04:08:16,Hôpital Militaire,O+,30,4,14,40,3.2,13,97.8,normale,Urgent: vérifier température stockage,3,4,3,False,False,normal,ensoleillé
2022-03-03 07:18:21,Hôpital Militaire,O+,20,5,14,29,2.7,17,99.5,normale,"État satisfaisant, contrôle qualité OK",3,7,3,False,False,normal,nuageux
2022-03-03 10:45:11,Hôpital Militaire,A+,45,6,20,59,4.5,6,100.0,normale,"Excellent état, conservation parfaite",3,10,3,False,False,normal,pluvieux
2022-03-03 12:52:31,Hôpital Militaire,A+,60,6,0,54,4.1,7,100.0,normale,Parfait pour transfusion immédiate,3,12,3,False,False,normal,ensoleillé
2022-03-03 16:12:53,Hôpital Militaire,O+,83,6,0,77,3.3,10,98.9,normale,Contrôle bactériologique négatif,3,16,3,False,False,normal,pluvieux
2022-03-03 23:25:48,Hôpital Militaire,O+,24,6,0,18,3.4,20,100.0,faible,Urgent: vérifier température stockage,3,23,3,False,False,normal,orageux
2022-03-05 02:06:13,Hôpital Militaire,A+,21,6,16,31,4.1,2,81.3,normale,Attention: proche expiration,5,2,3,True,False,normal,pluvieux
2022-03-05 07:18:25,Hôpital Militaire,O+,31,1,0,30,3.4,20,100.0,normale,"État satisfaisant, contrôle qualité OK",5,7,3,True,False,normal,nuageux
2022-03-06 02:06:03,Hôpital Militaire,A+,22,7,0,15,4.0,8,90.5,faible,Urgent: vérifier température stockage,6,2,3,True,False,normal,ensoleillé
2022-03-06 03:59:24,Hôpital Militaire,A+,10,2,0,8,4.0,11,100.0,critique,"URGENT: Stock critique - Bon état général, légère variation température",6,3,3,True,False,normal,ensoleillé
2022-03-07 02:28:22,Hôpital Militaire,A+,29,6,0,23,4.2,2,87.5,normale,"Excellent état, conservation parfaite",0,2,3,False,False,normal,orageux
2022-03-07 06:36:30,Hôpital Militaire,A+,38,6,20,52,4.0,33,97.7,normale,Hémoglobine dans les normes,0,6,3,False,False,normal,ensoleillé
2022-03-08 00:10:41,Hôpital Militaire,O+,11,11,0,0,3.0,2,84.3,critique,URGENT: Stock critique - Urgent: vérifier température stockage,1,0,3,False,False,normal,pluvieux
2022-03-08 00:37:30,Hôpital Militaire,A+,27,5,23,45,5.0,55,93.1,normale,"État satisfaisant, contrôle qualité OK",1,0,3,False,False,normal,ensoleillé
2022-03-08 12:41:45,Hôpital Militaire,A+,58,5,0,53,3.3,22,91.7,normale,Contrôle bactériologique négatif,1,12,3,False,False,normal,ensoleillé
2022-03-08 23:10:23,Hôpital Militaire,A+,29,9,0,20,3.9,12,100.0,normale,"Bon état général, légère variation température",1,23,3,False,False,normal,pluvieux
2022-03-09 08:54:33,Hôpital Militaire,A-,63,2,0,61,3.9,1,65.8,attention,Hémoglobine dans les normes,2,8,3,False,False,normal,ensoleillé
2022-03-09 15:12:44,Hôpital Militaire,A+,39,7,0,32,3.9,35,100.0,normale,Contrôle bactériologique négatif,2,15,3,False,False,normal,ensoleillé
2022-03-09 19:20:18,Hôpital Militaire,O+,74,7,22,89,4.7,9,98.3,normale,"Bon état général, légère variation température",2,19,3,False,False,normal,pluvieux
2022-03-10 00:57:24,Hôpital Militaire,A+,20,8,0,12,4.2,2,83.0,faible,"Excellent état, conservation parfaite",3,0,3,False,False,normal,pluvieux
2022-03-10 01:30:39,Hôpital Militaire,A+,32,0,24,56,4.3,1,66.3,attention,Contrôle bactériologique négatif,3,1,3,False,False,normal,pluvieux
2022-03-10 08:50:02,Hôpital Militaire,A+,39,6,14,47,3.7,29,100.0,normale,Contrôle bactériologique négatif,3,8,3,False,False,normal,nuageux
2022-03-11 03:07:59,Hôpital Militaire,O+,24,4,29,49,3.4,5,100.0,normale,Parfait pour transfusion immédiate,4,3,3,False,False,normal,ensoleillé
2022-03-11 08:40:09,Hôpital Militaire,AB+,49,6,0,43,4.3,15,100.0,normale,"État satisfaisant, contrôle qualité OK",4,8,3,False,False,normal,nuageux
2022-03-11 23:15:45,Hôpital Militaire,A-,24,7,0,17,4.2,3,86.4,faible,Contrôle bactériologique négatif,4,23,3,False,False,normal,pluvieux
2022-03-12 00:48:48,Hôpital Militaire,AB+,19,1,0,18,3.5,18,100.0,faible,"Bon état général, légère variation température",5,0,3,True,False,normal,pluvieux
2022-03-12 20:19:54,Hôpital Militaire,O+,29,0,0,29,3.8,16,100.0,normale,Urgent: vérifier température stockage,5,20,3,True,False,normal,nuageux
2022-03-13 16:34:05,Hôpital Militaire,A-,35,5,0,30,4.3,14,100.0,normale,"État satisfaisant, contrôle qualité OK",6,16,3,True,False,normal,ensoleillé
2022-03-13 19:58:23,Hôpital Militaire,B+,45,10,25,60,4.8,2,93.2,normale,Parfait pour transfusion immédiate,6,19,3,True,False,normal,pluvieux
2022-03-14 06:08:32,Hôpital Militaire,B+,50,7,0,43,4.5,19,100.0,normale,Parfait pour transfusion immédiate,0,6,3,False,False,normal,ensoleillé
2022-03-14 11:59:00,Hôpital Militaire,O+,39,5,0,34,4.2,7,100.0,normale,Parfait pour transfusion immédiate,0,11,3,False,False,normal,ensoleillé
2022-03-15 06:21:37,Hôpital Militaire,O-,87,13,0,74,3.0,9,97.8,normale,Attention: proche expiration,1,6,3,False,False,normal,pluvieux
2022-03-15 23:26:31,Hôpital Militaire,O+,24,7,0,17,3.5,16,98.9,faible,"Bon état général, légère variation température",1,23,3,False,False,normal,orageux
2022-03-16 01:42:53,Hôpital Militaire,O+,25,8,0,17,4.3,8,100.0,faible,Urgent: vérifier température stockage,2,1,3,False,False,normal,pluvieux
2022-03-16 05:41:04,Hôpital Militaire,AB+,31,15,17,33,3.9,33,100.0,normale,Attention: proche expiration,2,5,3,False,False,normal,nuageux
2022-03-16 07:40:34,Hôpital Militaire,A-,47,13,0,34,4.8,6,98.3,normale,Attention: proche expiration,2,7,3,False,False,normal,orageux
2022-03-16 10:27:51,Hôpital Militaire,A+,49,5,23,67,4.5,18,100.0,normale,Hémoglobine dans les normes,2,10,3,False,False,normal,pluvieux
2022-03-17 07:58:00,Hôpital Militaire,O+,53,13,0,40,3.9,3,91.0,normale,Parfait pour transfusion immédiate,3,7,3,False,False,normal,ensoleillé
2022-03-17 14:44:11,Hôpital Militaire,A+,28,6,0,22,3.3,10,100.0,normale,Attention: proche expiration,3,14,3,False,False,normal,pluvieux
2022-03-17 19:49:30,Hôpital Militaire,O+,34,4,17,47,3.6,1,62.7,attention,"Bon état général, légère variation température",3,19,3,False,False,normal,nuageux
2022-03-18 01:09:03,Hôpital Militaire,O+,21,0,0,21,4.3,3,84.6,normale,Urgent: vérifier température stockage,4,1,3,False,False,normal,pluvieux
2022-03-18 06:37:31,Hôpital Militaire,O+,47,3,23,67,3.2,14,95.2,normale,"État satisfaisant, contrôle qualité OK",4,6,3,False,False,normal,ensoleillé
2022-03-18 07:32:30,Hôpital Militaire,O-,47,9,0,38,3.9,8,100.0,normale,Attention: proche expiration,4,7,3,False,False,normal,ensoleillé
2022-03-18 15:38:06,Hôpital Militaire,O+,39,5,0,34,3.4,2,85.8,normale,"Excellent état, conservation parfaite",4,15,3,False,False,normal,nuageux
2022-03-19 15:32:08,Hôpital Militaire,A-,13,3,0,10,3.9,12,100.0,faible,Parfait pour transfusion immédiate,5,15,3,True,False,normal,ensoleillé
2022-03-19 18:38:21,Hôpital Militaire,O+,53,4,23,72,3.7,2,82.4,normale,Urgent: vérifier température stockage,5,18,3,True,False,normal,pluvieux
2022-03-19 19:49:31,Hôpital Militaire,A+,32,9,0,23,4.4,13,100.0,normale,Hémoglobine dans les normes,5,19,3,True,False,normal,pluvieux
2022-03-21 00:14:18,Hôpital Militaire,O+,32,10,13,35,4.5,1,62.5,attention,"Bon état général, légère variation température",0,0,3,False,False,normal,ensoleillé
2022-03-21 14:21:56,Hôpital Militaire,A+,42,15,0,27,4.6,21,100.0,normale,Parfait pour transfusion immédiate,0,14,3,False,False,normal,nuageux
2022-03-22 01:58:33,Hôpital Militaire,O-,26,8,18,36,3.6,10,95.8,normale,"Bon état général, légère variation température",1,1,3,False,False,normal,ensoleillé
2022-03-22 05:24:41,Hôpital Militaire,A+,24,11,25,38,4.3,9,93.4,normale,"État satisfaisant, contrôle qualité OK",1,5,3,False,False,normal,orageux
2022-03-23 08:12:59,Hôpital Militaire,O+,49,6,19,62,2.9,8,95.4,normale,Hémoglobine dans les normes,2,8,3,False,False,normal,ensoleillé
2022-03-25 01:54:25,Hôpital Militaire,O+,44,10,0,34,4.2,2,87.0,normale,Contrôle bactériologique négatif,4,1,3,False,False,normal,nuageux
2022-03-25 08:40:25,Hôpital Militaire,O+,51,6,19,64,4.1,9,95.7,normale,Attention: proche expiration,4,8,3,False,False,normal,nuageux
2022-03-25 09:55:32,Hôpital Militaire,A+,71,10,19,80,3.8,2,88.7,normale,Attention: proche expiration,4,9,3,False,False,normal,ensoleillé
2022-03-26 13:48:46,Hôpital Militaire,A+,53,8,20,65,4.1,5,95.0,normale,Parfait pour transfusion immédiate,5,13,3,True,False,normal,nuageux
2022-03-26 20:07:51,Hôpital Militaire,A-,41,4,0,37,3.2,3,84.6,normale,"Excellent état, conservation parfaite",5,20,3,True,False,normal,pluvieux
2022-03-26 23:01:41,Hôpital Militaire,A+,21,6,0,15,4.4,18,100.0,faible,Hémoglobine dans les normes,5,23,3,True,False,normal,nuageux
2022-03-27 08:36:03,Hôpital Militaire,O+,30,6,0,24,4.3,12,100.0,normale,"Excellent état, conservation parfaite",6,8,3,True,False,normal,pluvieux
2022-03-27 16:26:32,Hôpital Militaire,O+,18,5,0,13,3.8,4,80.6,faible,"État satisfaisant, contrôle qualité OK",6,16,3,True,False,normal,ensoleillé
2022-03-28 02:32:27,Hôpital Militaire,A+,26,12,0,14,3.7,14,99.1,faible,"Excellent état, conservation parfaite",0,2,3,False,False,normal,nuageux
2022-03-28 21:21:55,Hôpital Militaire,O+,45,11,23,57,3.8,11,100.0,normale,Urgent: vérifier température stockage,0,21,3,False,False,normal,pluvieux
2022-03-29 00:17:22,Hôpital Militaire,O-,22,13,0,9,4.9,13,100.0,critique,URGENT: Stock critique - Hémoglobine dans les normes,1,0,3,False,False,normal,nuageux
2022-03-29 09:30:11,Hôpital Militaire,O-,58,6,0,52,4.1,40,100.0,normale,"Bon état général, légère variation température",1,9,3,False,False,normal,pluvieux
2022-03-30 03:04:06,Hôpital Militaire,A+,13,11,0,2,4.6,5,98.5,critique,URGENT: Stock critique - Attention: proche expiration,2,3,3,False,False,normal,orageux
2022-03-30 04:53:07,Hôpital Militaire,O+,19,11,0,8,3.6,3,85.3,critique,"URGENT: Stock critique - Bon état général, légère variation température",2,4,3,False,False,normal,pluvieux
2022-03-30 10:04:15,Hôpital Militaire,A+,60,6,18,72,4.8,21,92.2,normale,"Excellent état, conservation parfaite",2,10,3,False,False,normal,nuageux
2022-03-31 03:35:07,Hôpital Militaire,A-,30,6,0,24,4.4,8,99.4,normale,Contrôle bactériologique négatif,3,3,3,False,False,normal,pluvieux
2022-03-31 19:47:37,Hôpital Militaire,B+,45,7,0,38,3.9,14,100.0,normale,Contrôle bactériologique négatif,3,19,3,False,False,normal,orageux
2022-03-31 21:13:32,Hôpital Militaire,A+,52,7,13,58,4.3,30,98.6,normale,"Bon état général, légère variation température",3,21,3,False,False,normal,ensoleillé
2022-04-01 03:36:36,Hôpital Militaire,AB-,21,5,18,34,4.5,7,100.0,normale,Contrôle bactériologique négatif,4,3,4,False,False,normal,ensoleillé
2022-04-01 14:59:49,Hôpital Militaire,O+,66,8,0,58,3.9,28,100.0,normale,"État satisfaisant, contrôle qualité OK",4,14,4,False,False,normal,pluvieux
2022-04-02 04:47:17,Hôpital Militaire,A+,21,5,16,32,3.7,1,65.3,attention,"Excellent état, conservation parfaite",5,4,4,True,False,normal,ensoleillé
2022-04-02 07:21:53,Hôpital Militaire,A+,32,4,0,28,3.9,25,99.8,normale,Urgent: vérifier température stockage,5,7,4,True,False,normal,orageux
2022-04-02 11:13:26,Hôpital Militaire,O+,40,7,14,47,3.6,14,94.8,normale,Parfait pour transfusion immédiate,5,11,4,True,False,normal,ensoleillé
2022-04-02 12:29:03,Hôpital Militaire,O-,27,5,0,22,3.6,15,100.0,normale,Urgent: vérifier température stockage,5,12,4,True,False,normal,ensoleillé
2022-04-02 14:17:41,Hôpital Militaire,B+,24,5,0,19,3.5,15,97.9,faible,"Bon état général, légère variation température",5,14,4,True,False,campagne_don,nuageux
2022-04-02 19:10:02,Hôpital Militaire,A+,27,5,0,22,3.5,5,100.0,normale,Contrôle bactériologique négatif,5,19,4,True,False,normal,nuageux
2022-04-03 00:05:49,Hôpital Militaire,O+,15,2,0,13,3.3,1,63.7,faible,Attention: proche expiration,6,0,4,True,False,normal,pluvieux
2022-04-03 12:49:14,Hôpital Militaire,B+,41,6,17,52,4.0,24,97.1,normale,"Bon état général, légère variation température",6,12,4,True,False,normal,orageux
2022-04-03 20:39:42,Hôpital Militaire,B-,29,4,0,25,3.9,5,97.8,normale,"État satisfaisant, contrôle qualité OK",6,20,4,True,False,épidémie,pluvieux
2022-04-03 22:25:48,Hôpital Militaire,A+,38,6,0,32,4.8,21,96.5,normale,"Bon état général, légère variation température",6,22,4,True,False,normal,pluvieux
2022-04-04 04:32:07,Hôpital Militaire,A+,21,10,17,28,4.4,28,100.0,normale,"État satisfaisant, contrôle qualité OK",0,4,4,False,False,normal,ensoleillé
2022-04-04 10:12:59,Hôpital Militaire,AB-,65,7,0,58,3.9,20,97.8,normale,"Bon état général, légère variation température",0,10,4,False,False,normal,ensoleillé
2022-04-04 11:49:31,Hôpital Militaire,A+,35,3,0,32,3.5,29,100.0,normale,"Excellent état, conservation parfaite",0,11,4,False,False,normal,nuageux
2022-04-04 16:56:28,Hôpital Militaire,A+,55,7,0,48,4.6,1,53.4,attention,Attention: proche expiration,0,16,4,False,False,normal,pluvieux
2022-04-04 18:41:45,Hôpital Militaire,B+,61,7,25,79,3.7,27,100.0,normale,Hémoglobine dans les normes,0,18,4,False,False,normal,nuageux
2022-04-04 18:51:53,Hôpital Militaire,B+,24,14,0,10,4.0,6,90.2,faible,"État satisfaisant, contrôle qualité OK",0,18,4,False,False,normal,ensoleillé
2022-04-05 06:21:36,Hôpital Militaire,A+,48,9,0,39,3.9,11,100.0,normale,"État satisfaisant, contrôle qualité OK",1,6,4,False,False,normal,nuageux
2022-04-05 08:03:10,Hôpital Militaire,A+,63,3,0,60,5.0,11,100.0,normale,Contrôle bactériologique négatif,1,8,4,False,False,normal,ensoleillé
2022-04-05 18:40:40,Hôpital Militaire,A+,68,5,21,84,4.2,48,100.0,normale,Contrôle bactériologique négatif,1,18,4,False,False,normal,pluvieux
2022-04-05 20:52:58,Hôpital Militaire,O+,48,4,22,66,3.8,10,92.2,normale,Hémoglobine dans les normes,1,20,4,False,False,normal,ensoleillé
2022-04-06 15:54:20,Hôpital Militaire,A+,47,3,27,71,3.9,52,98.9,normale,Parfait pour transfusion immédiate,2,15,4,False,False,normal,pluvieux
2022-04-06 17:16:11,Hôpital Militaire,A+,70,15,19,74,4.1,6,98.6,normale,Contrôle bactériologique négatif,2,17,4,False,False,normal,pluvieux
2022-04-06 23:58:44,Hôpital Militaire,A+,12,6,17,23,4.0,7,98.9,normale,Attention: proche expiration,2,23,4,False,False,normal,nuageux
2022-04-07 22:55:41,Hôpital Militaire,A+,25,4,0,21,4.2,20,98.7,normale,"Bon état général, légère variation température",3,22,4,False,False,normal,pluvieux
2022-04-09 00:55:46,Hôpital Militaire,O+,11,4,0,7,3.3,1,56.1,critique,URGENT: Stock critique - Parfait pour transfusion immédiate,5,0,4,True,False,normal,pluvieux
2022-04-09 05:38:13,Hôpital Militaire,A+,25,5,0,20,3.4,64,87.5,normale,"État satisfaisant, contrôle qualité OK",5,5,4,True,False,normal,pluvieux
2022-04-09 07:40:38,Hôpital Militaire,B+,28,5,0,23,4.2,7,100.0,normale,"Bon état général, légère variation température",5,7,4,True,False,normal,ensoleillé
2022-04-11 05:20:55,Hôpital Militaire,O+,26,11,0,15,3.5,5,96.5,faible,"État satisfaisant, contrôle qualité OK",0,5,4,False,False,normal,pluvieux
2022-04-11 19:10:03,Hôpital Militaire,A-,45,9,18,54,3.4,14,100.0,normale,Hémoglobine dans les normes,0,19,4,False,False,normal,ensoleillé
2022-04-12 00:36:57,Hôpital Militaire,O+,27,3,0,24,4.0,6,100.0,normale,Attention: proche expiration,1,0,4,False,False,normal,pluvieux
2022-04-12 09:23:59,Hôpital Militaire,A-,43,4,19,58,4.3,7,100.0,normale,"État satisfaisant, contrôle qualité OK",1,9,4,False,False,normal,pluvieux
2022-04-12 12:42:31,Hôpital Militaire,B+,40,4,0,36,4.0,7,100.0,normale,Hémoglobine dans les normes,1,12,4,False,False,normal,orageux
2022-04-13 08:24:38,Hôpital Militaire,A+,37,9,20,48,3.9,35,100.0,normale,Contrôle bactériologique négatif,2,8,4,False,False,normal,pluvieux
2022-04-13 08:59:25,Hôpital Militaire,A-,52,9,26,69,4.1,15,93.6,normale,Contrôle bactériologique négatif,2,8,4,False,False,normal,ensoleillé
2022-04-13 11:02:17,Hôpital Militaire,O+,65,9,0,56,2.8,56,100.0,normale,"Excellent état, conservation parfaite",2,11,4,False,False,normal,nuageux
2022-04-13 11:48:19,Hôpital Militaire,A+,34,2,0,32,4.2,8,100.0,normale,Attention: proche expiration,2,11,4,False,False,normal,pluvieux
2022-04-13 21:10:09,Hôpital Militaire,O+,47,6,0,41,3.3,5,99.1,normale,Hémoglobine dans les normes,2,21,4,False,False,normal,nuageux
2022-04-13 22:42:05,Hôpital Militaire,O-,58,4,0,54,3.5,1,60.6,attention,"État satisfaisant, contrôle qualité OK",2,22,4,False,False,normal,ensoleillé
2022-04-14 07:06:34,Hôpital Militaire,O+,54,13,19,60,3.8,19,100.0,normale,Parfait pour transfusion immédiate,3,7,4,False,False,normal,nuageux
2022-04-14 14:13:52,Hôpital Militaire,B-,53,10,25,68,4.2,2,89.3,normale,"État satisfaisant, contrôle qualité OK",3,14,4,False,False,normal,pluvieux
2022-04-14 16:52:42,Hôpital Militaire,O+,47,10,0,37,3.8,18,92.8,normale,"État satisfaisant, contrôle qualité OK",3,16,4,False,False,normal,pluvieux
2022-04-14 17:54:09,Hôpital Militaire,A+,68,7,0,61,4.5,16,100.0,normale,"Excellent état, conservation parfaite",3,17,4,False,False,normal,pluvieux
2022-04-15 00:58:02,Hôpital Militaire,O+,28,2,23,49,4.2,1,62.7,attention,Parfait pour transfusion immédiate,4,0,4,False,False,normal,pluvieux
2022-04-15 05:40:05,Hôpital Militaire,AB+,26,3,0,23,4.2,15,100.0,normale,"Bon état général, légère variation température",4,5,4,False,False,normal,orageux
2022-04-15 07:06:47,Hôpital Militaire,AB-,20,8,0,12,3.3,15,99.1,faible,Urgent: vérifier température stockage,4,7,4,False,False,normal,orageux
2022-04-15 07:22:04,Hôpital Militaire,B-,49,7,0,42,4.5,12,99.7,normale,Attention: proche expiration,4,7,4,False,False,normal,pluvieux
2022-04-15 07:38:31,Hôpital Militaire,O+,62,2,0,60,5.0,1,56.7,attention,"État satisfaisant, contrôle qualité OK",4,7,4,False,False,normal,ensoleillé
2022-04-15 15:35:23,Hôpital Militaire,O+,56,4,0,52,3.4,32,96.4,normale,"État satisfaisant, contrôle qualité OK",4,15,4,False,False,normal,pluvieux
2022-04-15 22:10:48,Hôpital Militaire,O+,48,8,0,40,3.6,48,99.6,normale,Urgent: vérifier température stockage,4,22,4,False,False,normal,nuageux
2022-04-16 13:35:24,Hôpital Militaire,A+,28,2,0,26,3.7,29,98.2,normale,Attention: proche expiration,5,13,4,True,False,normal,pluvieux
2022-04-17 00:41:59,Hôpital Militaire,O-,12,6,0,6,3.8,21,98.1,critique,"URGENT: Stock critique - Excellent état, conservation parfaite",6,0,4,True,False,normal,ensoleillé
2022-04-17 13:58:16,Hôpital Militaire,A+,41,2,23,62,3.9,5,100.0,normale,Hémoglobine dans les normes,6,13,4,True,False,normal,orageux
2022-04-17 14:14:31,Hôpital Militaire,O+,33,5,0,28,3.0,32,100.0,normale,Hémoglobine dans les normes,6,14,4,True,False,normal,nuageux
2022-04-17 14:15:53,Hôpital Militaire,B+,39,5,20,54,4.1,61,93.7,normale,"Bon état général, légère variation température",6,14,4,True,False,normal,ensoleillé
2022-04-17 16:00:20,Hôpital Militaire,O+,30,8,0,22,4.2,1,57.5,attention,Contrôle bactériologique négatif,6,16,4,True,False,normal,ensoleillé
2022-04-18 06:33:01,Hôpital Militaire,O+,33,10,0,23,4.4,21,93.2,normale,"Excellent état, conservation parfaite",0,6,4,False,False,normal,pluvieux
2022-04-18 11:51:33,Hôpital Militaire,O-,73,3,0,70,4.0,1,51.9,attention,Contrôle bactériologique négatif,0,11,4,False,False,normal,orageux
2022-04-18 20:51:09,Hôpital Militaire,AB+,69,4,0,65,4.0,9,100.0,normale,Parfait pour transfusion immédiate,0,20,4,False,False,normal,ensoleillé
2022-04-19 17:00:57,Hôpital Militaire,O+,69,4,0,65,3.9,25,95.6,normale,Hémoglobine dans les normes,1,17,4,False,False,normal,pluvieux
2022-04-20 00:41:57,Hôpital Militaire,A-,34,13,14,35,3.3,24,100.0,normale,"Bon état général, légère variation température",2,0,4,False,False,normal,pluvieux
2022-04-20 05:46:56,Hôpital Militaire,O+,29,2,0,27,4.4,1,57.1,attention,Parfait pour transfusion immédiate,2,5,4,False,False,normal,ensoleillé
2022-04-20 19:06:51,Hôpital Militaire,A+,52,6,21,67,4.2,9,100.0,normale,"Excellent état, conservation parfaite",2,19,4,False,False,normal,ensoleillé
2022-04-20 20:24:57,Hôpital Militaire,B+,57,5,21,73,4.1,1,57.4,attention,Urgent: vérifier température stockage,2,20,4,False,False,normal,ensoleillé
2022-04-21 00:35:49,Hôpital Militaire,O+,30,2,0,28,3.3,52,88.4,normale,"Bon état général, légère variation température",3,0,4,False,False,normal,ensoleillé
2022-04-21 11:32:19,Hôpital Militaire,A+,49,11,0,38,4.2,37,100.0,normale,Contrôle bactériologique négatif,3,11,4,False,False,normal,pluvieux
2022-04-21 14:02:02,Hôpital Militaire,O+,50,2,0,48,3.4,6,98.6,normale,Parfait pour transfusion immédiate,3,14,4,False,False,normal,nuageux
2022-04-22 15:05:19,Hôpital Militaire,O+,30,12,0,18,4.0,11,100.0,faible,Parfait pour transfusion immédiate,4,15,4,False,False,normal,pluvieux
2022-04-23 12:10:07,Hôpital Militaire,A+,36,4,18,50,3.0,9,96.5,normale,Parfait pour transfusion immédiate,5,12,4,True,False,normal,nuageux
2022-04-24 08:11:47,Hôpital Militaire,O+,39,6,0,33,4.1,18,100.0,normale,"Excellent état, conservation parfaite",6,8,4,True,False,normal,ensoleillé
2022-04-24 14:10:31,Hôpital Militaire,O+,48,6,18,60,4.6,11,100.0,normale,Contrôle bactériologique négatif,6,14,4,True,False,normal,ensoleillé
2022-04-24 17:37:22,Hôpital Militaire,A+,12,7,0,5,3.9,27,100.0,critique,URGENT: Stock critique - Attention: proche expiration,6,17,4,True,False,normal,nuageux
2022-04-25 14:36:33,Hôpital Militaire,O+,53,11,20,62,4.2,1,69.8,attention,"État satisfaisant, contrôle qualité OK",0,14,4,False,False,normal,ensoleillé
2022-04-25 16:54:00,Hôpital Militaire,A+,27,1,0,26,3.5,71,100.0,normale,Urgent: vérifier température stockage,0,16,4,False,False,normal,pluvieux
2022-04-25 21:52:48,Hôpital Militaire,A+,48,10,0,38,4.7,16,92.8,normale,Contrôle bactériologique négatif,0,21,4,False,False,normal,ensoleillé
2022-04-26 00:40:05,Hôpital Militaire,B+,9,8,17,18,4.0,17,94.5,faible,Hémoglobine dans les normes,1,0,4,False,False,normal,nuageux
2022-04-26 05:13:37,Hôpital Militaire,B-,31,13,25,43,3.5,17,100.0,normale,Hémoglobine dans les normes,1,5,4,False,False,normal,ensoleillé
2022-04-26 10:41:25,Hôpital Militaire,A+,22,4,0,18,4.4,14,100.0,faible,Attention: proche expiration,1,10,4,False,False,normal,ensoleillé
2022-04-26 10:43:10,Hôpital Militaire,A+,52,9,16,59,2.8,33,94.9,normale,"Excellent état, conservation parfaite",1,10,4,False,False,normal,orageux
2022-04-26 16:41:48,Hôpital Militaire,O+,70,5,0,65,4.9,35,100.0,normale,Attention: proche expiration,1,16,4,False,False,normal,pluvieux
2022-04-26 20:15:17,Hôpital Militaire,A+,23,1,0,22,4.3,2,76.3,normale,"Bon état général, légère variation température",1,20,4,False,False,normal,pluvieux
2022-04-27 04:22:25,Hôpital Militaire,A+,23,14,18,27,4.1,24,100.0,normale,Hémoglobine dans les normes,2,4,4,False,False,normal,pluvieux
2022-04-27 11:29:56,Hôpital Militaire,A+,44,7,23,60,3.5,43,100.0,normale,Attention: proche expiration,2,11,4,False,False,normal,pluvieux
2022-04-27 13:52:31,Hôpital Militaire,O+,15,6,0,9,3.8,1,57.6,critique,"URGENT: Stock critique - État satisfaisant, contrôle qualité OK",2,13,4,False,False,normal,ensoleillé
2022-04-28 09:16:47,Hôpital Militaire,AB+,57,6,0,51,3.9,16,100.0,normale,Contrôle bactériologique négatif,3,9,4,False,False,normal,pluvieux
2022-04-28 09:22:19,Hôpital Militaire,B+,27,8,12,31,3.6,7,95.9,normale,Urgent: vérifier température stockage,3,9,4,False,False,normal,orageux
2022-04-28 18:10:05,Hôpital Militaire,AB+,66,8,0,58,3.9,7,98.3,normale,Parfait pour transfusion immédiate,3,18,4,False,False,normal,ensoleillé
2022-04-29 03:26:55,Hôpital Militaire,A+,14,8,0,6,4.4,38,100.0,critique,URGENT: Stock critique - Hémoglobine dans les normes,4,3,4,False,False,normal,pluvieux
2022-04-29 16:29:47,Hôpital Militaire,O+,46,9,0,37,5.0,2,88.8,normale,"Excellent état, conservation parfaite",4,16,4,False,False,normal,nuageux
2022-04-29 17:07:49,Hôpital Militaire,O-,39,7,0,32,4.1,18,100.0,normale,Hémoglobine dans les normes,4,17,4,False,False,normal,nuageux
2022-04-29 22:29:45,Hôpital Militaire,A+,64,9,16,71,3.4,4,88.5,normale,Contrôle bactériologique négatif,4,22,4,False,False,normal,pluvieux
2022-04-30 07:07:26,Hôpital Militaire,A+,38,5,21,54,4.4,58,92.5,normale,"Bon état général, légère variation température",5,7,4,True,False,normal,ensoleillé
2022-04-30 09:14:19,Hôpital Militaire,O+,30,9,0,21,4.0,13,93.9,normale,Parfait pour transfusion immédiate,5,9,4,True,False,normal,orageux
2022-04-30 13:14:51,Hôpital Militaire,O+,20,5,0,15,4.6,1,59.7,faible,"État satisfaisant, contrôle qualité OK",5,13,4,True,False,normal,ensoleillé
2022-04-30 19:45:02,Hôpital Militaire,A+,36,8,14,42,4.1,10,100.0,normale,"Bon état général, légère variation température",5,19,4,True,False,normal,ensoleillé
2022-05-01 04:05:33,Hôpital Militaire,O+,22,5,0,17,3.8,12,97.8,faible,"État satisfaisant, contrôle qualité OK",6,4,5,True,False,normal,pluvieux
2022-05-01 04:22:46,Hôpital Militaire,B+,23,6,0,17,3.3,12,97.7,faible,Hémoglobine dans les normes,6,4,5,True,False,normal,ensoleillé
2022-05-01 20:13:10,Hôpital Militaire,O+,28,7,21,42,4.5,1,57.3,attention,Urgent: vérifier température stockage,6,20,5,True,False,normal,nuageux
2022-05-02 23:45:23,Hôpital Militaire,O+,19,3,0,16,3.9,34,98.7,faible,Contrôle bactériologique négatif,0,23,5,False,False,normal,pluvieux
2022-05-03 08:05:06,Hôpital Militaire,O+,60,7,0,53,4.1,40,100.0,normale,Contrôle bactériologique négatif,1,8,5,False,False,normal,ensoleillé
2022-05-03 10:09:48,Hôpital Militaire,A+,35,9,0,26,3.9,5,100.0,normale,Parfait pour transfusion immédiate,1,10,5,False,False,normal,ensoleillé
2022-05-03 16:52:44,Hôpital Militaire,A+,46,6,0,40,3.6,3,80.6,normale,Parfait pour transfusion immédiate,1,16,5,False,False,normal,nuageux
2022-05-03 18:13:36,Hôpital Militaire,A+,46,7,0,39,3.8,6,100.0,normale,"État satisfaisant, contrôle qualité OK",1,18,5,False,False,normal,ensoleillé
2022-05-05 01:01:02,Hôpital Militaire,A+,26,11,26,41,4.0,13,100.0,normale,Contrôle bactériologique négatif,3,1,5,False,False,normal,ensoleillé
2022-05-05 04:44:45,Hôpital Militaire,A+,15,4,0,11,4.3,17,97.5,faible,Parfait pour transfusion immédiate,3,4,5,False,False,normal,ensoleillé
2022-05-05 06:16:50,Hôpital Militaire,A+,51,0,0,51,4.5,7,100.0,normale,Urgent: vérifier température stockage,3,6,5,False,False,normal,nuageux
2022-05-05 09:08:45,Hôpital Militaire,O-,48,5,32,75,4.1,17,98.7,normale,"Excellent état, conservation parfaite",3,9,5,False,False,normal,ensoleillé
2022-05-05 12:26:18,Hôpital Militaire,A-,79,13,0,66,4.3,8,91.6,normale,Contrôle bactériologique négatif,3,12,5,False,False,normal,ensoleillé
2022-05-05 13:01:04,Hôpital Militaire,A+,49,7,15,57,4.8,7,100.0,normale,Attention: proche expiration,3,13,5,False,False,normal,ensoleillé
2022-05-06 03:39:53,Hôpital Militaire,O+,24,6,0,18,3.6,4,84.1,faible,Urgent: vérifier température stockage,4,3,5,False,False,normal,pluvieux
2022-05-06 06:00:20,Hôpital Militaire,O-,76,10,18,84,4.1,14,100.0,normale,"État satisfaisant, contrôle qualité OK",4,6,5,False,False,normal,ensoleillé
2022-05-07 00:30:26,Hôpital Militaire,A+,8,7,0,1,3.8,4,90.1,critique,"URGENT: Stock critique - État satisfaisant, contrôle qualité OK",5,0,5,True,False,normal,pluvieux
2022-05-07 05:06:45,Hôpital Militaire,O+,14,8,0,6,3.6,3,84.2,critique,URGENT: Stock critique - Attention: proche expiration,5,5,5,True,False,normal,ensoleillé
2022-05-07 05:15:08,Hôpital Militaire,A+,32,1,30,61,4.3,10,100.0,normale,Contrôle bactériologique négatif,5,5,5,True,False,normal,ensoleillé
2022-05-07 08:08:13,Hôpital Militaire,A+,48,7,0,41,4.2,7,100.0,normale,"Excellent état, conservation parfaite",5,8,5,True,False,normal,ensoleillé
2022-05-07 20:54:48,Hôpital Militaire,A+,26,7,0,19,3.9,27,100.0,faible,Attention: proche expiration,5,20,5,True,False,normal,ensoleillé
2022-05-08 05:11:57,Hôpital Militaire,A+,7,3,0,4,4.1,10,100.0,critique,"URGENT: Stock critique - État satisfaisant, contrôle qualité OK",6,5,5,True,False,normal,nuageux
2022-05-08 11:21:15,Hôpital Militaire,O+,56,3,0,53,4.5,11,99.9,normale,Attention: proche expiration,6,11,5,True,False,normal,ensoleillé
2022-05-08 11:52:13,Hôpital Militaire,B+,37,6,0,31,4.3,11,100.0,normale,"Bon état général, légère variation température",6,11,5,True,False,normal,nuageux
2022-05-09 03:46:14,Hôpital Militaire,O+,35,11,0,24,3.8,19,100.0,normale,Contrôle bactériologique négatif,0,3,5,False,False,normal,ensoleillé
2022-05-09 04:39:24,Hôpital Militaire,A+,25,6,0,19,3.5,5,97.3,faible,Urgent: vérifier température stockage,0,4,5,False,False,campagne_don,ensoleillé
2022-05-09 06:11:22,Hôpital Militaire,A+,51,9,0,42,3.8,35,100.0,normale,Contrôle bactériologique négatif,0,6,5,False,False,normal,pluvieux
2022-05-09 11:21:06,Hôpital Militaire,B+,45,16,0,29,4.2,4,93.2,normale,Parfait pour transfusion immédiate,0,11,5,False,False,normal,nuageux
2022-05-10 07:32:06,Hôpital Militaire,B-,68,8,0,60,4.6,35,100.0,normale,Attention: proche expiration,1,7,5,False,False,normal,ensoleillé
2022-05-10 17:28:55,Hôpital Militaire,O+,54,8,0,46,4.0,45,100.0,normale,Parfait pour transfusion immédiate,1,17,5,False,False,normal,orageux
2022-05-10 21:49:51,Hôpital Militaire,A+,82,11,25,96,4.1,16,94.9,normale,Contrôle bactériologique négatif,1,21,5,False,False,normal,ensoleillé
2022-05-11 18:46:53,Hôpital Militaire,O+,53,10,0,43,4.4,16,100.0,normale,"Excellent état, conservation parfaite",2,18,5,False,False,normal,ensoleillé
2022-05-11 23:40:06,Hôpital Militaire,O-,21,10,0,11,4.3,51,98.4,faible,"État satisfaisant, contrôle qualité OK",2,23,5,False,False,normal,pluvieux
2022-05-12 11:20:29,Hôpital Militaire,A+,45,2,0,43,4.4,24,97.8,normale,Contrôle bactériologique négatif,3,11,5,False,False,normal,nuageux
2022-05-12 15:23:24,Hôpital Militaire,O+,52,1,19,70,4.0,26,100.0,normale,Parfait pour transfusion immédiate,3,15,5,False,False,normal,nuageux
2022-05-13 02:59:26,Hôpital Militaire,O+,26,2,0,24,4.1,5,100.0,normale,Attention: proche expiration,4,2,5,False,False,normal,ensoleillé
2022-05-13 15:58:17,Hôpital Militaire,O-,51,9,23,65,4.1,15,100.0,normale,Urgent: vérifier température stockage,4,15,5,False,False,urgence_médicale,ensoleillé
2022-05-13 16:32:34,Hôpital Militaire,O+,67,10,16,73,4.0,9,94.1,normale,Hémoglobine dans les normes,4,16,5,False,False,normal,ensoleillé
2022-05-14 09:24:43,Hôpital Militaire,O+,28,8,0,20,3.6,11,98.8,normale,"Bon état général, légère variation température",5,9,5,True,False,campagne_don,pluvieux
2022-05-14 11:56:53,Hôpital Militaire,O+,37,4,18,51,4.2,6,100.0,normale,Attention: proche expiration,5,11,5,True,False,normal,pluvieux
2022-05-14 18:57:15,Hôpital Militaire,O+,23,6,19,36,3.0,3,86.8,normale,"Bon état général, légère variation température",5,18,5,True,False,normal,pluvieux
2022-05-15 05:21:35,Hôpital Militaire,AB+,14,6,0,8,3.7,6,93.5,critique,URGENT: Stock critique - Urgent: vérifier température stockage,6,5,5,True,False,normal,nuageux
2022-05-15 10:32:48,Hôpital Militaire,O+,30,8,0,22,3.6,1,60.4,attention,Parfait pour transfusion immédiate,6,10,5,True,False,normal,ensoleillé
2022-05-15 22:13:37,Hôpital Militaire,O+,44,9,0,35,4.0,3,84.9,normale,"État satisfaisant, contrôle qualité OK",6,22,5,True,False,normal,nuageux
2022-05-16 12:51:43,Hôpital Militaire,A+,19,8,0,11,4.2,2,84.8,faible,Contrôle bactériologique négatif,0,12,5,False,False,normal,pluvieux
2022-05-16 20:14:31,Hôpital Militaire,O+,8,14,0,0,3.8,40,100.0,critique,"URGENT: Stock critique - Bon état général, légère variation température",0,20,5,False,False,normal,nuageux
2022-05-17 04:47:28,Hôpital Militaire,B+,25,13,0,12,3.6,19,98.6,faible,"Excellent état, conservation parfaite",1,4,5,False,False,épidémie,ensoleillé
2022-05-17 07:27:44,Hôpital Militaire,A+,39,11,0,28,3.6,10,100.0,normale,"Excellent état, conservation parfaite",1,7,5,False,False,normal,pluvieux
2022-05-17 10:10:05,Hôpital Militaire,A+,58,8,0,50,4.0,9,100.0,normale,"État satisfaisant, contrôle qualité OK",1,10,5,False,False,normal,ensoleillé
2022-05-17 12:56:20,Hôpital Militaire,A+,55,3,25,77,3.8,37,100.0,normale,Attention: proche expiration,1,12,5,False,False,normal,pluvieux
2022-05-17 16:36:08,Hôpital Militaire,A+,65,11,14,68,4.9,1,63.4,attention,Urgent: vérifier température stockage,1,16,5,False,False,normal,pluvieux
2022-05-18 04:24:13,Hôpital Militaire,A-,16,5,0,11,4.4,5,100.0,faible,Urgent: vérifier température stockage,2,4,5,False,False,normal,pluvieux
2022-05-18 12:58:36,Hôpital Militaire,O+,35,7,0,28,4.6,14,95.4,normale,"Excellent état, conservation parfaite",2,12,5,False,False,normal,pluvieux
2022-05-18 14:14:35,Hôpital Militaire,A+,56,4,0,52,3.7,13,100.0,normale,"État satisfaisant, contrôle qualité OK",2,14,5,False,False,normal,ensoleillé
2022-05-18 15:17:34,Hôpital Militaire,A+,42,12,0,30,4.3,26,100.0,normale,"Bon état général, légère variation température",2,15,5,False,False,normal,ensoleillé
2022-05-18 19:20:05,Hôpital Militaire,A+,61,9,23,75,3.1,1,68.8,attention,"État satisfaisant, contrôle qualité OK",2,19,5,False,False,normal,pluvieux
2022-05-18 20:05:30,Hôpital Militaire,A+,28,7,0,21,3.5,4,90.0,normale,Contrôle bactériologique négatif,2,20,5,False,False,normal,pluvieux
2022-05-19 21:17:38,Hôpital Militaire,A+,48,6,25,67,5.3,2,88.2,normale,Contrôle bactériologique négatif,3,21,5,False,False,normal,orageux
2022-05-20 07:24:36,Hôpital Militaire,O+,38,10,26,54,3.8,1,63.7,attention,Contrôle bactériologique négatif,4,7,5,False,False,normal,ensoleillé
2022-05-20 08:29:52,Hôpital Militaire,O+,49,9,23,63,4.3,32,100.0,normale,"Bon état général, légère variation température",4,8,5,False,False,normal,ensoleillé
2022-05-20 15:39:57,Hôpital Militaire,A+,38,9,0,29,4.6,34,100.0,normale,Hémoglobine dans les normes,4,15,5,False,False,accident_route,nuageux
2022-05-20 16:00:39,Hôpital Militaire,O+,55,11,18,62,3.4,9,100.0,normale,Hémoglobine dans les normes,4,16,5,False,False,accident_route,nuageux
2022-05-21 23:12:10,Hôpital Militaire,A+,22,3,0,19,3.6,5,91.7,faible,Contrôle bactériologique négatif,5,23,5,True,False,normal,pluvieux
2022-05-22 03:40:28,Hôpital Militaire,A+,12,6,19,25,4.3,16,100.0,normale,"État satisfaisant, contrôle qualité OK",6,3,5,True,False,normal,ensoleillé
2022-05-22 06:33:58,Hôpital Militaire,O+,28,5,0,23,2.9,9,95.9,normale,Attention: proche expiration,6,6,5,True,False,normal,ensoleillé
2022-05-22 13:57:17,Hôpital Militaire,O-,29,4,23,48,3.6,5,95.7,normale,"Bon état général, légère variation température",6,13,5,True,False,normal,orageux
2022-05-23 19:53:13,Hôpital Militaire,O-,48,8,0,40,4.3,49,100.0,normale,Attention: proche expiration,0,19,5,False,False,normal,pluvieux
2022-05-24 06:25:49,Hôpital Militaire,O+,45,5,0,40,4.1,27,91.9,normale,Parfait pour transfusion immédiate,1,6,5,False,False,normal,nuageux
2022-05-24 12:20:11,Hôpital Militaire,O+,65,7,0,58,4.0,15,94.1,normale,"État satisfaisant, contrôle qualité OK",1,12,5,False,False,normal,ensoleillé
2022-05-24 12:34:58,Hôpital Militaire,O+,54,12,0,42,3.6,7,100.0,normale,"Bon état général, légère variation température",1,12,5,False,False,normal,pluvieux
2022-05-25 07:23:45,Hôpital Militaire,A+,55,9,24,70,3.4,6,100.0,normale,"Excellent état, conservation parfaite",2,7,5,False,False,normal,pluvieux
2022-05-25 10:07:40,Hôpital Militaire,A+,33,4,0,29,3.7,26,100.0,normale,Urgent: vérifier température stockage,2,10,5,False,False,normal,pluvieux
2022-05-25 15:00:08,Hôpital Militaire,A+,29,11,0,18,4.5,2,87.1,faible,Parfait pour transfusion immédiate,2,15,5,False,False,normal,nuageux
2022-05-25 22:58:27,Hôpital Militaire,B+,66,6,0,60,3.2,10,99.7,normale,"Bon état général, légère variation température",2,22,5,False,False,normal,pluvieux
2022-05-26 07:46:13,Hôpital Militaire,A+,61,12,13,62,4.2,2,82.2,normale,Parfait pour transfusion immédiate,3,7,5,False,False,normal,ensoleillé
2022-05-26 08:46:27,Hôpital Militaire,O+,32,5,0,27,3.6,28,100.0,normale,"Bon état général, légère variation température",3,8,5,False,False,normal,ensoleillé
2022-05-27 05:02:16,Hôpital Militaire,O-,28,11,31,48,4.0,1,56.1,attention,"Bon état général, légère variation température",4,5,5,False,False,normal,pluvieux
2022-05-27 09:31:48,Hôpital Militaire,A+,25,6,21,40,4.2,3,81.8,normale,"Excellent état, conservation parfaite",4,9,5,False,False,normal,ensoleillé
2022-05-27 11:13:04,Hôpital Militaire,A+,44,7,0,37,4.7,1,54.9,attention,Urgent: vérifier température stockage,4,11,5,False,False,normal,pluvieux
2022-05-27 15:12:25,Hôpital Militaire,A+,67,12,21,76,2.9,10,98.2,normale,Contrôle bactériologique négatif,4,15,5,False,False,épidémie,ensoleillé
2022-05-28 03:52:27,Hôpital Militaire,O+,24,3,0,21,3.8,14,100.0,normale,"Bon état général, légère variation température",5,3,5,True,False,normal,nuageux
2022-05-28 11:57:10,Hôpital Militaire,B+,36,2,0,34,4.1,4,66.9,attention,Hémoglobine dans les normes,5,11,5,True,False,normal,ensoleillé
2022-05-28 17:45:03,Hôpital Militaire,A+,30,2,0,28,4.1,40,100.0,normale,"État satisfaisant, contrôle qualité OK",5,17,5,True,False,normal,ensoleillé
2022-05-29 19:29:52,Hôpital Militaire,O-,24,3,0,21,3.3,14,100.0,normale,Contrôle bactériologique négatif,6,19,5,True,False,normal,ensoleillé
2022-05-30 01:19:43,Hôpital Militaire,A+,30,4,0,26,5.1,1,51.0,attention,Parfait pour transfusion immédiate,0,1,5,False,False,normal,pluvieux
2022-05-30 06:43:26,Hôpital Militaire,A+,67,10,17,74,4.2,2,75.1,normale,Parfait pour transfusion immédiate,0,6,5,False,False,normal,ensoleillé
2022-05-30 08:03:49,Hôpital Militaire,A+,62,6,0,56,4.0,21,97.2,normale,Hémoglobine dans les normes,0,8,5,False,False,normal,orageux
2022-05-30 12:41:27,Hôpital Militaire,B-,69,3,15,81,4.0,10,93.7,normale,"État satisfaisant, contrôle qualité OK",0,12,5,False,False,normal,ensoleillé
2022-05-30 14:01:53,Hôpital Militaire,O+,90,2,0,88,4.1,1,62.4,attention,Attention: proche expiration,0,14,5,False,False,campagne_don,pluvieux
2022-05-31 00:47:14,Hôpital Militaire,O+,33,9,21,45,3.4,54,92.3,normale,Parfait pour transfusion immédiate,1,0,5,False,False,normal,ensoleillé
2022-05-31 08:08:05,Hôpital Militaire,O+,68,7,22,83,3.7,15,100.0,normale,"Bon état général, légère variation température",1,8,5,False,False,normal,nuageux
2022-05-31 16:42:45,Hôpital Militaire,A+,64,11,0,53,4.8,13,100.0,normale,"Excellent état, conservation parfaite",1,16,5,False,False,normal,nuageux
2022-06-01 13:51:17,Hôpital Militaire,A+,30,4,0,26,3.8,1,64.3,attention,"État satisfaisant, contrôle qualité OK",2,13,6,False,False,normal,nuageux
2022-06-01 21:16:59,Hôpital Militaire,O+,47,10,22,59,5.0,7,95.1,normale,"Excellent état, conservation parfaite",2,21,6,False,False,normal,ensoleillé
2022-06-02 06:52:59,Hôpital Militaire,A+,6,13,24,24,3.5,3,85.8,normale,Parfait pour transfusion immédiate,3,6,6,False,False,normal,ensoleillé
2022-06-02 12:14:52,Hôpital Militaire,A-,43,8,0,35,3.7,57,100.0,normale,"État satisfaisant, contrôle qualité OK",3,12,6,False,False,normal,nuageux
2022-06-03 14:20:00,Hôpital Militaire,A+,36,6,0,30,4.6,15,100.0,normale,"Excellent état, conservation parfaite",4,14,6,False,False,normal,nuageux
2022-06-04 07:02:31,Hôpital Militaire,A+,53,4,20,69,4.3,38,92.9,normale,Parfait pour transfusion immédiate,5,7,6,True,False,normal,ensoleillé
2022-06-04 10:36:08,Hôpital Militaire,O+,13,4,0,9,4.1,8,100.0,critique,URGENT: Stock critique - Urgent: vérifier température stockage,5,10,6,True,False,normal,orageux
2022-06-04 17:40:26,Hôpital Militaire,A+,19,7,0,12,4.0,12,98.3,faible,Urgent: vérifier température stockage,5,17,6,True,False,normal,pluvieux
2022-06-04 22:23:13,Hôpital Militaire,B+,22,7,0,15,4.2,17,99.0,faible,Contrôle bactériologique négatif,5,22,6,True,False,normal,ensoleillé
2022-06-05 02:12:29,Hôpital Militaire,A+,12,2,0,10,3.1,23,100.0,faible,Attention: proche expiration,6,2,6,True,False,normal,ensoleillé
2022-06-05 07:26:48,Hôpital Militaire,O+,23,4,13,32,3.1,18,96.5,normale,Contrôle bactériologique négatif,6,7,6,True,False,normal,ensoleillé
2022-06-05 08:43:32,Hôpital Militaire,O+,36,8,0,28,4.2,6,97.1,normale,"Bon état général, légère variation température",6,8,6,True,False,normal,pluvieux
2022-06-06 05:43:39,Hôpital Militaire,AB+,17,6,18,29,4.2,4,91.4,normale,Attention: proche expiration,0,5,6,False,False,normal,nuageux
2022-06-06 11:34:05,Hôpital Militaire,A+,51,3,27,75,4.2,8,100.0,normale,Contrôle bactériologique négatif,0,11,6,False,False,normal,ensoleillé
2022-06-06 20:16:50,Hôpital Militaire,O+,62,10,0,52,4.9,12,94.0,normale,"État satisfaisant, contrôle qualité OK",0,20,6,False,False,normal,orageux
2022-06-06 23:23:14,Hôpital Militaire,A+,21,7,0,14,3.9,2,83.9,faible,Parfait pour transfusion immédiate,0,23,6,False,False,campagne_don,pluvieux
2022-06-07 03:20:09,Hôpital Militaire,B+,14,9,0,5,4.4,43,92.3,critique,"URGENT: Stock critique - État satisfaisant, contrôle qualité OK",1,3,6,False,False,normal,pluvieux
2022-06-07 10:50:14,Hôpital Militaire,A-,52,12,0,40,4.1,45,99.1,normale,Contrôle bactériologique négatif,1,10,6,False,False,normal,ensoleillé
2022-06-07 17:49:12,Hôpital Militaire,O+,28,6,12,34,4.5,21,97.4,normale,Parfait pour transfusion immédiate,1,17,6,False,False,normal,pluvieux
2022-06-07 22:28:17,Hôpital Militaire,O+,51,11,0,40,4.1,6,95.4,normale,"Bon état général, légère variation température",1,22,6,False,False,normal,ensoleillé
2022-06-08 03:19:44,Hôpital Militaire,A+,26,10,16,32,3.7,26,92.2,normale,"Bon état général, légère variation température",2,3,6,False,False,épidémie,ensoleillé
2022-06-08 07:07:57,Hôpital Militaire,O+,64,4,0,60,4.1,18,97.7,normale,Attention: proche expiration,2,7,6,False,False,normal,ensoleillé
2022-06-09 08:22:23,Hôpital Militaire,O+,43,10,0,33,4.1,5,100.0,normale,"Excellent état, conservation parfaite",3,8,6,False,False,normal,nuageux
2022-06-09 08:57:53,Hôpital Militaire,A+,69,3,0,66,4.0,12,99.8,normale,"Excellent état, conservation parfaite",3,8,6,False,False,normal,ensoleillé
2022-06-09 12:57:40,Hôpital Militaire,A+,60,12,0,48,5.2,3,85.1,normale,Parfait pour transfusion immédiate,3,12,6,False,False,normal,pluvieux
2022-06-09 13:16:55,Hôpital Militaire,O+,36,2,0,34,4.2,11,100.0,normale,"Excellent état, conservation parfaite",3,13,6,False,False,normal,ensoleillé
2022-06-10 21:41:35,Hôpital Militaire,B-,41,8,0,33,3.8,10,93.9,normale,"Excellent état, conservation parfaite",4,21,6,False,False,normal,ensoleillé
2022-06-11 00:55:36,Hôpital Militaire,O+,10,9,0,1,3.8,57,96.6,critique,URGENT: Stock critique - Contrôle bactériologique négatif,5,0,6,True,False,normal,ensoleillé
2022-06-11 18:17:37,Hôpital Militaire,O+,14,6,18,26,4.4,5,100.0,normale,Contrôle bactériologique négatif,5,18,6,True,False,normal,ensoleillé
2022-06-12 05:58:29,Hôpital Militaire,O+,23,5,0,18,4.2,3,84.4,faible,"Excellent état, conservation parfaite",6,5,6,True,False,normal,ensoleillé
2022-06-12 20:07:45,Hôpital Militaire,A-,39,7,0,32,4.1,1,55.8,attention,Hémoglobine dans les normes,6,20,6,True,False,normal,pluvieux
2022-06-12 23:48:04,Hôpital Militaire,O+,30,6,0,24,4.3,75,92.0,normale,Attention: proche expiration,6,23,6,True,False,normal,pluvieux
2022-06-13 06:05:21,Hôpital Militaire,A+,18,3,0,15,5.1,12,100.0,faible,Hémoglobine dans les normes,0,6,6,False,False,normal,nuageux
2022-06-13 13:20:13,Hôpital Militaire,O-,37,4,0,33,4.7,10,100.0,normale,"État satisfaisant, contrôle qualité OK",0,13,6,False,False,normal,ensoleillé
2022-06-13 17:45:10,Hôpital Militaire,O-,34,10,26,50,4.4,13,92.9,normale,Urgent: vérifier température stockage,0,17,6,False,False,normal,pluvieux
2022-06-14 13:11:51,Hôpital Militaire,A+,50,3,16,63,4.4,12,95.0,normale,Parfait pour transfusion immédiate,1,13,6,False,False,normal,orageux
2022-06-14 13:38:31,Hôpital Militaire,O-,40,12,0,28,4.0,3,82.9,normale,Parfait pour transfusion immédiate,1,13,6,False,False,normal,nuageux
2022-06-14 18:12:02,Hôpital Militaire,O+,77,11,18,84,3.5,4,86.5,normale,Parfait pour transfusion immédiate,1,18,6,False,False,normal,pluvieux
2022-06-15 05:44:19,Hôpital Militaire,O+,20,6,20,34,4.0,15,96.5,normale,Hémoglobine dans les normes,2,5,6,False,False,normal,nuageux
2022-06-15 18:27:32,Hôpital Militaire,O+,42,2,0,40,4.2,13,98.3,normale,"Bon état général, légère variation température",2,18,6,False,False,normal,pluvieux
2022-06-17 13:44:23,Hôpital Militaire,O+,45,8,0,37,4.8,7,100.0,normale,Parfait pour transfusion immédiate,4,13,6,False,False,normal,orageux
2022-06-18 10:49:17,Hôpital Militaire,A+,40,7,0,33,4.7,20,100.0,normale,Hémoglobine dans les normes,5,10,6,True,False,normal,ensoleillé
2022-06-18 13:08:14,Hôpital Militaire,O+,47,7,0,40,3.2,36,100.0,normale,Contrôle bactériologique négatif,5,13,6,True,False,normal,ensoleillé
2022-06-19 02:14:19,Hôpital Militaire,A+,15,8,0,7,3.8,37,98.2,critique,"URGENT: Stock critique - Bon état général, légère variation température",6,2,6,True,False,normal,pluvieux
2022-06-20 09:14:16,Hôpital Militaire,O+,53,9,19,63,3.4,1,63.5,attention,"Excellent état, conservation parfaite",0,9,6,False,False,normal,orageux
2022-06-20 10:18:56,Hôpital Militaire,A-,56,7,0,49,4.3,6,88.1,normale,Contrôle bactériologique négatif,0,10,6,False,False,normal,ensoleillé
2022-06-21 07:46:11,Hôpital Militaire,O+,51,13,0,38,4.2,14,96.0,normale,Contrôle bactériologique négatif,1,7,6,False,False,normal,pluvieux
2022-06-21 12:55:41,Hôpital Militaire,A+,38,4,0,34,4.2,4,91.7,normale,Urgent: vérifier température stockage,1,12,6,False,False,normal,ensoleillé
2022-06-21 22:35:01,Hôpital Militaire,O+,49,9,0,40,3.4,14,100.0,normale,Urgent: vérifier température stockage,1,22,6,False,False,normal,pluvieux
2022-06-22 01:59:12,Hôpital Militaire,A+,15,1,0,14,4.5,7,100.0,faible,"Excellent état, conservation parfaite",2,1,6,False,False,normal,ensoleillé
2022-06-22 11:58:34,Hôpital Militaire,O+,47,7,0,40,3.9,37,92.2,normale,Urgent: vérifier température stockage,2,11,6,False,False,normal,nuageux
2022-06-22 23:14:47,Hôpital Militaire,O-,30,10,0,20,4.0,49,99.3,normale,"Bon état général, légère variation température",2,23,6,False,False,normal,pluvieux
2022-06-23 03:08:35,Hôpital Militaire,A-,17,6,0,11,4.2,37,94.6,faible,"Bon état général, légère variation température",3,3,6,False,False,normal,ensoleillé
2022-06-23 03:29:41,Hôpital Militaire,B-,18,6,0,12,3.3,13,95.2,faible,Parfait pour transfusion immédiate,3,3,6,False,False,normal,nuageux
2022-06-23 09:26:35,Hôpital Militaire,A+,29,11,0,18,2.9,20,98.6,faible,"État satisfaisant, contrôle qualité OK",3,9,6,False,False,normal,ensoleillé
2022-06-23 10:44:15,Hôpital Militaire,O+,31,2,0,29,4.4,17,99.4,normale,Urgent: vérifier température stockage,3,10,6,False,False,normal,nuageux
2022-06-24 11:36:19,Hôpital Militaire,O+,70,1,19,88,4.7,27,99.6,normale,Parfait pour transfusion immédiate,4,11,6,False,False,normal,ensoleillé
2022-06-25 07:06:47,Hôpital Militaire,O+,26,5,0,21,4.7,1,60.7,attention,Parfait pour transfusion immédiate,5,7,6,True,False,normal,pluvieux
2022-06-25 08:06:56,Hôpital Militaire,O+,41,5,0,36,4.5,10,100.0,normale,"Excellent état, conservation parfaite",5,8,6,True,False,normal,pluvieux
2022-06-25 23:39:12,Hôpital Militaire,O-,13,1,13,25,3.8,14,100.0,normale,Hémoglobine dans les normes,5,23,6,True,False,normal,pluvieux
2022-06-26 22:09:55,Hôpital Militaire,A+,34,6,16,44,4.3,14,100.0,normale,Hémoglobine dans les normes,6,22,6,True,False,normal,nuageux
2022-06-27 00:19:54,Hôpital Militaire,O+,28,12,16,32,4.5,1,63.7,attention,"État satisfaisant, contrôle qualité OK",0,0,6,False,False,normal,ensoleillé
2022-06-27 10:01:31,Hôpital Militaire,AB+,56,10,0,46,3.6,9,98.3,normale,Hémoglobine dans les normes,0,10,6,False,False,normal,pluvieux
2022-06-27 12:47:34,Hôpital Militaire,O+,53,7,0,46,3.6,12,100.0,normale,"État satisfaisant, contrôle qualité OK",0,12,6,False,False,normal,ensoleillé
2022-06-28 05:56:01,Hôpital Militaire,A+,35,2,0,33,4.6,6,100.0,normale,Parfait pour transfusion immédiate,1,5,6,False,False,normal,ensoleillé
2022-06-29 22:39:35,Hôpital Militaire,B+,66,6,0,60,4.8,13,95.9,normale,Parfait pour transfusion immédiate,2,22,6,False,False,normal,ensoleillé
2022-06-29 23:05:35,Hôpital Militaire,O-,24,10,27,41,3.5,8,94.1,normale,Hémoglobine dans les normes,2,23,6,False,False,normal,pluvieux
2022-07-01 08:33:41,Hôpital Militaire,B+,52,16,19,55,4.4,2,80.9,normale,Hémoglobine dans les normes,4,8,7,False,True,normal,pluvieux
2022-07-01 18:07:51,Hôpital Militaire,A-,55,11,0,44,4.1,33,87.6,normale,Parfait pour transfusion immédiate,4,18,7,False,True,normal,ensoleillé
2022-07-02 04:00:33,Hôpital Militaire,A+,27,7,0,20,4.8,2,83.5,normale,Urgent: vérifier température stockage,5,4,7,True,True,normal,nuageux
2022-07-02 08:59:23,Hôpital Militaire,A+,48,2,17,63,4.7,10,93.4,normale,Contrôle bactériologique négatif,5,8,7,True,True,normal,pluvieux
2022-07-03 06:43:19,Hôpital Militaire,A+,35,7,0,28,3.9,39,99.3,normale,Urgent: vérifier température stockage,6,6,7,True,True,normal,nuageux
2022-07-03 10:14:08,Hôpital Militaire,A+,53,7,15,61,3.6,12,94.6,normale,"Bon état général, légère variation température",6,10,7,True,True,normal,pluvieux
2022-07-03 21:04:56,Hôpital Militaire,AB+,42,10,0,32,4.4,23,94.2,normale,"Bon état général, légère variation température",6,21,7,True,True,normal,ensoleillé
2022-07-03 21:06:13,Hôpital Militaire,A+,29,7,0,22,4.3,36,98.7,normale,Hémoglobine dans les normes,6,21,7,True,True,normal,nuageux
2022-07-04 13:06:02,Hôpital Militaire,O+,84,10,0,74,4.7,39,99.4,normale,Hémoglobine dans les normes,0,13,7,False,True,normal,ensoleillé
2022-07-04 18:22:26,Hôpital Militaire,B+,105,7,19,117,3.6,83,96.2,normale,"État satisfaisant, contrôle qualité OK",0,18,7,False,True,normal,ensoleillé
2022-07-04 18:52:36,Hôpital Militaire,A+,76,10,0,66,3.4,47,100.0,normale,Attention: proche expiration,0,18,7,False,True,normal,pluvieux
2022-07-04 20:33:56,Hôpital Militaire,B+,54,13,0,41,3.9,16,100.0,normale,Attention: proche expiration,0,20,7,False,True,normal,nuageux
2022-07-04 22:04:27,Hôpital Militaire,O-,72,9,27,90,4.8,10,94.2,normale,"Bon état général, légère variation température",0,22,7,False,True,normal,pluvieux
2022-07-04 23:45:56,Hôpital Militaire,A+,48,5,13,56,4.2,17,89.7,normale,"Bon état général, légère variation température",0,23,7,False,True,normal,pluvieux
2022-07-05 08:26:09,Hôpital Militaire,O-,62,9,0,53,3.2,3,86.3,normale,Attention: proche expiration,1,8,7,False,True,normal,orageux
2022-07-05 21:38:27,Hôpital Militaire,A+,80,10,0,70,3.6,2,85.1,normale,Attention: proche expiration,1,21,7,False,True,normal,pluvieux
2022-07-06 15:57:46,Hôpital Militaire,A+,25,4,0,21,3.6,25,100.0,normale,"Bon état général, légère variation température",2,15,7,False,True,campagne_don,pluvieux
2022-07-06 18:43:35,Hôpital Militaire,A+,57,11,0,46,4.5,24,94.3,normale,"Excellent état, conservation parfaite",2,18,7,False,True,normal,ensoleillé
2022-07-06 20:26:32,Hôpital Militaire,O+,59,10,0,49,4.0,1,56.3,attention,Contrôle bactériologique négatif,2,20,7,False,True,normal,ensoleillé
2022-07-06 23:30:25,Hôpital Militaire,O+,29,5,0,24,4.4,2,91.7,normale,Urgent: vérifier température stockage,2,23,7,False,True,normal,pluvieux
2022-07-07 01:23:33,Hôpital Militaire,O+,23,8,0,15,3.6,4,84.2,faible,Attention: proche expiration,3,1,7,False,True,normal,ensoleillé
2022-07-07 02:10:18,Hôpital Militaire,A-,33,11,0,22,4.8,12,97.8,normale,Parfait pour transfusion immédiate,3,2,7,False,True,normal,nuageux
2022-07-07 07:24:50,Hôpital Militaire,AB-,32,10,23,45,4.0,33,98.6,normale,"État satisfaisant, contrôle qualité OK",3,7,7,False,True,normal,pluvieux
2022-07-07 19:53:54,Hôpital Militaire,A+,65,15,24,74,3.9,5,100.0,normale,Attention: proche expiration,3,19,7,False,True,normal,pluvieux
2022-07-08 15:02:26,Hôpital Militaire,A+,9,11,0,0,3.6,5,97.5,critique,URGENT: Stock critique - Parfait pour transfusion immédiate,4,15,7,False,True,normal,orageux
2022-07-08 18:44:55,Hôpital Militaire,A+,68,8,13,73,4.1,1,57.1,attention,"État satisfaisant, contrôle qualité OK",4,18,7,False,True,normal,pluvieux
2022-07-08 21:43:25,Hôpital Militaire,A+,45,13,23,55,3.2,9,98.6,normale,Attention: proche expiration,4,21,7,False,True,normal,pluvieux
2022-07-09 04:27:11,Hôpital Militaire,O-,11,8,0,3,4.7,13,100.0,critique,URGENT: Stock critique - Attention: proche expiration,5,4,7,True,True,normal,pluvieux
2022-07-09 06:20:37,Hôpital Militaire,A-,35,7,0,28,4.3,13,91.8,normale,"Bon état général, légère variation température",5,6,7,True,True,normal,nuageux
2022-07-09 09:16:03,Hôpital Militaire,A+,60,8,0,52,4.4,1,51.0,attention,Contrôle bactériologique négatif,5,9,7,True,True,normal,ensoleillé
2022-07-09 22:46:10,Hôpital Militaire,B+,48,4,0,44,3.4,1,65.0,attention,"Excellent état, conservation parfaite",5,22,7,True,True,normal,ensoleillé
2022-07-10 20:44:22,Hôpital Militaire,O+,44,5,0,39,3.6,3,79.5,normale,"État satisfaisant, contrôle qualité OK",6,20,7,True,True,normal,ensoleillé
2022-07-11 05:02:13,Hôpital Militaire,O+,40,11,0,29,4.5,8,96.2,normale,"Bon état général, légère variation température",0,5,7,False,True,normal,nuageux
2022-07-11 05:47:12,Hôpital Militaire,O+,35,9,0,26,4.3,12,95.1,normale,Hémoglobine dans les normes,0,5,7,False,True,normal,nuageux
2022-07-11 12:46:19,Hôpital Militaire,A+,41,12,26,55,4.8,22,100.0,normale,Parfait pour transfusion immédiate,0,12,7,False,True,normal,ensoleillé
2022-07-12 00:52:57,Hôpital Militaire,O-,31,9,24,46,4.2,4,91.6,normale,Parfait pour transfusion immédiate,1,0,7,False,True,normal,pluvieux
2022-07-12 11:54:46,Hôpital Militaire,O+,41,12,27,56,4.2,13,100.0,normale,Attention: proche expiration,1,11,7,False,True,normal,nuageux
2022-07-13 08:59:41,Hôpital Militaire,O+,64,6,14,72,3.8,14,97.9,normale,Hémoglobine dans les normes,2,8,7,False,True,normal,orageux
2022-07-13 21:05:54,Hôpital Militaire,A+,65,7,14,72,4.6,2,87.6,normale,Urgent: vérifier température stockage,2,21,7,False,True,normal,nuageux
2022-07-14 06:10:07,Hôpital Militaire,A-,60,8,0,52,4.5,9,100.0,normale,Parfait pour transfusion immédiate,3,6,7,False,True,campagne_don,ensoleillé
2022-07-14 11:35:40,Hôpital Militaire,A+,72,6,20,86,4.5,61,99.0,normale,Contrôle bactériologique négatif,3,11,7,False,True,normal,ensoleillé
2022-07-14 17:11:51,Hôpital Militaire,A+,69,8,0,61,4.5,1,58.1,attention,"Excellent état, conservation parfaite",3,17,7,False,True,normal,orageux
2022-07-15 14:02:32,Hôpital Militaire,O+,58,10,0,48,4.1,53,93.8,normale,Attention: proche expiration,4,14,7,False,True,normal,pluvieux
2022-07-15 15:54:19,Hôpital Militaire,O+,51,10,22,63,3.9,17,100.0,normale,"Bon état général, légère variation température",4,15,7,False,True,normal,pluvieux
2022-07-16 12:29:39,Hôpital Militaire,A+,62,5,0,57,4.2,4,76.7,normale,"Excellent état, conservation parfaite",5,12,7,True,True,normal,nuageux
2022-07-17 16:33:35,Hôpital Militaire,B+,46,5,0,41,4.3,3,88.9,normale,Urgent: vérifier température stockage,6,16,7,True,True,normal,ensoleillé
2022-07-17 23:29:24,Hôpital Militaire,O+,30,6,20,44,5.0,19,100.0,normale,Parfait pour transfusion immédiate,6,23,7,True,True,normal,ensoleillé
2022-07-18 01:27:48,Hôpital Militaire,A-,37,10,15,42,3.8,6,99.7,normale,Parfait pour transfusion immédiate,0,1,7,False,True,normal,pluvieux
2022-07-18 07:57:20,Hôpital Militaire,A+,72,9,29,92,4.2,55,100.0,normale,"Excellent état, conservation parfaite",0,7,7,False,True,normal,ensoleillé
2022-07-19 04:27:43,Hôpital Militaire,B+,36,6,0,30,3.6,7,100.0,normale,Contrôle bactériologique négatif,1,4,7,False,True,normal,pluvieux
2022-07-19 20:55:06,Hôpital Militaire,A+,59,12,0,47,4.7,18,98.6,normale,"État satisfaisant, contrôle qualité OK",1,20,7,False,True,normal,pluvieux
2022-07-20 03:29:29,Hôpital Militaire,O+,23,7,0,16,4.5,33,94.1,faible,"Bon état général, légère variation température",2,3,7,False,True,normal,ensoleillé
2022-07-20 16:02:16,Hôpital Militaire,O+,86,3,16,99,4.1,34,100.0,normale,Hémoglobine dans les normes,2,16,7,False,True,normal,ensoleillé
2022-07-21 16:24:50,Hôpital Militaire,A+,28,14,24,38,3.6,7,96.7,normale,Contrôle bactériologique négatif,3,16,7,False,True,normal,pluvieux
2022-07-21 18:26:50,Hôpital Militaire,O+,80,13,22,89,5.1,17,100.0,normale,Attention: proche expiration,3,18,7,False,True,normal,pluvieux
2022-07-21 22:53:25,Hôpital Militaire,O+,30,10,0,20,3.9,5,100.0,normale,Parfait pour transfusion immédiate,3,22,7,False,True,normal,nuageux
2022-07-22 01:39:54,Hôpital Militaire,O+,41,11,12,42,3.4,10,93.9,normale,"État satisfaisant, contrôle qualité OK",4,1,7,False,True,normal,pluvieux
2022-07-22 01:51:37,Hôpital Militaire,A+,11,6,0,5,4.3,15,100.0,critique,"URGENT: Stock critique - Excellent état, conservation parfaite",4,1,7,False,True,normal,pluvieux
2022-07-22 13:10:54,Hôpital Militaire,B+,42,9,14,47,4.4,11,100.0,normale,Contrôle bactériologique négatif,4,13,7,False,True,normal,ensoleillé
2022-07-22 17:13:25,Hôpital Militaire,O+,43,11,20,52,4.6,60,88.5,normale,Attention: proche expiration,4,17,7,False,True,normal,ensoleillé
2022-07-24 00:39:16,Hôpital Militaire,A+,18,7,0,11,4.6,3,83.0,faible,Hémoglobine dans les normes,6,0,7,True,True,normal,ensoleillé
2022-07-24 03:51:40,Hôpital Militaire,AB+,21,11,14,24,4.2,31,100.0,normale,Parfait pour transfusion immédiate,6,3,7,True,True,normal,nuageux
2022-07-24 12:11:33,Hôpital Militaire,O+,28,4,20,44,3.7,8,100.0,normale,"État satisfaisant, contrôle qualité OK",6,12,7,True,True,normal,pluvieux
2022-07-24 13:11:10,Hôpital Militaire,A+,46,10,0,36,4.2,26,99.9,normale,Hémoglobine dans les normes,6,13,7,True,True,normal,orageux
2022-07-25 08:41:21,Hôpital Militaire,O+,65,11,27,81,4.8,13,98.5,normale,"État satisfaisant, contrôle qualité OK",0,8,7,False,True,normal,ensoleillé
2022-07-25 13:21:40,Hôpital Militaire,A+,94,11,0,83,4.0,36,92.2,normale,Parfait pour transfusion immédiate,0,13,7,False,True,normal,pluvieux
2022-07-25 20:22:57,Hôpital Militaire,O+,70,4,0,66,4.1,56,100.0,normale,"État satisfaisant, contrôle qualité OK",0,20,7,False,True,normal,ensoleillé
2022-07-25 22:50:57,Hôpital Militaire,A+,65,11,13,67,4.3,1,62.6,attention,Hémoglobine dans les normes,0,22,7,False,True,normal,ensoleillé
2022-07-26 02:48:32,Hôpital Militaire,A+,17,8,0,9,4.5,6,93.3,critique,URGENT: Stock critique - Hémoglobine dans les normes,1,2,7,False,True,normal,pluvieux
2022-07-27 05:37:08,Hôpital Militaire,O+,26,11,0,15,4.5,8,100.0,faible,"État satisfaisant, contrôle qualité OK",2,5,7,False,True,normal,ensoleillé
2022-07-27 06:40:46,Hôpital Militaire,O+,89,5,23,107,4.6,1,66.7,attention,Contrôle bactériologique négatif,2,6,7,False,True,normal,nuageux
2022-07-27 08:01:28,Hôpital Militaire,O+,80,10,0,70,3.8,14,100.0,normale,Parfait pour transfusion immédiate,2,8,7,False,True,normal,ensoleillé
2022-07-27 18:02:48,Hôpital Militaire,A+,72,8,0,64,3.1,13,95.6,normale,Contrôle bactériologique négatif,2,18,7,False,True,normal,nuageux
2022-07-27 23:03:06,Hôpital Militaire,A+,31,3,0,28,3.2,1,56.4,attention,Urgent: vérifier température stockage,2,23,7,False,True,normal,orageux
2022-07-28 03:21:38,Hôpital Militaire,O-,31,7,0,24,3.0,14,100.0,normale,"Bon état général, légère variation température",3,3,7,False,True,normal,nuageux
2022-07-28 09:38:58,Hôpital Militaire,O-,58,8,18,68,4.8,7,100.0,normale,Parfait pour transfusion immédiate,3,9,7,False,True,normal,ensoleillé
2022-07-29 06:08:00,Hôpital Militaire,O+,71,5,0,66,4.0,19,100.0,normale,"Excellent état, conservation parfaite",4,6,7,False,True,normal,ensoleillé
2022-07-29 13:14:18,Hôpital Militaire,AB+,48,5,0,43,3.9,13,100.0,normale,"Excellent état, conservation parfaite",4,13,7,False,True,normal,ensoleillé
2022-07-29 16:12:57,Hôpital Militaire,A+,51,9,0,42,4.8,23,99.0,normale,Parfait pour transfusion immédiate,4,16,7,False,True,normal,nuageux
2022-07-30 10:14:53,Hôpital Militaire,O+,40,9,0,31,4.3,8,100.0,normale,Urgent: vérifier température stockage,5,10,7,True,True,normal,pluvieux
2022-07-30 16:36:53,Hôpital Militaire,O+,42,5,0,37,3.6,10,100.0,normale,Hémoglobine dans les normes,5,16,7,True,True,normal,ensoleillé
2022-07-30 21:04:43,Hôpital Militaire,O-,51,5,25,71,4.4,9,100.0,normale,Parfait pour transfusion immédiate,5,21,7,True,True,normal,pluvieux
2022-07-31 11:02:12,Hôpital Militaire,B+,49,7,0,42,4.4,10,97.0,normale,"Bon état général, légère variation température",6,11,7,True,True,normal,pluvieux
2022-07-31 21:11:54,Hôpital Militaire,O+,64,7,14,71,3.5,5,100.0,normale,Attention: proche expiration,6,21,7,True,True,normal,ensoleillé
2022-08-01 07:13:09,Hôpital Militaire,B+,40,11,0,29,4.6,15,96.9,normale,Hémoglobine dans les normes,0,7,8,False,True,normal,orageux
2022-08-02 03:31:56,Hôpital Militaire,A+,30,14,0,16,3.8,4,94.2,faible,Urgent: vérifier température stockage,1,3,8,False,True,normal,ensoleillé
2022-08-02 06:04:58,Hôpital Militaire,O+,78,14,0,64,4.5,50,100.0,normale,Parfait pour transfusion immédiate,1,6,8,False,True,normal,ensoleillé
2022-08-02 11:37:47,Hôpital Militaire,O+,55,13,0,42,3.5,6,100.0,normale,"Bon état général, légère variation température",1,11,8,False,True,normal,pluvieux
2022-08-02 17:14:27,Hôpital Militaire,O+,40,1,0,39,3.5,18,88.2,normale,"État satisfaisant, contrôle qualité OK",1,17,8,False,True,normal,orageux
2022-08-02 18:25:07,Hôpital Militaire,A-,26,11,18,33,4.9,12,99.6,normale,Urgent: vérifier température stockage,1,18,8,False,True,normal,nuageux
2022-08-03 02:29:00,Hôpital Militaire,B+,38,7,0,31,3.6,4,84.7,normale,Contrôle bactériologique négatif,2,2,8,False,True,normal,ensoleillé
2022-08-03 08:12:49,Hôpital Militaire,A+,63,11,0,52,3.8,7,100.0,normale,"Bon état général, légère variation température",2,8,8,False,True,normal,nuageux
2022-08-03 08:18:07,Hôpital Militaire,O+,57,5,19,71,4.2,15,100.0,normale,"Bon état général, légère variation température",2,8,8,False,True,normal,pluvieux
2022-08-03 12:45:23,Hôpital Militaire,AB-,54,5,22,71,4.4,58,97.0,normale,Urgent: vérifier température stockage,2,12,8,False,True,normal,orageux
2022-08-03 14:01:10,Hôpital Militaire,O+,65,10,17,72,3.7,22,100.0,normale,"Bon état général, légère variation température",2,14,8,False,True,normal,pluvieux
2022-08-03 18:28:47,Hôpital Militaire,A+,68,13,0,55,4.1,50,89.6,normale,"État satisfaisant, contrôle qualité OK",2,18,8,False,True,campagne_don,ensoleillé
2022-08-04 08:46:39,Hôpital Militaire,A+,77,10,12,79,3.5,18,100.0,normale,"Excellent état, conservation parfaite",3,8,8,False,True,normal,pluvieux
2022-08-04 19:53:50,Hôpital Militaire,O+,37,15,0,22,4.1,42,100.0,normale,"État satisfaisant, contrôle qualité OK",3,19,8,False,True,normal,ensoleillé
2022-08-04 21:48:12,Hôpital Militaire,A+,79,8,0,71,4.6,16,98.0,normale,"Bon état général, légère variation température",3,21,8,False,True,normal,orageux
2022-08-05 00:24:03,Hôpital Militaire,B-,31,9,0,22,4.1,14,98.3,normale,"État satisfaisant, contrôle qualité OK",4,0,8,False,True,normal,nuageux
2022-08-05 01:13:29,Hôpital Militaire,A+,28,11,0,17,4.4,11,99.0,faible,Attention: proche expiration,4,1,8,False,True,normal,orageux
2022-08-05 04:43:25,Hôpital Militaire,O+,32,7,0,25,4.6,1,63.2,attention,Hémoglobine dans les normes,4,4,8,False,True,normal,ensoleillé
2022-08-06 05:12:43,Hôpital Militaire,O+,19,11,0,8,3.8,5,100.0,critique,"URGENT: Stock critique - Excellent état, conservation parfaite",5,5,8,True,True,normal,nuageux
2022-08-06 15:11:30,Hôpital Militaire,O+,46,7,0,39,3.7,15,95.4,normale,"État satisfaisant, contrôle qualité OK",5,15,8,True,True,normal,ensoleillé
2022-08-07 04:57:52,Hôpital Militaire,B+,21,11,0,10,3.9,18,96.2,faible,Parfait pour transfusion immédiate,6,4,8,True,True,normal,ensoleillé
2022-08-07 05:41:47,Hôpital Militaire,A+,19,5,21,35,3.6,2,92.3,normale,Urgent: vérifier température stockage,6,5,8,True,True,normal,ensoleillé
2022-08-07 20:19:03,Hôpital Militaire,AB-,42,6,22,58,4.5,2,76.1,normale,Attention: proche expiration,6,20,8,True,True,normal,nuageux
2022-08-08 14:02:10,Hôpital Militaire,O+,88,10,0,78,5.3,34,99.6,normale,Hémoglobine dans les normes,0,14,8,False,True,normal,ensoleillé
2022-08-09 00:28:24,Hôpital Militaire,O+,34,11,0,23,3.5,1,70.2,normale,Parfait pour transfusion immédiate,1,0,8,False,True,normal,pluvieux
2022-08-09 06:33:29,Hôpital Militaire,A+,37,6,0,31,3.9,5,96.0,normale,Parfait pour transfusion immédiate,1,6,8,False,True,normal,ensoleillé
2022-08-09 06:54:01,Hôpital Militaire,O+,57,13,0,44,3.7,33,100.0,normale,"Bon état général, légère variation température",1,6,8,False,True,normal,nuageux
2022-08-09 09:08:21,Hôpital Militaire,A+,59,9,0,50,4.3,66,90.7,normale,"Excellent état, conservation parfaite",1,9,8,False,True,normal,ensoleillé
2022-08-10 09:59:16,Hôpital Militaire,A+,47,15,0,32,4.5,1,66.0,attention,"Excellent état, conservation parfaite",2,9,8,False,True,normal,ensoleillé
2022-08-11 14:54:03,Hôpital Militaire,A+,64,9,0,55,4.0,5,95.6,normale,Hémoglobine dans les normes,3,14,8,False,True,normal,ensoleillé
2022-08-11 17:38:08,Hôpital Militaire,A+,49,12,13,50,4.0,10,99.9,normale,Parfait pour transfusion immédiate,3,17,8,False,True,normal,nuageux
2022-08-11 18:37:52,Hôpital Militaire,A+,39,9,19,49,3.9,5,96.8,normale,"Bon état général, légère variation température",3,18,8,False,True,normal,nuageux
2022-08-13 04:05:28,Hôpital Militaire,O+,12,3,0,9,5.1,20,97.6,critique,URGENT: Stock critique - Urgent: vérifier température stockage,5,4,8,True,True,normal,nuageux
2022-08-13 05:12:16,Hôpital Militaire,O+,6,3,0,3,4.6,27,100.0,critique,"URGENT: Stock critique - Bon état général, légère variation température",5,5,8,True,True,normal,ensoleillé
2022-08-13 15:14:10,Hôpital Militaire,O+,38,10,15,43,4.6,1,68.1,attention,"Bon état général, légère variation température",5,15,8,True,True,normal,ensoleillé
2022-08-13 17:33:45,Hôpital Militaire,O+,52,6,17,63,3.9,20,95.5,normale,Contrôle bactériologique négatif,5,17,8,True,True,normal,pluvieux
2022-08-14 15:05:23,Hôpital Militaire,A+,38,7,0,31,3.9,23,100.0,normale,Urgent: vérifier température stockage,6,15,8,True,True,normal,ensoleillé
2022-08-14 21:25:22,Hôpital Militaire,O+,44,4,0,40,5.1,17,100.0,normale,"Bon état général, légère variation température",6,21,8,True,True,normal,pluvieux
2022-08-15 15:45:35,Hôpital Militaire,O-,35,8,0,27,3.3,10,100.0,normale,Urgent: vérifier température stockage,0,15,8,False,True,normal,orageux
2022-08-15 21:49:18,Hôpital Militaire,O+,17,9,0,8,4.2,33,92.6,critique,URGENT: Stock critique - Urgent: vérifier température stockage,0,21,8,False,True,normal,pluvieux
2022-08-16 04:30:45,Hôpital Militaire,O+,25,8,37,54,2.8,6,94.7,normale,"Bon état général, légère variation température",1,4,8,False,True,normal,nuageux
2022-08-17 00:37:21,Hôpital Militaire,O+,31,18,23,36,2.8,18,100.0,normale,Contrôle bactériologique négatif,2,0,8,False,True,normal,ensoleillé
2022-08-18 09:44:43,Hôpital Militaire,O+,58,11,20,67,3.6,4,82.9,normale,"Excellent état, conservation parfaite",3,9,8,False,True,normal,ensoleillé
2022-08-18 13:18:11,Hôpital Militaire,O+,79,10,20,89,3.8,1,67.6,attention,"État satisfaisant, contrôle qualité OK",3,13,8,False,True,normal,nuageux
2022-08-18 13:34:45,Hôpital Militaire,A-,38,11,14,41,3.7,18,98.2,normale,"Excellent état, conservation parfaite",3,13,8,False,True,normal,nuageux
2022-08-18 22:15:12,Hôpital Militaire,A-,103,4,0,99,3.7,7,100.0,normale,Contrôle bactériologique négatif,3,22,8,False,True,normal,ensoleillé
2022-08-19 02:26:03,Hôpital Militaire,A+,31,7,0,24,4.0,2,89.7,normale,Hémoglobine dans les normes,4,2,8,False,True,normal,ensoleillé
2022-08-19 23:56:59,Hôpital Militaire,A+,16,9,0,7,3.9,6,95.9,critique,"URGENT: Stock critique - État satisfaisant, contrôle qualité OK",4,23,8,False,True,normal,orageux
2022-08-20 03:56:15,Hôpital Militaire,O+,16,7,26,35,3.9,15,99.5,normale,"Bon état général, légère variation température",5,3,8,True,True,normal,pluvieux
2022-08-20 10:44:03,Hôpital Militaire,A+,41,1,0,40,4.0,8,100.0,normale,Attention: proche expiration,5,10,8,True,True,normal,pluvieux
2022-08-20 22:32:35,Hôpital Militaire,O+,31,9,0,22,4.5,15,100.0,normale,Contrôle bactériologique négatif,5,22,8,True,True,normal,ensoleillé
2022-08-21 20:30:04,Hôpital Militaire,AB+,47,5,0,42,4.0,20,94.2,normale,Urgent: vérifier température stockage,6,20,8,True,True,normal,ensoleillé
2022-08-21 23:55:57,Hôpital Militaire,B+,24,8,0,16,4.6,10,94.8,faible,"Bon état général, légère variation température",6,23,8,True,True,normal,ensoleillé
2022-08-22 14:07:59,Hôpital Militaire,A+,53,9,0,44,4.0,43,91.5,normale,Contrôle bactériologique négatif,0,14,8,False,True,normal,nuageux
2022-08-22 20:23:40,Hôpital Militaire,A+,75,11,25,89,4.1,51,91.4,normale,Urgent: vérifier température stockage,0,20,8,False,True,normal,ensoleillé
2022-08-23 02:51:50,Hôpital Militaire,O-,32,5,20,47,4.1,1,54.7,attention,Attention: proche expiration,1,2,8,False,True,normal,ensoleillé
2022-08-23 07:05:07,Hôpital Militaire,O+,85,11,0,74,3.6,1,55.7,attention,"Bon état général, légère variation température",1,7,8,False,True,normal,pluvieux
2022-08-23 09:18:36,Hôpital Militaire,O+,58,10,0,48,4.1,3,93.0,normale,"État satisfaisant, contrôle qualité OK",1,9,8,False,True,normal,pluvieux
2022-08-23 12:40:42,Hôpital Militaire,A+,44,5,15,54,4.2,20,98.2,normale,"Excellent état, conservation parfaite",1,12,8,False,True,urgence_médicale,ensoleillé
2022-08-24 05:12:34,Hôpital Militaire,A+,28,12,29,45,4.4,32,99.0,normale,Attention: proche expiration,2,5,8,False,True,normal,ensoleillé
2022-08-24 23:54:16,Hôpital Militaire,A+,39,8,0,31,3.7,14,100.0,normale,Urgent: vérifier température stockage,2,23,8,False,True,normal,orageux
2022-08-25 01:16:48,Hôpital Militaire,O+,34,9,16,41,4.4,7,100.0,normale,Contrôle bactériologique négatif,3,1,8,False,True,normal,nuageux
2022-08-25 04:17:28,Hôpital Militaire,O-,12,3,0,9,4.6,9,100.0,critique,URGENT: Stock critique - Contrôle bactériologique négatif,3,4,8,False,True,normal,pluvieux
2022-08-25 04:30:20,Hôpital Militaire,A+,23,13,15,25,4.1,2,84.8,normale,Urgent: vérifier température stockage,3,4,8,False,True,normal,nuageux
2022-08-25 15:14:12,Hôpital Militaire,O+,71,6,0,65,3.4,16,100.0,normale,Attention: proche expiration,3,15,8,False,True,normal,nuageux
2022-08-25 20:15:39,Hôpital Militaire,O+,78,6,0,72,4.0,1,56.0,attention,"Excellent état, conservation parfaite",3,20,8,False,True,normal,ensoleillé
2022-08-26 06:10:53,Hôpital Militaire,A+,65,6,19,78,4.6,14,96.7,normale,"Bon état général, légère variation température",4,6,8,False,True,normal,ensoleillé
2022-08-27 20:24:49,Hôpital Militaire,A+,55,5,18,68,4.3,24,93.2,normale,Attention: proche expiration,5,20,8,True,True,normal,ensoleillé
2022-08-29 20:14:00,Hôpital Militaire,B+,49,12,0,37,4.3,1,59.6,attention,Urgent: vérifier température stockage,0,20,8,False,True,normal,pluvieux
2022-08-29 23:08:19,Hôpital Militaire,A+,23,15,29,37,4.8,16,99.4,normale,Hémoglobine dans les normes,0,23,8,False,True,normal,pluvieux
2022-08-30 02:38:17,Hôpital Militaire,A+,33,4,15,44,4.0,10,93.2,normale,Contrôle bactériologique négatif,1,2,8,False,True,normal,ensoleillé
2022-08-30 13:06:42,Hôpital Militaire,A+,52,9,0,43,3.3,13,96.8,normale,Urgent: vérifier température stockage,1,13,8,False,True,normal,orageux
2022-08-31 09:57:24,Hôpital Militaire,A-,52,2,0,50,3.4,18,100.0,normale,Parfait pour transfusion immédiate,2,9,8,False,True,normal,pluvieux
2022-08-31 16:28:10,Hôpital Militaire,O+,47,7,22,62,4.0,7,100.0,normale,Hémoglobine dans les normes,2,16,8,False,True,normal,pluvieux
2022-09-01 09:19:21,Hôpital Militaire,O+,48,8,0,40,3.9,1,57.5,attention,Urgent: vérifier température stockage,3,9,9,False,False,normal,pluvieux
2022-09-01 16:46:20,Hôpital Militaire,A+,61,10,0,51,4.2,40,85.8,normale,Urgent: vérifier température stockage,3,16,9,False,False,normal,pluvieux
2022-09-02 04:34:09,Hôpital Militaire,AB-,26,3,0,23,4.4,12,99.8,normale,"Excellent état, conservation parfaite",4,4,9,False,False,normal,pluvieux
2022-09-02 06:46:23,Hôpital Militaire,B+,52,10,19,61,3.8,29,100.0,normale,"Bon état général, légère variation température",4,6,9,False,False,normal,pluvieux
2022-09-02 14:14:55,Hôpital Militaire,O+,54,5,0,49,4.0,4,82.5,normale,Contrôle bactériologique négatif,4,14,9,False,False,normal,pluvieux
2022-09-02 23:47:50,Hôpital Militaire,B-,18,11,0,7,3.6,3,83.8,critique,URGENT: Stock critique - Attention: proche expiration,4,23,9,False,False,normal,nuageux
2022-09-03 00:31:31,Hôpital Militaire,A+,24,4,0,20,4.6,56,98.3,normale,"État satisfaisant, contrôle qualité OK",5,0,9,True,False,normal,orageux
2022-09-03 04:51:44,Hôpital Militaire,A+,12,4,0,8,4.4,3,84.0,critique,"URGENT: Stock critique - Bon état général, légère variation température",5,4,9,True,False,normal,ensoleillé
2022-09-03 05:38:48,Hôpital Militaire,A-,17,5,0,12,3.7,14,98.7,faible,Parfait pour transfusion immédiate,5,5,9,True,False,normal,ensoleillé
2022-09-03 08:50:05,Hôpital Militaire,A-,48,7,0,41,3.8,2,81.9,normale,Urgent: vérifier température stockage,5,8,9,True,False,normal,ensoleillé
2022-09-03 14:35:22,Hôpital Militaire,O+,26,7,22,41,3.6,28,100.0,normale,"État satisfaisant, contrôle qualité OK",5,14,9,True,False,normal,ensoleillé
2022-09-03 17:48:54,Hôpital Militaire,A+,56,3,20,73,4.0,4,89.7,normale,Attention: proche expiration,5,17,9,True,False,normal,ensoleillé
2022-09-03 18:12:09,Hôpital Militaire,O-,43,8,0,35,3.9,1,60.7,attention,"Bon état général, légère variation température",5,18,9,True,False,normal,ensoleillé
2022-09-04 03:02:18,Hôpital Militaire,A+,22,6,0,16,4.3,2,88.1,faible,"Bon état général, légère variation température",6,3,9,True,False,normal,ensoleillé
2022-09-04 19:26:05,Hôpital Militaire,O+,24,8,14,30,4.0,3,89.9,normale,Contrôle bactériologique négatif,6,19,9,True,False,normal,nuageux
2022-09-04 21:19:16,Hôpital Militaire,A+,37,5,0,32,4.7,12,100.0,normale,Urgent: vérifier température stockage,6,21,9,True,False,normal,ensoleillé
2022-09-05 02:19:22,Hôpital Militaire,B+,25,9,0,16,4.3,2,92.9,faible,Attention: proche expiration,0,2,9,False,False,normal,nuageux
2022-09-05 03:14:11,Hôpital Militaire,AB+,18,5,22,35,4.0,2,91.9,normale,Urgent: vérifier température stockage,0,3,9,False,False,normal,pluvieux
2022-09-05 16:47:44,Hôpital Militaire,O+,30,13,26,43,4.1,20,100.0,normale,"État satisfaisant, contrôle qualité OK",0,16,9,False,False,normal,ensoleillé
2022-09-06 00:29:20,Hôpital Militaire,O+,16,6,17,27,4.2,3,81.2,normale,Attention: proche expiration,1,0,9,False,False,normal,pluvieux
2022-09-07 10:59:59,Hôpital Militaire,A+,24,10,24,38,4.3,3,82.3,normale,Parfait pour transfusion immédiate,2,10,9,False,False,normal,pluvieux
2022-09-07 19:08:27,Hôpital Militaire,B+,55,9,0,46,3.5,16,92.0,normale,Parfait pour transfusion immédiate,2,19,9,False,False,normal,nuageux
2022-09-07 23:36:09,Hôpital Militaire,A+,16,16,20,20,4.0,25,100.0,normale,Parfait pour transfusion immédiate,2,23,9,False,False,accident_route,ensoleillé
2022-09-08 14:49:56,Hôpital Militaire,B+,53,5,25,73,4.5,16,100.0,normale,"État satisfaisant, contrôle qualité OK",3,14,9,False,False,normal,ensoleillé
2022-09-08 17:50:07,Hôpital Militaire,O-,51,11,0,40,4.7,13,94.7,normale,"Bon état général, légère variation température",3,17,9,False,False,normal,ensoleillé
2022-09-09 01:02:17,Hôpital Militaire,A+,36,10,17,43,4.3,45,97.6,normale,"État satisfaisant, contrôle qualité OK",4,1,9,False,False,normal,pluvieux
2022-09-09 02:15:36,Hôpital Militaire,B+,25,8,0,17,4.7,5,98.2,faible,"Excellent état, conservation parfaite",4,2,9,False,False,normal,ensoleillé
2022-09-09 05:44:55,Hôpital Militaire,A+,40,6,0,34,4.7,1,60.4,attention,Parfait pour transfusion immédiate,4,5,9,False,False,normal,pluvieux
2022-09-11 02:39:07,Hôpital Militaire,O+,10,5,0,5,3.6,1,55.4,critique,URGENT: Stock critique - Attention: proche expiration,6,2,9,True,False,normal,ensoleillé
2022-09-11 02:57:35,Hôpital Militaire,O+,23,7,21,37,4.0,18,100.0,normale,Contrôle bactériologique négatif,6,2,9,True,False,normal,ensoleillé
2022-09-11 08:29:24,Hôpital Militaire,O+,50,6,14,58,3.6,4,84.6,normale,Parfait pour transfusion immédiate,6,8,9,True,False,normal,orageux
2022-09-11 09:46:12,Hôpital Militaire,A+,34,2,0,32,3.5,33,100.0,normale,Parfait pour transfusion immédiate,6,9,9,True,False,normal,pluvieux
2022-09-11 11:54:43,Hôpital Militaire,A+,52,12,0,40,4.4,1,55.0,attention,"Excellent état, conservation parfaite",6,11,9,True,False,normal,ensoleillé
2022-09-11 18:29:09,Hôpital Militaire,O-,36,4,0,32,4.6,23,99.1,normale,Contrôle bactériologique négatif,6,18,9,True,False,normal,ensoleillé
2022-09-11 20:34:59,Hôpital Militaire,O+,35,6,23,52,2.9,29,100.0,normale,Contrôle bactériologique négatif,6,20,9,True,False,normal,ensoleillé
2022-09-12 06:17:45,Hôpital Militaire,O+,34,0,25,59,3.8,5,97.2,normale,"Bon état général, légère variation température",0,6,9,False,False,normal,pluvieux
2022-09-12 07:19:55,Hôpital Militaire,A+,65,5,0,60,4.3,9,97.5,normale,Hémoglobine dans les normes,0,7,9,False,False,urgence_médicale,nuageux
2022-09-12 16:52:12,Hôpital Militaire,A+,32,10,0,22,4.1,9,97.9,normale,Urgent: vérifier température stockage,0,16,9,False,False,normal,ensoleillé
2022-09-12 18:28:48,Hôpital Militaire,O+,58,11,0,47,3.1,1,53.2,attention,Parfait pour transfusion immédiate,0,18,9,False,False,normal,ensoleillé
2022-09-14 04:29:34,Hôpital Militaire,B+,0,4,0,0,3.8,68,100.0,critique,URGENT: Stock critique - Attention: proche expiration,2,4,9,False,False,normal,ensoleillé
2022-09-14 12:16:51,Hôpital Militaire,A-,45,8,0,37,4.4,10,99.5,normale,Hémoglobine dans les normes,2,12,9,False,False,urgence_médicale,ensoleillé
2022-09-14 22:23:48,Hôpital Militaire,A-,65,6,16,75,3.3,17,97.8,normale,"État satisfaisant, contrôle qualité OK",2,22,9,False,False,normal,pluvieux
2022-09-15 02:05:39,Hôpital Militaire,B+,24,9,0,15,3.3,15,100.0,faible,"Excellent état, conservation parfaite",3,2,9,False,False,normal,nuageux
2022-09-15 03:31:39,Hôpital Militaire,O+,27,15,0,12,4.5,35,93.2,faible,Parfait pour transfusion immédiate,3,3,9,False,False,normal,ensoleillé
2022-09-15 04:03:01,Hôpital Militaire,A+,26,9,0,17,4.1,9,100.0,faible,Attention: proche expiration,3,4,9,False,False,normal,pluvieux
2022-09-15 07:19:54,Hôpital Militaire,O+,51,1,0,50,3.9,11,100.0,normale,Parfait pour transfusion immédiate,3,7,9,False,False,normal,nuageux
2022-09-15 12:46:52,Hôpital Militaire,O+,37,6,13,44,4.3,29,94.5,normale,Urgent: vérifier température stockage,3,12,9,False,False,normal,pluvieux
2022-09-15 20:25:05,Hôpital Militaire,AB+,87,8,21,100,4.4,18,100.0,normale,"État satisfaisant, contrôle qualité OK",3,20,9,False,False,normal,pluvieux
2022-09-16 05:07:47,Hôpital Militaire,A+,25,10,0,15,2.7,1,65.3,faible,Hémoglobine dans les normes,4,5,9,False,False,normal,nuageux
2022-09-16 13:49:12,Hôpital Militaire,O-,43,3,0,40,4.0,15,100.0,normale,Attention: proche expiration,4,13,9,False,False,normal,nuageux
2022-09-17 06:20:19,Hôpital Militaire,O+,33,6,21,48,3.7,5,97.7,normale,Hémoglobine dans les normes,5,6,9,True,False,normal,nuageux
2022-09-17 15:42:12,Hôpital Militaire,O+,35,6,0,29,3.7,27,100.0,normale,Contrôle bactériologique négatif,5,15,9,True,False,normal,ensoleillé
2022-09-17 17:28:29,Hôpital Militaire,A+,35,7,0,28,3.9,79,93.7,normale,Urgent: vérifier température stockage,5,17,9,True,False,normal,ensoleillé
2022-09-18 03:32:30,Hôpital Militaire,B+,24,7,0,17,4.4,5,100.0,faible,"État satisfaisant, contrôle qualité OK",6,3,9,True,False,normal,ensoleillé
2022-09-18 05:03:29,Hôpital Militaire,A+,15,4,18,29,3.0,36,100.0,normale,Urgent: vérifier température stockage,6,5,9,True,False,normal,pluvieux
2022-09-18 06:53:48,Hôpital Militaire,O+,27,4,0,23,3.1,75,99.2,normale,"État satisfaisant, contrôle qualité OK",6,6,9,True,False,normal,nuageux
2022-09-18 18:49:25,Hôpital Militaire,A+,31,4,0,27,4.2,15,99.6,normale,Urgent: vérifier température stockage,6,18,9,True,False,accident_route,ensoleillé
2022-09-18 22:53:14,Hôpital Militaire,A+,33,4,0,29,4.1,21,98.3,normale,"État satisfaisant, contrôle qualité OK",6,22,9,True,False,normal,ensoleillé
2022-09-19 06:27:20,Hôpital Militaire,O-,35,6,0,29,4.0,15,100.0,normale,Hémoglobine dans les normes,0,6,9,False,False,normal,pluvieux
2022-09-19 06:53:15,Hôpital Militaire,O+,68,8,0,60,4.1,16,98.1,normale,"Bon état général, légère variation température",0,6,9,False,False,normal,orageux
2022-09-19 15:06:59,Hôpital Militaire,O-,49,5,0,44,4.0,1,64.2,attention,Parfait pour transfusion immédiate,0,15,9,False,False,normal,ensoleillé
2022-09-20 20:56:19,Hôpital Militaire,AB+,53,13,0,40,3.7,1,55.1,attention,Hémoglobine dans les normes,1,20,9,False,False,normal,ensoleillé
2022-09-20 23:14:19,Hôpital Militaire,A+,27,9,0,18,3.9,16,95.5,faible,Parfait pour transfusion immédiate,1,23,9,False,False,normal,nuageux
2022-09-21 01:32:07,Hôpital Militaire,O-,34,6,0,28,3.6,40,95.2,normale,Urgent: vérifier température stockage,2,1,9,False,False,normal,pluvieux
2022-09-21 02:33:02,Hôpital Militaire,O+,13,8,0,5,3.9,3,85.8,critique,URGENT: Stock critique - Parfait pour transfusion immédiate,2,2,9,False,False,normal,nuageux
2022-09-22 04:13:11,Hôpital Militaire,O+,17,11,0,6,3.4,43,100.0,critique,URGENT: Stock critique - Urgent: vérifier température stockage,3,4,9,False,False,normal,pluvieux
2022-09-22 13:06:32,Hôpital Militaire,O+,51,7,0,44,4.0,29,97.4,normale,Parfait pour transfusion immédiate,3,13,9,False,False,normal,ensoleillé
2022-09-22 16:12:32,Hôpital Militaire,A+,60,13,0,47,4.0,50,100.0,normale,Hémoglobine dans les normes,3,16,9,False,False,normal,pluvieux
2022-09-22 17:58:58,Hôpital Militaire,A+,67,4,9,72,4.1,33,96.2,normale,Parfait pour transfusion immédiate,3,17,9,False,False,normal,ensoleillé
2022-09-23 13:43:03,Hôpital Militaire,A+,33,6,23,50,3.3,16,100.0,normale,"Bon état général, légère variation température",4,13,9,False,False,normal,orageux
2022-09-24 06:06:53,Hôpital Militaire,O+,29,4,0,25,4.3,11,92.1,normale,Urgent: vérifier température stockage,5,6,9,True,False,normal,nuageux
2022-09-25 01:51:33,Hôpital Militaire,O+,23,5,0,18,4.3,2,87.3,faible,Hémoglobine dans les normes,6,1,9,True,False,normal,ensoleillé
2022-09-25 07:14:23,Hôpital Militaire,B-,35,7,0,28,2.9,15,100.0,normale,Contrôle bactériologique négatif,6,7,9,True,False,normal,orageux
2022-09-25 12:21:27,Hôpital Militaire,AB-,39,6,0,33,4.1,9,96.2,normale,"Excellent état, conservation parfaite",6,12,9,True,False,normal,ensoleillé
2022-09-25 21:46:43,Hôpital Militaire,O+,49,3,0,46,4.2,2,82.9,normale,Contrôle bactériologique négatif,6,21,9,True,False,normal,pluvieux
2022-09-26 00:40:39,Hôpital Militaire,A+,38,7,0,31,3.5,8,99.4,normale,"État satisfaisant, contrôle qualité OK",0,0,9,False,False,normal,ensoleillé
2022-09-26 01:55:56,Hôpital Militaire,B+,24,10,23,37,3.7,40,98.0,normale,Hémoglobine dans les normes,0,1,9,False,False,campagne_don,ensoleillé
2022-09-27 08:26:45,Hôpital Militaire,A+,72,11,0,61,3.3,1,59.7,attention,Hémoglobine dans les normes,1,8,9,False,False,normal,pluvieux
2022-09-28 11:06:11,Hôpital Militaire,O+,67,11,0,56,4.5,1,61.5,attention,"Bon état général, légère variation température",2,11,9,False,False,normal,ensoleillé
2022-09-28 18:39:46,Hôpital Militaire,A-,32,8,0,24,2.7,9,97.4,normale,Hémoglobine dans les normes,2,18,9,False,False,normal,nuageux
2022-09-28 22:09:44,Hôpital Militaire,A+,62,3,26,85,3.4,12,96.7,normale,"Bon état général, légère variation température",2,22,9,False,False,normal,nuageux
2022-09-29 08:49:37,Hôpital Militaire,A+,36,7,27,56,3.2,24,100.0,normale,"État satisfaisant, contrôle qualité OK",3,8,9,False,False,urgence_médicale,ensoleillé
2022-09-29 17:07:55,Hôpital Militaire,A+,45,5,0,40,3.6,3,81.8,normale,"Bon état général, légère variation température",3,17,9,False,False,normal,pluvieux
2022-09-30 06:07:32,Hôpital Militaire,B+,69,7,0,62,3.9,9,100.0,normale,Parfait pour transfusion immédiate,4,6,9,False,False,normal,ensoleillé
2022-09-30 08:13:57,Hôpital Militaire,O+,49,10,0,39,3.9,11,95.8,normale,"Bon état général, légère variation température",4,8,9,False,False,normal,ensoleillé
2022-09-30 16:48:03,Hôpital Militaire,O+,37,9,15,43,3.7,27,100.0,normale,Attention: proche expiration,4,16,9,False,False,normal,pluvieux
2022-09-30 20:08:01,Hôpital Militaire,A+,39,4,0,35,3.4,24,94.5,normale,Contrôle bactériologique négatif,4,20,9,False,False,urgence_médicale,ensoleillé
2022-09-30 23:19:54,Hôpital Militaire,A+,36,6,0,30,3.4,1,65.0,attention,Attention: proche expiration,4,23,9,False,False,normal,pluvieux
2022-10-02 06:11:29,Hôpital Militaire,O+,51,7,0,44,4.0,8,98.9,normale,"État satisfaisant, contrôle qualité OK",6,6,10,True,False,normal,nuageux
2022-10-02 06:39:02,Hôpital Militaire,O+,37,5,0,32,4.6,37,100.0,normale,Urgent: vérifier température stockage,6,6,10,True,False,normal,orageux
2022-10-02 06:46:36,Hôpital Militaire,O-,40,4,0,36,3.9,1,53.8,attention,"État satisfaisant, contrôle qualité OK",6,6,10,True,False,normal,orageux
2022-10-02 15:32:45,Hôpital Militaire,A-,28,7,0,21,5.2,16,99.4,normale,Parfait pour transfusion immédiate,6,15,10,True,False,normal,ensoleillé
2022-10-02 21:26:25,Hôpital Militaire,O+,24,5,0,19,3.5,22,95.7,faible,"Bon état général, légère variation température",6,21,10,True,False,normal,nuageux
2022-10-02 21:58:49,Hôpital Militaire,A+,56,4,30,82,4.4,29,100.0,normale,"État satisfaisant, contrôle qualité OK",6,21,10,True,False,normal,ensoleillé
2022-10-03 07:15:39,Hôpital Militaire,A+,38,11,0,27,3.4,8,96.1,normale,"État satisfaisant, contrôle qualité OK",0,7,10,False,False,normal,orageux
2022-10-04 03:19:47,Hôpital Militaire,O+,12,0,0,12,4.3,1,67.2,faible,Contrôle bactériologique négatif,1,3,10,False,False,normal,ensoleillé
2022-10-04 05:54:13,Hôpital Militaire,O+,21,8,0,13,4.2,3,85.5,faible,"Bon état général, légère variation température",1,5,10,False,False,normal,nuageux
2022-10-05 14:17:55,Hôpital Militaire,O+,30,10,26,46,3.7,23,93.9,normale,Attention: proche expiration,2,14,10,False,False,normal,ensoleillé
2022-10-05 22:02:51,Hôpital Militaire,A+,55,5,20,70,3.5,30,99.0,normale,"Excellent état, conservation parfaite",2,22,10,False,False,normal,pluvieux
2022-10-06 14:19:30,Hôpital Militaire,A+,62,5,0,57,4.7,1,56.2,attention,Attention: proche expiration,3,14,10,False,False,normal,orageux
2022-10-06 16:12:08,Hôpital Militaire,A+,44,9,22,57,3.3,15,100.0,normale,Parfait pour transfusion immédiate,3,16,10,False,False,normal,nuageux
2022-10-06 16:26:01,Hôpital Militaire,A+,47,6,25,66,3.8,1,59.9,attention,Contrôle bactériologique négatif,3,16,10,False,False,normal,ensoleillé
2022-10-07 01:05:00,Hôpital Militaire,B+,13,9,0,4,3.8,12,100.0,critique,"URGENT: Stock critique - Bon état général, légère variation température",4,1,10,False,False,normal,ensoleillé
2022-10-07 08:15:41,Hôpital Militaire,A+,35,4,0,31,4.2,21,100.0,normale,Attention: proche expiration,4,8,10,False,False,normal,nuageux
2022-10-07 18:58:17,Hôpital Militaire,A+,64,13,0,51,4.0,25,100.0,normale,"Excellent état, conservation parfaite",4,18,10,False,False,normal,ensoleillé
2022-10-07 20:15:10,Hôpital Militaire,AB-,49,10,0,39,3.8,8,100.0,normale,"État satisfaisant, contrôle qualité OK",4,20,10,False,False,normal,ensoleillé
2022-10-07 20:36:05,Hôpital Militaire,O+,52,5,0,47,4.5,13,100.0,normale,Parfait pour transfusion immédiate,4,20,10,False,False,normal,orageux
2022-10-07 21:52:42,Hôpital Militaire,B+,55,7,0,48,4.6,1,57.4,attention,Contrôle bactériologique négatif,4,21,10,False,False,normal,ensoleillé
2022-10-08 06:20:19,Hôpital Militaire,O+,37,6,0,31,3.5,9,100.0,normale,"Excellent état, conservation parfaite",5,6,10,True,False,normal,orageux
2022-10-09 14:46:04,Hôpital Militaire,O+,45,7,0,38,4.4,1,55.2,attention,Parfait pour transfusion immédiate,6,14,10,True,False,normal,ensoleillé
2022-10-10 05:02:32,Hôpital Militaire,O+,29,7,0,22,4.1,12,97.6,normale,Contrôle bactériologique négatif,0,5,10,False,False,normal,ensoleillé
2022-10-10 06:54:19,Hôpital Militaire,O+,32,4,24,52,4.3,3,91.3,normale,Parfait pour transfusion immédiate,0,6,10,False,False,normal,ensoleillé
2022-10-10 17:16:30,Hôpital Militaire,O+,42,11,19,50,4.1,1,54.2,attention,Hémoglobine dans les normes,0,17,10,False,False,normal,ensoleillé
2022-10-12 13:20:02,Hôpital Militaire,A+,87,9,0,78,4.0,26,97.8,normale,Hémoglobine dans les normes,2,13,10,False,False,normal,pluvieux
2022-10-12 17:45:35,Hôpital Militaire,B-,30,6,0,24,4.1,19,99.9,normale,Parfait pour transfusion immédiate,2,17,10,False,False,normal,nuageux
2022-10-13 11:50:47,Hôpital Militaire,A-,58,7,25,76,4.4,19,100.0,normale,"État satisfaisant, contrôle qualité OK",3,11,10,False,False,normal,ensoleillé
2022-10-13 20:22:28,Hôpital Militaire,A+,49,9,0,40,3.9,1,59.8,attention,Hémoglobine dans les normes,3,20,10,False,False,normal,ensoleillé
2022-10-14 06:48:11,Hôpital Militaire,A+,49,9,19,59,4.0,7,97.8,normale,"État satisfaisant, contrôle qualité OK",4,6,10,False,False,normal,ensoleillé
2022-10-14 15:59:07,Hôpital Militaire,B-,50,2,0,48,4.8,18,99.7,normale,Parfait pour transfusion immédiate,4,15,10,False,False,normal,ensoleillé
2022-10-14 18:41:05,Hôpital Militaire,B-,50,3,22,69,3.6,35,97.8,normale,Parfait pour transfusion immédiate,4,18,10,False,False,normal,pluvieux
2022-10-14 18:48:48,Hôpital Militaire,A+,73,5,25,93,3.7,8,96.0,normale,"Excellent état, conservation parfaite",4,18,10,False,False,normal,pluvieux
2022-10-15 17:08:16,Hôpital Militaire,A+,19,4,22,37,4.3,2,71.7,normale,"Excellent état, conservation parfaite",5,17,10,True,False,normal,orageux
2022-10-16 14:49:11,Hôpital Militaire,B+,37,6,0,31,3.0,10,100.0,normale,"Bon état général, légère variation température",6,14,10,True,False,normal,pluvieux
2022-10-16 17:21:14,Hôpital Militaire,O+,19,6,0,13,3.8,15,100.0,faible,Hémoglobine dans les normes,6,17,10,True,False,normal,nuageux
2022-10-17 06:47:52,Hôpital Militaire,A+,47,5,22,64,4.0,11,95.6,normale,Parfait pour transfusion immédiate,0,6,10,False,False,normal,nuageux
2022-10-17 13:38:52,Hôpital Militaire,O+,64,10,0,54,3.7,17,100.0,normale,"État satisfaisant, contrôle qualité OK",0,13,10,False,False,normal,pluvieux
2022-10-17 17:29:18,Hôpital Militaire,O+,64,4,0,60,4.3,36,96.3,normale,"Excellent état, conservation parfaite",0,17,10,False,False,normal,ensoleillé
2022-10-17 18:11:07,Hôpital Militaire,B+,41,3,0,38,3.8,3,85.6,normale,"Excellent état, conservation parfaite",0,18,10,False,False,normal,nuageux
2022-10-17 19:06:51,Hôpital Militaire,O+,41,8,0,33,4.3,1,61.0,attention,"État satisfaisant, contrôle qualité OK",0,19,10,False,False,normal,pluvieux
2022-10-17 19:39:24,Hôpital Militaire,B+,63,11,0,52,3.7,23,97.6,normale,"Bon état général, légère variation température",0,19,10,False,False,normal,pluvieux
2022-10-18 08:31:28,Hôpital Militaire,A+,56,12,0,44,4.2,10,99.7,normale,Hémoglobine dans les normes,1,8,10,False,False,normal,pluvieux
2022-10-18 14:05:39,Hôpital Militaire,O+,54,9,21,66,3.2,32,99.6,normale,Parfait pour transfusion immédiate,1,14,10,False,False,normal,ensoleillé
2022-10-18 20:27:26,Hôpital Militaire,O+,42,5,0,37,4.0,4,84.4,normale,Contrôle bactériologique négatif,1,20,10,False,False,normal,nuageux
2022-10-19 07:40:56,Hôpital Militaire,O+,46,8,17,55,4.2,2,82.3,normale,Attention: proche expiration,2,7,10,False,False,normal,orageux
2022-10-19 10:59:42,Hôpital Militaire,O+,46,8,0,38,3.8,19,96.9,normale,"Excellent état, conservation parfaite",2,10,10,False,False,normal,orageux
2022-10-20 09:43:35,Hôpital Militaire,A+,43,8,15,50,3.3,1,53.6,attention,Urgent: vérifier température stockage,3,9,10,False,False,normal,pluvieux
2022-10-20 14:34:02,Hôpital Militaire,AB+,55,10,0,45,3.0,52,100.0,normale,"Excellent état, conservation parfaite",3,14,10,False,False,normal,ensoleillé
2022-10-21 10:39:34,Hôpital Militaire,O+,45,4,0,41,4.7,18,96.3,normale,"Excellent état, conservation parfaite",4,10,10,False,False,normal,ensoleillé
2022-10-22 11:46:48,Hôpital Militaire,O+,23,5,0,18,3.8,17,98.4,faible,Hémoglobine dans les normes,5,11,10,True,False,normal,ensoleillé
2022-10-22 17:03:02,Hôpital Militaire,AB-,44,4,0,40,3.6,15,97.7,normale,Urgent: vérifier température stockage,5,17,10,True,False,normal,pluvieux
2022-10-23 14:24:07,Hôpital Militaire,AB+,20,8,0,12,4.0,3,75.5,faible,"Excellent état, conservation parfaite",6,14,10,True,False,normal,pluvieux
2022-10-23 17:21:33,Hôpital Militaire,O+,39,2,23,60,3.4,26,100.0,normale,Parfait pour transfusion immédiate,6,17,10,True,False,normal,pluvieux
2022-10-24 06:03:51,Hôpital Militaire,O+,49,13,0,36,4.6,5,100.0,normale,"Bon état général, légère variation température",0,6,10,False,False,normal,nuageux
2022-10-24 06:39:13,Hôpital Militaire,AB+,48,3,0,45,2.7,8,97.0,normale,"État satisfaisant, contrôle qualité OK",0,6,10,False,False,normal,nuageux
2022-10-24 09:07:06,Hôpital Militaire,B+,35,11,0,24,4.0,24,100.0,normale,"Bon état général, légère variation température",0,9,10,False,False,normal,pluvieux
2022-10-25 08:55:23,Hôpital Militaire,O+,38,8,21,51,3.7,7,98.0,normale,Parfait pour transfusion immédiate,1,8,10,False,False,normal,pluvieux
2022-10-25 10:47:54,Hôpital Militaire,O+,43,3,0,40,4.1,9,97.3,normale,Parfait pour transfusion immédiate,1,10,10,False,False,normal,nuageux
2022-10-25 12:26:52,Hôpital Militaire,A+,49,6,21,64,4.0,24,95.5,normale,Contrôle bactériologique négatif,1,12,10,False,False,normal,nuageux
2022-10-25 22:48:56,Hôpital Militaire,B+,47,12,0,35,4.4,32,97.4,normale,"Bon état général, légère variation température",1,22,10,False,False,normal,ensoleillé
2022-10-26 18:37:52,Hôpital Militaire,A+,56,6,0,50,4.1,5,100.0,normale,"État satisfaisant, contrôle qualité OK",2,18,10,False,False,normal,ensoleillé
2022-10-27 17:14:55,Hôpital Militaire,A+,58,5,0,53,4.3,52,100.0,normale,"Excellent état, conservation parfaite",3,17,10,False,False,normal,pluvieux
2022-10-28 02:03:50,Hôpital Militaire,A+,24,0,20,44,4.5,10,100.0,normale,Contrôle bactériologique négatif,4,2,10,False,False,urgence_médicale,pluvieux
2022-10-28 11:11:15,Hôpital Militaire,A+,50,8,19,61,4.2,6,100.0,normale,"État satisfaisant, contrôle qualité OK",4,11,10,False,False,normal,ensoleillé
2022-10-28 16:10:50,Hôpital Militaire,A+,26,7,27,46,4.8,1,67.6,attention,"Excellent état, conservation parfaite",4,16,10,False,False,normal,ensoleillé
2022-10-28 23:21:10,Hôpital Militaire,O+,17,6,21,32,4.9,20,96.6,normale,"Excellent état, conservation parfaite",4,23,10,False,False,normal,orageux
2022-10-29 01:10:04,Hôpital Militaire,O+,27,1,0,26,4.6,15,94.8,normale,"État satisfaisant, contrôle qualité OK",5,1,10,True,False,normal,nuageux
2022-10-29 05:06:27,Hôpital Militaire,A-,21,2,29,48,4.1,11,100.0,normale,Hémoglobine dans les normes,5,5,10,True,False,normal,nuageux
2022-10-29 16:43:14,Hôpital Militaire,O+,31,4,0,27,4.1,2,81.1,normale,Contrôle bactériologique négatif,5,16,10,True,False,normal,pluvieux
2022-10-30 00:49:25,Hôpital Militaire,A+,12,4,0,8,3.9,20,99.9,critique,URGENT: Stock critique - Contrôle bactériologique négatif,6,0,10,True,False,normal,orageux
2022-10-30 12:50:27,Hôpital Militaire,A+,14,7,0,7,4.0,48,100.0,critique,"URGENT: Stock critique - État satisfaisant, contrôle qualité OK",6,12,10,True,False,normal,ensoleillé
2022-10-31 06:35:06,Hôpital Militaire,A+,66,5,26,87,4.1,11,98.1,normale,"Excellent état, conservation parfaite",0,6,10,False,False,normal,nuageux
2022-10-31 11:45:47,Hôpital Militaire,A+,58,1,0,57,4.0,8,100.0,normale,Attention: proche expiration,0,11,10,False,False,normal,pluvieux
2022-10-31 16:37:46,Hôpital Militaire,O+,56,6,0,50,4.2,16,100.0,normale,"État satisfaisant, contrôle qualité OK",0,16,10,False,False,normal,nuageux
2022-11-01 10:37:35,Hôpital Militaire,A-,87,2,0,85,5.0,10,100.0,normale,Parfait pour transfusion immédiate,1,10,11,False,False,urgence_médicale,pluvieux
2022-11-01 12:50:36,Hôpital Militaire,A+,56,10,0,46,3.8,15,100.0,normale,"État satisfaisant, contrôle qualité OK",1,12,11,False,False,normal,pluvieux
2022-11-02 03:11:28,Hôpital Militaire,O+,26,2,14,38,4.7,1,60.7,attention,"Excellent état, conservation parfaite",2,3,11,False,False,accident_route,nuageux
2022-11-02 05:12:15,Hôpital Militaire,B+,24,14,0,10,3.2,2,79.2,faible,Contrôle bactériologique négatif,2,5,11,False,False,normal,ensoleillé
2022-11-03 06:42:08,Hôpital Militaire,O+,35,11,0,24,4.8,5,100.0,normale,Urgent: vérifier température stockage,3,6,11,False,False,normal,ensoleillé
2022-11-03 08:35:20,Hôpital Militaire,B+,76,4,24,96,4.0,17,100.0,normale,Urgent: vérifier température stockage,3,8,11,False,False,normal,nuageux
2022-11-03 22:00:05,Hôpital Militaire,O+,42,4,0,38,4.1,1,65.3,attention,Urgent: vérifier température stockage,3,22,11,False,False,normal,ensoleillé
2022-11-04 10:06:41,Hôpital Militaire,B+,32,9,17,40,5.0,6,96.3,normale,Hémoglobine dans les normes,4,10,11,False,False,normal,nuageux
2022-11-04 10:21:13,Hôpital Militaire,AB+,45,7,0,38,3.8,56,96.3,normale,"Excellent état, conservation parfaite",4,10,11,False,False,épidémie,nuageux
2022-11-04 10:24:05,Hôpital Militaire,O-,42,9,19,52,3.8,11,99.4,normale,Contrôle bactériologique négatif,4,10,11,False,False,normal,nuageux
2022-11-04 14:53:40,Hôpital Militaire,A+,65,6,0,59,4.2,3,77.9,normale,"Excellent état, conservation parfaite",4,14,11,False,False,normal,ensoleillé
2022-11-04 18:31:55,Hôpital Militaire,A+,60,4,0,56,4.9,3,86.1,normale,"Bon état général, légère variation température",4,18,11,False,False,normal,ensoleillé
2022-11-05 03:04:50,Hôpital Militaire,A+,17,4,20,33,4.2,7,91.7,normale,Hémoglobine dans les normes,5,3,11,True,False,normal,ensoleillé
2022-11-05 07:32:25,Hôpital Militaire,O-,41,8,17,50,2.5,21,100.0,normale,"Bon état général, légère variation température",5,7,11,True,False,normal,pluvieux
2022-11-05 17:19:42,Hôpital Militaire,O+,40,6,0,34,3.9,7,92.2,normale,Parfait pour transfusion immédiate,5,17,11,True,False,normal,pluvieux
2022-11-05 21:57:40,Hôpital Militaire,A+,18,6,0,12,4.1,5,100.0,faible,Attention: proche expiration,5,21,11,True,False,normal,ensoleillé
2022-11-06 06:14:23,Hôpital Militaire,AB-,29,6,0,23,4.0,15,100.0,normale,"Bon état général, légère variation température",6,6,11,True,False,normal,ensoleillé
2022-11-06 08:46:33,Hôpital Militaire,B+,23,6,0,17,3.7,1,59.8,faible,"État satisfaisant, contrôle qualité OK",6,8,11,True,False,normal,ensoleillé
2022-11-06 20:36:21,Hôpital Militaire,B+,37,1,0,36,4.7,1,65.9,attention,"Bon état général, légère variation température",6,20,11,True,False,normal,pluvieux
2022-11-07 09:24:52,Hôpital Militaire,O+,59,8,0,51,4.3,5,100.0,normale,"Bon état général, légère variation température",0,9,11,False,False,normal,ensoleillé
2022-11-07 16:56:46,Hôpital Militaire,O+,46,10,0,36,4.6,2,82.2,normale,Contrôle bactériologique négatif,0,16,11,False,False,accident_route,ensoleillé
2022-11-07 20:55:51,Hôpital Militaire,A+,29,13,20,36,3.8,3,93.7,normale,Attention: proche expiration,0,20,11,False,False,normal,ensoleillé
2022-11-08 07:45:38,Hôpital Militaire,O-,51,3,0,48,3.5,2,89.5,normale,Hémoglobine dans les normes,1,7,11,False,False,normal,pluvieux
2022-11-09 00:36:06,Hôpital Militaire,O+,21,4,0,17,4.2,18,93.3,faible,Attention: proche expiration,2,0,11,False,False,normal,nuageux
2022-11-09 13:17:12,Hôpital Militaire,B-,48,7,0,41,4.0,13,100.0,normale,"État satisfaisant, contrôle qualité OK",2,13,11,False,False,normal,ensoleillé
2022-11-09 21:40:57,Hôpital Militaire,B+,62,5,0,57,4.2,8,97.9,normale,"État satisfaisant, contrôle qualité OK",2,21,11,False,False,normal,orageux
2022-11-10 07:38:38,Hôpital Militaire,O-,33,9,0,24,3.9,21,85.0,normale,Attention: proche expiration,3,7,11,False,False,normal,ensoleillé
2022-11-10 07:47:58,Hôpital Militaire,A+,25,11,24,38,3.9,1,71.9,normale,Parfait pour transfusion immédiate,3,7,11,False,False,normal,nuageux
2022-11-11 02:35:00,Hôpital Militaire,O+,35,8,28,55,3.1,6,90.6,normale,Parfait pour transfusion immédiate,4,2,11,False,False,normal,nuageux
2022-11-11 22:09:13,Hôpital Militaire,O+,47,5,15,57,4.3,53,99.9,normale,"Bon état général, légère variation température",4,22,11,False,False,normal,ensoleillé
2022-11-12 12:18:27,Hôpital Militaire,O+,32,7,0,25,4.0,2,81.4,normale,"Excellent état, conservation parfaite",5,12,11,True,False,normal,nuageux
2022-11-14 04:09:36,Hôpital Militaire,B-,13,9,0,4,3.7,14,95.7,critique,"URGENT: Stock critique - État satisfaisant, contrôle qualité OK",0,4,11,False,False,campagne_don,ensoleillé
2022-11-14 13:49:55,Hôpital Militaire,O+,57,3,0,54,4.8,7,99.5,normale,Contrôle bactériologique négatif,0,13,11,False,False,normal,pluvieux
2022-11-14 18:49:01,Hôpital Militaire,O+,36,7,0,29,4.0,16,97.5,normale,"État satisfaisant, contrôle qualité OK",0,18,11,False,False,normal,pluvieux
2022-11-15 01:46:02,Hôpital Militaire,O+,28,6,0,22,4.1,38,100.0,normale,Parfait pour transfusion immédiate,1,1,11,False,False,normal,pluvieux
2022-11-15 10:33:19,Hôpital Militaire,A-,69,7,0,62,3.9,9,100.0,normale,"Bon état général, légère variation température",1,10,11,False,False,accident_route,pluvieux
2022-11-16 10:17:18,Hôpital Militaire,A+,48,6,0,42,3.8,5,92.8,normale,Attention: proche expiration,2,10,11,False,False,normal,nuageux
2022-11-17 01:12:04,Hôpital Militaire,O+,25,6,23,42,3.7,1,56.7,attention,Attention: proche expiration,3,1,11,False,False,normal,ensoleillé
2022-11-17 07:32:53,Hôpital Militaire,O+,48,6,0,42,3.6,11,100.0,normale,Contrôle bactériologique négatif,3,7,11,False,False,normal,ensoleillé
2022-11-17 08:24:31,Hôpital Militaire,O+,60,7,0,53,3.5,21,98.3,normale,Contrôle bactériologique négatif,3,8,11,False,False,normal,pluvieux
2022-11-17 12:26:14,Hôpital Militaire,B-,51,8,19,62,3.6,4,90.7,normale,Contrôle bactériologique négatif,3,12,11,False,False,normal,pluvieux
2022-11-17 17:05:10,Hôpital Militaire,B+,41,5,0,36,3.5,25,96.9,normale,Urgent: vérifier température stockage,3,17,11,False,False,normal,nuageux
2022-11-18 09:58:43,Hôpital Militaire,A+,61,7,0,54,5.0,56,100.0,normale,Parfait pour transfusion immédiate,4,9,11,False,False,normal,pluvieux
2022-11-18 10:02:38,Hôpital Militaire,O+,57,6,0,51,3.6,5,100.0,normale,"Bon état général, légère variation température",4,10,11,False,False,normal,pluvieux
2022-11-18 13:16:13,Hôpital Militaire,B+,52,3,0,49,4.6,4,83.0,normale,Attention: proche expiration,4,13,11,False,False,normal,pluvieux
2022-11-18 17:07:54,Hôpital Militaire,O+,41,2,0,39,4.1,1,60.0,attention,Parfait pour transfusion immédiate,4,17,11,False,False,normal,ensoleillé
2022-11-18 17:42:55,Hôpital Militaire,O+,40,7,0,33,4.1,21,100.0,normale,Attention: proche expiration,4,17,11,False,False,normal,pluvieux
2022-11-18 19:22:38,Hôpital Militaire,A+,59,9,0,50,4.9,53,91.2,normale,Parfait pour transfusion immédiate,4,19,11,False,False,normal,nuageux
2022-11-18 21:44:25,Hôpital Militaire,O+,79,6,0,73,4.1,44,100.0,normale,Hémoglobine dans les normes,4,21,11,False,False,normal,nuageux
2022-11-19 01:18:08,Hôpital Militaire,A+,24,9,0,15,4.0,8,97.1,faible,Parfait pour transfusion immédiate,5,1,11,True,False,normal,nuageux
2022-11-19 11:02:15,Hôpital Militaire,A+,15,8,0,7,3.9,8,100.0,critique,URGENT: Stock critique - Contrôle bactériologique négatif,5,11,11,True,False,normal,nuageux
2022-11-20 17:12:24,Hôpital Militaire,O-,38,5,0,33,4.1,4,84.1,normale,Parfait pour transfusion immédiate,6,17,11,True,False,normal,ensoleillé
2022-11-21 03:39:26,Hôpital Militaire,A+,22,12,17,27,3.1,14,100.0,normale,Attention: proche expiration,0,3,11,False,False,normal,orageux
2022-11-21 10:22:47,Hôpital Militaire,A+,54,7,25,72,3.2,1,66.9,attention,Parfait pour transfusion immédiate,0,10,11,False,False,normal,ensoleillé
2022-11-21 20:15:26,Hôpital Militaire,A+,70,7,0,63,3.9,7,97.5,normale,Parfait pour transfusion immédiate,0,20,11,False,False,normal,pluvieux
2022-11-23 02:14:41,Hôpital Militaire,B-,37,4,0,33,3.3,24,100.0,normale,Hémoglobine dans les normes,2,2,11,False,False,normal,pluvieux
2022-11-23 06:27:44,Hôpital Militaire,B+,45,7,0,38,4.3,10,100.0,normale,"État satisfaisant, contrôle qualité OK",2,6,11,False,False,normal,pluvieux
2022-11-23 13:41:15,Hôpital Militaire,A-,36,9,0,27,3.8,14,100.0,normale,Urgent: vérifier température stockage,2,13,11,False,False,normal,pluvieux
2022-11-23 18:07:06,Hôpital Militaire,O+,33,5,29,57,3.8,19,97.9,normale,Attention: proche expiration,2,18,11,False,False,normal,ensoleillé
2022-11-24 16:26:37,Hôpital Militaire,B+,49,9,15,55,3.9,14,91.5,normale,"Bon état général, légère variation température",3,16,11,False,False,normal,orageux
2022-11-24 21:37:55,Hôpital Militaire,A+,37,7,0,30,3.2,16,99.4,normale,Contrôle bactériologique négatif,3,21,11,False,False,normal,pluvieux
2022-11-25 11:58:13,Hôpital Militaire,A+,38,7,0,31,3.9,7,100.0,normale,Attention: proche expiration,4,11,11,False,False,normal,ensoleillé
2022-11-25 13:25:51,Hôpital Militaire,A+,47,8,0,39,4.6,15,100.0,normale,"Bon état général, légère variation température",4,13,11,False,False,normal,nuageux
2022-11-25 15:40:36,Hôpital Militaire,O+,47,2,20,65,2.6,5,100.0,normale,Contrôle bactériologique négatif,4,15,11,False,False,normal,ensoleillé
2022-11-25 20:52:00,Hôpital Militaire,A-,77,9,0,68,3.1,14,100.0,normale,"Excellent état, conservation parfaite",4,20,11,False,False,normal,nuageux
2022-11-26 00:00:52,Hôpital Militaire,A+,21,6,0,15,4.1,12,100.0,faible,Hémoglobine dans les normes,5,0,11,True,False,normal,pluvieux
2022-11-26 00:04:40,Hôpital Militaire,A-,8,2,0,6,3.7,26,100.0,critique,"URGENT: Stock critique - Excellent état, conservation parfaite",5,0,11,True,False,campagne_don,pluvieux
2022-11-26 02:17:30,Hôpital Militaire,O+,13,7,0,6,4.8,16,100.0,critique,"URGENT: Stock critique - État satisfaisant, contrôle qualité OK",5,2,11,True,False,normal,orageux
2022-11-26 06:52:05,Hôpital Militaire,A+,40,5,0,35,4.0,10,96.0,normale,Contrôle bactériologique négatif,5,6,11,True,False,normal,pluvieux
2022-11-26 08:12:29,Hôpital Militaire,A+,32,4,0,28,4.0,14,94.4,normale,"Excellent état, conservation parfaite",5,8,11,True,False,normal,pluvieux
2022-11-26 17:14:50,Hôpital Militaire,B+,27,4,0,23,4.5,7,100.0,normale,"État satisfaisant, contrôle qualité OK",5,17,11,True,False,normal,ensoleillé
2022-11-27 05:09:53,Hôpital Militaire,O+,24,4,0,20,4.3,23,95.7,normale,"Excellent état, conservation parfaite",6,5,11,True,False,normal,nuageux
2022-11-28 04:06:04,Hôpital Militaire,A+,39,9,0,30,4.2,6,90.5,normale,"Excellent état, conservation parfaite",0,4,11,False,False,normal,ensoleillé
2022-11-28 05:53:01,Hôpital Militaire,O+,24,5,24,43,3.5,21,96.4,normale,"Bon état général, légère variation température",0,5,11,False,False,normal,pluvieux
2022-11-28 11:27:27,Hôpital Militaire,O+,35,10,19,44,4.3,17,95.9,normale,"Bon état général, légère variation température",0,11,11,False,False,normal,nuageux
2022-11-28 17:49:51,Hôpital Militaire,O+,38,15,0,23,4.1,2,88.2,normale,Parfait pour transfusion immédiate,0,17,11,False,False,normal,ensoleillé
2022-11-29 03:09:10,Hôpital Militaire,O+,43,6,21,58,3.5,7,92.6,normale,Hémoglobine dans les normes,1,3,11,False,False,normal,nuageux
2022-11-29 17:32:41,Hôpital Militaire,B-,44,8,12,48,4.5,24,100.0,normale,"Bon état général, légère variation température",1,17,11,False,False,normal,ensoleillé
2022-11-30 11:11:24,Hôpital Militaire,O-,66,11,19,74,3.7,6,93.2,normale,Hémoglobine dans les normes,2,11,11,False,False,normal,ensoleillé
2022-11-30 12:46:38,Hôpital Militaire,O-,22,11,0,11,3.2,1,72.4,faible,"État satisfaisant, contrôle qualité OK",2,12,11,False,False,normal,ensoleillé
2022-12-01 07:21:24,Hôpital Militaire,O+,67,3,0,64,3.1,5,94.7,normale,Parfait pour transfusion immédiate,3,7,12,False,True,normal,nuageux
2022-12-01 10:27:58,Hôpital Militaire,AB+,78,2,0,76,4.1,19,100.0,normale,Hémoglobine dans les normes,3,10,12,False,True,normal,ensoleillé
2022-12-01 11:05:56,Hôpital Militaire,A+,98,10,26,114,3.9,14,100.0,normale,Attention: proche expiration,3,11,12,False,True,normal,pluvieux
2022-12-02 00:26:58,Hôpital Militaire,O+,28,9,0,19,3.7,9,98.8,faible,"État satisfaisant, contrôle qualité OK",4,0,12,False,True,normal,ensoleillé
2022-12-02 03:41:01,Hôpital Militaire,A+,29,6,20,43,4.6,8,100.0,normale,Urgent: vérifier température stockage,4,3,12,False,True,normal,ensoleillé
2022-12-03 04:52:11,Hôpital Militaire,O+,13,2,0,11,3.3,7,100.0,faible,"État satisfaisant, contrôle qualité OK",5,4,12,True,True,normal,ensoleillé
2022-12-04 05:21:35,Hôpital Militaire,A+,22,7,0,15,3.7,5,99.0,faible,Hémoglobine dans les normes,6,5,12,True,True,normal,nuageux
2022-12-04 14:57:10,Hôpital Militaire,O+,31,9,0,22,3.6,5,100.0,normale,Contrôle bactériologique négatif,6,14,12,True,True,normal,orageux
2022-12-05 04:01:25,Hôpital Militaire,O+,36,13,0,23,3.8,1,59.6,attention,Parfait pour transfusion immédiate,0,4,12,False,True,normal,nuageux
2022-12-05 16:42:14,Hôpital Militaire,O+,58,8,28,78,3.5,1,64.6,attention,Parfait pour transfusion immédiate,0,16,12,False,True,normal,ensoleillé
2022-12-05 18:06:24,Hôpital Militaire,B+,80,8,15,87,4.3,5,100.0,normale,Hémoglobine dans les normes,0,18,12,False,True,normal,pluvieux
2022-12-06 22:49:25,Hôpital Militaire,O+,52,10,0,42,4.0,15,100.0,normale,Contrôle bactériologique négatif,1,22,12,False,True,normal,orageux
2022-12-07 00:24:20,Hôpital Militaire,O-,26,11,0,15,3.8,3,90.3,faible,Contrôle bactériologique négatif,2,0,12,False,True,normal,pluvieux
2022-12-07 06:46:38,Hôpital Militaire,O+,94,5,24,113,3.7,2,86.4,normale,Parfait pour transfusion immédiate,2,6,12,False,True,normal,pluvieux
2022-12-07 13:23:33,Hôpital Militaire,O+,71,7,0,64,3.9,33,90.2,normale,"Bon état général, légère variation température",2,13,12,False,True,normal,nuageux
2022-12-07 23:01:55,Hôpital Militaire,A+,18,12,0,6,3.8,10,95.7,critique,URGENT: Stock critique - Urgent: vérifier température stockage,2,23,12,False,True,normal,nuageux
2022-12-08 07:24:57,Hôpital Militaire,AB+,47,9,24,62,4.3,28,91.5,normale,Contrôle bactériologique négatif,3,7,12,False,True,normal,ensoleillé
2022-12-08 11:57:54,Hôpital Militaire,O+,65,13,0,52,4.4,27,99.2,normale,"Excellent état, conservation parfaite",3,11,12,False,True,normal,pluvieux
2022-12-08 13:17:05,Hôpital Militaire,O+,56,12,0,44,4.1,1,65.5,attention,"Excellent état, conservation parfaite",3,13,12,False,True,normal,ensoleillé
2022-12-08 16:18:22,Hôpital Militaire,A+,41,6,0,35,3.0,7,100.0,normale,Attention: proche expiration,3,16,12,False,True,normal,pluvieux
2022-12-08 20:02:52,Hôpital Militaire,O-,53,5,16,64,4.4,10,100.0,normale,Contrôle bactériologique négatif,3,20,12,False,True,normal,pluvieux
2022-12-09 04:54:36,Hôpital Militaire,A+,28,14,0,14,3.2,22,100.0,faible,"Bon état général, légère variation température",4,4,12,False,True,normal,nuageux
2022-12-09 09:32:23,Hôpital Militaire,O+,66,6,0,60,3.6,8,100.0,normale,"État satisfaisant, contrôle qualité OK",4,9,12,False,True,normal,nuageux
2022-12-10 02:11:39,Hôpital Militaire,A+,19,9,0,10,4.0,3,82.6,faible,"État satisfaisant, contrôle qualité OK",5,2,12,True,True,normal,nuageux
2022-12-10 06:19:10,Hôpital Militaire,A+,41,7,0,34,3.7,1,54.5,attention,"Bon état général, légère variation température",5,6,12,True,True,normal,pluvieux
2022-12-10 09:26:40,Hôpital Militaire,A+,40,10,24,54,3.6,64,95.9,normale,Urgent: vérifier température stockage,5,9,12,True,True,normal,ensoleillé
2022-12-10 11:45:12,Hôpital Militaire,O+,31,8,0,23,4.9,10,100.0,normale,Contrôle bactériologique négatif,5,11,12,True,True,normal,pluvieux
2022-12-10 16:52:45,Hôpital Militaire,O+,36,7,0,29,4.4,5,100.0,normale,"Excellent état, conservation parfaite",5,16,12,True,True,normal,ensoleillé
2022-12-11 02:20:43,Hôpital Militaire,B+,17,8,0,9,4.1,6,100.0,critique,"URGENT: Stock critique - Bon état général, légère variation température",6,2,12,True,True,normal,ensoleillé
2022-12-11 03:18:31,Hôpital Militaire,B+,15,5,0,10,3.9,9,97.6,faible,Urgent: vérifier température stockage,6,3,12,True,True,normal,ensoleillé
2022-12-11 09:15:35,Hôpital Militaire,B+,52,6,23,69,4.3,19,99.0,normale,Parfait pour transfusion immédiate,6,9,12,True,True,normal,ensoleillé
2022-12-11 14:46:03,Hôpital Militaire,B+,43,4,0,39,3.3,1,63.4,attention,Attention: proche expiration,6,14,12,True,True,normal,pluvieux
2022-12-12 00:27:50,Hôpital Militaire,B-,26,10,14,30,3.2,4,83.9,normale,Parfait pour transfusion immédiate,0,0,12,False,True,normal,ensoleillé
2022-12-12 09:43:53,Hôpital Militaire,B+,46,9,0,37,4.1,14,100.0,normale,Contrôle bactériologique négatif,0,9,12,False,True,normal,ensoleillé
2022-12-13 00:23:57,Hôpital Militaire,O+,22,9,18,31,3.4,7,95.7,normale,Contrôle bactériologique négatif,1,0,12,False,True,normal,ensoleillé
2022-12-13 05:51:12,Hôpital Militaire,O+,35,11,20,44,4.4,26,97.6,normale,Hémoglobine dans les normes,1,5,12,False,True,épidémie,orageux
2022-12-13 14:51:23,Hôpital Militaire,A-,63,11,0,52,4.2,5,100.0,normale,Hémoglobine dans les normes,1,14,12,False,True,normal,nuageux
2022-12-13 20:14:48,Hôpital Militaire,AB-,77,9,0,68,3.5,7,100.0,normale,Contrôle bactériologique négatif,1,20,12,False,True,normal,ensoleillé
2022-12-13 21:47:07,Hôpital Militaire,A+,60,9,0,51,5.3,7,100.0,normale,Attention: proche expiration,1,21,12,False,True,normal,nuageux
2022-12-13 23:59:09,Hôpital Militaire,O+,33,6,0,27,4.7,2,84.8,normale,Urgent: vérifier température stockage,1,23,12,False,True,normal,nuageux
2022-12-14 03:22:52,Hôpital Militaire,A+,30,11,0,19,4.1,39,100.0,faible,Hémoglobine dans les normes,2,3,12,False,True,normal,pluvieux
2022-12-15 02:34:44,Hôpital Militaire,A+,7,8,24,24,3.5,10,92.4,normale,"État satisfaisant, contrôle qualité OK",3,2,12,False,True,normal,orageux
2022-12-15 10:32:15,Hôpital Militaire,A+,24,6,0,18,4.9,1,62.3,faible,Hémoglobine dans les normes,3,10,12,False,True,normal,ensoleillé
2022-12-15 21:45:27,Hôpital Militaire,O+,74,7,15,82,3.9,1,59.7,attention,"État satisfaisant, contrôle qualité OK",3,21,12,False,True,normal,pluvieux
2022-12-16 04:41:08,Hôpital Militaire,A+,36,12,21,45,4.0,2,90.3,normale,"État satisfaisant, contrôle qualité OK",4,4,12,False,True,normal,pluvieux
2022-12-16 13:45:20,Hôpital Militaire,O+,79,7,23,95,3.6,16,100.0,normale,Contrôle bactériologique négatif,4,13,12,False,True,normal,pluvieux
2022-12-16 13:54:30,Hôpital Militaire,O+,66,5,0,61,3.8,45,100.0,normale,"État satisfaisant, contrôle qualité OK",4,13,12,False,True,normal,pluvieux
2022-12-16 21:59:51,Hôpital Militaire,A+,59,13,0,46,4.4,5,100.0,normale,Hémoglobine dans les normes,4,21,12,False,True,normal,nuageux
2022-12-17 02:11:50,Hôpital Militaire,A+,24,4,0,20,4.3,17,100.0,normale,Hémoglobine dans les normes,5,2,12,True,True,normal,orageux
2022-12-17 03:33:30,Hôpital Militaire,A+,21,4,22,39,4.5,19,100.0,normale,"Excellent état, conservation parfaite",5,3,12,True,True,normal,orageux
2022-12-17 20:15:45,Hôpital Militaire,A-,49,6,0,43,4.0,9,96.9,normale,Contrôle bactériologique négatif,5,20,12,True,True,normal,pluvieux
2022-12-18 01:59:30,Hôpital Militaire,O+,21,4,0,17,4.4,8,92.2,faible,Urgent: vérifier température stockage,6,1,12,True,True,normal,orageux
2022-12-18 11:48:59,Hôpital Militaire,O+,47,9,19,57,4.1,11,98.4,normale,Urgent: vérifier température stockage,6,11,12,True,True,normal,nuageux
2022-12-18 16:11:34,Hôpital Militaire,O+,46,8,0,38,3.5,14,97.0,normale,"Bon état général, légère variation température",6,16,12,True,True,normal,ensoleillé
2022-12-18 23:17:02,Hôpital Militaire,B+,20,4,20,36,3.4,21,98.3,normale,Hémoglobine dans les normes,6,23,12,True,True,normal,pluvieux
2022-12-19 04:35:26,Hôpital Militaire,O+,15,10,0,5,4.6,8,99.9,critique,URGENT: Stock critique - Hémoglobine dans les normes,0,4,12,False,True,normal,ensoleillé
2022-12-19 08:34:13,Hôpital Militaire,A+,70,10,0,60,4.1,24,99.6,normale,Parfait pour transfusion immédiate,0,8,12,False,True,normal,orageux
2022-12-20 03:10:05,Hôpital Militaire,A+,30,3,0,27,3.5,53,100.0,normale,Urgent: vérifier température stockage,1,3,12,False,True,normal,ensoleillé
2022-12-20 06:50:49,Hôpital Militaire,B+,61,10,10,61,4.1,19,100.0,normale,"Bon état général, légère variation température",1,6,12,False,True,normal,pluvieux
2022-12-20 17:34:21,Hôpital Militaire,A-,74,14,17,77,3.7,42,99.2,normale,"Excellent état, conservation parfaite",1,17,12,False,True,normal,pluvieux
2022-12-21 04:59:24,Hôpital Militaire,O+,16,10,20,26,4.4,15,95.9,normale,Attention: proche expiration,2,4,12,False,True,normal,pluvieux
2022-12-21 08:19:55,Hôpital Militaire,A+,77,21,21,77,3.9,15,100.0,normale,Urgent: vérifier température stockage,2,8,12,False,True,normal,orageux
2022-12-21 12:49:11,Hôpital Militaire,B-,45,7,0,38,4.0,13,100.0,normale,Contrôle bactériologique négatif,2,12,12,False,True,normal,nuageux
2022-12-21 13:03:54,Hôpital Militaire,O+,64,8,15,71,4.1,17,98.9,normale,Hémoglobine dans les normes,2,13,12,False,True,normal,nuageux
2022-12-22 15:08:23,Hôpital Militaire,B+,102,7,0,95,3.7,31,98.2,normale,"État satisfaisant, contrôle qualité OK",3,15,12,False,True,normal,pluvieux
2022-12-22 17:28:57,Hôpital Militaire,B+,24,10,0,14,3.4,3,90.6,faible,Urgent: vérifier température stockage,3,17,12,False,True,normal,pluvieux
2022-12-22 23:03:40,Hôpital Militaire,O-,33,12,0,21,4.0,20,97.4,normale,Urgent: vérifier température stockage,3,23,12,False,True,normal,orageux
2022-12-23 07:10:17,Hôpital Militaire,A+,35,13,0,22,4.6,2,84.6,normale,"Bon état général, légère variation température",4,7,12,False,True,normal,pluvieux
2022-12-24 02:09:45,Hôpital Militaire,O+,24,11,21,34,3.7,11,100.0,normale,Hémoglobine dans les normes,5,2,12,True,True,normal,ensoleillé
2022-12-25 03:41:13,Hôpital Militaire,A+,20,10,0,10,3.7,14,100.0,faible,"Bon état général, légère variation température",6,3,12,True,True,normal,ensoleillé
2022-12-25 06:36:23,Hôpital Militaire,O+,65,3,0,62,4.5,15,99.8,normale,"Bon état général, légère variation température",6,6,12,True,True,normal,nuageux
2022-12-25 10:00:43,Hôpital Militaire,AB+,37,9,0,28,4.2,12,96.2,normale,"Excellent état, conservation parfaite",6,10,12,True,True,normal,pluvieux
2022-12-25 21:18:49,Hôpital Militaire,B+,37,5,0,32,5.4,5,98.3,normale,Hémoglobine dans les normes,6,21,12,True,True,normal,orageux
2022-12-26 10:31:33,Hôpital Militaire,A+,71,0,0,71,3.5,1,68.4,attention,Attention: proche expiration,0,10,12,False,True,normal,nuageux
2022-12-26 13:14:19,Hôpital Militaire,O+,82,9,16,89,4.1,15,98.4,normale,Parfait pour transfusion immédiate,0,13,12,False,True,normal,nuageux
2022-12-27 13:39:33,Hôpital Militaire,B+,62,10,14,66,3.7,7,99.3,normale,Contrôle bactériologique négatif,1,13,12,False,True,normal,ensoleillé
2022-12-28 03:02:28,Hôpital Militaire,A-,29,12,0,17,4.1,18,98.9,faible,"Bon état général, légère variation température",2,3,12,False,True,normal,ensoleillé
2022-12-28 04:00:29,Hôpital Militaire,O+,13,9,17,21,4.0,27,95.0,normale,"Bon état général, légère variation température",2,4,12,False,True,normal,pluvieux
2022-12-28 05:18:31,Hôpital Militaire,B+,21,10,21,32,3.7,6,98.1,normale,Attention: proche expiration,2,5,12,False,True,normal,nuageux
2022-12-28 21:02:13,Hôpital Militaire,A+,40,6,0,34,5.1,3,80.4,normale,Parfait pour transfusion immédiate,2,21,12,False,True,normal,pluvieux
2022-12-28 22:56:43,Hôpital Militaire,A+,66,6,0,60,3.7,9,92.9,normale,"Bon état général, légère variation température",2,22,12,False,True,normal,ensoleillé
2022-12-29 07:40:44,Hôpital Militaire,O+,63,13,0,50,4.9,16,100.0,normale,Urgent: vérifier température stockage,3,7,12,False,True,normal,ensoleillé
2022-12-29 15:11:51,Hôpital Militaire,O+,60,5,0,55,3.6,9,100.0,normale,Urgent: vérifier température stockage,3,15,12,False,True,normal,ensoleillé
2022-12-30 12:32:22,Hôpital Militaire,A+,66,7,18,77,4.1,17,100.0,normale,Contrôle bactériologique négatif,4,12,12,False,True,normal,pluvieux
2022-12-30 13:04:56,Hôpital Militaire,O+,73,2,0,71,4.4,13,97.4,normale,"Bon état général, légère variation température",4,13,12,False,True,normal,pluvieux
2022-12-31 02:23:05,Hôpital Militaire,B+,19,5,0,14,3.4,1,59.9,faible,Attention: proche expiration,5,2,12,True,True,normal,pluvieux
2022-12-31 10:29:01,Hôpital Militaire,A+,49,6,0,43,4.1,3,79.2,normale,Contrôle bactériologique négatif,5,10,12,True,True,normal,pluvieux
2022-12-31 15:56:20,Hôpital Militaire,O+,48,7,0,41,4.3,6,96.6,normale,Contrôle bactériologique négatif,5,15,12,True,True,normal,nuageux
2023-01-01 07:09:17,Hôpital Militaire,A+,44,7,0,37,4.7,15,100.0,normale,Contrôle bactériologique négatif,6,7,1,True,True,normal,ensoleillé
2023-01-01 15:08:49,Hôpital Militaire,O+,36,7,0,29,4.4,13,98.3,normale,Parfait pour transfusion immédiate,6,15,1,True,True,épidémie,nuageux
2023-01-02 07:21:46,Hôpital Militaire,O+,55,10,0,45,3.7,19,98.9,normale,Hémoglobine dans les normes,0,7,1,False,True,normal,ensoleillé
2023-01-02 16:39:19,Hôpital Militaire,O+,53,10,0,43,3.7,3,80.9,normale,"Bon état général, légère variation température",0,16,1,False,True,normal,ensoleillé
2023-01-02 22:14:49,Hôpital Militaire,O+,24,12,0,12,3.9,15,97.0,faible,Hémoglobine dans les normes,0,22,1,False,True,normal,pluvieux
2023-01-03 06:06:25,Hôpital Militaire,A+,61,3,17,75,4.1,14,98.7,normale,"Excellent état, conservation parfaite",1,6,1,False,True,normal,nuageux
2023-01-03 12:21:05,Hôpital Militaire,A+,28,12,0,16,4.8,10,100.0,faible,"Excellent état, conservation parfaite",1,12,1,False,True,normal,ensoleillé
2023-01-03 16:48:40,Hôpital Militaire,O+,68,12,0,56,4.4,8,95.1,normale,"Excellent état, conservation parfaite",1,16,1,False,True,normal,orageux
2023-01-03 19:59:48,Hôpital Militaire,O+,56,1,19,74,3.2,6,100.0,normale,Parfait pour transfusion immédiate,1,19,1,False,True,normal,nuageux
2023-01-04 11:23:19,Hôpital Militaire,O+,53,8,0,45,4.0,22,94.6,normale,"État satisfaisant, contrôle qualité OK",2,11,1,False,True,normal,orageux
2023-01-05 02:42:32,Hôpital Militaire,O+,28,9,24,43,4.0,10,99.2,normale,"État satisfaisant, contrôle qualité OK",3,2,1,False,True,normal,ensoleillé
2023-01-05 10:22:03,Hôpital Militaire,A+,33,7,20,46,3.8,68,100.0,normale,Parfait pour transfusion immédiate,3,10,1,False,True,normal,ensoleillé
2023-01-05 11:41:02,Hôpital Militaire,AB-,70,8,0,62,3.7,1,66.7,attention,Attention: proche expiration,3,11,1,False,True,normal,nuageux
2023-01-05 18:02:31,Hôpital Militaire,AB-,70,11,0,59,4.0,10,100.0,normale,Contrôle bactériologique négatif,3,18,1,False,True,normal,nuageux
2023-01-06 03:38:15,Hôpital Militaire,O+,16,5,21,32,4.0,38,100.0,normale,Urgent: vérifier température stockage,4,3,1,False,True,normal,ensoleillé
2023-01-06 13:10:29,Hôpital Militaire,O+,56,10,0,46,3.8,47,99.1,normale,Contrôle bactériologique négatif,4,13,1,False,True,normal,ensoleillé
2023-01-07 01:31:03,Hôpital Militaire,A+,12,8,0,4,3.5,3,85.5,critique,URGENT: Stock critique - Urgent: vérifier température stockage,5,1,1,True,True,normal,pluvieux
2023-01-07 11:07:59,Hôpital Militaire,O-,50,6,0,44,3.8,10,95.9,normale,"Bon état général, légère variation température",5,11,1,True,True,normal,ensoleillé
2023-01-07 13:28:53,Hôpital Militaire,O+,64,7,0,57,4.9,2,82.0,normale,"Excellent état, conservation parfaite",5,13,1,True,True,normal,ensoleillé
2023-01-07 23:43:55,Hôpital Militaire,O+,13,5,27,35,3.3,14,95.0,normale,Attention: proche expiration,5,23,1,True,True,normal,nuageux
2023-01-08 10:52:03,Hôpital Militaire,A+,43,7,15,51,4.7,6,99.0,normale,Contrôle bactériologique négatif,6,10,1,True,True,normal,pluvieux
2023-01-08 13:57:57,Hôpital Militaire,O+,49,9,0,40,4.4,3,85.5,normale,Urgent: vérifier température stockage,6,13,1,True,True,normal,ensoleillé
2023-01-09 23:43:37,Hôpital Militaire,B+,24,8,14,30,3.2,40,95.8,normale,"Bon état général, légère variation température",0,23,1,False,True,normal,orageux
2023-01-10 08:34:30,Hôpital Militaire,A+,51,13,0,38,4.7,21,100.0,normale,"État satisfaisant, contrôle qualité OK",1,8,1,False,True,normal,pluvieux
2023-01-11 02:30:15,Hôpital Militaire,O+,22,5,16,33,4.0,5,100.0,normale,Urgent: vérifier température stockage,2,2,1,False,True,normal,ensoleillé
2023-01-11 12:34:12,Hôpital Militaire,O+,51,6,19,64,4.4,16,98.8,normale,Attention: proche expiration,2,12,1,False,True,normal,nuageux
2023-01-12 02:06:57,Hôpital Militaire,A+,34,10,0,24,4.4,3,87.0,normale,"Bon état général, légère variation température",3,2,1,False,True,normal,pluvieux
2023-01-12 06:59:42,Hôpital Militaire,O+,78,10,21,89,4.0,1,50.6,attention,"Bon état général, légère variation température",3,6,1,False,True,normal,nuageux
2023-01-12 10:45:26,Hôpital Militaire,O+,68,10,0,58,3.8,5,96.4,normale,"Bon état général, légère variation température",3,10,1,False,True,normal,ensoleillé
2023-01-12 12:35:05,Hôpital Militaire,A+,58,9,0,49,3.3,24,92.1,normale,Urgent: vérifier température stockage,3,12,1,False,True,normal,orageux
2023-01-13 23:15:28,Hôpital Militaire,O+,34,2,0,32,4.3,3,80.9,normale,Contrôle bactériologique négatif,4,23,1,False,True,normal,nuageux
2023-01-13 23:29:31,Hôpital Militaire,O-,37,12,17,42,3.5,7,100.0,normale,"Bon état général, légère variation température",4,23,1,False,True,normal,ensoleillé
2023-01-14 17:09:56,Hôpital Militaire,A+,39,4,22,57,4.4,26,100.0,normale,Attention: proche expiration,5,17,1,True,True,normal,nuageux
2023-01-15 11:45:04,Hôpital Militaire,O-,33,9,27,51,4.6,14,97.1,normale,Hémoglobine dans les normes,6,11,1,True,True,normal,pluvieux
2023-01-15 15:38:42,Hôpital Militaire,O+,49,3,0,46,3.9,15,98.8,normale,Attention: proche expiration,6,15,1,True,True,normal,nuageux
2023-01-15 19:40:41,Hôpital Militaire,A-,49,7,0,42,4.3,11,99.9,normale,Hémoglobine dans les normes,6,19,1,True,True,normal,pluvieux
2023-01-15 23:35:55,Hôpital Militaire,AB-,15,5,17,27,4.2,2,87.2,normale,Attention: proche expiration,6,23,1,True,True,normal,ensoleillé
2023-01-15 23:57:20,Hôpital Militaire,O+,31,1,0,30,3.3,37,100.0,normale,Hémoglobine dans les normes,6,23,1,True,True,normal,ensoleillé
2023-01-16 02:05:23,Hôpital Militaire,O+,32,13,0,19,3.5,4,84.7,faible,"Excellent état, conservation parfaite",0,2,1,False,True,normal,ensoleillé
2023-01-17 01:10:43,Hôpital Militaire,A+,14,2,0,12,4.4,7,96.2,faible,"État satisfaisant, contrôle qualité OK",1,1,1,False,True,normal,ensoleillé
2023-01-17 01:21:52,Hôpital Militaire,O+,41,15,0,26,4.1,6,98.5,normale,Contrôle bactériologique négatif,1,1,1,False,True,normal,pluvieux
2023-01-17 12:38:07,Hôpital Militaire,A+,82,3,24,103,4.4,10,96.4,normale,"Bon état général, légère variation température",1,12,1,False,True,normal,orageux
2023-01-17 16:27:44,Hôpital Militaire,A+,65,9,0,56,4.2,10,100.0,normale,Attention: proche expiration,1,16,1,False,True,normal,pluvieux
2023-01-17 22:49:13,Hôpital Militaire,O+,62,13,0,49,5.0,28,100.0,normale,Parfait pour transfusion immédiate,1,22,1,False,True,normal,pluvieux
2023-01-18 07:02:24,Hôpital Militaire,B+,90,7,0,83,4.5,9,100.0,normale,"Bon état général, légère variation température",2,7,1,False,True,normal,ensoleillé
2023-01-19 18:42:02,Hôpital Militaire,O+,55,4,16,67,3.8,21,96.5,normale,Parfait pour transfusion immédiate,3,18,1,False,True,normal,pluvieux
2023-01-19 22:19:45,Hôpital Militaire,O+,76,9,0,67,4.5,13,99.2,normale,Urgent: vérifier température stockage,3,22,1,False,True,normal,pluvieux
2023-01-19 22:32:27,Hôpital Militaire,B+,56,13,0,43,3.8,5,86.5,normale,Parfait pour transfusion immédiate,3,22,1,False,True,normal,pluvieux
2023-01-20 06:09:18,Hôpital Militaire,B-,75,14,0,61,4.9,15,98.3,normale,Attention: proche expiration,4,6,1,False,True,normal,nuageux
2023-01-21 03:01:58,Hôpital Militaire,O+,24,2,0,22,4.0,14,98.2,normale,Contrôle bactériologique négatif,5,3,1,True,True,normal,ensoleillé
2023-01-21 09:33:35,Hôpital Militaire,O-,50,6,25,69,4.6,15,100.0,normale,"Excellent état, conservation parfaite",5,9,1,True,True,normal,ensoleillé
2023-01-21 12:14:17,Hôpital Militaire,B+,35,4,16,47,4.8,12,86.6,normale,Hémoglobine dans les normes,5,12,1,True,True,normal,ensoleillé
2023-01-21 12:43:20,Hôpital Militaire,B+,54,7,0,47,4.0,13,97.1,normale,Hémoglobine dans les normes,5,12,1,True,True,normal,pluvieux
2023-01-21 13:48:27,Hôpital Militaire,O+,40,1,0,39,3.4,14,100.0,normale,Parfait pour transfusion immédiate,5,13,1,True,True,normal,nuageux
2023-01-21 19:40:03,Hôpital Militaire,O+,57,11,0,46,4.3,12,94.2,normale,Parfait pour transfusion immédiate,5,19,1,True,True,normal,ensoleillé
2023-01-22 01:45:58,Hôpital Militaire,A+,27,3,0,24,4.8,3,84.8,normale,Contrôle bactériologique négatif,6,1,1,True,True,normal,pluvieux
2023-01-22 13:49:34,Hôpital Militaire,O+,69,8,0,61,3.9,9,95.7,normale,Parfait pour transfusion immédiate,6,13,1,True,True,normal,pluvieux
2023-01-22 20:06:08,Hôpital Militaire,O+,30,5,0,25,4.1,11,100.0,normale,Contrôle bactériologique négatif,6,20,1,True,True,normal,orageux
2023-01-23 07:21:54,Hôpital Militaire,O+,54,7,0,47,3.5,4,77.6,normale,Contrôle bactériologique négatif,0,7,1,False,True,normal,ensoleillé
2023-01-23 14:01:18,Hôpital Militaire,O+,47,6,0,41,3.6,19,99.2,normale,"Bon état général, légère variation température",0,14,1,False,True,normal,ensoleillé
2023-01-24 01:10:42,Hôpital Militaire,O+,22,15,12,19,4.2,40,100.0,faible,Hémoglobine dans les normes,1,1,1,False,True,normal,ensoleillé
2023-01-24 02:47:15,Hôpital Militaire,AB+,36,0,0,36,4.3,5,100.0,normale,"État satisfaisant, contrôle qualité OK",1,2,1,False,True,normal,pluvieux
2023-01-24 13:18:30,Hôpital Militaire,A+,40,14,0,26,4.0,9,90.4,normale,"État satisfaisant, contrôle qualité OK",1,13,1,False,True,normal,pluvieux
2023-01-24 17:21:30,Hôpital Militaire,O+,34,12,0,22,3.2,13,100.0,normale,Hémoglobine dans les normes,1,17,1,False,True,normal,nuageux
2023-01-24 20:30:06,Hôpital Militaire,A+,63,2,18,79,4.3,6,100.0,normale,Urgent: vérifier température stockage,1,20,1,False,True,normal,ensoleillé
2023-01-25 04:13:46,Hôpital Militaire,O-,9,7,25,27,4.0,4,82.4,normale,"État satisfaisant, contrôle qualité OK",2,4,1,False,True,normal,orageux
2023-01-25 11:42:26,Hôpital Militaire,B+,104,15,0,89,4.0,16,100.0,normale,Urgent: vérifier température stockage,2,11,1,False,True,normal,ensoleillé
2023-01-25 22:05:27,Hôpital Militaire,A+,45,13,0,32,4.2,5,100.0,normale,Contrôle bactériologique négatif,2,22,1,False,True,normal,ensoleillé
2023-01-25 23:50:59,Hôpital Militaire,A+,22,10,17,29,4.3,16,98.2,normale,"Excellent état, conservation parfaite",2,23,1,False,True,normal,nuageux
2023-01-27 17:56:34,Hôpital Militaire,A+,81,10,17,88,4.7,46,100.0,normale,Attention: proche expiration,4,17,1,False,True,normal,pluvieux
2023-01-28 01:44:49,Hôpital Militaire,A+,15,8,16,23,3.6,48,98.6,normale,Contrôle bactériologique négatif,5,1,1,True,True,normal,pluvieux
2023-01-28 04:11:24,Hôpital Militaire,O+,13,6,0,7,3.7,8,100.0,critique,"URGENT: Stock critique - Excellent état, conservation parfaite",5,4,1,True,True,normal,orageux
2023-01-28 12:30:19,Hôpital Militaire,B+,38,6,0,32,4.0,21,100.0,normale,Parfait pour transfusion immédiate,5,12,1,True,True,normal,pluvieux
2023-01-28 14:57:42,Hôpital Militaire,A+,51,7,22,66,4.4,5,100.0,normale,Hémoglobine dans les normes,5,14,1,True,True,normal,pluvieux
2023-01-28 16:09:18,Hôpital Militaire,A+,42,2,0,40,4.4,15,95.4,normale,"Excellent état, conservation parfaite",5,16,1,True,True,normal,pluvieux
2023-01-29 11:54:22,Hôpital Militaire,O+,55,8,0,47,3.9,24,99.7,normale,"État satisfaisant, contrôle qualité OK",6,11,1,True,True,normal,ensoleillé
2023-01-29 21:26:55,Hôpital Militaire,O+,35,7,0,28,4.3,13,98.4,normale,Attention: proche expiration,6,21,1,True,True,normal,ensoleillé
2023-01-30 02:47:23,Hôpital Militaire,A+,41,11,0,30,3.6,14,100.0,normale,Contrôle bactériologique négatif,0,2,1,False,True,normal,pluvieux
2023-01-30 07:31:19,Hôpital Militaire,A+,107,8,0,99,4.0,17,100.0,normale,"État satisfaisant, contrôle qualité OK",0,7,1,False,True,normal,nuageux
2023-01-30 10:36:33,Hôpital Militaire,A+,65,9,0,56,4.5,17,100.0,normale,Hémoglobine dans les normes,0,10,1,False,True,normal,ensoleillé
2023-01-31 10:43:53,Hôpital Militaire,O+,85,0,0,85,4.3,15,100.0,normale,Attention: proche expiration,1,10,1,False,True,normal,pluvieux
2023-02-01 15:41:42,Hôpital Militaire,O+,42,7,25,60,3.9,8,100.0,normale,Hémoglobine dans les normes,2,15,2,False,False,normal,nuageux
2023-02-02 00:58:26,Hôpital Militaire,O+,26,5,0,21,3.2,3,89.0,normale,Urgent: vérifier température stockage,3,0,2,False,False,normal,ensoleillé
2023-02-02 02:47:28,Hôpital Militaire,A+,28,6,0,22,3.8,3,81.6,normale,"État satisfaisant, contrôle qualité OK",3,2,2,False,False,normal,ensoleillé
2023-02-02 08:37:53,Hôpital Militaire,A-,77,11,0,66,4.2,74,85.7,normale,"État satisfaisant, contrôle qualité OK",3,8,2,False,False,normal,pluvieux
2023-02-02 10:52:44,Hôpital Militaire,O+,48,6,0,42,4.4,14,100.0,normale,"État satisfaisant, contrôle qualité OK",3,10,2,False,False,normal,ensoleillé
2023-02-03 04:21:17,Hôpital Militaire,A+,30,9,12,33,4.0,17,100.0,normale,Attention: proche expiration,4,4,2,False,False,normal,ensoleillé
2023-02-03 07:35:35,Hôpital Militaire,O+,28,8,0,20,4.6,8,100.0,normale,Contrôle bactériologique négatif,4,7,2,False,False,normal,ensoleillé
2023-02-03 17:35:19,Hôpital Militaire,O+,51,6,17,62,3.5,12,100.0,normale,Urgent: vérifier température stockage,4,17,2,False,False,normal,nuageux
2023-02-04 08:12:08,Hôpital Militaire,O+,54,4,0,50,4.0,8,93.4,normale,Contrôle bactériologique négatif,5,8,2,True,False,normal,nuageux
2023-02-04 19:23:00,Hôpital Militaire,O+,50,7,18,61,5.0,45,100.0,normale,"Bon état général, légère variation température",5,19,2,True,False,normal,pluvieux
2023-02-04 22:30:03,Hôpital Militaire,A+,36,2,0,34,3.8,10,100.0,normale,Attention: proche expiration,5,22,2,True,False,normal,pluvieux
2023-02-05 07:17:59,Hôpital Militaire,AB+,20,3,0,17,3.4,34,100.0,faible,Contrôle bactériologique négatif,6,7,2,True,False,normal,ensoleillé
2023-02-05 07:26:47,Hôpital Militaire,A+,43,6,0,37,3.5,1,58.6,attention,"Excellent état, conservation parfaite",6,7,2,True,False,normal,nuageux
2023-02-05 08:43:18,Hôpital Militaire,B+,27,3,16,40,4.4,18,100.0,normale,Hémoglobine dans les normes,6,8,2,True,False,normal,ensoleillé
2023-02-05 21:17:55,Hôpital Militaire,O+,36,6,24,54,4.7,22,99.4,normale,Contrôle bactériologique négatif,6,21,2,True,False,normal,ensoleillé
2023-02-06 19:03:04,Hôpital Militaire,O+,37,11,0,26,4.0,27,97.4,normale,Urgent: vérifier température stockage,0,19,2,False,False,normal,ensoleillé
2023-02-07 06:04:49,Hôpital Militaire,O+,66,3,20,83,4.2,3,92.4,normale,Urgent: vérifier température stockage,1,6,2,False,False,normal,pluvieux
2023-02-07 10:07:25,Hôpital Militaire,O+,66,9,0,57,4.0,44,100.0,normale,"Excellent état, conservation parfaite",1,10,2,False,False,normal,ensoleillé
2023-02-07 20:57:21,Hôpital Militaire,A+,57,2,23,78,4.3,23,100.0,normale,"Excellent état, conservation parfaite",1,20,2,False,False,normal,orageux
2023-02-08 02:11:13,Hôpital Militaire,O+,28,9,0,19,4.7,24,100.0,faible,"Excellent état, conservation parfaite",2,2,2,False,False,normal,orageux
2023-02-08 14:25:40,Hôpital Militaire,A+,69,5,0,64,3.9,1,57.0,attention,Contrôle bactériologique négatif,2,14,2,False,False,normal,pluvieux
2023-02-09 02:52:44,Hôpital Militaire,B+,27,10,0,17,4.0,26,95.6,faible,Urgent: vérifier température stockage,3,2,2,False,False,normal,ensoleillé
2023-02-09 10:19:15,Hôpital Militaire,A+,46,4,18,60,4.1,4,86.0,normale,Contrôle bactériologique négatif,3,10,2,False,False,normal,orageux
2023-02-09 10:53:02,Hôpital Militaire,A+,31,10,0,21,5.1,10,100.0,normale,Contrôle bactériologique négatif,3,10,2,False,False,normal,ensoleillé
2023-02-09 14:56:42,Hôpital Militaire,O+,51,8,0,43,4.7,14,98.0,normale,Urgent: vérifier température stockage,3,14,2,False,False,normal,pluvieux
2023-02-09 18:05:33,Hôpital Militaire,A+,55,5,0,50,3.9,11,100.0,normale,Parfait pour transfusion immédiate,3,18,2,False,False,normal,nuageux
2023-02-09 18:17:04,Hôpital Militaire,A+,46,9,0,37,4.1,3,77.5,normale,Contrôle bactériologique négatif,3,18,2,False,False,normal,ensoleillé
2023-02-09 18:44:14,Hôpital Militaire,O+,32,8,11,35,3.8,26,96.0,normale,Contrôle bactériologique négatif,3,18,2,False,False,normal,nuageux
2023-02-10 20:51:48,Hôpital Militaire,A-,29,11,21,39,4.3,7,88.9,normale,"État satisfaisant, contrôle qualité OK",4,20,2,False,False,normal,nuageux
2023-02-11 05:31:35,Hôpital Militaire,A+,15,7,0,8,3.2,14,100.0,critique,"URGENT: Stock critique - Excellent état, conservation parfaite",5,5,2,True,False,normal,ensoleillé
2023-02-11 08:09:00,Hôpital Militaire,O+,28,5,0,23,4.1,4,87.1,normale,"Excellent état, conservation parfaite",5,8,2,True,False,normal,ensoleillé
2023-02-11 10:22:58,Hôpital Militaire,A+,32,5,21,48,3.9,33,100.0,normale,"Bon état général, légère variation température",5,10,2,True,False,normal,pluvieux
2023-02-11 23:22:11,Hôpital Militaire,A+,14,5,0,9,2.8,17,100.0,critique,"URGENT: Stock critique - État satisfaisant, contrôle qualité OK",5,23,2,True,False,normal,ensoleillé
2023-02-11 23:44:49,Hôpital Militaire,A+,24,6,0,18,4.2,9,96.3,faible,"Excellent état, conservation parfaite",5,23,2,True,False,normal,pluvieux
2023-02-12 07:15:08,Hôpital Militaire,A+,49,3,19,65,3.3,8,100.0,normale,Hémoglobine dans les normes,6,7,2,True,False,normal,ensoleillé
2023-02-12 08:42:00,Hôpital Militaire,O+,46,5,28,69,4.0,1,60.5,attention,Contrôle bactériologique négatif,6,8,2,True,False,normal,nuageux
2023-02-12 23:33:31,Hôpital Militaire,A+,17,4,0,13,4.6,1,60.1,faible,"État satisfaisant, contrôle qualité OK",6,23,2,True,False,normal,ensoleillé
2023-02-13 12:26:19,Hôpital Militaire,O-,42,9,0,33,3.5,1,59.4,attention,"État satisfaisant, contrôle qualité OK",0,12,2,False,False,normal,pluvieux
2023-02-13 20:57:26,Hôpital Militaire,B+,51,9,13,55,4.4,1,52.5,attention,"État satisfaisant, contrôle qualité OK",0,20,2,False,False,normal,ensoleillé
2023-02-13 21:51:03,Hôpital Militaire,B+,59,7,24,76,4.6,25,100.0,normale,"État satisfaisant, contrôle qualité OK",0,21,2,False,False,normal,orageux
2023-02-13 23:15:39,Hôpital Militaire,A+,17,11,14,20,4.6,2,80.6,normale,Attention: proche expiration,0,23,2,False,False,normal,nuageux
2023-02-14 15:14:26,Hôpital Militaire,O+,57,4,22,75,3.6,10,99.6,normale,"Bon état général, légère variation température",1,15,2,False,False,normal,pluvieux
2023-02-14 20:33:08,Hôpital Militaire,A+,39,7,25,57,4.8,57,100.0,normale,Contrôle bactériologique négatif,1,20,2,False,False,normal,ensoleillé
2023-02-15 05:36:02,Hôpital Militaire,B+,28,2,0,26,3.0,1,61.7,attention,Hémoglobine dans les normes,2,5,2,False,False,normal,orageux
2023-02-15 18:16:07,Hôpital Militaire,B+,35,8,0,27,4.0,9,100.0,normale,Hémoglobine dans les normes,2,18,2,False,False,normal,ensoleillé
2023-02-15 23:24:22,Hôpital Militaire,O+,18,4,18,32,3.5,11,95.1,normale,Hémoglobine dans les normes,2,23,2,False,False,normal,pluvieux
2023-02-16 22:30:32,Hôpital Militaire,A+,59,9,0,50,4.7,22,100.0,normale,Attention: proche expiration,3,22,2,False,False,normal,ensoleillé
2023-02-17 00:54:50,Hôpital Militaire,O+,31,5,0,26,4.2,5,100.0,normale,"Excellent état, conservation parfaite",4,0,2,False,False,normal,pluvieux
2023-02-17 09:04:20,Hôpital Militaire,A+,40,7,0,33,4.6,6,100.0,normale,"Bon état général, légère variation température",4,9,2,False,False,normal,nuageux
2023-02-17 18:34:20,Hôpital Militaire,O+,47,11,0,36,4.8,13,89.5,normale,Contrôle bactériologique négatif,4,18,2,False,False,épidémie,nuageux
2023-02-18 03:57:40,Hôpital Militaire,A+,17,4,0,13,4.5,9,100.0,faible,Hémoglobine dans les normes,5,3,2,True,False,normal,ensoleillé
2023-02-18 09:09:35,Hôpital Militaire,A+,15,2,0,13,3.6,13,100.0,faible,Hémoglobine dans les normes,5,9,2,True,False,normal,pluvieux
2023-02-18 11:32:01,Hôpital Militaire,A+,39,5,0,34,3.5,16,100.0,normale,"Excellent état, conservation parfaite",5,11,2,True,False,normal,nuageux
2023-02-18 18:36:29,Hôpital Militaire,O+,41,3,0,38,3.9,15,95.2,normale,Parfait pour transfusion immédiate,5,18,2,True,False,normal,pluvieux
2023-02-19 11:49:32,Hôpital Militaire,B+,31,5,0,26,4.1,7,95.5,normale,Contrôle bactériologique négatif,6,11,2,True,False,normal,pluvieux
2023-02-19 17:21:49,Hôpital Militaire,O+,15,5,13,23,3.6,26,100.0,normale,"Excellent état, conservation parfaite",6,17,2,True,False,normal,orageux
2023-02-19 18:41:21,Hôpital Militaire,AB-,30,4,0,26,4.1,1,65.2,attention,Urgent: vérifier température stockage,6,18,2,True,False,normal,pluvieux
2023-02-19 20:47:10,Hôpital Militaire,O+,37,5,0,32,4.1,2,76.0,normale,"Bon état général, légère variation température",6,20,2,True,False,normal,ensoleillé
2023-02-20 06:09:23,Hôpital Militaire,B+,38,10,0,28,4.0,25,98.7,normale,Parfait pour transfusion immédiate,0,6,2,False,False,normal,nuageux
2023-02-21 00:58:12,Hôpital Militaire,AB+,33,5,0,28,4.1,1,56.3,attention,"Bon état général, légère variation température",1,0,2,False,False,normal,pluvieux
2023-02-21 01:16:31,Hôpital Militaire,A+,25,6,0,19,3.7,10,93.4,faible,Hémoglobine dans les normes,1,1,2,False,False,normal,nuageux
2023-02-21 11:47:08,Hôpital Militaire,O+,42,8,15,49,4.4,5,100.0,normale,Hémoglobine dans les normes,1,11,2,False,False,normal,orageux
2023-02-22 04:45:48,Hôpital Militaire,A+,33,4,0,29,4.7,12,100.0,normale,Contrôle bactériologique négatif,2,4,2,False,False,normal,ensoleillé
2023-02-22 13:45:03,Hôpital Militaire,A+,33,7,23,49,3.9,37,100.0,normale,Attention: proche expiration,2,13,2,False,False,normal,ensoleillé
2023-02-22 14:13:54,Hôpital Militaire,O-,58,11,0,47,3.6,9,100.0,normale,Hémoglobine dans les normes,2,14,2,False,False,normal,ensoleillé
2023-02-23 07:49:12,Hôpital Militaire,O+,70,4,24,90,3.4,40,97.2,normale,"État satisfaisant, contrôle qualité OK",3,7,2,False,False,normal,pluvieux
2023-02-23 15:15:53,Hôpital Militaire,A+,66,9,0,57,2.7,23,99.9,normale,Urgent: vérifier température stockage,3,15,2,False,False,normal,ensoleillé
2023-02-23 21:01:09,Hôpital Militaire,O+,72,3,12,81,4.9,7,100.0,normale,"Excellent état, conservation parfaite",3,21,2,False,False,normal,ensoleillé
2023-02-23 22:45:13,Hôpital Militaire,A+,46,4,0,42,4.6,8,99.9,normale,Urgent: vérifier température stockage,3,22,2,False,False,normal,ensoleillé
2023-02-24 04:18:38,Hôpital Militaire,A+,24,5,0,19,4.2,17,100.0,faible,Parfait pour transfusion immédiate,4,4,2,False,False,normal,orageux
2023-02-24 05:51:07,Hôpital Militaire,AB-,27,8,27,46,4.0,21,99.1,normale,"Excellent état, conservation parfaite",4,5,2,False,False,normal,ensoleillé
2023-02-24 07:50:33,Hôpital Militaire,A+,72,11,21,82,4.5,49,94.9,normale,Hémoglobine dans les normes,4,7,2,False,False,normal,pluvieux
2023-02-24 09:01:10,Hôpital Militaire,O-,65,8,0,57,4.8,1,59.4,attention,Attention: proche expiration,4,9,2,False,False,normal,nuageux
2023-02-24 14:20:45,Hôpital Militaire,O-,36,9,21,48,4.2,3,83.9,normale,"Excellent état, conservation parfaite",4,14,2,False,False,normal,ensoleillé
2023-02-24 14:45:12,Hôpital Militaire,A-,42,5,0,37,3.5,15,94.0,normale,Urgent: vérifier température stockage,4,14,2,False,False,normal,ensoleillé
2023-02-24 20:37:13,Hôpital Militaire,O+,64,8,0,56,4.9,9,97.6,normale,Urgent: vérifier température stockage,4,20,2,False,False,normal,ensoleillé
2023-02-25 00:38:42,Hôpital Militaire,O+,19,3,0,16,3.7,16,100.0,faible,Urgent: vérifier température stockage,5,0,2,True,False,normal,pluvieux
2023-02-25 13:48:21,Hôpital Militaire,A+,17,3,13,27,3.3,21,100.0,normale,Parfait pour transfusion immédiate,5,13,2,True,False,normal,nuageux
2023-02-26 03:58:11,Hôpital Militaire,A+,20,5,0,15,3.7,11,100.0,faible,"Excellent état, conservation parfaite",6,3,2,True,False,normal,orageux
2023-02-27 02:16:14,Hôpital Militaire,A+,26,9,19,36,4.3,8,100.0,normale,Attention: proche expiration,0,2,2,False,False,normal,orageux
2023-02-27 07:31:57,Hôpital Militaire,A+,36,5,26,57,4.6,9,86.7,normale,Contrôle bactériologique négatif,0,7,2,False,False,normal,pluvieux
2023-02-27 23:22:42,Hôpital Militaire,O+,33,8,0,25,4.7,23,98.7,normale,Attention: proche expiration,0,23,2,False,False,normal,pluvieux
2023-02-28 21:02:29,Hôpital Militaire,O+,47,9,0,38,4.5,5,100.0,normale,Contrôle bactériologique négatif,1,21,2,False,False,normal,ensoleillé
2023-03-01 00:01:48,Hôpital Militaire,A+,17,11,0,6,4.8,8,100.0,critique,URGENT: Stock critique - Contrôle bactériologique négatif,2,0,3,False,False,normal,ensoleillé
2023-03-02 03:11:13,Hôpital Militaire,A+,34,6,0,28,3.8,13,100.0,normale,Contrôle bactériologique négatif,3,3,3,False,False,normal,pluvieux
2023-03-02 19:24:57,Hôpital Militaire,B+,34,8,0,26,4.2,9,98.0,normale,Attention: proche expiration,3,19,3,False,False,normal,pluvieux
2023-03-02 23:32:45,Hôpital Militaire,B+,23,7,0,16,3.2,32,92.8,faible,"Excellent état, conservation parfaite",3,23,3,False,False,normal,pluvieux
2023-03-03 00:11:52,Hôpital Militaire,A+,38,9,0,29,3.7,12,98.3,normale,Parfait pour transfusion immédiate,4,0,3,False,False,normal,ensoleillé
2023-03-03 01:57:46,Hôpital Militaire,O+,14,7,0,7,4.0,3,87.0,critique,"URGENT: Stock critique - Excellent état, conservation parfaite",4,1,3,False,False,normal,ensoleillé
2023-03-03 23:38:19,Hôpital Militaire,A+,25,9,0,16,5.4,1,68.7,faible,Attention: proche expiration,4,23,3,False,False,normal,ensoleillé
2023-03-04 02:04:44,Hôpital Militaire,O+,12,8,0,4,3.4,23,96.2,critique,URGENT: Stock critique - Attention: proche expiration,5,2,3,True,False,normal,orageux
2023-03-04 11:18:55,Hôpital Militaire,O+,56,4,25,77,4.6,13,93.8,normale,Urgent: vérifier température stockage,5,11,3,True,False,normal,ensoleillé
2023-03-05 10:27:26,Hôpital Militaire,O+,47,5,0,42,3.8,22,98.2,normale,Attention: proche expiration,6,10,3,True,False,normal,ensoleillé
2023-03-05 11:22:52,Hôpital Militaire,O+,52,4,26,74,4.3,56,99.7,normale,Urgent: vérifier température stockage,6,11,3,True,False,normal,pluvieux
2023-03-05 11:54:29,Hôpital Militaire,A-,24,6,0,18,3.3,2,86.3,faible,Parfait pour transfusion immédiate,6,11,3,True,False,normal,ensoleillé
2023-03-05 17:52:52,Hôpital Militaire,A-,53,5,0,48,4.2,23,100.0,normale,"Excellent état, conservation parfaite",6,17,3,True,False,normal,nuageux
2023-03-06 16:53:10,Hôpital Militaire,A-,29,8,0,21,3.4,2,87.5,normale,"État satisfaisant, contrôle qualité OK",0,16,3,False,False,normal,ensoleillé
2023-03-06 20:16:04,Hôpital Militaire,O-,41,10,24,55,3.0,8,100.0,normale,"État satisfaisant, contrôle qualité OK",0,20,3,False,False,normal,ensoleillé
2023-03-06 23:53:15,Hôpital Militaire,O-,17,8,14,23,4.6,4,84.8,normale,Contrôle bactériologique négatif,0,23,3,False,False,normal,pluvieux
2023-03-07 14:59:51,Hôpital Militaire,A+,73,7,19,85,3.6,6,100.0,normale,Hémoglobine dans les normes,1,14,3,False,False,normal,ensoleillé
2023-03-07 16:10:19,Hôpital Militaire,A+,75,9,21,87,3.6,1,57.5,attention,Parfait pour transfusion immédiate,1,16,3,False,False,normal,pluvieux
2023-03-08 03:35:05,Hôpital Militaire,A+,36,6,26,56,3.6,13,94.1,normale,"Bon état général, légère variation température",2,3,3,False,False,épidémie,nuageux
2023-03-08 23:23:05,Hôpital Militaire,O+,27,9,14,32,3.9,7,97.6,normale,Attention: proche expiration,2,23,3,False,False,normal,ensoleillé
2023-03-09 03:22:49,Hôpital Militaire,O+,15,6,0,9,4.6,9,100.0,critique,"URGENT: Stock critique - État satisfaisant, contrôle qualité OK",3,3,3,False,False,normal,nuageux
2023-03-09 07:45:01,Hôpital Militaire,A-,49,7,0,42,4.2,15,100.0,normale,Parfait pour transfusion immédiate,3,7,3,False,False,normal,orageux
2023-03-09 20:34:41,Hôpital Militaire,A+,27,6,0,21,3.9,18,97.1,normale,Attention: proche expiration,3,20,3,False,False,normal,ensoleillé
2023-03-10 04:17:57,Hôpital Militaire,A+,30,10,0,20,3.2,4,81.5,normale,Parfait pour transfusion immédiate,4,4,3,False,False,normal,nuageux
2023-03-10 14:29:52,Hôpital Militaire,A+,70,8,0,62,4.3,12,97.6,normale,Contrôle bactériologique négatif,4,14,3,False,False,normal,ensoleillé
2023-03-10 16:17:27,Hôpital Militaire,A+,54,10,0,44,4.0,4,97.1,normale,"Excellent état, conservation parfaite",4,16,3,False,False,normal,nuageux
2023-03-10 18:57:05,Hôpital Militaire,O+,53,10,23,66,4.9,5,95.8,normale,"État satisfaisant, contrôle qualité OK",4,18,3,False,False,normal,pluvieux
2023-03-11 03:03:45,Hôpital Militaire,A+,13,9,22,26,4.0,3,77.3,normale,"Bon état général, légère variation température",5,3,3,True,False,normal,pluvieux
2023-03-11 03:07:21,Hôpital Militaire,B-,17,4,18,31,4.6,27,98.4,normale,Parfait pour transfusion immédiate,5,3,3,True,False,normal,ensoleillé
2023-03-11 06:38:16,Hôpital Militaire,A-,34,3,19,50,3.8,11,100.0,normale,"État satisfaisant, contrôle qualité OK",5,6,3,True,False,normal,orageux
2023-03-11 14:31:01,Hôpital Militaire,O+,19,8,21,32,3.9,5,100.0,normale,Attention: proche expiration,5,14,3,True,False,normal,nuageux
2023-03-11 23:43:14,Hôpital Militaire,A+,27,4,0,23,4.8,55,100.0,normale,Contrôle bactériologique négatif,5,23,3,True,False,normal,pluvieux
2023-03-12 11:58:23,Hôpital Militaire,O+,19,5,0,14,3.5,1,61.9,faible,Parfait pour transfusion immédiate,6,11,3,True,False,normal,pluvieux
2023-03-12 22:50:29,Hôpital Militaire,A+,45,7,0,38,3.7,62,100.0,normale,Parfait pour transfusion immédiate,6,22,3,True,False,normal,nuageux
2023-03-13 06:20:17,Hôpital Militaire,O+,43,2,0,41,3.9,8,92.9,normale,"Bon état général, légère variation température",0,6,3,False,False,normal,ensoleillé
2023-03-13 12:46:30,Hôpital Militaire,A+,71,5,22,88,3.8,25,100.0,normale,"État satisfaisant, contrôle qualité OK",0,12,3,False,False,normal,nuageux
2023-03-13 15:01:12,Hôpital Militaire,A-,46,7,0,39,4.0,2,85.4,normale,Urgent: vérifier température stockage,0,15,3,False,False,normal,ensoleillé
2023-03-14 05:40:07,Hôpital Militaire,A+,17,9,0,8,4.2,33,100.0,critique,URGENT: Stock critique - Contrôle bactériologique négatif,1,5,3,False,False,normal,pluvieux
2023-03-14 09:46:41,Hôpital Militaire,A+,40,9,0,31,4.2,1,61.2,attention,"État satisfaisant, contrôle qualité OK",1,9,3,False,False,normal,ensoleillé
2023-03-14 11:11:13,Hôpital Militaire,A+,82,0,0,82,2.9,4,85.3,normale,"Excellent état, conservation parfaite",1,11,3,False,False,normal,nuageux
2023-03-14 18:36:06,Hôpital Militaire,O+,62,5,0,57,4.9,29,100.0,normale,Contrôle bactériologique négatif,1,18,3,False,False,normal,ensoleillé
2023-03-15 04:52:02,Hôpital Militaire,O+,27,4,0,23,3.8,29,97.4,normale,Parfait pour transfusion immédiate,2,4,3,False,False,normal,ensoleillé
2023-03-15 12:29:46,Hôpital Militaire,O+,48,11,0,37,3.6,41,100.0,normale,Contrôle bactériologique négatif,2,12,3,False,False,normal,pluvieux
2023-03-15 14:12:58,Hôpital Militaire,A+,39,5,0,34,3.9,9,94.5,normale,"État satisfaisant, contrôle qualité OK",2,14,3,False,False,normal,pluvieux
2023-03-15 18:44:22,Hôpital Militaire,O+,40,11,0,29,4.7,20,97.5,normale,Hémoglobine dans les normes,2,18,3,False,False,normal,nuageux
2023-03-16 00:35:36,Hôpital Militaire,A+,35,11,0,24,3.4,2,74.9,normale,"Bon état général, légère variation température",3,0,3,False,False,normal,ensoleillé
2023-03-16 08:29:19,Hôpital Militaire,O+,61,2,0,59,4.2,26,94.9,normale,Hémoglobine dans les normes,3,8,3,False,False,normal,ensoleillé
2023-03-16 08:30:03,Hôpital Militaire,A+,41,2,0,39,4.2,5,100.0,normale,"État satisfaisant, contrôle qualité OK",3,8,3,False,False,normal,pluvieux
2023-03-17 13:00:08,Hôpital Militaire,B-,67,10,0,57,4.0,7,100.0,normale,Hémoglobine dans les normes,4,13,3,False,False,normal,pluvieux
2023-03-17 14:11:32,Hôpital Militaire,O-,61,8,24,77,3.3,17,100.0,normale,Urgent: vérifier température stockage,4,14,3,False,False,normal,orageux
2023-03-18 00:12:32,Hôpital Militaire,A-,18,8,0,10,4.8,39,96.7,faible,Parfait pour transfusion immédiate,5,0,3,True,False,normal,orageux
2023-03-18 11:22:42,Hôpital Militaire,O+,51,0,0,51,3.8,1,61.8,attention,"Bon état général, légère variation température",5,11,3,True,False,normal,ensoleillé
2023-03-19 06:27:07,Hôpital Militaire,O+,45,7,0,38,3.2,23,97.0,normale,Urgent: vérifier température stockage,6,6,3,True,False,normal,nuageux
2023-03-19 18:57:21,Hôpital Militaire,A+,33,2,0,31,4.5,39,99.8,normale,Attention: proche expiration,6,18,3,True,False,normal,ensoleillé
2023-03-19 20:33:20,Hôpital Militaire,O+,29,7,0,22,4.0,10,99.8,normale,Attention: proche expiration,6,20,3,True,False,normal,ensoleillé
2023-03-20 00:09:38,Hôpital Militaire,O+,20,7,15,28,4.1,29,100.0,normale,Urgent: vérifier température stockage,0,0,3,False,False,normal,orageux
2023-03-20 06:01:34,Hôpital Militaire,O+,68,12,28,84,3.8,8,97.7,normale,"Bon état général, légère variation température",0,6,3,False,False,normal,pluvieux
2023-03-20 13:00:53,Hôpital Militaire,O-,46,3,23,66,4.9,39,98.6,normale,Urgent: vérifier température stockage,0,13,3,False,False,normal,ensoleillé
2023-03-20 16:18:40,Hôpital Militaire,B-,56,9,0,47,4.3,15,98.1,normale,"État satisfaisant, contrôle qualité OK",0,16,3,False,False,normal,ensoleillé
2023-03-20 21:15:36,Hôpital Militaire,A+,37,6,0,31,3.9,6,99.2,normale,Attention: proche expiration,0,21,3,False,False,normal,pluvieux
2023-03-21 00:27:10,Hôpital Militaire,AB+,9,6,0,3,4.8,9,99.0,critique,URGENT: Stock critique - Parfait pour transfusion immédiate,1,0,3,False,False,normal,nuageux
2023-03-21 05:24:42,Hôpital Militaire,O+,25,7,0,18,4.0,31,86.6,faible,"Excellent état, conservation parfaite",1,5,3,False,False,normal,ensoleillé
2023-03-21 06:06:54,Hôpital Militaire,O+,86,4,0,82,3.7,20,94.5,normale,Attention: proche expiration,1,6,3,False,False,normal,ensoleillé
2023-03-21 07:38:37,Hôpital Militaire,A+,33,4,0,29,4.2,8,100.0,normale,Urgent: vérifier température stockage,1,7,3,False,False,normal,nuageux
2023-03-21 11:52:22,Hôpital Militaire,A-,44,8,0,36,4.0,17,95.9,normale,Urgent: vérifier température stockage,1,11,3,False,False,normal,ensoleillé
2023-03-21 12:01:26,Hôpital Militaire,O+,56,8,0,48,3.6,27,93.9,normale,Hémoglobine dans les normes,1,12,3,False,False,normal,pluvieux
2023-03-21 12:07:14,Hôpital Militaire,O+,51,14,0,37,3.8,6,100.0,normale,Attention: proche expiration,1,12,3,False,False,normal,pluvieux
2023-03-21 17:29:00,Hôpital Militaire,B+,76,8,0,68,4.5,3,87.0,normale,Parfait pour transfusion immédiate,1,17,3,False,False,normal,nuageux
2023-03-21 20:09:49,Hôpital Militaire,B+,48,10,0,38,3.9,1,52.7,attention,"Excellent état, conservation parfaite",1,20,3,False,False,normal,ensoleillé
2023-03-22 02:08:43,Hôpital Militaire,O+,22,5,0,17,4.3,6,100.0,faible,Parfait pour transfusion immédiate,2,2,3,False,False,normal,ensoleillé
2023-03-22 10:22:56,Hôpital Militaire,A+,75,5,27,97,3.8,32,97.1,normale,Parfait pour transfusion immédiate,2,10,3,False,False,normal,orageux
2023-03-22 11:12:02,Hôpital Militaire,O+,37,5,0,32,3.4,20,99.6,normale,Contrôle bactériologique négatif,2,11,3,False,False,normal,pluvieux
2023-03-22 17:58:36,Hôpital Militaire,O+,64,8,0,56,4.2,10,100.0,normale,Contrôle bactériologique négatif,2,17,3,False,False,normal,orageux
2023-03-22 23:38:43,Hôpital Militaire,O+,23,5,0,18,3.6,15,92.3,faible,Parfait pour transfusion immédiate,2,23,3,False,False,normal,ensoleillé
2023-03-23 08:04:14,Hôpital Militaire,O-,49,1,16,64,4.0,5,100.0,normale,"Excellent état, conservation parfaite",3,8,3,False,False,normal,nuageux
2023-03-23 11:09:40,Hôpital Militaire,A+,66,9,19,76,4.6,8,97.4,normale,Hémoglobine dans les normes,3,11,3,False,False,normal,nuageux
2023-03-23 11:16:15,Hôpital Militaire,A-,51,8,0,43,4.1,37,100.0,normale,Parfait pour transfusion immédiate,3,11,3,False,False,normal,ensoleillé
2023-03-23 12:47:55,Hôpital Militaire,O+,64,2,0,62,4.4,16,100.0,normale,Parfait pour transfusion immédiate,3,12,3,False,False,normal,pluvieux
2023-03-24 03:40:43,Hôpital Militaire,O-,0,4,0,0,4.0,20,94.6,critique,"URGENT: Stock critique - État satisfaisant, contrôle qualité OK",4,3,3,False,False,normal,ensoleillé
2023-03-24 13:21:49,Hôpital Militaire,B+,50,9,0,41,3.8,14,96.4,normale,"Excellent état, conservation parfaite",4,13,3,False,False,normal,pluvieux
2023-03-24 14:01:20,Hôpital Militaire,O+,63,9,0,54,3.5,1,55.9,attention,Hémoglobine dans les normes,4,14,3,False,False,normal,ensoleillé
2023-03-24 14:37:03,Hôpital Militaire,O+,33,4,0,29,4.1,22,100.0,normale,Urgent: vérifier température stockage,4,14,3,False,False,normal,orageux
2023-03-24 21:30:59,Hôpital Militaire,O+,42,7,0,35,5.2,7,100.0,normale,Attention: proche expiration,4,21,3,False,False,normal,ensoleillé
2023-03-25 12:54:38,Hôpital Militaire,O+,39,7,0,32,4.1,2,86.0,normale,Contrôle bactériologique négatif,5,12,3,True,False,normal,ensoleillé
2023-03-26 00:57:53,Hôpital Militaire,A+,13,5,11,19,4.0,7,100.0,faible,Urgent: vérifier température stockage,6,0,3,True,False,normal,pluvieux
2023-03-26 01:19:51,Hôpital Militaire,O+,14,7,0,7,3.4,15,97.6,critique,URGENT: Stock critique - Hémoglobine dans les normes,6,1,3,True,False,normal,ensoleillé
2023-03-26 02:18:12,Hôpital Militaire,O+,18,4,22,36,5.1,8,100.0,normale,"Bon état général, légère variation température",6,2,3,True,False,normal,nuageux
2023-03-26 04:30:12,Hôpital Militaire,O+,14,5,0,9,4.5,67,100.0,critique,"URGENT: Stock critique - Bon état général, légère variation température",6,4,3,True,False,normal,nuageux
2023-03-26 15:29:34,Hôpital Militaire,O+,35,4,17,48,4.6,7,99.4,normale,Parfait pour transfusion immédiate,6,15,3,True,False,normal,ensoleillé
2023-03-27 12:51:11,Hôpital Militaire,A+,20,10,0,10,4.3,26,100.0,faible,"Bon état général, légère variation température",0,12,3,False,False,normal,pluvieux
2023-03-28 16:58:54,Hôpital Militaire,O+,53,5,0,48,3.5,1,58.9,attention,Parfait pour transfusion immédiate,1,16,3,False,False,normal,nuageux
2023-03-29 01:00:06,Hôpital Militaire,O+,26,10,0,16,3.5,33,100.0,faible,Attention: proche expiration,2,1,3,False,False,normal,pluvieux
2023-03-29 09:51:19,Hôpital Militaire,A-,53,7,0,46,3.3,16,100.0,normale,Hémoglobine dans les normes,2,9,3,False,False,normal,ensoleillé
2023-03-29 16:17:46,Hôpital Militaire,O+,56,4,0,52,3.4,5,100.0,normale,"Bon état général, légère variation température",2,16,3,False,False,normal,ensoleillé
2023-03-30 13:56:00,Hôpital Militaire,O+,78,3,24,99,3.3,19,100.0,normale,Attention: proche expiration,3,13,3,False,False,normal,pluvieux
2023-03-30 14:20:32,Hôpital Militaire,O+,43,5,0,38,3.6,7,100.0,normale,Parfait pour transfusion immédiate,3,14,3,False,False,normal,ensoleillé
2023-03-30 15:08:37,Hôpital Militaire,O+,85,7,0,78,4.0,6,98.0,normale,Contrôle bactériologique négatif,3,15,3,False,False,normal,nuageux
2023-03-30 17:43:00,Hôpital Militaire,A+,46,2,0,44,4.4,44,92.7,normale,Contrôle bactériologique négatif,3,17,3,False,False,normal,nuageux
2023-03-31 03:32:22,Hôpital Militaire,O+,30,0,14,44,3.9,2,85.6,normale,Contrôle bactériologique négatif,4,3,3,False,False,normal,nuageux
2023-04-01 10:58:22,Hôpital Militaire,O+,26,5,18,39,4.2,22,100.0,normale,"Excellent état, conservation parfaite",5,10,4,True,False,normal,nuageux
2023-04-03 16:42:30,Hôpital Militaire,O+,27,10,22,39,4.4,24,95.7,normale,"Excellent état, conservation parfaite",0,16,4,False,False,normal,pluvieux
2023-04-04 09:27:07,Hôpital Militaire,B+,25,8,0,17,4.8,15,95.2,faible,Hémoglobine dans les normes,1,9,4,False,False,normal,pluvieux
2023-04-05 01:49:50,Hôpital Militaire,O+,29,6,11,34,4.6,12,100.0,normale,Contrôle bactériologique négatif,2,1,4,False,False,normal,nuageux
2023-04-05 08:51:48,Hôpital Militaire,O+,58,8,25,75,4.7,15,100.0,normale,"État satisfaisant, contrôle qualité OK",2,8,4,False,False,normal,pluvieux
2023-04-06 13:18:14,Hôpital Militaire,O+,44,11,24,57,3.7,3,79.3,normale,Urgent: vérifier température stockage,3,13,4,False,False,normal,nuageux
2023-04-06 15:54:37,Hôpital Militaire,A+,35,6,0,29,3.7,8,100.0,normale,Hémoglobine dans les normes,3,15,4,False,False,épidémie,pluvieux
2023-04-06 16:49:25,Hôpital Militaire,O-,35,6,0,29,4.5,5,96.7,normale,Contrôle bactériologique négatif,3,16,4,False,False,normal,pluvieux
2023-04-06 17:36:19,Hôpital Militaire,A-,39,10,0,29,3.6,2,84.8,normale,Hémoglobine dans les normes,3,17,4,False,False,normal,ensoleillé
2023-04-07 05:36:21,Hôpital Militaire,A+,34,4,16,46,3.6,13,100.0,normale,Urgent: vérifier température stockage,4,5,4,False,False,normal,pluvieux
2023-04-07 18:38:25,Hôpital Militaire,A+,42,6,0,36,4.7,4,84.9,normale,"Excellent état, conservation parfaite",4,18,4,False,False,normal,ensoleillé
2023-04-08 13:44:47,Hôpital Militaire,A+,43,3,0,40,4.2,9,87.2,normale,Contrôle bactériologique négatif,5,13,4,True,False,normal,ensoleillé
2023-04-08 14:57:00,Hôpital Militaire,O-,33,4,0,29,4.0,7,100.0,normale,Hémoglobine dans les normes,5,14,4,True,False,normal,orageux
2023-04-08 21:54:10,Hôpital Militaire,O+,22,3,0,19,4.5,3,93.9,faible,Attention: proche expiration,5,21,4,True,False,normal,pluvieux
2023-04-09 00:30:27,Hôpital Militaire,A-,12,7,24,29,4.2,32,100.0,normale,"Excellent état, conservation parfaite",6,0,4,True,False,normal,orageux
2023-04-09 05:08:27,Hôpital Militaire,A+,20,6,0,14,3.8,4,88.7,faible,"État satisfaisant, contrôle qualité OK",6,5,4,True,False,normal,ensoleillé
2023-04-09 05:48:09,Hôpital Militaire,A+,15,5,14,24,4.5,43,100.0,normale,Contrôle bactériologique négatif,6,5,4,True,False,normal,nuageux
2023-04-09 06:10:59,Hôpital Militaire,O+,45,7,0,38,4.6,11,100.0,normale,"Excellent état, conservation parfaite",6,6,4,True,False,normal,ensoleillé
2023-04-09 08:11:16,Hôpital Militaire,O+,19,5,0,14,3.8,1,53.2,faible,Parfait pour transfusion immédiate,6,8,4,True,False,normal,ensoleillé
2023-04-09 12:01:19,Hôpital Militaire,O+,24,5,0,19,4.1,1,57.6,faible,"Excellent état, conservation parfaite",6,12,4,True,False,normal,nuageux
2023-04-09 14:14:01,Hôpital Militaire,O+,47,5,0,42,4.5,4,83.9,normale,"État satisfaisant, contrôle qualité OK",6,14,4,True,False,normal,ensoleillé
2023-04-09 14:39:21,Hôpital Militaire,A+,41,8,0,33,4.6,26,99.0,normale,Hémoglobine dans les normes,6,14,4,True,False,normal,ensoleillé
2023-04-09 18:52:12,Hôpital Militaire,O+,40,6,0,34,4.1,1,54.3,attention,Attention: proche expiration,6,18,4,True,False,normal,nuageux
2023-04-10 10:17:41,Hôpital Militaire,A-,24,8,0,16,4.0,2,75.2,faible,"Excellent état, conservation parfaite",0,10,4,False,False,normal,ensoleillé
2023-04-11 04:08:36,Hôpital Militaire,O+,22,5,0,17,3.1,52,98.4,faible,Parfait pour transfusion immédiate,1,4,4,False,False,normal,ensoleillé
2023-04-11 12:13:37,Hôpital Militaire,O+,48,11,0,37,3.5,17,94.2,normale,Urgent: vérifier température stockage,1,12,4,False,False,normal,ensoleillé
2023-04-12 00:57:26,Hôpital Militaire,A-,35,7,0,28,3.5,2,78.8,normale,Parfait pour transfusion immédiate,2,0,4,False,False,normal,pluvieux
2023-04-12 01:25:53,Hôpital Militaire,A-,23,6,0,17,3.3,1,56.5,faible,Parfait pour transfusion immédiate,2,1,4,False,False,normal,ensoleillé
2023-04-12 16:26:43,Hôpital Militaire,A+,63,6,0,57,4.0,3,82.4,normale,"Excellent état, conservation parfaite",2,16,4,False,False,normal,orageux
2023-04-12 23:46:54,Hôpital Militaire,O+,8,2,26,32,4.1,22,100.0,normale,"État satisfaisant, contrôle qualité OK",2,23,4,False,False,normal,pluvieux
2023-04-13 14:26:33,Hôpital Militaire,A+,34,7,21,48,3.9,7,88.2,normale,Attention: proche expiration,3,14,4,False,False,normal,pluvieux
2023-04-14 03:09:26,Hôpital Militaire,A+,16,6,0,10,3.6,4,91.4,faible,"Excellent état, conservation parfaite",4,3,4,False,False,normal,pluvieux
2023-04-14 04:41:20,Hôpital Militaire,A-,19,5,0,14,4.5,6,100.0,faible,"Bon état général, légère variation température",4,4,4,False,False,normal,ensoleillé
2023-04-14 07:16:53,Hôpital Militaire,A+,43,2,0,41,3.4,8,100.0,normale,Urgent: vérifier température stockage,4,7,4,False,False,normal,ensoleillé
2023-04-14 13:26:35,Hôpital Militaire,O+,34,10,0,24,4.0,1,55.3,attention,"Excellent état, conservation parfaite",4,13,4,False,False,normal,nuageux
2023-04-15 21:37:42,Hôpital Militaire,A+,8,8,21,21,4.4,8,93.2,normale,Contrôle bactériologique négatif,5,21,4,True,False,normal,ensoleillé
2023-04-16 09:17:10,Hôpital Militaire,A+,19,5,0,14,4.3,22,98.2,faible,Attention: proche expiration,6,9,4,True,False,normal,pluvieux
2023-04-16 10:51:46,Hôpital Militaire,A-,25,3,0,22,4.2,41,100.0,normale,Hémoglobine dans les normes,6,10,4,True,False,normal,nuageux
2023-04-16 19:39:20,Hôpital Militaire,O+,28,5,19,42,4.9,5,100.0,normale,"Excellent état, conservation parfaite",6,19,4,True,False,normal,pluvieux
2023-04-17 03:43:48,Hôpital Militaire,O+,20,8,15,27,5.6,19,100.0,normale,"Bon état général, légère variation température",0,3,4,False,False,normal,pluvieux
2023-04-17 15:54:49,Hôpital Militaire,A+,55,10,0,45,4.7,1,61.6,attention,"Bon état général, légère variation température",0,15,4,False,False,normal,ensoleillé
2023-04-19 00:01:39,Hôpital Militaire,A+,33,5,0,28,3.1,45,94.0,normale,Urgent: vérifier température stockage,2,0,4,False,False,normal,ensoleillé
2023-04-19 09:45:01,Hôpital Militaire,B+,55,4,0,51,3.9,33,97.5,normale,"Excellent état, conservation parfaite",2,9,4,False,False,normal,pluvieux
2023-04-19 20:45:23,Hôpital Militaire,A+,60,11,0,49,2.8,30,95.3,normale,Contrôle bactériologique négatif,2,20,4,False,False,normal,pluvieux
2023-04-20 00:06:16,Hôpital Militaire,B+,13,4,0,9,3.7,1,52.1,critique,"URGENT: Stock critique - État satisfaisant, contrôle qualité OK",3,0,4,False,False,normal,pluvieux
2023-04-20 20:32:49,Hôpital Militaire,O-,59,8,0,51,3.6,6,94.5,normale,Hémoglobine dans les normes,3,20,4,False,False,normal,ensoleillé
2023-04-21 16:44:13,Hôpital Militaire,O-,57,3,0,54,5.2,11,91.1,normale,"Excellent état, conservation parfaite",4,16,4,False,False,normal,pluvieux
2023-04-21 21:08:38,Hôpital Militaire,O+,63,6,0,57,3.4,9,100.0,normale,Contrôle bactériologique négatif,4,21,4,False,False,normal,orageux
2023-04-22 04:25:05,Hôpital Militaire,A+,18,2,0,16,4.1,47,89.1,faible,Urgent: vérifier température stockage,5,4,4,True,False,normal,ensoleillé
2023-04-22 15:10:00,Hôpital Militaire,A-,20,6,0,14,3.6,12,100.0,faible,Urgent: vérifier température stockage,5,15,4,True,False,normal,pluvieux
2023-04-22 23:46:58,Hôpital Militaire,A-,19,3,0,16,4.2,8,99.1,faible,Contrôle bactériologique négatif,5,23,4,True,False,normal,pluvieux
2023-04-23 00:18:06,Hôpital Militaire,A+,19,3,0,16,3.3,14,93.1,faible,Parfait pour transfusion immédiate,6,0,4,True,False,épidémie,nuageux
2023-04-23 12:52:52,Hôpital Militaire,A+,35,1,0,34,3.8,7,99.4,normale,Hémoglobine dans les normes,6,12,4,True,False,normal,orageux
2023-04-23 22:10:20,Hôpital Militaire,O+,46,7,13,52,3.4,16,94.2,normale,"État satisfaisant, contrôle qualité OK",6,22,4,True,False,normal,nuageux
2023-04-24 09:26:18,Hôpital Militaire,A+,31,7,18,42,3.7,5,95.1,normale,"État satisfaisant, contrôle qualité OK",0,9,4,False,False,normal,pluvieux
2023-04-24 13:06:03,Hôpital Militaire,O-,45,9,0,36,3.7,12,92.1,normale,Parfait pour transfusion immédiate,0,13,4,False,False,normal,nuageux
2023-04-24 16:57:02,Hôpital Militaire,O+,71,10,21,82,4.2,29,100.0,normale,"Bon état général, légère variation température",0,16,4,False,False,normal,ensoleillé
2023-04-24 17:27:20,Hôpital Militaire,A+,22,10,0,12,5.2,28,100.0,faible,Contrôle bactériologique négatif,0,17,4,False,False,normal,nuageux
2023-04-25 04:28:14,Hôpital Militaire,B-,18,5,0,13,3.4,12,100.0,faible,"Excellent état, conservation parfaite",1,4,4,False,False,normal,orageux
2023-04-25 05:17:16,Hôpital Militaire,O+,32,6,0,26,3.7,8,95.5,normale,"Bon état général, légère variation température",1,5,4,False,False,normal,ensoleillé
2023-04-25 14:16:43,Hôpital Militaire,O+,82,6,0,76,4.6,39,98.2,normale,Urgent: vérifier température stockage,1,14,4,False,False,normal,pluvieux
2023-04-25 15:26:39,Hôpital Militaire,B+,35,11,0,24,4.3,17,100.0,normale,"Excellent état, conservation parfaite",1,15,4,False,False,normal,nuageux
2023-04-25 18:43:28,Hôpital Militaire,O+,60,11,0,49,4.0,13,99.1,normale,Contrôle bactériologique négatif,1,18,4,False,False,normal,nuageux
2023-04-25 23:41:54,Hôpital Militaire,A+,20,7,16,29,4.8,5,96.3,normale,Contrôle bactériologique négatif,1,23,4,False,False,normal,pluvieux
2023-04-26 12:22:33,Hôpital Militaire,A+,42,6,0,36,3.7,43,100.0,normale,Attention: proche expiration,2,12,4,False,False,normal,pluvieux
2023-04-26 17:31:21,Hôpital Militaire,A-,35,7,14,42,4.6,8,100.0,normale,Parfait pour transfusion immédiate,2,17,4,False,False,épidémie,pluvieux
2023-04-26 21:29:02,Hôpital Militaire,O+,51,10,0,41,3.4,14,100.0,normale,Hémoglobine dans les normes,2,21,4,False,False,normal,pluvieux
2023-04-27 05:11:26,Hôpital Militaire,O+,36,2,0,34,3.6,42,100.0,normale,Contrôle bactériologique négatif,3,5,4,False,False,normal,nuageux
2023-04-27 17:13:13,Hôpital Militaire,O+,49,11,0,38,4.1,6,99.3,normale,"Excellent état, conservation parfaite",3,17,4,False,False,normal,ensoleillé
2023-04-27 17:18:57,Hôpital Militaire,O+,32,4,0,28,3.5,30,100.0,normale,"État satisfaisant, contrôle qualité OK",3,17,4,False,False,normal,ensoleillé
2023-04-28 00:06:30,Hôpital Militaire,A+,24,12,22,34,4.6,1,62.3,attention,Urgent: vérifier température stockage,4,0,4,False,False,normal,ensoleillé
2023-04-28 02:04:49,Hôpital Militaire,O+,32,7,0,25,4.4,32,100.0,normale,Contrôle bactériologique négatif,4,2,4,False,False,normal,ensoleillé
2023-04-28 05:56:45,Hôpital Militaire,A+,18,10,17,25,4.4,39,100.0,normale,"État satisfaisant, contrôle qualité OK",4,5,4,False,False,normal,ensoleillé
2023-04-28 08:47:18,Hôpital Militaire,AB-,45,8,0,37,3.7,4,81.3,normale,Hémoglobine dans les normes,4,8,4,False,False,normal,ensoleillé
2023-04-29 02:18:02,Hôpital Militaire,AB+,13,6,21,28,4.0,21,100.0,normale,"Bon état général, légère variation température",5,2,4,True,False,normal,nuageux
2023-04-29 16:17:45,Hôpital Militaire,O+,42,3,0,39,4.4,4,96.5,normale,Contrôle bactériologique négatif,5,16,4,True,False,normal,orageux
2023-04-30 00:04:27,Hôpital Militaire,AB-,18,6,0,12,4.2,2,81.9,faible,Hémoglobine dans les normes,6,0,4,True,False,normal,ensoleillé
2023-04-30 01:30:31,Hôpital Militaire,B-,10,6,0,4,4.6,13,94.4,critique,URGENT: Stock critique - Attention: proche expiration,6,1,4,True,False,normal,ensoleillé
2023-05-01 10:10:15,Hôpital Militaire,O+,60,11,0,49,4.3,3,86.0,normale,Urgent: vérifier température stockage,0,10,5,False,False,normal,pluvieux
2023-05-01 11:15:40,Hôpital Militaire,A+,50,9,20,61,3.9,2,86.6,normale,Contrôle bactériologique négatif,0,11,5,False,False,normal,nuageux
2023-05-01 14:50:21,Hôpital Militaire,O+,41,6,24,59,3.2,3,78.2,normale,"État satisfaisant, contrôle qualité OK",0,14,5,False,False,normal,pluvieux
2023-05-01 15:09:00,Hôpital Militaire,O-,40,10,13,43,4.2,19,100.0,normale,Hémoglobine dans les normes,0,15,5,False,False,normal,pluvieux
2023-05-01 20:26:43,Hôpital Militaire,O-,73,5,0,68,4.3,40,98.0,normale,"Excellent état, conservation parfaite",0,20,5,False,False,normal,nuageux
2023-05-02 13:55:39,Hôpital Militaire,O+,64,10,0,54,3.3,37,98.7,normale,Urgent: vérifier température stockage,1,13,5,False,False,normal,pluvieux
2023-05-02 14:08:23,Hôpital Militaire,O+,58,4,0,54,4.2,1,58.4,attention,"Excellent état, conservation parfaite",1,14,5,False,False,normal,orageux
2023-05-02 20:23:00,Hôpital Militaire,B+,73,3,0,70,4.9,14,99.1,normale,Contrôle bactériologique négatif,1,20,5,False,False,normal,nuageux
2023-05-03 03:41:59,Hôpital Militaire,A+,22,8,0,14,4.2,1,59.3,faible,"État satisfaisant, contrôle qualité OK",2,3,5,False,False,normal,orageux
2023-05-03 03:51:52,Hôpital Militaire,A+,14,9,10,15,5.0,18,100.0,faible,"État satisfaisant, contrôle qualité OK",2,3,5,False,False,normal,ensoleillé
2023-05-03 05:48:47,Hôpital Militaire,O+,21,11,22,32,4.9,21,100.0,normale,Urgent: vérifier température stockage,2,5,5,False,False,normal,orageux
2023-05-04 01:41:05,Hôpital Militaire,A+,32,6,0,26,3.9,4,92.4,normale,Hémoglobine dans les normes,3,1,5,False,False,normal,pluvieux
2023-05-04 13:52:49,Hôpital Militaire,B+,58,8,0,50,4.7,5,100.0,normale,Parfait pour transfusion immédiate,3,13,5,False,False,normal,pluvieux
2023-05-05 05:28:57,Hôpital Militaire,O+,24,9,16,31,4.4,19,100.0,normale,Contrôle bactériologique négatif,4,5,5,False,False,normal,ensoleillé
2023-05-06 00:34:41,Hôpital Militaire,B+,14,6,19,27,3.8,11,100.0,normale,Attention: proche expiration,5,0,5,True,False,normal,ensoleillé
2023-05-06 03:18:12,Hôpital Militaire,A+,19,6,0,13,3.4,16,99.8,faible,Hémoglobine dans les normes,5,3,5,True,False,normal,ensoleillé
2023-05-06 05:41:38,Hôpital Militaire,O+,25,6,0,19,4.0,20,98.7,faible,"Excellent état, conservation parfaite",5,5,5,True,False,normal,nuageux
2023-05-06 09:52:18,Hôpital Militaire,A+,15,3,0,12,4.9,15,96.8,faible,Parfait pour transfusion immédiate,5,9,5,True,False,normal,nuageux
2023-05-06 20:29:38,Hôpital Militaire,O+,32,8,0,24,3.3,16,94.4,normale,"Excellent état, conservation parfaite",5,20,5,True,False,normal,nuageux
2023-05-06 21:43:39,Hôpital Militaire,AB+,25,5,22,42,4.3,31,96.4,normale,Attention: proche expiration,5,21,5,True,False,normal,pluvieux
2023-05-07 08:12:25,Hôpital Militaire,B+,25,4,0,21,4.0,38,100.0,normale,Contrôle bactériologique négatif,6,8,5,True,False,normal,nuageux
2023-05-07 09:39:51,Hôpital Militaire,AB+,31,7,0,24,3.8,9,98.0,normale,Parfait pour transfusion immédiate,6,9,5,True,False,normal,nuageux
2023-05-07 14:09:25,Hôpital Militaire,A-,37,3,0,34,4.1,13,98.2,normale,Urgent: vérifier température stockage,6,14,5,True,False,normal,nuageux
2023-05-07 20:27:28,Hôpital Militaire,O+,27,5,0,22,4.2,5,90.7,normale,Contrôle bactériologique négatif,6,20,5,True,False,normal,pluvieux
2023-05-07 20:27:52,Hôpital Militaire,A-,50,5,0,45,3.9,3,84.1,normale,"Bon état général, légère variation température",6,20,5,True,False,normal,pluvieux
2023-05-08 03:40:39,Hôpital Militaire,O+,19,11,0,8,4.1,3,85.3,critique,URGENT: Stock critique - Hémoglobine dans les normes,0,3,5,False,False,normal,ensoleillé
2023-05-08 11:28:04,Hôpital Militaire,A-,45,3,0,42,4.3,18,100.0,normale,"État satisfaisant, contrôle qualité OK",0,11,5,False,False,normal,ensoleillé
2023-05-08 12:54:30,Hôpital Militaire,O+,45,0,0,45,4.0,16,97.6,normale,Parfait pour transfusion immédiate,0,12,5,False,False,normal,ensoleillé
2023-05-09 18:01:00,Hôpital Militaire,A+,44,7,0,37,3.3,4,82.0,normale,"État satisfaisant, contrôle qualité OK",1,18,5,False,False,normal,nuageux
2023-05-09 22:48:54,Hôpital Militaire,O+,46,13,0,33,5.0,4,90.7,normale,"État satisfaisant, contrôle qualité OK",1,22,5,False,False,normal,nuageux
2023-05-10 03:22:51,Hôpital Militaire,A+,24,6,0,18,3.3,3,82.0,faible,"Excellent état, conservation parfaite",2,3,5,False,False,normal,ensoleillé
2023-05-11 05:15:11,Hôpital Militaire,O+,21,4,0,17,3.2,3,80.8,faible,Attention: proche expiration,3,5,5,False,False,normal,ensoleillé
2023-05-11 19:01:39,Hôpital Militaire,O+,49,4,19,64,3.5,9,100.0,normale,Attention: proche expiration,3,19,5,False,False,épidémie,ensoleillé
2023-05-11 23:25:15,Hôpital Militaire,O+,26,3,0,23,4.1,9,100.0,normale,Contrôle bactériologique négatif,3,23,5,False,False,normal,pluvieux
2023-05-12 00:49:11,Hôpital Militaire,B+,30,10,0,20,3.6,14,100.0,normale,"Bon état général, légère variation température",4,0,5,False,False,normal,nuageux
2023-05-12 19:52:48,Hôpital Militaire,A+,45,6,0,39,3.7,1,54.5,attention,Contrôle bactériologique négatif,4,19,5,False,False,normal,ensoleillé
2023-05-13 02:27:36,Hôpital Militaire,O+,11,9,24,26,3.7,2,85.5,normale,Hémoglobine dans les normes,5,2,5,True,False,normal,nuageux
2023-05-13 13:59:27,Hôpital Militaire,B+,36,6,0,30,3.7,4,87.4,normale,Contrôle bactériologique négatif,5,13,5,True,False,normal,orageux
2023-05-15 03:54:40,Hôpital Militaire,A+,23,9,0,14,3.6,7,94.1,faible,Contrôle bactériologique négatif,0,3,5,False,False,normal,ensoleillé
2023-05-15 13:16:12,Hôpital Militaire,B+,40,6,20,54,4.0,5,92.4,normale,Hémoglobine dans les normes,0,13,5,False,False,épidémie,ensoleillé
2023-05-15 16:16:50,Hôpital Militaire,O-,36,8,0,28,3.8,8,99.8,normale,"État satisfaisant, contrôle qualité OK",0,16,5,False,False,normal,pluvieux
2023-05-15 17:59:15,Hôpital Militaire,O+,65,6,13,72,2.9,14,96.2,normale,Contrôle bactériologique négatif,0,17,5,False,False,normal,pluvieux
2023-05-15 19:35:01,Hôpital Militaire,B-,23,4,0,19,4.6,2,92.7,faible,"État satisfaisant, contrôle qualité OK",0,19,5,False,False,urgence_médicale,nuageux
2023-05-16 10:30:26,Hôpital Militaire,O+,64,6,0,58,4.3,3,75.3,normale,"Excellent état, conservation parfaite",1,10,5,False,False,normal,pluvieux
2023-05-16 17:27:14,Hôpital Militaire,B-,36,9,0,27,4.8,2,75.6,normale,Hémoglobine dans les normes,1,17,5,False,False,normal,nuageux
2023-05-17 00:15:11,Hôpital Militaire,A-,12,9,25,28,4.5,48,92.9,normale,Parfait pour transfusion immédiate,2,0,5,False,False,normal,pluvieux
2023-05-17 09:00:24,Hôpital Militaire,O+,38,8,0,30,3.7,2,85.8,normale,"Bon état général, légère variation température",2,9,5,False,False,normal,orageux
2023-05-17 10:00:50,Hôpital Militaire,O+,56,5,0,51,5.2,1,70.1,normale,"Bon état général, légère variation température",2,10,5,False,False,normal,pluvieux
2023-05-17 18:08:28,Hôpital Militaire,O+,80,5,0,75,4.1,1,63.9,attention,Urgent: vérifier température stockage,2,18,5,False,False,normal,orageux
2023-05-17 18:46:31,Hôpital Militaire,O+,10,12,0,0,4.9,1,63.7,critique,"URGENT: Stock critique - Excellent état, conservation parfaite",2,18,5,False,False,normal,ensoleillé
2023-05-17 19:16:03,Hôpital Militaire,O+,33,9,0,24,4.1,7,100.0,normale,Urgent: vérifier température stockage,2,19,5,False,False,normal,pluvieux
2023-05-17 20:40:55,Hôpital Militaire,O+,38,8,0,30,4.5,4,89.1,normale,"Excellent état, conservation parfaite",2,20,5,False,False,normal,pluvieux
2023-05-18 14:20:28,Hôpital Militaire,A+,54,8,0,46,4.2,12,100.0,normale,Urgent: vérifier température stockage,3,14,5,False,False,normal,ensoleillé
2023-05-18 15:10:50,Hôpital Militaire,O+,81,4,0,77,4.4,15,100.0,normale,"État satisfaisant, contrôle qualité OK",3,15,5,False,False,normal,ensoleillé
2023-05-19 00:53:17,Hôpital Militaire,A-,25,12,0,13,4.2,22,93.2,faible,Attention: proche expiration,4,0,5,False,False,normal,ensoleillé
2023-05-19 02:11:01,Hôpital Militaire,A+,28,11,0,17,4.8,1,62.1,faible,Contrôle bactériologique négatif,4,2,5,False,False,normal,ensoleillé
2023-05-19 05:50:24,Hôpital Militaire,A-,37,6,0,31,3.9,25,92.3,normale,Attention: proche expiration,4,5,5,False,False,normal,ensoleillé
2023-05-20 05:35:50,Hôpital Militaire,O-,17,7,0,10,5.2,1,58.9,faible,Hémoglobine dans les normes,5,5,5,True,False,normal,ensoleillé
2023-05-20 17:53:12,Hôpital Militaire,O+,40,3,0,37,3.6,32,99.9,normale,Parfait pour transfusion immédiate,5,17,5,True,False,normal,ensoleillé
2023-05-20 21:15:18,Hôpital Militaire,O+,16,4,0,12,3.7,3,84.0,faible,Contrôle bactériologique négatif,5,21,5,True,False,normal,pluvieux
2023-05-21 06:55:12,Hôpital Militaire,A+,35,6,0,29,3.7,11,96.3,normale,Urgent: vérifier température stockage,6,6,5,True,False,normal,nuageux
2023-05-21 14:57:07,Hôpital Militaire,A+,46,3,20,63,3.8,6,95.1,normale,"État satisfaisant, contrôle qualité OK",6,14,5,True,False,normal,pluvieux
2023-05-22 05:36:30,Hôpital Militaire,A+,22,5,0,17,3.1,7,93.8,faible,"Excellent état, conservation parfaite",0,5,5,False,False,normal,ensoleillé
2023-05-22 07:07:51,Hôpital Militaire,O+,56,9,24,71,4.2,13,96.5,normale,"Excellent état, conservation parfaite",0,7,5,False,False,normal,pluvieux
2023-05-22 18:58:18,Hôpital Militaire,A+,47,12,0,35,4.3,3,89.3,normale,Hémoglobine dans les normes,0,18,5,False,False,normal,pluvieux
2023-05-23 17:23:27,Hôpital Militaire,A-,70,12,13,71,2.9,5,99.5,normale,"Bon état général, légère variation température",1,17,5,False,False,normal,pluvieux
2023-05-23 19:57:25,Hôpital Militaire,O+,54,3,0,51,5.0,3,89.2,normale,Urgent: vérifier température stockage,1,19,5,False,False,normal,ensoleillé
2023-05-24 04:17:27,Hôpital Militaire,A+,33,8,0,25,3.7,30,100.0,normale,Hémoglobine dans les normes,2,4,5,False,False,normal,nuageux
2023-05-24 05:50:34,Hôpital Militaire,A-,43,8,12,47,4.5,6,100.0,normale,"État satisfaisant, contrôle qualité OK",2,5,5,False,False,normal,ensoleillé
2023-05-24 07:32:45,Hôpital Militaire,A+,79,7,21,93,3.7,20,99.1,normale,"Bon état général, légère variation température",2,7,5,False,False,normal,pluvieux
2023-05-24 09:37:26,Hôpital Militaire,O+,50,6,21,65,4.9,9,100.0,normale,Parfait pour transfusion immédiate,2,9,5,False,False,normal,ensoleillé
2023-05-24 14:07:36,Hôpital Militaire,B-,26,4,16,38,4.5,32,100.0,normale,Attention: proche expiration,2,14,5,False,False,normal,pluvieux
2023-05-25 14:57:21,Hôpital Militaire,AB+,62,10,0,52,3.1,7,100.0,normale,"État satisfaisant, contrôle qualité OK",3,14,5,False,False,normal,ensoleillé
2023-05-25 23:14:29,Hôpital Militaire,A+,38,8,0,30,4.2,29,100.0,normale,Parfait pour transfusion immédiate,3,23,5,False,False,normal,pluvieux
2023-05-26 14:19:26,Hôpital Militaire,A+,46,3,0,43,4.2,2,89.6,normale,Attention: proche expiration,4,14,5,False,False,normal,pluvieux
2023-05-26 21:40:48,Hôpital Militaire,A-,60,9,17,68,4.5,1,57.7,attention,"Excellent état, conservation parfaite",4,21,5,False,False,normal,nuageux
2023-05-27 12:13:45,Hôpital Militaire,A+,32,2,0,30,4.2,1,65.9,attention,Attention: proche expiration,5,12,5,True,False,normal,pluvieux
2023-05-27 17:52:05,Hôpital Militaire,B-,38,5,19,52,3.6,29,100.0,normale,Hémoglobine dans les normes,5,17,5,True,False,normal,orageux
2023-05-28 04:21:17,Hôpital Militaire,O+,13,5,0,8,3.0,1,61.2,critique,"URGENT: Stock critique - Excellent état, conservation parfaite",6,4,5,True,False,normal,orageux
2023-05-28 11:21:19,Hôpital Militaire,O+,46,9,0,37,4.0,55,99.8,normale,"Bon état général, légère variation température",6,11,5,True,False,normal,pluvieux
2023-05-28 15:54:37,Hôpital Militaire,O-,36,7,0,29,3.7,29,98.3,normale,"Bon état général, légère variation température",6,15,5,True,False,épidémie,ensoleillé
2023-05-29 03:49:01,Hôpital Militaire,A+,21,15,24,30,4.1,44,92.8,normale,Contrôle bactériologique négatif,0,3,5,False,False,normal,ensoleillé
2023-05-29 04:58:34,Hôpital Militaire,O+,23,14,0,9,3.5,22,94.8,critique,"URGENT: Stock critique - Bon état général, légère variation température",0,4,5,False,False,normal,pluvieux
2023-05-29 13:20:42,Hôpital Militaire,A+,62,6,15,71,3.2,13,99.5,normale,Attention: proche expiration,0,13,5,False,False,normal,ensoleillé
2023-05-30 06:18:44,Hôpital Militaire,B-,69,8,0,61,4.4,19,100.0,normale,Parfait pour transfusion immédiate,1,6,5,False,False,normal,orageux
2023-05-30 07:05:38,Hôpital Militaire,O+,62,9,21,74,3.6,22,100.0,normale,Parfait pour transfusion immédiate,1,7,5,False,False,normal,ensoleillé
2023-05-30 23:12:40,Hôpital Militaire,O+,25,4,24,45,4.0,27,97.8,normale,Contrôle bactériologique négatif,1,23,5,False,False,normal,pluvieux
2023-05-31 12:03:23,Hôpital Militaire,A-,19,5,0,14,3.7,29,100.0,faible,Attention: proche expiration,2,12,5,False,False,normal,ensoleillé
2023-05-31 12:27:47,Hôpital Militaire,A+,58,9,0,49,3.9,4,89.9,normale,"Bon état général, légère variation température",2,12,5,False,False,normal,nuageux
2023-06-01 11:10:58,Hôpital Militaire,O+,38,6,0,32,4.6,4,81.9,normale,Urgent: vérifier température stockage,3,11,6,False,False,normal,ensoleillé
2023-06-01 15:51:55,Hôpital Militaire,O+,43,10,0,33,5.0,7,100.0,normale,Contrôle bactériologique négatif,3,15,6,False,False,normal,ensoleillé
2023-06-01 22:24:34,Hôpital Militaire,A+,42,12,0,30,4.1,1,52.1,attention,"État satisfaisant, contrôle qualité OK",3,22,6,False,False,normal,pluvieux
2023-06-02 07:17:12,Hôpital Militaire,B+,52,8,0,44,4.4,11,100.0,normale,Hémoglobine dans les normes,4,7,6,False,False,normal,nuageux
2023-06-02 08:37:23,Hôpital Militaire,B-,52,8,0,44,5.0,8,99.2,normale,Attention: proche expiration,4,8,6,False,False,urgence_médicale,ensoleillé
2023-06-03 07:40:46,Hôpital Militaire,O+,39,4,0,35,4.7,4,81.8,normale,Parfait pour transfusion immédiate,5,7,6,True,False,normal,pluvieux
2023-06-03 09:00:20,Hôpital Militaire,O+,38,6,26,58,4.3,5,100.0,normale,"État satisfaisant, contrôle qualité OK",5,9,6,True,False,normal,ensoleillé
2023-06-03 16:26:07,Hôpital Militaire,O+,37,3,0,34,4.7,11,99.1,normale,Parfait pour transfusion immédiate,5,16,6,True,False,normal,nuageux
2023-06-03 23:03:15,Hôpital Militaire,O+,15,2,0,13,4.7,21,100.0,faible,Attention: proche expiration,5,23,6,True,False,normal,nuageux
2023-06-04 00:25:43,Hôpital Militaire,O+,11,1,0,10,4.2,1,64.8,faible,"État satisfaisant, contrôle qualité OK",6,0,6,True,False,normal,pluvieux
2023-06-04 09:47:27,Hôpital Militaire,B-,42,3,13,52,4.6,12,100.0,normale,"Excellent état, conservation parfaite",6,9,6,True,False,normal,pluvieux
2023-06-04 15:28:21,Hôpital Militaire,B+,21,5,0,16,3.9,13,100.0,faible,Hémoglobine dans les normes,6,15,6,True,False,normal,pluvieux
2023-06-05 06:48:13,Hôpital Militaire,O+,61,4,0,57,4.5,23,100.0,normale,Contrôle bactériologique négatif,0,6,6,False,False,normal,pluvieux
2023-06-05 07:58:26,Hôpital Militaire,A+,74,11,0,63,4.2,2,89.7,normale,"Bon état général, légère variation température",0,7,6,False,False,normal,nuageux
2023-06-05 09:57:09,Hôpital Militaire,A+,60,8,26,78,4.0,9,100.0,normale,"État satisfaisant, contrôle qualité OK",0,9,6,False,False,normal,ensoleillé
2023-06-06 03:56:05,Hôpital Militaire,A+,17,8,0,9,4.2,17,95.8,critique,URGENT: Stock critique - Hémoglobine dans les normes,1,3,6,False,False,normal,nuageux
2023-06-06 07:46:28,Hôpital Militaire,O-,29,11,25,43,4.0,45,100.0,normale,Hémoglobine dans les normes,1,7,6,False,False,normal,nuageux
2023-06-06 09:51:22,Hôpital Militaire,A+,54,6,0,48,4.4,16,93.3,normale,Urgent: vérifier température stockage,1,9,6,False,False,normal,nuageux
2023-06-06 13:11:22,Hôpital Militaire,B+,39,5,22,56,4.4,18,100.0,normale,Attention: proche expiration,1,13,6,False,False,normal,ensoleillé
2023-06-07 05:20:27,Hôpital Militaire,A+,38,6,0,32,3.5,19,100.0,normale,Contrôle bactériologique négatif,2,5,6,False,False,normal,ensoleillé
2023-06-07 13:17:56,Hôpital Militaire,O-,45,9,0,36,3.3,11,100.0,normale,Contrôle bactériologique négatif,2,13,6,False,False,normal,ensoleillé
2023-06-08 08:39:41,Hôpital Militaire,A-,51,7,0,44,3.9,11,100.0,normale,Urgent: vérifier température stockage,3,8,6,False,False,normal,ensoleillé
2023-06-08 19:44:54,Hôpital Militaire,O+,73,7,0,66,4.3,2,80.1,normale,Hémoglobine dans les normes,3,19,6,False,False,campagne_don,ensoleillé
2023-06-08 19:50:35,Hôpital Militaire,O+,42,8,0,34,3.3,3,86.7,normale,"Excellent état, conservation parfaite",3,19,6,False,False,normal,orageux
2023-06-09 10:52:27,Hôpital Militaire,A+,33,3,0,30,3.8,26,93.1,normale,Attention: proche expiration,4,10,6,False,False,accident_route,nuageux
2023-06-09 18:36:16,Hôpital Militaire,O+,66,8,0,58,4.2,6,100.0,normale,"Excellent état, conservation parfaite",4,18,6,False,False,normal,ensoleillé
2023-06-10 08:19:07,Hôpital Militaire,A+,33,7,14,40,4.6,76,100.0,normale,Attention: proche expiration,5,8,6,True,False,normal,pluvieux
2023-06-10 11:13:19,Hôpital Militaire,O+,57,6,0,51,2.6,27,100.0,normale,"Bon état général, légère variation température",5,11,6,True,False,normal,nuageux
2023-06-10 15:50:33,Hôpital Militaire,O+,15,4,0,11,3.9,8,93.6,faible,Hémoglobine dans les normes,5,15,6,True,False,normal,nuageux
2023-06-11 06:09:56,Hôpital Militaire,O+,57,4,0,53,3.9,31,100.0,normale,"Excellent état, conservation parfaite",6,6,6,True,False,urgence_médicale,ensoleillé
2023-06-11 09:09:18,Hôpital Militaire,B+,31,2,0,29,4.3,12,99.8,normale,Attention: proche expiration,6,9,6,True,False,normal,nuageux
2023-06-11 09:34:55,Hôpital Militaire,O-,23,6,18,35,3.6,1,59.1,attention,Parfait pour transfusion immédiate,6,9,6,True,False,normal,pluvieux
2023-06-11 14:59:29,Hôpital Militaire,AB+,36,5,0,31,4.2,17,97.4,normale,"Excellent état, conservation parfaite",6,14,6,True,False,normal,pluvieux
2023-06-11 16:50:20,Hôpital Militaire,O+,23,3,0,20,3.9,7,100.0,normale,"Excellent état, conservation parfaite",6,16,6,True,False,normal,ensoleillé
2023-06-11 21:54:27,Hôpital Militaire,A+,32,10,0,22,3.5,5,96.8,normale,"Excellent état, conservation parfaite",6,21,6,True,False,normal,ensoleillé
2023-06-13 11:32:59,Hôpital Militaire,AB+,33,9,0,24,4.2,3,83.8,normale,"État satisfaisant, contrôle qualité OK",1,11,6,False,False,normal,pluvieux
2023-06-13 17:07:33,Hôpital Militaire,O+,53,9,0,44,4.4,21,100.0,normale,Parfait pour transfusion immédiate,1,17,6,False,False,normal,orageux
2023-06-13 23:47:53,Hôpital Militaire,O+,10,8,0,2,3.3,18,100.0,critique,"URGENT: Stock critique - Bon état général, légère variation température",1,23,6,False,False,normal,pluvieux
2023-06-14 08:23:37,Hôpital Militaire,O+,77,11,0,66,3.8,3,80.7,normale,Attention: proche expiration,2,8,6,False,False,normal,ensoleillé
2023-06-14 12:00:08,Hôpital Militaire,O-,43,11,0,32,4.6,2,89.8,normale,Parfait pour transfusion immédiate,2,12,6,False,False,normal,ensoleillé
2023-06-14 13:40:48,Hôpital Militaire,A+,54,6,0,48,3.7,1,51.2,attention,Contrôle bactériologique négatif,2,13,6,False,False,épidémie,ensoleillé
2023-06-14 18:38:40,Hôpital Militaire,O+,24,5,0,19,3.1,5,97.9,faible,"Bon état général, légère variation température",2,18,6,False,False,normal,ensoleillé
2023-06-15 07:00:58,Hôpital Militaire,AB+,35,6,0,29,3.8,34,95.8,normale,"État satisfaisant, contrôle qualité OK",3,7,6,False,False,normal,nuageux
2023-06-16 09:41:51,Hôpital Militaire,O+,56,11,0,45,3.4,1,52.4,attention,"Bon état général, légère variation température",4,9,6,False,False,normal,ensoleillé
2023-06-16 11:30:46,Hôpital Militaire,A+,62,6,0,56,4.4,29,100.0,normale,"Bon état général, légère variation température",4,11,6,False,False,normal,orageux
2023-06-16 14:23:08,Hôpital Militaire,A+,62,6,0,56,4.0,10,100.0,normale,Parfait pour transfusion immédiate,4,14,6,False,False,normal,pluvieux
2023-06-16 15:20:10,Hôpital Militaire,A-,39,10,0,29,4.2,1,60.8,attention,"Excellent état, conservation parfaite",4,15,6,False,False,normal,ensoleillé
2023-06-17 09:35:49,Hôpital Militaire,A+,36,6,0,30,3.3,3,90.8,normale,"État satisfaisant, contrôle qualité OK",5,9,6,True,False,normal,orageux
2023-06-17 21:47:03,Hôpital Militaire,A+,9,8,13,14,4.0,2,82.5,faible,Attention: proche expiration,5,21,6,True,False,normal,ensoleillé
2023-06-18 02:16:46,Hôpital Militaire,A+,8,6,13,15,4.1,3,91.8,faible,"Bon état général, légère variation température",6,2,6,True,False,normal,ensoleillé
2023-06-18 05:43:19,Hôpital Militaire,O+,9,0,18,27,4.5,24,100.0,normale,"Bon état général, légère variation température",6,5,6,True,False,normal,ensoleillé
2023-06-18 07:21:44,Hôpital Militaire,O+,39,4,0,35,3.8,3,85.5,normale,Attention: proche expiration,6,7,6,True,False,normal,nuageux
2023-06-18 10:30:35,Hôpital Militaire,O+,36,5,0,31,3.3,13,100.0,normale,Attention: proche expiration,6,10,6,True,False,normal,pluvieux
2023-06-18 15:52:28,Hôpital Militaire,O+,36,8,0,28,3.9,15,100.0,normale,Contrôle bactériologique négatif,6,15,6,True,False,normal,pluvieux
2023-06-18 21:47:01,Hôpital Militaire,B+,25,6,20,39,5.4,32,100.0,normale,Contrôle bactériologique négatif,6,21,6,True,False,normal,ensoleillé
2023-06-19 10:03:47,Hôpital Militaire,B+,68,8,0,60,3.8,19,98.4,normale,"Bon état général, légère variation température",0,10,6,False,False,normal,ensoleillé
2023-06-19 16:49:40,Hôpital Militaire,O+,53,7,0,46,3.5,17,100.0,normale,Urgent: vérifier température stockage,0,16,6,False,False,normal,pluvieux
2023-06-19 19:10:06,Hôpital Militaire,O+,42,4,0,38,4.1,2,83.7,normale,Parfait pour transfusion immédiate,0,19,6,False,False,normal,pluvieux
2023-06-20 00:57:23,Hôpital Militaire,A+,31,6,0,25,4.0,16,95.2,normale,Contrôle bactériologique négatif,1,0,6,False,False,normal,nuageux
2023-06-20 06:22:52,Hôpital Militaire,A+,12,11,0,1,4.0,19,100.0,critique,URGENT: Stock critique - Urgent: vérifier température stockage,1,6,6,False,False,normal,nuageux
2023-06-20 10:48:33,Hôpital Militaire,A-,58,9,0,49,3.9,10,100.0,normale,Parfait pour transfusion immédiate,1,10,6,False,False,normal,ensoleillé
2023-06-20 15:15:46,Hôpital Militaire,B+,56,10,0,46,4.5,1,62.7,attention,Hémoglobine dans les normes,1,15,6,False,False,normal,pluvieux
2023-06-21 04:22:35,Hôpital Militaire,A-,38,3,0,35,4.6,4,81.4,normale,"Excellent état, conservation parfaite",2,4,6,False,False,normal,pluvieux
2023-06-21 17:32:21,Hôpital Militaire,A+,54,10,7,51,4.1,5,100.0,normale,"Bon état général, légère variation température",2,17,6,False,False,normal,pluvieux
2023-06-22 06:23:16,Hôpital Militaire,A-,67,9,0,58,4.0,8,100.0,normale,Hémoglobine dans les normes,3,6,6,False,False,normal,ensoleillé
2023-06-22 07:50:50,Hôpital Militaire,O+,32,7,0,25,3.7,7,100.0,normale,"Excellent état, conservation parfaite",3,7,6,False,False,normal,ensoleillé
2023-06-23 10:36:53,Hôpital Militaire,O+,61,9,27,79,3.8,38,100.0,normale,Urgent: vérifier température stockage,4,10,6,False,False,normal,pluvieux
2023-06-23 12:17:48,Hôpital Militaire,A+,32,7,0,25,3.3,13,100.0,normale,Parfait pour transfusion immédiate,4,12,6,False,False,normal,pluvieux
2023-06-24 01:07:09,Hôpital Militaire,A+,13,6,0,7,3.8,12,96.1,critique,URGENT: Stock critique - Parfait pour transfusion immédiate,5,1,6,True,False,normal,ensoleillé
2023-06-24 02:12:48,Hôpital Militaire,O+,11,5,24,30,3.3,3,92.2,normale,"État satisfaisant, contrôle qualité OK",5,2,6,True,False,normal,pluvieux
2023-06-25 05:29:17,Hôpital Militaire,O+,13,3,23,33,4.5,33,100.0,normale,Urgent: vérifier température stockage,6,5,6,True,False,normal,ensoleillé
2023-06-25 11:12:07,Hôpital Militaire,A+,35,6,0,29,4.0,1,58.3,attention,"Bon état général, légère variation température",6,11,6,True,False,normal,nuageux
2023-06-25 12:44:08,Hôpital Militaire,A-,38,5,0,33,3.7,8,95.6,normale,"État satisfaisant, contrôle qualité OK",6,12,6,True,False,normal,orageux
2023-06-25 20:59:02,Hôpital Militaire,O+,23,6,17,34,4.1,1,60.5,attention,Urgent: vérifier température stockage,6,20,6,True,False,normal,nuageux
2023-06-25 23:09:34,Hôpital Militaire,O+,17,2,0,15,4.0,3,93.4,faible,Attention: proche expiration,6,23,6,True,False,normal,orageux
2023-06-26 04:36:31,Hôpital Militaire,O+,15,9,0,6,4.3,7,96.0,critique,URGENT: Stock critique - Contrôle bactériologique négatif,0,4,6,False,False,normal,pluvieux
2023-06-26 06:28:43,Hôpital Militaire,A+,1,9,22,22,4.9,6,98.0,normale,"État satisfaisant, contrôle qualité OK",0,6,6,False,False,normal,nuageux
2023-06-26 07:48:22,Hôpital Militaire,A+,54,9,0,45,4.3,3,87.6,normale,"État satisfaisant, contrôle qualité OK",0,7,6,False,False,normal,pluvieux
2023-06-26 12:41:18,Hôpital Militaire,A-,25,6,0,19,3.8,1,56.3,faible,Attention: proche expiration,0,12,6,False,False,normal,ensoleillé
2023-06-26 13:25:37,Hôpital Militaire,O+,21,2,0,19,3.2,1,62.7,faible,Contrôle bactériologique négatif,0,13,6,False,False,normal,ensoleillé
2023-06-27 06:15:41,Hôpital Militaire,AB+,61,10,16,67,3.6,11,100.0,normale,Attention: proche expiration,1,6,6,False,False,normal,pluvieux
2023-06-27 12:36:36,Hôpital Militaire,O+,29,10,0,19,4.1,27,94.9,faible,Parfait pour transfusion immédiate,1,12,6,False,False,normal,ensoleillé
2023-06-29 01:45:20,Hôpital Militaire,B+,15,6,0,9,5.1,5,99.6,critique,URGENT: Stock critique - Contrôle bactériologique négatif,3,1,6,False,False,normal,ensoleillé
2023-06-30 06:23:09,Hôpital Militaire,O+,32,7,0,25,3.9,10,99.7,normale,"Bon état général, légère variation température",4,6,6,False,False,normal,nuageux
2023-06-30 10:21:52,Hôpital Militaire,AB-,64,9,0,55,4.3,6,99.0,normale,Contrôle bactériologique négatif,4,10,6,False,False,normal,nuageux
2023-06-30 20:04:35,Hôpital Militaire,A+,55,7,0,48,3.7,12,94.0,normale,Attention: proche expiration,4,20,6,False,False,normal,ensoleillé
2023-06-30 21:58:59,Hôpital Militaire,O+,67,9,0,58,3.8,18,100.0,normale,Contrôle bactériologique négatif,4,21,6,False,False,normal,ensoleillé
2023-07-01 03:23:03,Hôpital Militaire,A+,31,2,0,29,4.2,11,100.0,normale,Parfait pour transfusion immédiate,5,3,7,True,True,normal,pluvieux
2023-07-01 06:32:45,Hôpital Militaire,O-,43,2,0,41,4.3,4,87.9,normale,Hémoglobine dans les normes,5,6,7,True,True,normal,orageux
2023-07-01 07:03:07,Hôpital Militaire,O-,46,7,0,39,4.4,2,87.3,normale,Contrôle bactériologique négatif,5,7,7,True,True,normal,orageux
2023-07-01 14:35:40,Hôpital Militaire,AB+,24,4,0,20,3.9,30,100.0,normale,Contrôle bactériologique négatif,5,14,7,True,True,normal,nuageux
2023-07-01 20:30:48,Hôpital Militaire,O+,25,8,0,17,3.4,8,100.0,faible,Contrôle bactériologique négatif,5,20,7,True,True,normal,pluvieux
2023-07-02 05:32:25,Hôpital Militaire,O-,22,9,0,13,4.2,9,100.0,faible,"Excellent état, conservation parfaite",6,5,7,True,True,normal,ensoleillé
2023-07-02 08:29:30,Hôpital Militaire,O+,45,4,0,41,3.8,4,78.2,normale,Contrôle bactériologique négatif,6,8,7,True,True,normal,ensoleillé
2023-07-02 09:08:11,Hôpital Militaire,O+,21,6,0,15,4.1,15,97.9,faible,Attention: proche expiration,6,9,7,True,True,normal,ensoleillé
2023-07-03 00:08:51,Hôpital Militaire,B+,37,13,0,24,4.4,37,100.0,normale,Parfait pour transfusion immédiate,0,0,7,False,True,normal,pluvieux
2023-07-03 23:48:43,Hôpital Militaire,A+,30,12,0,18,4.1,5,98.2,faible,"État satisfaisant, contrôle qualité OK",0,23,7,False,True,normal,ensoleillé
2023-07-04 09:11:19,Hôpital Militaire,A+,87,7,0,80,3.9,26,100.0,normale,"Bon état général, légère variation température",1,9,7,False,True,normal,pluvieux
2023-07-04 16:08:25,Hôpital Militaire,O+,64,16,21,69,3.5,31,98.2,normale,Attention: proche expiration,1,16,7,False,True,normal,ensoleillé
2023-07-04 22:25:16,Hôpital Militaire,O+,59,16,0,43,3.6,19,100.0,normale,Contrôle bactériologique négatif,1,22,7,False,True,épidémie,ensoleillé
2023-07-04 23:21:43,Hôpital Militaire,A+,32,8,0,24,3.5,1,56.7,attention,"Excellent état, conservation parfaite",1,23,7,False,True,normal,pluvieux
2023-07-05 13:37:25,Hôpital Militaire,O+,72,3,31,100,4.6,9,100.0,normale,"Excellent état, conservation parfaite",2,13,7,False,True,accident_route,ensoleillé
2023-07-05 23:34:53,Hôpital Militaire,O+,38,7,0,31,3.5,1,54.9,attention,Urgent: vérifier température stockage,2,23,7,False,True,normal,pluvieux
2023-07-06 02:53:09,Hôpital Militaire,B+,33,9,0,24,3.6,13,98.6,normale,Urgent: vérifier température stockage,3,2,7,False,True,normal,ensoleillé
2023-07-06 05:33:29,Hôpital Militaire,B-,27,10,0,17,3.7,22,100.0,faible,"Excellent état, conservation parfaite",3,5,7,False,True,normal,pluvieux
2023-07-07 08:03:10,Hôpital Militaire,A+,68,11,0,57,4.5,20,100.0,normale,Attention: proche expiration,4,8,7,False,True,normal,nuageux
2023-07-07 14:45:26,Hôpital Militaire,A+,78,5,19,92,3.6,23,100.0,normale,Contrôle bactériologique négatif,4,14,7,False,True,normal,pluvieux
2023-07-07 18:37:25,Hôpital Militaire,A-,51,5,18,64,4.7,21,97.7,normale,Attention: proche expiration,4,18,7,False,True,normal,orageux
2023-07-08 01:31:38,Hôpital Militaire,A+,25,4,0,21,4.2,30,100.0,normale,Attention: proche expiration,5,1,7,True,True,normal,ensoleillé
2023-07-08 12:22:07,Hôpital Militaire,A-,51,5,0,46,4.6,14,100.0,normale,"Bon état général, légère variation température",5,12,7,True,True,normal,nuageux
2023-07-09 02:10:43,Hôpital Militaire,O+,14,2,0,12,4.2,1,60.9,faible,"Excellent état, conservation parfaite",6,2,7,True,True,normal,ensoleillé
2023-07-09 19:37:24,Hôpital Militaire,A+,70,4,19,85,3.5,9,93.1,normale,Hémoglobine dans les normes,6,19,7,True,True,normal,pluvieux
2023-07-09 21:05:34,Hôpital Militaire,O+,34,7,0,27,3.6,52,97.7,normale,Hémoglobine dans les normes,6,21,7,True,True,normal,ensoleillé
2023-07-11 01:35:41,Hôpital Militaire,O+,31,13,0,18,4.3,3,90.6,faible,Contrôle bactériologique négatif,1,1,7,False,True,normal,ensoleillé
2023-07-11 02:31:55,Hôpital Militaire,A-,21,6,0,15,3.6,39,94.1,faible,"Bon état général, légère variation température",1,2,7,False,True,normal,pluvieux
2023-07-11 20:19:10,Hôpital Militaire,B-,67,18,0,49,5.3,1,56.5,attention,Urgent: vérifier température stockage,1,20,7,False,True,normal,orageux
2023-07-12 11:01:30,Hôpital Militaire,B+,54,12,0,42,4.8,45,100.0,normale,Contrôle bactériologique négatif,2,11,7,False,True,normal,nuageux
2023-07-12 23:15:17,Hôpital Militaire,O+,32,16,0,16,3.8,53,100.0,faible,Parfait pour transfusion immédiate,2,23,7,False,True,normal,pluvieux
2023-07-13 08:42:06,Hôpital Militaire,O+,56,3,0,53,3.1,1,50.4,attention,"Bon état général, légère variation température",3,8,7,False,True,normal,ensoleillé
2023-07-13 21:20:01,Hôpital Militaire,O+,38,4,0,34,4.5,1,52.8,attention,Attention: proche expiration,3,21,7,False,True,normal,ensoleillé
2023-07-13 22:02:57,Hôpital Militaire,A+,118,9,21,130,3.8,30,97.1,normale,Contrôle bactériologique négatif,3,22,7,False,True,normal,pluvieux
2023-07-14 11:05:53,Hôpital Militaire,B+,69,7,0,62,4.4,9,87.3,normale,"État satisfaisant, contrôle qualité OK",4,11,7,False,True,normal,ensoleillé
2023-07-14 11:08:24,Hôpital Militaire,O+,97,9,24,112,3.8,2,82.0,normale,Attention: proche expiration,4,11,7,False,True,normal,ensoleillé
2023-07-14 20:58:26,Hôpital Militaire,O+,77,11,0,66,4.2,3,88.2,normale,Hémoglobine dans les normes,4,20,7,False,True,normal,ensoleillé
2023-07-15 01:32:43,Hôpital Militaire,AB-,22,6,10,26,3.9,45,100.0,normale,Urgent: vérifier température stockage,5,1,7,True,True,normal,nuageux
2023-07-15 06:44:16,Hôpital Militaire,A+,38,4,0,34,3.9,13,100.0,normale,"Excellent état, conservation parfaite",5,6,7,True,True,normal,ensoleillé
2023-07-16 11:30:25,Hôpital Militaire,O+,46,7,0,39,3.4,25,100.0,normale,Contrôle bactériologique négatif,6,11,7,True,True,normal,pluvieux
2023-07-16 15:53:25,Hôpital Militaire,O+,38,7,0,31,4.1,4,85.3,normale,Parfait pour transfusion immédiate,6,15,7,True,True,normal,pluvieux
2023-07-17 00:26:20,Hôpital Militaire,A-,31,8,0,23,3.8,4,80.0,normale,Urgent: vérifier température stockage,0,0,7,False,True,normal,orageux
2023-07-17 14:01:41,Hôpital Militaire,O+,42,14,0,28,4.3,3,85.0,normale,"Excellent état, conservation parfaite",0,14,7,False,True,normal,ensoleillé
2023-07-17 18:58:32,Hôpital Militaire,B+,23,14,0,9,4.2,31,100.0,critique,URGENT: Stock critique - Hémoglobine dans les normes,0,18,7,False,True,normal,orageux
2023-07-18 03:25:33,Hôpital Militaire,A+,38,6,0,32,2.9,11,94.3,normale,"Excellent état, conservation parfaite",1,3,7,False,True,normal,pluvieux
2023-07-18 22:34:16,Hôpital Militaire,O+,89,10,0,79,4.2,48,99.2,normale,Parfait pour transfusion immédiate,1,22,7,False,True,normal,ensoleillé
2023-07-19 20:47:31,Hôpital Militaire,A+,82,11,21,92,4.4,22,100.0,normale,Hémoglobine dans les normes,2,20,7,False,True,normal,nuageux
2023-07-19 21:27:22,Hôpital Militaire,O+,53,4,0,49,2.7,4,89.4,normale,"Excellent état, conservation parfaite",2,21,7,False,True,normal,ensoleillé
2023-07-19 23:45:28,Hôpital Militaire,O+,34,11,0,23,3.3,9,100.0,normale,Contrôle bactériologique négatif,2,23,7,False,True,normal,ensoleillé
2023-07-20 08:15:32,Hôpital Militaire,A-,53,5,0,48,3.8,10,100.0,normale,"Excellent état, conservation parfaite",3,8,7,False,True,campagne_don,ensoleillé
2023-07-20 10:25:29,Hôpital Militaire,O+,48,14,0,34,4.6,3,84.5,normale,Urgent: vérifier température stockage,3,10,7,False,True,normal,orageux
2023-07-20 22:11:28,Hôpital Militaire,A+,33,11,0,22,2.8,17,99.8,normale,Parfait pour transfusion immédiate,3,22,7,False,True,normal,ensoleillé
2023-07-21 01:48:20,Hôpital Militaire,B+,34,8,0,26,4.5,13,100.0,normale,Parfait pour transfusion immédiate,4,1,7,False,True,normal,ensoleillé
2023-07-21 02:23:37,Hôpital Militaire,A+,31,9,25,47,4.2,8,93.7,normale,"Excellent état, conservation parfaite",4,2,7,False,True,normal,nuageux
2023-07-21 11:35:43,Hôpital Militaire,B+,49,13,17,53,4.0,1,67.1,attention,Contrôle bactériologique négatif,4,11,7,False,True,normal,nuageux
2023-07-21 19:11:11,Hôpital Militaire,AB-,37,12,0,25,3.4,2,87.7,normale,Hémoglobine dans les normes,4,19,7,False,True,normal,nuageux
2023-07-21 22:07:46,Hôpital Militaire,O+,16,7,0,9,4.1,16,100.0,critique,"URGENT: Stock critique - Excellent état, conservation parfaite",4,22,7,False,True,normal,ensoleillé
2023-07-22 00:31:02,Hôpital Militaire,O+,20,0,16,36,3.9,8,95.6,normale,"Excellent état, conservation parfaite",5,0,7,True,True,normal,ensoleillé
2023-07-22 03:12:05,Hôpital Militaire,A+,20,8,0,12,4.4,12,100.0,faible,"État satisfaisant, contrôle qualité OK",5,3,7,True,True,normal,pluvieux
2023-07-22 17:33:31,Hôpital Militaire,B+,40,0,0,40,4.1,5,100.0,normale,Attention: proche expiration,5,17,7,True,True,normal,ensoleillé
2023-07-23 13:11:27,Hôpital Militaire,O+,60,5,23,78,4.2,22,100.0,normale,Contrôle bactériologique négatif,6,13,7,True,True,normal,ensoleillé
2023-07-24 07:00:39,Hôpital Militaire,B+,67,6,0,61,3.9,8,100.0,normale,"Bon état général, légère variation température",0,7,7,False,True,normal,nuageux
2023-07-24 07:36:11,Hôpital Militaire,O+,91,11,23,103,4.5,22,97.9,normale,Attention: proche expiration,0,7,7,False,True,normal,pluvieux
2023-07-24 18:15:45,Hôpital Militaire,A+,55,12,23,66,3.6,9,100.0,normale,"Excellent état, conservation parfaite",0,18,7,False,True,normal,ensoleillé
2023-07-25 12:42:17,Hôpital Militaire,O+,16,12,0,4,4.1,4,82.4,critique,URGENT: Stock critique - Hémoglobine dans les normes,1,12,7,False,True,normal,pluvieux
2023-07-25 22:52:29,Hôpital Militaire,O+,52,13,18,57,4.2,6,100.0,normale,Contrôle bactériologique négatif,1,22,7,False,True,urgence_médicale,ensoleillé
2023-07-26 00:33:49,Hôpital Militaire,A+,33,7,0,26,3.7,1,66.1,attention,Parfait pour transfusion immédiate,2,0,7,False,True,normal,pluvieux
2023-07-26 01:20:49,Hôpital Militaire,A+,24,6,24,42,4.4,7,100.0,normale,Hémoglobine dans les normes,2,1,7,False,True,normal,ensoleillé
2023-07-26 03:58:15,Hôpital Militaire,O+,38,10,0,28,3.8,31,100.0,normale,Attention: proche expiration,2,3,7,False,True,normal,ensoleillé
2023-07-27 17:54:55,Hôpital Militaire,O+,58,10,0,48,3.5,9,99.3,normale,Hémoglobine dans les normes,3,17,7,False,True,normal,ensoleillé
2023-07-27 22:06:09,Hôpital Militaire,B+,49,8,0,41,4.7,5,89.7,normale,Hémoglobine dans les normes,3,22,7,False,True,campagne_don,nuageux
2023-07-28 00:37:01,Hôpital Militaire,O+,15,7,0,8,4.3,23,100.0,critique,URGENT: Stock critique - Urgent: vérifier température stockage,4,0,7,False,True,normal,ensoleillé
2023-07-28 01:33:29,Hôpital Militaire,A+,28,10,0,18,3.7,11,100.0,faible,Parfait pour transfusion immédiate,4,1,7,False,True,normal,nuageux
2023-07-28 23:20:51,Hôpital Militaire,O+,21,4,18,35,4.0,4,79.2,normale,Urgent: vérifier température stockage,4,23,7,False,True,normal,pluvieux
2023-07-30 03:43:28,Hôpital Militaire,B+,13,7,17,23,3.5,66,100.0,normale,Contrôle bactériologique négatif,6,3,7,True,True,normal,ensoleillé
2023-07-30 20:13:56,Hôpital Militaire,A+,36,8,0,28,3.8,2,88.7,normale,Contrôle bactériologique négatif,6,20,7,True,True,normal,nuageux
2023-07-30 23:04:39,Hôpital Militaire,A+,21,8,26,39,4.1,12,99.5,normale,"État satisfaisant, contrôle qualité OK",6,23,7,True,True,normal,orageux
2023-07-31 08:39:10,Hôpital Militaire,B+,35,10,22,47,4.2,44,96.1,normale,Contrôle bactériologique négatif,0,8,7,False,True,normal,ensoleillé
2023-07-31 15:34:35,Hôpital Militaire,A+,58,10,0,48,4.2,7,100.0,normale,Hémoglobine dans les normes,0,15,7,False,True,normal,nuageux
2023-07-31 16:36:14,Hôpital Militaire,O+,29,8,0,21,4.7,37,100.0,normale,Urgent: vérifier température stockage,0,16,7,False,True,normal,ensoleillé
2023-07-31 18:46:52,Hôpital Militaire,O-,60,11,19,68,3.5,12,100.0,normale,Urgent: vérifier température stockage,0,18,7,False,True,normal,pluvieux
2023-08-01 05:08:09,Hôpital Militaire,A+,37,9,0,28,4.1,54,99.5,normale,Attention: proche expiration,1,5,8,False,True,normal,nuageux
2023-08-01 15:00:46,Hôpital Militaire,A+,77,6,0,71,3.4,1,57.0,attention,Contrôle bactériologique négatif,1,15,8,False,True,normal,orageux
2023-08-02 05:44:39,Hôpital Militaire,A+,38,12,0,26,3.1,10,100.0,normale,"Bon état général, légère variation température",2,5,8,False,True,normal,ensoleillé
2023-08-02 08:08:39,Hôpital Militaire,O+,49,10,0,39,4.1,38,100.0,normale,"Bon état général, légère variation température",2,8,8,False,True,normal,pluvieux
2023-08-02 09:37:59,Hôpital Militaire,AB+,69,11,18,76,3.4,7,94.2,normale,"Excellent état, conservation parfaite",2,9,8,False,True,normal,orageux
2023-08-02 20:15:40,Hôpital Militaire,AB+,79,5,0,74,5.1,1,63.7,attention,"État satisfaisant, contrôle qualité OK",2,20,8,False,True,normal,orageux
2023-08-03 06:48:34,Hôpital Militaire,A+,27,11,0,16,3.7,71,99.0,faible,Hémoglobine dans les normes,3,6,8,False,True,normal,orageux
2023-08-03 09:14:39,Hôpital Militaire,A+,61,10,0,51,3.0,29,100.0,normale,Contrôle bactériologique négatif,3,9,8,False,True,normal,pluvieux
2023-08-03 09:32:06,Hôpital Militaire,A+,54,7,0,47,4.6,2,80.2,normale,Hémoglobine dans les normes,3,9,8,False,True,normal,ensoleillé
2023-08-03 15:54:04,Hôpital Militaire,O+,74,14,16,76,3.7,65,96.4,normale,Parfait pour transfusion immédiate,3,15,8,False,True,normal,ensoleillé
2023-08-04 03:03:14,Hôpital Militaire,O+,35,8,0,27,4.9,28,99.7,normale,Attention: proche expiration,4,3,8,False,True,urgence_médicale,pluvieux
2023-08-04 17:44:25,Hôpital Militaire,O+,23,13,21,31,4.9,2,80.1,normale,Parfait pour transfusion immédiate,4,17,8,False,True,normal,ensoleillé
2023-08-04 20:16:01,Hôpital Militaire,AB+,60,12,0,48,3.6,11,95.6,normale,"État satisfaisant, contrôle qualité OK",4,20,8,False,True,normal,pluvieux
2023-08-04 20:48:57,Hôpital Militaire,A+,92,11,15,96,3.6,11,100.0,normale,Attention: proche expiration,4,20,8,False,True,normal,ensoleillé
2023-08-04 21:46:57,Hôpital Militaire,A+,80,12,19,87,4.6,10,100.0,normale,"Excellent état, conservation parfaite",4,21,8,False,True,normal,nuageux
2023-08-04 23:16:30,Hôpital Militaire,A+,33,8,0,25,3.9,12,88.2,normale,Urgent: vérifier température stockage,4,23,8,False,True,normal,nuageux
2023-08-05 18:25:53,Hôpital Militaire,O-,53,7,26,72,3.8,24,99.7,normale,Parfait pour transfusion immédiate,5,18,8,True,True,normal,ensoleillé
2023-08-05 20:04:00,Hôpital Militaire,O+,44,5,0,39,4.3,8,100.0,normale,"Bon état général, légère variation température",5,20,8,True,True,normal,orageux
2023-08-05 21:59:42,Hôpital Militaire,A+,59,8,0,51,3.8,4,83.4,normale,"Bon état général, légère variation température",5,21,8,True,True,normal,pluvieux
2023-08-06 08:09:42,Hôpital Militaire,A+,48,7,0,41,3.6,1,66.1,attention,Parfait pour transfusion immédiate,6,8,8,True,True,normal,nuageux
2023-08-06 08:50:41,Hôpital Militaire,O-,51,5,19,65,3.9,28,92.1,normale,"Bon état général, légère variation température",6,8,8,True,True,normal,ensoleillé
2023-08-06 16:27:44,Hôpital Militaire,O+,43,7,18,54,4.4,1,63.4,attention,"Bon état général, légère variation température",6,16,8,True,True,normal,ensoleillé
2023-08-06 23:37:51,Hôpital Militaire,A+,18,4,0,14,4.9,34,100.0,faible,Parfait pour transfusion immédiate,6,23,8,True,True,normal,pluvieux
2023-08-07 06:59:32,Hôpital Militaire,A+,65,11,0,54,3.7,18,100.0,normale,Contrôle bactériologique négatif,0,6,8,False,True,normal,pluvieux
2023-08-08 05:56:43,Hôpital Militaire,A+,35,9,0,26,3.8,7,100.0,normale,Parfait pour transfusion immédiate,1,5,8,False,True,normal,pluvieux
2023-08-08 06:40:45,Hôpital Militaire,O+,50,9,16,57,4.8,16,96.1,normale,"Excellent état, conservation parfaite",1,6,8,False,True,normal,pluvieux
2023-08-08 16:29:15,Hôpital Militaire,A+,88,11,0,77,4.4,42,100.0,normale,Attention: proche expiration,1,16,8,False,True,normal,ensoleillé
2023-08-08 17:03:47,Hôpital Militaire,B+,65,12,23,76,3.5,12,100.0,normale,Urgent: vérifier température stockage,1,17,8,False,True,normal,ensoleillé
2023-08-09 07:28:44,Hôpital Militaire,O+,52,9,0,43,3.8,3,91.3,normale,"État satisfaisant, contrôle qualité OK",2,7,8,False,True,normal,orageux
2023-08-09 08:00:33,Hôpital Militaire,O+,100,6,0,94,4.0,1,66.6,attention,Attention: proche expiration,2,8,8,False,True,normal,ensoleillé
2023-08-09 15:54:42,Hôpital Militaire,A+,47,5,0,42,4.2,42,96.3,normale,"Bon état général, légère variation température",2,15,8,False,True,normal,orageux
2023-08-09 18:35:31,Hôpital Militaire,O+,62,9,0,53,4.1,9,98.5,normale,Hémoglobine dans les normes,2,18,8,False,True,normal,ensoleillé
2023-08-09 19:55:33,Hôpital Militaire,O+,80,13,0,67,4.4,21,100.0,normale,Hémoglobine dans les normes,2,19,8,False,True,normal,pluvieux
2023-08-10 12:13:40,Hôpital Militaire,O+,64,6,0,58,4.6,9,100.0,normale,Hémoglobine dans les normes,3,12,8,False,True,normal,nuageux
2023-08-10 14:32:52,Hôpital Militaire,B+,59,7,15,67,3.6,1,61.9,attention,"Bon état général, légère variation température",3,14,8,False,True,normal,nuageux
2023-08-11 06:59:15,Hôpital Militaire,A+,82,10,0,72,3.8,9,100.0,normale,Urgent: vérifier température stockage,4,6,8,False,True,normal,ensoleillé
2023-08-11 10:34:46,Hôpital Militaire,A+,75,9,0,66,4.2,1,62.2,attention,"Bon état général, légère variation température",4,10,8,False,True,normal,pluvieux
2023-08-11 17:51:51,Hôpital Militaire,B+,57,9,0,48,3.5,35,99.4,normale,Attention: proche expiration,4,17,8,False,True,normal,pluvieux
2023-08-11 19:31:05,Hôpital Militaire,O+,44,17,0,27,3.1,20,88.4,normale,Urgent: vérifier température stockage,4,19,8,False,True,normal,pluvieux
2023-08-12 02:17:12,Hôpital Militaire,A+,18,7,0,11,4.1,15,100.0,faible,"État satisfaisant, contrôle qualité OK",5,2,8,True,True,normal,pluvieux
2023-08-12 03:20:39,Hôpital Militaire,B+,25,4,28,49,3.4,51,96.7,normale,"État satisfaisant, contrôle qualité OK",5,3,8,True,True,normal,orageux
2023-08-12 04:46:25,Hôpital Militaire,O+,20,6,0,14,3.6,2,89.6,faible,Urgent: vérifier température stockage,5,4,8,True,True,normal,orageux
2023-08-12 21:12:48,Hôpital Militaire,AB+,34,4,0,30,3.8,12,100.0,normale,Contrôle bactériologique négatif,5,21,8,True,True,normal,nuageux
2023-08-13 09:49:27,Hôpital Militaire,A+,42,1,21,62,4.0,8,100.0,normale,Urgent: vérifier température stockage,6,9,8,True,True,normal,nuageux
2023-08-13 20:16:32,Hôpital Militaire,O+,27,6,0,21,4.1,9,97.1,normale,"Excellent état, conservation parfaite",6,20,8,True,True,normal,pluvieux
2023-08-14 14:19:06,Hôpital Militaire,O+,66,12,0,54,3.6,27,100.0,normale,Parfait pour transfusion immédiate,0,14,8,False,True,normal,pluvieux
2023-08-15 09:42:02,Hôpital Militaire,A+,62,6,28,84,4.3,15,100.0,normale,Contrôle bactériologique négatif,1,9,8,False,True,normal,nuageux
2023-08-15 10:53:47,Hôpital Militaire,O-,56,10,0,46,4.2,11,99.9,normale,Attention: proche expiration,1,10,8,False,True,accident_route,nuageux
2023-08-15 20:00:17,Hôpital Militaire,A+,91,15,0,76,2.9,41,93.6,normale,Attention: proche expiration,1,20,8,False,True,normal,ensoleillé
2023-08-16 01:48:40,Hôpital Militaire,A+,33,4,0,29,3.4,21,100.0,normale,Urgent: vérifier température stockage,2,1,8,False,True,normal,ensoleillé
2023-08-16 04:20:36,Hôpital Militaire,A+,28,8,21,41,4.0,20,100.0,normale,Urgent: vérifier température stockage,2,4,8,False,True,normal,nuageux
2023-08-16 17:22:58,Hôpital Militaire,O+,75,5,0,70,4.4,22,91.8,normale,Parfait pour transfusion immédiate,2,17,8,False,True,normal,ensoleillé
2023-08-16 17:31:43,Hôpital Militaire,A+,63,10,19,72,3.0,11,100.0,normale,"Excellent état, conservation parfaite",2,17,8,False,True,normal,nuageux
2023-08-16 19:54:00,Hôpital Militaire,O+,66,10,0,56,3.8,40,98.2,normale,"Bon état général, légère variation température",2,19,8,False,True,normal,ensoleillé
2023-08-17 01:57:39,Hôpital Militaire,A+,19,8,0,11,3.4,5,99.7,faible,Hémoglobine dans les normes,3,1,8,False,True,normal,pluvieux
2023-08-17 16:18:31,Hôpital Militaire,A+,54,8,0,46,3.9,38,100.0,normale,"Excellent état, conservation parfaite",3,16,8,False,True,accident_route,pluvieux
2023-08-17 20:01:36,Hôpital Militaire,A+,26,11,23,38,4.0,19,100.0,normale,Contrôle bactériologique négatif,3,20,8,False,True,normal,orageux
2023-08-18 02:50:31,Hôpital Militaire,A+,39,4,0,35,3.4,16,100.0,normale,"Bon état général, légère variation température",4,2,8,False,True,urgence_médicale,orageux
2023-08-18 04:33:57,Hôpital Militaire,B+,26,14,0,12,4.1,7,96.5,faible,Attention: proche expiration,4,4,8,False,True,normal,nuageux
2023-08-18 08:15:01,Hôpital Militaire,A+,69,6,0,63,3.3,12,100.0,normale,Urgent: vérifier température stockage,4,8,8,False,True,normal,nuageux
2023-08-18 13:28:36,Hôpital Militaire,O+,57,4,0,53,4.0,22,98.9,normale,Contrôle bactériologique négatif,4,13,8,False,True,normal,nuageux
2023-08-18 15:43:02,Hôpital Militaire,B+,54,16,22,60,3.4,3,89.6,normale,Urgent: vérifier température stockage,4,15,8,False,True,normal,pluvieux
2023-08-18 18:19:05,Hôpital Militaire,O+,88,11,0,77,4.4,29,98.9,normale,Hémoglobine dans les normes,4,18,8,False,True,normal,nuageux
2023-08-18 19:48:06,Hôpital Militaire,O+,50,15,0,35,3.8,23,100.0,normale,"Bon état général, légère variation température",4,19,8,False,True,normal,pluvieux
2023-08-18 20:11:18,Hôpital Militaire,AB+,64,4,25,85,4.4,13,98.3,normale,Urgent: vérifier température stockage,4,20,8,False,True,accident_route,ensoleillé
2023-08-18 20:38:40,Hôpital Militaire,B+,72,11,0,61,4.5,45,100.0,normale,"État satisfaisant, contrôle qualité OK",4,20,8,False,True,normal,nuageux
2023-08-19 04:33:29,Hôpital Militaire,O+,10,7,24,27,3.7,14,97.4,normale,Urgent: vérifier température stockage,5,4,8,True,True,normal,orageux
2023-08-19 14:58:26,Hôpital Militaire,O+,34,7,0,27,3.4,26,97.9,normale,"État satisfaisant, contrôle qualité OK",5,14,8,True,True,normal,ensoleillé
2023-08-19 18:31:26,Hôpital Militaire,B-,16,9,0,7,4.2,23,95.5,critique,URGENT: Stock critique - Parfait pour transfusion immédiate,5,18,8,True,True,normal,pluvieux
2023-08-20 03:46:20,Hôpital Militaire,O+,26,4,0,22,4.9,4,80.6,normale,Attention: proche expiration,6,3,8,True,True,normal,ensoleillé
2023-08-20 12:32:57,Hôpital Militaire,B+,38,4,0,34,4.0,1,63.2,attention,Contrôle bactériologique négatif,6,12,8,True,True,campagne_don,pluvieux
2023-08-21 06:20:32,Hôpital Militaire,A+,64,10,0,54,4.2,10,90.2,normale,Parfait pour transfusion immédiate,0,6,8,False,True,normal,pluvieux
2023-08-22 18:08:46,Hôpital Militaire,A+,51,7,0,44,4.2,14,99.3,normale,Parfait pour transfusion immédiate,1,18,8,False,True,normal,nuageux
2023-08-24 00:05:14,Hôpital Militaire,O+,32,8,0,24,3.2,18,94.2,normale,"État satisfaisant, contrôle qualité OK",3,0,8,False,True,normal,ensoleillé
2023-08-24 01:36:45,Hôpital Militaire,A+,28,9,0,19,3.8,1,65.4,faible,Contrôle bactériologique négatif,3,1,8,False,True,normal,nuageux
2023-08-24 10:57:48,Hôpital Militaire,O+,61,7,0,54,4.1,18,100.0,normale,"État satisfaisant, contrôle qualité OK",3,10,8,False,True,normal,nuageux
2023-08-24 21:06:24,Hôpital Militaire,A+,43,5,0,38,3.6,1,66.0,attention,"Excellent état, conservation parfaite",3,21,8,False,True,normal,ensoleillé
2023-08-25 01:08:45,Hôpital Militaire,AB+,30,9,0,21,3.8,9,100.0,normale,Attention: proche expiration,4,1,8,False,True,normal,ensoleillé
2023-08-25 11:14:16,Hôpital Militaire,AB-,22,9,0,13,3.8,9,100.0,faible,"Excellent état, conservation parfaite",4,11,8,False,True,normal,pluvieux
2023-08-25 11:16:35,Hôpital Militaire,AB-,49,14,0,35,4.2,22,100.0,normale,"Excellent état, conservation parfaite",4,11,8,False,True,normal,ensoleillé
2023-08-25 18:42:10,Hôpital Militaire,A+,30,11,0,19,3.4,15,100.0,faible,Hémoglobine dans les normes,4,18,8,False,True,urgence_médicale,pluvieux
2023-08-26 11:13:05,Hôpital Militaire,O+,37,3,19,53,4.0,14,98.8,normale,"Bon état général, légère variation température",5,11,8,True,True,accident_route,ensoleillé
2023-08-26 11:58:32,Hôpital Militaire,AB+,39,5,0,34,4.7,8,95.3,normale,Hémoglobine dans les normes,5,11,8,True,True,normal,ensoleillé
2023-08-26 15:33:45,Hôpital Militaire,O+,33,8,0,25,3.6,7,98.7,normale,"Bon état général, légère variation température",5,15,8,True,True,normal,orageux
2023-08-26 15:53:53,Hôpital Militaire,A+,35,7,21,49,3.7,15,94.7,normale,Attention: proche expiration,5,15,8,True,True,normal,ensoleillé
2023-08-26 16:09:29,Hôpital Militaire,O+,49,7,16,58,4.3,4,77.2,normale,"État satisfaisant, contrôle qualité OK",5,16,8,True,True,normal,orageux
2023-08-26 20:25:26,Hôpital Militaire,A+,22,13,0,9,3.4,1,63.1,critique,URGENT: Stock critique - Urgent: vérifier température stockage,5,20,8,True,True,normal,pluvieux
2023-08-26 20:42:31,Hôpital Militaire,A+,48,6,22,64,3.9,9,100.0,normale,Urgent: vérifier température stockage,5,20,8,True,True,normal,orageux
2023-08-26 21:56:34,Hôpital Militaire,B+,50,6,0,44,3.8,10,99.3,normale,Contrôle bactériologique négatif,5,21,8,True,True,normal,ensoleillé
2023-08-28 03:03:49,Hôpital Militaire,O-,29,9,0,20,4.2,14,95.4,normale,Contrôle bactériologique négatif,0,3,8,False,True,normal,ensoleillé
2023-08-28 09:17:00,Hôpital Militaire,A+,55,6,15,64,5.2,13,100.0,normale,Contrôle bactériologique négatif,0,9,8,False,True,normal,ensoleillé
2023-08-28 18:38:58,Hôpital Militaire,O+,83,13,16,86,4.7,3,85.0,normale,"État satisfaisant, contrôle qualité OK",0,18,8,False,True,normal,nuageux
2023-08-28 22:01:49,Hôpital Militaire,A+,58,15,19,62,3.9,25,100.0,normale,"État satisfaisant, contrôle qualité OK",0,22,8,False,True,normal,ensoleillé
2023-08-29 00:27:56,Hôpital Militaire,A+,40,11,18,47,3.6,18,100.0,normale,Contrôle bactériologique négatif,1,0,8,False,True,normal,ensoleillé
2023-08-29 00:30:57,Hôpital Militaire,O+,32,4,22,50,4.9,7,94.6,normale,"Excellent état, conservation parfaite",1,0,8,False,True,normal,pluvieux
2023-08-29 11:45:59,Hôpital Militaire,A+,66,9,21,78,4.2,14,95.7,normale,Parfait pour transfusion immédiate,1,11,8,False,True,normal,ensoleillé
2023-08-30 01:54:52,Hôpital Militaire,O+,16,11,0,5,4.1,31,100.0,critique,"URGENT: Stock critique - Bon état général, légère variation température",2,1,8,False,True,normal,ensoleillé
2023-08-30 02:00:57,Hôpital Militaire,A+,27,12,13,28,3.9,8,100.0,normale,Parfait pour transfusion immédiate,2,2,8,False,True,normal,ensoleillé
2023-08-30 11:12:24,Hôpital Militaire,O+,65,9,0,56,4.2,36,98.4,normale,Contrôle bactériologique négatif,2,11,8,False,True,normal,pluvieux
2023-08-30 11:56:30,Hôpital Militaire,A+,84,12,30,102,4.7,2,86.7,normale,Hémoglobine dans les normes,2,11,8,False,True,normal,nuageux
2023-08-30 13:29:42,Hôpital Militaire,O+,90,5,0,85,3.1,47,99.0,normale,"État satisfaisant, contrôle qualité OK",2,13,8,False,True,normal,ensoleillé
2023-08-30 14:24:40,Hôpital Militaire,A+,60,9,0,51,4.4,10,93.3,normale,Urgent: vérifier température stockage,2,14,8,False,True,normal,pluvieux
2023-08-30 17:12:22,Hôpital Militaire,O+,75,2,0,73,3.3,20,100.0,normale,"État satisfaisant, contrôle qualité OK",2,17,8,False,True,normal,nuageux
2023-08-31 07:57:58,Hôpital Militaire,A+,52,12,0,40,4.2,31,100.0,normale,Parfait pour transfusion immédiate,3,7,8,False,True,normal,ensoleillé
2023-08-31 09:03:31,Hôpital Militaire,A+,74,11,0,63,4.2,16,100.0,normale,"État satisfaisant, contrôle qualité OK",3,9,8,False,True,normal,pluvieux
2023-08-31 16:44:28,Hôpital Militaire,A+,54,8,17,63,4.4,4,93.9,normale,"Excellent état, conservation parfaite",3,16,8,False,True,normal,orageux
2023-08-31 19:22:25,Hôpital Militaire,O-,67,16,18,69,3.6,1,59.4,attention,Parfait pour transfusion immédiate,3,19,8,False,True,normal,nuageux
2023-08-31 20:24:18,Hôpital Militaire,O+,73,4,0,69,3.5,7,100.0,normale,"État satisfaisant, contrôle qualité OK",3,20,8,False,True,normal,orageux
2023-09-01 18:23:52,Hôpital Militaire,O-,39,7,0,32,4.4,1,58.1,attention,Parfait pour transfusion immédiate,4,18,9,False,False,normal,pluvieux
2023-09-01 22:03:47,Hôpital Militaire,A+,70,3,0,67,3.7,24,87.5,normale,"État satisfaisant, contrôle qualité OK",4,22,9,False,False,normal,nuageux
2023-09-02 17:51:44,Hôpital Militaire,O+,28,1,20,47,4.4,21,96.4,normale,"État satisfaisant, contrôle qualité OK",5,17,9,True,False,normal,ensoleillé
2023-09-02 23:40:01,Hôpital Militaire,A+,20,6,24,38,4.4,13,97.8,normale,"Excellent état, conservation parfaite",5,23,9,True,False,normal,ensoleillé
2023-09-03 05:45:57,Hôpital Militaire,O+,16,6,0,10,3.7,16,100.0,faible,"Bon état général, légère variation température",6,5,9,True,False,normal,orageux
2023-09-03 07:21:36,Hôpital Militaire,A+,21,7,0,14,3.6,8,100.0,faible,"État satisfaisant, contrôle qualité OK",6,7,9,True,False,normal,ensoleillé
2023-09-03 16:54:57,Hôpital Militaire,AB+,13,6,17,24,4.1,11,91.0,normale,"État satisfaisant, contrôle qualité OK",6,16,9,True,False,normal,nuageux
2023-09-03 19:47:18,Hôpital Militaire,O-,43,1,0,42,3.6,45,99.4,normale,Parfait pour transfusion immédiate,6,19,9,True,False,normal,ensoleillé
2023-09-03 21:39:41,Hôpital Militaire,O+,47,5,11,53,3.2,38,100.0,normale,Urgent: vérifier température stockage,6,21,9,True,False,normal,ensoleillé
2023-09-04 06:20:06,Hôpital Militaire,O+,52,10,24,66,4.3,1,56.5,attention,"État satisfaisant, contrôle qualité OK",0,6,9,False,False,normal,nuageux
2023-09-04 12:28:37,Hôpital Militaire,AB+,47,4,0,43,3.9,3,93.5,normale,Hémoglobine dans les normes,0,12,9,False,False,normal,pluvieux
2023-09-04 21:15:22,Hôpital Militaire,B+,60,8,0,52,3.4,29,100.0,normale,"État satisfaisant, contrôle qualité OK",0,21,9,False,False,normal,pluvieux
2023-09-05 00:39:02,Hôpital Militaire,O-,12,3,0,9,4.5,82,100.0,critique,URGENT: Stock critique - Hémoglobine dans les normes,1,0,9,False,False,campagne_don,pluvieux
2023-09-05 09:25:44,Hôpital Militaire,A+,52,10,18,60,3.6,16,100.0,normale,"État satisfaisant, contrôle qualité OK",1,9,9,False,False,normal,ensoleillé
2023-09-05 11:04:42,Hôpital Militaire,O+,31,8,16,39,3.6,6,97.2,normale,Contrôle bactériologique négatif,1,11,9,False,False,normal,nuageux
2023-09-05 13:36:49,Hôpital Militaire,O+,86,12,21,95,4.1,9,100.0,normale,"Bon état général, légère variation température",1,13,9,False,False,normal,ensoleillé
2023-09-06 01:00:59,Hôpital Militaire,A+,25,11,27,41,3.9,1,61.5,attention,Parfait pour transfusion immédiate,2,1,9,False,False,normal,ensoleillé
2023-09-06 02:31:05,Hôpital Militaire,O+,17,4,19,32,3.9,57,100.0,normale,Urgent: vérifier température stockage,2,2,9,False,False,normal,nuageux
2023-09-06 03:54:06,Hôpital Militaire,A+,32,10,22,44,4.3,16,92.7,normale,"Excellent état, conservation parfaite",2,3,9,False,False,normal,nuageux
2023-09-06 08:30:45,Hôpital Militaire,O-,35,11,26,50,4.8,7,93.9,normale,"État satisfaisant, contrôle qualité OK",2,8,9,False,False,normal,orageux
2023-09-07 18:12:57,Hôpital Militaire,O+,65,6,0,59,4.0,16,93.7,normale,Urgent: vérifier température stockage,3,18,9,False,False,normal,orageux
2023-09-07 21:38:54,Hôpital Militaire,O-,38,5,0,33,3.6,1,59.6,attention,"Excellent état, conservation parfaite",3,21,9,False,False,normal,ensoleillé
2023-09-08 11:17:18,Hôpital Militaire,O+,56,6,0,50,4.5,8,100.0,normale,Contrôle bactériologique négatif,4,11,9,False,False,normal,pluvieux
2023-09-08 23:37:12,Hôpital Militaire,B+,17,6,0,11,4.5,5,93.8,faible,Hémoglobine dans les normes,4,23,9,False,False,normal,nuageux
2023-09-09 13:05:41,Hôpital Militaire,A-,43,3,0,40,4.0,7,95.5,normale,"Bon état général, légère variation température",5,13,9,True,False,normal,pluvieux
2023-09-10 00:30:37,Hôpital Militaire,O+,18,3,0,15,3.0,1,62.6,faible,"Excellent état, conservation parfaite",6,0,9,True,False,normal,ensoleillé
2023-09-10 11:25:03,Hôpital Militaire,O+,36,6,0,30,3.3,2,88.8,normale,Attention: proche expiration,6,11,9,True,False,normal,pluvieux
2023-09-10 12:11:35,Hôpital Militaire,O+,14,6,17,25,3.8,23,100.0,normale,"Excellent état, conservation parfaite",6,12,9,True,False,normal,ensoleillé
2023-09-11 06:01:20,Hôpital Militaire,O+,67,10,0,57,3.4,1,52.1,attention,"Bon état général, légère variation température",0,6,9,False,False,normal,pluvieux
2023-09-11 15:34:45,Hôpital Militaire,O+,60,8,0,52,3.4,9,100.0,normale,Hémoglobine dans les normes,0,15,9,False,False,normal,nuageux
2023-09-11 20:38:29,Hôpital Militaire,AB+,41,9,0,32,4.3,24,100.0,normale,"Excellent état, conservation parfaite",0,20,9,False,False,normal,nuageux
2023-09-12 13:56:09,Hôpital Militaire,O+,23,10,12,25,4.7,2,90.5,normale,Attention: proche expiration,1,13,9,False,False,normal,ensoleillé
2023-09-12 16:40:23,Hôpital Militaire,O+,62,11,14,65,3.7,9,100.0,normale,"Bon état général, légère variation température",1,16,9,False,False,normal,nuageux
2023-09-12 20:49:36,Hôpital Militaire,B+,61,6,0,55,3.7,6,99.7,normale,"État satisfaisant, contrôle qualité OK",1,20,9,False,False,normal,nuageux
2023-09-14 01:10:48,Hôpital Militaire,A+,33,7,23,49,3.9,3,87.1,normale,Attention: proche expiration,3,1,9,False,False,normal,nuageux
2023-09-15 22:09:37,Hôpital Militaire,A+,35,10,0,25,3.4,30,100.0,normale,Hémoglobine dans les normes,4,22,9,False,False,normal,ensoleillé
2023-09-16 02:44:48,Hôpital Militaire,O+,17,2,25,40,3.9,18,100.0,normale,Hémoglobine dans les normes,5,2,9,True,False,normal,ensoleillé
2023-09-16 13:35:19,Hôpital Militaire,O+,13,0,0,13,3.8,4,93.6,faible,"État satisfaisant, contrôle qualité OK",5,13,9,True,False,normal,pluvieux
2023-09-17 05:20:25,Hôpital Militaire,AB-,21,6,0,15,4.4,11,97.3,faible,"Excellent état, conservation parfaite",6,5,9,True,False,normal,ensoleillé
2023-09-17 13:41:38,Hôpital Militaire,O+,58,6,0,52,3.9,11,100.0,normale,Attention: proche expiration,6,13,9,True,False,normal,pluvieux
2023-09-17 15:58:52,Hôpital Militaire,O+,32,4,0,28,4.5,16,95.4,normale,"État satisfaisant, contrôle qualité OK",6,15,9,True,False,normal,pluvieux
2023-09-18 02:30:01,Hôpital Militaire,O-,31,13,24,42,3.9,5,100.0,normale,Urgent: vérifier température stockage,0,2,9,False,False,normal,ensoleillé
2023-09-19 11:25:19,Hôpital Militaire,O+,59,8,0,51,4.3,48,99.6,normale,"Excellent état, conservation parfaite",1,11,9,False,False,accident_route,nuageux
2023-09-19 21:57:41,Hôpital Militaire,A+,73,7,22,88,4.0,4,81.5,normale,Urgent: vérifier température stockage,1,21,9,False,False,normal,ensoleillé
2023-09-19 23:41:49,Hôpital Militaire,O+,19,3,0,16,4.0,34,100.0,faible,Contrôle bactériologique négatif,1,23,9,False,False,normal,pluvieux
2023-09-20 04:02:38,Hôpital Militaire,A+,21,4,0,17,4.9,17,100.0,faible,Urgent: vérifier température stockage,2,4,9,False,False,normal,pluvieux
2023-09-21 05:17:09,Hôpital Militaire,O+,31,10,0,21,3.7,61,100.0,normale,Hémoglobine dans les normes,3,5,9,False,False,normal,ensoleillé
2023-09-21 07:36:46,Hôpital Militaire,O-,74,9,0,65,4.4,9,93.9,normale,Urgent: vérifier température stockage,3,7,9,False,False,normal,ensoleillé
2023-09-21 14:25:14,Hôpital Militaire,AB+,82,7,0,75,3.6,19,96.4,normale,Hémoglobine dans les normes,3,14,9,False,False,normal,pluvieux
2023-09-21 14:26:31,Hôpital Militaire,O-,33,11,0,22,4.3,1,59.4,attention,"État satisfaisant, contrôle qualité OK",3,14,9,False,False,normal,ensoleillé
2023-09-21 17:49:50,Hôpital Militaire,O+,42,5,0,37,3.4,10,100.0,normale,Attention: proche expiration,3,17,9,False,False,normal,ensoleillé
2023-09-22 10:58:21,Hôpital Militaire,O+,64,12,16,68,3.8,6,96.2,normale,"État satisfaisant, contrôle qualité OK",4,10,9,False,False,normal,nuageux
2023-09-23 12:38:25,Hôpital Militaire,B-,44,3,17,58,4.2,3,93.0,normale,Hémoglobine dans les normes,5,12,9,True,False,urgence_médicale,nuageux
2023-09-23 14:42:22,Hôpital Militaire,O+,43,3,0,40,5.2,13,97.2,normale,Parfait pour transfusion immédiate,5,14,9,True,False,normal,ensoleillé
2023-09-23 16:55:55,Hôpital Militaire,O+,43,3,0,40,3.9,4,88.6,normale,Parfait pour transfusion immédiate,5,16,9,True,False,normal,ensoleillé
2023-09-24 04:45:08,Hôpital Militaire,A+,18,8,0,10,3.3,1,57.3,faible,"État satisfaisant, contrôle qualité OK",6,4,9,True,False,normal,nuageux
2023-09-24 20:19:34,Hôpital Militaire,O+,34,6,0,28,4.0,6,99.6,normale,"Excellent état, conservation parfaite",6,20,9,True,False,épidémie,pluvieux
2023-09-24 21:17:45,Hôpital Militaire,O+,49,7,0,42,4.3,1,58.8,attention,Urgent: vérifier température stockage,6,21,9,True,False,épidémie,pluvieux
2023-09-25 09:36:50,Hôpital Militaire,A+,45,12,0,33,4.1,2,88.3,normale,Hémoglobine dans les normes,0,9,9,False,False,normal,ensoleillé
2023-09-25 22:03:57,Hôpital Militaire,A+,39,4,22,57,3.8,25,100.0,normale,Urgent: vérifier température stockage,0,22,9,False,False,normal,pluvieux
2023-09-26 07:46:51,Hôpital Militaire,O+,43,13,16,46,4.7,30,100.0,normale,"Excellent état, conservation parfaite",1,7,9,False,False,normal,ensoleillé
2023-09-26 14:39:37,Hôpital Militaire,A+,39,7,0,32,4.6,28,100.0,normale,Attention: proche expiration,1,14,9,False,False,normal,ensoleillé
2023-09-27 03:47:28,Hôpital Militaire,A+,30,4,0,26,3.5,61,100.0,normale,Attention: proche expiration,2,3,9,False,False,normal,ensoleillé
2023-09-27 06:16:39,Hôpital Militaire,O+,48,8,17,57,4.4,13,94.1,normale,"Bon état général, légère variation température",2,6,9,False,False,normal,orageux
2023-09-27 22:13:22,Hôpital Militaire,A+,29,8,0,21,4.4,10,93.6,normale,"Bon état général, légère variation température",2,22,9,False,False,normal,ensoleillé
2023-09-28 15:39:41,Hôpital Militaire,A+,64,9,0,55,4.2,36,100.0,normale,Urgent: vérifier température stockage,3,15,9,False,False,normal,nuageux
2023-09-28 16:34:56,Hôpital Militaire,O+,62,6,0,56,3.7,6,100.0,normale,"État satisfaisant, contrôle qualité OK",3,16,9,False,False,normal,ensoleillé
2023-09-30 02:10:18,Hôpital Militaire,B+,11,4,0,7,3.6,1,63.3,critique,URGENT: Stock critique - Urgent: vérifier température stockage,5,2,9,True,False,normal,nuageux
2023-09-30 10:47:03,Hôpital Militaire,O+,23,6,0,17,4.4,22,100.0,faible,Hémoglobine dans les normes,5,10,9,True,False,normal,nuageux
2023-09-30 21:58:47,Hôpital Militaire,A+,37,6,0,31,4.6,10,100.0,normale,Attention: proche expiration,5,21,9,True,False,normal,ensoleillé
2023-10-01 03:35:01,Hôpital Militaire,O+,13,3,21,31,3.4,16,98.4,normale,Hémoglobine dans les normes,6,3,10,True,False,normal,ensoleillé
2023-10-01 04:05:39,Hôpital Militaire,O+,19,5,19,33,3.8,16,100.0,normale,Hémoglobine dans les normes,6,4,10,True,False,normal,ensoleillé
2023-10-01 06:02:28,Hôpital Militaire,O-,22,3,0,19,3.7,6,100.0,faible,Contrôle bactériologique négatif,6,6,10,True,False,normal,nuageux
2023-10-01 10:04:14,Hôpital Militaire,A+,39,5,23,57,4.1,24,95.0,normale,Attention: proche expiration,6,10,10,True,False,normal,ensoleillé
2023-10-01 20:38:21,Hôpital Militaire,O+,39,10,23,52,4.8,5,100.0,normale,Urgent: vérifier température stockage,6,20,10,True,False,campagne_don,nuageux
2023-10-02 15:48:34,Hôpital Militaire,O+,68,10,0,58,4.6,1,70.1,normale,Hémoglobine dans les normes,0,15,10,False,False,normal,pluvieux
2023-10-02 17:49:03,Hôpital Militaire,A+,72,4,0,68,4.0,1,56.0,attention,Contrôle bactériologique négatif,0,17,10,False,False,normal,orageux
2023-10-02 19:04:49,Hôpital Militaire,O+,32,12,18,38,4.3,1,64.8,attention,Contrôle bactériologique négatif,0,19,10,False,False,normal,pluvieux
2023-10-02 21:46:36,Hôpital Militaire,A+,39,9,14,44,4.0,1,57.8,attention,"État satisfaisant, contrôle qualité OK",0,21,10,False,False,normal,ensoleillé
2023-10-04 00:54:43,Hôpital Militaire,A+,28,6,0,22,3.9,1,69.8,attention,Hémoglobine dans les normes,2,0,10,False,False,normal,ensoleillé
2023-10-04 13:42:00,Hôpital Militaire,O+,62,8,0,54,4.4,5,96.0,normale,Contrôle bactériologique négatif,2,13,10,False,False,normal,orageux
2023-10-04 22:46:15,Hôpital Militaire,O+,67,8,0,59,3.9,27,100.0,normale,Parfait pour transfusion immédiate,2,22,10,False,False,normal,pluvieux
2023-10-05 08:12:27,Hôpital Militaire,O+,53,13,18,58,4.8,6,100.0,normale,"État satisfaisant, contrôle qualité OK",3,8,10,False,False,normal,ensoleillé
2023-10-05 19:58:25,Hôpital Militaire,O-,60,1,0,59,5.3,1,53.9,attention,Urgent: vérifier température stockage,3,19,10,False,False,normal,ensoleillé
2023-10-06 04:11:45,Hôpital Militaire,O+,11,5,23,29,4.4,4,88.3,normale,Contrôle bactériologique négatif,4,4,10,False,False,normal,pluvieux
2023-10-06 09:26:39,Hôpital Militaire,B+,20,3,0,17,3.7,13,99.7,faible,"Excellent état, conservation parfaite",4,9,10,False,False,normal,nuageux
2023-10-06 10:59:45,Hôpital Militaire,O-,56,9,16,63,3.7,1,59.2,attention,Urgent: vérifier température stockage,4,10,10,False,False,normal,pluvieux
2023-10-06 16:59:41,Hôpital Militaire,A+,73,8,0,65,4.7,2,85.1,normale,Attention: proche expiration,4,16,10,False,False,normal,nuageux
2023-10-06 20:54:54,Hôpital Militaire,A+,60,8,0,52,3.5,33,100.0,normale,Hémoglobine dans les normes,4,20,10,False,False,normal,ensoleillé
2023-10-07 14:09:24,Hôpital Militaire,O-,27,6,20,41,4.6,23,98.6,normale,Parfait pour transfusion immédiate,5,14,10,True,False,normal,pluvieux
2023-10-07 20:19:03,Hôpital Militaire,O+,26,4,16,38,3.5,5,100.0,normale,"Excellent état, conservation parfaite",5,20,10,True,False,normal,pluvieux
2023-10-07 23:15:43,Hôpital Militaire,O+,17,7,0,10,3.4,5,100.0,faible,Urgent: vérifier température stockage,5,23,10,True,False,normal,ensoleillé
2023-10-07 23:28:23,Hôpital Militaire,AB-,19,7,0,12,5.0,25,97.5,faible,Hémoglobine dans les normes,5,23,10,True,False,accident_route,ensoleillé
2023-10-08 05:56:54,Hôpital Militaire,O+,18,4,0,14,4.1,8,100.0,faible,"Excellent état, conservation parfaite",6,5,10,True,False,normal,ensoleillé
2023-10-08 08:32:35,Hôpital Militaire,A+,31,5,0,26,4.4,8,100.0,normale,"Bon état général, légère variation température",6,8,10,True,False,normal,ensoleillé
2023-10-08 11:50:01,Hôpital Militaire,O+,42,4,0,38,3.5,1,67.3,attention,Parfait pour transfusion immédiate,6,11,10,True,False,normal,pluvieux
2023-10-08 13:01:20,Hôpital Militaire,A-,30,7,0,23,4.6,5,100.0,normale,Hémoglobine dans les normes,6,13,10,True,False,normal,ensoleillé
2023-10-09 01:21:06,Hôpital Militaire,B+,29,9,0,20,3.0,36,98.3,normale,"Bon état général, légère variation température",0,1,10,False,False,normal,pluvieux
2023-10-10 07:02:58,Hôpital Militaire,O+,85,6,0,79,3.6,15,100.0,normale,"Excellent état, conservation parfaite",1,7,10,False,False,normal,ensoleillé
2023-10-11 08:43:17,Hôpital Militaire,O+,47,7,0,40,4.9,24,91.6,normale,Hémoglobine dans les normes,2,8,10,False,False,normal,orageux
2023-10-11 15:38:31,Hôpital Militaire,AB-,55,7,0,48,4.1,14,94.8,normale,"État satisfaisant, contrôle qualité OK",2,15,10,False,False,normal,pluvieux
2023-10-11 20:05:34,Hôpital Militaire,A+,8,6,25,27,2.9,41,100.0,normale,Urgent: vérifier température stockage,2,20,10,False,False,normal,ensoleillé
2023-10-12 01:55:34,Hôpital Militaire,O+,23,1,0,22,4.4,12,100.0,normale,"État satisfaisant, contrôle qualité OK",3,1,10,False,False,normal,pluvieux
2023-10-12 03:06:41,Hôpital Militaire,A-,31,10,0,21,3.7,10,93.8,normale,Hémoglobine dans les normes,3,3,10,False,False,normal,ensoleillé
2023-10-12 06:46:00,Hôpital Militaire,A+,55,6,0,49,4.4,19,98.9,normale,"État satisfaisant, contrôle qualité OK",3,6,10,False,False,normal,nuageux
2023-10-12 07:23:52,Hôpital Militaire,O+,47,10,0,37,4.6,14,100.0,normale,Parfait pour transfusion immédiate,3,7,10,False,False,normal,orageux
2023-10-12 16:07:51,Hôpital Militaire,A+,50,9,0,41,4.0,58,99.2,normale,Hémoglobine dans les normes,3,16,10,False,False,normal,ensoleillé
2023-10-12 20:59:22,Hôpital Militaire,O+,51,7,22,66,3.7,7,100.0,normale,Contrôle bactériologique négatif,3,20,10,False,False,normal,pluvieux
2023-10-14 07:06:15,Hôpital Militaire,O+,60,7,0,53,3.8,16,100.0,normale,Contrôle bactériologique négatif,5,7,10,True,False,normal,ensoleillé
2023-10-14 20:21:34,Hôpital Militaire,O+,43,3,0,40,3.6,1,65.2,attention,"Excellent état, conservation parfaite",5,20,10,True,False,normal,pluvieux
2023-10-14 22:16:35,Hôpital Militaire,A+,9,5,18,22,3.9,3,78.9,normale,Parfait pour transfusion immédiate,5,22,10,True,False,normal,pluvieux
2023-10-15 07:12:06,Hôpital Militaire,O-,37,4,0,33,3.6,21,98.6,normale,"Excellent état, conservation parfaite",6,7,10,True,False,normal,ensoleillé
2023-10-15 08:01:21,Hôpital Militaire,O+,38,5,0,33,4.0,12,98.0,normale,Contrôle bactériologique négatif,6,8,10,True,False,normal,nuageux
2023-10-15 22:38:27,Hôpital Militaire,AB+,18,8,0,10,4.1,41,100.0,faible,Parfait pour transfusion immédiate,6,22,10,True,False,normal,pluvieux
2023-10-16 08:45:40,Hôpital Militaire,A-,50,10,0,40,3.8,19,97.3,normale,"État satisfaisant, contrôle qualité OK",0,8,10,False,False,normal,ensoleillé
2023-10-16 12:56:19,Hôpital Militaire,A+,65,13,20,72,3.7,4,92.3,normale,"État satisfaisant, contrôle qualité OK",0,12,10,False,False,normal,pluvieux
2023-10-16 17:51:13,Hôpital Militaire,A+,73,6,0,67,4.1,4,81.6,normale,Contrôle bactériologique négatif,0,17,10,False,False,normal,nuageux
2023-10-17 09:53:51,Hôpital Militaire,O+,43,7,0,36,4.0,15,99.0,normale,Hémoglobine dans les normes,1,9,10,False,False,normal,ensoleillé
2023-10-17 15:53:54,Hôpital Militaire,O+,24,7,25,42,4.0,26,100.0,normale,"Excellent état, conservation parfaite",1,15,10,False,False,normal,pluvieux
2023-10-17 21:16:06,Hôpital Militaire,O+,41,6,0,35,3.6,11,100.0,normale,"Bon état général, légère variation température",1,21,10,False,False,normal,ensoleillé
2023-10-18 17:45:39,Hôpital Militaire,O+,69,10,13,72,4.3,6,100.0,normale,Attention: proche expiration,2,17,10,False,False,normal,ensoleillé
2023-10-19 05:04:49,Hôpital Militaire,A+,20,9,0,11,4.0,1,49.5,faible,"État satisfaisant, contrôle qualité OK",3,5,10,False,False,normal,pluvieux
2023-10-19 17:31:04,Hôpital Militaire,A+,84,2,0,82,5.4,12,100.0,normale,"Bon état général, légère variation température",3,17,10,False,False,normal,ensoleillé
2023-10-19 17:35:39,Hôpital Militaire,O+,42,6,19,55,3.9,6,100.0,normale,Attention: proche expiration,3,17,10,False,False,normal,pluvieux
2023-10-19 21:49:11,Hôpital Militaire,A+,35,5,21,51,3.7,8,91.6,normale,"Bon état général, légère variation température",3,21,10,False,False,épidémie,pluvieux
2023-10-20 05:09:35,Hôpital Militaire,O+,26,14,14,26,3.3,15,100.0,normale,Urgent: vérifier température stockage,4,5,10,False,False,normal,pluvieux
2023-10-20 11:59:54,Hôpital Militaire,A+,43,6,21,58,4.6,1,53.6,attention,"Excellent état, conservation parfaite",4,11,10,False,False,normal,pluvieux
2023-10-20 22:31:46,Hôpital Militaire,A+,48,2,20,66,3.9,42,100.0,normale,Urgent: vérifier température stockage,4,22,10,False,False,normal,ensoleillé
2023-10-21 00:26:15,Hôpital Militaire,B+,18,5,0,13,4.1,16,95.3,faible,"État satisfaisant, contrôle qualité OK",5,0,10,True,False,normal,orageux
2023-10-21 06:26:24,Hôpital Militaire,O+,47,4,18,61,4.9,17,90.0,normale,Attention: proche expiration,5,6,10,True,False,normal,nuageux
2023-10-21 13:23:18,Hôpital Militaire,A-,48,0,0,48,4.0,5,94.5,normale,Hémoglobine dans les normes,5,13,10,True,False,normal,pluvieux
2023-10-22 18:55:17,Hôpital Militaire,A+,41,9,26,58,3.9,5,99.0,normale,"État satisfaisant, contrôle qualité OK",6,18,10,True,False,normal,ensoleillé
2023-10-23 17:40:03,Hôpital Militaire,A+,48,5,0,43,4.3,13,100.0,normale,Attention: proche expiration,0,17,10,False,False,normal,nuageux
2023-10-23 22:10:52,Hôpital Militaire,O+,91,4,23,110,3.9,18,100.0,normale,"Bon état général, légère variation température",0,22,10,False,False,normal,ensoleillé
2023-10-24 04:22:25,Hôpital Militaire,O-,21,10,0,11,4.5,34,98.4,faible,Hémoglobine dans les normes,1,4,10,False,False,normal,pluvieux
2023-10-24 05:17:43,Hôpital Militaire,O+,25,9,26,42,3.8,14,100.0,normale,"Excellent état, conservation parfaite",1,5,10,False,False,normal,ensoleillé
2023-10-24 10:43:00,Hôpital Militaire,A+,64,11,22,75,3.4,3,87.1,normale,Attention: proche expiration,1,10,10,False,False,normal,ensoleillé
2023-10-24 11:55:55,Hôpital Militaire,O+,62,1,17,78,4.3,27,100.0,normale,Contrôle bactériologique négatif,1,11,10,False,False,normal,orageux
2023-10-26 06:35:31,Hôpital Militaire,O+,32,6,0,26,3.8,51,99.3,normale,Contrôle bactériologique négatif,3,6,10,False,False,épidémie,orageux
2023-10-26 15:24:04,Hôpital Militaire,A+,51,8,0,43,3.7,34,100.0,normale,Parfait pour transfusion immédiate,3,15,10,False,False,normal,pluvieux
2023-10-26 18:55:22,Hôpital Militaire,A+,35,4,0,31,3.8,2,86.5,normale,Hémoglobine dans les normes,3,18,10,False,False,normal,pluvieux
2023-10-28 05:12:50,Hôpital Militaire,B+,24,3,0,21,3.9,28,95.2,normale,"Bon état général, légère variation température",5,5,10,True,False,normal,orageux
2023-10-28 07:40:59,Hôpital Militaire,O+,25,2,0,23,4.9,2,85.2,normale,"Bon état général, légère variation température",5,7,10,True,False,normal,orageux
2023-10-28 17:18:11,Hôpital Militaire,AB+,24,8,19,35,4.9,1,59.4,attention,"Bon état général, légère variation température",5,17,10,True,False,normal,nuageux
2023-10-28 21:30:59,Hôpital Militaire,O+,32,4,17,45,4.1,7,100.0,normale,"Bon état général, légère variation température",5,21,10,True,False,normal,ensoleillé
2023-10-29 01:43:38,Hôpital Militaire,A+,21,7,0,14,3.3,5,100.0,faible,"Bon état général, légère variation température",6,1,10,True,False,normal,ensoleillé
2023-10-29 03:47:04,Hôpital Militaire,O+,12,3,0,9,2.9,4,95.0,critique,URGENT: Stock critique - Parfait pour transfusion immédiate,6,3,10,True,False,normal,ensoleillé
2023-10-30 11:37:38,Hôpital Militaire,A+,65,5,0,60,4.0,2,84.2,normale,"État satisfaisant, contrôle qualité OK",0,11,10,False,False,normal,ensoleillé
2023-10-30 16:13:51,Hôpital Militaire,AB+,95,9,21,107,3.4,14,100.0,normale,Contrôle bactériologique négatif,0,16,10,False,False,normal,orageux
2023-10-31 02:24:34,Hôpital Militaire,A+,18,7,0,11,4.2,2,75.9,faible,"Bon état général, légère variation température",1,2,10,False,False,normal,pluvieux
2023-10-31 06:41:42,Hôpital Militaire,O+,52,13,30,69,3.6,16,100.0,normale,Urgent: vérifier température stockage,1,6,10,False,False,normal,pluvieux
2023-10-31 14:19:05,Hôpital Militaire,O+,39,10,0,29,4.8,4,85.4,normale,"Excellent état, conservation parfaite",1,14,10,False,False,accident_route,ensoleillé
2023-10-31 20:07:18,Hôpital Militaire,O-,53,9,15,59,4.3,7,99.0,normale,"Bon état général, légère variation température",1,20,10,False,False,normal,ensoleillé
2023-11-01 09:53:59,Hôpital Militaire,O-,49,3,31,77,4.2,4,80.4,normale,"Excellent état, conservation parfaite",2,9,11,False,False,normal,nuageux
2023-11-01 20:11:17,Hôpital Militaire,A+,39,8,0,31,3.5,9,100.0,normale,Hémoglobine dans les normes,2,20,11,False,False,normal,ensoleillé
2023-11-02 02:04:35,Hôpital Militaire,A-,22,12,0,10,3.6,40,100.0,faible,Urgent: vérifier température stockage,3,2,11,False,False,normal,ensoleillé
2023-11-03 03:04:22,Hôpital Militaire,B-,26,10,0,16,4.3,8,94.8,faible,Parfait pour transfusion immédiate,4,3,11,False,False,normal,ensoleillé
2023-11-03 06:47:17,Hôpital Militaire,A+,48,4,35,79,4.0,1,71.9,normale,Parfait pour transfusion immédiate,4,6,11,False,False,normal,pluvieux
2023-11-03 14:15:05,Hôpital Militaire,O+,30,6,0,24,3.6,28,100.0,normale,"Bon état général, légère variation température",4,14,11,False,False,normal,nuageux
2023-11-04 00:57:03,Hôpital Militaire,O+,13,6,29,36,4.0,19,96.1,normale,Hémoglobine dans les normes,5,0,11,True,False,normal,pluvieux
2023-11-05 13:34:26,Hôpital Militaire,O+,60,5,0,55,3.2,1,67.2,attention,"Excellent état, conservation parfaite",6,13,11,True,False,normal,ensoleillé
2023-11-06 18:43:03,Hôpital Militaire,A+,24,6,0,18,3.5,5,100.0,faible,Contrôle bactériologique négatif,0,18,11,False,False,normal,ensoleillé
2023-11-07 11:08:51,Hôpital Militaire,A+,25,0,0,25,4.1,12,100.0,normale,Hémoglobine dans les normes,1,11,11,False,False,normal,pluvieux
2023-11-07 13:59:44,Hôpital Militaire,A-,38,13,0,25,3.8,1,63.7,attention,Parfait pour transfusion immédiate,1,13,11,False,False,normal,ensoleillé
2023-11-07 18:40:06,Hôpital Militaire,A-,52,5,0,47,3.9,8,100.0,normale,Attention: proche expiration,1,18,11,False,False,normal,ensoleillé
2023-11-07 23:09:10,Hôpital Militaire,O+,32,5,0,27,4.1,3,87.6,normale,Urgent: vérifier température stockage,1,23,11,False,False,normal,orageux
2023-11-08 09:48:16,Hôpital Militaire,AB+,47,5,0,42,4.1,5,100.0,normale,Contrôle bactériologique négatif,2,9,11,False,False,normal,ensoleillé
2023-11-08 11:22:02,Hôpital Militaire,O-,31,8,19,42,4.9,7,97.2,normale,Attention: proche expiration,2,11,11,False,False,normal,ensoleillé
2023-11-09 12:40:36,Hôpital Militaire,A+,50,6,23,67,4.6,14,97.3,normale,"Bon état général, légère variation température",3,12,11,False,False,normal,nuageux
2023-11-09 14:23:53,Hôpital Militaire,A+,27,10,21,38,3.5,19,95.1,normale,Attention: proche expiration,3,14,11,False,False,normal,pluvieux
2023-11-09 20:40:30,Hôpital Militaire,O+,50,8,21,63,4.7,15,100.0,normale,Hémoglobine dans les normes,3,20,11,False,False,normal,ensoleillé
2023-11-09 20:58:20,Hôpital Militaire,O+,50,2,0,48,3.6,2,85.5,normale,"Excellent état, conservation parfaite",3,20,11,False,False,normal,nuageux
2023-11-09 21:05:57,Hôpital Militaire,A+,90,12,0,78,5.1,1,57.4,attention,"Bon état général, légère variation température",3,21,11,False,False,normal,pluvieux
2023-11-09 22:30:04,Hôpital Militaire,A-,21,9,0,12,3.8,9,97.5,faible,Urgent: vérifier température stockage,3,22,11,False,False,normal,ensoleillé
2023-11-10 07:06:46,Hôpital Militaire,O-,44,8,0,36,3.7,7,100.0,normale,Hémoglobine dans les normes,4,7,11,False,False,normal,ensoleillé
2023-11-10 08:04:40,Hôpital Militaire,O+,44,5,0,39,4.2,2,83.7,normale,Parfait pour transfusion immédiate,4,8,11,False,False,normal,pluvieux
2023-11-10 10:28:32,Hôpital Militaire,AB+,50,2,15,63,3.8,44,100.0,normale,Urgent: vérifier température stockage,4,10,11,False,False,campagne_don,pluvieux
2023-11-11 04:25:58,Hôpital Militaire,O+,23,6,0,17,3.8,15,100.0,faible,Hémoglobine dans les normes,5,4,11,True,False,normal,ensoleillé
2023-11-11 06:51:46,Hôpital Militaire,A+,32,4,0,28,4.2,3,92.9,normale,Urgent: vérifier température stockage,5,6,11,True,False,normal,pluvieux
2023-11-11 15:03:15,Hôpital Militaire,O+,33,7,0,26,4.1,18,96.4,normale,Parfait pour transfusion immédiate,5,15,11,True,False,normal,pluvieux
2023-11-12 06:36:07,Hôpital Militaire,O-,27,1,0,26,4.5,10,100.0,normale,Hémoglobine dans les normes,6,6,11,True,False,normal,ensoleillé
2023-11-12 11:55:51,Hôpital Militaire,B+,58,7,0,51,4.0,1,53.0,attention,Hémoglobine dans les normes,6,11,11,True,False,normal,pluvieux
2023-11-12 23:40:38,Hôpital Militaire,A+,18,6,0,12,4.6,19,100.0,faible,Attention: proche expiration,6,23,11,True,False,normal,pluvieux
2023-11-13 00:06:31,Hôpital Militaire,A+,40,13,0,27,4.5,17,100.0,normale,"Excellent état, conservation parfaite",0,0,11,False,False,normal,pluvieux
2023-11-13 09:56:24,Hôpital Militaire,B+,64,13,0,51,3.7,20,97.5,normale,"Bon état général, légère variation température",0,9,11,False,False,normal,ensoleillé
2023-11-13 10:22:51,Hôpital Militaire,AB+,41,7,0,34,3.7,22,99.0,normale,"État satisfaisant, contrôle qualité OK",0,10,11,False,False,normal,pluvieux
2023-11-13 17:37:46,Hôpital Militaire,AB-,47,9,13,51,2.6,22,100.0,normale,Contrôle bactériologique négatif,0,17,11,False,False,normal,pluvieux
2023-11-13 18:29:42,Hôpital Militaire,O+,59,8,0,51,4.1,3,85.9,normale,"Excellent état, conservation parfaite",0,18,11,False,False,normal,nuageux
2023-11-13 23:17:06,Hôpital Militaire,A+,10,11,0,0,3.9,7,90.8,critique,"URGENT: Stock critique - Excellent état, conservation parfaite",0,23,11,False,False,normal,ensoleillé
2023-11-14 01:28:23,Hôpital Militaire,O+,21,6,25,40,4.0,25,98.1,normale,Parfait pour transfusion immédiate,1,1,11,False,False,normal,ensoleillé
2023-11-14 08:35:39,Hôpital Militaire,O-,60,11,0,49,3.7,7,100.0,normale,Contrôle bactériologique négatif,1,8,11,False,False,normal,pluvieux
2023-11-15 05:26:04,Hôpital Militaire,A+,44,13,0,31,3.4,1,58.8,attention,Hémoglobine dans les normes,2,5,11,False,False,normal,ensoleillé
2023-11-15 14:43:53,Hôpital Militaire,A+,44,4,0,40,6.0,3,76.5,normale,"État satisfaisant, contrôle qualité OK",2,14,11,False,False,normal,pluvieux
2023-11-16 06:47:33,Hôpital Militaire,O-,33,6,10,37,4.3,21,100.0,normale,"État satisfaisant, contrôle qualité OK",3,6,11,False,False,normal,orageux
2023-11-16 17:19:12,Hôpital Militaire,A-,37,8,0,29,5.0,6,97.4,normale,Contrôle bactériologique négatif,3,17,11,False,False,normal,nuageux
2023-11-16 19:13:09,Hôpital Militaire,A+,46,1,30,75,4.1,3,89.4,normale,Hémoglobine dans les normes,3,19,11,False,False,normal,orageux
2023-11-17 02:18:36,Hôpital Militaire,O+,26,5,0,21,4.1,32,100.0,normale,Hémoglobine dans les normes,4,2,11,False,False,normal,ensoleillé
2023-11-17 04:25:34,Hôpital Militaire,A+,22,3,0,19,4.0,2,85.7,faible,"Bon état général, légère variation température",4,4,11,False,False,normal,pluvieux
2023-11-17 06:14:17,Hôpital Militaire,B+,26,6,0,20,3.8,16,96.1,normale,Attention: proche expiration,4,6,11,False,False,normal,ensoleillé
2023-11-17 16:11:07,Hôpital Militaire,O+,56,3,0,53,3.7,2,86.6,normale,Contrôle bactériologique négatif,4,16,11,False,False,normal,pluvieux
2023-11-18 03:42:31,Hôpital Militaire,A+,18,5,0,13,3.8,3,89.7,faible,Attention: proche expiration,5,3,11,True,False,normal,pluvieux
2023-11-18 17:27:55,Hôpital Militaire,A+,48,7,0,41,4.1,1,57.0,attention,Contrôle bactériologique négatif,5,17,11,True,False,accident_route,nuageux
2023-11-20 16:25:10,Hôpital Militaire,AB-,77,12,0,65,4.1,5,98.9,normale,Contrôle bactériologique négatif,0,16,11,False,False,normal,orageux
2023-11-21 03:42:44,Hôpital Militaire,A+,21,8,0,13,4.4,16,100.0,faible,"Excellent état, conservation parfaite",1,3,11,False,False,normal,pluvieux
2023-11-21 07:03:21,Hôpital Militaire,O+,56,12,0,44,4.9,34,93.0,normale,Parfait pour transfusion immédiate,1,7,11,False,False,normal,ensoleillé
2023-11-21 17:02:09,Hôpital Militaire,A+,65,9,21,77,4.0,2,88.6,normale,Parfait pour transfusion immédiate,1,17,11,False,False,normal,ensoleillé
2023-11-23 08:17:10,Hôpital Militaire,O+,72,4,24,92,4.3,1,69.5,attention,Contrôle bactériologique négatif,3,8,11,False,False,normal,ensoleillé
2023-11-23 12:09:30,Hôpital Militaire,O+,52,11,0,41,4.1,1,50.6,attention,Parfait pour transfusion immédiate,3,12,11,False,False,normal,orageux
2023-11-23 14:17:52,Hôpital Militaire,A+,62,5,0,57,4.5,21,91.0,normale,Hémoglobine dans les normes,3,14,11,False,False,normal,pluvieux
2023-11-24 07:39:45,Hôpital Militaire,A+,50,7,23,66,3.7,18,98.7,normale,"État satisfaisant, contrôle qualité OK",4,7,11,False,False,normal,pluvieux
2023-11-24 13:24:10,Hôpital Militaire,O+,45,7,0,38,4.0,5,92.9,normale,"Excellent état, conservation parfaite",4,13,11,False,False,normal,pluvieux
2023-11-24 21:10:20,Hôpital Militaire,A+,32,7,0,25,3.5,5,97.5,normale,Hémoglobine dans les normes,4,21,11,False,False,normal,orageux
2023-11-25 00:37:01,Hôpital Militaire,O+,11,3,0,8,4.2,11,98.3,critique,URGENT: Stock critique - Hémoglobine dans les normes,5,0,11,True,False,normal,pluvieux
2023-11-25 15:13:36,Hôpital Militaire,A+,42,7,0,35,4.0,5,100.0,normale,Hémoglobine dans les normes,5,15,11,True,False,normal,pluvieux
2023-11-25 18:56:33,Hôpital Militaire,O+,38,5,0,33,3.6,66,93.2,normale,Attention: proche expiration,5,18,11,True,False,normal,nuageux
2023-11-26 12:15:03,Hôpital Militaire,O+,41,6,0,35,4.1,1,58.1,attention,Urgent: vérifier température stockage,6,12,11,True,False,normal,orageux
2023-11-26 14:22:17,Hôpital Militaire,A+,27,8,18,37,3.8,14,100.0,normale,Contrôle bactériologique négatif,6,14,11,True,False,accident_route,pluvieux
2023-11-26 15:28:57,Hôpital Militaire,O+,40,5,19,54,4.4,50,100.0,normale,Hémoglobine dans les normes,6,15,11,True,False,normal,nuageux
2023-11-26 19:12:12,Hôpital Militaire,A+,26,7,0,19,4.4,36,94.5,faible,Contrôle bactériologique négatif,6,19,11,True,False,normal,ensoleillé
2023-11-27 01:43:31,Hôpital Militaire,A+,32,3,20,49,4.0,9,100.0,normale,Parfait pour transfusion immédiate,0,1,11,False,False,normal,nuageux
2023-11-27 14:46:58,Hôpital Militaire,A+,63,0,21,84,4.0,6,99.2,normale,Urgent: vérifier température stockage,0,14,11,False,False,normal,ensoleillé
2023-11-28 17:52:35,Hôpital Militaire,A+,57,12,0,45,4.0,2,79.1,normale,Attention: proche expiration,1,17,11,False,False,normal,ensoleillé
2023-11-28 21:10:16,Hôpital Militaire,A+,34,9,0,25,3.8,7,97.1,normale,Contrôle bactériologique négatif,1,21,11,False,False,normal,pluvieux
2023-11-29 06:46:51,Hôpital Militaire,A-,36,9,0,27,3.1,37,99.4,normale,Parfait pour transfusion immédiate,2,6,11,False,False,normal,pluvieux
2023-11-30 02:13:59,Hôpital Militaire,O+,19,9,0,10,4.0,57,100.0,faible,Contrôle bactériologique négatif,3,2,11,False,False,normal,ensoleillé
2023-11-30 05:10:11,Hôpital Militaire,A+,20,7,0,13,4.7,15,96.9,faible,"Excellent état, conservation parfaite",3,5,11,False,False,normal,ensoleillé
2023-11-30 08:56:20,Hôpital Militaire,O+,67,8,0,59,5.5,9,99.9,normale,"État satisfaisant, contrôle qualité OK",3,8,11,False,False,normal,ensoleillé
2023-11-30 14:59:08,Hôpital Militaire,O-,42,5,0,37,4.2,1,64.4,attention,Urgent: vérifier température stockage,3,14,11,False,False,normal,orageux
2023-11-30 17:35:40,Hôpital Militaire,O+,36,4,0,32,4.3,2,80.7,normale,"Excellent état, conservation parfaite",3,17,11,False,False,normal,ensoleillé
2023-11-30 18:01:19,Hôpital Militaire,O+,52,2,20,70,4.3,20,97.6,normale,Contrôle bactériologique négatif,3,18,11,False,False,normal,pluvieux
2023-12-01 04:06:38,Hôpital Militaire,O-,37,4,0,33,4.2,29,98.2,normale,Urgent: vérifier température stockage,4,4,12,False,True,normal,ensoleillé
2023-12-02 07:11:43,Hôpital Militaire,O+,43,5,0,38,4.0,5,100.0,normale,Contrôle bactériologique négatif,5,7,12,True,True,normal,nuageux
2023-12-03 04:59:12,Hôpital Militaire,A+,17,11,0,6,3.7,27,100.0,critique,URGENT: Stock critique - Urgent: vérifier température stockage,6,4,12,True,True,normal,pluvieux
2023-12-03 13:54:44,Hôpital Militaire,O-,56,6,27,77,5.0,6,92.0,normale,Parfait pour transfusion immédiate,6,13,12,True,True,normal,pluvieux
2023-12-04 03:18:10,Hôpital Militaire,AB-,26,11,0,15,4.5,2,77.5,faible,Parfait pour transfusion immédiate,0,3,12,False,True,normal,nuageux
2023-12-04 19:24:42,Hôpital Militaire,O+,50,15,15,50,4.4,13,98.0,normale,"État satisfaisant, contrôle qualité OK",0,19,12,False,True,normal,pluvieux
2023-12-04 23:52:34,Hôpital Militaire,A+,29,9,0,20,3.6,9,100.0,normale,Urgent: vérifier température stockage,0,23,12,False,True,normal,ensoleillé
2023-12-05 01:09:39,Hôpital Militaire,B+,22,6,0,16,3.9,3,86.3,faible,Urgent: vérifier température stockage,1,1,12,False,True,normal,ensoleillé
2023-12-05 04:07:51,Hôpital Militaire,O+,35,12,21,44,4.5,15,100.0,normale,Parfait pour transfusion immédiate,1,4,12,False,True,normal,pluvieux
2023-12-05 10:07:48,Hôpital Militaire,A+,51,13,14,52,3.7,18,100.0,normale,"Bon état général, légère variation température",1,10,12,False,True,normal,orageux
2023-12-05 14:24:27,Hôpital Militaire,A-,65,7,0,58,3.1,2,83.8,normale,"Bon état général, légère variation température",1,14,12,False,True,normal,pluvieux
2023-12-06 02:52:43,Hôpital Militaire,A+,25,9,24,40,3.7,5,100.0,normale,"État satisfaisant, contrôle qualité OK",2,2,12,False,True,normal,ensoleillé
2023-12-06 07:51:01,Hôpital Militaire,B-,80,10,0,70,3.5,5,100.0,normale,Attention: proche expiration,2,7,12,False,True,normal,ensoleillé
2023-12-06 08:59:50,Hôpital Militaire,A+,38,11,0,27,4.0,10,92.1,normale,"État satisfaisant, contrôle qualité OK",2,8,12,False,True,normal,orageux
2023-12-06 14:44:02,Hôpital Militaire,B+,45,6,0,39,4.2,1,63.7,attention,Urgent: vérifier température stockage,2,14,12,False,True,normal,pluvieux
2023-12-07 06:50:03,Hôpital Militaire,A+,59,8,0,51,3.7,85,100.0,normale,Contrôle bactériologique négatif,3,6,12,False,True,normal,pluvieux
2023-12-07 09:18:41,Hôpital Militaire,B+,61,12,0,49,4.8,47,96.2,normale,Hémoglobine dans les normes,3,9,12,False,True,normal,ensoleillé
2023-12-07 12:01:04,Hôpital Militaire,A-,66,12,0,54,3.7,5,99.2,normale,"État satisfaisant, contrôle qualité OK",3,12,12,False,True,normal,ensoleillé
2023-12-08 00:52:45,Hôpital Militaire,A-,39,7,0,32,4.4,64,100.0,normale,"Bon état général, légère variation température",4,0,12,False,True,normal,ensoleillé
2023-12-09 14:01:14,Hôpital Militaire,O+,44,6,26,64,4.7,13,100.0,normale,"État satisfaisant, contrôle qualité OK",5,14,12,True,True,normal,pluvieux
2023-12-09 16:50:22,Hôpital Militaire,O+,68,8,0,60,3.9,40,91.4,normale,"Bon état général, légère variation température",5,16,12,True,True,normal,pluvieux
2023-12-09 20:31:58,Hôpital Militaire,O+,52,7,0,45,4.2,8,100.0,normale,Contrôle bactériologique négatif,5,20,12,True,True,normal,pluvieux
2023-12-10 20:36:57,Hôpital Militaire,A+,58,9,0,49,4.5,22,98.2,normale,"État satisfaisant, contrôle qualité OK",6,20,12,True,True,normal,pluvieux
2023-12-11 00:21:58,Hôpital Militaire,A+,12,10,0,2,4.6,3,84.9,critique,"URGENT: Stock critique - État satisfaisant, contrôle qualité OK",0,0,12,False,True,normal,pluvieux
2023-12-11 07:21:40,Hôpital Militaire,O-,43,13,0,30,4.4,21,96.5,normale,Parfait pour transfusion immédiate,0,7,12,False,True,normal,pluvieux
2023-12-11 21:49:19,Hôpital Militaire,AB+,71,7,0,64,3.1,20,98.8,normale,"État satisfaisant, contrôle qualité OK",0,21,12,False,True,normal,ensoleillé
2023-12-11 23:06:26,Hôpital Militaire,O+,21,6,0,15,4.4,1,61.6,faible,Contrôle bactériologique négatif,0,23,12,False,True,normal,pluvieux
2023-12-12 04:21:21,Hôpital Militaire,O+,24,9,0,15,4.1,11,99.2,faible,"Excellent état, conservation parfaite",1,4,12,False,True,normal,orageux
2023-12-12 07:01:51,Hôpital Militaire,B+,63,7,0,56,4.0,18,100.0,normale,"Excellent état, conservation parfaite",1,7,12,False,True,normal,ensoleillé
2023-12-12 19:11:37,Hôpital Militaire,O+,37,13,0,24,4.1,13,98.7,normale,Contrôle bactériologique négatif,1,19,12,False,True,normal,ensoleillé
2023-12-14 10:17:50,Hôpital Militaire,B+,44,17,0,27,3.8,6,89.8,normale,Contrôle bactériologique négatif,3,10,12,False,True,normal,ensoleillé
2023-12-14 23:34:55,Hôpital Militaire,A+,35,4,0,31,3.9,24,92.9,normale,"Excellent état, conservation parfaite",3,23,12,False,True,normal,ensoleillé
2023-12-15 01:32:36,Hôpital Militaire,O+,25,13,0,12,3.6,1,67.7,faible,Hémoglobine dans les normes,4,1,12,False,True,normal,ensoleillé
2023-12-15 01:40:15,Hôpital Militaire,O+,31,8,0,23,4.2,14,100.0,normale,Parfait pour transfusion immédiate,4,1,12,False,True,normal,pluvieux
2023-12-15 15:05:24,Hôpital Militaire,A+,63,2,21,82,3.6,2,77.1,normale,"État satisfaisant, contrôle qualité OK",4,15,12,False,True,normal,ensoleillé
2023-12-15 22:24:10,Hôpital Militaire,O+,77,12,13,78,4.7,8,100.0,normale,"Excellent état, conservation parfaite",4,22,12,False,True,normal,nuageux
2023-12-15 22:42:32,Hôpital Militaire,AB-,71,7,0,64,4.0,8,100.0,normale,Parfait pour transfusion immédiate,4,22,12,False,True,normal,pluvieux
2023-12-16 05:29:53,Hôpital Militaire,O+,25,4,25,46,3.9,19,100.0,normale,Parfait pour transfusion immédiate,5,5,12,True,True,normal,ensoleillé
2023-12-16 08:14:46,Hôpital Militaire,B+,22,7,0,15,3.4,73,100.0,faible,"Bon état général, légère variation température",5,8,12,True,True,normal,ensoleillé
2023-12-17 04:24:46,Hôpital Militaire,A+,20,4,24,40,4.0,22,100.0,normale,Hémoglobine dans les normes,6,4,12,True,True,normal,pluvieux
2023-12-17 12:15:32,Hôpital Militaire,O+,19,10,0,9,3.9,20,100.0,critique,URGENT: Stock critique - Urgent: vérifier température stockage,6,12,12,True,True,normal,ensoleillé
2023-12-18 00:55:48,Hôpital Militaire,B+,18,6,0,12,4.1,9,92.6,faible,Parfait pour transfusion immédiate,0,0,12,False,True,normal,ensoleillé
2023-12-18 09:53:11,Hôpital Militaire,O+,63,7,0,56,3.5,6,99.0,normale,"Bon état général, légère variation température",0,9,12,False,True,normal,nuageux
2023-12-18 14:07:28,Hôpital Militaire,B+,47,7,0,40,4.3,27,100.0,normale,Attention: proche expiration,0,14,12,False,True,normal,ensoleillé
2023-12-18 15:52:19,Hôpital Militaire,B+,29,15,16,30,3.3,41,96.9,normale,"Excellent état, conservation parfaite",0,15,12,False,True,normal,nuageux
2023-12-18 17:56:25,Hôpital Militaire,O+,69,11,0,58,3.7,18,100.0,normale,Contrôle bactériologique négatif,0,17,12,False,True,normal,pluvieux
2023-12-19 02:55:05,Hôpital Militaire,A+,35,5,0,30,4.2,9,100.0,normale,Urgent: vérifier température stockage,1,2,12,False,True,normal,ensoleillé
2023-12-19 05:36:19,Hôpital Militaire,O+,48,7,24,65,4.4,7,95.1,normale,Urgent: vérifier température stockage,1,5,12,False,True,normal,nuageux
2023-12-19 09:50:14,Hôpital Militaire,A+,50,12,17,55,2.7,1,61.0,attention,Hémoglobine dans les normes,1,9,12,False,True,normal,ensoleillé
2023-12-19 19:03:50,Hôpital Militaire,O+,57,6,0,51,4.3,3,86.5,normale,Hémoglobine dans les normes,1,19,12,False,True,normal,orageux
2023-12-20 01:35:39,Hôpital Militaire,A+,15,1,0,14,4.6,32,100.0,faible,Parfait pour transfusion immédiate,2,1,12,False,True,normal,pluvieux
2023-12-21 01:29:18,Hôpital Militaire,O+,37,11,0,26,3.9,1,63.4,attention,Hémoglobine dans les normes,3,1,12,False,True,normal,nuageux
2023-12-21 08:37:47,Hôpital Militaire,A+,77,12,0,65,4.1,22,100.0,normale,Attention: proche expiration,3,8,12,False,True,normal,orageux
2023-12-21 14:55:43,Hôpital Militaire,A+,94,10,21,105,4.2,4,77.8,normale,Urgent: vérifier température stockage,3,14,12,False,True,normal,ensoleillé
2023-12-21 18:46:12,Hôpital Militaire,O+,72,6,0,66,3.9,11,100.0,normale,Hémoglobine dans les normes,3,18,12,False,True,normal,pluvieux
2023-12-22 02:27:22,Hôpital Militaire,O+,41,13,0,28,3.6,5,100.0,normale,"État satisfaisant, contrôle qualité OK",4,2,12,False,True,normal,orageux
2023-12-22 09:28:27,Hôpital Militaire,O+,44,6,0,38,3.8,36,99.7,normale,"Bon état général, légère variation température",4,9,12,False,True,normal,ensoleillé
2023-12-23 10:55:46,Hôpital Militaire,O+,57,5,0,52,4.1,1,54.2,attention,"Bon état général, légère variation température",5,10,12,True,True,normal,pluvieux
2023-12-23 15:39:12,Hôpital Militaire,A-,40,8,0,32,3.9,2,84.4,normale,"Bon état général, légère variation température",5,15,12,True,True,normal,pluvieux
2023-12-25 00:32:55,Hôpital Militaire,O+,48,11,17,54,4.6,1,49.6,attention,Hémoglobine dans les normes,0,0,12,False,True,normal,pluvieux
2023-12-25 04:22:57,Hôpital Militaire,A+,19,11,0,8,4.4,29,99.6,critique,"URGENT: Stock critique - Bon état général, légère variation température",0,4,12,False,True,normal,ensoleillé
2023-12-25 18:50:30,Hôpital Militaire,O+,28,7,26,47,4.3,2,82.4,normale,"Excellent état, conservation parfaite",0,18,12,False,True,normal,ensoleillé
2023-12-25 22:59:27,Hôpital Militaire,O-,19,8,0,11,4.8,40,100.0,faible,"État satisfaisant, contrôle qualité OK",0,22,12,False,True,normal,ensoleillé
2023-12-26 16:49:36,Hôpital Militaire,A+,97,13,0,84,3.5,11,98.2,normale,"Excellent état, conservation parfaite",1,16,12,False,True,normal,ensoleillé
2023-12-26 16:56:19,Hôpital Militaire,B+,40,11,0,29,4.0,2,83.0,normale,Contrôle bactériologique négatif,1,16,12,False,True,normal,ensoleillé
2023-12-26 19:13:57,Hôpital Militaire,B+,72,10,0,62,3.0,1,58.4,attention,"Bon état général, légère variation température",1,19,12,False,True,normal,pluvieux
2023-12-27 02:04:24,Hôpital Militaire,O+,37,4,18,51,3.9,3,92.3,normale,Attention: proche expiration,2,2,12,False,True,normal,nuageux
2023-12-28 00:46:34,Hôpital Militaire,O+,26,9,0,17,4.1,1,62.8,faible,Parfait pour transfusion immédiate,3,0,12,False,True,normal,ensoleillé
2023-12-28 15:12:32,Hôpital Militaire,O+,75,13,0,62,3.9,16,95.3,normale,"Bon état général, légère variation température",3,15,12,False,True,normal,pluvieux
2023-12-28 15:14:57,Hôpital Militaire,A+,36,10,0,26,4.3,8,96.4,normale,Urgent: vérifier température stockage,3,15,12,False,True,normal,ensoleillé
2023-12-29 03:41:54,Hôpital Militaire,A+,22,0,0,22,4.2,1,65.8,attention,Contrôle bactériologique négatif,4,3,12,False,True,normal,ensoleillé
2023-12-29 06:34:12,Hôpital Militaire,A+,55,11,0,44,3.9,11,100.0,normale,Parfait pour transfusion immédiate,4,6,12,False,True,normal,nuageux
2023-12-29 12:46:58,Hôpital Militaire,O-,56,13,26,69,4.5,26,100.0,normale,"Excellent état, conservation parfaite",4,12,12,False,True,normal,pluvieux
2023-12-30 15:30:26,Hôpital Militaire,O+,51,2,0,49,4.4,8,100.0,normale,Parfait pour transfusion immédiate,5,15,12,True,True,normal,pluvieux
2023-12-30 18:07:59,Hôpital Militaire,O+,32,5,14,41,3.3,7,97.1,normale,"Bon état général, légère variation température",5,18,12,True,True,normal,nuageux
2023-12-31 09:45:26,Hôpital Militaire,A+,43,6,27,64,4.4,27,89.7,normale,Hémoglobine dans les normes,6,9,12,True,True,normal,pluvieux
2023-12-31 10:49:20,Hôpital Militaire,A+,34,10,0,24,4.3,4,80.9,normale,Attention: proche expiration,6,10,12,True,True,normal,ensoleillé
