timestamp,hospital,blood_type,stock_initial,demand,supply,stock_final,temperature,days_to_expiry,quality_score,urgency,quality_comment,day_of_week,hour,month,is_weekend,is_holiday_season,special_event,weather
2022-01-02 05:28:13,Hôpital Général Douala,O-,25,3,24,46,3.6,15,100.0,normale,"Bon état général, légère variation température",6,5,1,True,True,normal,orageux
2022-01-03 21:02:34,Hôpital Général Douala,O+,60,11,0,49,4.5,4,81.9,normale,Attention: proche expiration,0,21,1,False,True,normal,pluvieux
2022-01-04 04:36:48,Hôpital Général Douala,AB-,38,14,0,24,4.2,14,100.0,normale,Contrôle bactériologique négatif,1,4,1,False,True,normal,pluvieux
2022-01-04 08:41:49,Hôpital Général Douala,A-,61,18,0,43,4.2,2,89.5,normale,Contrôle bactériologique négatif,1,8,1,False,True,normal,pluvieux
2022-01-04 10:57:17,Hôpital Général Douala,A-,48,17,27,58,3.8,5,100.0,normale,Attention: proche expiration,1,10,1,False,True,normal,orageux
2022-01-04 22:39:10,Hôpital Général Douala,O+,73,12,24,85,3.7,11,100.0,normale,Urgent: vérifier température stockage,1,22,1,False,True,normal,nuageux
2022-01-05 01:53:21,Hôpital Général Douala,A+,40,7,24,57,3.0,35,100.0,normale,"État satisfaisant, contrôle qualité OK",2,1,1,False,True,normal,pluvieux
2022-01-05 09:13:58,Hôpital Général Douala,O+,52,16,22,58,3.9,14,100.0,normale,"Excellent état, conservation parfaite",2,9,1,False,True,normal,pluvieux
2022-01-05 11:11:52,Hôpital Général Douala,A+,57,4,0,53,4.5,1,50.9,attention,Attention: proche expiration,2,11,1,False,True,normal,pluvieux
2022-01-05 13:57:50,Hôpital Général Douala,O+,73,14,19,78,4.0,24,98.6,normale,Contrôle bactériologique négatif,2,13,1,False,True,normal,ensoleillé
2022-01-06 12:36:57,Hôpital Général Douala,B+,75,6,27,96,3.5,8,100.0,normale,"Excellent état, conservation parfaite",3,12,1,False,True,normal,ensoleillé
2022-01-06 14:39:54,Hôpital Général Douala,A-,60,10,0,50,3.8,2,83.8,normale,Hémoglobine dans les normes,3,14,1,False,True,normal,ensoleillé
2022-01-06 16:58:07,Hôpital Général Douala,A+,14,12,0,2,4.2,30,99.6,critique,URGENT: Stock critique - Attention: proche expiration,3,16,1,False,True,normal,nuageux
2022-01-07 07:21:13,Hôpital Général Douala,A-,55,13,25,67,3.7,5,88.8,normale,"Bon état général, légère variation température",4,7,1,False,True,normal,ensoleillé
2022-01-07 13:46:31,Hôpital Général Douala,O+,84,13,0,71,3.2,6,100.0,normale,Hémoglobine dans les normes,4,13,1,False,True,normal,orageux
2022-01-07 22:27:52,Hôpital Général Douala,B+,105,11,0,94,3.7,6,99.3,normale,"État satisfaisant, contrôle qualité OK",4,22,1,False,True,normal,pluvieux
2022-01-08 02:24:33,Hôpital Général Douala,O+,11,6,19,24,4.0,8,93.4,normale,Attention: proche expiration,5,2,1,True,True,normal,ensoleillé
2022-01-08 05:26:57,Hôpital Général Douala,A+,16,8,27,35,5.3,1,54.5,attention,Contrôle bactériologique négatif,5,5,1,True,True,normal,orageux
2022-01-08 12:15:22,Hôpital Général Douala,A+,20,11,0,9,3.4,7,95.9,critique,URGENT: Stock critique - Parfait pour transfusion immédiate,5,12,1,True,True,normal,ensoleillé
2022-01-08 13:15:12,Hôpital Général Douala,O+,54,6,24,72,5.1,4,88.4,normale,Parfait pour transfusion immédiate,5,13,1,True,True,accident_route,ensoleillé
2022-01-09 20:25:47,Hôpital Général Douala,A+,47,1,24,70,4.4,14,100.0,normale,Urgent: vérifier température stockage,6,20,1,True,True,normal,pluvieux
2022-01-10 04:20:25,Hôpital Général Douala,A+,34,7,0,27,3.8,52,99.2,normale,"Excellent état, conservation parfaite",0,4,1,False,True,normal,ensoleillé
2022-01-10 11:15:10,Hôpital Général Douala,O+,30,11,22,41,4.2,27,100.0,normale,"Excellent état, conservation parfaite",0,11,1,False,True,normal,ensoleillé
2022-01-10 14:02:44,Hôpital Général Douala,O+,86,10,0,76,4.1,11,98.0,normale,Hémoglobine dans les normes,0,14,1,False,True,normal,pluvieux
2022-01-10 14:28:40,Hôpital Général Douala,A+,53,10,21,64,3.8,30,100.0,normale,"État satisfaisant, contrôle qualité OK",0,14,1,False,True,campagne_don,ensoleillé
2022-01-10 21:39:57,Hôpital Général Douala,O+,77,8,0,69,4.3,3,84.9,normale,"Bon état général, légère variation température",0,21,1,False,True,normal,nuageux
2022-01-11 00:25:47,Hôpital Général Douala,O+,17,8,0,9,3.6,13,99.9,critique,URGENT: Stock critique - Hémoglobine dans les normes,1,0,1,False,True,normal,ensoleillé
2022-01-12 15:53:09,Hôpital Général Douala,O-,74,5,0,69,4.6,2,81.5,normale,Hémoglobine dans les normes,2,15,1,False,True,normal,ensoleillé
2022-01-12 20:24:20,Hôpital Général Douala,B+,71,4,0,67,3.6,2,87.6,normale,Urgent: vérifier température stockage,2,20,1,False,True,normal,orageux
2022-01-13 03:22:13,Hôpital Général Douala,A+,31,11,0,20,3.9,10,100.0,normale,Hémoglobine dans les normes,3,3,1,False,True,normal,pluvieux
2022-01-13 03:53:16,Hôpital Général Douala,O-,32,7,0,25,4.5,2,84.2,normale,Urgent: vérifier température stockage,3,3,1,False,True,normal,ensoleillé
2022-01-13 08:57:35,Hôpital Général Douala,O+,29,6,0,23,4.5,21,100.0,normale,"Bon état général, légère variation température",3,8,1,False,True,normal,nuageux
2022-01-13 20:44:59,Hôpital Général Douala,A+,77,7,0,70,3.0,14,100.0,normale,Hémoglobine dans les normes,3,20,1,False,True,normal,ensoleillé
2022-01-14 02:52:13,Hôpital Général Douala,O+,27,11,16,32,4.6,34,98.5,normale,Contrôle bactériologique négatif,4,2,1,False,True,normal,pluvieux
2022-01-14 19:14:26,Hôpital Général Douala,A+,65,7,0,58,3.2,1,62.8,attention,"Excellent état, conservation parfaite",4,19,1,False,True,normal,ensoleillé
2022-01-15 03:50:30,Hôpital Général Douala,A+,17,8,0,9,4.5,15,100.0,critique,URGENT: Stock critique - Contrôle bactériologique négatif,5,3,1,True,True,normal,pluvieux
2022-01-15 06:47:12,Hôpital Général Douala,B+,43,5,0,38,3.5,11,100.0,normale,"État satisfaisant, contrôle qualité OK",5,6,1,True,True,normal,pluvieux
2022-01-15 12:56:12,Hôpital Général Douala,A+,28,4,0,24,3.6,41,98.8,normale,"État satisfaisant, contrôle qualité OK",5,12,1,True,True,normal,ensoleillé
2022-01-15 17:01:05,Hôpital Général Douala,O+,39,7,0,32,5.2,21,98.5,normale,Contrôle bactériologique négatif,5,17,1,True,True,normal,nuageux
2022-01-16 01:19:50,Hôpital Général Douala,A+,22,5,11,28,3.2,14,100.0,normale,Urgent: vérifier température stockage,6,1,1,True,True,normal,pluvieux
2022-01-16 07:27:29,Hôpital Général Douala,A+,26,6,18,38,2.8,7,97.8,normale,"Bon état général, légère variation température",6,7,1,True,True,normal,pluvieux
2022-01-16 14:16:51,Hôpital Général Douala,O+,32,8,0,24,4.3,7,100.0,normale,Attention: proche expiration,6,14,1,True,True,normal,nuageux
2022-01-16 19:54:39,Hôpital Général Douala,A+,49,6,16,59,3.1,14,90.3,normale,Contrôle bactériologique négatif,6,19,1,True,True,normal,orageux
2022-01-17 02:43:23,Hôpital Général Douala,A+,32,10,0,22,4.4,9,95.9,normale,Contrôle bactériologique négatif,0,2,1,False,True,normal,ensoleillé
2022-01-17 21:49:50,Hôpital Général Douala,A+,45,2,0,43,4.3,13,100.0,normale,Parfait pour transfusion immédiate,0,21,1,False,True,normal,pluvieux
2022-01-17 22:23:05,Hôpital Général Douala,A-,90,6,0,84,4.6,1,57.1,attention,Contrôle bactériologique négatif,0,22,1,False,True,normal,ensoleillé
2022-01-18 00:29:09,Hôpital Général Douala,O+,49,8,11,52,4.9,13,100.0,normale,Urgent: vérifier température stockage,1,0,1,False,True,normal,ensoleillé
2022-01-18 00:29:34,Hôpital Général Douala,O+,24,12,0,12,4.0,1,66.6,faible,"Bon état général, légère variation température",1,0,1,False,True,normal,ensoleillé
2022-01-18 06:31:02,Hôpital Général Douala,O+,81,2,0,79,3.4,6,100.0,normale,Urgent: vérifier température stockage,1,6,1,False,True,normal,nuageux
2022-01-18 11:03:44,Hôpital Général Douala,A+,56,14,20,62,4.1,10,98.1,normale,Parfait pour transfusion immédiate,1,11,1,False,True,normal,ensoleillé
2022-01-18 12:20:14,Hôpital Général Douala,B+,76,12,0,64,4.2,2,79.5,normale,Contrôle bactériologique négatif,1,12,1,False,True,normal,ensoleillé
2022-01-20 04:32:53,Hôpital Général Douala,O+,36,8,20,48,4.5,5,100.0,normale,Attention: proche expiration,3,4,1,False,True,normal,ensoleillé
2022-01-20 06:13:24,Hôpital Général Douala,O+,56,5,0,51,3.6,32,100.0,normale,Parfait pour transfusion immédiate,3,6,1,False,True,normal,ensoleillé
2022-01-20 08:38:22,Hôpital Général Douala,O+,38,8,0,30,4.0,11,98.7,normale,"État satisfaisant, contrôle qualité OK",3,8,1,False,True,normal,nuageux
2022-01-20 10:29:35,Hôpital Général Douala,A+,49,8,0,41,3.7,20,89.9,normale,Urgent: vérifier température stockage,3,10,1,False,True,normal,nuageux
2022-01-21 03:03:34,Hôpital Général Douala,O+,33,7,20,46,3.1,13,98.5,normale,Attention: proche expiration,4,3,1,False,True,normal,nuageux
2022-01-21 06:15:00,Hôpital Général Douala,O+,73,7,20,86,4.2,1,65.8,attention,Parfait pour transfusion immédiate,4,6,1,False,True,normal,nuageux
2022-01-21 09:33:26,Hôpital Général Douala,O+,41,12,20,49,3.9,15,88.0,normale,"Bon état général, légère variation température",4,9,1,False,True,normal,pluvieux
2022-01-21 14:39:58,Hôpital Général Douala,O+,43,7,0,36,3.9,1,60.0,attention,Attention: proche expiration,4,14,1,False,True,normal,ensoleillé
2022-01-21 21:26:57,Hôpital Général Douala,B+,44,8,0,36,4.8,1,57.5,attention,Hémoglobine dans les normes,4,21,1,False,True,normal,pluvieux
2022-01-22 04:52:23,Hôpital Général Douala,O+,8,8,23,23,4.2,8,100.0,normale,"Bon état général, légère variation température",5,4,1,True,True,normal,ensoleillé
2022-01-23 00:55:12,Hôpital Général Douala,A+,20,7,0,13,4.1,26,100.0,faible,"État satisfaisant, contrôle qualité OK",6,0,1,True,True,normal,pluvieux
2022-01-23 04:36:27,Hôpital Général Douala,O+,30,7,0,23,3.9,5,100.0,normale,"État satisfaisant, contrôle qualité OK",6,4,1,True,True,normal,orageux
2022-01-23 17:25:46,Hôpital Général Douala,O+,39,6,12,45,3.5,4,81.2,normale,Contrôle bactériologique négatif,6,17,1,True,True,normal,pluvieux
2022-01-23 18:15:21,Hôpital Général Douala,O+,40,8,0,32,3.9,9,100.0,normale,Hémoglobine dans les normes,6,18,1,True,True,normal,ensoleillé
2022-01-23 21:17:02,Hôpital Général Douala,A+,42,9,0,33,5.1,14,93.5,normale,"Bon état général, légère variation température",6,21,1,True,True,normal,pluvieux
2022-01-24 12:09:51,Hôpital Général Douala,A-,58,16,0,42,4.8,18,93.4,normale,"Excellent état, conservation parfaite",0,12,1,False,True,normal,orageux
2022-01-25 01:45:18,Hôpital Général Douala,O+,39,4,0,35,4.8,3,81.2,normale,Parfait pour transfusion immédiate,1,1,1,False,True,normal,ensoleillé
2022-01-25 02:26:27,Hôpital Général Douala,O+,22,4,0,18,3.1,27,100.0,faible,"Excellent état, conservation parfaite",1,2,1,False,True,normal,orageux
2022-01-25 04:30:11,Hôpital Général Douala,A+,34,9,0,25,5.0,5,100.0,normale,Attention: proche expiration,1,4,1,False,True,normal,orageux
2022-01-25 13:02:20,Hôpital Général Douala,B+,65,11,0,54,3.5,47,99.2,normale,Hémoglobine dans les normes,1,13,1,False,True,normal,nuageux
2022-01-25 13:35:33,Hôpital Général Douala,AB+,60,3,0,57,3.7,4,86.1,normale,"Bon état général, légère variation température",1,13,1,False,True,normal,pluvieux
2022-01-25 14:38:31,Hôpital Général Douala,O+,99,2,0,97,3.7,2,84.6,normale,"Excellent état, conservation parfaite",1,14,1,False,True,accident_route,pluvieux
2022-01-25 16:28:19,Hôpital Général Douala,A+,85,13,0,72,4.1,22,94.0,normale,Contrôle bactériologique négatif,1,16,1,False,True,normal,nuageux
2022-01-25 17:06:52,Hôpital Général Douala,B-,71,8,16,79,3.7,28,94.6,normale,"Excellent état, conservation parfaite",1,17,1,False,True,normal,pluvieux
2022-01-26 03:42:22,Hôpital Général Douala,A+,30,12,19,37,3.8,17,100.0,normale,"Bon état général, légère variation température",2,3,1,False,True,normal,pluvieux
2022-01-26 09:50:11,Hôpital Général Douala,A+,92,10,15,97,4.3,1,60.5,attention,Contrôle bactériologique négatif,2,9,1,False,True,normal,ensoleillé
2022-01-26 16:51:07,Hôpital Général Douala,A-,58,11,16,63,4.1,51,100.0,normale,"Excellent état, conservation parfaite",2,16,1,False,True,normal,ensoleillé
2022-01-28 01:51:15,Hôpital Général Douala,O+,15,8,0,7,4.8,1,57.5,critique,"URGENT: Stock critique - État satisfaisant, contrôle qualité OK",4,1,1,False,True,normal,ensoleillé
2022-01-28 10:23:38,Hôpital Général Douala,A+,66,11,0,55,3.7,4,80.6,normale,Attention: proche expiration,4,10,1,False,True,urgence_médicale,pluvieux
2022-01-28 17:27:51,Hôpital Général Douala,O+,79,11,19,87,4.4,8,94.9,normale,Urgent: vérifier température stockage,4,17,1,False,True,normal,ensoleillé
2022-01-28 19:57:20,Hôpital Général Douala,B+,69,10,17,76,3.7,10,100.0,normale,"État satisfaisant, contrôle qualité OK",4,19,1,False,True,normal,ensoleillé
2022-01-29 11:19:23,Hôpital Général Douala,AB+,24,8,0,16,3.9,4,82.0,faible,Attention: proche expiration,5,11,1,True,True,normal,nuageux
2022-01-30 02:25:12,Hôpital Général Douala,A+,16,4,19,31,3.3,1,60.2,attention,Parfait pour transfusion immédiate,6,2,1,True,True,normal,pluvieux
2022-01-30 11:41:43,Hôpital Général Douala,O+,55,11,21,65,4.9,7,97.5,normale,"Excellent état, conservation parfaite",6,11,1,True,True,normal,ensoleillé
2022-01-31 05:24:32,Hôpital Général Douala,O+,34,14,0,20,4.4,24,100.0,normale,Urgent: vérifier température stockage,0,5,1,False,True,accident_route,pluvieux
2022-01-31 14:53:24,Hôpital Général Douala,A+,28,8,0,20,3.1,24,97.7,normale,Attention: proche expiration,0,14,1,False,True,normal,pluvieux
2022-02-01 02:44:52,Hôpital Général Douala,O+,28,9,0,19,4.3,3,80.1,faible,Attention: proche expiration,1,2,2,False,False,normal,pluvieux
2022-02-01 06:27:57,Hôpital Général Douala,B+,79,3,0,76,4.6,2,83.2,normale,Hémoglobine dans les normes,1,6,2,False,False,normal,pluvieux
2022-02-01 07:48:07,Hôpital Général Douala,A+,41,4,20,57,4.0,10,100.0,normale,"Bon état général, légère variation température",1,7,2,False,False,normal,nuageux
2022-02-03 06:00:25,Hôpital Général Douala,AB-,46,11,18,53,4.3,9,97.6,normale,Hémoglobine dans les normes,3,6,2,False,False,normal,ensoleillé
2022-02-03 19:32:25,Hôpital Général Douala,A+,59,6,0,53,3.0,30,96.9,normale,Contrôle bactériologique négatif,3,19,2,False,False,normal,ensoleillé
2022-02-04 02:28:07,Hôpital Général Douala,B+,15,13,0,2,3.1,12,96.1,critique,"URGENT: Stock critique - Excellent état, conservation parfaite",4,2,2,False,False,normal,ensoleillé
2022-02-04 05:50:12,Hôpital Général Douala,A+,21,10,22,33,4.8,12,100.0,normale,"Excellent état, conservation parfaite",4,5,2,False,False,normal,ensoleillé
2022-02-04 08:23:55,Hôpital Général Douala,B+,63,5,0,58,4.4,3,79.8,normale,Attention: proche expiration,4,8,2,False,False,normal,ensoleillé
2022-02-04 09:45:00,Hôpital Général Douala,O+,45,1,0,44,3.9,9,100.0,normale,"État satisfaisant, contrôle qualité OK",4,9,2,False,False,normal,pluvieux
2022-02-05 01:04:08,Hôpital Général Douala,A-,13,6,0,7,4.8,22,96.7,critique,"URGENT: Stock critique - État satisfaisant, contrôle qualité OK",5,1,2,True,False,normal,ensoleillé
2022-02-05 03:22:45,Hôpital Général Douala,A+,10,4,0,6,4.0,28,98.5,critique,URGENT: Stock critique - Parfait pour transfusion immédiate,5,3,2,True,False,campagne_don,pluvieux
2022-02-05 04:15:47,Hôpital Général Douala,O-,20,11,0,9,4.0,7,95.8,critique,URGENT: Stock critique - Hémoglobine dans les normes,5,4,2,True,False,normal,orageux
2022-02-05 06:38:27,Hôpital Général Douala,O+,26,4,0,22,3.5,12,100.0,normale,Contrôle bactériologique négatif,5,6,2,True,False,normal,pluvieux
2022-02-05 08:02:09,Hôpital Général Douala,O+,30,1,0,29,4.5,3,86.7,normale,"État satisfaisant, contrôle qualité OK",5,8,2,True,False,normal,ensoleillé
2022-02-05 12:15:06,Hôpital Général Douala,O+,13,7,0,6,3.8,21,99.2,critique,URGENT: Stock critique - Hémoglobine dans les normes,5,12,2,True,False,épidémie,ensoleillé
2022-02-06 18:05:20,Hôpital Général Douala,A+,29,5,0,24,4.1,9,87.5,normale,"Bon état général, légère variation température",6,18,2,True,False,normal,pluvieux
2022-02-07 17:26:25,Hôpital Général Douala,B+,68,8,0,60,4.2,1,61.4,attention,Parfait pour transfusion immédiate,0,17,2,False,False,normal,orageux
2022-02-07 20:06:41,Hôpital Général Douala,O+,32,8,0,24,5.3,12,93.2,normale,Contrôle bactériologique négatif,0,20,2,False,False,normal,nuageux
2022-02-07 23:54:45,Hôpital Général Douala,A+,34,6,0,28,3.2,17,100.0,normale,Urgent: vérifier température stockage,0,23,2,False,False,normal,nuageux
2022-02-08 03:01:20,Hôpital Général Douala,O+,29,0,0,29,4.0,1,60.2,attention,Hémoglobine dans les normes,1,3,2,False,False,normal,ensoleillé
2022-02-08 06:56:01,Hôpital Général Douala,O+,41,5,15,51,4.3,13,90.8,normale,Parfait pour transfusion immédiate,1,6,2,False,False,normal,ensoleillé
2022-02-09 02:36:19,Hôpital Général Douala,A+,32,6,0,26,3.8,29,100.0,normale,Parfait pour transfusion immédiate,2,2,2,False,False,normal,pluvieux
2022-02-09 06:51:06,Hôpital Général Douala,O+,46,13,25,58,4.2,11,98.3,normale,"Bon état général, légère variation température",2,6,2,False,False,normal,pluvieux
2022-02-09 21:43:53,Hôpital Général Douala,A-,28,6,0,22,4.2,2,88.4,normale,Hémoglobine dans les normes,2,21,2,False,False,normal,nuageux
2022-02-09 23:01:27,Hôpital Général Douala,A+,26,7,28,47,4.0,6,94.8,normale,Contrôle bactériologique négatif,2,23,2,False,False,normal,ensoleillé
2022-02-10 16:09:50,Hôpital Général Douala,O+,40,5,0,35,3.6,7,92.7,normale,Urgent: vérifier température stockage,3,16,2,False,False,normal,pluvieux
2022-02-10 16:47:18,Hôpital Général Douala,AB-,57,5,0,52,3.7,10,95.5,normale,Attention: proche expiration,3,16,2,False,False,campagne_don,ensoleillé
2022-02-10 18:30:18,Hôpital Général Douala,A-,42,7,30,65,4.3,2,84.3,normale,"Excellent état, conservation parfaite",3,18,2,False,False,normal,ensoleillé
2022-02-10 20:41:58,Hôpital Général Douala,A+,54,10,24,68,3.4,15,94.5,normale,"Excellent état, conservation parfaite",3,20,2,False,False,normal,nuageux
2022-02-11 14:21:05,Hôpital Général Douala,A+,46,2,0,44,4.4,37,95.8,normale,Urgent: vérifier température stockage,4,14,2,False,False,normal,orageux
2022-02-11 16:58:26,Hôpital Général Douala,O+,45,11,0,34,3.9,16,97.2,normale,Parfait pour transfusion immédiate,4,16,2,False,False,normal,pluvieux
2022-02-11 18:54:08,Hôpital Général Douala,B+,38,11,0,27,3.4,20,100.0,normale,"Excellent état, conservation parfaite",4,18,2,False,False,normal,ensoleillé
2022-02-12 05:52:17,Hôpital Général Douala,O+,16,10,0,6,3.0,10,100.0,critique,"URGENT: Stock critique - Excellent état, conservation parfaite",5,5,2,True,False,normal,ensoleillé
2022-02-12 09:11:10,Hôpital Général Douala,O+,47,5,0,42,3.7,1,52.1,attention,Parfait pour transfusion immédiate,5,9,2,True,False,normal,ensoleillé
2022-02-13 01:27:35,Hôpital Général Douala,A+,15,4,0,11,3.8,12,100.0,faible,Attention: proche expiration,6,1,2,True,False,normal,ensoleillé
2022-02-13 10:16:31,Hôpital Général Douala,A+,45,7,0,38,4.3,1,64.1,attention,Hémoglobine dans les normes,6,10,2,True,False,normal,nuageux
2022-02-13 15:02:49,Hôpital Général Douala,B+,32,6,0,26,4.1,1,66.3,attention,Parfait pour transfusion immédiate,6,15,2,True,False,normal,pluvieux
2022-02-14 02:21:23,Hôpital Général Douala,O+,22,10,0,12,4.3,49,100.0,faible,Parfait pour transfusion immédiate,0,2,2,False,False,normal,ensoleillé
2022-02-14 13:13:54,Hôpital Général Douala,O+,79,14,19,84,5.3,3,84.8,normale,"Excellent état, conservation parfaite",0,13,2,False,False,normal,pluvieux
2022-02-15 10:12:27,Hôpital Général Douala,O-,61,4,0,57,4.4,1,67.6,attention,Hémoglobine dans les normes,1,10,2,False,False,normal,orageux
2022-02-16 02:30:36,Hôpital Général Douala,B+,31,2,26,55,4.2,1,71.4,normale,Attention: proche expiration,2,2,2,False,False,normal,pluvieux
2022-02-16 06:12:13,Hôpital Général Douala,A+,20,7,0,13,4.0,5,93.3,faible,Hémoglobine dans les normes,2,6,2,False,False,normal,ensoleillé
2022-02-16 12:31:30,Hôpital Général Douala,A+,63,9,0,54,4.2,1,65.5,attention,"État satisfaisant, contrôle qualité OK",2,12,2,False,False,normal,nuageux
2022-02-16 15:09:33,Hôpital Général Douala,A-,54,7,0,47,4.4,55,100.0,normale,"Bon état général, légère variation température",2,15,2,False,False,normal,nuageux
2022-02-16 16:31:57,Hôpital Général Douala,B+,48,6,0,42,4.4,15,99.7,normale,Parfait pour transfusion immédiate,2,16,2,False,False,normal,pluvieux
2022-02-16 18:46:27,Hôpital Général Douala,A+,38,8,20,50,4.6,18,100.0,normale,Attention: proche expiration,2,18,2,False,False,normal,pluvieux
2022-02-16 22:52:18,Hôpital Général Douala,B+,37,7,22,52,3.8,27,92.4,normale,"Bon état général, légère variation température",2,22,2,False,False,normal,ensoleillé
2022-02-18 10:59:06,Hôpital Général Douala,O-,39,5,27,61,3.8,56,100.0,normale,"Bon état général, légère variation température",4,10,2,False,False,normal,nuageux
2022-02-19 02:27:03,Hôpital Général Douala,A+,11,10,0,1,3.9,8,100.0,critique,URGENT: Stock critique - Urgent: vérifier température stockage,5,2,2,True,False,normal,pluvieux
2022-02-19 02:50:02,Hôpital Général Douala,O+,15,8,17,24,3.7,10,100.0,normale,Contrôle bactériologique négatif,5,2,2,True,False,normal,nuageux
2022-02-19 04:40:10,Hôpital Général Douala,B+,18,5,0,13,4.2,11,99.3,faible,"État satisfaisant, contrôle qualité OK",5,4,2,True,False,normal,nuageux
2022-02-19 16:15:22,Hôpital Général Douala,O+,40,6,0,34,4.3,28,97.2,normale,"Bon état général, légère variation température",5,16,2,True,False,normal,ensoleillé
2022-02-20 01:00:58,Hôpital Général Douala,A+,17,6,0,11,4.1,4,81.7,faible,Contrôle bactériologique négatif,6,1,2,True,False,normal,ensoleillé
2022-02-21 08:52:13,Hôpital Général Douala,B+,37,7,0,30,4.1,2,87.0,normale,Hémoglobine dans les normes,0,8,2,False,False,normal,nuageux
2022-02-21 10:18:01,Hôpital Général Douala,A+,39,9,0,30,3.9,5,100.0,normale,"État satisfaisant, contrôle qualité OK",0,10,2,False,False,normal,nuageux
2022-02-22 01:04:50,Hôpital Général Douala,O+,26,9,15,32,3.8,1,62.5,attention,Urgent: vérifier température stockage,1,1,2,False,False,normal,nuageux
2022-02-22 06:23:36,Hôpital Général Douala,A-,56,11,0,45,4.4,33,100.0,normale,Attention: proche expiration,1,6,2,False,False,normal,nuageux
2022-02-22 07:43:58,Hôpital Général Douala,O+,51,5,23,69,3.4,23,100.0,normale,"Excellent état, conservation parfaite",1,7,2,False,False,normal,nuageux
2022-02-22 10:53:54,Hôpital Général Douala,B+,82,10,22,94,3.8,28,98.6,normale,Attention: proche expiration,1,10,2,False,False,normal,pluvieux
2022-02-22 11:24:05,Hôpital Général Douala,A-,83,11,0,72,3.4,6,100.0,normale,Hémoglobine dans les normes,1,11,2,False,False,épidémie,ensoleillé
2022-02-22 16:08:43,Hôpital Général Douala,O+,65,5,19,79,3.7,8,100.0,normale,Parfait pour transfusion immédiate,1,16,2,False,False,accident_route,ensoleillé
2022-02-22 18:42:58,Hôpital Général Douala,A+,52,8,0,44,4.9,1,64.9,attention,Parfait pour transfusion immédiate,1,18,2,False,False,normal,orageux
2022-02-23 07:07:00,Hôpital Général Douala,AB+,64,6,19,77,3.0,37,93.8,normale,Attention: proche expiration,2,7,2,False,False,normal,pluvieux
2022-02-23 10:21:46,Hôpital Général Douala,B+,38,10,0,28,4.8,42,100.0,normale,Contrôle bactériologique négatif,2,10,2,False,False,normal,ensoleillé
2022-02-23 12:52:54,Hôpital Général Douala,O-,38,7,0,31,4.6,86,100.0,normale,"Excellent état, conservation parfaite",2,12,2,False,False,normal,ensoleillé
2022-02-24 01:34:49,Hôpital Général Douala,B-,29,6,0,23,3.8,3,82.2,normale,"État satisfaisant, contrôle qualité OK",3,1,2,False,False,normal,nuageux
2022-02-24 16:07:47,Hôpital Général Douala,A+,70,5,0,65,3.0,8,100.0,normale,Attention: proche expiration,3,16,2,False,False,normal,pluvieux
2022-02-24 17:08:08,Hôpital Général Douala,O+,53,6,0,47,3.6,1,47.7,attention,Parfait pour transfusion immédiate,3,17,2,False,False,normal,nuageux
2022-02-25 11:10:33,Hôpital Général Douala,O+,60,4,24,80,4.4,6,100.0,normale,Attention: proche expiration,4,11,2,False,False,épidémie,nuageux
2022-02-26 08:18:06,Hôpital Général Douala,O+,39,4,0,35,3.6,30,98.3,normale,Attention: proche expiration,5,8,2,True,False,normal,pluvieux
2022-02-27 02:43:52,Hôpital Général Douala,B+,16,0,0,16,3.3,3,82.9,faible,Hémoglobine dans les normes,6,2,2,True,False,normal,nuageux
2022-02-27 14:32:10,Hôpital Général Douala,O+,35,6,0,29,4.3,15,99.4,normale,"État satisfaisant, contrôle qualité OK",6,14,2,True,False,normal,ensoleillé
2022-02-27 17:37:09,Hôpital Général Douala,A+,42,5,17,54,3.4,1,59.5,attention,"Excellent état, conservation parfaite",6,17,2,True,False,normal,ensoleillé
2022-02-28 02:53:58,Hôpital Général Douala,A+,25,3,0,22,3.8,1,62.7,attention,"Bon état général, légère variation température",0,2,2,False,False,normal,pluvieux
2022-02-28 07:18:38,Hôpital Général Douala,A+,43,8,20,55,3.8,8,94.4,normale,Urgent: vérifier température stockage,0,7,2,False,False,normal,pluvieux
2022-02-28 10:38:49,Hôpital Général Douala,O+,50,5,0,45,4.1,15,93.6,normale,Contrôle bactériologique négatif,0,10,2,False,False,normal,nuageux
2022-02-28 12:05:18,Hôpital Général Douala,O+,27,10,12,29,4.1,2,87.5,normale,Contrôle bactériologique négatif,0,12,2,False,False,normal,orageux
2022-03-01 01:04:58,Hôpital Général Douala,O+,22,3,0,19,4.7,1,62.9,faible,"Bon état général, légère variation température",1,1,3,False,False,normal,ensoleillé
2022-03-01 01:16:47,Hôpital Général Douala,O-,22,9,0,13,4.0,9,100.0,faible,"État satisfaisant, contrôle qualité OK",1,1,3,False,False,normal,ensoleillé
2022-03-01 10:23:06,Hôpital Général Douala,A+,26,8,19,37,3.6,38,100.0,normale,Hémoglobine dans les normes,1,10,3,False,False,normal,pluvieux
2022-03-01 17:55:05,Hôpital Général Douala,O-,41,6,17,52,3.9,8,99.9,normale,Contrôle bactériologique négatif,1,17,3,False,False,normal,ensoleillé
2022-03-02 11:55:12,Hôpital Général Douala,A+,41,6,23,58,3.3,29,100.0,normale,"Excellent état, conservation parfaite",2,11,3,False,False,normal,pluvieux
2022-03-02 12:49:14,Hôpital Général Douala,O-,73,5,20,88,3.8,9,91.5,normale,Parfait pour transfusion immédiate,2,12,3,False,False,normal,ensoleillé
2022-03-02 18:23:55,Hôpital Général Douala,A+,35,8,0,27,4.0,7,95.9,normale,"Bon état général, légère variation température",2,18,3,False,False,normal,nuageux
2022-03-03 09:58:46,Hôpital Général Douala,A-,70,13,0,57,5.0,4,88.5,normale,"État satisfaisant, contrôle qualité OK",3,9,3,False,False,normal,pluvieux
2022-03-04 02:30:10,Hôpital Général Douala,A+,27,4,23,46,4.0,16,94.8,normale,Parfait pour transfusion immédiate,4,2,3,False,False,normal,orageux
2022-03-04 04:29:04,Hôpital Général Douala,A+,32,4,15,43,3.9,16,100.0,normale,"État satisfaisant, contrôle qualité OK",4,4,3,False,False,normal,nuageux
2022-03-04 07:58:05,Hôpital Général Douala,A+,39,8,14,45,4.3,20,100.0,normale,"Bon état général, légère variation température",4,7,3,False,False,normal,nuageux
2022-03-04 18:02:37,Hôpital Général Douala,O-,61,11,0,50,3.8,1,59.3,attention,Contrôle bactériologique négatif,4,18,3,False,False,normal,nuageux
2022-03-05 01:26:38,Hôpital Général Douala,A+,21,5,0,16,4.8,2,97.7,faible,"Bon état général, légère variation température",5,1,3,True,False,normal,ensoleillé
2022-03-05 14:50:34,Hôpital Général Douala,A+,35,9,0,26,3.5,5,100.0,normale,Contrôle bactériologique négatif,5,14,3,True,False,normal,nuageux
2022-03-05 16:16:53,Hôpital Général Douala,O+,29,4,0,25,3.6,1,58.3,attention,"État satisfaisant, contrôle qualité OK",5,16,3,True,False,normal,pluvieux
2022-03-06 00:25:48,Hôpital Général Douala,A+,29,3,23,49,4.1,8,100.0,normale,Parfait pour transfusion immédiate,6,0,3,True,False,normal,ensoleillé
2022-03-07 04:53:38,Hôpital Général Douala,A-,27,5,11,33,5.0,26,100.0,normale,Hémoglobine dans les normes,0,4,3,False,False,normal,orageux
2022-03-07 11:40:33,Hôpital Général Douala,O+,62,10,23,75,4.3,3,79.9,normale,"Bon état général, légère variation température",0,11,3,False,False,normal,ensoleillé
2022-03-07 19:16:36,Hôpital Général Douala,O+,81,5,16,92,3.9,14,100.0,normale,"Excellent état, conservation parfaite",0,19,3,False,False,normal,pluvieux
2022-03-07 22:41:44,Hôpital Général Douala,O+,64,9,0,55,3.2,4,79.8,normale,Parfait pour transfusion immédiate,0,22,3,False,False,normal,ensoleillé
2022-03-07 23:42:50,Hôpital Général Douala,B+,12,13,19,19,4.5,4,87.5,faible,"Excellent état, conservation parfaite",0,23,3,False,False,normal,ensoleillé
2022-03-08 01:59:14,Hôpital Général Douala,AB+,23,3,21,41,3.4,10,100.0,normale,"Bon état général, légère variation température",1,1,3,False,False,normal,ensoleillé
2022-03-08 13:27:14,Hôpital Général Douala,O-,46,4,0,42,2.8,6,98.2,normale,Attention: proche expiration,1,13,3,False,False,normal,nuageux
2022-03-08 13:42:00,Hôpital Général Douala,A+,40,13,0,27,4.3,24,97.5,normale,"État satisfaisant, contrôle qualité OK",1,13,3,False,False,accident_route,pluvieux
2022-03-08 15:41:49,Hôpital Général Douala,A+,43,6,29,66,4.5,7,98.4,normale,Hémoglobine dans les normes,1,15,3,False,False,normal,pluvieux
2022-03-08 20:36:35,Hôpital Général Douala,O+,59,7,0,52,4.8,4,79.3,normale,Contrôle bactériologique négatif,1,20,3,False,False,normal,ensoleillé
2022-03-09 02:20:34,Hôpital Général Douala,A-,26,5,20,41,4.7,13,98.9,normale,Attention: proche expiration,2,2,3,False,False,normal,orageux
2022-03-09 12:39:26,Hôpital Général Douala,O+,63,4,0,59,3.7,6,97.5,normale,Hémoglobine dans les normes,2,12,3,False,False,normal,orageux
2022-03-09 19:33:11,Hôpital Général Douala,O-,5,4,0,1,4.3,12,100.0,critique,"URGENT: Stock critique - Bon état général, légère variation température",2,19,3,False,False,normal,ensoleillé
2022-03-09 20:49:26,Hôpital Général Douala,A+,57,7,0,50,4.4,1,63.0,attention,Contrôle bactériologique négatif,2,20,3,False,False,normal,pluvieux
2022-03-09 23:30:28,Hôpital Général Douala,B+,32,9,0,23,3.3,5,100.0,normale,"Bon état général, légère variation température",2,23,3,False,False,normal,pluvieux
2022-03-10 04:37:03,Hôpital Général Douala,O+,24,9,0,15,4.1,11,100.0,faible,Attention: proche expiration,3,4,3,False,False,normal,ensoleillé
2022-03-10 09:12:34,Hôpital Général Douala,O-,45,3,19,61,4.3,8,94.3,normale,"État satisfaisant, contrôle qualité OK",3,9,3,False,False,normal,ensoleillé
2022-03-10 16:47:43,Hôpital Général Douala,A+,69,11,0,58,4.1,40,99.6,normale,Contrôle bactériologique négatif,3,16,3,False,False,normal,ensoleillé
2022-03-11 08:25:39,Hôpital Général Douala,A+,69,10,0,59,3.4,4,90.8,normale,"État satisfaisant, contrôle qualité OK",4,8,3,False,False,normal,orageux
2022-03-11 11:40:07,Hôpital Général Douala,B+,53,10,0,43,4.5,16,100.0,normale,"État satisfaisant, contrôle qualité OK",4,11,3,False,False,normal,orageux
2022-03-11 12:01:34,Hôpital Général Douala,A-,71,8,0,63,3.3,1,52.2,attention,"Bon état général, légère variation température",4,12,3,False,False,normal,orageux
2022-03-12 00:12:28,Hôpital Général Douala,O+,17,5,0,12,4.1,11,100.0,faible,"Excellent état, conservation parfaite",5,0,3,True,False,normal,pluvieux
2022-03-12 01:04:14,Hôpital Général Douala,O+,16,3,0,13,4.8,4,80.9,faible,"Bon état général, légère variation température",5,1,3,True,False,normal,ensoleillé
2022-03-12 01:23:37,Hôpital Général Douala,O+,16,7,13,22,4.0,28,93.3,normale,Urgent: vérifier température stockage,5,1,3,True,False,normal,pluvieux
2022-03-12 05:56:19,Hôpital Général Douala,A+,17,5,0,12,3.8,16,93.5,faible,Parfait pour transfusion immédiate,5,5,3,True,False,normal,orageux
2022-03-12 10:09:17,Hôpital Général Douala,A+,52,5,20,67,4.4,5,100.0,normale,"Excellent état, conservation parfaite",5,10,3,True,False,normal,ensoleillé
2022-03-12 18:00:51,Hôpital Général Douala,A+,30,6,0,24,3.5,10,96.8,normale,Urgent: vérifier température stockage,5,18,3,True,False,normal,ensoleillé
2022-03-14 04:44:17,Hôpital Général Douala,O+,12,9,0,3,3.0,5,100.0,critique,"URGENT: Stock critique - Bon état général, légère variation température",0,4,3,False,False,normal,nuageux
2022-03-14 08:17:10,Hôpital Général Douala,A+,49,16,0,33,3.2,6,100.0,normale,"Excellent état, conservation parfaite",0,8,3,False,False,normal,orageux
2022-03-14 09:32:43,Hôpital Général Douala,O+,21,5,0,16,3.5,26,100.0,faible,"Excellent état, conservation parfaite",0,9,3,False,False,normal,nuageux
2022-03-14 23:32:49,Hôpital Général Douala,AB+,22,10,13,25,4.6,23,90.5,normale,"Excellent état, conservation parfaite",0,23,3,False,False,urgence_médicale,nuageux
2022-03-15 13:57:45,Hôpital Général Douala,O-,76,8,19,87,3.2,11,91.7,normale,Urgent: vérifier température stockage,1,13,3,False,False,normal,ensoleillé
2022-03-15 18:53:59,Hôpital Général Douala,AB-,33,7,20,46,4.8,7,100.0,normale,Contrôle bactériologique négatif,1,18,3,False,False,normal,ensoleillé
2022-03-16 12:00:08,Hôpital Général Douala,B-,49,10,19,58,3.9,15,99.7,normale,Attention: proche expiration,2,12,3,False,False,normal,pluvieux
2022-03-17 13:06:49,Hôpital Général Douala,O+,45,2,0,43,4.3,98,100.0,normale,Parfait pour transfusion immédiate,3,13,3,False,False,normal,ensoleillé
2022-03-17 13:39:31,Hôpital Général Douala,A+,38,12,19,45,4.3,5,91.2,normale,Contrôle bactériologique négatif,3,13,3,False,False,normal,ensoleillé
2022-03-19 12:34:22,Hôpital Général Douala,A-,31,3,12,40,4.1,1,49.7,attention,"Excellent état, conservation parfaite",5,12,3,True,False,normal,ensoleillé
2022-03-20 13:24:01,Hôpital Général Douala,O+,46,6,0,40,3.6,12,99.8,normale,"Excellent état, conservation parfaite",6,13,3,True,False,normal,pluvieux
2022-03-20 15:34:56,Hôpital Général Douala,O+,29,3,20,46,4.2,1,53.4,attention,Parfait pour transfusion immédiate,6,15,3,True,False,normal,nuageux
2022-03-20 18:45:55,Hôpital Général Douala,A-,42,6,0,36,3.7,5,100.0,normale,"État satisfaisant, contrôle qualité OK",6,18,3,True,False,normal,nuageux
2022-03-21 13:22:51,Hôpital Général Douala,B+,47,8,30,69,3.7,6,93.7,normale,Hémoglobine dans les normes,0,13,3,False,False,normal,ensoleillé
2022-03-21 16:24:40,Hôpital Général Douala,O+,54,10,0,44,4.1,6,100.0,normale,"Excellent état, conservation parfaite",0,16,3,False,False,normal,ensoleillé
2022-03-21 20:24:55,Hôpital Général Douala,B-,57,11,0,46,3.6,8,96.7,normale,Contrôle bactériologique négatif,0,20,3,False,False,normal,ensoleillé
2022-03-22 00:13:58,Hôpital Général Douala,A+,21,4,18,35,3.5,2,89.0,normale,Urgent: vérifier température stockage,1,0,3,False,False,normal,pluvieux
2022-03-22 04:15:13,Hôpital Général Douala,A+,19,8,24,35,4.2,19,98.5,normale,"Excellent état, conservation parfaite",1,4,3,False,False,normal,ensoleillé
2022-03-22 11:15:16,Hôpital Général Douala,B+,49,1,19,67,4.0,4,79.3,normale,"État satisfaisant, contrôle qualité OK",1,11,3,False,False,normal,nuageux
2022-03-22 16:58:19,Hôpital Général Douala,O+,46,9,0,37,4.1,21,100.0,normale,Hémoglobine dans les normes,1,16,3,False,False,normal,ensoleillé
2022-03-24 01:10:32,Hôpital Général Douala,O+,25,7,0,18,3.1,3,98.2,faible,"Excellent état, conservation parfaite",3,1,3,False,False,normal,nuageux
2022-03-24 05:25:54,Hôpital Général Douala,B-,27,10,0,17,3.6,17,100.0,faible,Parfait pour transfusion immédiate,3,5,3,False,False,normal,orageux
2022-03-24 18:55:52,Hôpital Général Douala,A+,46,8,12,50,4.4,6,99.7,normale,"État satisfaisant, contrôle qualité OK",3,18,3,False,False,normal,nuageux
2022-03-24 22:21:49,Hôpital Général Douala,B-,56,8,0,48,3.5,6,90.5,normale,"État satisfaisant, contrôle qualité OK",3,22,3,False,False,normal,orageux
2022-03-25 02:06:34,Hôpital Général Douala,O+,11,6,10,15,3.4,17,96.3,faible,Urgent: vérifier température stockage,4,2,3,False,False,normal,pluvieux
2022-03-25 02:16:33,Hôpital Général Douala,O+,26,9,17,34,4.2,2,80.0,normale,"Bon état général, légère variation température",4,2,3,False,False,normal,pluvieux
2022-03-25 11:53:27,Hôpital Général Douala,B+,71,2,0,69,4.8,10,100.0,normale,"Bon état général, légère variation température",4,11,3,False,False,normal,ensoleillé
2022-03-25 17:51:42,Hôpital Général Douala,O+,76,11,0,65,3.8,6,100.0,normale,Contrôle bactériologique négatif,4,17,3,False,False,normal,ensoleillé
2022-03-25 23:02:54,Hôpital Général Douala,O+,25,11,0,14,3.7,6,100.0,faible,Contrôle bactériologique négatif,4,23,3,False,False,normal,ensoleillé
2022-03-25 23:06:24,Hôpital Général Douala,A-,30,8,0,22,3.8,5,94.7,normale,"État satisfaisant, contrôle qualité OK",4,23,3,False,False,normal,nuageux
2022-03-26 01:20:12,Hôpital Général Douala,O+,17,7,29,39,4.2,26,100.0,normale,Urgent: vérifier température stockage,5,1,3,True,False,normal,ensoleillé
2022-03-26 04:46:11,Hôpital Général Douala,B+,11,10,0,1,5.1,2,78.4,critique,"URGENT: Stock critique - État satisfaisant, contrôle qualité OK",5,4,3,True,False,normal,ensoleillé
2022-03-26 16:54:50,Hôpital Général Douala,A-,21,5,22,38,4.2,14,100.0,normale,Parfait pour transfusion immédiate,5,16,3,True,False,normal,pluvieux
2022-03-26 22:47:37,Hôpital Général Douala,B+,28,9,0,19,3.7,1,56.8,faible,Attention: proche expiration,5,22,3,True,False,normal,pluvieux
2022-03-27 04:00:28,Hôpital Général Douala,A+,12,1,0,11,4.6,1,56.5,faible,"Excellent état, conservation parfaite",6,4,3,True,False,normal,ensoleillé
2022-03-27 17:11:29,Hôpital Général Douala,B-,35,6,0,29,4.2,9,100.0,normale,Parfait pour transfusion immédiate,6,17,3,True,False,normal,pluvieux
2022-03-27 19:12:02,Hôpital Général Douala,O-,35,4,18,49,3.7,12,100.0,normale,"Bon état général, légère variation température",6,19,3,True,False,normal,ensoleillé
2022-03-28 03:08:06,Hôpital Général Douala,O+,28,7,0,21,3.8,11,90.8,normale,Attention: proche expiration,0,3,3,False,False,normal,pluvieux
2022-03-28 03:42:34,Hôpital Général Douala,A+,23,9,12,26,4.2,17,100.0,normale,"État satisfaisant, contrôle qualité OK",0,3,3,False,False,normal,ensoleillé
2022-03-28 11:21:41,Hôpital Général Douala,O+,24,10,16,30,4.9,30,91.2,normale,Attention: proche expiration,0,11,3,False,False,normal,orageux
2022-03-28 22:34:13,Hôpital Général Douala,O+,43,4,0,39,4.6,8,100.0,normale,Contrôle bactériologique négatif,0,22,3,False,False,normal,ensoleillé
2022-03-29 05:42:53,Hôpital Général Douala,AB+,26,4,0,22,3.8,44,99.3,normale,"État satisfaisant, contrôle qualité OK",1,5,3,False,False,normal,nuageux
2022-03-29 06:45:39,Hôpital Général Douala,O+,55,10,0,45,4.1,16,88.9,normale,Hémoglobine dans les normes,1,6,3,False,False,normal,nuageux
2022-03-29 09:42:31,Hôpital Général Douala,A-,51,8,0,43,2.5,12,94.3,normale,"Excellent état, conservation parfaite",1,9,3,False,False,urgence_médicale,nuageux
2022-03-29 13:41:39,Hôpital Général Douala,A-,28,2,15,41,4.2,24,95.6,normale,Contrôle bactériologique négatif,1,13,3,False,False,normal,ensoleillé
2022-03-29 17:18:25,Hôpital Général Douala,B+,56,8,0,48,3.8,5,89.8,normale,Parfait pour transfusion immédiate,1,17,3,False,False,normal,pluvieux
2022-03-29 19:31:37,Hôpital Général Douala,O+,58,10,0,48,4.2,6,100.0,normale,Parfait pour transfusion immédiate,1,19,3,False,False,normal,ensoleillé
2022-03-29 21:40:16,Hôpital Général Douala,O+,77,2,0,75,4.8,8,100.0,normale,Contrôle bactériologique négatif,1,21,3,False,False,normal,pluvieux
2022-03-30 00:47:11,Hôpital Général Douala,B+,28,9,0,19,3.5,17,94.1,faible,Urgent: vérifier température stockage,2,0,3,False,False,normal,ensoleillé
2022-03-30 11:01:22,Hôpital Général Douala,O+,50,8,0,42,3.5,18,98.4,normale,Parfait pour transfusion immédiate,2,11,3,False,False,normal,ensoleillé
2022-03-30 16:11:19,Hôpital Général Douala,A+,62,7,0,55,3.5,5,95.3,normale,Urgent: vérifier température stockage,2,16,3,False,False,normal,pluvieux
2022-03-30 21:41:47,Hôpital Général Douala,O+,28,9,0,19,3.7,1,50.7,faible,Urgent: vérifier température stockage,2,21,3,False,False,normal,ensoleillé
2022-03-31 00:43:08,Hôpital Général Douala,A+,26,8,0,18,4.7,8,100.0,faible,Attention: proche expiration,3,0,3,False,False,normal,pluvieux
2022-03-31 14:07:33,Hôpital Général Douala,A+,47,5,18,60,4.9,4,86.4,normale,"État satisfaisant, contrôle qualité OK",3,14,3,False,False,normal,nuageux
2022-04-02 06:30:16,Hôpital Général Douala,O+,37,6,26,57,4.7,14,92.4,normale,Contrôle bactériologique négatif,5,6,4,True,False,normal,orageux
2022-04-02 09:10:14,Hôpital Général Douala,A-,27,5,0,22,4.3,100,100.0,normale,Parfait pour transfusion immédiate,5,9,4,True,False,normal,pluvieux
2022-04-02 19:52:15,Hôpital Général Douala,A+,29,6,13,36,3.7,9,95.0,normale,Hémoglobine dans les normes,5,19,4,True,False,normal,nuageux
2022-04-03 03:28:57,Hôpital Général Douala,O+,11,7,0,4,4.9,19,100.0,critique,"URGENT: Stock critique - État satisfaisant, contrôle qualité OK",6,3,4,True,False,normal,ensoleillé
2022-04-03 04:51:21,Hôpital Général Douala,O+,8,9,22,22,3.9,30,93.3,normale,Hémoglobine dans les normes,6,4,4,True,False,normal,orageux
2022-04-03 16:54:58,Hôpital Général Douala,A+,44,6,0,38,3.7,54,100.0,normale,"Excellent état, conservation parfaite",6,16,4,True,False,normal,ensoleillé
2022-04-03 17:47:40,Hôpital Général Douala,O+,38,5,0,33,4.0,14,99.2,normale,"Excellent état, conservation parfaite",6,17,4,True,False,normal,pluvieux
2022-04-05 00:37:47,Hôpital Général Douala,O+,23,5,0,18,3.8,6,96.2,faible,Hémoglobine dans les normes,1,0,4,False,False,normal,ensoleillé
2022-04-05 04:01:50,Hôpital Général Douala,A+,29,8,0,21,4.2,15,100.0,normale,Urgent: vérifier température stockage,1,4,4,False,False,normal,ensoleillé
2022-04-05 17:31:41,Hôpital Général Douala,O+,47,9,19,57,3.5,1,55.3,attention,Parfait pour transfusion immédiate,1,17,4,False,False,normal,nuageux
2022-04-05 21:47:16,Hôpital Général Douala,A-,61,14,16,63,4.5,20,100.0,normale,Attention: proche expiration,1,21,4,False,False,normal,pluvieux
2022-04-06 23:01:52,Hôpital Général Douala,A+,34,3,0,31,3.5,7,100.0,normale,Parfait pour transfusion immédiate,2,23,4,False,False,normal,nuageux
2022-04-07 10:49:32,Hôpital Général Douala,A+,49,9,33,73,3.3,23,100.0,normale,"Excellent état, conservation parfaite",3,10,4,False,False,normal,ensoleillé
2022-04-07 19:11:03,Hôpital Général Douala,O+,42,9,19,52,4.6,1,52.8,attention,"Bon état général, légère variation température",3,19,4,False,False,normal,pluvieux
2022-04-08 02:53:58,Hôpital Général Douala,A+,26,13,27,40,4.0,10,100.0,normale,Contrôle bactériologique négatif,4,2,4,False,False,normal,pluvieux
2022-04-08 02:54:46,Hôpital Général Douala,B+,29,5,17,41,4.1,30,100.0,normale,"État satisfaisant, contrôle qualité OK",4,2,4,False,False,épidémie,orageux
2022-04-08 05:20:36,Hôpital Général Douala,O+,34,2,0,32,4.1,3,79.0,normale,Contrôle bactériologique négatif,4,5,4,False,False,normal,ensoleillé
2022-04-08 16:20:45,Hôpital Général Douala,O-,26,9,30,47,3.5,4,82.3,normale,Hémoglobine dans les normes,4,16,4,False,False,normal,ensoleillé
2022-04-09 14:09:28,Hôpital Général Douala,O+,44,6,0,38,4.7,4,87.2,normale,Urgent: vérifier température stockage,5,14,4,True,False,normal,pluvieux
2022-04-09 21:55:18,Hôpital Général Douala,A-,36,6,25,55,3.6,21,96.6,normale,Attention: proche expiration,5,21,4,True,False,normal,ensoleillé
2022-04-10 03:09:16,Hôpital Général Douala,A+,24,7,0,17,3.7,4,80.0,faible,"Bon état général, légère variation température",6,3,4,True,False,normal,pluvieux
2022-04-10 13:47:06,Hôpital Général Douala,A+,16,4,0,12,4.4,1,55.6,faible,Hémoglobine dans les normes,6,13,4,True,False,normal,pluvieux
2022-04-11 12:18:06,Hôpital Général Douala,O+,61,11,0,50,3.8,3,98.2,normale,"État satisfaisant, contrôle qualité OK",0,12,4,False,False,normal,ensoleillé
2022-04-12 08:30:05,Hôpital Général Douala,O-,59,5,0,54,4.0,1,58.8,attention,"Bon état général, légère variation température",1,8,4,False,False,normal,nuageux
2022-04-13 15:38:13,Hôpital Général Douala,O+,41,8,0,33,3.2,1,63.1,attention,Parfait pour transfusion immédiate,2,15,4,False,False,normal,ensoleillé
2022-04-13 15:55:24,Hôpital Général Douala,O+,63,6,0,57,3.6,54,96.9,normale,Urgent: vérifier température stockage,2,15,4,False,False,normal,ensoleillé
2022-04-13 16:37:57,Hôpital Général Douala,B+,46,8,0,38,4.3,14,100.0,normale,Hémoglobine dans les normes,2,16,4,False,False,normal,ensoleillé
2022-04-13 22:11:41,Hôpital Général Douala,A+,79,3,0,76,3.0,11,100.0,normale,"État satisfaisant, contrôle qualité OK",2,22,4,False,False,normal,nuageux
2022-04-14 01:10:48,Hôpital Général Douala,A+,38,9,0,29,4.3,3,79.6,normale,"Bon état général, légère variation température",3,1,4,False,False,normal,ensoleillé
2022-04-14 01:32:12,Hôpital Général Douala,O+,38,4,0,34,3.6,1,52.6,attention,"Excellent état, conservation parfaite",3,1,4,False,False,normal,nuageux
2022-04-14 14:12:48,Hôpital Général Douala,O-,17,8,15,24,5.5,26,100.0,normale,"État satisfaisant, contrôle qualité OK",3,14,4,False,False,normal,pluvieux
2022-04-14 23:43:39,Hôpital Général Douala,A+,21,7,0,14,3.9,3,84.5,faible,"Bon état général, légère variation température",3,23,4,False,False,normal,ensoleillé
2022-04-15 00:43:41,Hôpital Général Douala,A+,23,8,0,15,3.5,13,97.4,faible,"État satisfaisant, contrôle qualité OK",4,0,4,False,False,normal,pluvieux
2022-04-15 17:50:03,Hôpital Général Douala,A+,52,4,0,48,3.7,1,59.9,attention,Contrôle bactériologique négatif,4,17,4,False,False,normal,nuageux
2022-04-16 01:17:21,Hôpital Général Douala,A-,13,7,0,6,3.6,41,98.4,critique,URGENT: Stock critique - Attention: proche expiration,5,1,4,True,False,normal,pluvieux
2022-04-16 04:34:37,Hôpital Général Douala,A-,19,6,0,13,3.6,32,100.0,faible,"État satisfaisant, contrôle qualité OK",5,4,4,True,False,normal,pluvieux
2022-04-16 08:41:45,Hôpital Général Douala,A+,31,1,22,52,4.2,1,63.8,attention,Hémoglobine dans les normes,5,8,4,True,False,normal,ensoleillé
2022-04-16 10:38:09,Hôpital Général Douala,A+,24,6,0,18,4.0,23,100.0,faible,Hémoglobine dans les normes,5,10,4,True,False,normal,pluvieux
2022-04-16 20:49:28,Hôpital Général Douala,A-,40,6,0,34,3.8,31,90.5,normale,Attention: proche expiration,5,20,4,True,False,campagne_don,pluvieux
2022-04-17 01:11:29,Hôpital Général Douala,A+,13,4,0,9,4.4,31,99.3,critique,"URGENT: Stock critique - État satisfaisant, contrôle qualité OK",6,1,4,True,False,normal,ensoleillé
2022-04-17 12:54:48,Hôpital Général Douala,O+,50,7,0,43,4.2,17,100.0,normale,Parfait pour transfusion immédiate,6,12,4,True,False,normal,ensoleillé
2022-04-17 13:48:47,Hôpital Général Douala,B+,56,8,0,48,4.0,7,100.0,normale,Contrôle bactériologique négatif,6,13,4,True,False,normal,pluvieux
2022-04-17 21:02:32,Hôpital Général Douala,A+,25,3,0,22,3.7,12,97.0,normale,"État satisfaisant, contrôle qualité OK",6,21,4,True,False,urgence_médicale,ensoleillé
2022-04-18 11:56:08,Hôpital Général Douala,A+,14,5,14,23,4.2,26,100.0,normale,"État satisfaisant, contrôle qualité OK",0,11,4,False,False,normal,pluvieux
2022-04-18 12:06:56,Hôpital Général Douala,B+,55,5,0,50,4.9,2,72.8,normale,Contrôle bactériologique négatif,0,12,4,False,False,normal,ensoleillé
2022-04-18 21:35:44,Hôpital Général Douala,O+,45,6,0,39,4.1,1,62.9,attention,Contrôle bactériologique négatif,0,21,4,False,False,normal,ensoleillé
2022-04-19 03:31:40,Hôpital Général Douala,A+,26,4,15,37,3.1,33,100.0,normale,Hémoglobine dans les normes,1,3,4,False,False,normal,ensoleillé
2022-04-19 09:43:48,Hôpital Général Douala,A+,66,0,0,66,3.8,7,100.0,normale,"État satisfaisant, contrôle qualité OK",1,9,4,False,False,normal,nuageux
2022-04-19 17:49:12,Hôpital Général Douala,O+,56,3,24,77,4.3,2,72.5,normale,Parfait pour transfusion immédiate,1,17,4,False,False,normal,nuageux
2022-04-19 18:02:02,Hôpital Général Douala,A+,55,4,12,63,3.7,3,83.9,normale,"Bon état général, légère variation température",1,18,4,False,False,normal,ensoleillé
2022-04-20 23:26:15,Hôpital Général Douala,O+,22,10,21,33,3.8,5,98.8,normale,"Excellent état, conservation parfaite",2,23,4,False,False,normal,orageux
2022-04-21 13:46:13,Hôpital Général Douala,A+,48,5,0,43,3.9,26,100.0,normale,"Bon état général, légère variation température",3,13,4,False,False,normal,ensoleillé
2022-04-21 15:33:21,Hôpital Général Douala,A+,41,6,20,55,4.5,15,100.0,normale,Parfait pour transfusion immédiate,3,15,4,False,False,normal,pluvieux
2022-04-22 06:34:04,Hôpital Général Douala,O-,30,7,0,23,3.5,9,98.3,normale,Attention: proche expiration,4,6,4,False,False,normal,pluvieux
2022-04-22 07:12:47,Hôpital Général Douala,A+,39,7,0,32,4.2,5,99.8,normale,"État satisfaisant, contrôle qualité OK",4,7,4,False,False,normal,nuageux
2022-04-23 08:19:18,Hôpital Général Douala,O+,32,5,0,27,3.6,7,99.2,normale,Attention: proche expiration,5,8,4,True,False,normal,nuageux
2022-04-23 13:54:04,Hôpital Général Douala,O+,29,5,0,24,4.5,6,99.6,normale,Contrôle bactériologique négatif,5,13,4,True,False,normal,orageux
2022-04-23 21:07:06,Hôpital Général Douala,O+,22,3,21,40,3.7,6,91.8,normale,Hémoglobine dans les normes,5,21,4,True,False,normal,pluvieux
2022-04-24 01:37:03,Hôpital Général Douala,A-,11,5,0,6,4.0,1,52.4,critique,URGENT: Stock critique - Contrôle bactériologique négatif,6,1,4,True,False,normal,nuageux
2022-04-24 06:43:27,Hôpital Général Douala,O+,26,11,0,15,3.8,4,83.9,faible,Urgent: vérifier température stockage,6,6,4,True,False,normal,ensoleillé
2022-04-26 03:41:43,Hôpital Général Douala,O+,10,3,0,7,3.7,6,100.0,critique,"URGENT: Stock critique - Bon état général, légère variation température",1,3,4,False,False,normal,nuageux
2022-04-26 15:39:01,Hôpital Général Douala,A+,59,5,0,54,3.9,10,100.0,normale,Attention: proche expiration,1,15,4,False,False,normal,pluvieux
2022-04-26 23:32:24,Hôpital Général Douala,O+,17,9,0,8,4.1,4,83.4,critique,"URGENT: Stock critique - Bon état général, légère variation température",1,23,4,False,False,normal,orageux
2022-04-27 04:01:21,Hôpital Général Douala,A+,16,10,0,6,3.9,31,100.0,critique,URGENT: Stock critique - Hémoglobine dans les normes,2,4,4,False,False,normal,orageux
2022-04-27 05:32:06,Hôpital Général Douala,A-,33,7,19,45,4.7,13,100.0,normale,Contrôle bactériologique négatif,2,5,4,False,False,normal,pluvieux
2022-04-28 02:42:50,Hôpital Général Douala,O+,37,5,0,32,4.2,28,96.8,normale,Attention: proche expiration,3,2,4,False,False,normal,orageux
2022-04-29 00:41:05,Hôpital Général Douala,A+,28,6,0,22,4.4,4,81.8,normale,Parfait pour transfusion immédiate,4,0,4,False,False,normal,nuageux
2022-04-29 17:41:57,Hôpital Général Douala,O+,44,11,21,54,5.1,37,99.1,normale,Parfait pour transfusion immédiate,4,17,4,False,False,normal,pluvieux
2022-04-30 17:34:11,Hôpital Général Douala,B-,37,2,0,35,3.1,24,92.8,normale,"Excellent état, conservation parfaite",5,17,4,True,False,normal,nuageux
2022-04-30 18:53:13,Hôpital Général Douala,O+,30,0,0,30,3.7,22,95.6,normale,Parfait pour transfusion immédiate,5,18,4,True,False,normal,pluvieux
2022-05-01 01:04:58,Hôpital Général Douala,A-,17,7,0,10,4.3,3,81.9,faible,Contrôle bactériologique négatif,6,1,5,True,False,normal,pluvieux
2022-05-01 05:37:19,Hôpital Général Douala,O+,25,7,0,18,3.6,5,100.0,faible,Urgent: vérifier température stockage,6,5,5,True,False,normal,pluvieux
2022-05-01 05:47:14,Hôpital Général Douala,A+,20,6,0,14,3.7,50,94.5,faible,Contrôle bactériologique négatif,6,5,5,True,False,normal,pluvieux
2022-05-01 08:23:14,Hôpital Général Douala,O+,28,7,16,37,4.6,12,100.0,normale,Parfait pour transfusion immédiate,6,8,5,True,False,normal,pluvieux
2022-05-02 05:02:37,Hôpital Général Douala,A+,10,3,0,7,4.1,11,97.3,critique,URGENT: Stock critique - Contrôle bactériologique négatif,0,5,5,False,False,normal,pluvieux
2022-05-02 06:02:50,Hôpital Général Douala,A+,39,11,0,28,3.7,1,67.5,attention,Attention: proche expiration,0,6,5,False,False,normal,nuageux
2022-05-03 06:19:17,Hôpital Général Douala,A+,49,4,17,62,2.9,1,52.0,attention,Contrôle bactériologique négatif,1,6,5,False,False,normal,pluvieux
2022-05-03 06:58:59,Hôpital Général Douala,A+,35,4,0,31,3.2,1,62.0,attention,Urgent: vérifier température stockage,1,6,5,False,False,normal,pluvieux
2022-05-03 11:42:44,Hôpital Général Douala,O+,43,7,20,56,4.0,4,86.1,normale,Attention: proche expiration,1,11,5,False,False,normal,ensoleillé
2022-05-03 16:14:06,Hôpital Général Douala,AB+,67,8,21,80,4.8,33,95.4,normale,Attention: proche expiration,1,16,5,False,False,normal,ensoleillé
2022-05-04 01:26:40,Hôpital Général Douala,O+,46,4,0,42,4.0,23,96.6,normale,Hémoglobine dans les normes,2,1,5,False,False,normal,ensoleillé
2022-05-04 04:43:53,Hôpital Général Douala,O+,31,4,0,27,4.3,10,89.4,normale,"État satisfaisant, contrôle qualité OK",2,4,5,False,False,normal,ensoleillé
2022-05-04 14:55:06,Hôpital Général Douala,AB+,42,7,0,35,3.5,68,91.9,normale,Hémoglobine dans les normes,2,14,5,False,False,normal,ensoleillé
2022-05-05 17:30:30,Hôpital Général Douala,B+,39,6,0,33,3.4,36,100.0,normale,Hémoglobine dans les normes,3,17,5,False,False,normal,pluvieux
2022-05-05 23:28:37,Hôpital Général Douala,O-,27,8,0,19,3.3,10,94.4,faible,Parfait pour transfusion immédiate,3,23,5,False,False,normal,pluvieux
2022-05-06 05:50:53,Hôpital Général Douala,A+,21,13,0,8,3.4,22,100.0,critique,URGENT: Stock critique - Contrôle bactériologique négatif,4,5,5,False,False,normal,ensoleillé
2022-05-06 07:30:23,Hôpital Général Douala,O+,42,6,20,56,3.3,23,100.0,normale,Hémoglobine dans les normes,4,7,5,False,False,normal,ensoleillé
2022-05-06 11:29:32,Hôpital Général Douala,O+,30,7,22,45,4.3,27,97.4,normale,Urgent: vérifier température stockage,4,11,5,False,False,normal,ensoleillé
2022-05-06 19:16:58,Hôpital Général Douala,O-,53,8,16,61,4.7,39,100.0,normale,Parfait pour transfusion immédiate,4,19,5,False,False,normal,pluvieux
2022-05-07 11:41:32,Hôpital Général Douala,O-,50,7,18,61,3.6,18,95.9,normale,Urgent: vérifier température stockage,5,11,5,True,False,normal,pluvieux
2022-05-07 15:05:00,Hôpital Général Douala,A+,44,6,0,38,3.6,16,94.7,normale,"État satisfaisant, contrôle qualité OK",5,15,5,True,False,normal,nuageux
2022-05-08 19:19:49,Hôpital Général Douala,O-,47,2,0,45,4.7,14,100.0,normale,Contrôle bactériologique négatif,6,19,5,True,False,normal,pluvieux
2022-05-08 23:27:53,Hôpital Général Douala,O+,15,8,0,7,3.9,4,86.3,critique,URGENT: Stock critique - Parfait pour transfusion immédiate,6,23,5,True,False,normal,nuageux
2022-05-09 03:56:13,Hôpital Général Douala,O+,41,11,0,30,2.9,11,100.0,normale,Urgent: vérifier température stockage,0,3,5,False,False,épidémie,nuageux
2022-05-09 13:36:40,Hôpital Général Douala,A+,46,15,13,44,4.7,1,60.3,attention,Hémoglobine dans les normes,0,13,5,False,False,normal,pluvieux
2022-05-09 19:32:52,Hôpital Général Douala,O+,92,9,0,83,3.4,2,88.3,normale,Hémoglobine dans les normes,0,19,5,False,False,normal,pluvieux
2022-05-09 22:07:17,Hôpital Général Douala,A+,60,7,0,53,3.6,32,100.0,normale,"Bon état général, légère variation température",0,22,5,False,False,normal,nuageux
2022-05-10 10:29:01,Hôpital Général Douala,O+,31,9,20,42,3.5,34,100.0,normale,Contrôle bactériologique négatif,1,10,5,False,False,normal,ensoleillé
2022-05-10 12:58:51,Hôpital Général Douala,AB+,39,8,0,31,4.7,3,85.7,normale,Urgent: vérifier température stockage,1,12,5,False,False,normal,ensoleillé
2022-05-11 07:48:58,Hôpital Général Douala,O-,43,10,15,48,4.7,50,94.6,normale,Contrôle bactériologique négatif,2,7,5,False,False,urgence_médicale,ensoleillé
2022-05-11 16:06:08,Hôpital Général Douala,O+,55,7,12,60,3.4,3,84.5,normale,"État satisfaisant, contrôle qualité OK",2,16,5,False,False,accident_route,ensoleillé
2022-05-12 01:13:43,Hôpital Général Douala,A+,44,3,13,54,4.2,16,90.3,normale,"Excellent état, conservation parfaite",3,1,5,False,False,normal,pluvieux
2022-05-12 19:16:36,Hôpital Général Douala,O+,50,6,0,44,4.0,40,95.7,normale,"État satisfaisant, contrôle qualité OK",3,19,5,False,False,normal,ensoleillé
2022-05-13 00:46:51,Hôpital Général Douala,B+,19,8,0,11,4.1,22,100.0,faible,Attention: proche expiration,4,0,5,False,False,normal,ensoleillé
2022-05-13 11:35:43,Hôpital Général Douala,A+,55,2,0,53,3.5,11,96.4,normale,"Excellent état, conservation parfaite",4,11,5,False,False,normal,ensoleillé
2022-05-13 13:52:50,Hôpital Général Douala,B+,58,10,0,48,4.3,4,78.4,normale,"Bon état général, légère variation température",4,13,5,False,False,normal,pluvieux
2022-05-14 02:49:17,Hôpital Général Douala,A+,12,5,0,7,3.5,23,100.0,critique,"URGENT: Stock critique - Excellent état, conservation parfaite",5,2,5,True,False,normal,pluvieux
2022-05-14 10:05:21,Hôpital Général Douala,AB+,52,5,0,47,4.3,2,88.4,normale,Contrôle bactériologique négatif,5,10,5,True,False,normal,ensoleillé
2022-05-15 00:08:45,Hôpital Général Douala,B-,20,6,0,14,3.3,6,100.0,faible,Contrôle bactériologique négatif,6,0,5,True,False,normal,nuageux
2022-05-15 04:40:19,Hôpital Général Douala,B-,17,8,0,9,3.3,7,96.4,critique,"URGENT: Stock critique - État satisfaisant, contrôle qualité OK",6,4,5,True,False,normal,ensoleillé
2022-05-15 12:41:39,Hôpital Général Douala,B-,34,9,0,25,4.4,7,100.0,normale,"Excellent état, conservation parfaite",6,12,5,True,False,normal,orageux
2022-05-15 16:35:55,Hôpital Général Douala,O+,23,6,27,44,3.6,1,56.8,attention,"Excellent état, conservation parfaite",6,16,5,True,False,normal,nuageux
2022-05-15 17:17:54,Hôpital Général Douala,O+,45,6,0,39,3.8,16,91.9,normale,Urgent: vérifier température stockage,6,17,5,True,False,normal,pluvieux
2022-05-15 18:15:22,Hôpital Général Douala,B+,45,8,0,37,4.1,19,98.2,normale,Parfait pour transfusion immédiate,6,18,5,True,False,campagne_don,ensoleillé
2022-05-15 21:04:32,Hôpital Général Douala,O+,29,4,0,25,3.2,3,81.3,normale,Attention: proche expiration,6,21,5,True,False,normal,pluvieux
2022-05-15 23:46:33,Hôpital Général Douala,A-,20,5,0,15,4.4,21,95.3,faible,"État satisfaisant, contrôle qualité OK",6,23,5,True,False,normal,ensoleillé
2022-05-16 04:06:17,Hôpital Général Douala,A+,17,7,0,10,3.2,6,99.1,faible,"Bon état général, légère variation température",0,4,5,False,False,normal,pluvieux
2022-05-16 08:11:04,Hôpital Général Douala,A+,55,7,0,48,2.7,13,97.5,normale,"État satisfaisant, contrôle qualité OK",0,8,5,False,False,normal,ensoleillé
2022-05-17 14:46:57,Hôpital Général Douala,O+,50,4,0,46,4.7,12,100.0,normale,Attention: proche expiration,1,14,5,False,False,normal,pluvieux
2022-05-17 18:44:55,Hôpital Général Douala,O+,50,2,0,48,4.4,1,64.9,attention,Parfait pour transfusion immédiate,1,18,5,False,False,normal,pluvieux
2022-05-17 22:54:51,Hôpital Général Douala,O+,54,9,13,58,3.8,53,100.0,normale,Attention: proche expiration,1,22,5,False,False,normal,pluvieux
2022-05-19 02:40:08,Hôpital Général Douala,A+,5,4,0,1,4.7,18,98.3,critique,URGENT: Stock critique - Hémoglobine dans les normes,3,2,5,False,False,normal,pluvieux
2022-05-20 00:04:24,Hôpital Général Douala,O+,19,11,0,8,4.0,6,99.0,critique,"URGENT: Stock critique - Bon état général, légère variation température",4,0,5,False,False,normal,ensoleillé
2022-05-20 03:30:29,Hôpital Général Douala,B+,23,12,15,26,2.6,28,93.8,normale,"Bon état général, légère variation température",4,3,5,False,False,normal,ensoleillé
2022-05-20 07:31:30,Hôpital Général Douala,B+,63,5,0,58,4.0,32,100.0,normale,Contrôle bactériologique négatif,4,7,5,False,False,normal,ensoleillé
2022-05-20 09:01:58,Hôpital Général Douala,B+,63,9,0,54,4.2,18,100.0,normale,Hémoglobine dans les normes,4,9,5,False,False,normal,ensoleillé
2022-05-22 16:18:58,Hôpital Général Douala,O+,46,7,20,59,3.0,48,94.0,normale,"Excellent état, conservation parfaite",6,16,5,True,False,normal,ensoleillé
2022-05-23 20:23:57,Hôpital Général Douala,O+,52,5,0,47,3.5,7,100.0,normale,"État satisfaisant, contrôle qualité OK",0,20,5,False,False,normal,orageux
2022-05-24 07:15:56,Hôpital Général Douala,B+,63,7,0,56,4.8,4,94.5,normale,"Bon état général, légère variation température",1,7,5,False,False,normal,orageux
2022-05-24 12:34:16,Hôpital Général Douala,AB+,55,5,0,50,4.7,7,96.2,normale,Attention: proche expiration,1,12,5,False,False,normal,ensoleillé
2022-05-24 14:26:08,Hôpital Général Douala,A+,41,7,0,34,3.8,46,90.0,normale,Contrôle bactériologique négatif,1,14,5,False,False,normal,ensoleillé
2022-05-25 02:36:35,Hôpital Général Douala,B-,13,11,0,2,3.8,8,100.0,critique,URGENT: Stock critique - Urgent: vérifier température stockage,2,2,5,False,False,normal,pluvieux
2022-05-26 02:31:31,Hôpital Général Douala,A+,16,11,0,5,4.3,14,100.0,critique,"URGENT: Stock critique - Bon état général, légère variation température",3,2,5,False,False,normal,pluvieux
2022-05-26 05:11:02,Hôpital Général Douala,A+,41,10,32,63,4.0,28,100.0,normale,Attention: proche expiration,3,5,5,False,False,normal,nuageux
2022-05-26 05:29:45,Hôpital Général Douala,A+,28,8,0,20,4.1,23,100.0,normale,"Excellent état, conservation parfaite",3,5,5,False,False,campagne_don,pluvieux
2022-05-26 16:03:44,Hôpital Général Douala,O+,51,0,0,51,4.6,79,93.7,normale,Attention: proche expiration,3,16,5,False,False,normal,pluvieux
2022-05-27 04:48:09,Hôpital Général Douala,A+,39,3,24,60,4.9,33,100.0,normale,Attention: proche expiration,4,4,5,False,False,normal,nuageux
2022-05-27 12:44:06,Hôpital Général Douala,A-,51,8,13,56,3.9,11,83.9,normale,Parfait pour transfusion immédiate,4,12,5,False,False,normal,ensoleillé
2022-05-27 19:36:25,Hôpital Général Douala,O+,45,7,0,38,4.6,22,98.8,normale,Hémoglobine dans les normes,4,19,5,False,False,normal,nuageux
2022-05-27 20:20:46,Hôpital Général Douala,AB+,46,3,0,43,4.7,10,100.0,normale,"Bon état général, légère variation température",4,20,5,False,False,normal,ensoleillé
2022-05-28 21:29:53,Hôpital Général Douala,O-,43,5,18,56,4.8,12,96.2,normale,Hémoglobine dans les normes,5,21,5,True,False,normal,nuageux
2022-05-28 22:59:10,Hôpital Général Douala,B+,25,4,0,21,4.0,79,100.0,normale,"État satisfaisant, contrôle qualité OK",5,22,5,True,False,normal,nuageux
2022-05-30 01:52:22,Hôpital Général Douala,A+,15,7,0,8,4.2,1,48.6,critique,URGENT: Stock critique - Contrôle bactériologique négatif,0,1,5,False,False,normal,ensoleillé
2022-05-30 17:22:15,Hôpital Général Douala,A+,64,6,0,58,3.9,87,95.1,normale,"Bon état général, légère variation température",0,17,5,False,False,normal,ensoleillé
2022-05-30 21:08:02,Hôpital Général Douala,A+,41,3,0,38,4.4,12,99.5,normale,Hémoglobine dans les normes,0,21,5,False,False,normal,pluvieux
2022-05-30 23:30:33,Hôpital Général Douala,O+,29,11,0,18,4.2,19,98.3,faible,Attention: proche expiration,0,23,5,False,False,normal,nuageux
2022-05-31 00:12:00,Hôpital Général Douala,O+,31,5,0,26,3.1,2,87.6,normale,Attention: proche expiration,1,0,5,False,False,normal,pluvieux
2022-05-31 19:18:36,Hôpital Général Douala,A-,71,5,0,66,5.4,18,100.0,normale,"État satisfaisant, contrôle qualité OK",1,19,5,False,False,normal,ensoleillé
2022-06-01 00:48:41,Hôpital Général Douala,A+,28,8,0,20,4.5,2,85.5,normale,Hémoglobine dans les normes,2,0,6,False,False,normal,nuageux
2022-06-01 06:20:16,Hôpital Général Douala,A+,39,3,0,36,3.5,7,100.0,normale,Hémoglobine dans les normes,2,6,6,False,False,normal,orageux
2022-06-03 01:43:50,Hôpital Général Douala,O-,37,6,0,31,3.5,1,63.2,attention,Attention: proche expiration,4,1,6,False,False,normal,pluvieux
2022-06-03 21:00:38,Hôpital Général Douala,B+,38,5,0,33,4.0,9,100.0,normale,Contrôle bactériologique négatif,4,21,6,False,False,normal,ensoleillé
2022-06-04 22:07:43,Hôpital Général Douala,O+,35,5,20,50,4.2,5,90.9,normale,"État satisfaisant, contrôle qualité OK",5,22,6,True,False,normal,ensoleillé
2022-06-05 02:24:07,Hôpital Général Douala,A+,22,7,0,15,3.6,11,100.0,faible,"Excellent état, conservation parfaite",6,2,6,True,False,normal,nuageux
2022-06-05 02:38:07,Hôpital Général Douala,O+,25,7,0,18,3.9,8,96.7,faible,"Excellent état, conservation parfaite",6,2,6,True,False,normal,orageux
2022-06-05 06:27:04,Hôpital Général Douala,O-,39,8,25,56,3.6,14,100.0,normale,Attention: proche expiration,6,6,6,True,False,normal,nuageux
2022-06-05 18:37:32,Hôpital Général Douala,O+,24,6,0,18,3.9,10,100.0,faible,Hémoglobine dans les normes,6,18,6,True,False,épidémie,ensoleillé
2022-06-05 20:46:53,Hôpital Général Douala,A+,31,5,0,26,4.5,9,99.3,normale,"État satisfaisant, contrôle qualité OK",6,20,6,True,False,normal,pluvieux
2022-06-05 21:49:05,Hôpital Général Douala,O+,31,5,20,46,3.7,2,75.9,normale,Contrôle bactériologique négatif,6,21,6,True,False,normal,ensoleillé
2022-06-07 03:29:04,Hôpital Général Douala,O+,20,11,0,9,3.8,24,91.4,critique,"URGENT: Stock critique - État satisfaisant, contrôle qualité OK",1,3,6,False,False,normal,ensoleillé
2022-06-07 11:50:33,Hôpital Général Douala,A+,45,0,0,45,4.5,16,96.5,normale,"Excellent état, conservation parfaite",1,11,6,False,False,normal,ensoleillé
2022-06-08 11:15:52,Hôpital Général Douala,O+,13,8,27,32,3.7,21,98.1,normale,Urgent: vérifier température stockage,2,11,6,False,False,normal,pluvieux
2022-06-08 15:36:38,Hôpital Général Douala,O+,30,9,22,43,4.6,6,97.3,normale,"Bon état général, légère variation température",2,15,6,False,False,normal,ensoleillé
2022-06-08 15:40:02,Hôpital Général Douala,O+,50,6,17,61,3.0,1,65.9,attention,"Bon état général, légère variation température",2,15,6,False,False,normal,nuageux
2022-06-08 20:24:04,Hôpital Général Douala,O+,48,11,0,37,3.9,4,91.1,normale,Urgent: vérifier température stockage,2,20,6,False,False,normal,ensoleillé
2022-06-09 14:42:10,Hôpital Général Douala,O+,26,10,0,16,3.8,1,61.7,faible,"Bon état général, légère variation température",3,14,6,False,False,normal,nuageux
2022-06-09 15:44:18,Hôpital Général Douala,A+,36,5,22,53,3.7,2,86.3,normale,"Bon état général, légère variation température",3,15,6,False,False,normal,ensoleillé
2022-06-09 20:06:02,Hôpital Général Douala,A-,44,6,0,38,4.0,2,89.9,normale,Hémoglobine dans les normes,3,20,6,False,False,campagne_don,pluvieux
2022-06-10 01:38:23,Hôpital Général Douala,O+,15,9,0,6,4.5,1,57.8,critique,"URGENT: Stock critique - Excellent état, conservation parfaite",4,1,6,False,False,épidémie,orageux
2022-06-10 15:40:20,Hôpital Général Douala,A+,60,11,28,77,3.7,12,99.9,normale,Hémoglobine dans les normes,4,15,6,False,False,normal,ensoleillé
2022-06-10 21:29:21,Hôpital Général Douala,B+,45,10,18,53,5.5,29,100.0,normale,"État satisfaisant, contrôle qualité OK",4,21,6,False,False,normal,nuageux
2022-06-10 23:56:17,Hôpital Général Douala,A+,26,7,0,19,3.3,10,100.0,faible,Parfait pour transfusion immédiate,4,23,6,False,False,normal,ensoleillé
2022-06-11 06:38:43,Hôpital Général Douala,O-,44,4,13,53,3.8,1,59.3,attention,Parfait pour transfusion immédiate,5,6,6,True,False,normal,ensoleillé
2022-06-11 09:26:50,Hôpital Général Douala,A+,58,4,0,54,3.7,7,99.0,normale,Attention: proche expiration,5,9,6,True,False,normal,pluvieux
2022-06-11 21:44:10,Hôpital Général Douala,B+,37,6,0,31,4.8,34,87.5,normale,Attention: proche expiration,5,21,6,True,False,normal,pluvieux
2022-06-12 08:59:33,Hôpital Général Douala,B+,39,4,0,35,4.7,47,100.0,normale,Urgent: vérifier température stockage,6,8,6,True,False,normal,nuageux
2022-06-12 22:50:35,Hôpital Général Douala,A+,38,1,0,37,3.8,25,100.0,normale,"Bon état général, légère variation température",6,22,6,True,False,urgence_médicale,ensoleillé
2022-06-13 00:24:45,Hôpital Général Douala,A+,34,5,0,29,3.8,31,100.0,normale,Contrôle bactériologique négatif,0,0,6,False,False,normal,ensoleillé
2022-06-13 03:40:10,Hôpital Général Douala,A+,26,3,16,39,3.8,52,100.0,normale,Parfait pour transfusion immédiate,0,3,6,False,False,normal,ensoleillé
2022-06-14 17:56:20,Hôpital Général Douala,O+,40,2,0,38,3.1,7,98.8,normale,Urgent: vérifier température stockage,1,17,6,False,False,normal,pluvieux
2022-06-15 13:29:03,Hôpital Général Douala,O+,43,10,24,57,4.0,15,98.6,normale,Urgent: vérifier température stockage,2,13,6,False,False,épidémie,pluvieux
2022-06-16 00:32:18,Hôpital Général Douala,A+,17,4,15,28,3.9,6,100.0,normale,"Bon état général, légère variation température",3,0,6,False,False,normal,orageux
2022-06-16 04:22:14,Hôpital Général Douala,O+,32,8,0,24,3.3,1,62.0,attention,Urgent: vérifier température stockage,3,4,6,False,False,normal,ensoleillé
2022-06-16 05:00:11,Hôpital Général Douala,O+,18,9,0,9,4.0,13,98.0,critique,URGENT: Stock critique - Urgent: vérifier température stockage,3,5,6,False,False,normal,ensoleillé
2022-06-16 08:50:26,Hôpital Général Douala,B+,37,13,13,37,4.3,3,89.3,normale,Urgent: vérifier température stockage,3,8,6,False,False,normal,pluvieux
2022-06-17 10:29:48,Hôpital Général Douala,O-,39,5,0,34,4.2,7,96.6,normale,Hémoglobine dans les normes,4,10,6,False,False,normal,nuageux
2022-06-18 09:54:20,Hôpital Général Douala,B-,41,5,0,36,4.4,19,98.5,normale,Attention: proche expiration,5,9,6,True,False,normal,ensoleillé
2022-06-18 16:40:45,Hôpital Général Douala,O+,35,6,0,29,3.0,4,85.4,normale,Hémoglobine dans les normes,5,16,6,True,False,normal,pluvieux
2022-06-18 21:19:28,Hôpital Général Douala,A+,31,6,0,25,4.7,9,91.7,normale,Parfait pour transfusion immédiate,5,21,6,True,False,normal,orageux
2022-06-19 00:34:38,Hôpital Général Douala,A+,18,3,0,15,4.1,28,96.3,faible,"Bon état général, légère variation température",6,0,6,True,False,normal,pluvieux
2022-06-19 17:55:00,Hôpital Général Douala,O+,39,4,26,61,4.5,1,64.5,attention,"État satisfaisant, contrôle qualité OK",6,17,6,True,False,normal,ensoleillé
2022-06-20 10:07:42,Hôpital Général Douala,A+,38,3,0,35,3.1,62,100.0,normale,"État satisfaisant, contrôle qualité OK",0,10,6,False,False,normal,pluvieux
2022-06-20 10:13:00,Hôpital Général Douala,A+,36,7,17,46,4.8,3,86.9,normale,Hémoglobine dans les normes,0,10,6,False,False,normal,ensoleillé
2022-06-21 03:53:51,Hôpital Général Douala,O+,15,0,0,15,3.6,3,82.8,faible,Parfait pour transfusion immédiate,1,3,6,False,False,normal,pluvieux
2022-06-21 06:45:41,Hôpital Général Douala,A+,34,3,0,31,3.2,10,92.8,normale,Attention: proche expiration,1,6,6,False,False,normal,ensoleillé
2022-06-21 06:58:04,Hôpital Général Douala,B+,47,11,17,53,3.9,16,100.0,normale,"État satisfaisant, contrôle qualité OK",1,6,6,False,False,normal,ensoleillé
2022-06-21 11:57:27,Hôpital Général Douala,A+,51,5,16,62,4.9,15,97.5,normale,"État satisfaisant, contrôle qualité OK",1,11,6,False,False,normal,nuageux
2022-06-21 16:32:07,Hôpital Général Douala,A+,49,10,0,39,4.5,32,95.0,normale,Parfait pour transfusion immédiate,1,16,6,False,False,normal,nuageux
2022-06-21 22:16:59,Hôpital Général Douala,O+,67,11,0,56,3.2,14,97.9,normale,"État satisfaisant, contrôle qualité OK",1,22,6,False,False,normal,nuageux
2022-06-22 01:32:18,Hôpital Général Douala,O-,23,8,14,29,4.9,13,92.1,normale,Attention: proche expiration,2,1,6,False,False,normal,ensoleillé
2022-06-22 13:03:41,Hôpital Général Douala,A+,67,10,0,57,4.4,28,96.6,normale,Urgent: vérifier température stockage,2,13,6,False,False,normal,pluvieux
2022-06-24 03:48:14,Hôpital Général Douala,A+,31,10,0,21,3.3,21,100.0,normale,Urgent: vérifier température stockage,4,3,6,False,False,normal,orageux
2022-06-24 05:39:11,Hôpital Général Douala,O+,25,6,0,19,3.7,1,61.6,faible,Parfait pour transfusion immédiate,4,5,6,False,False,normal,nuageux
2022-06-24 12:39:43,Hôpital Général Douala,O+,60,9,0,51,3.6,27,98.7,normale,Contrôle bactériologique négatif,4,12,6,False,False,normal,nuageux
2022-06-25 04:31:43,Hôpital Général Douala,O-,22,1,24,45,5.2,1,56.2,attention,"Excellent état, conservation parfaite",5,4,6,True,False,normal,ensoleillé
2022-06-25 05:10:00,Hôpital Général Douala,O+,20,4,0,16,4.0,8,100.0,faible,"État satisfaisant, contrôle qualité OK",5,5,6,True,False,normal,pluvieux
2022-06-25 05:45:45,Hôpital Général Douala,A+,20,3,20,37,4.0,7,93.7,normale,"État satisfaisant, contrôle qualité OK",5,5,6,True,False,normal,ensoleillé
2022-06-25 06:49:27,Hôpital Général Douala,O+,24,6,10,28,3.6,4,79.9,normale,Parfait pour transfusion immédiate,5,6,6,True,False,normal,ensoleillé
2022-06-25 10:17:03,Hôpital Général Douala,B-,38,1,20,57,3.9,34,99.7,normale,"Bon état général, légère variation température",5,10,6,True,False,normal,ensoleillé
2022-06-25 10:35:09,Hôpital Général Douala,O+,37,7,0,30,3.3,20,98.7,normale,Attention: proche expiration,5,10,6,True,False,normal,pluvieux
2022-06-25 15:54:39,Hôpital Général Douala,A-,39,6,21,54,4.1,52,100.0,normale,Urgent: vérifier température stockage,5,15,6,True,False,normal,ensoleillé
2022-06-25 23:04:06,Hôpital Général Douala,O+,15,8,0,7,4.4,55,100.0,critique,URGENT: Stock critique - Parfait pour transfusion immédiate,5,23,6,True,False,normal,ensoleillé
2022-06-26 16:39:05,Hôpital Général Douala,A+,40,6,16,50,4.1,33,100.0,normale,"Bon état général, légère variation température",6,16,6,True,False,normal,ensoleillé
2022-06-27 04:48:28,Hôpital Général Douala,A+,41,8,18,51,3.9,7,100.0,normale,Urgent: vérifier température stockage,0,4,6,False,False,normal,ensoleillé
2022-06-27 19:27:37,Hôpital Général Douala,B+,16,7,0,9,4.5,22,94.1,critique,"URGENT: Stock critique - État satisfaisant, contrôle qualité OK",0,19,6,False,False,normal,pluvieux
2022-06-28 09:57:40,Hôpital Général Douala,B+,48,4,0,44,4.4,1,55.8,attention,Attention: proche expiration,1,9,6,False,False,normal,pluvieux
2022-06-28 15:51:28,Hôpital Général Douala,B-,73,7,23,89,3.9,2,82.6,normale,"Excellent état, conservation parfaite",1,15,6,False,False,normal,orageux
2022-06-29 08:29:58,Hôpital Général Douala,A+,58,4,26,80,4.3,3,82.7,normale,Hémoglobine dans les normes,2,8,6,False,False,normal,ensoleillé
2022-06-29 10:29:15,Hôpital Général Douala,O+,41,6,0,35,3.6,2,95.6,normale,Urgent: vérifier température stockage,2,10,6,False,False,normal,pluvieux
2022-06-29 13:17:43,Hôpital Général Douala,O+,47,4,0,43,4.8,17,100.0,normale,Urgent: vérifier température stockage,2,13,6,False,False,normal,ensoleillé
2022-06-29 18:13:52,Hôpital Général Douala,O+,55,5,0,50,4.5,4,81.0,normale,Contrôle bactériologique négatif,2,18,6,False,False,normal,pluvieux
2022-06-30 00:07:53,Hôpital Général Douala,A+,40,7,20,53,4.1,31,100.0,normale,Urgent: vérifier température stockage,3,0,6,False,False,normal,ensoleillé
2022-06-30 08:18:22,Hôpital Général Douala,A+,45,7,0,38,3.5,48,94.1,normale,Urgent: vérifier température stockage,3,8,6,False,False,normal,ensoleillé
2022-06-30 10:54:32,Hôpital Général Douala,A+,73,10,0,63,4.5,21,94.9,normale,"Bon état général, légère variation température",3,10,6,False,False,normal,ensoleillé
2022-06-30 14:21:15,Hôpital Général Douala,O+,40,10,0,30,3.9,25,96.9,normale,"Bon état général, légère variation température",3,14,6,False,False,normal,nuageux
2022-06-30 18:14:44,Hôpital Général Douala,O+,29,7,0,22,4.6,2,89.2,normale,"Bon état général, légère variation température",3,18,6,False,False,normal,ensoleillé
2022-06-30 20:23:17,Hôpital Général Douala,B+,12,8,28,32,4.2,17,92.6,normale,Parfait pour transfusion immédiate,3,20,6,False,False,normal,pluvieux
2022-06-30 23:19:32,Hôpital Général Douala,AB-,28,5,0,23,3.3,21,91.9,normale,Contrôle bactériologique négatif,3,23,6,False,False,normal,ensoleillé
2022-07-01 11:45:45,Hôpital Général Douala,O+,82,11,18,89,3.6,5,98.7,normale,Attention: proche expiration,4,11,7,False,True,normal,pluvieux
2022-07-01 14:45:22,Hôpital Général Douala,O+,49,8,0,41,3.3,27,100.0,normale,"Excellent état, conservation parfaite",4,14,7,False,True,normal,orageux
2022-07-02 03:29:42,Hôpital Général Douala,O+,35,4,0,31,3.4,2,83.5,normale,"Excellent état, conservation parfaite",5,3,7,True,True,normal,ensoleillé
2022-07-02 05:46:04,Hôpital Général Douala,O+,22,5,0,17,4.4,5,99.8,faible,"Excellent état, conservation parfaite",5,5,7,True,True,normal,ensoleillé
2022-07-02 10:16:04,Hôpital Général Douala,B+,44,4,0,40,4.0,6,93.2,normale,Parfait pour transfusion immédiate,5,10,7,True,True,normal,nuageux
2022-07-02 12:43:03,Hôpital Général Douala,O+,36,1,0,35,3.7,23,100.0,normale,Urgent: vérifier température stockage,5,12,7,True,True,normal,pluvieux
2022-07-03 09:46:44,Hôpital Général Douala,O-,40,8,0,32,4.1,10,100.0,normale,Urgent: vérifier température stockage,6,9,7,True,True,normal,ensoleillé
2022-07-03 11:00:37,Hôpital Général Douala,A-,18,11,0,7,3.7,33,98.6,critique,"URGENT: Stock critique - Excellent état, conservation parfaite",6,11,7,True,True,normal,ensoleillé
2022-07-03 11:10:33,Hôpital Général Douala,A+,22,7,0,15,3.9,75,100.0,faible,"Excellent état, conservation parfaite",6,11,7,True,True,normal,pluvieux
2022-07-03 17:37:57,Hôpital Général Douala,B+,38,0,0,38,3.9,10,93.8,normale,"État satisfaisant, contrôle qualité OK",6,17,7,True,True,normal,nuageux
2022-07-04 13:56:05,Hôpital Général Douala,O+,70,16,0,54,3.8,6,99.4,normale,Contrôle bactériologique négatif,0,13,7,False,True,normal,orageux
2022-07-05 11:39:28,Hôpital Général Douala,B+,61,10,0,51,4.0,3,90.8,normale,Urgent: vérifier température stockage,1,11,7,False,True,normal,ensoleillé
2022-07-06 01:45:21,Hôpital Général Douala,O+,38,8,18,48,4.5,6,92.0,normale,Parfait pour transfusion immédiate,2,1,7,False,True,normal,pluvieux
2022-07-07 02:32:56,Hôpital Général Douala,A-,38,13,0,25,4.7,17,100.0,normale,Attention: proche expiration,3,2,7,False,True,normal,pluvieux
2022-07-07 19:25:19,Hôpital Général Douala,A+,75,7,0,68,4.0,1,60.6,attention,Hémoglobine dans les normes,3,19,7,False,True,normal,nuageux
2022-07-07 23:36:05,Hôpital Général Douala,O+,13,10,0,3,3.4,25,100.0,critique,URGENT: Stock critique - Hémoglobine dans les normes,3,23,7,False,True,normal,orageux
2022-07-08 07:06:59,Hôpital Général Douala,O+,47,9,0,38,5.0,8,94.0,normale,Urgent: vérifier température stockage,4,7,7,False,True,normal,ensoleillé
2022-07-08 11:55:50,Hôpital Général Douala,A+,54,8,0,46,3.7,15,99.5,normale,Attention: proche expiration,4,11,7,False,True,normal,orageux
2022-07-08 17:47:48,Hôpital Général Douala,O+,73,14,0,59,3.8,19,100.0,normale,"Excellent état, conservation parfaite",4,17,7,False,True,normal,ensoleillé
2022-07-08 23:32:13,Hôpital Général Douala,A+,15,14,0,1,4.4,12,100.0,critique,URGENT: Stock critique - Attention: proche expiration,4,23,7,False,True,normal,nuageux
2022-07-09 09:56:38,Hôpital Général Douala,O-,42,5,13,50,4.2,10,100.0,normale,"État satisfaisant, contrôle qualité OK",5,9,7,True,True,normal,nuageux
2022-07-09 12:11:58,Hôpital Général Douala,B+,39,4,0,35,4.4,15,100.0,normale,"État satisfaisant, contrôle qualité OK",5,12,7,True,True,normal,pluvieux
2022-07-10 03:36:23,Hôpital Général Douala,O+,20,7,22,35,4.1,6,95.3,normale,"Bon état général, légère variation température",6,3,7,True,True,normal,ensoleillé
2022-07-10 04:11:44,Hôpital Général Douala,A+,24,4,0,20,4.0,2,81.8,normale,Attention: proche expiration,6,4,7,True,True,normal,ensoleillé
2022-07-11 10:09:24,Hôpital Général Douala,O+,73,11,16,78,4.6,7,100.0,normale,"Excellent état, conservation parfaite",0,10,7,False,True,normal,nuageux
2022-07-11 11:26:59,Hôpital Général Douala,A+,66,10,0,56,4.3,3,93.3,normale,"Excellent état, conservation parfaite",0,11,7,False,True,normal,pluvieux
2022-07-11 13:58:01,Hôpital Général Douala,A+,39,8,0,31,4.0,25,99.3,normale,Hémoglobine dans les normes,0,13,7,False,True,normal,pluvieux
2022-07-11 16:23:03,Hôpital Général Douala,O+,58,10,0,48,4.4,5,96.0,normale,Parfait pour transfusion immédiate,0,16,7,False,True,normal,nuageux
2022-07-11 23:26:13,Hôpital Général Douala,O+,42,10,0,32,4.0,12,91.1,normale,"Excellent état, conservation parfaite",0,23,7,False,True,normal,nuageux
2022-07-12 11:04:22,Hôpital Général Douala,A+,54,8,0,46,3.6,52,100.0,normale,"Excellent état, conservation parfaite",1,11,7,False,True,normal,orageux
2022-07-12 13:17:44,Hôpital Général Douala,B+,79,7,0,72,3.5,1,63.3,attention,Urgent: vérifier température stockage,1,13,7,False,True,normal,orageux
2022-07-12 19:30:23,Hôpital Général Douala,A+,41,13,0,28,4.0,27,97.1,normale,Attention: proche expiration,1,19,7,False,True,normal,ensoleillé
2022-07-13 03:17:24,Hôpital Général Douala,A+,23,9,0,14,3.7,36,100.0,faible,Contrôle bactériologique négatif,2,3,7,False,True,normal,ensoleillé
2022-07-14 01:40:13,Hôpital Général Douala,O+,30,5,0,25,4.2,15,100.0,normale,"Excellent état, conservation parfaite",3,1,7,False,True,normal,nuageux
2022-07-15 06:30:15,Hôpital Général Douala,A+,84,2,21,103,3.8,2,86.1,normale,Hémoglobine dans les normes,4,6,7,False,True,normal,ensoleillé
2022-07-15 15:41:01,Hôpital Général Douala,A-,58,2,0,56,4.8,55,94.5,normale,"Excellent état, conservation parfaite",4,15,7,False,True,normal,nuageux
2022-07-16 00:53:55,Hôpital Général Douala,O+,21,5,0,16,4.0,1,62.6,faible,Attention: proche expiration,5,0,7,True,True,normal,pluvieux
2022-07-16 01:03:20,Hôpital Général Douala,A+,16,3,0,13,5.0,1,60.9,faible,"Excellent état, conservation parfaite",5,1,7,True,True,normal,ensoleillé
2022-07-16 02:32:17,Hôpital Général Douala,A+,12,1,0,11,4.2,17,91.2,faible,"Excellent état, conservation parfaite",5,2,7,True,True,normal,pluvieux
2022-07-17 00:23:00,Hôpital Général Douala,A+,22,8,0,14,4.0,45,98.4,faible,Attention: proche expiration,6,0,7,True,True,normal,pluvieux
2022-07-17 12:18:11,Hôpital Général Douala,A-,59,10,26,75,3.7,44,96.9,normale,Urgent: vérifier température stockage,6,12,7,True,True,normal,nuageux
2022-07-17 15:25:34,Hôpital Général Douala,AB+,44,7,17,54,3.5,17,100.0,normale,"Excellent état, conservation parfaite",6,15,7,True,True,normal,ensoleillé
2022-07-18 10:03:05,Hôpital Général Douala,B+,72,12,0,60,4.7,4,84.9,normale,"Excellent état, conservation parfaite",0,10,7,False,True,normal,ensoleillé
2022-07-18 18:10:28,Hôpital Général Douala,A-,32,10,0,22,4.4,49,96.5,normale,Hémoglobine dans les normes,0,18,7,False,True,normal,ensoleillé
2022-07-18 18:46:04,Hôpital Général Douala,A+,40,12,0,28,4.1,24,100.0,normale,Attention: proche expiration,0,18,7,False,True,normal,pluvieux
2022-07-18 19:02:24,Hôpital Général Douala,A+,72,18,0,54,3.5,13,95.5,normale,Attention: proche expiration,0,19,7,False,True,normal,nuageux
2022-07-19 00:43:43,Hôpital Général Douala,A+,11,6,0,5,3.8,49,100.0,critique,"URGENT: Stock critique - État satisfaisant, contrôle qualité OK",1,0,7,False,True,normal,nuageux
2022-07-19 14:00:06,Hôpital Général Douala,O+,67,6,28,89,3.9,4,84.0,normale,"Excellent état, conservation parfaite",1,14,7,False,True,normal,orageux
2022-07-20 03:45:10,Hôpital Général Douala,O+,31,14,12,29,3.0,3,88.0,normale,Parfait pour transfusion immédiate,2,3,7,False,True,normal,ensoleillé
2022-07-20 07:49:10,Hôpital Général Douala,O+,53,11,0,42,3.7,49,90.6,normale,Hémoglobine dans les normes,2,7,7,False,True,normal,ensoleillé
2022-07-20 16:51:58,Hôpital Général Douala,O+,57,7,0,50,3.3,1,68.4,attention,Urgent: vérifier température stockage,2,16,7,False,True,normal,pluvieux
2022-07-21 17:10:23,Hôpital Général Douala,O+,37,11,0,26,3.2,1,67.2,attention,"État satisfaisant, contrôle qualité OK",3,17,7,False,True,normal,nuageux
2022-07-22 19:23:48,Hôpital Général Douala,O+,52,3,0,49,4.0,35,100.0,normale,Contrôle bactériologique négatif,4,19,7,False,True,normal,ensoleillé
2022-07-22 19:46:23,Hôpital Général Douala,O-,64,8,0,56,2.6,23,94.5,normale,"État satisfaisant, contrôle qualité OK",4,19,7,False,True,normal,ensoleillé
2022-07-23 04:49:02,Hôpital Général Douala,O+,6,8,0,0,5.1,2,88.8,critique,"URGENT: Stock critique - État satisfaisant, contrôle qualité OK",5,4,7,True,True,normal,ensoleillé
2022-07-23 07:52:15,Hôpital Général Douala,A+,20,4,0,16,3.7,74,97.0,faible,Contrôle bactériologique négatif,5,7,7,True,True,normal,orageux
2022-07-23 15:02:34,Hôpital Général Douala,A+,21,7,0,14,4.5,2,78.4,faible,"Bon état général, légère variation température",5,15,7,True,True,normal,ensoleillé
2022-07-23 18:37:18,Hôpital Général Douala,O-,50,6,0,44,4.2,1,57.3,attention,Parfait pour transfusion immédiate,5,18,7,True,True,normal,nuageux
2022-07-23 20:27:53,Hôpital Général Douala,O+,28,10,21,39,4.6,6,98.9,normale,"Bon état général, légère variation température",5,20,7,True,True,normal,nuageux
2022-07-23 23:41:15,Hôpital Général Douala,A+,26,7,19,38,4.7,4,80.2,normale,"Bon état général, légère variation température",5,23,7,True,True,normal,pluvieux
2022-07-24 06:18:27,Hôpital Général Douala,O+,20,7,0,13,5.0,1,59.7,faible,Hémoglobine dans les normes,6,6,7,True,True,normal,pluvieux
2022-07-24 14:08:49,Hôpital Général Douala,A+,36,4,0,32,4.5,1,57.9,attention,Attention: proche expiration,6,14,7,True,True,normal,ensoleillé
2022-07-25 07:58:25,Hôpital Général Douala,A+,42,8,0,34,4.7,9,100.0,normale,"Bon état général, légère variation température",0,7,7,False,True,normal,pluvieux
2022-07-25 09:51:54,Hôpital Général Douala,A+,36,5,0,31,3.6,10,93.7,normale,Attention: proche expiration,0,9,7,False,True,normal,orageux
2022-07-25 13:32:37,Hôpital Général Douala,AB+,67,5,21,83,3.8,9,96.9,normale,Contrôle bactériologique négatif,0,13,7,False,True,normal,orageux
2022-07-25 20:02:24,Hôpital Général Douala,A+,52,9,0,43,4.9,3,76.3,normale,"Bon état général, légère variation température",0,20,7,False,True,normal,ensoleillé
2022-07-25 21:00:49,Hôpital Général Douala,A+,66,9,18,75,3.9,1,63.1,attention,"État satisfaisant, contrôle qualité OK",0,21,7,False,True,normal,ensoleillé
2022-07-25 23:44:35,Hôpital Général Douala,B-,28,11,0,17,3.6,28,94.4,faible,Urgent: vérifier température stockage,0,23,7,False,True,normal,ensoleillé
2022-07-27 02:08:10,Hôpital Général Douala,A+,33,13,0,20,4.4,4,85.9,normale,"Excellent état, conservation parfaite",2,2,7,False,True,normal,orageux
2022-07-27 08:49:38,Hôpital Général Douala,A+,53,10,0,43,4.6,17,98.3,normale,Hémoglobine dans les normes,2,8,7,False,True,normal,ensoleillé
2022-07-27 08:50:08,Hôpital Général Douala,A+,50,9,0,41,3.4,6,100.0,normale,Contrôle bactériologique négatif,2,8,7,False,True,normal,ensoleillé
2022-07-27 10:52:39,Hôpital Général Douala,A+,55,7,0,48,4.0,7,94.8,normale,"État satisfaisant, contrôle qualité OK",2,10,7,False,True,normal,ensoleillé
2022-07-28 11:27:55,Hôpital Général Douala,A+,49,2,0,47,3.8,8,97.7,normale,Hémoglobine dans les normes,3,11,7,False,True,normal,ensoleillé
2022-07-28 12:29:12,Hôpital Général Douala,O+,64,15,0,49,3.5,4,81.9,normale,"État satisfaisant, contrôle qualité OK",3,12,7,False,True,normal,ensoleillé
2022-07-28 17:15:02,Hôpital Général Douala,O+,78,16,0,62,4.0,1,57.9,attention,Hémoglobine dans les normes,3,17,7,False,True,normal,ensoleillé
2022-07-29 11:28:13,Hôpital Général Douala,O+,42,15,0,27,4.1,42,98.8,normale,Parfait pour transfusion immédiate,4,11,7,False,True,normal,nuageux
2022-07-29 14:31:50,Hôpital Général Douala,A+,44,11,0,33,4.4,53,100.0,normale,"État satisfaisant, contrôle qualité OK",4,14,7,False,True,normal,pluvieux
2022-07-30 14:16:48,Hôpital Général Douala,O+,49,6,0,43,4.3,20,99.8,normale,Parfait pour transfusion immédiate,5,14,7,True,True,normal,ensoleillé
2022-07-30 23:23:28,Hôpital Général Douala,A+,23,8,15,30,4.3,3,86.6,normale,"Bon état général, légère variation température",5,23,7,True,True,normal,nuageux
2022-07-31 12:56:19,Hôpital Général Douala,B+,51,10,0,41,4.0,9,100.0,normale,Hémoglobine dans les normes,6,12,7,True,True,normal,pluvieux
2022-07-31 17:27:25,Hôpital Général Douala,A-,51,3,0,48,4.7,22,93.1,normale,Attention: proche expiration,6,17,7,True,True,normal,ensoleillé
2022-08-01 06:07:45,Hôpital Général Douala,A+,86,8,0,78,3.7,2,88.6,normale,"État satisfaisant, contrôle qualité OK",0,6,8,False,True,normal,nuageux
2022-08-02 06:52:02,Hôpital Général Douala,A-,58,9,22,71,4.2,1,64.9,attention,"Excellent état, conservation parfaite",1,6,8,False,True,normal,ensoleillé
2022-08-02 08:17:17,Hôpital Général Douala,O+,67,12,23,78,3.9,30,89.8,normale,Urgent: vérifier température stockage,1,8,8,False,True,normal,ensoleillé
2022-08-02 09:32:18,Hôpital Général Douala,A+,57,2,0,55,4.3,7,100.0,normale,"État satisfaisant, contrôle qualité OK",1,9,8,False,True,normal,nuageux
2022-08-04 09:27:29,Hôpital Général Douala,O-,70,12,0,58,3.4,23,100.0,normale,"État satisfaisant, contrôle qualité OK",3,9,8,False,True,normal,orageux
2022-08-04 09:41:07,Hôpital Général Douala,B+,82,5,0,77,4.0,25,90.7,normale,Attention: proche expiration,3,9,8,False,True,normal,nuageux
2022-08-04 18:02:42,Hôpital Général Douala,O+,43,14,0,29,3.7,11,96.2,normale,"État satisfaisant, contrôle qualité OK",3,18,8,False,True,normal,pluvieux
2022-08-04 20:56:16,Hôpital Général Douala,O+,42,13,0,29,3.5,7,100.0,normale,Parfait pour transfusion immédiate,3,20,8,False,True,normal,ensoleillé
2022-08-05 14:53:53,Hôpital Général Douala,A+,48,15,15,48,3.9,1,60.4,attention,"État satisfaisant, contrôle qualité OK",4,14,8,False,True,accident_route,nuageux
2022-08-06 06:44:03,Hôpital Général Douala,O+,45,5,20,60,4.3,28,93.4,normale,Hémoglobine dans les normes,5,6,8,True,True,normal,orageux
2022-08-06 17:10:24,Hôpital Général Douala,A+,48,7,0,41,4.1,17,95.6,normale,"Excellent état, conservation parfaite",5,17,8,True,True,normal,orageux
2022-08-06 22:50:26,Hôpital Général Douala,A+,33,5,0,28,4.3,19,88.5,normale,Parfait pour transfusion immédiate,5,22,8,True,True,normal,ensoleillé
2022-08-07 02:40:07,Hôpital Général Douala,O+,16,5,0,11,3.7,1,52.8,faible,"État satisfaisant, contrôle qualité OK",6,2,8,True,True,normal,ensoleillé
2022-08-07 12:51:44,Hôpital Général Douala,O+,48,8,0,40,4.3,1,61.2,attention,Attention: proche expiration,6,12,8,True,True,normal,ensoleillé
2022-08-07 14:00:26,Hôpital Général Douala,A+,19,3,0,16,3.3,2,83.1,faible,Hémoglobine dans les normes,6,14,8,True,True,normal,ensoleillé
2022-08-07 15:51:55,Hôpital Général Douala,B-,39,8,17,48,4.6,25,95.4,normale,Hémoglobine dans les normes,6,15,8,True,True,normal,ensoleillé
2022-08-07 15:58:13,Hôpital Général Douala,O+,27,3,0,24,3.9,16,100.0,normale,"Bon état général, légère variation température",6,15,8,True,True,normal,pluvieux
2022-08-08 02:59:46,Hôpital Général Douala,O+,19,13,21,27,4.5,26,100.0,normale,"Bon état général, légère variation température",0,2,8,False,True,normal,orageux
2022-08-08 04:45:41,Hôpital Général Douala,A+,25,8,20,37,4.1,39,98.5,normale,Contrôle bactériologique négatif,0,4,8,False,True,normal,pluvieux
2022-08-08 05:39:31,Hôpital Général Douala,A+,50,9,19,60,4.4,17,96.4,normale,"État satisfaisant, contrôle qualité OK",0,5,8,False,True,normal,pluvieux
2022-08-08 06:34:53,Hôpital Général Douala,A-,63,7,20,76,4.0,7,100.0,normale,"Excellent état, conservation parfaite",0,6,8,False,True,normal,nuageux
2022-08-08 16:18:52,Hôpital Général Douala,A+,49,4,17,62,3.7,1,55.8,attention,Attention: proche expiration,0,16,8,False,True,normal,ensoleillé
2022-08-09 00:05:48,Hôpital Général Douala,O+,48,8,0,40,4.1,17,100.0,normale,Contrôle bactériologique négatif,1,0,8,False,True,normal,ensoleillé
2022-08-09 00:29:33,Hôpital Général Douala,A+,25,0,0,25,2.9,69,100.0,normale,Parfait pour transfusion immédiate,1,0,8,False,True,normal,ensoleillé
2022-08-09 15:02:39,Hôpital Général Douala,O+,65,9,0,56,3.8,7,93.1,normale,Attention: proche expiration,1,15,8,False,True,normal,pluvieux
2022-08-09 22:18:00,Hôpital Général Douala,O+,54,9,0,45,4.0,3,82.6,normale,"État satisfaisant, contrôle qualité OK",1,22,8,False,True,normal,ensoleillé
2022-08-09 23:07:55,Hôpital Général Douala,O+,45,5,30,70,4.3,38,100.0,normale,Hémoglobine dans les normes,1,23,8,False,True,normal,pluvieux
2022-08-09 23:20:54,Hôpital Général Douala,A+,15,6,0,9,4.1,7,100.0,critique,URGENT: Stock critique - Parfait pour transfusion immédiate,1,23,8,False,True,normal,pluvieux
2022-08-10 11:20:29,Hôpital Général Douala,A+,89,11,18,96,3.5,1,65.9,attention,"Bon état général, légère variation température",2,11,8,False,True,normal,pluvieux
2022-08-10 13:22:54,Hôpital Général Douala,AB-,71,7,0,64,5.3,19,100.0,normale,Contrôle bactériologique négatif,2,13,8,False,True,normal,ensoleillé
2022-08-11 05:09:26,Hôpital Général Douala,B+,33,5,0,28,3.8,1,58.7,attention,"Bon état général, légère variation température",3,5,8,False,True,normal,pluvieux
2022-08-11 07:02:44,Hôpital Général Douala,A+,28,8,0,20,3.9,2,93.8,normale,Contrôle bactériologique négatif,3,7,8,False,True,normal,ensoleillé
2022-08-11 16:15:42,Hôpital Général Douala,AB+,92,15,25,102,3.9,23,100.0,normale,"Excellent état, conservation parfaite",3,16,8,False,True,normal,ensoleillé
2022-08-11 23:30:13,Hôpital Général Douala,A+,29,10,0,19,3.9,4,83.0,faible,Urgent: vérifier température stockage,3,23,8,False,True,normal,ensoleillé
2022-08-12 03:27:57,Hôpital Général Douala,O+,20,9,22,33,3.7,10,94.0,normale,Contrôle bactériologique négatif,4,3,8,False,True,normal,ensoleillé
2022-08-12 18:36:09,Hôpital Général Douala,A+,63,18,20,65,3.1,4,83.1,normale,Urgent: vérifier température stockage,4,18,8,False,True,normal,ensoleillé
2022-08-12 20:46:08,Hôpital Général Douala,O+,49,5,0,44,3.6,1,56.1,attention,"Excellent état, conservation parfaite",4,20,8,False,True,normal,pluvieux
2022-08-12 23:39:23,Hôpital Général Douala,A+,28,6,0,22,3.1,5,100.0,normale,"Excellent état, conservation parfaite",4,23,8,False,True,normal,nuageux
2022-08-13 01:29:12,Hôpital Général Douala,B+,24,6,0,18,4.2,1,62.1,faible,Urgent: vérifier température stockage,5,1,8,True,True,urgence_médicale,nuageux
2022-08-13 19:41:08,Hôpital Général Douala,A+,41,6,0,35,3.9,2,83.5,normale,Contrôle bactériologique négatif,5,19,8,True,True,normal,pluvieux
2022-08-13 19:59:04,Hôpital Général Douala,A+,41,10,18,49,3.5,10,96.0,normale,Hémoglobine dans les normes,5,19,8,True,True,normal,nuageux
2022-08-14 02:56:44,Hôpital Général Douala,AB-,32,3,0,29,3.9,19,95.5,normale,Urgent: vérifier température stockage,6,2,8,True,True,normal,nuageux
2022-08-14 05:13:16,Hôpital Général Douala,O+,18,6,25,37,5.1,9,97.6,normale,"Excellent état, conservation parfaite",6,5,8,True,True,normal,ensoleillé
2022-08-14 12:44:42,Hôpital Général Douala,B+,51,7,24,68,4.5,48,98.0,normale,"Excellent état, conservation parfaite",6,12,8,True,True,normal,nuageux
2022-08-14 16:33:53,Hôpital Général Douala,AB+,59,6,0,53,4.7,1,58.3,attention,"Bon état général, légère variation température",6,16,8,True,True,normal,ensoleillé
2022-08-15 05:28:00,Hôpital Général Douala,A+,22,10,0,12,4.3,5,96.3,faible,Parfait pour transfusion immédiate,0,5,8,False,True,normal,nuageux
2022-08-15 08:59:14,Hôpital Général Douala,AB-,63,7,0,56,3.7,1,63.8,attention,Urgent: vérifier température stockage,0,8,8,False,True,campagne_don,ensoleillé
2022-08-15 13:14:06,Hôpital Général Douala,A-,102,10,0,92,4.0,1,60.2,attention,"Bon état général, légère variation température",0,13,8,False,True,normal,nuageux
2022-08-16 00:12:08,Hôpital Général Douala,O+,27,11,0,16,4.5,16,100.0,faible,Attention: proche expiration,1,0,8,False,True,normal,nuageux
2022-08-16 17:14:21,Hôpital Général Douala,O+,61,14,0,47,3.4,26,100.0,normale,Hémoglobine dans les normes,1,17,8,False,True,normal,ensoleillé
2022-08-17 04:12:10,Hôpital Général Douala,O+,33,11,17,39,3.9,20,93.2,normale,Urgent: vérifier température stockage,2,4,8,False,True,normal,nuageux
2022-08-17 12:56:55,Hôpital Général Douala,B-,70,8,0,62,4.9,1,53.5,attention,Attention: proche expiration,2,12,8,False,True,normal,ensoleillé
2022-08-17 20:04:35,Hôpital Général Douala,A+,90,15,0,75,4.0,1,64.5,attention,"Bon état général, légère variation température",2,20,8,False,True,normal,ensoleillé
2022-08-17 21:52:41,Hôpital Général Douala,A+,54,9,16,61,4.2,16,96.5,normale,Attention: proche expiration,2,21,8,False,True,normal,ensoleillé
2022-08-18 01:17:32,Hôpital Général Douala,A+,27,10,0,17,3.9,3,81.9,faible,Attention: proche expiration,3,1,8,False,True,normal,nuageux
2022-08-18 03:53:58,Hôpital Général Douala,O+,20,14,0,6,4.8,3,82.4,critique,URGENT: Stock critique - Attention: proche expiration,3,3,8,False,True,normal,nuageux
2022-08-18 05:09:32,Hôpital Général Douala,B+,34,17,0,17,4.5,3,96.1,faible,Parfait pour transfusion immédiate,3,5,8,False,True,normal,ensoleillé
2022-08-18 06:46:59,Hôpital Général Douala,A-,20,8,0,12,4.1,27,100.0,faible,Contrôle bactériologique négatif,3,6,8,False,True,normal,ensoleillé
2022-08-18 15:24:44,Hôpital Général Douala,A-,75,10,22,87,4.9,58,98.9,normale,Hémoglobine dans les normes,3,15,8,False,True,normal,nuageux
2022-08-19 23:03:50,Hôpital Général Douala,A+,29,7,10,32,3.6,5,100.0,normale,"État satisfaisant, contrôle qualité OK",4,23,8,False,True,normal,orageux
2022-08-20 00:34:09,Hôpital Général Douala,AB+,17,7,0,10,5.0,47,93.2,faible,Hémoglobine dans les normes,5,0,8,True,True,normal,nuageux
2022-08-20 05:41:48,Hôpital Général Douala,A-,15,8,0,7,4.4,1,62.0,critique,URGENT: Stock critique - Contrôle bactériologique négatif,5,5,8,True,True,normal,pluvieux
2022-08-20 17:53:21,Hôpital Général Douala,A+,56,7,0,49,3.5,1,68.9,attention,Urgent: vérifier température stockage,5,17,8,True,True,normal,orageux
2022-08-20 19:24:50,Hôpital Général Douala,B-,52,11,0,41,4.7,1,53.3,attention,Urgent: vérifier température stockage,5,19,8,True,True,normal,pluvieux
2022-08-21 12:49:27,Hôpital Général Douala,O+,41,6,21,56,4.4,13,94.2,normale,Parfait pour transfusion immédiate,6,12,8,True,True,normal,pluvieux
2022-08-21 15:28:27,Hôpital Général Douala,B+,30,5,22,47,4.0,25,89.2,normale,Contrôle bactériologique négatif,6,15,8,True,True,normal,ensoleillé
2022-08-21 23:35:51,Hôpital Général Douala,A+,23,6,25,42,3.3,15,94.9,normale,Urgent: vérifier température stockage,6,23,8,True,True,normal,nuageux
2022-08-22 03:33:47,Hôpital Général Douala,A+,29,11,13,31,4.4,47,96.5,normale,"Excellent état, conservation parfaite",0,3,8,False,True,normal,ensoleillé
2022-08-22 04:02:13,Hôpital Général Douala,O+,27,6,0,21,3.6,1,58.4,attention,Contrôle bactériologique négatif,0,4,8,False,True,normal,ensoleillé
2022-08-22 07:44:10,Hôpital Général Douala,AB+,101,10,23,114,3.4,11,95.6,normale,"Bon état général, légère variation température",0,7,8,False,True,normal,ensoleillé
2022-08-22 21:29:37,Hôpital Général Douala,A+,82,9,0,73,3.5,4,85.4,normale,Attention: proche expiration,0,21,8,False,True,normal,pluvieux
2022-08-22 22:46:14,Hôpital Général Douala,A+,80,10,17,87,3.4,14,100.0,normale,Contrôle bactériologique négatif,0,22,8,False,True,normal,nuageux
2022-08-23 05:28:53,Hôpital Général Douala,O+,35,11,18,42,4.2,15,95.9,normale,Attention: proche expiration,1,5,8,False,True,normal,ensoleillé
2022-08-23 11:10:51,Hôpital Général Douala,O+,71,5,0,66,4.4,10,100.0,normale,Parfait pour transfusion immédiate,1,11,8,False,True,normal,nuageux
2022-08-23 13:33:20,Hôpital Général Douala,A-,42,11,0,31,3.3,4,77.8,normale,Contrôle bactériologique négatif,1,13,8,False,True,normal,nuageux
2022-08-23 15:57:22,Hôpital Général Douala,A-,46,7,0,39,4.4,21,97.9,normale,Attention: proche expiration,1,15,8,False,True,normal,nuageux
2022-08-23 19:37:17,Hôpital Général Douala,A+,54,7,25,72,3.3,1,63.4,attention,"Bon état général, légère variation température",1,19,8,False,True,normal,nuageux
2022-08-24 09:21:13,Hôpital Général Douala,O+,46,9,0,37,3.4,24,93.3,normale,Parfait pour transfusion immédiate,2,9,8,False,True,normal,ensoleillé
2022-08-25 13:13:33,Hôpital Général Douala,O+,74,4,0,70,3.8,27,95.1,normale,"État satisfaisant, contrôle qualité OK",3,13,8,False,True,normal,orageux
2022-08-25 15:51:17,Hôpital Général Douala,O+,52,0,15,67,4.3,1,55.0,attention,Attention: proche expiration,3,15,8,False,True,normal,ensoleillé
2022-08-25 18:14:06,Hôpital Général Douala,A-,81,6,0,75,4.3,5,100.0,normale,Contrôle bactériologique négatif,3,18,8,False,True,normal,nuageux
2022-08-25 19:58:48,Hôpital Général Douala,O+,80,9,0,71,3.9,8,100.0,normale,Hémoglobine dans les normes,3,19,8,False,True,normal,pluvieux
2022-08-26 20:05:38,Hôpital Général Douala,O+,86,11,12,87,4.4,18,97.8,normale,"Excellent état, conservation parfaite",4,20,8,False,True,normal,nuageux
2022-08-27 07:17:05,Hôpital Général Douala,A+,52,5,0,47,3.2,7,100.0,normale,"Excellent état, conservation parfaite",5,7,8,True,True,normal,pluvieux
2022-08-27 17:10:59,Hôpital Général Douala,B-,36,9,0,27,3.4,37,98.2,normale,Contrôle bactériologique négatif,5,17,8,True,True,normal,pluvieux
2022-08-28 07:07:37,Hôpital Général Douala,B+,30,8,0,22,3.8,2,92.0,normale,Contrôle bactériologique négatif,6,7,8,True,True,normal,pluvieux
2022-08-28 13:21:15,Hôpital Général Douala,A+,34,8,0,26,3.9,22,100.0,normale,Attention: proche expiration,6,13,8,True,True,normal,orageux
2022-08-29 05:29:02,Hôpital Général Douala,A+,26,15,0,11,4.8,6,100.0,faible,Hémoglobine dans les normes,0,5,8,False,True,normal,nuageux
2022-08-29 07:05:13,Hôpital Général Douala,AB+,70,2,29,97,4.9,13,98.3,normale,"État satisfaisant, contrôle qualité OK",0,7,8,False,True,épidémie,ensoleillé
2022-08-29 23:56:13,Hôpital Général Douala,O+,25,11,0,14,3.6,25,95.6,faible,"État satisfaisant, contrôle qualité OK",0,23,8,False,True,normal,pluvieux
2022-08-30 01:30:20,Hôpital Général Douala,O+,54,9,0,45,3.7,1,64.6,attention,"État satisfaisant, contrôle qualité OK",1,1,8,False,True,normal,pluvieux
2022-08-30 14:11:08,Hôpital Général Douala,O-,11,11,18,18,3.1,54,96.2,faible,Hémoglobine dans les normes,1,14,8,False,True,normal,pluvieux
2022-08-31 00:12:37,Hôpital Général Douala,A+,34,9,0,25,4.2,3,92.5,normale,Parfait pour transfusion immédiate,2,0,8,False,True,normal,ensoleillé
2022-08-31 01:20:29,Hôpital Général Douala,B+,35,11,0,24,4.4,1,54.0,attention,"Excellent état, conservation parfaite",2,1,8,False,True,normal,ensoleillé
2022-08-31 06:03:26,Hôpital Général Douala,O+,82,12,17,87,3.4,25,100.0,normale,Parfait pour transfusion immédiate,2,6,8,False,True,normal,ensoleillé
2022-08-31 07:18:16,Hôpital Général Douala,AB+,70,4,0,66,3.8,12,89.4,normale,Hémoglobine dans les normes,2,7,8,False,True,normal,pluvieux
2022-08-31 08:13:49,Hôpital Général Douala,B-,62,10,0,52,4.0,1,61.8,attention,"Bon état général, légère variation température",2,8,8,False,True,normal,pluvieux
2022-08-31 10:45:55,Hôpital Général Douala,O+,48,7,0,41,4.0,1,66.7,attention,"État satisfaisant, contrôle qualité OK",2,10,8,False,True,normal,pluvieux
2022-08-31 16:18:57,Hôpital Général Douala,O+,87,12,0,75,4.2,19,96.2,normale,Parfait pour transfusion immédiate,2,16,8,False,True,normal,nuageux
2022-09-01 06:12:19,Hôpital Général Douala,A+,50,8,23,65,4.4,16,100.0,normale,"Excellent état, conservation parfaite",3,6,9,False,False,épidémie,ensoleillé
2022-09-01 15:22:08,Hôpital Général Douala,A-,39,10,0,29,4.5,51,100.0,normale,Hémoglobine dans les normes,3,15,9,False,False,normal,orageux
2022-09-02 06:41:37,Hôpital Général Douala,A+,57,11,18,64,3.9,24,96.9,normale,Urgent: vérifier température stockage,4,6,9,False,False,normal,ensoleillé
2022-09-02 07:48:30,Hôpital Général Douala,O-,71,4,0,67,4.8,1,64.7,attention,Contrôle bactériologique négatif,4,7,9,False,False,normal,nuageux
2022-09-02 08:11:47,Hôpital Général Douala,A+,47,10,0,37,3.7,35,100.0,normale,"Excellent état, conservation parfaite",4,8,9,False,False,normal,ensoleillé
2022-09-02 16:11:30,Hôpital Général Douala,B+,50,7,0,43,3.2,15,100.0,normale,"État satisfaisant, contrôle qualité OK",4,16,9,False,False,normal,pluvieux
2022-09-03 01:23:57,Hôpital Général Douala,O+,15,3,0,12,4.2,23,100.0,faible,"État satisfaisant, contrôle qualité OK",5,1,9,True,False,normal,nuageux
2022-09-03 04:09:57,Hôpital Général Douala,A+,13,12,16,17,3.3,5,91.3,faible,Contrôle bactériologique négatif,5,4,9,True,False,normal,nuageux
2022-09-03 13:15:22,Hôpital Général Douala,A+,48,7,0,41,4.3,45,100.0,normale,"Excellent état, conservation parfaite",5,13,9,True,False,normal,pluvieux
2022-09-03 19:28:40,Hôpital Général Douala,A+,32,3,15,44,3.1,1,65.5,attention,Contrôle bactériologique négatif,5,19,9,True,False,normal,nuageux
2022-09-03 22:20:00,Hôpital Général Douala,A+,44,7,30,67,4.5,32,100.0,normale,"État satisfaisant, contrôle qualité OK",5,22,9,True,False,normal,pluvieux
2022-09-03 22:59:30,Hôpital Général Douala,A+,46,3,0,43,4.1,11,99.4,normale,Contrôle bactériologique négatif,5,22,9,True,False,normal,ensoleillé
2022-09-03 23:18:36,Hôpital Général Douala,A+,13,7,0,6,3.6,4,86.6,critique,URGENT: Stock critique - Urgent: vérifier température stockage,5,23,9,True,False,normal,pluvieux
2022-09-04 00:27:11,Hôpital Général Douala,AB+,15,6,13,22,4.5,1,60.1,attention,Urgent: vérifier température stockage,6,0,9,True,False,normal,ensoleillé
2022-09-04 14:33:30,Hôpital Général Douala,O-,27,4,20,43,4.0,3,82.3,normale,Contrôle bactériologique négatif,6,14,9,True,False,normal,pluvieux
2022-09-05 00:01:51,Hôpital Général Douala,O-,24,10,0,14,4.5,16,91.8,faible,Attention: proche expiration,0,0,9,False,False,normal,pluvieux
2022-09-05 12:45:52,Hôpital Général Douala,A+,50,6,0,44,3.7,11,100.0,normale,Contrôle bactériologique négatif,0,12,9,False,False,normal,ensoleillé
2022-09-05 21:09:26,Hôpital Général Douala,B+,72,4,0,68,3.3,1,58.4,attention,"Excellent état, conservation parfaite",0,21,9,False,False,normal,pluvieux
2022-09-06 00:29:30,Hôpital Général Douala,O+,16,4,0,12,3.8,18,93.4,faible,Contrôle bactériologique négatif,1,0,9,False,False,normal,nuageux
2022-09-06 05:32:52,Hôpital Général Douala,O+,26,0,0,26,4.0,79,100.0,normale,Hémoglobine dans les normes,1,5,9,False,False,normal,ensoleillé
2022-09-06 17:17:41,Hôpital Général Douala,A+,44,9,13,48,4.0,66,95.2,normale,Contrôle bactériologique négatif,1,17,9,False,False,normal,pluvieux
2022-09-06 22:13:55,Hôpital Général Douala,O-,53,4,0,49,3.0,45,100.0,normale,"État satisfaisant, contrôle qualité OK",1,22,9,False,False,normal,orageux
2022-09-07 01:13:56,Hôpital Général Douala,B+,23,11,33,45,3.6,25,92.2,normale,Hémoglobine dans les normes,2,1,9,False,False,normal,nuageux
2022-09-07 01:37:51,Hôpital Général Douala,A+,30,5,0,25,3.2,30,95.3,normale,"État satisfaisant, contrôle qualité OK",2,1,9,False,False,normal,pluvieux
2022-09-07 01:37:54,Hôpital Général Douala,O+,26,9,0,17,4.2,1,54.6,faible,"Bon état général, légère variation température",2,1,9,False,False,normal,ensoleillé
2022-09-07 02:10:16,Hôpital Général Douala,O+,31,10,0,21,4.2,2,79.5,normale,"État satisfaisant, contrôle qualité OK",2,2,9,False,False,normal,ensoleillé
2022-09-07 05:38:37,Hôpital Général Douala,O-,28,5,0,23,3.1,2,86.5,normale,"État satisfaisant, contrôle qualité OK",2,5,9,False,False,normal,pluvieux
2022-09-07 06:41:58,Hôpital Général Douala,A+,35,7,0,28,4.0,8,100.0,normale,"Bon état général, légère variation température",2,6,9,False,False,normal,ensoleillé
2022-09-07 17:41:35,Hôpital Général Douala,O+,72,8,0,64,4.1,17,90.0,normale,Attention: proche expiration,2,17,9,False,False,normal,ensoleillé
2022-09-08 04:19:04,Hôpital Général Douala,A+,18,8,0,10,3.7,5,100.0,faible,Contrôle bactériologique négatif,3,4,9,False,False,normal,ensoleillé
2022-09-08 08:11:34,Hôpital Général Douala,O-,14,4,0,10,4.3,28,98.4,faible,"État satisfaisant, contrôle qualité OK",3,8,9,False,False,normal,ensoleillé
2022-09-08 13:49:39,Hôpital Général Douala,B-,55,10,19,64,4.9,31,99.2,normale,Urgent: vérifier température stockage,3,13,9,False,False,normal,ensoleillé
2022-09-08 18:38:33,Hôpital Général Douala,O+,37,2,0,35,4.6,21,100.0,normale,Parfait pour transfusion immédiate,3,18,9,False,False,normal,nuageux
2022-09-09 04:49:47,Hôpital Général Douala,O+,37,5,27,59,5.0,8,100.0,normale,"État satisfaisant, contrôle qualité OK",4,4,9,False,False,normal,ensoleillé
2022-09-09 09:20:26,Hôpital Général Douala,O+,30,2,0,28,4.6,20,91.7,normale,"État satisfaisant, contrôle qualité OK",4,9,9,False,False,normal,pluvieux
2022-09-09 11:32:15,Hôpital Général Douala,A+,49,4,0,45,4.1,15,94.2,normale,Contrôle bactériologique négatif,4,11,9,False,False,normal,ensoleillé
2022-09-09 21:04:05,Hôpital Général Douala,O+,40,9,0,31,4.4,47,100.0,normale,"État satisfaisant, contrôle qualité OK",4,21,9,False,False,normal,nuageux
2022-09-10 01:22:11,Hôpital Général Douala,O+,7,5,0,2,4.4,24,100.0,critique,"URGENT: Stock critique - Excellent état, conservation parfaite",5,1,9,True,False,normal,ensoleillé
2022-09-10 04:41:54,Hôpital Général Douala,A-,16,3,0,13,3.2,7,100.0,faible,Contrôle bactériologique négatif,5,4,9,True,False,normal,nuageux
2022-09-11 07:26:39,Hôpital Général Douala,O+,33,8,16,41,3.5,6,100.0,normale,"État satisfaisant, contrôle qualité OK",6,7,9,True,False,normal,orageux
2022-09-12 23:14:46,Hôpital Général Douala,A+,25,3,0,22,4.3,11,95.1,normale,Urgent: vérifier température stockage,0,23,9,False,False,accident_route,pluvieux
2022-09-14 00:39:39,Hôpital Général Douala,O+,21,6,0,15,3.9,25,100.0,faible,Urgent: vérifier température stockage,2,0,9,False,False,normal,pluvieux
2022-09-14 13:45:33,Hôpital Général Douala,A+,21,11,0,10,4.7,9,94.7,faible,"Bon état général, légère variation température",2,13,9,False,False,campagne_don,pluvieux
2022-09-14 18:08:13,Hôpital Général Douala,A+,38,8,0,30,4.1,10,100.0,normale,Hémoglobine dans les normes,2,18,9,False,False,normal,ensoleillé
2022-09-14 18:53:53,Hôpital Général Douala,A+,35,13,0,22,4.9,13,92.2,normale,Urgent: vérifier température stockage,2,18,9,False,False,normal,pluvieux
2022-09-15 00:19:36,Hôpital Général Douala,B+,30,11,22,41,4.1,12,100.0,normale,Attention: proche expiration,3,0,9,False,False,normal,pluvieux
2022-09-15 06:45:12,Hôpital Général Douala,B+,58,6,21,73,3.2,13,98.7,normale,"Excellent état, conservation parfaite",3,6,9,False,False,normal,ensoleillé
2022-09-15 08:11:56,Hôpital Général Douala,O+,90,13,0,77,3.5,1,65.9,attention,Parfait pour transfusion immédiate,3,8,9,False,False,normal,nuageux
2022-09-15 11:52:07,Hôpital Général Douala,O+,57,0,14,71,3.2,32,94.0,normale,"État satisfaisant, contrôle qualité OK",3,11,9,False,False,normal,pluvieux
2022-09-15 15:37:22,Hôpital Général Douala,O+,40,9,0,31,3.0,57,98.7,normale,Urgent: vérifier température stockage,3,15,9,False,False,normal,pluvieux
2022-09-16 09:08:01,Hôpital Général Douala,A+,37,13,14,38,4.0,5,92.7,normale,Hémoglobine dans les normes,4,9,9,False,False,normal,pluvieux
2022-09-16 16:50:56,Hôpital Général Douala,O+,39,5,0,34,4.6,9,100.0,normale,"Bon état général, légère variation température",4,16,9,False,False,normal,nuageux
2022-09-16 20:50:36,Hôpital Général Douala,A+,64,11,0,53,4.2,19,100.0,normale,Hémoglobine dans les normes,4,20,9,False,False,normal,ensoleillé
2022-09-16 20:58:16,Hôpital Général Douala,A+,32,3,0,29,4.1,19,97.8,normale,Contrôle bactériologique négatif,4,20,9,False,False,normal,nuageux
2022-09-17 01:56:40,Hôpital Général Douala,B+,11,4,0,7,2.9,2,78.0,critique,URGENT: Stock critique - Attention: proche expiration,5,1,9,True,False,normal,pluvieux
2022-09-18 20:39:06,Hôpital Général Douala,O+,25,4,0,21,3.6,13,95.7,normale,"Excellent état, conservation parfaite",6,20,9,True,False,normal,nuageux
2022-09-19 01:54:31,Hôpital Général Douala,O+,27,8,0,19,4.0,76,93.0,faible,"Bon état général, légère variation température",0,1,9,False,False,campagne_don,pluvieux
2022-09-19 10:34:37,Hôpital Général Douala,O+,41,8,0,33,4.0,63,94.3,normale,Urgent: vérifier température stockage,0,10,9,False,False,normal,pluvieux
2022-09-19 20:13:35,Hôpital Général Douala,A+,37,8,0,29,3.1,25,96.0,normale,Urgent: vérifier température stockage,0,20,9,False,False,normal,pluvieux
2022-09-20 00:31:52,Hôpital Général Douala,A+,18,13,21,26,4.8,1,65.0,attention,Parfait pour transfusion immédiate,1,0,9,False,False,normal,ensoleillé
2022-09-20 05:41:06,Hôpital Général Douala,A-,19,8,28,39,3.4,1,63.3,attention,Contrôle bactériologique négatif,1,5,9,False,False,normal,ensoleillé
2022-09-20 09:42:13,Hôpital Général Douala,O+,40,9,21,52,3.8,74,100.0,normale,"Bon état général, légère variation température",1,9,9,False,False,normal,pluvieux
2022-09-20 19:37:14,Hôpital Général Douala,A-,39,6,0,33,4.4,1,59.9,attention,"État satisfaisant, contrôle qualité OK",1,19,9,False,False,normal,nuageux
2022-09-21 09:00:29,Hôpital Général Douala,O+,55,6,19,68,3.5,10,100.0,normale,"Bon état général, légère variation température",2,9,9,False,False,normal,ensoleillé
2022-09-21 17:28:25,Hôpital Général Douala,O+,43,9,20,54,3.1,3,74.3,normale,Hémoglobine dans les normes,2,17,9,False,False,normal,ensoleillé
2022-09-22 01:25:24,Hôpital Général Douala,A+,32,11,0,21,4.9,15,100.0,normale,Attention: proche expiration,3,1,9,False,False,normal,ensoleillé
2022-09-24 07:08:59,Hôpital Général Douala,A+,42,6,21,57,4.1,15,96.6,normale,"Bon état général, légère variation température",5,7,9,True,False,normal,nuageux
2022-09-24 07:21:04,Hôpital Général Douala,A+,22,3,0,19,3.8,11,100.0,faible,Hémoglobine dans les normes,5,7,9,True,False,normal,ensoleillé
2022-09-24 11:13:35,Hôpital Général Douala,A+,38,5,0,33,4.3,11,100.0,normale,"Excellent état, conservation parfaite",5,11,9,True,False,normal,nuageux
2022-09-24 18:08:38,Hôpital Général Douala,A-,33,7,0,26,4.0,5,100.0,normale,Contrôle bactériologique négatif,5,18,9,True,False,normal,orageux
2022-09-24 21:38:36,Hôpital Général Douala,A+,25,3,18,40,4.0,45,100.0,normale,"Bon état général, légère variation température",5,21,9,True,False,normal,pluvieux
2022-09-25 02:11:09,Hôpital Général Douala,A+,21,3,0,18,3.8,31,98.2,faible,Contrôle bactériologique négatif,6,2,9,True,False,normal,ensoleillé
2022-09-25 02:28:46,Hôpital Général Douala,O+,9,4,0,5,3.6,12,98.9,critique,URGENT: Stock critique - Attention: proche expiration,6,2,9,True,False,normal,nuageux
2022-09-25 03:47:57,Hôpital Général Douala,A-,17,5,27,39,4.3,41,100.0,normale,Parfait pour transfusion immédiate,6,3,9,True,False,normal,pluvieux
2022-09-26 06:10:25,Hôpital Général Douala,B+,55,6,19,68,3.3,2,83.4,normale,Parfait pour transfusion immédiate,0,6,9,False,False,normal,pluvieux
2022-09-26 09:48:36,Hôpital Général Douala,O+,21,12,20,29,3.7,5,93.3,normale,Urgent: vérifier température stockage,0,9,9,False,False,normal,ensoleillé
2022-09-27 07:03:07,Hôpital Général Douala,A+,41,8,0,33,3.6,13,99.2,normale,"Bon état général, légère variation température",1,7,9,False,False,normal,orageux
2022-09-28 02:54:02,Hôpital Général Douala,A+,13,7,25,31,3.5,7,94.6,normale,Urgent: vérifier température stockage,2,2,9,False,False,normal,pluvieux
2022-09-28 04:27:37,Hôpital Général Douala,A+,16,2,0,14,4.3,7,90.5,faible,"État satisfaisant, contrôle qualité OK",2,4,9,False,False,normal,pluvieux
2022-09-28 06:27:51,Hôpital Général Douala,B+,69,14,0,55,4.2,31,100.0,normale,Contrôle bactériologique négatif,2,6,9,False,False,normal,orageux
2022-09-28 13:19:00,Hôpital Général Douala,A+,79,8,0,71,4.3,1,54.2,attention,"État satisfaisant, contrôle qualité OK",2,13,9,False,False,épidémie,pluvieux
2022-09-29 14:06:19,Hôpital Général Douala,A+,53,8,0,45,4.4,1,60.8,attention,"Bon état général, légère variation température",3,14,9,False,False,normal,pluvieux
2022-09-30 17:50:17,Hôpital Général Douala,A+,26,4,0,22,4.3,36,100.0,normale,Urgent: vérifier température stockage,4,17,9,False,False,normal,pluvieux
2022-10-01 02:50:47,Hôpital Général Douala,O+,17,5,14,26,2.9,38,99.5,normale,"Excellent état, conservation parfaite",5,2,10,True,False,normal,ensoleillé
2022-10-01 05:15:33,Hôpital Général Douala,O+,16,7,0,9,3.7,16,100.0,critique,URGENT: Stock critique - Parfait pour transfusion immédiate,5,5,10,True,False,normal,pluvieux
2022-10-02 00:58:03,Hôpital Général Douala,O-,16,6,0,10,4.4,1,49.9,faible,Contrôle bactériologique négatif,6,0,10,True,False,normal,pluvieux
2022-10-02 14:25:28,Hôpital Général Douala,O+,58,4,0,54,4.5,5,100.0,normale,"Bon état général, légère variation température",6,14,10,True,False,normal,ensoleillé
2022-10-02 17:02:51,Hôpital Général Douala,O+,31,7,23,47,3.8,16,100.0,normale,"Bon état général, légère variation température",6,17,10,True,False,normal,ensoleillé
2022-10-02 20:18:15,Hôpital Général Douala,B+,52,4,22,70,3.9,20,90.4,normale,Attention: proche expiration,6,20,10,True,False,normal,ensoleillé
2022-10-03 02:09:16,Hôpital Général Douala,O-,9,3,0,6,5.0,22,97.5,critique,"URGENT: Stock critique - État satisfaisant, contrôle qualité OK",0,2,10,False,False,normal,pluvieux
2022-10-03 04:23:17,Hôpital Général Douala,O+,9,5,0,4,4.4,2,80.3,critique,URGENT: Stock critique - Urgent: vérifier température stockage,0,4,10,False,False,normal,nuageux
2022-10-03 14:25:00,Hôpital Général Douala,O+,31,7,0,24,3.6,2,88.5,normale,"Bon état général, légère variation température",0,14,10,False,False,normal,ensoleillé
2022-10-03 22:43:33,Hôpital Général Douala,B+,48,2,0,46,4.3,35,99.3,normale,"État satisfaisant, contrôle qualité OK",0,22,10,False,False,normal,orageux
2022-10-04 12:01:43,Hôpital Général Douala,O+,52,7,0,45,4.3,1,62.3,attention,Contrôle bactériologique négatif,1,12,10,False,False,normal,pluvieux
2022-10-05 03:42:37,Hôpital Général Douala,O+,38,11,13,40,4.2,37,100.0,normale,Urgent: vérifier température stockage,2,3,10,False,False,normal,ensoleillé
2022-10-05 08:42:44,Hôpital Général Douala,O+,31,9,0,22,4.2,10,100.0,normale,Hémoglobine dans les normes,2,8,10,False,False,normal,pluvieux
2022-10-05 15:01:55,Hôpital Général Douala,O+,33,8,0,25,3.7,22,100.0,normale,"Excellent état, conservation parfaite",2,15,10,False,False,normal,nuageux
2022-10-05 16:47:37,Hôpital Général Douala,O+,37,5,14,46,4.2,13,94.6,normale,Contrôle bactériologique négatif,2,16,10,False,False,normal,pluvieux
2022-10-06 10:14:27,Hôpital Général Douala,B-,37,5,0,32,3.6,1,60.4,attention,Contrôle bactériologique négatif,3,10,10,False,False,normal,pluvieux
2022-10-06 19:51:38,Hôpital Général Douala,B-,54,10,23,67,3.3,38,97.4,normale,"Bon état général, légère variation température",3,19,10,False,False,normal,ensoleillé
2022-10-07 00:48:19,Hôpital Général Douala,B+,22,8,0,14,4.0,7,93.4,faible,Attention: proche expiration,4,0,10,False,False,normal,ensoleillé
2022-10-07 10:02:22,Hôpital Général Douala,O+,100,10,0,90,4.3,8,95.6,normale,Hémoglobine dans les normes,4,10,10,False,False,normal,ensoleillé
2022-10-07 15:02:44,Hôpital Général Douala,A+,53,9,0,44,4.3,20,92.2,normale,"Bon état général, légère variation température",4,15,10,False,False,normal,ensoleillé
2022-10-08 11:21:30,Hôpital Général Douala,A+,29,4,0,25,3.8,4,88.7,normale,Contrôle bactériologique négatif,5,11,10,True,False,normal,ensoleillé
2022-10-08 21:21:55,Hôpital Général Douala,A+,15,6,0,9,4.6,16,97.5,critique,URGENT: Stock critique - Attention: proche expiration,5,21,10,True,False,normal,pluvieux
2022-10-09 02:19:45,Hôpital Général Douala,O+,13,6,0,7,4.4,4,81.0,critique,"URGENT: Stock critique - État satisfaisant, contrôle qualité OK",6,2,10,True,False,normal,pluvieux
2022-10-09 04:06:10,Hôpital Général Douala,O-,10,5,0,5,3.8,5,100.0,critique,"URGENT: Stock critique - Excellent état, conservation parfaite",6,4,10,True,False,normal,ensoleillé
2022-10-09 06:58:34,Hôpital Général Douala,A-,40,2,0,38,4.5,6,100.0,normale,Urgent: vérifier température stockage,6,6,10,True,False,normal,ensoleillé
2022-10-09 08:19:30,Hôpital Général Douala,O-,33,5,0,28,3.8,10,100.0,normale,"État satisfaisant, contrôle qualité OK",6,8,10,True,False,normal,ensoleillé
2022-10-09 13:55:58,Hôpital Général Douala,B+,14,3,0,11,3.6,51,100.0,faible,Attention: proche expiration,6,13,10,True,False,normal,ensoleillé
2022-10-10 01:52:59,Hôpital Général Douala,A+,25,4,26,47,3.7,32,100.0,normale,Hémoglobine dans les normes,0,1,10,False,False,normal,ensoleillé
2022-10-10 04:36:37,Hôpital Général Douala,A+,23,8,18,33,4.6,1,61.9,attention,Parfait pour transfusion immédiate,0,4,10,False,False,normal,ensoleillé
2022-10-10 05:11:40,Hôpital Général Douala,A-,26,5,0,21,4.0,13,97.7,normale,Parfait pour transfusion immédiate,0,5,10,False,False,normal,pluvieux
2022-10-10 21:03:03,Hôpital Général Douala,A+,65,9,17,73,4.1,12,98.0,normale,Attention: proche expiration,0,21,10,False,False,normal,ensoleillé
2022-10-10 22:34:19,Hôpital Général Douala,O+,55,5,16,66,4.3,1,56.1,attention,Urgent: vérifier température stockage,0,22,10,False,False,normal,nuageux
2022-10-11 12:22:58,Hôpital Général Douala,O+,63,6,0,57,4.7,28,100.0,normale,Parfait pour transfusion immédiate,1,12,10,False,False,normal,ensoleillé
2022-10-11 18:43:03,Hôpital Général Douala,O-,52,13,0,39,3.4,39,95.2,normale,Parfait pour transfusion immédiate,1,18,10,False,False,normal,ensoleillé
2022-10-12 04:04:43,Hôpital Général Douala,O+,19,8,0,11,4.5,15,100.0,faible,Contrôle bactériologique négatif,2,4,10,False,False,normal,nuageux
2022-10-12 05:34:00,Hôpital Général Douala,A+,26,6,0,20,3.8,32,100.0,normale,Hémoglobine dans les normes,2,5,10,False,False,normal,pluvieux
2022-10-13 02:55:15,Hôpital Général Douala,A+,20,4,0,16,4.2,46,100.0,faible,Parfait pour transfusion immédiate,3,2,10,False,False,normal,nuageux
2022-10-13 07:50:34,Hôpital Général Douala,O+,54,10,0,44,4.0,32,97.3,normale,"Excellent état, conservation parfaite",3,7,10,False,False,normal,nuageux
2022-10-13 15:11:28,Hôpital Général Douala,A+,56,13,0,43,4.8,28,100.0,normale,Hémoglobine dans les normes,3,15,10,False,False,normal,ensoleillé
2022-10-13 17:03:08,Hôpital Général Douala,A+,68,8,0,60,3.8,1,63.4,attention,Urgent: vérifier température stockage,3,17,10,False,False,normal,nuageux
2022-10-14 01:07:04,Hôpital Général Douala,A+,24,4,0,20,3.9,16,100.0,normale,Hémoglobine dans les normes,4,1,10,False,False,normal,nuageux
2022-10-14 13:09:19,Hôpital Général Douala,A+,47,10,21,58,4.1,31,99.8,normale,Contrôle bactériologique négatif,4,13,10,False,False,normal,pluvieux
2022-10-14 22:08:46,Hôpital Général Douala,A-,36,6,0,30,4.2,16,99.8,normale,"Bon état général, légère variation température",4,22,10,False,False,normal,pluvieux
2022-10-15 16:20:09,Hôpital Général Douala,B-,20,3,0,17,4.3,7,99.2,faible,"Excellent état, conservation parfaite",5,16,10,True,False,normal,ensoleillé
2022-10-16 12:46:14,Hôpital Général Douala,O+,41,6,0,35,4.0,1,56.4,attention,Hémoglobine dans les normes,6,12,10,True,False,normal,pluvieux
2022-10-16 19:40:12,Hôpital Général Douala,A+,39,3,0,36,3.2,2,83.6,normale,Parfait pour transfusion immédiate,6,19,10,True,False,normal,pluvieux
2022-10-17 04:21:16,Hôpital Général Douala,A+,33,8,18,43,4.6,4,77.5,normale,Attention: proche expiration,0,4,10,False,False,normal,ensoleillé
2022-10-17 07:45:13,Hôpital Général Douala,A+,66,5,0,61,3.7,29,97.0,normale,Hémoglobine dans les normes,0,7,10,False,False,normal,pluvieux
2022-10-17 13:45:09,Hôpital Général Douala,A+,86,8,0,78,3.8,32,93.4,normale,"Excellent état, conservation parfaite",0,13,10,False,False,normal,ensoleillé
2022-10-17 20:55:16,Hôpital Général Douala,O-,60,8,0,52,4.3,2,86.4,normale,"Bon état général, légère variation température",0,20,10,False,False,normal,orageux
2022-10-17 20:57:54,Hôpital Général Douala,O+,20,8,16,28,5.2,9,100.0,normale,"État satisfaisant, contrôle qualité OK",0,20,10,False,False,normal,ensoleillé
2022-10-18 01:03:45,Hôpital Général Douala,O+,27,10,0,17,4.4,3,81.5,faible,Parfait pour transfusion immédiate,1,1,10,False,False,normal,pluvieux
2022-10-18 04:14:12,Hôpital Général Douala,O+,28,12,25,41,3.3,13,100.0,normale,"Excellent état, conservation parfaite",1,4,10,False,False,normal,orageux
2022-10-18 16:08:54,Hôpital Général Douala,A-,47,8,0,39,4.3,4,98.7,normale,Urgent: vérifier température stockage,1,16,10,False,False,accident_route,ensoleillé
2022-10-19 05:43:28,Hôpital Général Douala,O+,19,12,21,28,3.7,1,53.4,attention,Urgent: vérifier température stockage,2,5,10,False,False,normal,ensoleillé
2022-10-19 10:05:37,Hôpital Général Douala,O+,54,7,0,47,4.5,19,100.0,normale,Contrôle bactériologique négatif,2,10,10,False,False,normal,pluvieux
2022-10-19 15:02:32,Hôpital Général Douala,O+,68,12,17,73,3.9,1,62.8,attention,"Bon état général, légère variation température",2,15,10,False,False,normal,ensoleillé
2022-10-20 06:16:16,Hôpital Général Douala,A+,47,7,19,59,4.1,6,100.0,normale,Hémoglobine dans les normes,3,6,10,False,False,normal,pluvieux
2022-10-20 13:26:35,Hôpital Général Douala,B+,36,9,0,27,3.5,11,100.0,normale,"Excellent état, conservation parfaite",3,13,10,False,False,normal,pluvieux
2022-10-20 22:55:14,Hôpital Général Douala,B+,42,10,0,32,3.3,4,84.1,normale,Attention: proche expiration,3,22,10,False,False,normal,ensoleillé
2022-10-21 05:02:31,Hôpital Général Douala,O+,31,9,0,22,3.9,1,56.4,attention,Contrôle bactériologique négatif,4,5,10,False,False,normal,ensoleillé
2022-10-21 10:07:24,Hôpital Général Douala,O+,80,6,0,74,4.4,8,91.1,normale,Urgent: vérifier température stockage,4,10,10,False,False,normal,ensoleillé
2022-10-22 03:42:50,Hôpital Général Douala,O+,12,5,19,26,3.7,8,100.0,normale,"Excellent état, conservation parfaite",5,3,10,True,False,normal,orageux
2022-10-22 08:34:15,Hôpital Général Douala,B+,18,8,12,22,3.9,13,100.0,normale,"État satisfaisant, contrôle qualité OK",5,8,10,True,False,normal,ensoleillé
2022-10-22 11:00:29,Hôpital Général Douala,A+,35,7,0,28,3.2,14,100.0,normale,"État satisfaisant, contrôle qualité OK",5,11,10,True,False,normal,pluvieux
2022-10-22 17:33:43,Hôpital Général Douala,A+,47,4,0,43,4.2,46,99.1,normale,"État satisfaisant, contrôle qualité OK",5,17,10,True,False,normal,pluvieux
2022-10-22 23:59:59,Hôpital Général Douala,A+,8,6,0,2,3.7,22,89.1,critique,"URGENT: Stock critique - État satisfaisant, contrôle qualité OK",5,23,10,True,False,normal,nuageux
2022-10-23 01:39:43,Hôpital Général Douala,O+,15,5,0,10,4.6,25,93.0,faible,Hémoglobine dans les normes,6,1,10,True,False,normal,nuageux
2022-10-23 08:26:38,Hôpital Général Douala,A+,45,2,21,64,4.8,29,100.0,normale,Contrôle bactériologique négatif,6,8,10,True,False,normal,ensoleillé
2022-10-23 20:10:51,Hôpital Général Douala,O+,29,4,0,25,3.8,8,100.0,normale,Hémoglobine dans les normes,6,20,10,True,False,normal,ensoleillé
2022-10-23 22:49:48,Hôpital Général Douala,A+,17,5,0,12,4.0,2,88.7,faible,"État satisfaisant, contrôle qualité OK",6,22,10,True,False,normal,ensoleillé
2022-10-24 01:14:14,Hôpital Général Douala,O-,28,11,0,17,3.6,1,61.0,faible,Attention: proche expiration,0,1,10,False,False,normal,pluvieux
2022-10-24 02:45:48,Hôpital Général Douala,O-,39,13,0,26,3.8,13,92.7,normale,"État satisfaisant, contrôle qualité OK",0,2,10,False,False,épidémie,orageux
2022-10-24 14:37:05,Hôpital Général Douala,O+,47,13,0,34,3.8,1,56.9,attention,"État satisfaisant, contrôle qualité OK",0,14,10,False,False,normal,ensoleillé
2022-10-25 01:56:12,Hôpital Général Douala,O+,18,7,0,11,4.8,3,81.6,faible,"Excellent état, conservation parfaite",1,1,10,False,False,normal,nuageux
2022-10-25 11:05:38,Hôpital Général Douala,O+,15,10,0,5,3.5,8,100.0,critique,"URGENT: Stock critique - État satisfaisant, contrôle qualité OK",1,11,10,False,False,normal,ensoleillé
2022-10-25 11:15:17,Hôpital Général Douala,O+,46,10,26,62,4.7,8,99.3,normale,"Bon état général, légère variation température",1,11,10,False,False,normal,ensoleillé
2022-10-25 21:53:56,Hôpital Général Douala,B+,48,5,0,43,3.7,1,52.4,attention,Urgent: vérifier température stockage,1,21,10,False,False,normal,ensoleillé
2022-10-26 02:51:26,Hôpital Général Douala,O+,19,5,0,14,4.3,22,100.0,faible,"Excellent état, conservation parfaite",2,2,10,False,False,normal,pluvieux
2022-10-26 03:24:43,Hôpital Général Douala,A+,27,3,0,24,3.9,11,96.8,normale,Attention: proche expiration,2,3,10,False,False,normal,pluvieux
2022-10-26 19:12:06,Hôpital Général Douala,O-,68,9,0,59,4.0,30,99.6,normale,Parfait pour transfusion immédiate,2,19,10,False,False,normal,pluvieux
2022-10-26 19:36:07,Hôpital Général Douala,A+,63,11,0,52,4.2,1,57.3,attention,Attention: proche expiration,2,19,10,False,False,normal,ensoleillé
2022-10-26 20:34:57,Hôpital Général Douala,O+,52,12,22,62,4.0,4,89.5,normale,"Excellent état, conservation parfaite",2,20,10,False,False,normal,nuageux
2022-10-27 04:33:47,Hôpital Général Douala,O+,26,8,15,33,4.4,1,59.5,attention,Contrôle bactériologique négatif,3,4,10,False,False,normal,ensoleillé
2022-10-27 05:21:19,Hôpital Général Douala,O-,42,6,18,54,5.0,15,100.0,normale,"Bon état général, légère variation température",3,5,10,False,False,normal,orageux
2022-10-27 22:39:29,Hôpital Général Douala,AB+,67,8,0,59,4.6,6,99.5,normale,Urgent: vérifier température stockage,3,22,10,False,False,normal,pluvieux
2022-10-28 05:18:54,Hôpital Général Douala,A+,24,5,0,19,3.8,10,100.0,faible,Attention: proche expiration,4,5,10,False,False,normal,ensoleillé
2022-10-28 07:34:51,Hôpital Général Douala,A+,38,7,0,31,4.0,4,87.9,normale,Parfait pour transfusion immédiate,4,7,10,False,False,normal,ensoleillé
2022-10-28 17:22:58,Hôpital Général Douala,O+,76,7,0,69,3.7,9,100.0,normale,Parfait pour transfusion immédiate,4,17,10,False,False,normal,ensoleillé
2022-10-28 21:37:09,Hôpital Général Douala,O+,47,10,0,37,4.3,12,100.0,normale,Contrôle bactériologique négatif,4,21,10,False,False,normal,ensoleillé
2022-10-29 10:34:47,Hôpital Général Douala,O+,30,6,17,41,3.3,3,86.6,normale,Contrôle bactériologique négatif,5,10,10,True,False,normal,ensoleillé
2022-10-29 20:00:25,Hôpital Général Douala,O-,23,5,22,40,3.6,26,98.4,normale,"État satisfaisant, contrôle qualité OK",5,20,10,True,False,urgence_médicale,pluvieux
2022-10-29 23:09:07,Hôpital Général Douala,A+,15,4,0,11,4.2,12,100.0,faible,Parfait pour transfusion immédiate,5,23,10,True,False,normal,orageux
2022-10-30 01:22:22,Hôpital Général Douala,O+,18,5,0,13,4.6,3,89.2,faible,"Excellent état, conservation parfaite",6,1,10,True,False,normal,nuageux
2022-10-30 05:25:05,Hôpital Général Douala,A+,17,4,20,33,4.9,1,59.2,attention,Contrôle bactériologique négatif,6,5,10,True,False,normal,orageux
2022-10-30 05:46:39,Hôpital Général Douala,B+,17,8,18,27,4.0,43,100.0,normale,"État satisfaisant, contrôle qualité OK",6,5,10,True,False,normal,ensoleillé
2022-10-30 16:58:05,Hôpital Général Douala,A-,38,6,0,32,4.2,17,94.7,normale,"État satisfaisant, contrôle qualité OK",6,16,10,True,False,normal,pluvieux
2022-10-30 19:15:36,Hôpital Général Douala,O+,18,5,0,13,4.4,1,56.3,faible,Urgent: vérifier température stockage,6,19,10,True,False,normal,pluvieux
2022-10-31 07:08:45,Hôpital Général Douala,A+,56,8,0,48,3.6,26,100.0,normale,Parfait pour transfusion immédiate,0,7,10,False,False,normal,ensoleillé
2022-10-31 19:38:04,Hôpital Général Douala,B+,58,10,0,48,4.9,3,85.4,normale,Contrôle bactériologique négatif,0,19,10,False,False,normal,pluvieux
2022-10-31 23:56:30,Hôpital Général Douala,A+,16,8,0,8,4.4,80,99.3,critique,"URGENT: Stock critique - État satisfaisant, contrôle qualité OK",0,23,10,False,False,normal,nuageux
2022-11-02 00:28:21,Hôpital Général Douala,A-,30,3,0,27,4.2,11,100.0,normale,"Excellent état, conservation parfaite",2,0,11,False,False,normal,ensoleillé
2022-11-02 03:51:51,Hôpital Général Douala,A+,27,9,0,18,4.1,31,100.0,faible,"Bon état général, légère variation température",2,3,11,False,False,normal,orageux
2022-11-02 19:24:55,Hôpital Général Douala,B+,21,8,0,13,4.6,44,90.1,faible,Urgent: vérifier température stockage,2,19,11,False,False,normal,pluvieux
2022-11-03 01:04:11,Hôpital Général Douala,O+,22,4,25,43,3.6,55,92.9,normale,Hémoglobine dans les normes,3,1,11,False,False,normal,nuageux
2022-11-03 05:41:39,Hôpital Général Douala,A+,18,7,0,11,2.7,11,96.9,faible,Contrôle bactériologique négatif,3,5,11,False,False,normal,nuageux
2022-11-03 15:41:12,Hôpital Général Douala,A+,48,5,12,55,4.8,1,68.3,attention,"État satisfaisant, contrôle qualité OK",3,15,11,False,False,normal,nuageux
2022-11-03 19:18:33,Hôpital Général Douala,O+,64,5,0,59,5.0,39,94.9,normale,"État satisfaisant, contrôle qualité OK",3,19,11,False,False,normal,ensoleillé
2022-11-04 01:16:35,Hôpital Général Douala,O+,31,10,0,21,4.1,7,95.8,normale,Attention: proche expiration,4,1,11,False,False,normal,pluvieux
2022-11-04 06:11:24,Hôpital Général Douala,A+,60,12,0,48,3.5,24,100.0,normale,Attention: proche expiration,4,6,11,False,False,normal,pluvieux
2022-11-04 06:43:37,Hôpital Général Douala,AB-,73,12,0,61,1.9,38,80.7,normale,"ATTENTION TEMPÉRATURE: Excellent état, conservation parfaite",4,6,11,False,False,normal,ensoleillé
2022-11-04 07:06:47,Hôpital Général Douala,AB+,28,10,26,44,3.0,13,100.0,normale,Urgent: vérifier température stockage,4,7,11,False,False,normal,orageux
2022-11-04 08:13:59,Hôpital Général Douala,A-,67,6,0,61,4.2,1,60.0,attention,Attention: proche expiration,4,8,11,False,False,normal,ensoleillé
2022-11-04 09:58:58,Hôpital Général Douala,O+,63,8,21,76,3.5,50,96.4,normale,Hémoglobine dans les normes,4,9,11,False,False,normal,pluvieux
2022-11-04 22:26:15,Hôpital Général Douala,O+,39,8,0,31,3.9,20,100.0,normale,"Bon état général, légère variation température",4,22,11,False,False,normal,ensoleillé
2022-11-05 19:01:05,Hôpital Général Douala,A-,39,8,20,51,4.6,9,100.0,normale,Urgent: vérifier température stockage,5,19,11,True,False,normal,orageux
2022-11-06 05:51:39,Hôpital Général Douala,O+,6,3,0,3,4.1,2,86.0,critique,URGENT: Stock critique - Hémoglobine dans les normes,6,5,11,True,False,normal,ensoleillé
2022-11-06 10:44:59,Hôpital Général Douala,O+,27,5,0,22,4.0,27,100.0,normale,"Bon état général, légère variation température",6,10,11,True,False,normal,ensoleillé
2022-11-06 16:36:58,Hôpital Général Douala,B+,39,7,24,56,4.2,10,95.5,normale,Parfait pour transfusion immédiate,6,16,11,True,False,normal,ensoleillé
2022-11-06 16:52:09,Hôpital Général Douala,O+,29,3,0,26,4.3,18,100.0,normale,Urgent: vérifier température stockage,6,16,11,True,False,normal,pluvieux
2022-11-07 05:59:01,Hôpital Général Douala,A+,23,10,0,13,4.2,3,84.2,faible,"Bon état général, légère variation température",0,5,11,False,False,normal,pluvieux
2022-11-07 10:04:09,Hôpital Général Douala,B-,40,10,0,30,3.7,1,56.7,attention,Attention: proche expiration,0,10,11,False,False,normal,nuageux
2022-11-07 10:32:42,Hôpital Général Douala,O-,50,11,23,62,4.2,3,86.8,normale,Parfait pour transfusion immédiate,0,10,11,False,False,normal,pluvieux
2022-11-07 12:46:46,Hôpital Général Douala,B+,52,8,0,44,4.3,28,100.0,normale,Parfait pour transfusion immédiate,0,12,11,False,False,normal,ensoleillé
2022-11-08 00:58:15,Hôpital Général Douala,A+,30,7,16,39,3.5,17,100.0,normale,"Excellent état, conservation parfaite",1,0,11,False,False,normal,ensoleillé
2022-11-08 02:59:47,Hôpital Général Douala,B+,29,5,0,24,3.7,17,89.5,normale,Urgent: vérifier température stockage,1,2,11,False,False,normal,pluvieux
2022-11-08 03:35:14,Hôpital Général Douala,O+,29,4,0,25,3.9,40,100.0,normale,Attention: proche expiration,1,3,11,False,False,normal,nuageux
2022-11-08 05:43:41,Hôpital Général Douala,A+,25,7,20,38,4.8,18,100.0,normale,Parfait pour transfusion immédiate,1,5,11,False,False,normal,orageux
2022-11-08 09:46:51,Hôpital Général Douala,A+,64,14,25,75,4.0,52,97.4,normale,Urgent: vérifier température stockage,1,9,11,False,False,normal,ensoleillé
2022-11-08 21:34:05,Hôpital Général Douala,A+,35,9,0,26,3.5,7,100.0,normale,"Excellent état, conservation parfaite",1,21,11,False,False,urgence_médicale,ensoleillé
2022-11-08 22:55:27,Hôpital Général Douala,O+,62,5,0,57,3.6,14,100.0,normale,Urgent: vérifier température stockage,1,22,11,False,False,normal,pluvieux
2022-11-09 11:26:00,Hôpital Général Douala,A+,61,6,0,55,5.0,4,82.1,normale,Parfait pour transfusion immédiate,2,11,11,False,False,normal,pluvieux
2022-11-10 05:12:02,Hôpital Général Douala,A+,20,8,0,12,4.7,6,95.9,faible,Contrôle bactériologique négatif,3,5,11,False,False,normal,pluvieux
2022-11-10 22:47:09,Hôpital Général Douala,O-,51,6,0,45,4.2,1,56.6,attention,Parfait pour transfusion immédiate,3,22,11,False,False,normal,pluvieux
2022-11-11 01:00:32,Hôpital Général Douala,O+,21,3,0,18,3.0,1,59.4,faible,"État satisfaisant, contrôle qualité OK",4,1,11,False,False,normal,pluvieux
2022-11-11 21:30:48,Hôpital Général Douala,A-,46,6,0,40,3.5,22,100.0,normale,"État satisfaisant, contrôle qualité OK",4,21,11,False,False,normal,pluvieux
2022-11-11 22:15:12,Hôpital Général Douala,A+,59,7,0,52,3.9,21,100.0,normale,Hémoglobine dans les normes,4,22,11,False,False,normal,pluvieux
2022-11-12 02:32:05,Hôpital Général Douala,O+,9,3,0,6,2.6,36,100.0,critique,"URGENT: Stock critique - Excellent état, conservation parfaite",5,2,11,True,False,normal,orageux
2022-11-12 05:26:49,Hôpital Général Douala,A+,9,4,16,21,3.9,7,100.0,normale,Contrôle bactériologique négatif,5,5,11,True,False,normal,ensoleillé
2022-11-12 15:25:24,Hôpital Général Douala,O+,33,4,0,29,3.2,36,100.0,normale,Urgent: vérifier température stockage,5,15,11,True,False,normal,orageux
2022-11-13 04:08:51,Hôpital Général Douala,A+,26,2,0,24,4.0,5,97.6,normale,"Excellent état, conservation parfaite",6,4,11,True,False,normal,pluvieux
2022-11-13 05:32:22,Hôpital Général Douala,O+,30,7,29,52,3.5,15,86.7,normale,Attention: proche expiration,6,5,11,True,False,normal,orageux
2022-11-14 03:11:11,Hôpital Général Douala,O-,25,12,0,13,4.1,1,67.3,faible,Attention: proche expiration,0,3,11,False,False,normal,ensoleillé
2022-11-14 13:25:28,Hôpital Général Douala,O+,68,3,18,83,4.1,22,100.0,normale,Contrôle bactériologique négatif,0,13,11,False,False,normal,ensoleillé
2022-11-14 21:31:46,Hôpital Général Douala,A+,50,7,0,43,4.7,1,57.0,attention,"Excellent état, conservation parfaite",0,21,11,False,False,normal,pluvieux
2022-11-15 15:48:20,Hôpital Général Douala,A-,32,5,0,27,3.8,3,78.4,normale,Urgent: vérifier température stockage,1,15,11,False,False,normal,pluvieux
2022-11-16 03:42:59,Hôpital Général Douala,A+,20,5,0,15,4.6,1,61.9,faible,Attention: proche expiration,2,3,11,False,False,normal,ensoleillé
2022-11-16 17:37:14,Hôpital Général Douala,AB+,36,9,0,27,3.9,18,100.0,normale,"Excellent état, conservation parfaite",2,17,11,False,False,normal,ensoleillé
2022-11-16 18:34:20,Hôpital Général Douala,A+,53,9,19,63,3.8,5,97.5,normale,Urgent: vérifier température stockage,2,18,11,False,False,normal,ensoleillé
2022-11-16 19:46:46,Hôpital Général Douala,O+,43,8,26,61,3.5,35,97.6,normale,Attention: proche expiration,2,19,11,False,False,normal,nuageux
2022-11-17 06:38:09,Hôpital Général Douala,B+,52,5,0,47,3.9,24,100.0,normale,Attention: proche expiration,3,6,11,False,False,normal,pluvieux
2022-11-17 12:51:57,Hôpital Général Douala,A+,36,7,0,29,3.9,8,100.0,normale,Attention: proche expiration,3,12,11,False,False,normal,pluvieux
2022-11-17 14:07:59,Hôpital Général Douala,A+,49,12,19,56,3.9,12,97.1,normale,"État satisfaisant, contrôle qualité OK",3,14,11,False,False,normal,ensoleillé
2022-11-17 18:08:03,Hôpital Général Douala,O+,40,5,15,50,4.7,15,100.0,normale,"Bon état général, légère variation température",3,18,11,False,False,normal,nuageux
2022-11-17 19:41:55,Hôpital Général Douala,A+,51,2,0,49,3.5,30,96.7,normale,Attention: proche expiration,3,19,11,False,False,normal,ensoleillé
2022-11-17 20:52:38,Hôpital Général Douala,A+,49,10,25,64,4.5,1,59.9,attention,"État satisfaisant, contrôle qualité OK",3,20,11,False,False,accident_route,ensoleillé
2022-11-17 23:07:52,Hôpital Général Douala,O+,16,7,0,9,4.5,1,63.2,critique,"URGENT: Stock critique - Bon état général, légère variation température",3,23,11,False,False,normal,nuageux
2022-11-18 22:17:14,Hôpital Général Douala,O+,27,4,0,23,3.7,47,100.0,normale,Urgent: vérifier température stockage,4,22,11,False,False,normal,pluvieux
2022-11-19 05:41:53,Hôpital Général Douala,AB-,12,7,0,5,4.7,38,98.4,critique,URGENT: Stock critique - Contrôle bactériologique négatif,5,5,11,True,False,normal,ensoleillé
2022-11-19 07:05:14,Hôpital Général Douala,A+,30,2,0,28,3.2,10,100.0,normale,Parfait pour transfusion immédiate,5,7,11,True,False,normal,pluvieux
2022-11-19 23:55:26,Hôpital Général Douala,O+,21,3,20,38,4.4,23,94.2,normale,Contrôle bactériologique négatif,5,23,11,True,False,normal,ensoleillé
2022-11-20 00:06:27,Hôpital Général Douala,AB-,15,3,14,26,3.8,64,98.9,normale,Parfait pour transfusion immédiate,6,0,11,True,False,normal,ensoleillé
2022-11-20 01:31:13,Hôpital Général Douala,O+,12,9,0,3,4.0,15,100.0,critique,URGENT: Stock critique - Parfait pour transfusion immédiate,6,1,11,True,False,normal,pluvieux
2022-11-20 02:36:32,Hôpital Général Douala,O-,12,4,0,8,4.1,7,99.9,critique,"URGENT: Stock critique - Bon état général, légère variation température",6,2,11,True,False,normal,nuageux
2022-11-20 03:19:07,Hôpital Général Douala,A+,16,6,0,10,4.5,27,100.0,faible,"Bon état général, légère variation température",6,3,11,True,False,campagne_don,ensoleillé
2022-11-20 08:51:13,Hôpital Général Douala,O+,20,9,20,31,4.1,21,100.0,normale,Attention: proche expiration,6,8,11,True,False,normal,pluvieux
2022-11-20 13:21:26,Hôpital Général Douala,O-,34,8,0,26,5.0,1,60.0,attention,Contrôle bactériologique négatif,6,13,11,True,False,normal,ensoleillé
2022-11-20 13:22:58,Hôpital Général Douala,O-,44,5,0,39,4.0,1,62.3,attention,Contrôle bactériologique négatif,6,13,11,True,False,normal,orageux
2022-11-20 17:15:34,Hôpital Général Douala,O-,26,8,17,35,4.3,21,100.0,normale,Parfait pour transfusion immédiate,6,17,11,True,False,normal,ensoleillé
2022-11-21 13:56:26,Hôpital Général Douala,A+,60,8,0,52,3.8,12,97.3,normale,Attention: proche expiration,0,13,11,False,False,normal,ensoleillé
2022-11-22 06:44:04,Hôpital Général Douala,O+,26,7,0,19,4.5,2,82.8,faible,Hémoglobine dans les normes,1,6,11,False,False,normal,ensoleillé
2022-11-22 11:57:41,Hôpital Général Douala,O+,61,8,0,53,3.6,1,65.3,attention,Urgent: vérifier température stockage,1,11,11,False,False,normal,pluvieux
2022-11-23 01:56:04,Hôpital Général Douala,AB-,22,5,0,17,4.3,30,95.5,faible,"Excellent état, conservation parfaite",2,1,11,False,False,normal,orageux
2022-11-23 07:47:25,Hôpital Général Douala,A+,82,6,0,76,4.1,4,90.1,normale,Urgent: vérifier température stockage,2,7,11,False,False,normal,pluvieux
2022-11-23 09:53:52,Hôpital Général Douala,A+,62,13,0,49,4.5,17,99.3,normale,Attention: proche expiration,2,9,11,False,False,normal,ensoleillé
2022-11-24 15:13:45,Hôpital Général Douala,A+,38,2,30,66,3.8,11,90.0,normale,Hémoglobine dans les normes,3,15,11,False,False,normal,ensoleillé
2022-11-24 17:11:34,Hôpital Général Douala,O+,61,11,0,50,3.8,26,96.3,normale,Urgent: vérifier température stockage,3,17,11,False,False,normal,pluvieux
2022-11-24 23:06:45,Hôpital Général Douala,B+,26,8,25,43,4.2,7,100.0,normale,Attention: proche expiration,3,23,11,False,False,normal,ensoleillé
2022-11-25 01:51:09,Hôpital Général Douala,A+,25,8,0,17,4.6,4,81.8,faible,"Excellent état, conservation parfaite",4,1,11,False,False,normal,orageux
2022-11-25 12:06:51,Hôpital Général Douala,A+,53,8,0,45,4.5,17,100.0,normale,Hémoglobine dans les normes,4,12,11,False,False,normal,ensoleillé
2022-11-25 16:34:11,Hôpital Général Douala,A+,44,6,0,38,4.3,22,98.0,normale,Hémoglobine dans les normes,4,16,11,False,False,normal,ensoleillé
2022-11-26 04:48:17,Hôpital Général Douala,O-,16,6,22,32,3.8,26,89.6,normale,Contrôle bactériologique négatif,5,4,11,True,False,normal,pluvieux
2022-11-26 10:15:25,Hôpital Général Douala,O+,30,2,0,28,4.5,50,100.0,normale,Contrôle bactériologique négatif,5,10,11,True,False,normal,pluvieux
2022-11-27 15:34:45,Hôpital Général Douala,A+,38,4,0,34,3.9,1,52.5,attention,Attention: proche expiration,6,15,11,True,False,normal,pluvieux
2022-11-27 19:23:36,Hôpital Général Douala,A+,37,8,11,40,4.0,17,100.0,normale,Contrôle bactériologique négatif,6,19,11,True,False,normal,pluvieux
2022-11-28 16:51:22,Hôpital Général Douala,O+,57,9,0,48,3.5,37,100.0,normale,Urgent: vérifier température stockage,0,16,11,False,False,normal,ensoleillé
2022-11-28 19:35:45,Hôpital Général Douala,AB+,61,8,17,70,3.8,1,61.3,attention,Hémoglobine dans les normes,0,19,11,False,False,normal,orageux
2022-11-28 21:53:37,Hôpital Général Douala,O+,54,12,25,67,3.9,1,60.3,attention,"Excellent état, conservation parfaite",0,21,11,False,False,normal,pluvieux
2022-11-29 03:47:46,Hôpital Général Douala,O+,15,7,13,21,4.0,15,100.0,normale,"Excellent état, conservation parfaite",1,3,11,False,False,normal,ensoleillé
2022-11-29 13:15:38,Hôpital Général Douala,A+,55,10,0,45,4.7,7,100.0,normale,"Excellent état, conservation parfaite",1,13,11,False,False,normal,nuageux
2022-11-29 21:55:16,Hôpital Général Douala,A+,74,5,26,95,4.2,8,100.0,normale,Hémoglobine dans les normes,1,21,11,False,False,normal,nuageux
2022-11-30 05:36:50,Hôpital Général Douala,O+,24,7,17,34,3.6,1,51.2,attention,"Bon état général, légère variation température",2,5,11,False,False,normal,ensoleillé
2022-11-30 12:23:10,Hôpital Général Douala,O+,36,8,24,52,3.6,2,85.1,normale,"Excellent état, conservation parfaite",2,12,11,False,False,normal,ensoleillé
2022-11-30 22:10:15,Hôpital Général Douala,O+,24,8,19,35,4.2,18,98.2,normale,Urgent: vérifier température stockage,2,22,11,False,False,normal,ensoleillé
2022-12-01 01:05:05,Hôpital Général Douala,A+,31,11,20,40,3.6,20,100.0,normale,Urgent: vérifier température stockage,3,1,12,False,True,normal,pluvieux
2022-12-03 08:10:18,Hôpital Général Douala,O+,52,7,0,45,4.2,4,81.0,normale,Attention: proche expiration,5,8,12,True,True,normal,pluvieux
2022-12-04 01:48:52,Hôpital Général Douala,A+,14,6,15,23,3.5,6,100.0,normale,"Excellent état, conservation parfaite",6,1,12,True,True,normal,ensoleillé
2022-12-04 08:01:14,Hôpital Général Douala,A-,25,6,0,19,4.5,11,97.7,faible,"Bon état général, légère variation température",6,8,12,True,True,normal,nuageux
2022-12-04 19:52:43,Hôpital Général Douala,A+,32,9,0,23,4.4,2,81.5,normale,Attention: proche expiration,6,19,12,True,True,normal,nuageux
2022-12-05 04:19:06,Hôpital Général Douala,AB+,25,14,0,11,4.1,5,100.0,faible,Parfait pour transfusion immédiate,0,4,12,False,True,normal,ensoleillé
2022-12-05 09:35:56,Hôpital Général Douala,A+,91,16,0,75,4.3,30,100.0,normale,Contrôle bactériologique négatif,0,9,12,False,True,normal,ensoleillé
2022-12-05 13:29:06,Hôpital Général Douala,O+,28,10,0,18,4.3,1,60.7,faible,Urgent: vérifier température stockage,0,13,12,False,True,normal,ensoleillé
2022-12-05 22:58:17,Hôpital Général Douala,A+,21,6,0,15,4.1,84,100.0,faible,"État satisfaisant, contrôle qualité OK",0,22,12,False,True,normal,nuageux
2022-12-06 04:53:51,Hôpital Général Douala,A+,34,13,18,39,3.3,2,85.2,normale,Parfait pour transfusion immédiate,1,4,12,False,True,normal,pluvieux
2022-12-06 23:35:23,Hôpital Général Douala,O+,26,13,0,13,3.6,6,97.0,faible,"Excellent état, conservation parfaite",1,23,12,False,True,normal,ensoleillé
2022-12-07 05:59:58,Hôpital Général Douala,B+,23,4,0,19,4.1,14,100.0,faible,Attention: proche expiration,2,5,12,False,True,normal,nuageux
2022-12-07 07:04:33,Hôpital Général Douala,O+,83,10,15,88,3.9,11,93.9,normale,Contrôle bactériologique négatif,2,7,12,False,True,accident_route,pluvieux
2022-12-07 22:51:35,Hôpital Général Douala,O+,11,14,0,0,4.2,2,82.5,critique,"URGENT: Stock critique - Excellent état, conservation parfaite",2,22,12,False,True,normal,nuageux
2022-12-08 00:51:22,Hôpital Général Douala,B-,29,1,0,28,4.6,1,58.6,attention,"Excellent état, conservation parfaite",3,0,12,False,True,normal,pluvieux
2022-12-09 02:56:00,Hôpital Général Douala,O-,39,10,0,29,3.1,7,90.4,normale,"Excellent état, conservation parfaite",4,2,12,False,True,normal,orageux
2022-12-09 19:40:09,Hôpital Général Douala,A+,45,8,0,37,4.1,2,90.3,normale,Contrôle bactériologique négatif,4,19,12,False,True,accident_route,ensoleillé
2022-12-09 23:40:46,Hôpital Général Douala,O+,22,6,27,43,4.1,5,100.0,normale,Hémoglobine dans les normes,4,23,12,False,True,normal,ensoleillé
2022-12-10 14:29:18,Hôpital Général Douala,A+,31,8,0,23,4.0,1,55.4,attention,"Excellent état, conservation parfaite",5,14,12,True,True,normal,ensoleillé
2022-12-10 18:09:59,Hôpital Général Douala,O-,33,9,12,36,4.2,22,99.4,normale,Contrôle bactériologique négatif,5,18,12,True,True,normal,ensoleillé
2022-12-10 21:48:20,Hôpital Général Douala,A+,51,5,0,46,4.1,8,93.1,normale,"Excellent état, conservation parfaite",5,21,12,True,True,normal,nuageux
2022-12-11 02:12:07,Hôpital Général Douala,O+,30,5,0,25,3.7,18,100.0,normale,"État satisfaisant, contrôle qualité OK",6,2,12,True,True,normal,ensoleillé
2022-12-11 04:10:49,Hôpital Général Douala,A-,21,6,0,15,3.8,1,57.7,faible,"Bon état général, légère variation température",6,4,12,True,True,normal,pluvieux
2022-12-11 04:13:28,Hôpital Général Douala,AB+,19,5,0,14,3.4,8,99.1,faible,"Excellent état, conservation parfaite",6,4,12,True,True,normal,pluvieux
2022-12-11 05:06:32,Hôpital Général Douala,O+,17,8,0,9,4.3,1,55.2,critique,URGENT: Stock critique - Attention: proche expiration,6,5,12,True,True,normal,ensoleillé
2022-12-11 16:32:55,Hôpital Général Douala,A+,45,5,0,40,3.9,7,100.0,normale,"État satisfaisant, contrôle qualité OK",6,16,12,True,True,normal,orageux
2022-12-11 18:09:03,Hôpital Général Douala,A+,43,4,17,56,3.5,1,63.6,attention,Hémoglobine dans les normes,6,18,12,True,True,normal,ensoleillé
2022-12-12 00:16:50,Hôpital Général Douala,O+,46,12,0,34,3.4,18,100.0,normale,Urgent: vérifier température stockage,0,0,12,False,True,normal,pluvieux
2022-12-12 17:28:26,Hôpital Général Douala,O+,10,9,0,1,4.1,13,97.3,critique,URGENT: Stock critique - Contrôle bactériologique négatif,0,17,12,False,True,normal,ensoleillé
2022-12-12 20:10:44,Hôpital Général Douala,B+,50,14,0,36,3.6,3,80.2,normale,"État satisfaisant, contrôle qualité OK",0,20,12,False,True,normal,pluvieux
2022-12-13 03:50:22,Hôpital Général Douala,A+,40,2,0,38,4.1,20,98.3,normale,Attention: proche expiration,1,3,12,False,True,normal,nuageux
2022-12-13 18:15:52,Hôpital Général Douala,O+,20,9,0,11,4.8,1,60.2,faible,"Bon état général, légère variation température",1,18,12,False,True,normal,nuageux
2022-12-15 23:55:02,Hôpital Général Douala,A+,13,10,0,3,4.2,2,85.6,critique,URGENT: Stock critique - Attention: proche expiration,3,23,12,False,True,normal,ensoleillé
2022-12-16 12:07:57,Hôpital Général Douala,A+,66,7,14,73,4.7,3,92.2,normale,Contrôle bactériologique négatif,4,12,12,False,True,normal,ensoleillé
2022-12-16 22:00:51,Hôpital Général Douala,A+,69,9,22,82,3.9,8,100.0,normale,Parfait pour transfusion immédiate,4,22,12,False,True,normal,nuageux
2022-12-16 22:11:53,Hôpital Général Douala,A+,77,7,15,85,3.7,2,88.1,normale,"Excellent état, conservation parfaite",4,22,12,False,True,normal,ensoleillé
2022-12-17 07:16:02,Hôpital Général Douala,O+,32,13,0,19,4.4,1,59.2,faible,Contrôle bactériologique négatif,5,7,12,True,True,normal,ensoleillé
2022-12-17 17:35:37,Hôpital Général Douala,O+,53,6,15,62,3.9,5,100.0,normale,Contrôle bactériologique négatif,5,17,12,True,True,normal,ensoleillé
2022-12-18 01:29:15,Hôpital Général Douala,O+,14,5,0,9,4.1,30,95.9,critique,URGENT: Stock critique - Attention: proche expiration,6,1,12,True,True,normal,pluvieux
2022-12-18 05:38:26,Hôpital Général Douala,A+,9,7,0,2,3.9,20,96.3,critique,URGENT: Stock critique - Parfait pour transfusion immédiate,6,5,12,True,True,normal,pluvieux
2022-12-19 04:48:15,Hôpital Général Douala,A+,34,8,0,26,3.5,12,100.0,normale,"État satisfaisant, contrôle qualité OK",0,4,12,False,True,normal,ensoleillé
2022-12-19 05:49:56,Hôpital Général Douala,B+,28,1,0,27,3.1,6,99.9,normale,Urgent: vérifier température stockage,0,5,12,False,True,normal,ensoleillé
2022-12-19 06:40:31,Hôpital Général Douala,A+,53,5,0,48,3.3,3,80.8,normale,"Excellent état, conservation parfaite",0,6,12,False,True,normal,pluvieux
2022-12-19 15:45:26,Hôpital Général Douala,A+,50,7,0,43,3.9,5,92.1,normale,Hémoglobine dans les normes,0,15,12,False,True,normal,ensoleillé
2022-12-19 16:38:44,Hôpital Général Douala,AB+,74,6,0,68,3.8,16,97.6,normale,"Excellent état, conservation parfaite",0,16,12,False,True,normal,orageux
2022-12-19 22:31:29,Hôpital Général Douala,O-,49,5,0,44,3.3,28,95.4,normale,"État satisfaisant, contrôle qualité OK",0,22,12,False,True,normal,nuageux
2022-12-19 23:44:53,Hôpital Général Douala,A+,26,13,23,36,3.7,15,100.0,normale,Parfait pour transfusion immédiate,0,23,12,False,True,normal,ensoleillé
2022-12-20 05:19:20,Hôpital Général Douala,A+,22,8,25,39,3.9,1,59.8,attention,Contrôle bactériologique négatif,1,5,12,False,True,normal,ensoleillé
2022-12-20 13:30:05,Hôpital Général Douala,O+,37,13,0,24,3.8,27,97.0,normale,Hémoglobine dans les normes,1,13,12,False,True,normal,pluvieux
2022-12-20 16:12:32,Hôpital Général Douala,A+,57,15,0,42,4.3,17,95.2,normale,Attention: proche expiration,1,16,12,False,True,accident_route,ensoleillé
2022-12-21 04:38:10,Hôpital Général Douala,B+,43,9,17,51,3.8,25,100.0,normale,Parfait pour transfusion immédiate,2,4,12,False,True,normal,ensoleillé
2022-12-21 07:53:49,Hôpital Général Douala,A+,65,10,0,55,3.7,50,93.4,normale,Urgent: vérifier température stockage,2,7,12,False,True,normal,nuageux
2022-12-21 19:07:01,Hôpital Général Douala,O+,61,12,0,49,4.1,18,93.2,normale,Parfait pour transfusion immédiate,2,19,12,False,True,normal,pluvieux
2022-12-21 23:57:18,Hôpital Général Douala,B+,38,13,26,51,3.8,14,95.8,normale,Urgent: vérifier température stockage,2,23,12,False,True,normal,ensoleillé
2022-12-22 11:45:56,Hôpital Général Douala,A+,23,14,0,9,3.7,53,100.0,critique,"URGENT: Stock critique - Bon état général, légère variation température",3,11,12,False,True,normal,ensoleillé
2022-12-22 17:52:15,Hôpital Général Douala,A+,57,8,0,49,3.6,5,100.0,normale,"État satisfaisant, contrôle qualité OK",3,17,12,False,True,normal,pluvieux
2022-12-22 20:40:07,Hôpital Général Douala,A+,63,15,0,48,4.7,22,92.4,normale,Parfait pour transfusion immédiate,3,20,12,False,True,normal,orageux
2022-12-23 02:16:37,Hôpital Général Douala,O+,23,6,0,17,4.5,11,100.0,faible,Hémoglobine dans les normes,4,2,12,False,True,normal,nuageux
2022-12-23 23:13:30,Hôpital Général Douala,O+,23,12,0,11,4.2,8,90.7,faible,Contrôle bactériologique négatif,4,23,12,False,True,normal,ensoleillé
2022-12-24 00:36:48,Hôpital Général Douala,B-,38,7,0,31,4.0,22,98.3,normale,Urgent: vérifier température stockage,5,0,12,True,True,normal,nuageux
2022-12-25 14:20:18,Hôpital Général Douala,O+,43,7,22,58,4.7,15,100.0,normale,"État satisfaisant, contrôle qualité OK",6,14,12,True,True,normal,nuageux
2022-12-25 22:32:25,Hôpital Général Douala,A+,45,5,18,58,5.6,8,100.0,normale,Parfait pour transfusion immédiate,6,22,12,True,True,normal,ensoleillé
2022-12-26 01:09:17,Hôpital Général Douala,A+,37,13,0,24,3.2,2,77.9,normale,Parfait pour transfusion immédiate,0,1,12,False,True,normal,nuageux
2022-12-26 08:00:44,Hôpital Général Douala,O+,43,4,0,39,3.8,1,66.3,attention,Hémoglobine dans les normes,0,8,12,False,True,normal,nuageux
2022-12-26 12:07:08,Hôpital Général Douala,A+,53,15,0,38,3.4,1,57.3,attention,Parfait pour transfusion immédiate,0,12,12,False,True,normal,orageux
2022-12-27 03:42:17,Hôpital Général Douala,O+,33,9,0,24,3.9,6,100.0,normale,Urgent: vérifier température stockage,1,3,12,False,True,normal,orageux
2022-12-27 05:07:29,Hôpital Général Douala,O+,33,6,17,44,4.2,20,93.4,normale,Hémoglobine dans les normes,1,5,12,False,True,normal,pluvieux
2022-12-27 08:13:13,Hôpital Général Douala,O-,69,15,0,54,4.8,13,92.0,normale,Contrôle bactériologique négatif,1,8,12,False,True,normal,ensoleillé
2022-12-27 15:06:02,Hôpital Général Douala,O+,62,13,0,49,3.8,7,100.0,normale,Attention: proche expiration,1,15,12,False,True,normal,ensoleillé
2022-12-27 22:47:37,Hôpital Général Douala,O+,32,18,0,14,3.7,4,72.8,faible,Hémoglobine dans les normes,1,22,12,False,True,normal,ensoleillé
2022-12-28 10:48:22,Hôpital Général Douala,A-,62,12,0,50,4.6,1,55.9,attention,Urgent: vérifier température stockage,2,10,12,False,True,normal,ensoleillé
2022-12-29 11:52:53,Hôpital Général Douala,A+,48,15,17,50,3.0,8,100.0,normale,Urgent: vérifier température stockage,3,11,12,False,True,normal,orageux
2022-12-31 01:09:48,Hôpital Général Douala,A+,17,9,19,27,3.9,1,55.0,attention,Parfait pour transfusion immédiate,5,1,12,True,True,normal,ensoleillé
2022-12-31 08:50:47,Hôpital Général Douala,AB+,48,4,0,44,3.6,1,55.5,attention,Attention: proche expiration,5,8,12,True,True,normal,nuageux
2022-12-31 14:11:35,Hôpital Général Douala,O-,37,9,0,28,4.7,68,97.2,normale,Hémoglobine dans les normes,5,14,12,True,True,normal,orageux
2022-12-31 19:21:43,Hôpital Général Douala,O+,36,8,21,49,4.3,22,100.0,normale,"Excellent état, conservation parfaite",5,19,12,True,True,normal,ensoleillé
2023-01-01 03:57:11,Hôpital Général Douala,O+,29,2,24,51,4.8,11,97.5,normale,Contrôle bactériologique négatif,6,3,1,True,True,normal,nuageux
2023-01-01 15:59:29,Hôpital Général Douala,A+,48,7,0,41,3.6,13,100.0,normale,Attention: proche expiration,6,15,1,True,True,normal,ensoleillé
2023-01-03 00:48:21,Hôpital Général Douala,O-,25,11,24,38,3.6,53,93.4,normale,Contrôle bactériologique négatif,1,0,1,False,True,normal,ensoleillé
2023-01-04 01:08:48,Hôpital Général Douala,O+,21,12,25,34,3.3,12,93.6,normale,"État satisfaisant, contrôle qualité OK",2,1,1,False,True,normal,ensoleillé
2023-01-04 02:13:40,Hôpital Général Douala,B+,50,3,0,47,3.2,16,97.4,normale,Hémoglobine dans les normes,2,2,1,False,True,normal,orageux
2023-01-04 02:20:06,Hôpital Général Douala,O+,49,8,20,61,3.9,16,99.9,normale,"Bon état général, légère variation température",2,2,1,False,True,normal,ensoleillé
2023-01-04 05:48:44,Hôpital Général Douala,O-,35,11,19,43,3.9,1,62.2,attention,Contrôle bactériologique négatif,2,5,1,False,True,normal,nuageux
2023-01-04 13:19:46,Hôpital Général Douala,A+,63,6,15,72,3.0,24,98.0,normale,Parfait pour transfusion immédiate,2,13,1,False,True,normal,ensoleillé
2023-01-04 15:25:47,Hôpital Général Douala,A+,56,12,0,44,3.6,17,100.0,normale,"Excellent état, conservation parfaite",2,15,1,False,True,normal,orageux
2023-01-04 16:34:22,Hôpital Général Douala,A+,42,13,19,48,3.3,7,100.0,normale,Attention: proche expiration,2,16,1,False,True,normal,ensoleillé
2023-01-06 11:32:48,Hôpital Général Douala,O-,65,9,23,79,3.8,11,100.0,normale,Hémoglobine dans les normes,4,11,1,False,True,normal,orageux
2023-01-07 12:31:56,Hôpital Général Douala,O+,47,6,0,41,4.8,1,59.9,attention,Attention: proche expiration,5,12,1,True,True,normal,ensoleillé
2023-01-07 18:57:51,Hôpital Général Douala,A+,65,5,24,84,4.2,25,96.4,normale,Contrôle bactériologique négatif,5,18,1,True,True,normal,ensoleillé
2023-01-08 00:51:26,Hôpital Général Douala,O+,10,7,26,29,4.2,10,100.0,normale,"Bon état général, légère variation température",6,0,1,True,True,normal,ensoleillé
2023-01-08 08:33:20,Hôpital Général Douala,A+,35,9,25,51,3.3,16,100.0,normale,Urgent: vérifier température stockage,6,8,1,True,True,normal,pluvieux
2023-01-09 02:44:39,Hôpital Général Douala,O+,42,8,20,54,5.4,6,100.0,normale,Contrôle bactériologique négatif,0,2,1,False,True,normal,ensoleillé
2023-01-09 04:12:52,Hôpital Général Douala,B+,15,11,19,23,4.6,7,100.0,normale,"Excellent état, conservation parfaite",0,4,1,False,True,normal,orageux
2023-01-09 04:54:23,Hôpital Général Douala,O+,32,10,0,22,3.6,13,93.7,normale,Attention: proche expiration,0,4,1,False,True,normal,pluvieux
2023-01-09 08:13:31,Hôpital Général Douala,O+,34,9,19,44,3.8,1,64.8,attention,Attention: proche expiration,0,8,1,False,True,normal,pluvieux
2023-01-10 00:25:26,Hôpital Général Douala,O-,24,9,0,15,4.2,49,99.0,faible,"Bon état général, légère variation température",1,0,1,False,True,normal,ensoleillé
2023-01-10 02:56:59,Hôpital Général Douala,A+,40,6,22,56,3.9,5,95.4,normale,Urgent: vérifier température stockage,1,2,1,False,True,normal,ensoleillé
2023-01-10 06:17:40,Hôpital Général Douala,O+,66,4,0,62,3.1,23,96.8,normale,"Bon état général, légère variation température",1,6,1,False,True,normal,ensoleillé
2023-01-10 07:49:13,Hôpital Général Douala,O+,36,14,16,38,4.2,52,100.0,normale,Urgent: vérifier température stockage,1,7,1,False,True,normal,ensoleillé
2023-01-10 10:22:04,Hôpital Général Douala,A+,81,5,28,104,4.4,17,98.6,normale,Contrôle bactériologique négatif,1,10,1,False,True,accident_route,pluvieux
2023-01-10 17:51:03,Hôpital Général Douala,O+,70,4,21,87,3.9,49,92.3,normale,Attention: proche expiration,1,17,1,False,True,normal,ensoleillé
2023-01-10 18:26:38,Hôpital Général Douala,O+,33,12,0,21,4.4,13,100.0,normale,Hémoglobine dans les normes,1,18,1,False,True,normal,pluvieux
2023-01-10 22:51:57,Hôpital Général Douala,A+,23,7,23,39,3.6,13,100.0,normale,Hémoglobine dans les normes,1,22,1,False,True,normal,pluvieux
2023-01-10 23:30:19,Hôpital Général Douala,O+,21,11,0,10,3.5,12,95.9,faible,"Bon état général, légère variation température",1,23,1,False,True,normal,pluvieux
2023-01-11 02:44:38,Hôpital Général Douala,O+,29,8,0,21,3.6,2,81.3,normale,Urgent: vérifier température stockage,2,2,1,False,True,normal,nuageux
2023-01-11 17:56:34,Hôpital Général Douala,AB+,96,12,0,84,3.9,6,100.0,normale,Hémoglobine dans les normes,2,17,1,False,True,normal,ensoleillé
2023-01-12 03:09:55,Hôpital Général Douala,O+,25,7,0,18,3.8,8,97.6,faible,"Bon état général, légère variation température",3,3,1,False,True,normal,ensoleillé
2023-01-12 11:04:49,Hôpital Général Douala,A+,81,5,17,93,3.3,6,100.0,normale,Parfait pour transfusion immédiate,3,11,1,False,True,normal,ensoleillé
2023-01-12 22:41:14,Hôpital Général Douala,A-,107,10,23,120,3.5,29,100.0,normale,"Bon état général, légère variation température",3,22,1,False,True,normal,ensoleillé
2023-01-13 09:06:35,Hôpital Général Douala,O+,39,3,0,36,3.5,6,97.9,normale,"Bon état général, légère variation température",4,9,1,False,True,normal,pluvieux
2023-01-13 14:27:46,Hôpital Général Douala,A+,13,8,0,5,4.7,3,82.7,critique,"URGENT: Stock critique - Excellent état, conservation parfaite",4,14,1,False,True,normal,ensoleillé
2023-01-13 21:05:00,Hôpital Général Douala,A+,95,2,0,93,4.8,65,86.4,normale,"Excellent état, conservation parfaite",4,21,1,False,True,urgence_médicale,ensoleillé
2023-01-14 00:12:45,Hôpital Général Douala,O+,32,10,0,22,4.3,31,100.0,normale,"État satisfaisant, contrôle qualité OK",5,0,1,True,True,normal,pluvieux
2023-01-14 02:41:51,Hôpital Général Douala,O+,27,5,0,22,3.6,29,97.7,normale,"État satisfaisant, contrôle qualité OK",5,2,1,True,True,normal,nuageux
2023-01-14 14:49:06,Hôpital Général Douala,O+,36,15,16,37,3.9,3,88.6,normale,"Bon état général, légère variation température",5,14,1,True,True,normal,pluvieux
2023-01-14 15:32:31,Hôpital Général Douala,A+,73,7,0,66,4.8,13,98.0,normale,Urgent: vérifier température stockage,5,15,1,True,True,normal,ensoleillé
2023-01-14 22:23:24,Hôpital Général Douala,O+,46,3,0,43,3.6,2,91.6,normale,Contrôle bactériologique négatif,5,22,1,True,True,normal,pluvieux
2023-01-15 05:15:25,Hôpital Général Douala,O+,19,11,13,21,4.1,16,95.6,normale,"Excellent état, conservation parfaite",6,5,1,True,True,normal,pluvieux
2023-01-15 06:07:54,Hôpital Général Douala,B+,44,10,21,55,4.2,21,98.0,normale,Urgent: vérifier température stockage,6,6,1,True,True,normal,ensoleillé
2023-01-15 06:52:33,Hôpital Général Douala,O-,52,6,0,46,3.7,1,70.8,normale,Parfait pour transfusion immédiate,6,6,1,True,True,normal,ensoleillé
2023-01-15 16:24:49,Hôpital Général Douala,O+,36,4,0,32,4.1,65,98.4,normale,Parfait pour transfusion immédiate,6,16,1,True,True,normal,ensoleillé
2023-01-16 13:11:51,Hôpital Général Douala,O+,85,10,0,75,4.6,7,91.0,normale,"Excellent état, conservation parfaite",0,13,1,False,True,normal,pluvieux
2023-01-16 18:55:44,Hôpital Général Douala,O+,52,4,0,48,3.4,5,95.9,normale,"État satisfaisant, contrôle qualité OK",0,18,1,False,True,normal,ensoleillé
2023-01-17 09:02:22,Hôpital Général Douala,B-,52,7,16,61,4.2,5,91.7,normale,Hémoglobine dans les normes,1,9,1,False,True,normal,orageux
2023-01-18 15:11:18,Hôpital Général Douala,B+,72,11,0,61,3.0,11,89.3,normale,Attention: proche expiration,2,15,1,False,True,normal,nuageux
2023-01-18 23:42:52,Hôpital Général Douala,O+,20,10,0,10,3.5,2,84.8,faible,"État satisfaisant, contrôle qualité OK",2,23,1,False,True,normal,ensoleillé
2023-01-19 04:54:34,Hôpital Général Douala,A-,29,5,0,24,4.2,49,100.0,normale,"État satisfaisant, contrôle qualité OK",3,4,1,False,True,normal,orageux
2023-01-19 07:48:07,Hôpital Général Douala,O+,65,12,14,67,4.5,3,83.4,normale,"Excellent état, conservation parfaite",3,7,1,False,True,normal,nuageux
2023-01-19 11:28:25,Hôpital Général Douala,O+,83,5,0,78,4.1,4,87.8,normale,Attention: proche expiration,3,11,1,False,True,normal,ensoleillé
2023-01-19 23:51:30,Hôpital Général Douala,A+,15,8,0,7,3.1,19,100.0,critique,"URGENT: Stock critique - État satisfaisant, contrôle qualité OK",3,23,1,False,True,normal,pluvieux
2023-01-20 23:02:28,Hôpital Général Douala,B+,30,8,0,22,4.1,7,93.2,normale,Hémoglobine dans les normes,4,23,1,False,True,normal,ensoleillé
2023-01-21 05:08:45,Hôpital Général Douala,B+,22,5,21,38,3.5,17,100.0,normale,"État satisfaisant, contrôle qualité OK",5,5,1,True,True,normal,ensoleillé
2023-01-21 13:30:33,Hôpital Général Douala,A+,52,4,0,48,3.1,21,100.0,normale,Hémoglobine dans les normes,5,13,1,True,True,normal,nuageux
2023-01-22 05:51:18,Hôpital Général Douala,O-,14,8,23,29,4.1,18,100.0,normale,"État satisfaisant, contrôle qualité OK",6,5,1,True,True,normal,ensoleillé
2023-01-22 07:39:14,Hôpital Général Douala,AB+,26,11,24,39,3.9,17,100.0,normale,Attention: proche expiration,6,7,1,True,True,normal,pluvieux
2023-01-22 13:11:23,Hôpital Général Douala,B+,51,6,0,45,4.2,14,96.9,normale,Attention: proche expiration,6,13,1,True,True,normal,ensoleillé
2023-01-22 17:30:39,Hôpital Général Douala,A+,31,0,14,45,3.9,1,63.2,attention,Urgent: vérifier température stockage,6,17,1,True,True,normal,pluvieux
2023-01-23 14:51:13,Hôpital Général Douala,O+,74,2,0,72,3.9,29,95.6,normale,"État satisfaisant, contrôle qualité OK",0,14,1,False,True,normal,pluvieux
2023-01-23 19:39:15,Hôpital Général Douala,A-,47,10,20,57,4.6,39,97.8,normale,"Excellent état, conservation parfaite",0,19,1,False,True,normal,ensoleillé
2023-01-24 05:29:31,Hôpital Général Douala,O+,42,7,25,60,3.7,9,100.0,normale,"Bon état général, légère variation température",1,5,1,False,True,normal,orageux
2023-01-24 06:34:51,Hôpital Général Douala,A+,79,5,22,96,4.3,37,91.0,normale,Attention: proche expiration,1,6,1,False,True,normal,ensoleillé
2023-01-24 17:28:39,Hôpital Général Douala,B+,66,8,19,77,3.6,8,98.4,normale,"État satisfaisant, contrôle qualité OK",1,17,1,False,True,normal,pluvieux
2023-01-24 17:34:28,Hôpital Général Douala,A-,39,11,27,55,3.8,12,100.0,normale,"État satisfaisant, contrôle qualité OK",1,17,1,False,True,normal,nuageux
2023-01-24 23:27:19,Hôpital Général Douala,O+,28,10,0,18,4.9,19,100.0,faible,Contrôle bactériologique négatif,1,23,1,False,True,normal,ensoleillé
2023-01-25 08:00:16,Hôpital Général Douala,A+,77,13,19,83,4.0,27,97.9,normale,"État satisfaisant, contrôle qualité OK",2,8,1,False,True,campagne_don,ensoleillé
2023-01-25 18:55:09,Hôpital Général Douala,A+,34,14,0,20,4.9,14,96.5,normale,"État satisfaisant, contrôle qualité OK",2,18,1,False,True,normal,ensoleillé
2023-01-26 05:17:20,Hôpital Général Douala,O+,29,9,0,20,3.6,2,85.8,normale,"État satisfaisant, contrôle qualité OK",3,5,1,False,True,normal,pluvieux
2023-01-26 07:39:37,Hôpital Général Douala,A+,59,10,0,49,4.0,22,97.0,normale,"Excellent état, conservation parfaite",3,7,1,False,True,normal,ensoleillé
2023-01-26 08:38:32,Hôpital Général Douala,A+,93,10,30,113,4.0,8,93.9,normale,Parfait pour transfusion immédiate,3,8,1,False,True,campagne_don,pluvieux
2023-01-26 19:45:11,Hôpital Général Douala,A-,61,3,18,76,3.9,44,99.2,normale,Urgent: vérifier température stockage,3,19,1,False,True,normal,pluvieux
2023-01-26 23:44:14,Hôpital Général Douala,O+,48,13,0,35,4.5,1,60.7,attention,Parfait pour transfusion immédiate,3,23,1,False,True,normal,ensoleillé
2023-01-27 13:17:37,Hôpital Général Douala,O+,63,10,0,53,4.0,29,99.7,normale,"Excellent état, conservation parfaite",4,13,1,False,True,normal,ensoleillé
2023-01-27 14:52:51,Hôpital Général Douala,A+,69,7,0,62,4.7,7,98.2,normale,Parfait pour transfusion immédiate,4,14,1,False,True,normal,nuageux
2023-01-27 23:03:04,Hôpital Général Douala,B+,36,15,15,36,4.0,77,100.0,normale,Contrôle bactériologique négatif,4,23,1,False,True,normal,ensoleillé
2023-01-28 00:09:19,Hôpital Général Douala,O+,21,11,28,38,3.4,44,100.0,normale,Hémoglobine dans les normes,5,0,1,True,True,normal,nuageux
2023-01-28 02:03:22,Hôpital Général Douala,A+,18,4,0,14,3.9,1,61.6,faible,"Excellent état, conservation parfaite",5,2,1,True,True,normal,pluvieux
2023-01-28 16:27:45,Hôpital Général Douala,B+,35,7,0,28,4.3,14,100.0,normale,Urgent: vérifier température stockage,5,16,1,True,True,normal,ensoleillé
2023-01-29 13:22:45,Hôpital Général Douala,A+,55,6,0,49,4.1,1,60.3,attention,Hémoglobine dans les normes,6,13,1,True,True,normal,ensoleillé
2023-01-30 01:16:25,Hôpital Général Douala,A+,17,7,0,10,3.0,26,97.7,faible,Urgent: vérifier température stockage,0,1,1,False,True,normal,ensoleillé
2023-01-30 05:14:43,Hôpital Général Douala,O-,32,12,0,20,4.4,17,98.8,normale,"Bon état général, légère variation température",0,5,1,False,True,normal,ensoleillé
2023-01-30 12:52:05,Hôpital Général Douala,A+,52,12,0,40,3.8,3,87.6,normale,Contrôle bactériologique négatif,0,12,1,False,True,normal,ensoleillé
2023-01-30 18:17:48,Hôpital Général Douala,O+,51,8,0,43,3.2,6,100.0,normale,Hémoglobine dans les normes,0,18,1,False,True,normal,pluvieux
2023-01-30 20:00:43,Hôpital Général Douala,O+,71,10,0,61,3.7,17,100.0,normale,Contrôle bactériologique négatif,0,20,1,False,True,épidémie,ensoleillé
2023-01-31 03:53:40,Hôpital Général Douala,A-,37,5,0,32,5.0,29,94.6,normale,Parfait pour transfusion immédiate,1,3,1,False,True,urgence_médicale,nuageux
2023-02-01 02:11:43,Hôpital Général Douala,O+,17,4,0,13,3.8,26,100.0,faible,Parfait pour transfusion immédiate,2,2,2,False,False,normal,ensoleillé
2023-02-01 10:46:09,Hôpital Général Douala,O-,62,10,0,52,4.1,5,90.7,normale,Parfait pour transfusion immédiate,2,10,2,False,False,normal,nuageux
2023-02-01 10:59:26,Hôpital Général Douala,A+,54,8,0,46,3.7,4,81.2,normale,"Bon état général, légère variation température",2,10,2,False,False,normal,pluvieux
2023-02-01 11:22:32,Hôpital Général Douala,O+,13,8,25,30,3.7,1,59.1,attention,"État satisfaisant, contrôle qualité OK",2,11,2,False,False,normal,pluvieux
2023-02-02 03:24:37,Hôpital Général Douala,O+,13,5,0,8,4.7,1,57.1,critique,"URGENT: Stock critique - Bon état général, légère variation température",3,3,2,False,False,normal,ensoleillé
2023-02-02 12:24:39,Hôpital Général Douala,A+,52,10,0,42,4.0,18,95.1,normale,"Excellent état, conservation parfaite",3,12,2,False,False,normal,nuageux
2023-02-02 21:51:50,Hôpital Général Douala,B+,46,11,0,35,3.3,10,100.0,normale,Contrôle bactériologique négatif,3,21,2,False,False,normal,nuageux
2023-02-02 22:49:38,Hôpital Général Douala,A+,38,5,0,33,3.5,2,83.9,normale,"Excellent état, conservation parfaite",3,22,2,False,False,normal,nuageux
2023-02-03 02:40:29,Hôpital Général Douala,O+,19,0,0,19,4.8,19,100.0,faible,Attention: proche expiration,4,2,2,False,False,normal,ensoleillé
2023-02-03 15:26:56,Hôpital Général Douala,AB+,42,10,21,53,3.8,77,100.0,normale,"Excellent état, conservation parfaite",4,15,2,False,False,normal,ensoleillé
2023-02-03 15:37:59,Hôpital Général Douala,A+,30,8,0,22,4.4,23,99.5,normale,"Excellent état, conservation parfaite",4,15,2,False,False,normal,ensoleillé
2023-02-03 16:21:26,Hôpital Général Douala,A-,58,8,0,50,3.7,1,60.6,attention,"Bon état général, légère variation température",4,16,2,False,False,normal,ensoleillé
2023-02-04 03:09:56,Hôpital Général Douala,A+,21,6,0,15,3.6,17,100.0,faible,"État satisfaisant, contrôle qualité OK",5,3,2,True,False,normal,orageux
2023-02-04 06:47:07,Hôpital Général Douala,A+,29,9,0,20,3.8,32,99.7,normale,Attention: proche expiration,5,6,2,True,False,épidémie,ensoleillé
2023-02-04 08:33:53,Hôpital Général Douala,O+,33,0,17,50,3.8,5,91.3,normale,Contrôle bactériologique négatif,5,8,2,True,False,normal,orageux
2023-02-04 19:49:06,Hôpital Général Douala,O+,24,6,0,18,3.9,11,95.3,faible,Attention: proche expiration,5,19,2,True,False,normal,ensoleillé
2023-02-04 23:55:31,Hôpital Général Douala,B+,17,6,0,11,3.9,9,98.1,faible,Contrôle bactériologique négatif,5,23,2,True,False,normal,ensoleillé
2023-02-05 07:10:43,Hôpital Général Douala,O+,34,2,0,32,4.9,3,73.4,normale,"Bon état général, légère variation température",6,7,2,True,False,normal,ensoleillé
2023-02-05 18:49:24,Hôpital Général Douala,A+,33,2,30,61,3.2,39,100.0,normale,Contrôle bactériologique négatif,6,18,2,True,False,normal,ensoleillé
2023-02-06 20:17:22,Hôpital Général Douala,O+,43,9,0,34,5.0,16,93.8,normale,"Bon état général, légère variation température",0,20,2,False,False,normal,pluvieux
2023-02-07 11:04:38,Hôpital Général Douala,A+,27,11,0,16,3.9,12,100.0,faible,"État satisfaisant, contrôle qualité OK",1,11,2,False,False,normal,nuageux
2023-02-07 23:05:28,Hôpital Général Douala,O+,21,7,18,32,4.2,2,84.4,normale,"État satisfaisant, contrôle qualité OK",1,23,2,False,False,normal,pluvieux
2023-02-08 20:33:00,Hôpital Général Douala,O+,46,6,0,40,2.9,1,57.9,attention,Parfait pour transfusion immédiate,2,20,2,False,False,normal,orageux
2023-02-10 06:03:51,Hôpital Général Douala,O+,58,10,0,48,4.1,41,99.0,normale,Urgent: vérifier température stockage,4,6,2,False,False,normal,pluvieux
2023-02-10 21:38:22,Hôpital Général Douala,O+,33,7,0,26,3.9,13,100.0,normale,Urgent: vérifier température stockage,4,21,2,False,False,normal,ensoleillé
2023-02-11 07:20:59,Hôpital Général Douala,AB-,25,7,0,18,3.7,11,92.2,faible,Parfait pour transfusion immédiate,5,7,2,True,False,normal,nuageux
2023-02-11 12:04:39,Hôpital Général Douala,A+,20,4,23,39,4.3,2,92.2,normale,Hémoglobine dans les normes,5,12,2,True,False,normal,ensoleillé
2023-02-11 20:26:30,Hôpital Général Douala,AB+,55,2,24,77,2.7,19,100.0,normale,Parfait pour transfusion immédiate,5,20,2,True,False,normal,orageux
2023-02-12 04:41:13,Hôpital Général Douala,O+,16,6,0,10,3.5,37,96.6,faible,"Bon état général, légère variation température",6,4,2,True,False,normal,nuageux
2023-02-12 06:00:21,Hôpital Général Douala,A-,42,7,0,35,3.8,19,97.9,normale,Urgent: vérifier température stockage,6,6,2,True,False,normal,pluvieux
2023-02-13 07:40:38,Hôpital Général Douala,O+,61,5,0,56,4.1,11,100.0,normale,Attention: proche expiration,0,7,2,False,False,normal,pluvieux
2023-02-13 21:26:17,Hôpital Général Douala,O+,65,1,26,90,3.5,2,95.2,normale,Attention: proche expiration,0,21,2,False,False,normal,ensoleillé
2023-02-14 06:45:49,Hôpital Général Douala,O+,65,6,0,59,4.1,13,94.2,normale,Urgent: vérifier température stockage,1,6,2,False,False,normal,pluvieux
2023-02-14 22:22:26,Hôpital Général Douala,A+,47,5,0,42,4.6,22,100.0,normale,"État satisfaisant, contrôle qualité OK",1,22,2,False,False,normal,nuageux
2023-02-15 20:10:09,Hôpital Général Douala,O+,36,6,0,30,5.0,2,84.0,normale,Attention: proche expiration,2,20,2,False,False,normal,nuageux
2023-02-16 12:27:28,Hôpital Général Douala,O+,60,6,0,54,4.3,6,92.5,normale,Hémoglobine dans les normes,3,12,2,False,False,normal,nuageux
2023-02-16 19:37:33,Hôpital Général Douala,A-,41,1,0,40,3.3,3,85.5,normale,"État satisfaisant, contrôle qualité OK",3,19,2,False,False,normal,orageux
2023-02-16 20:38:24,Hôpital Général Douala,A+,43,0,21,64,4.3,23,100.0,normale,Contrôle bactériologique négatif,3,20,2,False,False,normal,pluvieux
2023-02-17 11:19:51,Hôpital Général Douala,A+,58,6,18,70,5.1,1,66.6,attention,Attention: proche expiration,4,11,2,False,False,normal,pluvieux
2023-02-17 12:54:31,Hôpital Général Douala,A+,53,4,19,68,4.3,14,96.3,normale,Urgent: vérifier température stockage,4,12,2,False,False,normal,pluvieux
2023-02-17 16:01:33,Hôpital Général Douala,O+,44,4,0,40,4.3,22,94.7,normale,Attention: proche expiration,4,16,2,False,False,normal,nuageux
2023-02-18 16:03:16,Hôpital Général Douala,B+,28,4,0,24,4.9,2,79.7,normale,Urgent: vérifier température stockage,5,16,2,True,False,normal,nuageux
2023-02-18 19:05:28,Hôpital Général Douala,A+,50,2,14,62,4.5,29,100.0,normale,Hémoglobine dans les normes,5,19,2,True,False,normal,pluvieux
2023-02-18 19:05:49,Hôpital Général Douala,A+,34,3,0,31,4.7,10,95.4,normale,"Bon état général, légère variation température",5,19,2,True,False,normal,ensoleillé
2023-02-18 21:08:44,Hôpital Général Douala,A+,40,4,0,36,4.7,7,100.0,normale,"Bon état général, légère variation température",5,21,2,True,False,normal,orageux
2023-02-20 02:19:00,Hôpital Général Douala,O-,18,6,0,12,4.3,1,59.3,faible,Contrôle bactériologique négatif,0,2,2,False,False,normal,ensoleillé
2023-02-20 02:23:38,Hôpital Général Douala,O+,16,14,0,2,4.4,23,100.0,critique,"URGENT: Stock critique - État satisfaisant, contrôle qualité OK",0,2,2,False,False,normal,pluvieux
2023-02-20 08:09:13,Hôpital Général Douala,O+,57,8,0,49,4.0,13,90.8,normale,Contrôle bactériologique négatif,0,8,2,False,False,urgence_médicale,nuageux
2023-02-20 15:57:41,Hôpital Général Douala,O+,52,4,24,72,4.4,21,96.9,normale,Attention: proche expiration,0,15,2,False,False,normal,nuageux
2023-02-20 18:47:28,Hôpital Général Douala,A+,45,5,26,66,3.4,18,98.3,normale,Attention: proche expiration,0,18,2,False,False,normal,ensoleillé
2023-02-21 02:52:55,Hôpital Général Douala,B+,27,8,0,19,3.3,2,73.7,faible,Attention: proche expiration,1,2,2,False,False,normal,ensoleillé
2023-02-21 05:13:41,Hôpital Général Douala,O+,22,12,0,10,4.9,19,95.0,faible,"État satisfaisant, contrôle qualité OK",1,5,2,False,False,normal,nuageux
2023-02-21 09:43:10,Hôpital Général Douala,A+,68,6,19,81,4.5,9,95.3,normale,"Bon état général, légère variation température",1,9,2,False,False,normal,ensoleillé
2023-02-21 18:13:45,Hôpital Général Douala,A+,30,9,0,21,4.5,7,94.8,normale,"Bon état général, légère variation température",1,18,2,False,False,normal,orageux
2023-02-21 20:38:26,Hôpital Général Douala,B+,58,11,0,47,3.7,24,95.9,normale,Hémoglobine dans les normes,1,20,2,False,False,normal,nuageux
2023-02-22 05:14:23,Hôpital Général Douala,A+,31,9,0,22,4.6,5,100.0,normale,Urgent: vérifier température stockage,2,5,2,False,False,normal,nuageux
2023-02-22 14:37:20,Hôpital Général Douala,A+,37,9,0,28,4.7,5,100.0,normale,Hémoglobine dans les normes,2,14,2,False,False,normal,nuageux
2023-02-22 18:36:27,Hôpital Général Douala,AB-,48,7,0,41,4.1,15,100.0,normale,Attention: proche expiration,2,18,2,False,False,normal,nuageux
2023-02-22 19:42:34,Hôpital Général Douala,A+,62,7,0,55,3.6,3,84.2,normale,Parfait pour transfusion immédiate,2,19,2,False,False,normal,pluvieux
2023-02-23 08:34:04,Hôpital Général Douala,A+,41,10,0,31,4.2,1,59.6,attention,Urgent: vérifier température stockage,3,8,2,False,False,normal,pluvieux
2023-02-23 11:22:25,Hôpital Général Douala,O+,46,11,0,35,3.8,60,100.0,normale,"État satisfaisant, contrôle qualité OK",3,11,2,False,False,normal,pluvieux
2023-02-23 20:02:56,Hôpital Général Douala,A+,34,14,0,20,4.2,14,100.0,normale,"État satisfaisant, contrôle qualité OK",3,20,2,False,False,normal,orageux
2023-02-23 21:02:56,Hôpital Général Douala,B+,74,7,0,67,4.0,1,58.3,attention,Contrôle bactériologique négatif,3,21,2,False,False,normal,nuageux
2023-02-24 12:40:04,Hôpital Général Douala,O+,85,8,0,77,4.2,54,96.8,normale,Attention: proche expiration,4,12,2,False,False,normal,nuageux
2023-02-24 13:55:04,Hôpital Général Douala,B+,46,7,0,39,3.6,8,100.0,normale,Attention: proche expiration,4,13,2,False,False,normal,ensoleillé
2023-02-24 20:48:50,Hôpital Général Douala,O+,37,7,0,30,2.9,16,100.0,normale,Attention: proche expiration,4,20,2,False,False,normal,ensoleillé
2023-02-24 21:05:15,Hôpital Général Douala,O+,35,5,0,30,3.4,2,86.8,normale,Attention: proche expiration,4,21,2,False,False,normal,nuageux
2023-02-24 22:06:49,Hôpital Général Douala,A+,32,10,0,22,4.7,23,99.2,normale,"Bon état général, légère variation température",4,22,2,False,False,normal,ensoleillé
2023-02-25 13:20:27,Hôpital Général Douala,O+,40,8,0,32,4.6,7,100.0,normale,Contrôle bactériologique négatif,5,13,2,True,False,normal,pluvieux
2023-02-26 00:25:15,Hôpital Général Douala,O+,16,7,0,9,4.0,11,96.3,critique,URGENT: Stock critique - Parfait pour transfusion immédiate,6,0,2,True,False,normal,ensoleillé
2023-02-26 08:46:26,Hôpital Général Douala,O-,36,5,0,31,4.1,9,91.8,normale,Parfait pour transfusion immédiate,6,8,2,True,False,normal,ensoleillé
2023-02-26 11:00:17,Hôpital Général Douala,A+,50,7,0,43,4.2,1,63.4,attention,"État satisfaisant, contrôle qualité OK",6,11,2,True,False,campagne_don,nuageux
2023-02-26 21:48:42,Hôpital Général Douala,A+,32,8,0,24,4.8,10,98.6,normale,Attention: proche expiration,6,21,2,True,False,urgence_médicale,ensoleillé
2023-02-27 21:34:45,Hôpital Général Douala,O+,40,12,0,28,4.3,10,99.4,normale,Parfait pour transfusion immédiate,0,21,2,False,False,normal,pluvieux
2023-02-28 18:32:24,Hôpital Général Douala,B+,34,11,20,43,3.0,8,95.2,normale,Parfait pour transfusion immédiate,1,18,2,False,False,épidémie,ensoleillé
2023-03-01 07:16:15,Hôpital Général Douala,O+,33,6,18,45,3.6,52,94.8,normale,Attention: proche expiration,2,7,3,False,False,normal,nuageux
2023-03-01 08:49:05,Hôpital Général Douala,O+,43,5,0,38,4.9,3,81.5,normale,Hémoglobine dans les normes,2,8,3,False,False,normal,ensoleillé
2023-03-01 10:05:08,Hôpital Général Douala,O+,52,10,0,42,4.0,28,90.8,normale,"Bon état général, légère variation température",2,10,3,False,False,normal,ensoleillé
2023-03-01 12:36:09,Hôpital Général Douala,A+,56,5,0,51,4.6,17,100.0,normale,Contrôle bactériologique négatif,2,12,3,False,False,normal,pluvieux
2023-03-02 09:41:32,Hôpital Général Douala,A+,44,6,0,38,3.8,13,100.0,normale,"État satisfaisant, contrôle qualité OK",3,9,3,False,False,normal,ensoleillé
2023-03-03 06:22:28,Hôpital Général Douala,A-,53,15,0,38,4.7,1,66.0,attention,"État satisfaisant, contrôle qualité OK",4,6,3,False,False,campagne_don,pluvieux
2023-03-03 07:57:37,Hôpital Général Douala,O+,47,7,0,40,4.5,13,100.0,normale,Parfait pour transfusion immédiate,4,7,3,False,False,normal,orageux
2023-03-03 20:54:45,Hôpital Général Douala,O+,61,9,0,52,4.2,11,100.0,normale,Contrôle bactériologique négatif,4,20,3,False,False,normal,nuageux
2023-03-04 04:37:25,Hôpital Général Douala,A+,26,8,0,18,3.8,6,97.5,faible,"Excellent état, conservation parfaite",5,4,3,True,False,normal,orageux
2023-03-04 15:29:04,Hôpital Général Douala,A+,46,5,0,41,2.6,11,97.6,normale,Attention: proche expiration,5,15,3,True,False,normal,ensoleillé
2023-03-04 20:25:41,Hôpital Général Douala,O+,53,2,0,51,5.1,4,90.7,normale,Hémoglobine dans les normes,5,20,3,True,False,normal,ensoleillé
2023-03-05 01:29:15,Hôpital Général Douala,O+,12,3,0,9,4.2,13,99.0,critique,URGENT: Stock critique - Hémoglobine dans les normes,6,1,3,True,False,normal,ensoleillé
2023-03-05 05:02:27,Hôpital Général Douala,O+,17,2,0,15,2.3,5,99.4,faible,"Excellent état, conservation parfaite",6,5,3,True,False,normal,pluvieux
2023-03-05 05:36:19,Hôpital Général Douala,A+,12,7,0,5,4.5,27,100.0,critique,"URGENT: Stock critique - Excellent état, conservation parfaite",6,5,3,True,False,normal,pluvieux
2023-03-05 18:46:59,Hôpital Général Douala,A+,40,4,20,56,4.4,18,100.0,normale,"Excellent état, conservation parfaite",6,18,3,True,False,normal,orageux
2023-03-05 19:02:09,Hôpital Général Douala,O+,45,10,0,35,3.5,1,62.4,attention,Urgent: vérifier température stockage,6,19,3,True,False,normal,ensoleillé
2023-03-06 19:21:31,Hôpital Général Douala,O-,47,3,0,44,3.5,35,100.0,normale,"Bon état général, légère variation température",0,19,3,False,False,normal,ensoleillé
2023-03-07 17:00:28,Hôpital Général Douala,B+,57,5,0,52,4.2,29,100.0,normale,Contrôle bactériologique négatif,1,17,3,False,False,normal,pluvieux
2023-03-07 18:32:09,Hôpital Général Douala,O+,86,8,0,78,3.5,30,98.8,normale,Parfait pour transfusion immédiate,1,18,3,False,False,normal,nuageux
2023-03-07 21:06:11,Hôpital Général Douala,AB-,39,7,0,32,3.5,4,93.3,normale,Attention: proche expiration,1,21,3,False,False,normal,ensoleillé
2023-03-08 00:17:50,Hôpital Général Douala,O+,25,3,19,41,3.9,14,98.6,normale,Parfait pour transfusion immédiate,2,0,3,False,False,normal,ensoleillé
2023-03-09 09:58:40,Hôpital Général Douala,O+,51,7,0,44,4.1,20,92.7,normale,"Bon état général, légère variation température",3,9,3,False,False,normal,ensoleillé
2023-03-09 21:03:36,Hôpital Général Douala,O+,48,9,0,39,4.6,7,94.7,normale,Parfait pour transfusion immédiate,3,21,3,False,False,normal,orageux
2023-03-10 01:27:36,Hôpital Général Douala,B-,30,9,0,21,4.0,33,100.0,normale,Contrôle bactériologique négatif,4,1,3,False,False,normal,pluvieux
2023-03-10 09:45:04,Hôpital Général Douala,A+,41,6,0,35,4.1,13,100.0,normale,"État satisfaisant, contrôle qualité OK",4,9,3,False,False,normal,ensoleillé
2023-03-10 12:30:49,Hôpital Général Douala,B+,36,6,0,30,4.6,5,100.0,normale,"Bon état général, légère variation température",4,12,3,False,False,normal,nuageux
2023-03-10 16:24:23,Hôpital Général Douala,A+,47,7,0,40,3.9,1,59.5,attention,"État satisfaisant, contrôle qualité OK",4,16,3,False,False,normal,ensoleillé
2023-03-11 09:45:16,Hôpital Général Douala,A-,26,3,19,42,4.6,9,97.8,normale,Hémoglobine dans les normes,5,9,3,True,False,normal,ensoleillé
2023-03-12 01:58:06,Hôpital Général Douala,A-,16,5,0,11,4.2,11,100.0,faible,"Excellent état, conservation parfaite",6,1,3,True,False,normal,nuageux
2023-03-12 13:17:26,Hôpital Général Douala,O-,21,5,0,16,3.7,53,100.0,faible,"Excellent état, conservation parfaite",6,13,3,True,False,normal,nuageux
2023-03-13 00:39:37,Hôpital Général Douala,A+,13,11,22,24,4.0,9,95.0,normale,"Excellent état, conservation parfaite",0,0,3,False,False,normal,ensoleillé
2023-03-13 04:38:55,Hôpital Général Douala,O-,33,2,0,31,4.0,13,100.0,normale,Attention: proche expiration,0,4,3,False,False,normal,pluvieux
2023-03-13 10:17:42,Hôpital Général Douala,AB+,20,8,0,12,4.1,22,94.2,faible,Urgent: vérifier température stockage,0,10,3,False,False,normal,ensoleillé
2023-03-13 15:44:33,Hôpital Général Douala,A+,41,7,0,34,4.1,23,98.0,normale,"Bon état général, légère variation température",0,15,3,False,False,normal,orageux
2023-03-13 19:38:02,Hôpital Général Douala,O+,61,4,0,57,4.1,6,96.2,normale,Contrôle bactériologique négatif,0,19,3,False,False,normal,pluvieux
2023-03-14 12:30:33,Hôpital Général Douala,O+,53,7,0,46,3.7,18,100.0,normale,"État satisfaisant, contrôle qualité OK",1,12,3,False,False,normal,ensoleillé
2023-03-16 05:31:37,Hôpital Général Douala,A+,13,12,0,1,4.8,25,98.0,critique,URGENT: Stock critique - Attention: proche expiration,3,5,3,False,False,normal,ensoleillé
2023-03-16 06:39:12,Hôpital Général Douala,O+,47,10,0,37,4.1,10,96.4,normale,Contrôle bactériologique négatif,3,6,3,False,False,normal,ensoleillé
2023-03-16 17:10:31,Hôpital Général Douala,O-,40,10,0,30,3.8,30,100.0,normale,"Excellent état, conservation parfaite",3,17,3,False,False,normal,pluvieux
2023-03-16 21:39:51,Hôpital Général Douala,O+,45,5,0,40,4.0,10,99.2,normale,Parfait pour transfusion immédiate,3,21,3,False,False,normal,nuageux
2023-03-17 04:05:09,Hôpital Général Douala,A+,21,7,0,14,4.4,42,100.0,faible,Parfait pour transfusion immédiate,4,4,3,False,False,normal,pluvieux
2023-03-19 22:43:21,Hôpital Général Douala,O-,33,6,0,27,4.8,4,86.2,normale,Contrôle bactériologique négatif,6,22,3,True,False,campagne_don,nuageux
2023-03-21 19:28:22,Hôpital Général Douala,O+,49,4,0,45,3.8,1,60.1,attention,Attention: proche expiration,1,19,3,False,False,normal,nuageux
2023-03-21 20:10:05,Hôpital Général Douala,A-,53,6,0,47,4.1,1,51.1,attention,Attention: proche expiration,1,20,3,False,False,normal,pluvieux
2023-03-21 20:33:54,Hôpital Général Douala,A+,21,7,24,38,3.8,8,100.0,normale,Parfait pour transfusion immédiate,1,20,3,False,False,normal,ensoleillé
2023-03-21 22:53:03,Hôpital Général Douala,A+,58,8,0,50,4.3,1,61.7,attention,"Excellent état, conservation parfaite",1,22,3,False,False,normal,ensoleillé
2023-03-22 18:30:02,Hôpital Général Douala,O+,62,4,0,58,3.8,46,99.0,normale,Hémoglobine dans les normes,2,18,3,False,False,normal,orageux
2023-03-23 13:02:17,Hôpital Général Douala,O+,62,6,0,56,3.4,10,95.3,normale,Parfait pour transfusion immédiate,3,13,3,False,False,normal,pluvieux
2023-03-23 19:09:54,Hôpital Général Douala,O+,54,7,0,47,5.0,3,82.7,normale,"État satisfaisant, contrôle qualité OK",3,19,3,False,False,normal,pluvieux
2023-03-23 19:41:32,Hôpital Général Douala,A-,37,5,20,52,3.2,4,87.7,normale,"État satisfaisant, contrôle qualité OK",3,19,3,False,False,campagne_don,orageux
2023-03-24 03:38:45,Hôpital Général Douala,A+,14,5,0,9,3.2,2,87.4,critique,URGENT: Stock critique - Hémoglobine dans les normes,4,3,3,False,False,normal,nuageux
2023-03-24 09:45:29,Hôpital Général Douala,A-,56,7,0,49,3.8,20,100.0,normale,Parfait pour transfusion immédiate,4,9,3,False,False,normal,pluvieux
2023-03-24 11:28:30,Hôpital Général Douala,O+,38,6,20,52,4.8,2,88.3,normale,Hémoglobine dans les normes,4,11,3,False,False,normal,pluvieux
2023-03-24 14:42:24,Hôpital Général Douala,O+,34,9,0,25,4.3,19,100.0,normale,Urgent: vérifier température stockage,4,14,3,False,False,normal,ensoleillé
2023-03-24 20:22:48,Hôpital Général Douala,O+,21,8,0,13,4.1,9,100.0,faible,Urgent: vérifier température stockage,4,20,3,False,False,normal,ensoleillé
2023-03-24 21:49:05,Hôpital Général Douala,A+,72,8,19,83,4.1,26,94.7,normale,Hémoglobine dans les normes,4,21,3,False,False,normal,pluvieux
2023-03-25 01:08:18,Hôpital Général Douala,A+,13,3,24,34,3.5,24,97.8,normale,Hémoglobine dans les normes,5,1,3,True,False,normal,ensoleillé
2023-03-25 11:59:31,Hôpital Général Douala,O+,31,9,0,22,3.3,1,60.5,attention,Hémoglobine dans les normes,5,11,3,True,False,normal,ensoleillé
2023-03-25 16:52:00,Hôpital Général Douala,B-,21,0,0,21,4.1,31,100.0,normale,Attention: proche expiration,5,16,3,True,False,normal,pluvieux
2023-03-25 18:10:42,Hôpital Général Douala,O+,40,0,19,59,4.4,4,75.9,normale,"État satisfaisant, contrôle qualité OK",5,18,3,True,False,normal,pluvieux
2023-03-27 07:20:54,Hôpital Général Douala,O+,50,9,0,41,4.3,14,90.7,normale,Hémoglobine dans les normes,0,7,3,False,False,normal,orageux
2023-03-27 10:33:19,Hôpital Général Douala,B+,44,5,0,39,3.9,1,58.0,attention,Parfait pour transfusion immédiate,0,10,3,False,False,normal,pluvieux
2023-03-27 14:12:32,Hôpital Général Douala,A+,55,3,0,52,4.1,17,100.0,normale,"Bon état général, légère variation température",0,14,3,False,False,normal,ensoleillé
2023-03-27 23:05:14,Hôpital Général Douala,A+,24,3,0,21,3.5,8,100.0,normale,Hémoglobine dans les normes,0,23,3,False,False,normal,nuageux
2023-03-28 00:02:07,Hôpital Général Douala,A+,33,9,0,24,3.7,8,95.1,normale,"Excellent état, conservation parfaite",1,0,3,False,False,normal,nuageux
2023-03-28 07:51:03,Hôpital Général Douala,A-,33,4,0,29,4.0,1,54.2,attention,Contrôle bactériologique négatif,1,7,3,False,False,normal,pluvieux
2023-03-28 23:44:57,Hôpital Général Douala,A-,26,4,26,48,4.0,13,96.3,normale,Urgent: vérifier température stockage,1,23,3,False,False,normal,nuageux
2023-03-29 04:10:08,Hôpital Général Douala,B+,33,8,0,25,4.0,14,98.9,normale,Hémoglobine dans les normes,2,4,3,False,False,normal,ensoleillé
2023-03-29 13:53:17,Hôpital Général Douala,O+,66,6,0,60,4.5,39,100.0,normale,Urgent: vérifier température stockage,2,13,3,False,False,normal,ensoleillé
2023-03-30 03:57:01,Hôpital Général Douala,B+,20,6,17,31,4.6,20,100.0,normale,Hémoglobine dans les normes,3,3,3,False,False,normal,ensoleillé
2023-03-30 17:50:43,Hôpital Général Douala,A+,40,7,23,56,5.0,4,84.7,normale,"État satisfaisant, contrôle qualité OK",3,17,3,False,False,normal,ensoleillé
2023-03-30 23:37:49,Hôpital Général Douala,A+,19,7,0,12,2.8,1,59.6,faible,Hémoglobine dans les normes,3,23,3,False,False,normal,ensoleillé
2023-03-31 11:26:26,Hôpital Général Douala,A+,31,8,0,23,3.8,1,62.9,attention,"Bon état général, légère variation température",4,11,3,False,False,normal,nuageux
2023-03-31 13:04:21,Hôpital Général Douala,B+,84,5,0,79,4.1,27,100.0,normale,Attention: proche expiration,4,13,3,False,False,normal,pluvieux
2023-03-31 20:31:28,Hôpital Général Douala,A+,56,7,0,49,4.7,24,100.0,normale,Attention: proche expiration,4,20,3,False,False,normal,ensoleillé
2023-04-01 19:14:20,Hôpital Général Douala,O+,31,5,19,45,4.1,11,98.2,normale,Parfait pour transfusion immédiate,5,19,4,True,False,normal,ensoleillé
2023-04-01 20:14:26,Hôpital Général Douala,O-,30,8,0,22,3.5,1,57.9,attention,Urgent: vérifier température stockage,5,20,4,True,False,normal,ensoleillé
2023-04-02 09:42:52,Hôpital Général Douala,A+,42,4,27,65,3.5,60,92.0,normale,"État satisfaisant, contrôle qualité OK",6,9,4,True,False,normal,pluvieux
2023-04-03 09:00:50,Hôpital Général Douala,B+,39,7,14,46,3.7,4,86.7,normale,"État satisfaisant, contrôle qualité OK",0,9,4,False,False,normal,ensoleillé
2023-04-03 10:49:35,Hôpital Général Douala,AB+,56,7,0,49,3.7,10,100.0,normale,"État satisfaisant, contrôle qualité OK",0,10,4,False,False,normal,orageux
2023-04-03 18:51:00,Hôpital Général Douala,O+,70,4,0,66,4.7,26,100.0,normale,Hémoglobine dans les normes,0,18,4,False,False,normal,ensoleillé
2023-04-03 22:41:47,Hôpital Général Douala,O+,41,4,0,37,4.1,42,95.8,normale,Hémoglobine dans les normes,0,22,4,False,False,normal,nuageux
2023-04-04 00:40:16,Hôpital Général Douala,A+,33,4,0,29,4.1,12,98.6,normale,Urgent: vérifier température stockage,1,0,4,False,False,normal,nuageux
2023-04-04 07:04:26,Hôpital Général Douala,AB+,57,10,0,47,3.8,5,100.0,normale,Contrôle bactériologique négatif,1,7,4,False,False,normal,ensoleillé
2023-04-04 12:00:23,Hôpital Général Douala,A+,52,11,0,41,3.7,21,100.0,normale,Parfait pour transfusion immédiate,1,12,4,False,False,normal,ensoleillé
2023-04-04 21:08:26,Hôpital Général Douala,A+,55,12,19,62,3.6,14,100.0,normale,Parfait pour transfusion immédiate,1,21,4,False,False,normal,nuageux
2023-04-05 00:28:58,Hôpital Général Douala,B+,10,9,17,18,4.3,8,96.4,faible,"Excellent état, conservation parfaite",2,0,4,False,False,normal,orageux
2023-04-05 11:52:00,Hôpital Général Douala,A-,58,8,32,82,4.6,15,100.0,normale,"État satisfaisant, contrôle qualité OK",2,11,4,False,False,normal,pluvieux
2023-04-05 22:43:15,Hôpital Général Douala,O+,52,5,24,71,3.1,14,95.9,normale,"État satisfaisant, contrôle qualité OK",2,22,4,False,False,normal,nuageux
2023-04-05 23:28:01,Hôpital Général Douala,B+,33,6,0,27,4.5,31,93.2,normale,Hémoglobine dans les normes,2,23,4,False,False,accident_route,ensoleillé
2023-04-07 07:32:49,Hôpital Général Douala,A+,55,8,0,47,3.6,18,100.0,normale,"Excellent état, conservation parfaite",4,7,4,False,False,normal,orageux
2023-04-07 14:19:24,Hôpital Général Douala,O+,48,8,22,62,3.7,5,100.0,normale,Attention: proche expiration,4,14,4,False,False,normal,pluvieux
2023-04-07 16:17:13,Hôpital Général Douala,O-,46,6,0,40,3.9,13,100.0,normale,"Bon état général, légère variation température",4,16,4,False,False,normal,ensoleillé
2023-04-08 02:52:25,Hôpital Général Douala,A+,18,5,0,13,4.0,16,98.5,faible,"État satisfaisant, contrôle qualité OK",5,2,4,True,False,normal,ensoleillé
2023-04-08 04:29:32,Hôpital Général Douala,O+,21,5,0,16,4.5,5,92.9,faible,Urgent: vérifier température stockage,5,4,4,True,False,normal,ensoleillé
2023-04-09 19:03:20,Hôpital Général Douala,O+,28,5,18,41,3.8,12,100.0,normale,Attention: proche expiration,6,19,4,True,False,normal,orageux
2023-04-10 09:59:35,Hôpital Général Douala,O+,57,9,0,48,4.0,23,99.6,normale,Urgent: vérifier température stockage,0,9,4,False,False,normal,ensoleillé
2023-04-10 12:20:39,Hôpital Général Douala,O+,61,6,0,55,4.1,36,93.1,normale,"État satisfaisant, contrôle qualité OK",0,12,4,False,False,normal,ensoleillé
2023-04-11 05:08:10,Hôpital Général Douala,O+,24,9,0,15,3.6,11,91.7,faible,Attention: proche expiration,1,5,4,False,False,normal,ensoleillé
2023-04-11 12:50:02,Hôpital Général Douala,O+,28,7,0,21,4.2,2,87.0,normale,Hémoglobine dans les normes,1,12,4,False,False,normal,ensoleillé
2023-04-11 13:12:29,Hôpital Général Douala,A-,18,13,0,5,4.8,1,56.4,critique,URGENT: Stock critique - Hémoglobine dans les normes,1,13,4,False,False,normal,pluvieux
2023-04-12 08:04:17,Hôpital Général Douala,B+,49,6,0,43,4.6,20,100.0,normale,Contrôle bactériologique négatif,2,8,4,False,False,normal,ensoleillé
2023-04-12 22:05:53,Hôpital Général Douala,A-,57,6,24,75,3.8,1,68.3,attention,Urgent: vérifier température stockage,2,22,4,False,False,normal,pluvieux
2023-04-13 21:20:19,Hôpital Général Douala,AB+,67,10,0,57,4.7,20,100.0,normale,Parfait pour transfusion immédiate,3,21,4,False,False,normal,ensoleillé
2023-04-14 01:40:52,Hôpital Général Douala,B+,23,1,0,22,4.4,1,58.1,attention,"État satisfaisant, contrôle qualité OK",4,1,4,False,False,normal,pluvieux
2023-04-14 15:56:54,Hôpital Général Douala,O+,41,2,0,39,3.6,1,55.5,attention,Parfait pour transfusion immédiate,4,15,4,False,False,normal,orageux
2023-04-15 11:22:57,Hôpital Général Douala,O+,33,2,0,31,3.8,1,63.9,attention,Parfait pour transfusion immédiate,5,11,4,True,False,normal,ensoleillé
2023-04-15 16:09:36,Hôpital Général Douala,A+,39,3,0,36,4.7,9,100.0,normale,"État satisfaisant, contrôle qualité OK",5,16,4,True,False,normal,ensoleillé
2023-04-15 23:28:05,Hôpital Général Douala,B+,14,6,0,8,4.1,15,100.0,critique,"URGENT: Stock critique - État satisfaisant, contrôle qualité OK",5,23,4,True,False,normal,ensoleillé
2023-04-16 01:09:46,Hôpital Général Douala,O+,15,3,0,12,4.2,24,100.0,faible,"État satisfaisant, contrôle qualité OK",6,1,4,True,False,normal,pluvieux
2023-04-17 00:14:10,Hôpital Général Douala,A+,23,7,0,16,3.9,7,89.5,faible,Contrôle bactériologique négatif,0,0,4,False,False,normal,pluvieux
2023-04-17 09:56:12,Hôpital Général Douala,A-,37,8,21,50,3.8,1,54.9,attention,"État satisfaisant, contrôle qualité OK",0,9,4,False,False,normal,orageux
2023-04-19 01:31:00,Hôpital Général Douala,A+,24,9,0,15,4.3,18,90.4,faible,"Bon état général, légère variation température",2,1,4,False,False,normal,pluvieux
2023-04-19 20:39:06,Hôpital Général Douala,A-,57,7,0,50,3.2,59,99.3,normale,"État satisfaisant, contrôle qualité OK",2,20,4,False,False,normal,nuageux
2023-04-20 05:15:10,Hôpital Général Douala,O+,28,10,17,35,3.3,7,100.0,normale,"Bon état général, légère variation température",3,5,4,False,False,normal,ensoleillé
2023-04-20 13:01:02,Hôpital Général Douala,B+,75,8,0,67,4.1,2,89.7,normale,Attention: proche expiration,3,13,4,False,False,normal,ensoleillé
2023-04-21 08:09:49,Hôpital Général Douala,O+,30,14,0,16,2.9,18,92.7,faible,Attention: proche expiration,4,8,4,False,False,normal,pluvieux
2023-04-21 09:51:32,Hôpital Général Douala,A+,40,9,15,46,4.4,15,94.4,normale,Contrôle bactériologique négatif,4,9,4,False,False,normal,ensoleillé
2023-04-21 14:17:17,Hôpital Général Douala,B+,51,7,21,65,4.3,4,78.9,normale,Contrôle bactériologique négatif,4,14,4,False,False,normal,pluvieux
2023-04-21 20:40:01,Hôpital Général Douala,B+,64,7,13,70,4.2,52,96.7,normale,Contrôle bactériologique négatif,4,20,4,False,False,normal,ensoleillé
2023-04-21 23:00:41,Hôpital Général Douala,A+,32,8,14,38,4.3,6,97.3,normale,Attention: proche expiration,4,23,4,False,False,normal,nuageux
2023-04-22 02:20:09,Hôpital Général Douala,A+,9,3,28,34,3.5,51,100.0,normale,Hémoglobine dans les normes,5,2,4,True,False,normal,nuageux
2023-04-22 08:02:55,Hôpital Général Douala,A+,26,4,0,22,3.4,2,83.0,normale,Hémoglobine dans les normes,5,8,4,True,False,normal,pluvieux
2023-04-22 16:13:03,Hôpital Général Douala,O-,41,4,0,37,3.8,13,100.0,normale,"Bon état général, légère variation température",5,16,4,True,False,normal,pluvieux
2023-04-22 16:21:52,Hôpital Général Douala,O+,10,6,0,4,3.5,2,87.4,critique,"URGENT: Stock critique - Bon état général, légère variation température",5,16,4,True,False,normal,ensoleillé
2023-04-22 19:16:38,Hôpital Général Douala,A-,29,5,0,24,3.7,5,93.4,normale,Urgent: vérifier température stockage,5,19,4,True,False,normal,ensoleillé
2023-04-24 04:35:20,Hôpital Général Douala,O+,17,10,0,7,4.3,7,98.2,critique,"URGENT: Stock critique - Bon état général, légère variation température",0,4,4,False,False,normal,ensoleillé
2023-04-24 12:29:21,Hôpital Général Douala,A-,41,12,26,55,3.4,44,100.0,normale,Urgent: vérifier température stockage,0,12,4,False,False,normal,ensoleillé
2023-04-25 03:34:06,Hôpital Général Douala,A-,25,8,0,17,3.1,8,100.0,faible,"Bon état général, légère variation température",1,3,4,False,False,normal,ensoleillé
2023-04-25 04:35:20,Hôpital Général Douala,O+,29,5,0,24,4.3,100,99.1,normale,Contrôle bactériologique négatif,1,4,4,False,False,normal,pluvieux
2023-04-25 04:38:02,Hôpital Général Douala,B+,25,6,0,19,3.2,1,64.6,faible,Hémoglobine dans les normes,1,4,4,False,False,normal,ensoleillé
2023-04-25 12:28:28,Hôpital Général Douala,A+,43,3,13,53,4.1,11,97.7,normale,"État satisfaisant, contrôle qualité OK",1,12,4,False,False,normal,ensoleillé
2023-04-25 21:17:00,Hôpital Général Douala,A+,63,9,25,79,3.9,5,97.3,normale,Urgent: vérifier température stockage,1,21,4,False,False,normal,pluvieux
2023-04-26 02:15:34,Hôpital Général Douala,A+,34,10,0,24,3.5,27,100.0,normale,"État satisfaisant, contrôle qualité OK",2,2,4,False,False,normal,pluvieux
2023-04-26 02:22:34,Hôpital Général Douala,O-,17,5,0,12,4.5,10,100.0,faible,"État satisfaisant, contrôle qualité OK",2,2,4,False,False,normal,pluvieux
2023-04-26 04:48:38,Hôpital Général Douala,A+,23,14,0,9,4.2,16,94.5,critique,URGENT: Stock critique - Contrôle bactériologique négatif,2,4,4,False,False,normal,ensoleillé
2023-04-26 05:35:08,Hôpital Général Douala,A-,19,6,0,13,3.5,2,79.0,faible,Attention: proche expiration,2,5,4,False,False,normal,nuageux
2023-04-26 06:52:03,Hôpital Général Douala,O+,27,10,23,40,3.8,22,100.0,normale,Contrôle bactériologique négatif,2,6,4,False,False,normal,pluvieux
2023-04-26 22:17:14,Hôpital Général Douala,A+,37,11,26,52,4.4,4,98.2,normale,Attention: proche expiration,2,22,4,False,False,normal,pluvieux
2023-04-27 08:41:25,Hôpital Général Douala,O+,54,7,0,47,4.8,36,100.0,normale,Attention: proche expiration,3,8,4,False,False,normal,ensoleillé
2023-04-27 09:07:33,Hôpital Général Douala,A+,60,7,0,53,4.5,7,96.7,normale,"Excellent état, conservation parfaite",3,9,4,False,False,normal,orageux
2023-04-27 09:33:08,Hôpital Général Douala,O+,55,4,0,51,4.3,5,96.0,normale,Parfait pour transfusion immédiate,3,9,4,False,False,normal,ensoleillé
2023-04-28 07:22:14,Hôpital Général Douala,AB+,46,8,0,38,3.3,11,97.3,normale,"Excellent état, conservation parfaite",4,7,4,False,False,normal,ensoleillé
2023-04-29 16:58:18,Hôpital Général Douala,A+,33,4,13,42,4.6,17,100.0,normale,Parfait pour transfusion immédiate,5,16,4,True,False,normal,orageux
2023-04-30 00:57:26,Hôpital Général Douala,A+,15,8,20,27,4.2,57,100.0,normale,Hémoglobine dans les normes,6,0,4,True,False,normal,pluvieux
2023-04-30 01:53:53,Hôpital Général Douala,A-,15,3,17,29,4.9,13,100.0,normale,Hémoglobine dans les normes,6,1,4,True,False,normal,nuageux
2023-04-30 02:23:50,Hôpital Général Douala,O+,22,4,12,30,4.4,7,99.2,normale,Hémoglobine dans les normes,6,2,4,True,False,normal,orageux
2023-04-30 08:51:36,Hôpital Général Douala,O+,40,10,0,30,3.6,1,60.8,attention,"État satisfaisant, contrôle qualité OK",6,8,4,True,False,normal,ensoleillé
2023-05-01 01:08:08,Hôpital Général Douala,O+,26,10,19,35,4.7,21,97.4,normale,Parfait pour transfusion immédiate,0,1,5,False,False,normal,orageux
2023-05-01 02:52:16,Hôpital Général Douala,O+,21,7,0,14,4.1,35,100.0,faible,"Bon état général, légère variation température",0,2,5,False,False,normal,nuageux
2023-05-01 06:00:23,Hôpital Général Douala,O+,50,11,0,39,5.0,33,100.0,normale,Urgent: vérifier température stockage,0,6,5,False,False,normal,orageux
2023-05-01 11:55:32,Hôpital Général Douala,A+,36,4,31,63,4.8,4,82.8,normale,"Excellent état, conservation parfaite",0,11,5,False,False,normal,orageux
2023-05-01 13:41:47,Hôpital Général Douala,O+,55,8,0,47,3.9,19,100.0,normale,Attention: proche expiration,0,13,5,False,False,normal,pluvieux
2023-05-01 18:27:50,Hôpital Général Douala,O-,50,5,0,45,3.7,8,92.5,normale,Contrôle bactériologique négatif,0,18,5,False,False,urgence_médicale,pluvieux
2023-05-02 01:36:54,Hôpital Général Douala,O-,30,6,0,24,3.6,14,98.4,normale,Contrôle bactériologique négatif,1,1,5,False,False,normal,nuageux
2023-05-02 05:21:28,Hôpital Général Douala,O+,27,10,0,17,3.9,34,100.0,faible,Urgent: vérifier température stockage,1,5,5,False,False,normal,ensoleillé
2023-05-02 14:26:47,Hôpital Général Douala,O-,45,8,0,37,4.2,17,100.0,normale,"Bon état général, légère variation température",1,14,5,False,False,normal,nuageux
2023-05-02 19:37:29,Hôpital Général Douala,A+,45,6,0,39,4.4,15,100.0,normale,"Excellent état, conservation parfaite",1,19,5,False,False,normal,pluvieux
2023-05-02 22:52:46,Hôpital Général Douala,O+,46,4,0,42,3.9,2,87.2,normale,Attention: proche expiration,1,22,5,False,False,normal,ensoleillé
2023-05-03 03:11:04,Hôpital Général Douala,A+,14,6,0,8,4.8,32,97.2,critique,"URGENT: Stock critique - État satisfaisant, contrôle qualité OK",2,3,5,False,False,normal,orageux
2023-05-03 15:16:45,Hôpital Général Douala,B+,42,5,17,54,3.9,4,88.9,normale,Parfait pour transfusion immédiate,2,15,5,False,False,normal,pluvieux
2023-05-04 05:24:25,Hôpital Général Douala,O+,12,7,0,5,3.5,15,100.0,critique,URGENT: Stock critique - Contrôle bactériologique négatif,3,5,5,False,False,normal,pluvieux
2023-05-04 06:36:49,Hôpital Général Douala,O+,37,4,0,33,4.3,7,100.0,normale,Urgent: vérifier température stockage,3,6,5,False,False,normal,pluvieux
2023-05-04 22:11:02,Hôpital Général Douala,A+,51,5,0,46,3.8,8,100.0,normale,Hémoglobine dans les normes,3,22,5,False,False,normal,nuageux
2023-05-04 23:29:02,Hôpital Général Douala,O+,33,5,0,28,2.4,2,95.0,normale,Parfait pour transfusion immédiate,3,23,5,False,False,normal,orageux
2023-05-05 08:27:59,Hôpital Général Douala,B+,33,9,0,24,4.7,13,91.5,normale,Parfait pour transfusion immédiate,4,8,5,False,False,normal,ensoleillé
2023-05-05 13:35:52,Hôpital Général Douala,B+,46,3,0,43,4.5,1,63.4,attention,"État satisfaisant, contrôle qualité OK",4,13,5,False,False,normal,ensoleillé
2023-05-05 20:08:27,Hôpital Général Douala,A-,59,10,20,69,4.0,21,100.0,normale,Attention: proche expiration,4,20,5,False,False,normal,orageux
2023-05-05 21:07:51,Hôpital Général Douala,A+,70,7,0,63,4.0,7,100.0,normale,Hémoglobine dans les normes,4,21,5,False,False,normal,pluvieux
2023-05-08 02:32:40,Hôpital Général Douala,A+,5,10,0,0,4.2,17,96.3,critique,"URGENT: Stock critique - Bon état général, légère variation température",0,2,5,False,False,normal,pluvieux
2023-05-08 16:06:06,Hôpital Général Douala,B+,37,9,23,51,4.7,31,100.0,normale,Hémoglobine dans les normes,0,16,5,False,False,normal,pluvieux
2023-05-09 02:17:07,Hôpital Général Douala,O+,22,6,11,27,4.7,3,78.4,normale,Parfait pour transfusion immédiate,1,2,5,False,False,normal,nuageux
2023-05-09 04:51:11,Hôpital Général Douala,A+,25,5,0,20,4.0,12,100.0,normale,Parfait pour transfusion immédiate,1,4,5,False,False,normal,ensoleillé
2023-05-09 10:49:08,Hôpital Général Douala,A+,48,10,0,38,3.1,49,100.0,normale,"État satisfaisant, contrôle qualité OK",1,10,5,False,False,normal,ensoleillé
2023-05-09 12:47:15,Hôpital Général Douala,O+,83,12,27,98,4.0,55,100.0,normale,"Bon état général, légère variation température",1,12,5,False,False,normal,ensoleillé
2023-05-09 17:45:44,Hôpital Général Douala,A+,66,11,0,55,3.1,25,90.2,normale,Attention: proche expiration,1,17,5,False,False,normal,orageux
2023-05-11 04:34:19,Hôpital Général Douala,A+,31,7,17,41,4.4,8,100.0,normale,"État satisfaisant, contrôle qualité OK",3,4,5,False,False,normal,ensoleillé
2023-05-11 12:08:55,Hôpital Général Douala,O+,30,5,0,25,4.3,16,93.8,normale,"Bon état général, légère variation température",3,12,5,False,False,normal,ensoleillé
2023-05-11 13:40:04,Hôpital Général Douala,B-,72,8,22,86,3.7,1,62.6,attention,Attention: proche expiration,3,13,5,False,False,normal,pluvieux
2023-05-12 02:26:31,Hôpital Général Douala,O+,35,8,0,27,3.9,5,100.0,normale,Attention: proche expiration,4,2,5,False,False,normal,ensoleillé
2023-05-12 02:42:42,Hôpital Général Douala,O+,27,7,0,20,3.7,77,94.3,normale,"État satisfaisant, contrôle qualité OK",4,2,5,False,False,normal,ensoleillé
2023-05-12 04:12:24,Hôpital Général Douala,O-,33,5,0,28,3.6,24,97.2,normale,"État satisfaisant, contrôle qualité OK",4,4,5,False,False,normal,orageux
2023-05-12 07:39:33,Hôpital Général Douala,O-,65,8,0,57,5.0,7,100.0,normale,"État satisfaisant, contrôle qualité OK",4,7,5,False,False,normal,ensoleillé
2023-05-12 09:50:51,Hôpital Général Douala,A+,78,5,0,73,3.8,3,81.2,normale,"État satisfaisant, contrôle qualité OK",4,9,5,False,False,normal,nuageux
2023-05-13 07:53:42,Hôpital Général Douala,AB+,36,4,0,32,2.8,1,61.3,attention,Urgent: vérifier température stockage,5,7,5,True,False,normal,ensoleillé
2023-05-13 19:18:54,Hôpital Général Douala,A+,33,3,0,30,4.8,2,80.3,normale,Hémoglobine dans les normes,5,19,5,True,False,normal,nuageux
2023-05-13 20:23:38,Hôpital Général Douala,O+,23,7,0,16,3.8,2,92.2,faible,Contrôle bactériologique négatif,5,20,5,True,False,normal,pluvieux
2023-05-13 20:52:18,Hôpital Général Douala,A+,27,4,0,23,4.3,33,100.0,normale,Contrôle bactériologique négatif,5,20,5,True,False,normal,pluvieux
2023-05-14 02:55:47,Hôpital Général Douala,O-,19,5,0,14,4.3,24,100.0,faible,Contrôle bactériologique négatif,6,2,5,True,False,normal,ensoleillé
2023-05-14 04:59:11,Hôpital Général Douala,A+,19,2,0,17,4.3,2,87.5,faible,Urgent: vérifier température stockage,6,4,5,True,False,accident_route,pluvieux
2023-05-14 06:53:33,Hôpital Général Douala,A+,53,2,0,51,3.3,27,92.4,normale,"Excellent état, conservation parfaite",6,6,5,True,False,normal,ensoleillé
2023-05-14 07:50:46,Hôpital Général Douala,A+,44,6,0,38,4.1,26,100.0,normale,"Bon état général, légère variation température",6,7,5,True,False,normal,ensoleillé
2023-05-14 11:07:05,Hôpital Général Douala,O+,42,4,0,38,3.0,21,99.0,normale,"Bon état général, légère variation température",6,11,5,True,False,normal,pluvieux
2023-05-15 04:46:50,Hôpital Général Douala,AB-,15,14,0,1,3.1,7,97.8,critique,URGENT: Stock critique - Parfait pour transfusion immédiate,0,4,5,False,False,normal,ensoleillé
2023-05-15 05:32:52,Hôpital Général Douala,B+,17,8,24,33,3.8,44,90.8,normale,"Excellent état, conservation parfaite",0,5,5,False,False,normal,nuageux
2023-05-15 05:43:18,Hôpital Général Douala,A+,25,12,0,13,4.8,9,100.0,faible,"Excellent état, conservation parfaite",0,5,5,False,False,normal,orageux
2023-05-15 06:34:43,Hôpital Général Douala,A+,53,9,0,44,3.1,10,100.0,normale,Parfait pour transfusion immédiate,0,6,5,False,False,normal,ensoleillé
2023-05-15 07:37:38,Hôpital Général Douala,O+,51,6,0,45,4.6,1,54.2,attention,"Excellent état, conservation parfaite",0,7,5,False,False,normal,nuageux
2023-05-15 16:18:14,Hôpital Général Douala,O+,86,3,15,98,4.3,20,91.7,normale,"État satisfaisant, contrôle qualité OK",0,16,5,False,False,normal,nuageux
2023-05-16 12:50:00,Hôpital Général Douala,A+,62,7,0,55,4.4,41,97.5,normale,Attention: proche expiration,1,12,5,False,False,normal,ensoleillé
2023-05-16 16:35:54,Hôpital Général Douala,O+,57,7,0,50,4.5,11,100.0,normale,Attention: proche expiration,1,16,5,False,False,normal,pluvieux
2023-05-16 17:36:14,Hôpital Général Douala,O+,57,9,0,48,4.0,1,60.0,attention,Parfait pour transfusion immédiate,1,17,5,False,False,normal,nuageux
2023-05-17 04:31:11,Hôpital Général Douala,O+,23,10,0,13,4.0,28,98.3,faible,Contrôle bactériologique négatif,2,4,5,False,False,normal,ensoleillé
2023-05-17 09:57:14,Hôpital Général Douala,AB+,49,9,26,66,4.0,1,59.3,attention,"Excellent état, conservation parfaite",2,9,5,False,False,normal,nuageux
2023-05-17 16:30:09,Hôpital Général Douala,O+,42,9,24,57,4.7,2,87.0,normale,Contrôle bactériologique négatif,2,16,5,False,False,normal,pluvieux
2023-05-17 17:02:09,Hôpital Général Douala,O+,78,4,0,74,3.2,4,82.6,normale,Attention: proche expiration,2,17,5,False,False,normal,nuageux
2023-05-17 18:04:06,Hôpital Général Douala,O+,40,5,0,35,4.9,14,100.0,normale,Hémoglobine dans les normes,2,18,5,False,False,normal,ensoleillé
2023-05-17 19:06:28,Hôpital Général Douala,B+,51,12,0,39,4.3,13,89.1,normale,"État satisfaisant, contrôle qualité OK",2,19,5,False,False,normal,nuageux
2023-05-18 04:46:24,Hôpital Général Douala,A-,27,7,0,20,4.3,55,98.1,normale,Urgent: vérifier température stockage,3,4,5,False,False,normal,pluvieux
2023-05-18 16:39:24,Hôpital Général Douala,B+,74,9,25,90,3.6,16,92.3,normale,"Bon état général, légère variation température",3,16,5,False,False,normal,ensoleillé
2023-05-19 17:22:39,Hôpital Général Douala,O+,67,6,0,61,3.5,7,97.1,normale,Hémoglobine dans les normes,4,17,5,False,False,normal,pluvieux
2023-05-19 18:20:27,Hôpital Général Douala,O+,38,12,0,26,3.9,6,100.0,normale,Parfait pour transfusion immédiate,4,18,5,False,False,normal,pluvieux
2023-05-20 06:33:24,Hôpital Général Douala,A+,34,5,0,29,4.1,8,100.0,normale,"État satisfaisant, contrôle qualité OK",5,6,5,True,False,épidémie,nuageux
2023-05-20 09:54:04,Hôpital Général Douala,A-,48,5,22,65,4.8,1,71.3,normale,"Bon état général, légère variation température",5,9,5,True,False,normal,ensoleillé
2023-05-20 18:54:38,Hôpital Général Douala,O+,38,6,0,32,3.3,1,65.7,attention,"Excellent état, conservation parfaite",5,18,5,True,False,normal,nuageux
2023-05-21 17:56:33,Hôpital Général Douala,O+,32,4,0,28,3.7,7,100.0,normale,"État satisfaisant, contrôle qualité OK",6,17,5,True,False,normal,pluvieux
2023-05-23 05:02:47,Hôpital Général Douala,AB+,29,3,22,48,4.7,2,87.6,normale,Attention: proche expiration,1,5,5,False,False,épidémie,pluvieux
2023-05-23 13:17:35,Hôpital Général Douala,A+,24,10,0,14,3.3,14,98.0,faible,"État satisfaisant, contrôle qualité OK",1,13,5,False,False,normal,ensoleillé
2023-05-23 17:32:28,Hôpital Général Douala,B+,35,4,0,31,4.0,30,100.0,normale,"Bon état général, légère variation température",1,17,5,False,False,normal,ensoleillé
2023-05-24 10:33:12,Hôpital Général Douala,AB+,47,6,22,63,4.0,5,100.0,normale,Contrôle bactériologique négatif,2,10,5,False,False,normal,nuageux
2023-05-24 17:35:32,Hôpital Général Douala,O-,47,10,0,37,4.5,19,100.0,normale,Contrôle bactériologique négatif,2,17,5,False,False,normal,ensoleillé
2023-05-25 02:15:44,Hôpital Général Douala,O+,22,6,0,16,4.8,8,97.4,faible,"Excellent état, conservation parfaite",3,2,5,False,False,normal,pluvieux
2023-05-25 02:54:07,Hôpital Général Douala,O+,30,10,0,20,3.7,4,76.1,normale,Attention: proche expiration,3,2,5,False,False,urgence_médicale,nuageux
2023-05-25 07:43:07,Hôpital Général Douala,B+,77,7,0,70,4.4,22,100.0,normale,Contrôle bactériologique négatif,3,7,5,False,False,normal,ensoleillé
2023-05-26 04:50:25,Hôpital Général Douala,A+,22,6,0,16,4.1,3,86.8,faible,Parfait pour transfusion immédiate,4,4,5,False,False,normal,nuageux
2023-05-26 05:03:56,Hôpital Général Douala,A+,31,9,0,22,4.1,33,90.1,normale,"État satisfaisant, contrôle qualité OK",4,5,5,False,False,normal,ensoleillé
2023-05-26 05:12:33,Hôpital Général Douala,O+,22,9,23,36,3.2,18,100.0,normale,Parfait pour transfusion immédiate,4,5,5,False,False,normal,ensoleillé
2023-05-26 10:29:04,Hôpital Général Douala,A+,41,8,0,33,4.8,13,99.8,normale,"État satisfaisant, contrôle qualité OK",4,10,5,False,False,normal,pluvieux
2023-05-27 09:33:56,Hôpital Général Douala,B+,42,3,21,60,3.9,2,91.4,normale,"Bon état général, légère variation température",5,9,5,True,False,normal,pluvieux
2023-05-27 10:31:20,Hôpital Général Douala,O+,52,4,19,67,3.6,17,100.0,normale,Urgent: vérifier température stockage,5,10,5,True,False,accident_route,ensoleillé
2023-05-28 00:02:04,Hôpital Général Douala,A-,10,6,18,22,3.7,4,81.9,normale,Urgent: vérifier température stockage,6,0,5,True,False,campagne_don,nuageux
2023-05-28 06:32:11,Hôpital Général Douala,O+,35,4,0,31,4.7,13,96.7,normale,"État satisfaisant, contrôle qualité OK",6,6,5,True,False,normal,pluvieux
2023-05-28 18:21:47,Hôpital Général Douala,A+,32,4,23,51,4.5,9,97.8,normale,Attention: proche expiration,6,18,5,True,False,normal,ensoleillé
2023-05-29 04:46:21,Hôpital Général Douala,A+,19,9,0,10,3.9,13,95.7,faible,Hémoglobine dans les normes,0,4,5,False,False,normal,orageux
2023-05-29 06:19:14,Hôpital Général Douala,A+,56,5,0,51,3.3,1,62.9,attention,"Excellent état, conservation parfaite",0,6,5,False,False,normal,ensoleillé
2023-05-29 08:25:38,Hôpital Général Douala,B+,47,3,0,44,3.5,15,94.7,normale,Contrôle bactériologique négatif,0,8,5,False,False,normal,orageux
2023-05-29 14:50:30,Hôpital Général Douala,O+,29,5,0,24,3.8,31,95.8,normale,Parfait pour transfusion immédiate,0,14,5,False,False,normal,ensoleillé
2023-05-30 07:10:33,Hôpital Général Douala,O-,62,3,21,80,4.2,4,83.2,normale,"Bon état général, légère variation température",1,7,5,False,False,normal,ensoleillé
2023-05-30 15:59:15,Hôpital Général Douala,O+,79,10,15,84,4.3,23,100.0,normale,Attention: proche expiration,1,15,5,False,False,normal,ensoleillé
2023-05-31 06:26:19,Hôpital Général Douala,A+,20,6,0,14,4.2,49,95.0,faible,Parfait pour transfusion immédiate,2,6,5,False,False,normal,nuageux
2023-05-31 12:57:11,Hôpital Général Douala,O+,57,6,0,51,4.5,8,100.0,normale,Contrôle bactériologique négatif,2,12,5,False,False,normal,pluvieux
2023-05-31 15:07:56,Hôpital Général Douala,O+,54,6,20,68,4.2,11,100.0,normale,Contrôle bactériologique négatif,2,15,5,False,False,normal,pluvieux
2023-05-31 17:06:42,Hôpital Général Douala,A-,19,5,0,14,4.2,17,95.1,faible,Contrôle bactériologique négatif,2,17,5,False,False,normal,ensoleillé
2023-05-31 19:37:03,Hôpital Général Douala,O-,51,7,15,59,4.5,28,85.5,normale,"État satisfaisant, contrôle qualité OK",2,19,5,False,False,normal,ensoleillé
2023-06-01 17:00:58,Hôpital Général Douala,O+,21,9,17,29,4.6,1,57.8,attention,"Excellent état, conservation parfaite",3,17,6,False,False,normal,pluvieux
2023-06-01 18:50:46,Hôpital Général Douala,O-,59,8,16,67,3.7,6,100.0,normale,Contrôle bactériologique négatif,3,18,6,False,False,normal,pluvieux
2023-06-02 21:12:32,Hôpital Général Douala,B+,62,12,0,50,4.3,12,97.5,normale,Attention: proche expiration,4,21,6,False,False,normal,ensoleillé
2023-06-02 23:41:18,Hôpital Général Douala,O+,32,1,0,31,4.2,10,98.8,normale,"Bon état général, légère variation température",4,23,6,False,False,normal,ensoleillé
2023-06-03 00:32:23,Hôpital Général Douala,B+,12,3,25,34,4.0,26,99.4,normale,Urgent: vérifier température stockage,5,0,6,True,False,normal,nuageux
2023-06-03 21:19:13,Hôpital Général Douala,O+,36,8,0,28,4.4,12,100.0,normale,"Bon état général, légère variation température",5,21,6,True,False,normal,ensoleillé
2023-06-04 12:42:28,Hôpital Général Douala,A+,47,7,21,61,4.1,2,77.6,normale,"Excellent état, conservation parfaite",6,12,6,True,False,normal,ensoleillé
2023-06-04 19:50:00,Hôpital Général Douala,A+,30,4,0,26,4.5,1,50.9,attention,Urgent: vérifier température stockage,6,19,6,True,False,normal,ensoleillé
2023-06-05 11:52:30,Hôpital Général Douala,B+,32,4,0,28,3.6,1,71.9,normale,Parfait pour transfusion immédiate,0,11,6,False,False,normal,orageux
2023-06-05 12:58:14,Hôpital Général Douala,O+,76,2,0,74,3.4,28,100.0,normale,Urgent: vérifier température stockage,0,12,6,False,False,normal,pluvieux
2023-06-05 14:26:36,Hôpital Général Douala,O+,44,3,0,41,5.2,1,51.5,attention,"Excellent état, conservation parfaite",0,14,6,False,False,normal,orageux
2023-06-05 18:12:23,Hôpital Général Douala,O+,41,7,0,34,3.2,2,90.4,normale,"Bon état général, légère variation température",0,18,6,False,False,normal,orageux
2023-06-05 18:46:08,Hôpital Général Douala,O+,49,5,0,44,4.6,15,96.7,normale,Contrôle bactériologique négatif,0,18,6,False,False,normal,nuageux
2023-06-05 21:25:17,Hôpital Général Douala,AB-,41,10,0,31,3.9,15,97.7,normale,Attention: proche expiration,0,21,6,False,False,normal,pluvieux
2023-06-05 22:46:50,Hôpital Général Douala,O+,29,7,0,22,3.4,12,100.0,normale,Hémoglobine dans les normes,0,22,6,False,False,normal,nuageux
2023-06-06 23:25:42,Hôpital Général Douala,O+,14,6,0,8,3.8,20,100.0,critique,"URGENT: Stock critique - Excellent état, conservation parfaite",1,23,6,False,False,normal,ensoleillé
2023-06-07 00:40:29,Hôpital Général Douala,AB+,18,11,18,25,3.5,1,50.3,attention,Hémoglobine dans les normes,2,0,6,False,False,normal,ensoleillé
2023-06-07 00:46:04,Hôpital Général Douala,O+,28,11,0,17,4.5,10,92.3,faible,"Excellent état, conservation parfaite",2,0,6,False,False,normal,ensoleillé
2023-06-08 03:25:44,Hôpital Général Douala,O+,34,5,0,29,4.0,14,99.2,normale,"Excellent état, conservation parfaite",3,3,6,False,False,normal,nuageux
2023-06-08 06:38:21,Hôpital Général Douala,O+,49,10,15,54,4.8,3,84.4,normale,Contrôle bactériologique négatif,3,6,6,False,False,normal,ensoleillé
2023-06-08 14:30:56,Hôpital Général Douala,O+,60,1,0,59,4.7,1,70.3,normale,Attention: proche expiration,3,14,6,False,False,normal,nuageux
2023-06-08 21:27:09,Hôpital Général Douala,O+,52,11,0,41,4.4,21,99.3,normale,Parfait pour transfusion immédiate,3,21,6,False,False,normal,ensoleillé
2023-06-09 16:43:03,Hôpital Général Douala,O+,29,6,22,45,3.9,18,100.0,normale,Attention: proche expiration,4,16,6,False,False,normal,pluvieux
2023-06-09 22:03:03,Hôpital Général Douala,A+,57,5,0,52,3.6,6,98.7,normale,Urgent: vérifier température stockage,4,22,6,False,False,normal,ensoleillé
2023-06-10 05:55:32,Hôpital Général Douala,A+,17,6,18,29,3.5,5,100.0,normale,Hémoglobine dans les normes,5,5,6,True,False,normal,pluvieux
2023-06-10 07:03:47,Hôpital Général Douala,B+,47,7,18,58,5.5,15,95.4,normale,Attention: proche expiration,5,7,6,True,False,normal,pluvieux
2023-06-10 15:29:59,Hôpital Général Douala,O-,34,3,0,31,3.9,10,93.2,normale,Parfait pour transfusion immédiate,5,15,6,True,False,normal,ensoleillé
2023-06-10 22:45:00,Hôpital Général Douala,O+,29,6,0,23,4.7,14,100.0,normale,Attention: proche expiration,5,22,6,True,False,normal,pluvieux
2023-06-11 10:26:42,Hôpital Général Douala,A+,47,6,20,61,4.2,3,95.9,normale,"Bon état général, légère variation température",6,10,6,True,False,normal,ensoleillé
2023-06-11 20:33:20,Hôpital Général Douala,O+,27,8,0,19,3.7,2,75.0,faible,Contrôle bactériologique négatif,6,20,6,True,False,normal,pluvieux
2023-06-12 11:55:17,Hôpital Général Douala,A-,65,4,22,83,3.3,3,85.9,normale,Parfait pour transfusion immédiate,0,11,6,False,False,normal,nuageux
2023-06-12 19:08:08,Hôpital Général Douala,O+,58,10,29,77,5.2,5,96.6,normale,"Bon état général, légère variation température",0,19,6,False,False,normal,ensoleillé
2023-06-12 19:49:56,Hôpital Général Douala,A+,33,2,0,31,4.3,49,100.0,normale,Hémoglobine dans les normes,0,19,6,False,False,normal,nuageux
2023-06-13 09:24:06,Hôpital Général Douala,O+,38,3,0,35,4.0,16,100.0,normale,"Excellent état, conservation parfaite",1,9,6,False,False,normal,pluvieux
2023-06-13 18:01:23,Hôpital Général Douala,A+,52,7,0,45,4.6,3,86.1,normale,Contrôle bactériologique négatif,1,18,6,False,False,normal,nuageux
2023-06-13 18:12:25,Hôpital Général Douala,AB-,39,8,0,31,3.7,2,92.3,normale,"Excellent état, conservation parfaite",1,18,6,False,False,normal,ensoleillé
2023-06-14 01:14:53,Hôpital Général Douala,A+,33,2,22,53,3.5,33,100.0,normale,Hémoglobine dans les normes,2,1,6,False,False,normal,ensoleillé
2023-06-16 07:35:26,Hôpital Général Douala,O+,65,5,0,60,3.8,2,93.2,normale,"Excellent état, conservation parfaite",4,7,6,False,False,normal,nuageux
2023-06-16 13:32:27,Hôpital Général Douala,A+,55,13,0,42,4.1,4,81.6,normale,"Excellent état, conservation parfaite",4,13,6,False,False,normal,nuageux
2023-06-16 15:35:39,Hôpital Général Douala,A+,35,4,0,31,4.0,22,99.8,normale,Urgent: vérifier température stockage,4,15,6,False,False,normal,pluvieux
2023-06-16 17:12:22,Hôpital Général Douala,O+,32,7,0,25,4.1,4,86.0,normale,Attention: proche expiration,4,17,6,False,False,normal,pluvieux
2023-06-16 19:05:02,Hôpital Général Douala,AB+,66,12,12,66,4.6,28,100.0,normale,Attention: proche expiration,4,19,6,False,False,normal,ensoleillé
2023-06-16 19:40:15,Hôpital Général Douala,A+,51,10,23,64,4.6,19,94.1,normale,Parfait pour transfusion immédiate,4,19,6,False,False,normal,nuageux
2023-06-16 22:27:58,Hôpital Général Douala,O+,37,10,0,27,4.2,52,100.0,normale,"Excellent état, conservation parfaite",4,22,6,False,False,normal,orageux
2023-06-16 22:34:01,Hôpital Général Douala,O+,51,15,26,62,3.8,1,53.0,attention,Urgent: vérifier température stockage,4,22,6,False,False,normal,nuageux
2023-06-17 07:12:57,Hôpital Général Douala,A+,35,2,0,33,4.4,4,82.5,normale,Parfait pour transfusion immédiate,5,7,6,True,False,normal,ensoleillé
2023-06-17 08:01:19,Hôpital Général Douala,O+,42,4,0,38,3.9,1,56.8,attention,Attention: proche expiration,5,8,6,True,False,normal,orageux
2023-06-17 08:52:43,Hôpital Général Douala,O+,58,4,0,54,4.5,12,94.0,normale,Hémoglobine dans les normes,5,8,6,True,False,normal,pluvieux
2023-06-17 09:03:04,Hôpital Général Douala,B+,43,5,0,38,4.4,1,56.7,attention,"Excellent état, conservation parfaite",5,9,6,True,False,normal,nuageux
2023-06-17 10:48:28,Hôpital Général Douala,O+,41,8,0,33,3.8,10,93.9,normale,"Bon état général, légère variation température",5,10,6,True,False,normal,ensoleillé
2023-06-17 15:07:14,Hôpital Général Douala,A+,25,8,0,17,3.9,3,86.7,faible,Urgent: vérifier température stockage,5,15,6,True,False,normal,pluvieux
2023-06-17 16:54:20,Hôpital Général Douala,A-,35,3,0,32,4.0,22,100.0,normale,Urgent: vérifier température stockage,5,16,6,True,False,normal,orageux
2023-06-17 17:42:17,Hôpital Général Douala,O+,49,6,0,43,4.4,11,100.0,normale,Attention: proche expiration,5,17,6,True,False,normal,ensoleillé
2023-06-18 01:17:04,Hôpital Général Douala,A+,17,4,0,13,4.7,14,100.0,faible,Parfait pour transfusion immédiate,6,1,6,True,False,normal,ensoleillé
2023-06-18 01:53:48,Hôpital Général Douala,A+,19,5,0,14,3.9,9,100.0,faible,Hémoglobine dans les normes,6,1,6,True,False,normal,nuageux
2023-06-18 04:22:28,Hôpital Général Douala,AB+,17,6,0,11,3.7,1,71.1,faible,"Excellent état, conservation parfaite",6,4,6,True,False,normal,nuageux
2023-06-18 06:31:15,Hôpital Général Douala,O-,18,3,0,15,3.4,21,99.9,faible,"État satisfaisant, contrôle qualité OK",6,6,6,True,False,normal,nuageux
2023-06-18 15:28:33,Hôpital Général Douala,O+,55,5,0,50,3.8,11,100.0,normale,"État satisfaisant, contrôle qualité OK",6,15,6,True,False,normal,ensoleillé
2023-06-18 21:39:09,Hôpital Général Douala,B+,33,8,0,25,3.8,30,99.4,normale,Contrôle bactériologique négatif,6,21,6,True,False,normal,pluvieux
2023-06-19 02:59:37,Hôpital Général Douala,O-,15,6,25,34,3.9,15,100.0,normale,"Excellent état, conservation parfaite",0,2,6,False,False,normal,pluvieux
2023-06-19 06:19:34,Hôpital Général Douala,A-,67,7,0,60,4.2,6,95.1,normale,"Excellent état, conservation parfaite",0,6,6,False,False,normal,pluvieux
2023-06-19 09:05:12,Hôpital Général Douala,O+,50,6,0,44,4.6,18,99.7,normale,"Bon état général, légère variation température",0,9,6,False,False,normal,pluvieux
2023-06-19 13:03:02,Hôpital Général Douala,O+,29,9,0,20,3.4,5,93.0,normale,"Excellent état, conservation parfaite",0,13,6,False,False,normal,orageux
2023-06-19 21:26:46,Hôpital Général Douala,B+,28,16,0,12,4.7,1,51.6,faible,"Excellent état, conservation parfaite",0,21,6,False,False,normal,pluvieux
2023-06-20 09:40:47,Hôpital Général Douala,O+,57,10,0,47,4.4,27,100.0,normale,Urgent: vérifier température stockage,1,9,6,False,False,normal,ensoleillé
2023-06-21 01:34:52,Hôpital Général Douala,B+,39,14,15,40,3.6,12,100.0,normale,Parfait pour transfusion immédiate,2,1,6,False,False,normal,ensoleillé
2023-06-21 03:43:14,Hôpital Général Douala,A+,32,1,0,31,3.4,1,60.0,attention,"État satisfaisant, contrôle qualité OK",2,3,6,False,False,normal,pluvieux
2023-06-21 06:41:03,Hôpital Général Douala,O+,43,6,0,37,3.6,23,100.0,normale,Urgent: vérifier température stockage,2,6,6,False,False,normal,ensoleillé
2023-06-21 07:51:28,Hôpital Général Douala,A+,45,8,0,37,5.0,15,100.0,normale,"État satisfaisant, contrôle qualité OK",2,7,6,False,False,normal,ensoleillé
2023-06-21 08:06:33,Hôpital Général Douala,O+,62,9,0,53,4.7,17,92.8,normale,Attention: proche expiration,2,8,6,False,False,normal,pluvieux
2023-06-21 13:47:00,Hôpital Général Douala,A+,61,7,0,54,4.4,13,100.0,normale,"État satisfaisant, contrôle qualité OK",2,13,6,False,False,normal,ensoleillé
2023-06-22 18:29:41,Hôpital Général Douala,O+,42,7,0,35,3.8,5,96.1,normale,Contrôle bactériologique négatif,3,18,6,False,False,normal,ensoleillé
2023-06-23 14:31:35,Hôpital Général Douala,O-,42,10,17,49,4.3,14,100.0,normale,Hémoglobine dans les normes,4,14,6,False,False,normal,pluvieux
2023-06-23 16:14:17,Hôpital Général Douala,AB+,31,4,0,27,4.5,54,94.9,normale,Hémoglobine dans les normes,4,16,6,False,False,normal,ensoleillé
2023-06-23 23:41:28,Hôpital Général Douala,O-,15,5,0,10,3.2,9,91.5,faible,"État satisfaisant, contrôle qualité OK",4,23,6,False,False,normal,nuageux
2023-06-24 00:09:43,Hôpital Général Douala,O+,3,5,0,0,3.8,16,94.8,critique,URGENT: Stock critique - Parfait pour transfusion immédiate,5,0,6,True,False,normal,ensoleillé
2023-06-24 03:34:47,Hôpital Général Douala,O+,22,4,0,18,3.2,1,60.6,faible,"Excellent état, conservation parfaite",5,3,6,True,False,normal,ensoleillé
2023-06-24 06:54:47,Hôpital Général Douala,A+,52,4,0,48,4.5,30,97.9,normale,"Bon état général, légère variation température",5,6,6,True,False,normal,ensoleillé
2023-06-24 21:03:54,Hôpital Général Douala,A+,53,3,0,50,4.5,4,87.0,normale,Parfait pour transfusion immédiate,5,21,6,True,False,normal,pluvieux
2023-06-25 03:01:07,Hôpital Général Douala,A+,15,1,20,34,4.7,1,61.2,attention,"Excellent état, conservation parfaite",6,3,6,True,False,normal,pluvieux
2023-06-25 13:36:22,Hôpital Général Douala,A+,38,1,0,37,4.4,6,94.7,normale,"État satisfaisant, contrôle qualité OK",6,13,6,True,False,normal,nuageux
2023-06-25 20:07:46,Hôpital Général Douala,A+,51,7,26,70,4.2,18,90.9,normale,Attention: proche expiration,6,20,6,True,False,normal,ensoleillé
2023-06-26 06:44:49,Hôpital Général Douala,O+,43,12,0,31,3.7,4,87.7,normale,"État satisfaisant, contrôle qualité OK",0,6,6,False,False,normal,ensoleillé
2023-06-26 09:43:33,Hôpital Général Douala,O-,41,6,0,35,4.1,1,50.7,attention,Attention: proche expiration,0,9,6,False,False,normal,pluvieux
2023-06-26 18:18:47,Hôpital Général Douala,O+,44,6,0,38,3.4,11,95.4,normale,Parfait pour transfusion immédiate,0,18,6,False,False,normal,nuageux
2023-06-27 01:02:09,Hôpital Général Douala,A+,30,4,0,26,4.0,13,100.0,normale,Urgent: vérifier température stockage,1,1,6,False,False,normal,ensoleillé
2023-06-27 08:19:26,Hôpital Général Douala,A+,54,8,0,46,3.7,21,92.3,normale,Parfait pour transfusion immédiate,1,8,6,False,False,normal,nuageux
2023-06-27 16:15:44,Hôpital Général Douala,A+,52,9,0,43,5.1,2,82.8,normale,Hémoglobine dans les normes,1,16,6,False,False,normal,nuageux
2023-06-29 02:39:22,Hôpital Général Douala,B+,26,3,0,23,2.8,1,62.2,attention,"Excellent état, conservation parfaite",3,2,6,False,False,accident_route,ensoleillé
2023-06-29 03:23:59,Hôpital Général Douala,O-,28,3,18,43,5.0,23,100.0,normale,"Bon état général, légère variation température",3,3,6,False,False,normal,nuageux
2023-06-29 08:12:16,Hôpital Général Douala,A+,33,6,18,45,4.6,10,100.0,normale,Contrôle bactériologique négatif,3,8,6,False,False,normal,nuageux
2023-06-29 08:43:59,Hôpital Général Douala,O+,52,8,0,44,4.4,70,96.6,normale,Contrôle bactériologique négatif,3,8,6,False,False,normal,orageux
2023-06-29 17:42:14,Hôpital Général Douala,B+,76,2,0,74,4.1,1,57.1,attention,Attention: proche expiration,3,17,6,False,False,normal,ensoleillé
2023-06-30 02:41:54,Hôpital Général Douala,A-,6,10,0,0,3.3,18,98.2,critique,URGENT: Stock critique - Parfait pour transfusion immédiate,4,2,6,False,False,normal,nuageux
2023-06-30 11:09:58,Hôpital Général Douala,O-,39,10,0,29,4.0,27,96.1,normale,Contrôle bactériologique négatif,4,11,6,False,False,normal,ensoleillé
2023-06-30 19:15:16,Hôpital Général Douala,A+,42,6,14,50,5.3,7,92.3,normale,Parfait pour transfusion immédiate,4,19,6,False,False,normal,ensoleillé
2023-06-30 22:09:56,Hôpital Général Douala,O-,62,6,19,75,3.6,17,98.2,normale,Attention: proche expiration,4,22,6,False,False,normal,ensoleillé
2023-07-02 06:10:15,Hôpital Général Douala,B+,56,11,0,45,3.1,4,78.8,normale,Urgent: vérifier température stockage,6,6,7,True,True,normal,pluvieux
2023-07-02 07:14:16,Hôpital Général Douala,O+,40,10,0,30,4.8,12,93.4,normale,Contrôle bactériologique négatif,6,7,7,True,True,normal,nuageux
2023-07-02 08:08:32,Hôpital Général Douala,O+,44,6,0,38,3.6,19,98.6,normale,"Excellent état, conservation parfaite",6,8,7,True,True,urgence_médicale,ensoleillé
2023-07-02 19:06:52,Hôpital Général Douala,O+,23,9,0,14,4.8,3,80.4,faible,Urgent: vérifier température stockage,6,19,7,True,True,normal,pluvieux
2023-07-02 21:49:33,Hôpital Général Douala,O+,62,6,20,76,2.9,19,97.6,normale,"Bon état général, légère variation température",6,21,7,True,True,normal,pluvieux
2023-07-02 22:33:59,Hôpital Général Douala,O+,32,8,17,41,3.8,5,100.0,normale,Hémoglobine dans les normes,6,22,7,True,True,normal,pluvieux
2023-07-03 01:28:58,Hôpital Général Douala,O+,32,13,0,19,4.1,30,100.0,faible,Urgent: vérifier température stockage,0,1,7,False,True,normal,nuageux
2023-07-03 09:53:51,Hôpital Général Douala,A+,46,7,0,39,4.2,35,94.0,normale,Urgent: vérifier température stockage,0,9,7,False,True,normal,ensoleillé
2023-07-03 23:31:09,Hôpital Général Douala,A+,36,9,0,27,3.8,2,89.0,normale,Parfait pour transfusion immédiate,0,23,7,False,True,normal,nuageux
2023-07-04 05:56:25,Hôpital Général Douala,B+,25,10,0,15,4.4,20,96.2,faible,Hémoglobine dans les normes,1,5,7,False,True,épidémie,orageux
2023-07-04 06:50:42,Hôpital Général Douala,O+,63,9,0,54,3.5,10,100.0,normale,"Bon état général, légère variation température",1,6,7,False,True,normal,pluvieux
2023-07-04 19:06:41,Hôpital Général Douala,O+,51,11,0,40,4.3,9,99.8,normale,"Excellent état, conservation parfaite",1,19,7,False,True,normal,orageux
2023-07-05 00:08:55,Hôpital Général Douala,O+,23,6,0,17,3.7,24,90.7,faible,Attention: proche expiration,2,0,7,False,True,normal,pluvieux
2023-07-06 09:23:59,Hôpital Général Douala,O+,98,10,0,88,4.0,29,100.0,normale,"État satisfaisant, contrôle qualité OK",3,9,7,False,True,normal,nuageux
2023-07-07 08:56:05,Hôpital Général Douala,A+,92,11,0,81,4.6,5,100.0,normale,Parfait pour transfusion immédiate,4,8,7,False,True,normal,ensoleillé
2023-07-07 13:21:40,Hôpital Général Douala,A+,84,12,24,96,4.4,12,100.0,normale,"État satisfaisant, contrôle qualité OK",4,13,7,False,True,normal,ensoleillé
2023-07-07 20:25:21,Hôpital Général Douala,O+,37,3,0,34,3.7,28,100.0,normale,Parfait pour transfusion immédiate,4,20,7,False,True,normal,pluvieux
2023-07-08 03:29:25,Hôpital Général Douala,A+,23,5,0,18,3.8,46,98.9,faible,Hémoglobine dans les normes,5,3,7,True,True,normal,nuageux
2023-07-08 09:23:18,Hôpital Général Douala,AB+,32,13,0,19,3.8,20,100.0,faible,"État satisfaisant, contrôle qualité OK",5,9,7,True,True,normal,ensoleillé
2023-07-08 21:18:23,Hôpital Général Douala,O+,51,8,0,43,3.6,3,77.6,normale,Urgent: vérifier température stockage,5,21,7,True,True,normal,orageux
2023-07-09 05:26:25,Hôpital Général Douala,O+,32,4,20,48,4.6,16,100.0,normale,Parfait pour transfusion immédiate,6,5,7,True,True,normal,ensoleillé
2023-07-09 06:18:58,Hôpital Général Douala,O+,53,8,0,45,4.2,5,100.0,normale,Contrôle bactériologique négatif,6,6,7,True,True,normal,pluvieux
2023-07-09 19:00:55,Hôpital Général Douala,O+,33,8,0,25,4.0,11,97.5,normale,"État satisfaisant, contrôle qualité OK",6,19,7,True,True,normal,nuageux
2023-07-10 12:58:21,Hôpital Général Douala,A+,38,5,0,33,4.2,19,100.0,normale,Urgent: vérifier température stockage,0,12,7,False,True,normal,nuageux
2023-07-11 20:36:39,Hôpital Général Douala,A+,50,4,0,46,4.8,2,82.8,normale,"Excellent état, conservation parfaite",1,20,7,False,True,normal,pluvieux
2023-07-11 20:41:10,Hôpital Général Douala,O+,62,3,0,59,4.6,3,94.2,normale,Parfait pour transfusion immédiate,1,20,7,False,True,normal,ensoleillé
2023-07-12 09:15:38,Hôpital Général Douala,A+,43,3,0,40,3.6,33,96.3,normale,Attention: proche expiration,2,9,7,False,True,normal,pluvieux
2023-07-12 13:36:15,Hôpital Général Douala,A+,47,9,0,38,4.3,19,100.0,normale,"Bon état général, légère variation température",2,13,7,False,True,normal,pluvieux
2023-07-12 14:53:31,Hôpital Général Douala,O+,57,11,0,46,3.9,9,100.0,normale,"Excellent état, conservation parfaite",2,14,7,False,True,normal,orageux
2023-07-12 23:08:57,Hôpital Général Douala,A+,15,12,0,3,3.6,2,86.9,critique,URGENT: Stock critique - Parfait pour transfusion immédiate,2,23,7,False,True,normal,ensoleillé
2023-07-13 05:51:49,Hôpital Général Douala,O-,33,10,0,23,4.7,12,99.2,normale,Contrôle bactériologique négatif,3,5,7,False,True,normal,ensoleillé
2023-07-13 06:46:24,Hôpital Général Douala,B-,70,14,0,56,3.9,14,97.4,normale,Parfait pour transfusion immédiate,3,6,7,False,True,normal,ensoleillé
2023-07-13 10:45:47,Hôpital Général Douala,A+,66,5,0,61,3.1,8,95.7,normale,Attention: proche expiration,3,10,7,False,True,normal,nuageux
2023-07-13 19:08:49,Hôpital Général Douala,O+,66,2,15,79,4.6,8,98.6,normale,Urgent: vérifier température stockage,3,19,7,False,True,normal,ensoleillé
2023-07-13 19:20:35,Hôpital Général Douala,A+,84,3,19,100,4.5,1,64.8,attention,Attention: proche expiration,3,19,7,False,True,normal,pluvieux
2023-07-15 11:31:25,Hôpital Général Douala,O-,54,5,0,49,4.0,22,100.0,normale,"État satisfaisant, contrôle qualité OK",5,11,7,True,True,normal,pluvieux
2023-07-16 02:45:54,Hôpital Général Douala,A+,27,7,0,20,4.1,16,100.0,normale,"Bon état général, légère variation température",6,2,7,True,True,normal,pluvieux
2023-07-16 20:16:08,Hôpital Général Douala,O-,33,9,0,24,3.9,31,89.0,normale,Parfait pour transfusion immédiate,6,20,7,True,True,normal,ensoleillé
2023-07-17 00:05:51,Hôpital Général Douala,A+,23,9,0,14,4.2,4,81.5,faible,"État satisfaisant, contrôle qualité OK",0,0,7,False,True,normal,orageux
2023-07-17 16:22:11,Hôpital Général Douala,O+,56,12,0,44,4.4,1,60.8,attention,Urgent: vérifier température stockage,0,16,7,False,True,normal,ensoleillé
2023-07-18 02:18:40,Hôpital Général Douala,O+,31,10,0,21,4.7,52,96.7,normale,"Bon état général, légère variation température",1,2,7,False,True,normal,nuageux
2023-07-18 06:11:04,Hôpital Général Douala,O-,58,6,0,52,4.0,26,100.0,normale,"État satisfaisant, contrôle qualité OK",1,6,7,False,True,normal,nuageux
2023-07-18 13:57:50,Hôpital Général Douala,A+,64,12,0,52,4.1,2,86.3,normale,Parfait pour transfusion immédiate,1,13,7,False,True,normal,ensoleillé
2023-07-18 20:27:10,Hôpital Général Douala,A+,47,6,0,41,4.3,24,100.0,normale,Attention: proche expiration,1,20,7,False,True,normal,ensoleillé
2023-07-18 21:36:14,Hôpital Général Douala,B+,41,13,0,28,4.3,31,96.3,normale,"Excellent état, conservation parfaite",1,21,7,False,True,normal,pluvieux
2023-07-19 00:12:23,Hôpital Général Douala,AB+,20,11,14,23,3.6,6,100.0,normale,Contrôle bactériologique négatif,2,0,7,False,True,normal,ensoleillé
2023-07-19 03:27:39,Hôpital Général Douala,O+,32,10,19,41,2.9,34,99.4,normale,"État satisfaisant, contrôle qualité OK",2,3,7,False,True,normal,orageux
2023-07-19 09:46:28,Hôpital Général Douala,O+,51,8,20,63,4.1,11,94.1,normale,"Bon état général, légère variation température",2,9,7,False,True,normal,ensoleillé
2023-07-19 23:19:45,Hôpital Général Douala,A+,26,7,0,19,4.8,62,95.6,faible,Parfait pour transfusion immédiate,2,23,7,False,True,normal,pluvieux
2023-07-20 02:25:28,Hôpital Général Douala,O+,16,7,0,9,4.4,6,99.2,critique,"URGENT: Stock critique - État satisfaisant, contrôle qualité OK",3,2,7,False,True,urgence_médicale,ensoleillé
2023-07-20 06:34:04,Hôpital Général Douala,O+,81,5,0,76,4.1,44,100.0,normale,"Bon état général, légère variation température",3,6,7,False,True,normal,orageux
2023-07-20 14:53:06,Hôpital Général Douala,A+,41,7,0,34,4.7,7,100.0,normale,Contrôle bactériologique négatif,3,14,7,False,True,normal,ensoleillé
2023-07-20 21:03:51,Hôpital Général Douala,A+,88,2,13,99,4.9,16,96.4,normale,"État satisfaisant, contrôle qualité OK",3,21,7,False,True,normal,orageux
2023-07-21 07:54:31,Hôpital Général Douala,B+,61,13,0,48,3.8,21,100.0,normale,"Bon état général, légère variation température",4,7,7,False,True,normal,nuageux
2023-07-21 22:54:04,Hôpital Général Douala,O+,32,7,0,25,4.1,1,61.9,attention,Urgent: vérifier température stockage,4,22,7,False,True,normal,ensoleillé
2023-07-21 23:42:06,Hôpital Général Douala,A+,32,12,0,20,2.8,7,100.0,normale,"État satisfaisant, contrôle qualité OK",4,23,7,False,True,normal,pluvieux
2023-07-22 00:21:24,Hôpital Général Douala,A+,27,3,0,24,4.4,7,97.0,normale,"Excellent état, conservation parfaite",5,0,7,True,True,normal,pluvieux
2023-07-22 02:59:45,Hôpital Général Douala,O+,31,4,0,27,2.3,16,100.0,normale,Parfait pour transfusion immédiate,5,2,7,True,True,normal,pluvieux
2023-07-22 09:36:21,Hôpital Général Douala,A+,54,6,0,48,4.6,1,64.1,attention,Parfait pour transfusion immédiate,5,9,7,True,True,normal,ensoleillé
2023-07-22 14:54:03,Hôpital Général Douala,O-,36,6,0,30,3.8,18,96.1,normale,"Bon état général, légère variation température",5,14,7,True,True,normal,nuageux
2023-07-22 19:18:58,Hôpital Général Douala,AB-,52,7,0,45,4.2,37,92.4,normale,"Bon état général, légère variation température",5,19,7,True,True,normal,nuageux
2023-07-22 21:03:01,Hôpital Général Douala,A+,35,3,0,32,4.5,3,87.4,normale,Parfait pour transfusion immédiate,5,21,7,True,True,normal,pluvieux
2023-07-24 00:21:53,Hôpital Général Douala,O+,34,8,0,26,3.7,2,87.3,normale,Parfait pour transfusion immédiate,0,0,7,False,True,normal,orageux
2023-07-24 07:18:49,Hôpital Général Douala,O+,86,9,0,77,3.6,1,57.4,attention,"Excellent état, conservation parfaite",0,7,7,False,True,normal,pluvieux
2023-07-24 13:00:02,Hôpital Général Douala,A+,47,9,23,61,3.7,8,96.7,normale,Attention: proche expiration,0,13,7,False,True,normal,nuageux
2023-07-24 22:56:09,Hôpital Général Douala,A+,79,8,30,101,4.3,3,76.3,normale,Hémoglobine dans les normes,0,22,7,False,True,normal,ensoleillé
2023-07-25 02:39:28,Hôpital Général Douala,O+,40,6,15,49,3.9,1,67.6,attention,Parfait pour transfusion immédiate,1,2,7,False,True,normal,ensoleillé
2023-07-25 09:28:59,Hôpital Général Douala,A+,63,12,0,51,4.6,33,100.0,normale,"Bon état général, légère variation température",1,9,7,False,True,normal,ensoleillé
2023-07-26 09:50:27,Hôpital Général Douala,O+,66,2,17,81,3.5,16,99.0,normale,"État satisfaisant, contrôle qualité OK",2,9,7,False,True,normal,ensoleillé
2023-07-26 09:58:24,Hôpital Général Douala,A+,69,8,0,61,4.0,23,95.4,normale,Attention: proche expiration,2,9,7,False,True,normal,pluvieux
2023-07-26 11:08:06,Hôpital Général Douala,O+,38,10,0,28,3.2,1,56.4,attention,Urgent: vérifier température stockage,2,11,7,False,True,normal,ensoleillé
2023-07-26 13:00:03,Hôpital Général Douala,A+,53,9,0,44,3.8,22,97.8,normale,Contrôle bactériologique négatif,2,13,7,False,True,normal,pluvieux
2023-07-26 19:22:06,Hôpital Général Douala,A+,62,10,0,52,3.9,36,93.8,normale,Contrôle bactériologique négatif,2,19,7,False,True,normal,pluvieux
2023-07-27 02:33:24,Hôpital Général Douala,O+,26,10,20,36,3.1,9,97.2,normale,Urgent: vérifier température stockage,3,2,7,False,True,normal,nuageux
2023-07-27 12:52:21,Hôpital Général Douala,O+,55,10,0,45,4.6,58,100.0,normale,Hémoglobine dans les normes,3,12,7,False,True,normal,nuageux
2023-07-28 06:51:28,Hôpital Général Douala,O+,72,5,0,67,3.4,13,96.8,normale,Hémoglobine dans les normes,4,6,7,False,True,accident_route,ensoleillé
2023-07-28 18:06:53,Hôpital Général Douala,A+,21,7,0,14,3.8,9,100.0,faible,Parfait pour transfusion immédiate,4,18,7,False,True,normal,pluvieux
2023-07-29 10:41:44,Hôpital Général Douala,A+,62,7,0,55,4.5,1,60.0,attention,"Excellent état, conservation parfaite",5,10,7,True,True,normal,ensoleillé
2023-07-29 10:48:03,Hôpital Général Douala,O+,58,7,0,51,3.9,26,90.1,normale,"Bon état général, légère variation température",5,10,7,True,True,normal,ensoleillé
2023-07-29 18:50:30,Hôpital Général Douala,O+,34,7,12,39,3.4,27,94.4,normale,Hémoglobine dans les normes,5,18,7,True,True,normal,ensoleillé
2023-07-29 20:15:52,Hôpital Général Douala,A-,49,12,0,37,3.6,43,94.0,normale,Urgent: vérifier température stockage,5,20,7,True,True,normal,ensoleillé
2023-07-30 07:02:50,Hôpital Général Douala,O+,51,6,0,45,4.5,1,59.5,attention,"Bon état général, légère variation température",6,7,7,True,True,normal,orageux
2023-07-30 12:12:43,Hôpital Général Douala,B+,53,7,0,46,3.9,1,59.6,attention,"Bon état général, légère variation température",6,12,7,True,True,normal,orageux
2023-07-30 17:32:44,Hôpital Général Douala,O-,36,7,0,29,3.6,5,100.0,normale,Parfait pour transfusion immédiate,6,17,7,True,True,normal,nuageux
2023-07-30 20:35:11,Hôpital Général Douala,O+,68,9,0,59,3.5,4,79.2,normale,Attention: proche expiration,6,20,7,True,True,normal,nuageux
2023-07-30 21:15:57,Hôpital Général Douala,A-,48,4,0,44,4.6,3,94.5,normale,Parfait pour transfusion immédiate,6,21,7,True,True,normal,ensoleillé
2023-07-30 21:17:49,Hôpital Général Douala,A+,59,10,0,49,4.8,25,100.0,normale,Parfait pour transfusion immédiate,6,21,7,True,True,urgence_médicale,orageux
2023-08-01 14:09:09,Hôpital Général Douala,A-,73,7,0,66,3.8,5,100.0,normale,"Excellent état, conservation parfaite",1,14,8,False,True,normal,nuageux
2023-08-01 14:33:36,Hôpital Général Douala,O+,58,4,0,54,3.8,5,96.0,normale,"Excellent état, conservation parfaite",1,14,8,False,True,normal,ensoleillé
2023-08-02 10:18:36,Hôpital Général Douala,A+,77,16,19,80,4.0,1,55.6,attention,"Excellent état, conservation parfaite",2,10,8,False,True,normal,pluvieux
2023-08-03 13:15:15,Hôpital Général Douala,A+,77,11,0,66,3.9,35,100.0,normale,Parfait pour transfusion immédiate,3,13,8,False,True,normal,ensoleillé
2023-08-03 14:08:20,Hôpital Général Douala,O+,50,4,17,63,3.7,17,97.7,normale,Attention: proche expiration,3,14,8,False,True,normal,pluvieux
2023-08-03 18:31:45,Hôpital Général Douala,O+,77,2,14,89,4.6,5,100.0,normale,Hémoglobine dans les normes,3,18,8,False,True,normal,pluvieux
2023-08-05 17:38:50,Hôpital Général Douala,A+,25,1,19,43,3.9,15,98.2,normale,Attention: proche expiration,5,17,8,True,True,normal,nuageux
2023-08-05 18:49:27,Hôpital Général Douala,A+,39,8,0,31,4.2,8,89.9,normale,Attention: proche expiration,5,18,8,True,True,normal,ensoleillé
2023-08-06 00:36:47,Hôpital Général Douala,A+,22,10,0,12,3.8,77,100.0,faible,Hémoglobine dans les normes,6,0,8,True,True,normal,nuageux
2023-08-06 16:10:15,Hôpital Général Douala,O+,30,7,0,23,3.5,12,97.4,normale,Attention: proche expiration,6,16,8,True,True,normal,nuageux
2023-08-06 19:38:01,Hôpital Général Douala,O+,49,9,0,40,4.1,8,100.0,normale,Attention: proche expiration,6,19,8,True,True,normal,nuageux
2023-08-07 05:22:36,Hôpital Général Douala,O+,19,10,0,9,4.1,24,100.0,critique,URGENT: Stock critique - Hémoglobine dans les normes,0,5,8,False,True,normal,ensoleillé
2023-08-07 17:43:29,Hôpital Général Douala,A-,54,16,0,38,4.3,21,97.3,normale,Contrôle bactériologique négatif,0,17,8,False,True,normal,nuageux
2023-08-08 02:28:44,Hôpital Général Douala,A+,31,9,13,35,4.7,3,75.2,normale,"Bon état général, légère variation température",1,2,8,False,True,normal,pluvieux
2023-08-08 07:02:22,Hôpital Général Douala,O+,34,7,14,41,3.7,16,100.0,normale,"État satisfaisant, contrôle qualité OK",1,7,8,False,True,normal,ensoleillé
2023-08-08 08:21:49,Hôpital Général Douala,O+,41,9,0,32,4.2,23,98.8,normale,Hémoglobine dans les normes,1,8,8,False,True,normal,orageux
2023-08-08 09:26:18,Hôpital Général Douala,B+,49,15,24,58,3.7,24,97.9,normale,Urgent: vérifier température stockage,1,9,8,False,True,normal,nuageux
2023-08-08 14:31:08,Hôpital Général Douala,O+,73,9,20,84,4.1,7,100.0,normale,"État satisfaisant, contrôle qualité OK",1,14,8,False,True,normal,ensoleillé
2023-08-08 15:01:26,Hôpital Général Douala,O+,42,15,24,51,4.1,31,92.9,normale,Urgent: vérifier température stockage,1,15,8,False,True,normal,ensoleillé
2023-08-08 22:24:15,Hôpital Général Douala,O+,93,10,24,107,3.0,28,97.4,normale,Contrôle bactériologique négatif,1,22,8,False,True,normal,nuageux
2023-08-08 23:52:44,Hôpital Général Douala,AB+,17,12,26,31,3.9,1,59.3,attention,Urgent: vérifier température stockage,1,23,8,False,True,urgence_médicale,ensoleillé
2023-08-09 00:10:17,Hôpital Général Douala,O+,26,8,18,36,3.4,10,94.6,normale,Attention: proche expiration,2,0,8,False,True,normal,pluvieux
2023-08-10 05:21:53,Hôpital Général Douala,O+,30,7,14,37,3.4,44,97.1,normale,Hémoglobine dans les normes,3,5,8,False,True,normal,ensoleillé
2023-08-10 09:34:15,Hôpital Général Douala,O+,40,11,0,29,3.7,8,100.0,normale,Parfait pour transfusion immédiate,3,9,8,False,True,normal,nuageux
2023-08-11 00:48:02,Hôpital Général Douala,A-,26,8,0,18,4.8,14,100.0,faible,Urgent: vérifier température stockage,4,0,8,False,True,normal,pluvieux
2023-08-11 08:12:21,Hôpital Général Douala,A+,53,10,0,43,4.1,37,99.9,normale,Attention: proche expiration,4,8,8,False,True,normal,orageux
2023-08-11 20:39:51,Hôpital Général Douala,A+,84,10,0,74,3.8,4,85.0,normale,Contrôle bactériologique négatif,4,20,8,False,True,normal,pluvieux
2023-08-12 03:01:17,Hôpital Général Douala,A+,28,8,0,20,4.2,9,95.2,normale,"Excellent état, conservation parfaite",5,3,8,True,True,normal,ensoleillé
2023-08-12 05:43:46,Hôpital Général Douala,A+,15,11,0,4,3.9,26,100.0,critique,URGENT: Stock critique - Urgent: vérifier température stockage,5,5,8,True,True,normal,ensoleillé
2023-08-12 08:19:31,Hôpital Général Douala,B+,40,2,0,38,3.9,2,85.7,normale,Urgent: vérifier température stockage,5,8,8,True,True,normal,pluvieux
2023-08-13 01:38:53,Hôpital Général Douala,O+,5,10,0,0,4.0,6,100.0,critique,URGENT: Stock critique - Contrôle bactériologique négatif,6,1,8,True,True,normal,pluvieux
2023-08-13 02:23:00,Hôpital Général Douala,O+,19,5,0,14,4.6,4,88.7,faible,Hémoglobine dans les normes,6,2,8,True,True,normal,ensoleillé
2023-08-13 03:20:58,Hôpital Général Douala,B+,32,8,17,41,4.4,9,95.2,normale,"État satisfaisant, contrôle qualité OK",6,3,8,True,True,normal,pluvieux
2023-08-14 11:18:08,Hôpital Général Douala,B+,53,13,17,57,4.8,2,81.2,normale,Contrôle bactériologique négatif,0,11,8,False,True,normal,ensoleillé
2023-08-14 13:45:25,Hôpital Général Douala,O+,96,10,0,86,4.1,34,100.0,normale,Parfait pour transfusion immédiate,0,13,8,False,True,normal,ensoleillé
2023-08-14 15:52:22,Hôpital Général Douala,A+,60,7,0,53,4.7,16,100.0,normale,"Bon état général, légère variation température",0,15,8,False,True,normal,ensoleillé
2023-08-15 04:27:31,Hôpital Général Douala,A+,30,5,0,25,4.3,1,64.0,attention,"État satisfaisant, contrôle qualité OK",1,4,8,False,True,normal,nuageux
2023-08-15 08:31:38,Hôpital Général Douala,B+,71,9,0,62,4.6,6,100.0,normale,"Excellent état, conservation parfaite",1,8,8,False,True,normal,nuageux
2023-08-15 10:52:26,Hôpital Général Douala,A+,46,7,0,39,3.8,11,97.0,normale,Attention: proche expiration,1,10,8,False,True,normal,ensoleillé
2023-08-15 12:07:12,Hôpital Général Douala,O+,98,6,0,92,3.3,21,100.0,normale,Parfait pour transfusion immédiate,1,12,8,False,True,normal,pluvieux
2023-08-16 01:26:41,Hôpital Général Douala,A+,34,7,0,27,3.5,13,100.0,normale,"Bon état général, légère variation température",2,1,8,False,True,normal,pluvieux
2023-08-16 10:14:31,Hôpital Général Douala,A+,56,8,0,48,3.4,53,100.0,normale,Urgent: vérifier température stockage,2,10,8,False,True,normal,ensoleillé
2023-08-16 12:58:38,Hôpital Général Douala,O+,70,10,22,82,3.9,38,97.4,normale,Attention: proche expiration,2,12,8,False,True,normal,ensoleillé
2023-08-17 10:11:59,Hôpital Général Douala,AB+,58,6,0,52,3.8,10,100.0,normale,Contrôle bactériologique négatif,3,10,8,False,True,normal,ensoleillé
2023-08-17 17:58:33,Hôpital Général Douala,O+,58,4,0,54,3.6,23,96.9,normale,Urgent: vérifier température stockage,3,17,8,False,True,normal,ensoleillé
2023-08-17 18:15:31,Hôpital Général Douala,O+,50,4,0,46,3.1,3,90.6,normale,Parfait pour transfusion immédiate,3,18,8,False,True,campagne_don,nuageux
2023-08-17 20:02:13,Hôpital Général Douala,O+,61,9,16,68,4.2,5,100.0,normale,Contrôle bactériologique négatif,3,20,8,False,True,normal,nuageux
2023-08-17 22:50:35,Hôpital Général Douala,O-,81,8,0,73,3.3,31,100.0,normale,Attention: proche expiration,3,22,8,False,True,accident_route,ensoleillé
2023-08-18 07:34:02,Hôpital Général Douala,B+,42,12,0,30,4.0,33,97.1,normale,"Excellent état, conservation parfaite",4,7,8,False,True,normal,nuageux
2023-08-18 13:45:59,Hôpital Général Douala,A+,46,8,0,38,4.6,26,100.0,normale,Hémoglobine dans les normes,4,13,8,False,True,normal,nuageux
2023-08-18 22:45:21,Hôpital Général Douala,O+,46,11,16,51,4.6,33,93.9,normale,Attention: proche expiration,4,22,8,False,True,normal,nuageux
2023-08-19 05:00:32,Hôpital Général Douala,A+,30,4,24,50,4.0,5,100.0,normale,Contrôle bactériologique négatif,5,5,8,True,True,normal,ensoleillé
2023-08-19 08:03:02,Hôpital Général Douala,O+,47,8,16,55,3.7,17,95.1,normale,Contrôle bactériologique négatif,5,8,8,True,True,normal,nuageux
2023-08-19 08:44:47,Hôpital Général Douala,A+,59,5,0,54,3.5,1,62.2,attention,"État satisfaisant, contrôle qualité OK",5,8,8,True,True,normal,ensoleillé
2023-08-19 17:09:07,Hôpital Général Douala,O+,22,8,0,14,4.0,11,80.3,faible,Urgent: vérifier température stockage,5,17,8,True,True,normal,pluvieux
2023-08-20 04:35:33,Hôpital Général Douala,A+,29,1,0,28,4.4,1,58.9,attention,Parfait pour transfusion immédiate,6,4,8,True,True,normal,pluvieux
2023-08-20 05:26:05,Hôpital Général Douala,B+,24,7,18,35,3.3,17,100.0,normale,"État satisfaisant, contrôle qualité OK",6,5,8,True,True,urgence_médicale,pluvieux
2023-08-20 18:24:11,Hôpital Général Douala,O+,47,6,0,41,3.7,19,100.0,normale,Parfait pour transfusion immédiate,6,18,8,True,True,normal,pluvieux
2023-08-20 22:13:01,Hôpital Général Douala,A+,32,3,0,29,3.9,9,95.7,normale,Attention: proche expiration,6,22,8,True,True,normal,pluvieux
2023-08-20 23:43:07,Hôpital Général Douala,A+,12,5,0,7,4.0,45,100.0,critique,URGENT: Stock critique - Parfait pour transfusion immédiate,6,23,8,True,True,normal,ensoleillé
2023-08-20 23:51:41,Hôpital Général Douala,A-,12,3,0,9,4.4,4,81.5,critique,URGENT: Stock critique - Attention: proche expiration,6,23,8,True,True,normal,pluvieux
2023-08-21 01:04:42,Hôpital Général Douala,AB+,28,6,0,22,4.1,1,56.0,attention,Hémoglobine dans les normes,0,1,8,False,True,normal,pluvieux
2023-08-21 02:04:21,Hôpital Général Douala,A-,35,13,0,22,4.2,12,96.2,normale,Parfait pour transfusion immédiate,0,2,8,False,True,normal,ensoleillé
2023-08-21 05:02:27,Hôpital Général Douala,A+,36,11,0,25,4.3,7,93.6,normale,"État satisfaisant, contrôle qualité OK",0,5,8,False,True,épidémie,pluvieux
2023-08-21 07:18:15,Hôpital Général Douala,O+,82,17,0,65,4.4,11,100.0,normale,Hémoglobine dans les normes,0,7,8,False,True,normal,pluvieux
2023-08-21 10:07:18,Hôpital Général Douala,B+,68,12,0,56,3.6,27,100.0,normale,"Bon état général, légère variation température",0,10,8,False,True,normal,pluvieux
2023-08-22 01:13:43,Hôpital Général Douala,B-,19,6,0,13,3.1,70,96.9,faible,"Excellent état, conservation parfaite",1,1,8,False,True,normal,orageux
2023-08-22 02:46:20,Hôpital Général Douala,O+,40,6,0,34,3.3,1,64.6,attention,"Excellent état, conservation parfaite",1,2,8,False,True,normal,ensoleillé
2023-08-22 04:04:12,Hôpital Général Douala,A+,42,15,0,27,3.2,8,100.0,normale,Contrôle bactériologique négatif,1,4,8,False,True,normal,pluvieux
2023-08-22 08:07:04,Hôpital Général Douala,O-,53,9,0,44,5.1,33,100.0,normale,"Bon état général, légère variation température",1,8,8,False,True,normal,nuageux
2023-08-22 17:19:11,Hôpital Général Douala,O+,65,11,0,54,3.7,5,94.7,normale,Attention: proche expiration,1,17,8,False,True,normal,nuageux
2023-08-22 18:38:44,Hôpital Général Douala,A+,38,8,0,30,3.5,3,81.5,normale,Urgent: vérifier température stockage,1,18,8,False,True,normal,ensoleillé
2023-08-23 04:30:10,Hôpital Général Douala,A+,27,4,0,23,4.2,42,97.7,normale,Contrôle bactériologique négatif,2,4,8,False,True,normal,pluvieux
2023-08-23 17:49:45,Hôpital Général Douala,O+,56,11,0,45,4.0,4,92.2,normale,Urgent: vérifier température stockage,2,17,8,False,True,normal,nuageux
2023-08-24 01:20:13,Hôpital Général Douala,O+,26,6,20,40,4.7,4,88.6,normale,Hémoglobine dans les normes,3,1,8,False,True,normal,orageux
2023-08-24 06:55:57,Hôpital Général Douala,A+,81,13,0,68,4.0,44,99.3,normale,Attention: proche expiration,3,6,8,False,True,normal,pluvieux
2023-08-24 15:42:07,Hôpital Général Douala,O+,60,9,26,77,3.6,6,100.0,normale,Attention: proche expiration,3,15,8,False,True,normal,nuageux
2023-08-24 15:51:12,Hôpital Général Douala,A-,70,17,24,77,4.5,1,58.9,attention,Parfait pour transfusion immédiate,3,15,8,False,True,normal,ensoleillé
2023-08-24 20:06:31,Hôpital Général Douala,A+,50,12,22,60,5.1,9,100.0,normale,"Excellent état, conservation parfaite",3,20,8,False,True,normal,ensoleillé
2023-08-24 22:23:05,Hôpital Général Douala,B+,64,8,0,56,3.7,6,100.0,normale,Attention: proche expiration,3,22,8,False,True,épidémie,pluvieux
2023-08-25 22:31:50,Hôpital Général Douala,O+,68,8,0,60,4.7,6,96.3,normale,Contrôle bactériologique négatif,4,22,8,False,True,normal,ensoleillé
2023-08-26 17:41:12,Hôpital Général Douala,O+,44,9,0,35,4.2,30,100.0,normale,"Excellent état, conservation parfaite",5,17,8,True,True,normal,pluvieux
2023-08-26 17:59:50,Hôpital Général Douala,O-,60,6,0,54,4.9,1,58.6,attention,"Bon état général, légère variation température",5,17,8,True,True,normal,ensoleillé
2023-08-26 21:14:15,Hôpital Général Douala,A+,43,3,0,40,4.9,133,100.0,normale,Urgent: vérifier température stockage,5,21,8,True,True,normal,ensoleillé
2023-08-26 21:41:28,Hôpital Général Douala,O+,45,6,0,39,5.0,6,100.0,normale,Hémoglobine dans les normes,5,21,8,True,True,normal,ensoleillé
2023-08-27 08:04:39,Hôpital Général Douala,A+,38,5,24,57,3.8,25,100.0,normale,Contrôle bactériologique négatif,6,8,8,True,True,normal,pluvieux
2023-08-28 06:12:19,Hôpital Général Douala,A+,48,7,0,41,4.5,14,96.6,normale,"État satisfaisant, contrôle qualité OK",0,6,8,False,True,normal,ensoleillé
2023-08-28 07:17:19,Hôpital Général Douala,O-,99,18,0,81,4.2,14,93.6,normale,Parfait pour transfusion immédiate,0,7,8,False,True,normal,ensoleillé
2023-08-28 16:34:42,Hôpital Général Douala,A+,88,5,22,105,3.8,4,82.3,normale,Hémoglobine dans les normes,0,16,8,False,True,normal,pluvieux
2023-08-28 20:36:02,Hôpital Général Douala,AB+,47,6,0,41,4.3,19,100.0,normale,Parfait pour transfusion immédiate,0,20,8,False,True,normal,orageux
2023-08-29 04:40:30,Hôpital Général Douala,A+,46,4,0,42,4.6,26,100.0,normale,Attention: proche expiration,1,4,8,False,True,normal,pluvieux
2023-08-29 11:25:19,Hôpital Général Douala,A+,71,9,0,62,4.9,24,98.5,normale,Urgent: vérifier température stockage,1,11,8,False,True,normal,ensoleillé
2023-08-29 17:05:14,Hôpital Général Douala,O+,44,4,0,40,4.2,2,90.6,normale,Urgent: vérifier température stockage,1,17,8,False,True,normal,nuageux
2023-08-30 14:08:57,Hôpital Général Douala,B+,102,11,0,91,4.7,8,100.0,normale,"Bon état général, légère variation température",2,14,8,False,True,normal,ensoleillé
2023-08-30 20:42:38,Hôpital Général Douala,O+,45,5,0,40,4.1,40,95.0,normale,Hémoglobine dans les normes,2,20,8,False,True,normal,nuageux
2023-08-30 23:00:22,Hôpital Général Douala,B-,33,7,0,26,4.2,3,83.9,normale,"Excellent état, conservation parfaite",2,23,8,False,True,épidémie,ensoleillé
2023-08-31 03:40:36,Hôpital Général Douala,A-,43,17,0,26,4.0,33,100.0,normale,"Excellent état, conservation parfaite",3,3,8,False,True,normal,pluvieux
2023-08-31 13:53:38,Hôpital Général Douala,A+,47,6,25,66,4.2,21,98.9,normale,Hémoglobine dans les normes,3,13,8,False,True,normal,nuageux
2023-08-31 16:26:56,Hôpital Général Douala,A-,61,9,0,52,4.1,15,100.0,normale,Parfait pour transfusion immédiate,3,16,8,False,True,normal,pluvieux
2023-09-01 02:23:17,Hôpital Général Douala,B-,39,9,22,52,4.5,18,100.0,normale,Parfait pour transfusion immédiate,4,2,9,False,False,normal,ensoleillé
2023-09-01 08:24:33,Hôpital Général Douala,A+,35,7,0,28,2.7,1,57.0,attention,Urgent: vérifier température stockage,4,8,9,False,False,normal,pluvieux
2023-09-01 19:05:51,Hôpital Général Douala,A+,34,11,0,23,4.2,2,86.6,normale,"État satisfaisant, contrôle qualité OK",4,19,9,False,False,normal,pluvieux
2023-09-01 19:07:14,Hôpital Général Douala,O+,45,2,19,62,3.7,16,98.9,normale,Urgent: vérifier température stockage,4,19,9,False,False,normal,ensoleillé
2023-09-01 20:45:51,Hôpital Général Douala,O+,39,11,0,28,3.6,22,96.7,normale,Parfait pour transfusion immédiate,4,20,9,False,False,normal,ensoleillé
2023-09-01 20:46:26,Hôpital Général Douala,O+,36,6,0,30,3.8,3,90.3,normale,Attention: proche expiration,4,20,9,False,False,normal,ensoleillé
2023-09-01 23:22:24,Hôpital Général Douala,O-,31,4,20,47,3.4,30,99.5,normale,Urgent: vérifier température stockage,4,23,9,False,False,normal,pluvieux
2023-09-01 23:24:19,Hôpital Général Douala,O+,34,8,0,26,4.0,6,100.0,normale,Attention: proche expiration,4,23,9,False,False,normal,ensoleillé
2023-09-02 00:08:07,Hôpital Général Douala,O+,13,5,18,26,4.4,2,87.1,normale,"Excellent état, conservation parfaite",5,0,9,True,False,normal,pluvieux
2023-09-02 19:52:19,Hôpital Général Douala,O+,23,7,0,16,4.2,27,89.9,faible,"Bon état général, légère variation température",5,19,9,True,False,urgence_médicale,pluvieux
2023-09-04 13:39:12,Hôpital Général Douala,A+,48,12,18,54,3.1,8,100.0,normale,Attention: proche expiration,0,13,9,False,False,épidémie,pluvieux
2023-09-06 00:15:22,Hôpital Général Douala,O+,32,7,26,51,3.9,8,100.0,normale,Attention: proche expiration,2,0,9,False,False,normal,nuageux
2023-09-06 12:57:20,Hôpital Général Douala,A+,21,6,17,32,4.0,11,100.0,normale,Urgent: vérifier température stockage,2,12,9,False,False,normal,orageux
2023-09-06 18:18:42,Hôpital Général Douala,A+,54,4,0,50,4.0,15,100.0,normale,Attention: proche expiration,2,18,9,False,False,normal,pluvieux
2023-09-06 23:57:08,Hôpital Général Douala,A+,23,6,20,37,3.9,6,100.0,normale,Attention: proche expiration,2,23,9,False,False,normal,pluvieux
2023-09-07 04:58:39,Hôpital Général Douala,O+,24,11,22,35,4.1,4,83.9,normale,Urgent: vérifier température stockage,3,4,9,False,False,normal,orageux
2023-09-07 13:55:37,Hôpital Général Douala,A+,28,7,0,21,4.1,13,100.0,normale,Hémoglobine dans les normes,3,13,9,False,False,normal,pluvieux
2023-09-08 20:48:19,Hôpital Général Douala,A+,55,2,0,53,3.4,41,100.0,normale,Contrôle bactériologique négatif,4,20,9,False,False,normal,orageux
2023-09-09 05:50:51,Hôpital Général Douala,A+,19,7,0,12,4.7,36,100.0,faible,Parfait pour transfusion immédiate,5,5,9,True,False,normal,ensoleillé
2023-09-09 10:44:48,Hôpital Général Douala,O+,22,4,0,18,3.5,22,100.0,faible,Contrôle bactériologique négatif,5,10,9,True,False,normal,pluvieux
2023-09-09 11:35:11,Hôpital Général Douala,A+,45,4,12,53,4.5,5,100.0,normale,Urgent: vérifier température stockage,5,11,9,True,False,normal,pluvieux
2023-09-09 15:21:07,Hôpital Général Douala,O+,14,6,0,8,5.3,1,61.6,critique,URGENT: Stock critique - Attention: proche expiration,5,15,9,True,False,normal,nuageux
2023-09-10 01:45:25,Hôpital Général Douala,B+,6,5,0,1,3.5,38,99.8,critique,"URGENT: Stock critique - État satisfaisant, contrôle qualité OK",6,1,9,True,False,normal,ensoleillé
2023-09-10 03:46:21,Hôpital Général Douala,A+,14,3,0,11,4.1,7,99.4,faible,"Bon état général, légère variation température",6,3,9,True,False,urgence_médicale,nuageux
2023-09-10 04:43:01,Hôpital Général Douala,O+,14,8,16,22,4.4,1,63.9,attention,"État satisfaisant, contrôle qualité OK",6,4,9,True,False,normal,pluvieux
2023-09-11 04:17:42,Hôpital Général Douala,A+,25,6,0,19,4.1,7,100.0,faible,"Bon état général, légère variation température",0,4,9,False,False,normal,ensoleillé
2023-09-11 10:21:59,Hôpital Général Douala,A+,66,9,0,57,3.3,8,99.6,normale,"Bon état général, légère variation température",0,10,9,False,False,normal,pluvieux
2023-09-11 12:39:40,Hôpital Général Douala,A+,43,6,0,37,3.8,22,96.7,normale,"Excellent état, conservation parfaite",0,12,9,False,False,normal,ensoleillé
2023-09-11 17:56:31,Hôpital Général Douala,O+,25,10,19,34,3.9,1,65.6,attention,"État satisfaisant, contrôle qualité OK",0,17,9,False,False,normal,nuageux
2023-09-11 23:28:15,Hôpital Général Douala,AB-,37,11,0,26,3.9,5,94.6,normale,"Excellent état, conservation parfaite",0,23,9,False,False,normal,ensoleillé
2023-09-12 01:59:28,Hôpital Général Douala,O+,24,9,0,15,3.5,9,100.0,faible,Attention: proche expiration,1,1,9,False,False,normal,ensoleillé
2023-09-12 10:11:26,Hôpital Général Douala,O+,50,12,0,38,3.9,28,100.0,normale,Parfait pour transfusion immédiate,1,10,9,False,False,normal,nuageux
2023-09-12 20:07:28,Hôpital Général Douala,O+,34,6,0,28,4.3,36,99.0,normale,Hémoglobine dans les normes,1,20,9,False,False,normal,ensoleillé
2023-09-12 22:27:04,Hôpital Général Douala,B-,42,11,0,31,4.0,37,100.0,normale,Contrôle bactériologique négatif,1,22,9,False,False,normal,ensoleillé
2023-09-13 11:49:55,Hôpital Général Douala,A+,74,8,0,66,4.4,3,87.9,normale,Parfait pour transfusion immédiate,2,11,9,False,False,normal,ensoleillé
2023-09-13 20:17:16,Hôpital Général Douala,O+,68,6,0,62,4.6,28,100.0,normale,"Excellent état, conservation parfaite",2,20,9,False,False,normal,ensoleillé
2023-09-13 21:22:27,Hôpital Général Douala,A+,68,4,0,64,4.1,11,92.6,normale,Parfait pour transfusion immédiate,2,21,9,False,False,normal,pluvieux
2023-09-14 02:44:37,Hôpital Général Douala,A+,21,10,0,11,4.6,25,97.4,faible,Contrôle bactériologique négatif,3,2,9,False,False,normal,nuageux
2023-09-14 07:11:59,Hôpital Général Douala,A+,51,8,0,43,4.4,1,55.5,attention,"État satisfaisant, contrôle qualité OK",3,7,9,False,False,normal,ensoleillé
2023-09-14 09:46:44,Hôpital Général Douala,O+,48,9,0,39,3.9,20,98.3,normale,Attention: proche expiration,3,9,9,False,False,normal,ensoleillé
2023-09-14 11:02:21,Hôpital Général Douala,O+,61,7,0,54,3.8,11,100.0,normale,"Bon état général, légère variation température",3,11,9,False,False,normal,nuageux
2023-09-14 20:07:33,Hôpital Général Douala,AB+,61,7,0,54,4.2,21,98.5,normale,"Excellent état, conservation parfaite",3,20,9,False,False,normal,ensoleillé
2023-09-15 00:18:27,Hôpital Général Douala,O+,10,11,0,0,4.0,10,92.6,critique,"URGENT: Stock critique - Bon état général, légère variation température",4,0,9,False,False,normal,ensoleillé
2023-09-15 00:59:44,Hôpital Général Douala,A+,37,15,0,22,4.1,8,95.0,normale,Urgent: vérifier température stockage,4,0,9,False,False,normal,pluvieux
2023-09-15 08:33:16,Hôpital Général Douala,O+,48,12,0,36,4.1,1,64.4,attention,"Excellent état, conservation parfaite",4,8,9,False,False,normal,ensoleillé
2023-09-15 14:50:03,Hôpital Général Douala,A+,32,9,0,23,3.8,33,100.0,normale,Urgent: vérifier température stockage,4,14,9,False,False,normal,nuageux
2023-09-16 03:17:58,Hôpital Général Douala,O+,19,5,0,14,4.1,39,95.1,faible,"Bon état général, légère variation température",5,3,9,True,False,normal,orageux
2023-09-16 04:15:39,Hôpital Général Douala,B+,23,3,0,20,5.0,3,87.0,normale,Hémoglobine dans les normes,5,4,9,True,False,normal,nuageux
2023-09-16 13:35:11,Hôpital Général Douala,B+,28,5,0,23,4.9,1,64.7,attention,Parfait pour transfusion immédiate,5,13,9,True,False,normal,nuageux
2023-09-17 09:43:17,Hôpital Général Douala,O+,53,4,0,49,4.5,5,100.0,normale,Attention: proche expiration,6,9,9,True,False,normal,ensoleillé
2023-09-17 17:56:50,Hôpital Général Douala,O+,29,5,0,24,4.6,41,100.0,normale,"État satisfaisant, contrôle qualité OK",6,17,9,True,False,normal,nuageux
2023-09-17 18:31:54,Hôpital Général Douala,A+,35,7,0,28,3.4,25,97.1,normale,Contrôle bactériologique négatif,6,18,9,True,False,normal,orageux
2023-09-17 22:36:02,Hôpital Général Douala,A+,38,6,14,46,4.0,5,100.0,normale,"État satisfaisant, contrôle qualité OK",6,22,9,True,False,normal,ensoleillé
2023-09-17 22:53:14,Hôpital Général Douala,O+,6,7,0,0,4.3,13,93.3,critique,URGENT: Stock critique - Attention: proche expiration,6,22,9,True,False,normal,pluvieux
2023-09-18 16:04:52,Hôpital Général Douala,AB+,37,10,0,27,4.1,7,89.2,normale,Urgent: vérifier température stockage,0,16,9,False,False,normal,ensoleillé
2023-09-18 20:45:22,Hôpital Général Douala,B+,50,9,0,41,4.2,13,100.0,normale,Contrôle bactériologique négatif,0,20,9,False,False,normal,pluvieux
2023-09-19 09:13:55,Hôpital Général Douala,A+,64,10,0,54,4.3,1,62.9,attention,"Bon état général, légère variation température",1,9,9,False,False,normal,pluvieux
2023-09-19 17:59:32,Hôpital Général Douala,O+,43,7,16,52,4.0,48,100.0,normale,"Bon état général, légère variation température",1,17,9,False,False,normal,ensoleillé
2023-09-20 02:04:55,Hôpital Général Douala,A+,25,10,0,15,4.4,18,100.0,faible,Contrôle bactériologique négatif,2,2,9,False,False,normal,nuageux
2023-09-20 06:17:16,Hôpital Général Douala,O+,52,12,0,40,3.6,38,100.0,normale,Hémoglobine dans les normes,2,6,9,False,False,normal,pluvieux
2023-09-20 08:56:19,Hôpital Général Douala,O-,43,16,0,27,3.8,10,100.0,normale,Urgent: vérifier température stockage,2,8,9,False,False,normal,nuageux
2023-09-20 13:50:44,Hôpital Général Douala,O+,49,4,18,63,3.7,8,100.0,normale,"État satisfaisant, contrôle qualité OK",2,13,9,False,False,normal,ensoleillé
2023-09-20 15:19:54,Hôpital Général Douala,O+,37,10,0,27,3.8,9,93.2,normale,"Excellent état, conservation parfaite",2,15,9,False,False,normal,nuageux
2023-09-20 20:17:57,Hôpital Général Douala,O-,51,8,0,43,4.1,34,100.0,normale,"Excellent état, conservation parfaite",2,20,9,False,False,normal,ensoleillé
2023-09-21 03:48:57,Hôpital Général Douala,A+,27,8,0,19,3.8,2,76.3,faible,"Bon état général, légère variation température",3,3,9,False,False,normal,ensoleillé
2023-09-21 06:45:01,Hôpital Général Douala,O+,45,5,0,40,4.7,30,100.0,normale,Parfait pour transfusion immédiate,3,6,9,False,False,normal,pluvieux
2023-09-22 00:03:46,Hôpital Général Douala,AB+,12,2,0,10,3.5,10,100.0,faible,Attention: proche expiration,4,0,9,False,False,normal,nuageux
2023-09-22 23:31:10,Hôpital Général Douala,A+,20,10,16,26,4.2,5,100.0,normale,Urgent: vérifier température stockage,4,23,9,False,False,normal,pluvieux
2023-09-23 05:45:29,Hôpital Général Douala,A+,19,4,0,15,4.2,28,100.0,faible,"État satisfaisant, contrôle qualité OK",5,5,9,True,False,normal,ensoleillé
2023-09-23 07:24:47,Hôpital Général Douala,O+,12,11,0,1,4.8,3,82.2,critique,URGENT: Stock critique - Attention: proche expiration,5,7,9,True,False,normal,pluvieux
2023-09-23 14:46:47,Hôpital Général Douala,A+,44,6,0,38,4.2,52,100.0,normale,Contrôle bactériologique négatif,5,14,9,True,False,normal,ensoleillé
2023-09-24 12:24:21,Hôpital Général Douala,O+,38,5,0,33,3.0,12,96.7,normale,Parfait pour transfusion immédiate,6,12,9,True,False,normal,ensoleillé
2023-09-24 21:58:12,Hôpital Général Douala,A+,43,8,0,35,3.7,1,60.0,attention,"Excellent état, conservation parfaite",6,21,9,True,False,normal,ensoleillé
2023-09-25 09:09:57,Hôpital Général Douala,B+,38,4,0,34,3.7,31,94.0,normale,Attention: proche expiration,0,9,9,False,False,normal,pluvieux
2023-09-25 16:45:43,Hôpital Général Douala,O+,65,8,0,57,4.0,14,98.5,normale,Contrôle bactériologique négatif,0,16,9,False,False,normal,ensoleillé
2023-09-26 00:02:07,Hôpital Général Douala,B+,15,7,0,8,3.7,9,100.0,critique,"URGENT: Stock critique - État satisfaisant, contrôle qualité OK",1,0,9,False,False,normal,ensoleillé
2023-09-26 00:49:20,Hôpital Général Douala,O+,20,7,0,13,3.8,1,62.3,faible,Attention: proche expiration,1,0,9,False,False,normal,ensoleillé
2023-09-26 04:04:24,Hôpital Général Douala,B+,25,15,12,22,4.1,20,89.8,normale,Hémoglobine dans les normes,1,4,9,False,False,normal,orageux
2023-09-26 10:17:57,Hôpital Général Douala,O-,56,6,0,50,4.9,21,88.3,normale,Attention: proche expiration,1,10,9,False,False,normal,pluvieux
2023-09-26 15:21:28,Hôpital Général Douala,AB+,41,9,0,32,4.3,5,94.2,normale,Parfait pour transfusion immédiate,1,15,9,False,False,normal,nuageux
2023-09-27 00:39:29,Hôpital Général Douala,AB+,31,7,0,24,3.8,3,76.8,normale,"Excellent état, conservation parfaite",2,0,9,False,False,normal,ensoleillé
2023-09-27 04:33:39,Hôpital Général Douala,A+,20,10,19,29,4.2,23,100.0,normale,"Excellent état, conservation parfaite",2,4,9,False,False,normal,pluvieux
2023-09-27 06:18:59,Hôpital Général Douala,A+,46,4,0,42,3.2,1,65.2,attention,Contrôle bactériologique négatif,2,6,9,False,False,normal,pluvieux
2023-09-27 16:00:58,Hôpital Général Douala,A+,48,8,0,40,4.6,9,94.7,normale,"État satisfaisant, contrôle qualité OK",2,16,9,False,False,accident_route,ensoleillé
2023-09-29 02:37:28,Hôpital Général Douala,A+,30,9,0,21,3.6,19,100.0,normale,Parfait pour transfusion immédiate,4,2,9,False,False,normal,nuageux
2023-09-30 07:54:24,Hôpital Général Douala,O+,37,5,14,46,3.7,23,94.1,normale,Parfait pour transfusion immédiate,5,7,9,True,False,normal,ensoleillé
2023-09-30 16:52:24,Hôpital Général Douala,A+,15,3,0,12,3.5,8,100.0,faible,Urgent: vérifier température stockage,5,16,9,True,False,normal,pluvieux
2023-10-01 00:24:06,Hôpital Général Douala,B+,10,7,0,3,3.6,4,87.4,critique,"URGENT: Stock critique - Excellent état, conservation parfaite",6,0,10,True,False,normal,pluvieux
2023-10-01 03:26:12,Hôpital Général Douala,O+,14,6,0,8,3.5,54,100.0,critique,URGENT: Stock critique - Urgent: vérifier température stockage,6,3,10,True,False,normal,ensoleillé
2023-10-01 04:53:10,Hôpital Général Douala,A+,23,7,0,16,4.2,4,86.2,faible,"Bon état général, légère variation température",6,4,10,True,False,normal,nuageux
2023-10-01 05:34:13,Hôpital Général Douala,A-,21,5,0,16,4.0,22,95.1,faible,"État satisfaisant, contrôle qualité OK",6,5,10,True,False,normal,nuageux
2023-10-01 13:13:25,Hôpital Général Douala,O+,24,4,0,20,4.3,31,99.8,normale,"Excellent état, conservation parfaite",6,13,10,True,False,normal,pluvieux
2023-10-01 17:21:33,Hôpital Général Douala,O-,28,7,0,21,4.6,17,92.3,normale,Parfait pour transfusion immédiate,6,17,10,True,False,normal,ensoleillé
2023-10-01 18:58:10,Hôpital Général Douala,A+,20,4,0,16,3.9,12,93.9,faible,Contrôle bactériologique négatif,6,18,10,True,False,normal,pluvieux
2023-10-02 02:05:20,Hôpital Général Douala,O-,23,7,0,16,4.4,16,94.7,faible,"Bon état général, légère variation température",0,2,10,False,False,normal,ensoleillé
2023-10-02 10:35:39,Hôpital Général Douala,O+,45,16,19,48,4.4,4,83.5,normale,Parfait pour transfusion immédiate,0,10,10,False,False,normal,nuageux
2023-10-02 12:09:31,Hôpital Général Douala,O+,67,5,0,62,3.0,14,97.6,normale,Parfait pour transfusion immédiate,0,12,10,False,False,normal,ensoleillé
2023-10-02 23:54:12,Hôpital Général Douala,O+,25,8,0,17,3.8,4,82.2,faible,"État satisfaisant, contrôle qualité OK",0,23,10,False,False,normal,nuageux
2023-10-03 04:57:10,Hôpital Général Douala,O+,14,3,0,11,4.4,1,56.5,faible,Attention: proche expiration,1,4,10,False,False,normal,pluvieux
2023-10-03 06:16:02,Hôpital Général Douala,A+,57,7,0,50,4.5,34,100.0,normale,"Bon état général, légère variation température",1,6,10,False,False,normal,nuageux
2023-10-04 06:21:53,Hôpital Général Douala,A+,51,4,21,68,3.9,13,100.0,normale,Urgent: vérifier température stockage,2,6,10,False,False,normal,ensoleillé
2023-10-04 08:15:40,Hôpital Général Douala,A+,46,14,0,32,4.0,24,99.1,normale,"Excellent état, conservation parfaite",2,8,10,False,False,normal,nuageux
2023-10-04 21:55:03,Hôpital Général Douala,A+,64,6,0,58,4.0,8,98.2,normale,"État satisfaisant, contrôle qualité OK",2,21,10,False,False,normal,nuageux
2023-10-04 22:01:36,Hôpital Général Douala,O-,62,10,0,52,5.0,17,100.0,normale,"Excellent état, conservation parfaite",2,22,10,False,False,normal,nuageux
2023-10-06 12:01:12,Hôpital Général Douala,O+,52,7,0,45,3.9,15,97.5,normale,Hémoglobine dans les normes,4,12,10,False,False,normal,nuageux
2023-10-06 21:20:12,Hôpital Général Douala,O+,41,6,0,35,4.6,27,100.0,normale,Parfait pour transfusion immédiate,4,21,10,False,False,normal,ensoleillé
2023-10-06 22:40:53,Hôpital Général Douala,AB+,49,4,0,45,3.7,2,81.5,normale,Attention: proche expiration,4,22,10,False,False,normal,ensoleillé
2023-10-07 04:10:08,Hôpital Général Douala,A+,28,4,0,24,3.5,14,100.0,normale,Hémoglobine dans les normes,5,4,10,True,False,normal,pluvieux
2023-10-07 09:44:38,Hôpital Général Douala,O+,17,3,0,14,3.6,15,98.9,faible,"Bon état général, légère variation température",5,9,10,True,False,normal,pluvieux
2023-10-07 17:38:22,Hôpital Général Douala,O+,33,7,0,26,2.7,4,80.2,normale,Parfait pour transfusion immédiate,5,17,10,True,False,normal,nuageux
2023-10-08 17:28:46,Hôpital Général Douala,O-,44,5,0,39,4.0,1,51.1,attention,Urgent: vérifier température stockage,6,17,10,True,False,normal,ensoleillé
2023-10-08 18:14:52,Hôpital Général Douala,O+,25,7,15,33,3.3,9,90.4,normale,Hémoglobine dans les normes,6,18,10,True,False,normal,pluvieux
2023-10-08 18:43:15,Hôpital Général Douala,AB+,38,2,0,36,4.5,4,89.6,normale,"Bon état général, légère variation température",6,18,10,True,False,normal,pluvieux
2023-10-08 23:56:56,Hôpital Général Douala,AB+,14,7,0,7,3.1,5,96.2,critique,URGENT: Stock critique - Attention: proche expiration,6,23,10,True,False,normal,pluvieux
2023-10-09 03:44:12,Hôpital Général Douala,A+,30,10,10,30,4.5,13,100.0,normale,Contrôle bactériologique négatif,0,3,10,False,False,normal,ensoleillé
2023-10-09 08:54:16,Hôpital Général Douala,AB+,38,10,0,28,3.6,12,99.1,normale,"Bon état général, légère variation température",0,8,10,False,False,normal,ensoleillé
2023-10-09 22:13:00,Hôpital Général Douala,O+,42,9,0,33,3.9,5,100.0,normale,Contrôle bactériologique négatif,0,22,10,False,False,normal,ensoleillé
2023-10-10 04:30:29,Hôpital Général Douala,A+,21,7,0,14,4.6,7,93.7,faible,"Excellent état, conservation parfaite",1,4,10,False,False,normal,ensoleillé
2023-10-11 05:58:43,Hôpital Général Douala,O+,34,8,15,41,3.9,12,100.0,normale,"Excellent état, conservation parfaite",2,5,10,False,False,normal,pluvieux
2023-10-11 07:00:50,Hôpital Général Douala,O+,51,9,0,42,4.1,1,66.7,attention,Parfait pour transfusion immédiate,2,7,10,False,False,normal,ensoleillé
2023-10-11 17:07:57,Hôpital Général Douala,O+,64,6,0,58,4.2,6,100.0,normale,"Excellent état, conservation parfaite",2,17,10,False,False,normal,ensoleillé
2023-10-11 22:16:20,Hôpital Général Douala,A+,47,3,0,44,4.2,10,100.0,normale,Parfait pour transfusion immédiate,2,22,10,False,False,normal,orageux
2023-10-12 08:41:01,Hôpital Général Douala,A+,57,9,0,48,2.9,1,52.7,attention,Urgent: vérifier température stockage,3,8,10,False,False,normal,pluvieux
2023-10-12 10:24:24,Hôpital Général Douala,O+,46,2,0,44,4.9,7,95.7,normale,Hémoglobine dans les normes,3,10,10,False,False,normal,ensoleillé
2023-10-12 13:45:11,Hôpital Général Douala,B+,79,11,0,68,3.8,7,100.0,normale,Attention: proche expiration,3,13,10,False,False,normal,ensoleillé
2023-10-12 21:15:32,Hôpital Général Douala,B+,52,5,0,47,3.7,1,60.4,attention,Parfait pour transfusion immédiate,3,21,10,False,False,normal,nuageux
2023-10-13 01:35:00,Hôpital Général Douala,A+,20,10,20,30,4.3,7,100.0,normale,"Bon état général, légère variation température",4,1,10,False,False,normal,nuageux
2023-10-13 02:22:34,Hôpital Général Douala,B+,32,9,0,23,4.2,28,90.1,normale,Contrôle bactériologique négatif,4,2,10,False,False,normal,nuageux
2023-10-13 02:36:22,Hôpital Général Douala,A+,14,3,0,11,3.7,13,95.8,faible,Hémoglobine dans les normes,4,2,10,False,False,normal,ensoleillé
2023-10-13 06:21:44,Hôpital Général Douala,A+,58,9,0,49,3.5,1,54.6,attention,"État satisfaisant, contrôle qualité OK",4,6,10,False,False,normal,ensoleillé
2023-10-13 09:50:31,Hôpital Général Douala,O+,45,11,0,34,3.4,8,90.4,normale,"Excellent état, conservation parfaite",4,9,10,False,False,normal,pluvieux
2023-10-13 14:05:12,Hôpital Général Douala,O+,60,7,0,53,3.6,23,95.9,normale,"État satisfaisant, contrôle qualité OK",4,14,10,False,False,normal,orageux
2023-10-13 23:29:11,Hôpital Général Douala,O-,20,7,0,13,3.8,7,100.0,faible,"État satisfaisant, contrôle qualité OK",4,23,10,False,False,normal,pluvieux
2023-10-14 10:01:43,Hôpital Général Douala,O+,40,8,23,55,5.5,1,55.1,attention,Contrôle bactériologique négatif,5,10,10,True,False,normal,orageux
2023-10-14 15:35:45,Hôpital Général Douala,A+,32,7,0,25,4.7,8,100.0,normale,Urgent: vérifier température stockage,5,15,10,True,False,normal,orageux
2023-10-14 23:08:52,Hôpital Général Douala,O-,13,5,0,8,4.2,8,100.0,critique,"URGENT: Stock critique - Bon état général, légère variation température",5,23,10,True,False,normal,pluvieux
2023-10-14 23:12:40,Hôpital Général Douala,O+,14,6,0,8,4.5,34,96.5,critique,URGENT: Stock critique - Contrôle bactériologique négatif,5,23,10,True,False,normal,ensoleillé
2023-10-15 20:09:40,Hôpital Général Douala,B+,28,3,20,45,4.5,13,100.0,normale,Urgent: vérifier température stockage,6,20,10,True,False,normal,pluvieux
2023-10-17 14:00:13,Hôpital Général Douala,A-,58,12,0,46,4.0,11,96.3,normale,"État satisfaisant, contrôle qualité OK",1,14,10,False,False,normal,pluvieux
2023-10-17 15:51:22,Hôpital Général Douala,O+,60,1,0,59,3.9,2,81.9,normale,"État satisfaisant, contrôle qualité OK",1,15,10,False,False,normal,ensoleillé
2023-10-18 04:50:33,Hôpital Général Douala,O+,17,12,16,21,4.0,10,100.0,normale,"Excellent état, conservation parfaite",2,4,10,False,False,normal,nuageux
2023-10-18 05:01:01,Hôpital Général Douala,O+,38,14,0,24,3.4,2,91.8,normale,Parfait pour transfusion immédiate,2,5,10,False,False,normal,pluvieux
2023-10-18 19:13:04,Hôpital Général Douala,B+,71,2,0,69,4.0,34,92.8,normale,"État satisfaisant, contrôle qualité OK",2,19,10,False,False,urgence_médicale,ensoleillé
2023-10-19 22:09:19,Hôpital Général Douala,O+,44,8,0,36,4.5,17,100.0,normale,"Bon état général, légère variation température",3,22,10,False,False,normal,pluvieux
2023-10-20 04:30:59,Hôpital Général Douala,O+,34,6,0,28,3.8,14,97.7,normale,"Bon état général, légère variation température",4,4,10,False,False,normal,nuageux
2023-10-21 14:52:05,Hôpital Général Douala,O-,25,4,20,41,4.6,7,100.0,normale,"Excellent état, conservation parfaite",5,14,10,True,False,normal,ensoleillé
2023-10-22 08:39:26,Hôpital Général Douala,O+,34,3,0,31,3.7,11,97.2,normale,Parfait pour transfusion immédiate,6,8,10,True,False,normal,pluvieux
2023-10-24 06:32:20,Hôpital Général Douala,O+,50,5,14,59,3.8,71,98.3,normale,"Excellent état, conservation parfaite",1,6,10,False,False,normal,nuageux
2023-10-24 19:58:38,Hôpital Général Douala,A+,56,8,0,48,4.3,2,89.4,normale,Attention: proche expiration,1,19,10,False,False,normal,ensoleillé
2023-10-25 03:50:54,Hôpital Général Douala,A+,24,8,0,16,3.8,19,100.0,faible,Attention: proche expiration,2,3,10,False,False,normal,ensoleillé
2023-10-26 11:39:46,Hôpital Général Douala,O+,39,5,0,34,3.3,1,58.3,attention,Parfait pour transfusion immédiate,3,11,10,False,False,normal,nuageux
2023-10-26 14:15:56,Hôpital Général Douala,A+,43,3,23,63,4.6,3,84.4,normale,Hémoglobine dans les normes,3,14,10,False,False,normal,ensoleillé
2023-10-27 09:10:18,Hôpital Général Douala,O+,21,12,0,9,3.5,8,100.0,critique,URGENT: Stock critique - Urgent: vérifier température stockage,4,9,10,False,False,normal,ensoleillé
2023-10-27 10:01:04,Hôpital Général Douala,O+,45,4,0,41,2.8,19,100.0,normale,Attention: proche expiration,4,10,10,False,False,normal,pluvieux
2023-10-27 15:47:05,Hôpital Général Douala,O-,50,14,0,36,3.5,28,100.0,normale,"Excellent état, conservation parfaite",4,15,10,False,False,normal,nuageux
2023-10-28 02:45:06,Hôpital Général Douala,A+,19,4,0,15,3.3,39,92.4,faible,Hémoglobine dans les normes,5,2,10,True,False,normal,orageux
2023-10-28 11:25:13,Hôpital Général Douala,O+,57,3,12,66,4.4,9,96.5,normale,Parfait pour transfusion immédiate,5,11,10,True,False,normal,orageux
2023-10-29 06:54:50,Hôpital Général Douala,O+,47,5,0,42,4.2,1,54.2,attention,Urgent: vérifier température stockage,6,6,10,True,False,campagne_don,ensoleillé
2023-10-29 10:35:35,Hôpital Général Douala,O+,27,8,0,19,4.3,32,98.8,faible,"Bon état général, légère variation température",6,10,10,True,False,normal,orageux
2023-10-29 17:50:59,Hôpital Général Douala,A+,45,3,25,67,4.1,5,100.0,normale,Urgent: vérifier température stockage,6,17,10,True,False,normal,orageux
2023-10-29 19:38:12,Hôpital Général Douala,O+,30,7,0,23,4.3,5,100.0,normale,Parfait pour transfusion immédiate,6,19,10,True,False,normal,ensoleillé
2023-10-29 23:07:23,Hôpital Général Douala,A+,19,3,16,32,3.9,26,100.0,normale,Contrôle bactériologique négatif,6,23,10,True,False,normal,pluvieux
2023-10-31 02:40:07,Hôpital Général Douala,AB+,21,7,0,14,3.0,6,98.3,faible,Parfait pour transfusion immédiate,1,2,10,False,False,normal,ensoleillé
2023-10-31 07:46:28,Hôpital Général Douala,A+,31,8,0,23,4.5,11,96.6,normale,"État satisfaisant, contrôle qualité OK",1,7,10,False,False,normal,pluvieux
2023-10-31 09:11:49,Hôpital Général Douala,O-,38,10,16,44,3.8,4,83.1,normale,Attention: proche expiration,1,9,10,False,False,normal,nuageux
2023-10-31 10:01:01,Hôpital Général Douala,O+,26,11,0,15,4.2,2,79.0,faible,Contrôle bactériologique négatif,1,10,10,False,False,accident_route,nuageux
2023-10-31 14:05:47,Hôpital Général Douala,A+,40,8,0,32,4.1,10,96.8,normale,Attention: proche expiration,1,14,10,False,False,normal,nuageux
2023-11-01 14:53:43,Hôpital Général Douala,O+,39,3,0,36,3.4,3,85.9,normale,"État satisfaisant, contrôle qualité OK",2,14,11,False,False,normal,pluvieux
2023-11-02 21:05:55,Hôpital Général Douala,AB+,60,8,23,75,3.4,10,92.9,normale,Hémoglobine dans les normes,3,21,11,False,False,normal,orageux
2023-11-03 02:37:46,Hôpital Général Douala,O+,32,7,20,45,3.7,1,59.1,attention,"Excellent état, conservation parfaite",4,2,11,False,False,normal,nuageux
2023-11-03 13:11:40,Hôpital Général Douala,O+,64,8,24,80,4.0,3,85.3,normale,"État satisfaisant, contrôle qualité OK",4,13,11,False,False,normal,ensoleillé
2023-11-04 02:30:03,Hôpital Général Douala,O+,25,5,0,20,3.8,16,95.0,normale,Contrôle bactériologique négatif,5,2,11,True,False,normal,ensoleillé
2023-11-04 05:56:46,Hôpital Général Douala,A+,15,1,0,14,4.4,24,100.0,faible,Contrôle bactériologique négatif,5,5,11,True,False,normal,pluvieux
2023-11-04 16:00:39,Hôpital Général Douala,O+,26,3,27,50,4.1,11,100.0,normale,"Bon état général, légère variation température",5,16,11,True,False,normal,pluvieux
2023-11-04 22:44:34,Hôpital Général Douala,A+,32,4,0,28,3.8,4,79.0,normale,Urgent: vérifier température stockage,5,22,11,True,False,normal,nuageux
2023-11-04 23:45:33,Hôpital Général Douala,O-,24,6,0,18,4.8,7,100.0,faible,Urgent: vérifier température stockage,5,23,11,True,False,normal,nuageux
2023-11-05 08:04:32,Hôpital Général Douala,A-,40,6,0,34,4.7,6,93.8,normale,"Excellent état, conservation parfaite",6,8,11,True,False,normal,pluvieux
2023-11-05 18:54:39,Hôpital Général Douala,A-,21,8,0,13,4.8,4,84.1,faible,"Bon état général, légère variation température",6,18,11,True,False,normal,ensoleillé
2023-11-05 19:19:48,Hôpital Général Douala,O+,40,6,0,34,3.4,25,99.8,normale,Contrôle bactériologique négatif,6,19,11,True,False,normal,pluvieux
2023-11-06 13:17:24,Hôpital Général Douala,A+,53,6,27,74,4.9,50,100.0,normale,"Bon état général, légère variation température",0,13,11,False,False,normal,pluvieux
2023-11-06 21:36:52,Hôpital Général Douala,O+,52,4,27,75,3.8,26,100.0,normale,Parfait pour transfusion immédiate,0,21,11,False,False,normal,nuageux
2023-11-06 22:12:53,Hôpital Général Douala,A+,57,15,0,42,3.2,12,100.0,normale,Contrôle bactériologique négatif,0,22,11,False,False,normal,nuageux
2023-11-10 01:56:07,Hôpital Général Douala,A+,30,5,0,25,3.8,1,58.7,attention,Urgent: vérifier température stockage,4,1,11,False,False,normal,nuageux
2023-11-12 20:54:57,Hôpital Général Douala,A+,36,7,0,29,3.6,20,100.0,normale,Parfait pour transfusion immédiate,6,20,11,True,False,normal,orageux
2023-11-13 04:11:16,Hôpital Général Douala,A+,24,6,0,18,3.9,42,96.3,faible,Hémoglobine dans les normes,0,4,11,False,False,normal,pluvieux
2023-11-13 13:21:40,Hôpital Général Douala,O-,67,7,0,60,5.0,6,100.0,normale,"Bon état général, légère variation température",0,13,11,False,False,normal,pluvieux
2023-11-13 20:58:40,Hôpital Général Douala,O+,92,7,18,103,4.5,1,63.8,attention,"Excellent état, conservation parfaite",0,20,11,False,False,normal,ensoleillé
2023-11-13 22:21:48,Hôpital Général Douala,AB+,65,9,0,56,3.9,13,100.0,normale,"Excellent état, conservation parfaite",0,22,11,False,False,normal,pluvieux
2023-11-14 11:59:13,Hôpital Général Douala,O+,62,3,0,59,3.8,17,98.4,normale,Parfait pour transfusion immédiate,1,11,11,False,False,normal,ensoleillé
2023-11-14 12:33:46,Hôpital Général Douala,A+,44,10,0,34,4.1,32,96.7,normale,Hémoglobine dans les normes,1,12,11,False,False,normal,orageux
2023-11-15 08:31:15,Hôpital Général Douala,O+,59,13,14,60,3.7,16,95.6,normale,"Bon état général, légère variation température",2,8,11,False,False,normal,nuageux
2023-11-15 11:27:41,Hôpital Général Douala,A+,67,12,23,78,4.1,25,99.7,normale,Hémoglobine dans les normes,2,11,11,False,False,normal,ensoleillé
2023-11-15 14:55:12,Hôpital Général Douala,A-,32,4,0,28,4.6,3,76.1,normale,"Excellent état, conservation parfaite",2,14,11,False,False,normal,ensoleillé
2023-11-17 07:59:59,Hôpital Général Douala,B+,46,9,0,37,3.6,4,81.2,normale,Contrôle bactériologique négatif,4,7,11,False,False,normal,orageux
2023-11-17 17:01:57,Hôpital Général Douala,A+,66,8,0,58,4.8,7,100.0,normale,"Bon état général, légère variation température",4,17,11,False,False,normal,pluvieux
2023-11-17 22:44:33,Hôpital Général Douala,O+,76,4,18,90,3.7,15,100.0,normale,Parfait pour transfusion immédiate,4,22,11,False,False,normal,nuageux
2023-11-19 03:41:21,Hôpital Général Douala,A-,17,9,19,27,4.4,10,97.4,normale,Urgent: vérifier température stockage,6,3,11,True,False,campagne_don,ensoleillé
2023-11-19 04:00:27,Hôpital Général Douala,B+,22,3,0,19,4.1,15,100.0,faible,Hémoglobine dans les normes,6,4,11,True,False,normal,ensoleillé
2023-11-19 05:39:07,Hôpital Général Douala,A-,22,8,0,14,5.0,4,80.8,faible,"Bon état général, légère variation température",6,5,11,True,False,normal,nuageux
2023-11-19 13:35:16,Hôpital Général Douala,B+,33,2,0,31,3.7,4,93.8,normale,Parfait pour transfusion immédiate,6,13,11,True,False,normal,ensoleillé
2023-11-20 21:17:47,Hôpital Général Douala,A+,49,6,0,43,4.2,24,100.0,normale,"État satisfaisant, contrôle qualité OK",0,21,11,False,False,normal,pluvieux
2023-11-21 02:05:01,Hôpital Général Douala,B-,27,15,0,12,4.7,1,60.8,faible,Parfait pour transfusion immédiate,1,2,11,False,False,normal,nuageux
2023-11-21 08:33:50,Hôpital Général Douala,A-,66,3,0,63,3.8,29,100.0,normale,Parfait pour transfusion immédiate,1,8,11,False,False,normal,ensoleillé
2023-11-21 09:57:00,Hôpital Général Douala,O+,59,4,0,55,4.4,3,91.7,normale,Contrôle bactériologique négatif,1,9,11,False,False,normal,pluvieux
2023-11-22 20:06:12,Hôpital Général Douala,O+,62,9,0,53,4.2,41,97.1,normale,"État satisfaisant, contrôle qualité OK",2,20,11,False,False,normal,pluvieux
2023-11-22 21:13:49,Hôpital Général Douala,O+,57,8,0,49,4.1,21,100.0,normale,"Excellent état, conservation parfaite",2,21,11,False,False,normal,ensoleillé
2023-11-22 23:49:06,Hôpital Général Douala,A+,32,1,0,31,3.5,4,85.6,normale,Contrôle bactériologique négatif,2,23,11,False,False,normal,pluvieux
2023-11-23 14:49:46,Hôpital Général Douala,O+,40,7,20,53,3.9,14,100.0,normale,Urgent: vérifier température stockage,3,14,11,False,False,normal,orageux
2023-11-23 21:40:19,Hôpital Général Douala,O+,65,5,0,60,3.8,2,90.8,normale,Attention: proche expiration,3,21,11,False,False,normal,ensoleillé
2023-11-24 21:14:19,Hôpital Général Douala,O-,41,9,0,32,4.0,61,100.0,normale,Attention: proche expiration,4,21,11,False,False,normal,nuageux
2023-11-26 08:45:07,Hôpital Général Douala,O+,33,5,0,28,3.6,1,57.2,attention,Hémoglobine dans les normes,6,8,11,True,False,normal,pluvieux
2023-11-26 11:47:34,Hôpital Général Douala,O+,29,3,0,26,3.9,57,100.0,normale,"Excellent état, conservation parfaite",6,11,11,True,False,normal,ensoleillé
2023-11-27 00:07:01,Hôpital Général Douala,O+,15,8,0,7,4.5,3,78.9,critique,URGENT: Stock critique - Urgent: vérifier température stockage,0,0,11,False,False,normal,ensoleillé
2023-11-27 17:02:20,Hôpital Général Douala,O+,52,11,0,41,3.8,13,100.0,normale,Parfait pour transfusion immédiate,0,17,11,False,False,normal,nuageux
2023-11-27 22:40:51,Hôpital Général Douala,A+,45,7,0,38,3.4,1,53.2,attention,Contrôle bactériologique négatif,0,22,11,False,False,normal,pluvieux
2023-11-28 08:12:08,Hôpital Général Douala,AB-,48,6,0,42,4.4,5,98.8,normale,"État satisfaisant, contrôle qualité OK",1,8,11,False,False,normal,nuageux
2023-11-28 09:42:14,Hôpital Général Douala,O+,67,8,22,81,4.3,10,100.0,normale,"État satisfaisant, contrôle qualité OK",1,9,11,False,False,normal,ensoleillé
2023-11-28 13:03:53,Hôpital Général Douala,O+,46,0,0,46,4.0,4,79.6,normale,"Excellent état, conservation parfaite",1,13,11,False,False,normal,ensoleillé
2023-11-28 17:17:15,Hôpital Général Douala,A+,58,3,0,55,3.7,9,91.8,normale,Urgent: vérifier température stockage,1,17,11,False,False,accident_route,ensoleillé
2023-11-29 10:55:26,Hôpital Général Douala,A+,52,1,14,65,3.6,8,100.0,normale,"Bon état général, légère variation température",2,10,11,False,False,normal,pluvieux
2023-11-29 14:11:33,Hôpital Général Douala,A-,47,13,0,34,4.6,20,97.5,normale,Parfait pour transfusion immédiate,2,14,11,False,False,normal,orageux
2023-11-29 17:10:58,Hôpital Général Douala,A+,52,6,0,46,3.4,11,100.0,normale,"État satisfaisant, contrôle qualité OK",2,17,11,False,False,normal,pluvieux
2023-11-30 00:35:28,Hôpital Général Douala,O-,20,3,0,17,3.5,1,57.8,faible,Parfait pour transfusion immédiate,3,0,11,False,False,normal,ensoleillé
2023-11-30 04:30:43,Hôpital Général Douala,B+,25,10,17,32,4.7,1,63.7,attention,Urgent: vérifier température stockage,3,4,11,False,False,normal,pluvieux
2023-11-30 04:52:10,Hôpital Général Douala,A+,32,6,0,26,4.8,1,57.2,attention,Hémoglobine dans les normes,3,4,11,False,False,normal,nuageux
2023-11-30 06:13:46,Hôpital Général Douala,A-,39,11,18,46,4.8,8,100.0,normale,Urgent: vérifier température stockage,3,6,11,False,False,normal,pluvieux
2023-12-01 09:41:56,Hôpital Général Douala,O+,75,7,0,68,4.0,34,100.0,normale,Urgent: vérifier température stockage,4,9,12,False,True,normal,ensoleillé
2023-12-01 22:23:36,Hôpital Général Douala,O+,70,9,0,61,3.3,5,100.0,normale,Contrôle bactériologique négatif,4,22,12,False,True,normal,pluvieux
2023-12-01 23:07:01,Hôpital Général Douala,A+,38,6,0,32,3.5,13,97.1,normale,"Excellent état, conservation parfaite",4,23,12,False,True,normal,ensoleillé
2023-12-02 13:23:56,Hôpital Général Douala,B+,52,11,0,41,3.6,20,100.0,normale,Parfait pour transfusion immédiate,5,13,12,True,True,normal,nuageux
2023-12-02 20:17:34,Hôpital Général Douala,A+,49,8,18,59,3.7,1,53.5,attention,Parfait pour transfusion immédiate,5,20,12,True,True,normal,nuageux
2023-12-03 07:55:36,Hôpital Général Douala,B+,40,7,0,33,4.1,29,100.0,normale,Attention: proche expiration,6,7,12,True,True,normal,pluvieux
2023-12-03 16:26:16,Hôpital Général Douala,A+,42,10,0,32,3.9,3,81.3,normale,"État satisfaisant, contrôle qualité OK",6,16,12,True,True,normal,pluvieux
2023-12-05 02:17:31,Hôpital Général Douala,A-,43,9,0,34,3.7,3,85.1,normale,Contrôle bactériologique négatif,1,2,12,False,True,normal,pluvieux
2023-12-05 15:37:25,Hôpital Général Douala,O+,32,8,0,24,4.0,6,100.0,normale,Parfait pour transfusion immédiate,1,15,12,False,True,normal,nuageux
2023-12-05 22:43:23,Hôpital Général Douala,A+,48,3,0,45,3.7,4,90.4,normale,"Excellent état, conservation parfaite",1,22,12,False,True,normal,nuageux
2023-12-06 23:55:39,Hôpital Général Douala,A+,46,9,24,61,3.5,19,99.7,normale,Hémoglobine dans les normes,2,23,12,False,True,normal,ensoleillé
2023-12-07 14:01:00,Hôpital Général Douala,O+,62,6,20,76,4.6,18,100.0,normale,Contrôle bactériologique négatif,3,14,12,False,True,normal,nuageux
2023-12-07 14:40:42,Hôpital Général Douala,O+,76,12,0,64,3.8,20,98.5,normale,Attention: proche expiration,3,14,12,False,True,normal,ensoleillé
2023-12-07 15:44:56,Hôpital Général Douala,A+,74,16,0,58,3.8,15,97.0,normale,"Excellent état, conservation parfaite",3,15,12,False,True,accident_route,ensoleillé
2023-12-08 15:24:17,Hôpital Général Douala,B+,57,7,0,50,4.2,24,100.0,normale,"Bon état général, légère variation température",4,15,12,False,True,normal,nuageux
2023-12-08 18:16:38,Hôpital Général Douala,A+,71,5,0,66,3.4,19,100.0,normale,Contrôle bactériologique négatif,4,18,12,False,True,normal,pluvieux
2023-12-08 18:46:46,Hôpital Général Douala,A-,54,12,0,42,3.7,34,97.0,normale,"État satisfaisant, contrôle qualité OK",4,18,12,False,True,normal,ensoleillé
2023-12-08 21:13:14,Hôpital Général Douala,A+,58,14,18,62,4.8,3,86.9,normale,"Excellent état, conservation parfaite",4,21,12,False,True,normal,ensoleillé
2023-12-09 03:51:46,Hôpital Général Douala,A-,15,3,0,12,4.7,39,97.7,faible,"État satisfaisant, contrôle qualité OK",5,3,12,True,True,normal,ensoleillé
2023-12-09 10:19:06,Hôpital Général Douala,O+,41,7,21,55,4.2,22,100.0,normale,Hémoglobine dans les normes,5,10,12,True,True,accident_route,pluvieux
2023-12-09 18:29:52,Hôpital Général Douala,A+,49,6,0,43,4.0,15,90.3,normale,Hémoglobine dans les normes,5,18,12,True,True,normal,pluvieux
2023-12-09 23:20:15,Hôpital Général Douala,O+,23,11,0,12,2.9,18,95.6,faible,Attention: proche expiration,5,23,12,True,True,normal,pluvieux
2023-12-10 01:35:25,Hôpital Général Douala,O+,25,5,23,43,3.1,11,100.0,normale,Hémoglobine dans les normes,6,1,12,True,True,normal,nuageux
2023-12-10 11:13:36,Hôpital Général Douala,O+,28,5,0,23,3.5,29,100.0,normale,Hémoglobine dans les normes,6,11,12,True,True,normal,ensoleillé
2023-12-10 13:37:27,Hôpital Général Douala,O+,42,1,0,41,3.6,7,99.2,normale,Attention: proche expiration,6,13,12,True,True,normal,ensoleillé
2023-12-10 20:33:31,Hôpital Général Douala,B+,46,7,0,39,4.1,15,100.0,normale,Parfait pour transfusion immédiate,6,20,12,True,True,normal,ensoleillé
2023-12-10 22:55:13,Hôpital Général Douala,O+,32,8,0,24,4.1,1,68.8,attention,Urgent: vérifier température stockage,6,22,12,True,True,épidémie,nuageux
2023-12-11 00:58:25,Hôpital Général Douala,A+,32,8,19,43,4.8,23,100.0,normale,Hémoglobine dans les normes,0,0,12,False,True,normal,nuageux
2023-12-12 12:00:41,Hôpital Général Douala,O+,55,5,0,50,3.8,22,98.1,normale,"État satisfaisant, contrôle qualité OK",1,12,12,False,True,normal,pluvieux
2023-12-12 14:27:08,Hôpital Général Douala,B+,56,6,0,50,4.8,3,76.7,normale,"Bon état général, légère variation température",1,14,12,False,True,normal,pluvieux
2023-12-12 19:02:03,Hôpital Général Douala,A+,51,8,0,43,4.4,3,91.9,normale,Parfait pour transfusion immédiate,1,19,12,False,True,normal,ensoleillé
2023-12-12 21:54:50,Hôpital Général Douala,A+,72,9,0,63,3.8,3,81.3,normale,"Excellent état, conservation parfaite",1,21,12,False,True,normal,ensoleillé
2023-12-13 08:33:48,Hôpital Général Douala,O-,49,8,0,41,4.0,13,100.0,normale,Attention: proche expiration,2,8,12,False,True,normal,nuageux
2023-12-13 11:36:17,Hôpital Général Douala,AB+,74,8,0,66,3.6,13,98.0,normale,Urgent: vérifier température stockage,2,11,12,False,True,normal,pluvieux
2023-12-13 13:54:29,Hôpital Général Douala,O-,98,8,15,105,3.2,3,86.7,normale,"État satisfaisant, contrôle qualité OK",2,13,12,False,True,normal,orageux
2023-12-13 18:52:43,Hôpital Général Douala,O+,61,12,0,49,4.1,18,99.6,normale,Urgent: vérifier température stockage,2,18,12,False,True,normal,ensoleillé
2023-12-14 01:23:33,Hôpital Général Douala,B+,24,4,0,20,4.1,30,100.0,normale,"Bon état général, légère variation température",3,1,12,False,True,normal,nuageux
2023-12-14 08:12:32,Hôpital Général Douala,O+,47,15,0,32,4.5,3,81.9,normale,"Excellent état, conservation parfaite",3,8,12,False,True,normal,ensoleillé
2023-12-14 08:15:50,Hôpital Général Douala,A+,83,4,0,79,4.2,7,91.9,normale,Parfait pour transfusion immédiate,3,8,12,False,True,normal,pluvieux
2023-12-14 10:57:21,Hôpital Général Douala,A+,63,10,0,53,3.5,11,100.0,normale,Contrôle bactériologique négatif,3,10,12,False,True,normal,pluvieux
2023-12-14 13:30:14,Hôpital Général Douala,O+,93,11,18,100,3.6,4,83.5,normale,"Excellent état, conservation parfaite",3,13,12,False,True,normal,nuageux
2023-12-14 22:33:25,Hôpital Général Douala,O+,36,8,16,44,3.4,30,100.0,normale,"État satisfaisant, contrôle qualité OK",3,22,12,False,True,normal,ensoleillé
2023-12-15 10:06:40,Hôpital Général Douala,O+,44,5,0,39,3.1,2,85.1,normale,"Bon état général, légère variation température",4,10,12,False,True,normal,ensoleillé
2023-12-15 13:29:04,Hôpital Général Douala,O+,75,8,22,89,3.8,1,67.2,attention,"État satisfaisant, contrôle qualité OK",4,13,12,False,True,normal,nuageux
2023-12-16 17:33:00,Hôpital Général Douala,O+,42,1,27,68,4.1,27,100.0,normale,"État satisfaisant, contrôle qualité OK",5,17,12,True,True,normal,pluvieux
2023-12-16 21:12:51,Hôpital Général Douala,AB+,33,10,0,23,5.0,17,97.2,normale,"Bon état général, légère variation température",5,21,12,True,True,normal,ensoleillé
2023-12-17 09:20:26,Hôpital Général Douala,A+,67,9,16,74,4.2,4,95.6,normale,Hémoglobine dans les normes,6,9,12,True,True,normal,nuageux
2023-12-17 18:42:16,Hôpital Général Douala,O+,35,3,0,32,4.4,56,99.9,normale,Parfait pour transfusion immédiate,6,18,12,True,True,normal,pluvieux
2023-12-18 08:32:27,Hôpital Général Douala,B+,37,10,0,27,3.7,2,87.1,normale,Urgent: vérifier température stockage,0,8,12,False,True,normal,ensoleillé
2023-12-18 11:25:03,Hôpital Général Douala,B+,48,11,0,37,3.8,3,82.1,normale,Attention: proche expiration,0,11,12,False,True,normal,pluvieux
2023-12-18 23:20:18,Hôpital Général Douala,O+,38,4,0,34,4.2,16,100.0,normale,Attention: proche expiration,0,23,12,False,True,normal,nuageux
2023-12-18 23:56:35,Hôpital Général Douala,A+,15,5,21,31,3.3,19,100.0,normale,Parfait pour transfusion immédiate,0,23,12,False,True,normal,nuageux
2023-12-19 15:17:54,Hôpital Général Douala,B+,59,15,13,57,3.0,1,71.6,normale,Contrôle bactériologique négatif,1,15,12,False,True,normal,ensoleillé
2023-12-19 19:34:38,Hôpital Général Douala,O+,70,4,0,66,3.8,9,100.0,normale,"Bon état général, légère variation température",1,19,12,False,True,accident_route,nuageux
2023-12-20 01:41:32,Hôpital Général Douala,A+,19,8,0,11,4.5,28,100.0,faible,Hémoglobine dans les normes,2,1,12,False,True,normal,orageux
2023-12-20 18:32:30,Hôpital Général Douala,O+,45,10,0,35,4.3,11,100.0,normale,Urgent: vérifier température stockage,2,18,12,False,True,normal,ensoleillé
2023-12-20 19:21:37,Hôpital Général Douala,O+,53,16,0,37,4.0,2,77.0,normale,Contrôle bactériologique négatif,2,19,12,False,True,accident_route,ensoleillé
2023-12-20 23:50:33,Hôpital Général Douala,O+,37,10,0,27,3.4,14,100.0,normale,"État satisfaisant, contrôle qualité OK",2,23,12,False,True,normal,pluvieux
2023-12-21 12:43:55,Hôpital Général Douala,O+,45,9,0,36,3.3,7,100.0,normale,Hémoglobine dans les normes,3,12,12,False,True,normal,nuageux
2023-12-21 15:32:55,Hôpital Général Douala,A+,65,1,20,84,3.3,10,98.7,normale,"État satisfaisant, contrôle qualité OK",3,15,12,False,True,normal,orageux
2023-12-22 02:29:48,Hôpital Général Douala,A+,28,7,0,21,4.0,28,93.2,normale,"État satisfaisant, contrôle qualité OK",4,2,12,False,True,normal,ensoleillé
2023-12-22 04:40:50,Hôpital Général Douala,O+,35,14,0,21,3.6,12,100.0,normale,Attention: proche expiration,4,4,12,False,True,normal,ensoleillé
2023-12-23 11:42:42,Hôpital Général Douala,O+,36,7,12,41,4.0,18,100.0,normale,Parfait pour transfusion immédiate,5,11,12,True,True,normal,ensoleillé
2023-12-24 03:07:19,Hôpital Général Douala,A-,21,5,0,16,5.3,1,62.6,faible,Attention: proche expiration,6,3,12,True,True,normal,nuageux
2023-12-24 07:00:38,Hôpital Général Douala,A+,48,7,0,41,4.3,1,63.9,attention,Urgent: vérifier température stockage,6,7,12,True,True,normal,ensoleillé
2023-12-25 06:04:54,Hôpital Général Douala,A+,54,7,18,65,4.9,16,87.9,normale,Attention: proche expiration,0,6,12,False,True,normal,pluvieux
2023-12-25 14:05:18,Hôpital Général Douala,B+,55,14,16,57,3.9,3,84.8,normale,Attention: proche expiration,0,14,12,False,True,normal,ensoleillé
2023-12-26 15:10:38,Hôpital Général Douala,O+,46,13,0,33,4.1,7,100.0,normale,Contrôle bactériologique négatif,1,15,12,False,True,normal,nuageux
2023-12-26 18:41:54,Hôpital Général Douala,A+,49,7,23,65,4.8,24,99.8,normale,"Bon état général, légère variation température",1,18,12,False,True,normal,nuageux
2023-12-26 21:02:29,Hôpital Général Douala,A+,52,8,0,44,3.6,14,98.0,normale,Parfait pour transfusion immédiate,1,21,12,False,True,normal,ensoleillé
2023-12-27 06:50:17,Hôpital Général Douala,A-,48,14,0,34,3.0,2,83.1,normale,"État satisfaisant, contrôle qualité OK",2,6,12,False,True,normal,orageux
2023-12-27 09:00:09,Hôpital Général Douala,O-,28,8,0,20,3.6,11,100.0,normale,Urgent: vérifier température stockage,2,9,12,False,True,normal,ensoleillé
2023-12-28 00:11:15,Hôpital Général Douala,A+,18,7,0,11,3.0,1,59.0,faible,"État satisfaisant, contrôle qualité OK",3,0,12,False,True,normal,pluvieux
2023-12-28 06:15:41,Hôpital Général Douala,O+,52,7,0,45,3.4,2,77.3,normale,"Bon état général, légère variation température",3,6,12,False,True,normal,ensoleillé
2023-12-28 21:02:58,Hôpital Général Douala,A+,18,10,0,8,4.3,18,95.4,critique,URGENT: Stock critique - Parfait pour transfusion immédiate,3,21,12,False,True,normal,pluvieux
2023-12-29 04:44:23,Hôpital Général Douala,B+,18,5,0,13,3.6,38,100.0,faible,"État satisfaisant, contrôle qualité OK",4,4,12,False,True,normal,nuageux
2023-12-29 06:12:51,Hôpital Général Douala,O+,53,7,14,60,4.1,13,100.0,normale,Contrôle bactériologique négatif,4,6,12,False,True,normal,nuageux
2023-12-29 11:39:08,Hôpital Général Douala,A+,72,7,0,65,4.3,40,100.0,normale,"Excellent état, conservation parfaite",4,11,12,False,True,normal,pluvieux
2023-12-29 12:30:25,Hôpital Général Douala,O+,64,10,22,76,3.0,3,87.0,normale,Urgent: vérifier température stockage,4,12,12,False,True,normal,orageux
2023-12-30 02:35:44,Hôpital Général Douala,O-,35,6,13,42,4.3,15,99.4,normale,Urgent: vérifier température stockage,5,2,12,True,True,normal,orageux
2023-12-30 02:47:33,Hôpital Général Douala,B+,13,6,13,20,3.6,17,98.1,normale,Contrôle bactériologique négatif,5,2,12,True,True,normal,ensoleillé
2023-12-30 10:39:01,Hôpital Général Douala,O+,59,4,18,73,4.2,6,93.6,normale,"État satisfaisant, contrôle qualité OK",5,10,12,True,True,normal,ensoleillé
2023-12-30 15:15:28,Hôpital Général Douala,A+,38,8,0,30,4.1,16,100.0,normale,"Excellent état, conservation parfaite",5,15,12,True,True,épidémie,ensoleillé
2023-12-31 00:02:09,Hôpital Général Douala,A+,27,8,0,19,4.1,15,99.1,faible,"Bon état général, légère variation température",6,0,12,True,True,normal,pluvieux
2023-12-31 07:16:11,Hôpital Général Douala,O+,26,6,0,20,3.0,9,92.2,normale,"Bon état général, légère variation température",6,7,12,True,True,normal,ensoleillé
2023-12-31 10:59:10,Hôpital Général Douala,A+,31,5,0,26,3.5,27,98.9,normale,Attention: proche expiration,6,10,12,True,True,normal,ensoleillé
2023-12-31 20:20:43,Hôpital Général Douala,B-,50,9,19,60,3.6,19,96.5,normale,Urgent: vérifier température stockage,6,20,12,True,True,accident_route,nuageux
