timestamp,hospital,blood_type,stock_initial,demand,supply,stock_final,temperature,days_to_expiry,quality_score,urgency,quality_comment,day_of_week,hour,month,is_weekend,is_holiday_season,special_event,weather
2022-01-01 03:26:10,Hôpital Laquintinie,B+,26,2,14,38,3.6,23,89.3,normale,"État satisfaisant, contrôle qualité OK",5,3,1,True,True,normal,pluvieux
2022-01-01 03:38:48,Hôpital Laquintinie,A+,37,7,0,30,4.1,2,82.4,normale,Hémoglobine dans les normes,5,3,1,True,True,normal,pluvieux
2022-01-01 12:44:28,Hôpital Laquintinie,O+,39,5,0,34,3.2,1,65.5,attention,Parfait pour transfusion immédiate,5,12,1,True,True,normal,ensoleillé
2022-01-02 16:10:44,Hôpital Laquintinie,O+,48,4,0,44,4.3,2,84.2,normale,"Bon état général, légère variation température",6,16,1,True,True,normal,pluvieux
2022-01-02 23:52:49,Hôpital Laquintinie,A+,25,9,0,16,4.2,12,100.0,faible,Parfait pour transfusion immédiate,6,23,1,True,True,normal,nuageux
2022-01-03 03:02:24,Hôpital Laquintinie,O+,17,9,0,8,3.5,1,64.9,critique,"URGENT: Stock critique - État satisfaisant, contrôle qualité OK",0,3,1,False,True,normal,nuageux
2022-01-04 13:11:30,Hôpital Laquintinie,O+,48,8,0,40,4.5,31,100.0,normale,Urgent: vérifier température stockage,1,13,1,False,True,urgence_médicale,ensoleillé
2022-01-04 15:02:20,Hôpital Laquintinie,O-,27,5,0,22,3.7,40,100.0,normale,Attention: proche expiration,1,15,1,False,True,normal,nuageux
2022-01-04 21:45:46,Hôpital Laquintinie,O-,94,13,0,81,3.1,5,97.8,normale,"État satisfaisant, contrôle qualité OK",1,21,1,False,True,normal,ensoleillé
2022-01-05 00:35:20,Hôpital Laquintinie,B+,27,12,0,15,4.3,1,66.8,faible,Attention: proche expiration,2,0,1,False,True,normal,ensoleillé
2022-01-05 18:17:42,Hôpital Laquintinie,O+,15,6,0,9,3.9,30,99.7,critique,"URGENT: Stock critique - Excellent état, conservation parfaite",2,18,1,False,True,normal,nuageux
2022-01-06 02:31:48,Hôpital Laquintinie,A-,38,10,0,28,4.0,4,89.0,normale,Urgent: vérifier température stockage,3,2,1,False,True,normal,ensoleillé
2022-01-06 07:19:21,Hôpital Laquintinie,A+,50,5,0,45,5.2,6,98.4,normale,Hémoglobine dans les normes,3,7,1,False,True,normal,ensoleillé
2022-01-06 14:02:49,Hôpital Laquintinie,AB+,45,6,18,57,3.5,5,96.7,normale,Hémoglobine dans les normes,3,14,1,False,True,normal,nuageux
2022-01-07 14:00:25,Hôpital Laquintinie,A+,63,19,0,44,3.9,30,100.0,normale,Urgent: vérifier température stockage,4,14,1,False,True,normal,orageux
2022-01-08 02:14:38,Hôpital Laquintinie,O+,26,0,0,26,3.9,6,100.0,normale,Contrôle bactériologique négatif,5,2,1,True,True,normal,ensoleillé
2022-01-08 04:45:09,Hôpital Laquintinie,O+,27,2,0,25,3.5,48,100.0,normale,Contrôle bactériologique négatif,5,4,1,True,True,normal,ensoleillé
2022-01-09 19:35:26,Hôpital Laquintinie,A+,24,7,0,17,3.5,19,100.0,faible,Contrôle bactériologique négatif,6,19,1,True,True,normal,orageux
2022-01-10 00:17:27,Hôpital Laquintinie,A+,12,5,22,29,3.9,31,95.9,normale,Urgent: vérifier température stockage,0,0,1,False,True,normal,ensoleillé
2022-01-10 04:55:05,Hôpital Laquintinie,O+,26,5,0,21,4.4,2,90.2,normale,Hémoglobine dans les normes,0,4,1,False,True,normal,ensoleillé
2022-01-10 12:38:37,Hôpital Laquintinie,O+,53,6,0,47,3.7,25,100.0,normale,"État satisfaisant, contrôle qualité OK",0,12,1,False,True,normal,ensoleillé
2022-01-10 14:24:39,Hôpital Laquintinie,O-,81,4,0,77,4.1,1,62.0,attention,"Excellent état, conservation parfaite",0,14,1,False,True,campagne_don,pluvieux
2022-01-11 03:56:33,Hôpital Laquintinie,A-,52,7,0,45,4.5,29,94.5,normale,"Excellent état, conservation parfaite",1,3,1,False,True,normal,pluvieux
2022-01-11 20:41:11,Hôpital Laquintinie,O+,92,10,26,108,3.7,25,100.0,normale,Attention: proche expiration,1,20,1,False,True,normal,pluvieux
2022-01-12 00:45:47,Hôpital Laquintinie,O-,19,11,0,8,3.7,1,61.1,critique,URGENT: Stock critique - Contrôle bactériologique négatif,2,0,1,False,True,normal,ensoleillé
2022-01-12 13:00:59,Hôpital Laquintinie,A+,57,13,20,64,3.4,7,100.0,normale,Hémoglobine dans les normes,2,13,1,False,True,normal,nuageux
2022-01-13 04:48:52,Hôpital Laquintinie,O+,29,16,0,13,4.5,12,100.0,faible,"Bon état général, légère variation température",3,4,1,False,True,normal,ensoleillé
2022-01-13 14:46:37,Hôpital Laquintinie,A-,32,8,0,24,3.4,1,57.0,attention,Attention: proche expiration,3,14,1,False,True,normal,pluvieux
2022-01-13 23:06:46,Hôpital Laquintinie,A+,46,10,0,36,4.1,4,80.3,normale,Hémoglobine dans les normes,3,23,1,False,True,normal,ensoleillé
2022-01-14 09:26:15,Hôpital Laquintinie,O+,64,6,0,58,5.1,2,78.8,normale,Contrôle bactériologique négatif,4,9,1,False,True,normal,orageux
2022-01-14 11:58:31,Hôpital Laquintinie,O+,53,11,13,55,4.6,11,100.0,normale,Contrôle bactériologique négatif,4,11,1,False,True,normal,ensoleillé
2022-01-15 06:28:59,Hôpital Laquintinie,AB+,27,3,0,24,4.3,19,100.0,normale,Contrôle bactériologique négatif,5,6,1,True,True,normal,ensoleillé
2022-01-15 14:34:36,Hôpital Laquintinie,A+,27,5,0,22,3.5,55,100.0,normale,"Bon état général, légère variation température",5,14,1,True,True,normal,pluvieux
2022-01-15 19:38:44,Hôpital Laquintinie,B+,45,4,16,57,3.5,1,62.1,attention,Urgent: vérifier température stockage,5,19,1,True,True,normal,ensoleillé
2022-01-16 01:33:23,Hôpital Laquintinie,AB+,14,6,0,8,3.9,3,89.9,critique,URGENT: Stock critique - Urgent: vérifier température stockage,6,1,1,True,True,accident_route,ensoleillé
2022-01-16 20:19:33,Hôpital Laquintinie,O-,35,5,0,30,4.1,15,99.2,normale,Hémoglobine dans les normes,6,20,1,True,True,normal,pluvieux
2022-01-17 16:27:32,Hôpital Laquintinie,A+,55,9,0,46,4.4,72,95.4,normale,Hémoglobine dans les normes,0,16,1,False,True,normal,pluvieux
2022-01-18 04:32:58,Hôpital Laquintinie,O-,31,11,19,39,3.8,7,100.0,normale,Contrôle bactériologique négatif,1,4,1,False,True,normal,ensoleillé
2022-01-18 16:03:20,Hôpital Laquintinie,A-,64,9,0,55,4.4,1,60.5,attention,Hémoglobine dans les normes,1,16,1,False,True,normal,orageux
2022-01-19 13:43:10,Hôpital Laquintinie,O+,48,9,0,39,3.7,4,88.0,normale,Urgent: vérifier température stockage,2,13,1,False,True,normal,pluvieux
2022-01-19 19:14:52,Hôpital Laquintinie,O+,53,11,0,42,4.2,22,99.8,normale,"Excellent état, conservation parfaite",2,19,1,False,True,normal,ensoleillé
2022-01-20 06:03:04,Hôpital Laquintinie,O+,55,11,0,44,3.7,33,97.4,normale,Hémoglobine dans les normes,3,6,1,False,True,normal,pluvieux
2022-01-20 15:06:24,Hôpital Laquintinie,O+,32,14,25,43,4.0,2,85.7,normale,"Bon état général, légère variation température",3,15,1,False,True,normal,nuageux
2022-01-20 16:49:49,Hôpital Laquintinie,O+,81,5,0,76,3.8,27,100.0,normale,Contrôle bactériologique négatif,3,16,1,False,True,normal,pluvieux
2022-01-20 22:40:49,Hôpital Laquintinie,O+,73,12,22,83,4.1,12,100.0,normale,"Excellent état, conservation parfaite",3,22,1,False,True,normal,ensoleillé
2022-01-21 00:34:36,Hôpital Laquintinie,O-,28,6,0,22,3.9,29,100.0,normale,Parfait pour transfusion immédiate,4,0,1,False,True,normal,ensoleillé
2022-01-21 09:58:11,Hôpital Laquintinie,O-,86,11,0,75,5.1,1,60.5,attention,"État satisfaisant, contrôle qualité OK",4,9,1,False,True,normal,ensoleillé
2022-01-21 16:44:20,Hôpital Laquintinie,A+,79,7,0,72,4.2,5,100.0,normale,"État satisfaisant, contrôle qualité OK",4,16,1,False,True,normal,ensoleillé
2022-01-21 17:10:06,Hôpital Laquintinie,O-,45,8,0,37,3.6,6,100.0,normale,Contrôle bactériologique négatif,4,17,1,False,True,normal,ensoleillé
2022-01-22 07:42:51,Hôpital Laquintinie,O+,19,4,0,15,3.1,13,100.0,faible,Urgent: vérifier température stockage,5,7,1,True,True,normal,ensoleillé
2022-01-22 21:48:30,Hôpital Laquintinie,A+,28,5,0,23,3.1,34,98.2,normale,Parfait pour transfusion immédiate,5,21,1,True,True,normal,ensoleillé
2022-01-23 13:48:54,Hôpital Laquintinie,A+,56,5,17,68,3.7,1,64.3,attention,Urgent: vérifier température stockage,6,13,1,True,True,normal,orageux
2022-01-23 19:14:24,Hôpital Laquintinie,A+,42,6,0,36,3.2,15,100.0,normale,"État satisfaisant, contrôle qualité OK",6,19,1,True,True,normal,ensoleillé
2022-01-23 21:35:23,Hôpital Laquintinie,A+,28,8,24,44,3.4,22,100.0,normale,Attention: proche expiration,6,21,1,True,True,normal,pluvieux
2022-01-24 00:15:44,Hôpital Laquintinie,O+,24,9,0,15,4.5,1,54.8,faible,"Excellent état, conservation parfaite",0,0,1,False,True,normal,ensoleillé
2022-01-25 04:41:24,Hôpital Laquintinie,O+,31,15,0,16,3.9,4,86.0,faible,"Bon état général, légère variation température",1,4,1,False,True,normal,nuageux
2022-01-25 09:34:47,Hôpital Laquintinie,O+,67,14,0,53,4.2,15,98.2,normale,"Excellent état, conservation parfaite",1,9,1,False,True,normal,nuageux
2022-01-25 15:37:22,Hôpital Laquintinie,B+,47,10,31,68,4.0,19,93.8,normale,Hémoglobine dans les normes,1,15,1,False,True,normal,ensoleillé
2022-01-26 00:34:27,Hôpital Laquintinie,O+,42,5,0,37,3.6,37,97.0,normale,"Excellent état, conservation parfaite",2,0,1,False,True,normal,nuageux
2022-01-26 09:28:50,Hôpital Laquintinie,A+,75,11,15,79,4.7,16,91.4,normale,"Excellent état, conservation parfaite",2,9,1,False,True,normal,ensoleillé
2022-01-26 12:33:03,Hôpital Laquintinie,O+,79,12,0,67,3.8,24,100.0,normale,Parfait pour transfusion immédiate,2,12,1,False,True,normal,nuageux
2022-01-27 02:43:57,Hôpital Laquintinie,O+,27,7,17,37,3.3,52,100.0,normale,"Excellent état, conservation parfaite",3,2,1,False,True,normal,nuageux
2022-01-27 23:23:09,Hôpital Laquintinie,B+,30,8,0,22,3.8,47,91.9,normale,"Excellent état, conservation parfaite",3,23,1,False,True,normal,ensoleillé
2022-01-28 10:31:43,Hôpital Laquintinie,A+,90,8,21,103,4.2,25,100.0,normale,Attention: proche expiration,4,10,1,False,True,normal,pluvieux
2022-01-29 05:25:25,Hôpital Laquintinie,O+,18,10,0,8,3.4,16,100.0,critique,URGENT: Stock critique - Attention: proche expiration,5,5,1,True,True,normal,ensoleillé
2022-01-29 13:21:08,Hôpital Laquintinie,O+,37,4,0,33,4.2,3,81.0,normale,Hémoglobine dans les normes,5,13,1,True,True,normal,pluvieux
2022-01-29 15:26:58,Hôpital Laquintinie,A-,40,7,0,33,2.7,1,61.3,attention,Hémoglobine dans les normes,5,15,1,True,True,normal,ensoleillé
2022-01-30 00:30:17,Hôpital Laquintinie,A-,32,6,22,48,3.9,1,70.6,normale,Attention: proche expiration,6,0,1,True,True,normal,ensoleillé
2022-01-30 00:46:09,Hôpital Laquintinie,O+,13,6,0,7,4.5,20,100.0,critique,URGENT: Stock critique - Contrôle bactériologique négatif,6,0,1,True,True,normal,ensoleillé
2022-01-30 05:02:59,Hôpital Laquintinie,O+,28,5,0,23,4.6,4,88.0,normale,Hémoglobine dans les normes,6,5,1,True,True,normal,pluvieux
2022-01-31 01:52:44,Hôpital Laquintinie,B-,40,13,0,27,3.3,2,89.3,normale,"État satisfaisant, contrôle qualité OK",0,1,1,False,True,normal,orageux
2022-01-31 16:07:11,Hôpital Laquintinie,O+,53,10,0,43,4.4,2,83.1,normale,"Excellent état, conservation parfaite",0,16,1,False,True,normal,nuageux
2022-01-31 23:41:39,Hôpital Laquintinie,O-,32,5,21,48,3.4,12,100.0,normale,Parfait pour transfusion immédiate,0,23,1,False,True,normal,pluvieux
2022-02-01 06:24:21,Hôpital Laquintinie,O+,40,5,27,62,4.8,2,84.0,normale,"État satisfaisant, contrôle qualité OK",1,6,2,False,False,normal,ensoleillé
2022-02-01 13:49:46,Hôpital Laquintinie,O+,40,7,0,33,4.8,4,85.7,normale,Contrôle bactériologique négatif,1,13,2,False,False,normal,pluvieux
2022-02-01 17:57:10,Hôpital Laquintinie,O-,54,9,0,45,3.5,49,95.1,normale,Hémoglobine dans les normes,1,17,2,False,False,normal,nuageux
2022-02-01 20:43:07,Hôpital Laquintinie,A-,42,4,0,38,3.5,51,100.0,normale,Urgent: vérifier température stockage,1,20,2,False,False,normal,orageux
2022-02-01 23:07:07,Hôpital Laquintinie,O+,31,8,0,23,4.3,1,63.5,attention,Urgent: vérifier température stockage,1,23,2,False,False,normal,pluvieux
2022-02-02 20:34:16,Hôpital Laquintinie,O+,47,5,14,56,4.1,1,62.4,attention,Urgent: vérifier température stockage,2,20,2,False,False,normal,nuageux
2022-02-03 03:55:01,Hôpital Laquintinie,O+,37,6,0,31,3.9,26,100.0,normale,Hémoglobine dans les normes,3,3,2,False,False,normal,orageux
2022-02-03 11:43:59,Hôpital Laquintinie,A+,72,5,0,67,4.7,24,94.1,normale,"Excellent état, conservation parfaite",3,11,2,False,False,normal,nuageux
2022-02-03 17:44:53,Hôpital Laquintinie,O+,44,7,0,37,3.9,23,100.0,normale,Urgent: vérifier température stockage,3,17,2,False,False,normal,ensoleillé
2022-02-03 17:58:29,Hôpital Laquintinie,A+,51,6,19,64,3.1,18,100.0,normale,"Excellent état, conservation parfaite",3,17,2,False,False,normal,pluvieux
2022-02-03 21:38:40,Hôpital Laquintinie,A+,60,5,19,74,4.3,2,73.1,normale,"Excellent état, conservation parfaite",3,21,2,False,False,normal,pluvieux
2022-02-05 04:30:56,Hôpital Laquintinie,O+,10,4,13,19,4.0,11,100.0,faible,Urgent: vérifier température stockage,5,4,2,True,False,normal,pluvieux
2022-02-05 14:13:42,Hôpital Laquintinie,A+,21,5,19,35,3.5,32,98.8,normale,"Bon état général, légère variation température",5,14,2,True,False,normal,nuageux
2022-02-05 16:10:15,Hôpital Laquintinie,A+,60,4,0,56,3.1,6,100.0,normale,"Excellent état, conservation parfaite",5,16,2,True,False,normal,ensoleillé
2022-02-05 16:26:17,Hôpital Laquintinie,A+,23,4,0,19,3.6,1,63.4,faible,Urgent: vérifier température stockage,5,16,2,True,False,normal,nuageux
2022-02-05 16:59:10,Hôpital Laquintinie,O+,45,6,21,60,4.1,1,67.0,attention,Attention: proche expiration,5,16,2,True,False,normal,pluvieux
2022-02-06 02:49:46,Hôpital Laquintinie,A-,18,4,0,14,3.9,3,89.0,faible,Parfait pour transfusion immédiate,6,2,2,True,False,normal,pluvieux
2022-02-06 14:18:46,Hôpital Laquintinie,A+,28,6,0,22,3.4,3,83.9,normale,"Excellent état, conservation parfaite",6,14,2,True,False,normal,ensoleillé
2022-02-06 22:02:55,Hôpital Laquintinie,A-,32,5,20,47,4.1,12,96.3,normale,"État satisfaisant, contrôle qualité OK",6,22,2,True,False,normal,ensoleillé
2022-02-07 01:21:57,Hôpital Laquintinie,O+,29,8,10,31,5.1,1,63.0,attention,"État satisfaisant, contrôle qualité OK",0,1,2,False,False,normal,pluvieux
2022-02-07 03:07:54,Hôpital Laquintinie,O-,27,8,0,19,3.8,12,94.9,faible,Contrôle bactériologique négatif,0,3,2,False,False,normal,pluvieux
2022-02-07 11:09:59,Hôpital Laquintinie,A+,59,11,0,48,3.3,38,100.0,normale,Urgent: vérifier température stockage,0,11,2,False,False,normal,orageux
2022-02-07 19:23:32,Hôpital Laquintinie,O-,70,4,0,66,2.7,6,97.4,normale,Hémoglobine dans les normes,0,19,2,False,False,normal,pluvieux
2022-02-08 06:51:01,Hôpital Laquintinie,O+,64,8,21,77,4.8,36,97.8,normale,Attention: proche expiration,1,6,2,False,False,urgence_médicale,nuageux
2022-02-08 19:17:04,Hôpital Laquintinie,B+,58,8,0,50,4.5,21,96.5,normale,Urgent: vérifier température stockage,1,19,2,False,False,normal,ensoleillé
2022-02-09 09:36:16,Hôpital Laquintinie,A+,51,8,0,43,3.3,4,89.0,normale,Urgent: vérifier température stockage,2,9,2,False,False,normal,pluvieux
2022-02-09 20:29:48,Hôpital Laquintinie,O+,57,6,22,73,3.2,20,98.6,normale,Attention: proche expiration,2,20,2,False,False,normal,pluvieux
2022-02-10 02:15:51,Hôpital Laquintinie,A+,14,6,0,8,3.7,26,100.0,critique,"URGENT: Stock critique - Bon état général, légère variation température",3,2,2,False,False,normal,pluvieux
2022-02-10 10:20:04,Hôpital Laquintinie,B+,63,7,27,83,3.6,45,98.4,normale,"État satisfaisant, contrôle qualité OK",3,10,2,False,False,normal,ensoleillé
2022-02-10 10:56:45,Hôpital Laquintinie,A+,34,4,17,47,3.8,15,100.0,normale,Contrôle bactériologique négatif,3,10,2,False,False,normal,nuageux
2022-02-11 05:12:11,Hôpital Laquintinie,O+,20,3,0,17,3.7,36,98.7,faible,Contrôle bactériologique négatif,4,5,2,False,False,normal,ensoleillé
2022-02-11 19:22:44,Hôpital Laquintinie,O-,36,0,0,36,4.0,18,100.0,normale,Contrôle bactériologique négatif,4,19,2,False,False,normal,ensoleillé
2022-02-12 02:26:14,Hôpital Laquintinie,A+,19,9,0,10,3.4,3,87.6,faible,"Bon état général, légère variation température",5,2,2,True,False,normal,pluvieux
2022-02-12 03:45:47,Hôpital Laquintinie,O-,19,5,0,14,3.2,1,61.0,faible,"Bon état général, légère variation température",5,3,2,True,False,normal,ensoleillé
2022-02-12 04:57:32,Hôpital Laquintinie,A+,25,2,28,51,3.4,16,100.0,normale,"Bon état général, légère variation température",5,4,2,True,False,normal,ensoleillé
2022-02-12 07:12:28,Hôpital Laquintinie,A+,29,6,0,23,3.9,16,95.9,normale,Parfait pour transfusion immédiate,5,7,2,True,False,normal,nuageux
2022-02-12 09:14:32,Hôpital Laquintinie,B+,52,9,0,43,3.4,1,54.4,attention,"Bon état général, légère variation température",5,9,2,True,False,normal,pluvieux
2022-02-12 17:48:28,Hôpital Laquintinie,A+,44,5,21,60,3.6,28,93.8,normale,"Bon état général, légère variation température",5,17,2,True,False,normal,ensoleillé
2022-02-12 23:22:30,Hôpital Laquintinie,O+,21,7,0,14,3.5,21,97.1,faible,Contrôle bactériologique négatif,5,23,2,True,False,normal,ensoleillé
2022-02-13 10:45:32,Hôpital Laquintinie,O-,27,3,0,24,3.7,14,100.0,normale,Hémoglobine dans les normes,6,10,2,True,False,normal,ensoleillé
2022-02-13 12:19:51,Hôpital Laquintinie,B+,26,7,0,19,3.9,9,98.4,faible,"État satisfaisant, contrôle qualité OK",6,12,2,True,False,normal,nuageux
2022-02-13 15:07:27,Hôpital Laquintinie,O-,15,5,0,10,4.6,5,99.5,faible,Attention: proche expiration,6,15,2,True,False,normal,pluvieux
2022-02-14 20:17:29,Hôpital Laquintinie,O+,6,9,0,0,4.0,29,100.0,critique,URGENT: Stock critique - Attention: proche expiration,0,20,2,False,False,normal,ensoleillé
2022-02-15 10:42:46,Hôpital Laquintinie,O+,52,6,0,46,3.6,27,100.0,normale,"Bon état général, légère variation température",1,10,2,False,False,normal,nuageux
2022-02-15 13:02:35,Hôpital Laquintinie,A+,41,4,0,37,4.4,2,95.9,normale,Contrôle bactériologique négatif,1,13,2,False,False,normal,ensoleillé
2022-02-15 13:14:52,Hôpital Laquintinie,A+,38,5,19,52,3.7,7,93.8,normale,Attention: proche expiration,1,13,2,False,False,normal,pluvieux
2022-02-16 15:27:24,Hôpital Laquintinie,O-,69,11,0,58,4.2,60,95.6,normale,"Bon état général, légère variation température",2,15,2,False,False,normal,nuageux
2022-02-16 15:34:27,Hôpital Laquintinie,O+,41,7,0,34,4.5,18,97.7,normale,"État satisfaisant, contrôle qualité OK",2,15,2,False,False,normal,ensoleillé
2022-02-17 01:54:07,Hôpital Laquintinie,A+,25,6,0,19,4.0,25,97.0,faible,Urgent: vérifier température stockage,3,1,2,False,False,normal,pluvieux
2022-02-17 08:49:09,Hôpital Laquintinie,O+,43,6,24,61,3.4,2,88.4,normale,"État satisfaisant, contrôle qualité OK",3,8,2,False,False,normal,ensoleillé
2022-02-17 17:01:33,Hôpital Laquintinie,O-,34,4,0,30,4.4,4,75.2,normale,Attention: proche expiration,3,17,2,False,False,normal,nuageux
2022-02-18 19:49:01,Hôpital Laquintinie,O+,76,6,23,93,4.7,1,53.1,attention,"Bon état général, légère variation température",4,19,2,False,False,normal,ensoleillé
2022-02-19 00:16:45,Hôpital Laquintinie,B+,13,4,0,9,3.6,10,100.0,critique,URGENT: Stock critique - Urgent: vérifier température stockage,5,0,2,True,False,normal,pluvieux
2022-02-19 03:23:06,Hôpital Laquintinie,A+,9,8,0,1,4.0,9,100.0,critique,URGENT: Stock critique - Contrôle bactériologique négatif,5,3,2,True,False,normal,ensoleillé
2022-02-19 18:32:46,Hôpital Laquintinie,O+,13,10,0,3,3.6,17,100.0,critique,"URGENT: Stock critique - Bon état général, légère variation température",5,18,2,True,False,normal,ensoleillé
2022-02-20 18:05:23,Hôpital Laquintinie,AB+,46,4,0,42,2.4,10,95.9,normale,"Excellent état, conservation parfaite",6,18,2,True,False,normal,ensoleillé
2022-02-20 21:00:46,Hôpital Laquintinie,O-,25,4,19,40,4.0,11,99.3,normale,"État satisfaisant, contrôle qualité OK",6,21,2,True,False,normal,orageux
2022-02-21 08:28:28,Hôpital Laquintinie,A+,37,3,0,34,4.1,1,68.0,attention,"Excellent état, conservation parfaite",0,8,2,False,False,normal,pluvieux
2022-02-22 01:11:36,Hôpital Laquintinie,O+,30,7,0,23,3.7,44,100.0,normale,Parfait pour transfusion immédiate,1,1,2,False,False,normal,pluvieux
2022-02-22 05:59:58,Hôpital Laquintinie,A+,18,8,18,28,4.1,2,89.3,normale,Contrôle bactériologique négatif,1,5,2,False,False,normal,ensoleillé
2022-02-22 08:25:59,Hôpital Laquintinie,O+,48,5,0,43,3.7,1,55.0,attention,Parfait pour transfusion immédiate,1,8,2,False,False,normal,ensoleillé
2022-02-22 15:47:10,Hôpital Laquintinie,A+,57,7,17,67,3.8,1,64.2,attention,"Bon état général, légère variation température",1,15,2,False,False,normal,nuageux
2022-02-22 23:52:28,Hôpital Laquintinie,O+,22,11,0,11,3.9,58,98.4,faible,"État satisfaisant, contrôle qualité OK",1,23,2,False,False,normal,nuageux
2022-02-23 00:56:53,Hôpital Laquintinie,O+,20,8,19,31,3.8,9,100.0,normale,"Bon état général, légère variation température",2,0,2,False,False,normal,ensoleillé
2022-02-23 05:19:48,Hôpital Laquintinie,A+,36,6,0,30,4.0,5,91.0,normale,"État satisfaisant, contrôle qualité OK",2,5,2,False,False,normal,pluvieux
2022-02-23 06:59:09,Hôpital Laquintinie,B+,56,10,26,72,3.8,5,100.0,normale,Contrôle bactériologique négatif,2,6,2,False,False,normal,nuageux
2022-02-23 07:08:20,Hôpital Laquintinie,O+,54,8,0,46,3.7,4,84.7,normale,Attention: proche expiration,2,7,2,False,False,normal,nuageux
2022-02-23 11:57:09,Hôpital Laquintinie,A+,23,8,0,15,4.0,11,97.9,faible,Hémoglobine dans les normes,2,11,2,False,False,normal,nuageux
2022-02-23 17:12:39,Hôpital Laquintinie,AB+,60,11,0,49,4.2,52,100.0,normale,"Excellent état, conservation parfaite",2,17,2,False,False,normal,orageux
2022-02-23 18:12:53,Hôpital Laquintinie,O+,50,10,14,54,4.1,9,95.0,normale,"Excellent état, conservation parfaite",2,18,2,False,False,normal,pluvieux
2022-02-24 05:21:15,Hôpital Laquintinie,A+,24,2,0,22,4.1,10,95.8,normale,Attention: proche expiration,3,5,2,False,False,normal,ensoleillé
2022-02-24 10:45:10,Hôpital Laquintinie,O+,36,12,0,24,3.5,12,97.2,normale,"Bon état général, légère variation température",3,10,2,False,False,normal,pluvieux
2022-02-24 16:34:51,Hôpital Laquintinie,O+,56,8,0,48,3.6,12,93.0,normale,"Bon état général, légère variation température",3,16,2,False,False,normal,ensoleillé
2022-02-25 00:52:36,Hôpital Laquintinie,AB+,12,11,24,25,4.4,5,100.0,normale,Urgent: vérifier température stockage,4,0,2,False,False,normal,orageux
2022-02-25 03:45:34,Hôpital Laquintinie,A+,36,7,0,29,4.0,33,100.0,normale,"État satisfaisant, contrôle qualité OK",4,3,2,False,False,normal,ensoleillé
2022-02-25 09:57:00,Hôpital Laquintinie,A+,44,5,0,39,3.7,1,63.7,attention,Contrôle bactériologique négatif,4,9,2,False,False,normal,ensoleillé
2022-02-26 00:25:24,Hôpital Laquintinie,O-,12,4,29,37,4.1,29,95.2,normale,Attention: proche expiration,5,0,2,True,False,normal,pluvieux
2022-02-26 09:09:55,Hôpital Laquintinie,O+,32,3,0,29,4.5,9,95.5,normale,"Excellent état, conservation parfaite",5,9,2,True,False,épidémie,ensoleillé
2022-02-26 16:39:59,Hôpital Laquintinie,O-,29,6,16,39,4.3,1,59.2,attention,"Excellent état, conservation parfaite",5,16,2,True,False,campagne_don,orageux
2022-02-27 01:57:58,Hôpital Laquintinie,B-,18,4,0,14,4.5,8,98.0,faible,Contrôle bactériologique négatif,6,1,2,True,False,normal,nuageux
2022-02-27 02:15:50,Hôpital Laquintinie,A+,20,4,0,16,4.4,3,81.1,faible,Contrôle bactériologique négatif,6,2,2,True,False,normal,nuageux
2022-02-27 06:02:33,Hôpital Laquintinie,A+,21,7,0,14,4.2,9,100.0,faible,"État satisfaisant, contrôle qualité OK",6,6,2,True,False,normal,ensoleillé
2022-02-27 06:48:46,Hôpital Laquintinie,B+,27,3,0,24,3.8,36,94.4,normale,"État satisfaisant, contrôle qualité OK",6,6,2,True,False,normal,pluvieux
2022-02-27 10:48:36,Hôpital Laquintinie,B+,49,7,0,42,3.3,1,65.4,attention,Contrôle bactériologique négatif,6,10,2,True,False,normal,nuageux
2022-02-27 12:25:48,Hôpital Laquintinie,O+,39,7,10,42,3.7,3,86.9,normale,Attention: proche expiration,6,12,2,True,False,normal,ensoleillé
2022-02-27 20:12:09,Hôpital Laquintinie,A-,30,5,0,25,4.2,21,97.9,normale,Urgent: vérifier température stockage,6,20,2,True,False,normal,ensoleillé
2022-02-28 00:16:28,Hôpital Laquintinie,A-,29,1,0,28,3.7,24,96.1,normale,"Excellent état, conservation parfaite",0,0,2,False,False,normal,ensoleillé
2022-02-28 06:08:47,Hôpital Laquintinie,O+,74,4,0,70,4.7,1,56.3,attention,Hémoglobine dans les normes,0,6,2,False,False,normal,ensoleillé
2022-02-28 06:52:07,Hôpital Laquintinie,A+,65,7,20,78,3.1,1,44.4,attention,Urgent: vérifier température stockage,0,6,2,False,False,épidémie,nuageux
2022-02-28 11:40:54,Hôpital Laquintinie,O+,37,11,24,50,5.1,1,58.8,attention,Attention: proche expiration,0,11,2,False,False,normal,nuageux
2022-02-28 12:41:12,Hôpital Laquintinie,A-,67,8,0,59,3.3,1,63.4,attention,Urgent: vérifier température stockage,0,12,2,False,False,normal,nuageux
2022-02-28 13:16:34,Hôpital Laquintinie,A+,57,7,0,50,4.8,37,96.9,normale,Contrôle bactériologique négatif,0,13,2,False,False,normal,orageux
2022-02-28 19:24:52,Hôpital Laquintinie,A+,48,8,19,59,4.0,20,93.7,normale,Urgent: vérifier température stockage,0,19,2,False,False,normal,pluvieux
2022-03-01 16:09:11,Hôpital Laquintinie,O-,47,9,0,38,4.0,1,54.4,attention,"État satisfaisant, contrôle qualité OK",1,16,3,False,False,normal,pluvieux
2022-03-01 23:08:29,Hôpital Laquintinie,O+,24,6,0,18,3.8,1,63.6,faible,Attention: proche expiration,1,23,3,False,False,normal,nuageux
2022-03-02 15:56:24,Hôpital Laquintinie,B+,48,0,21,69,4.1,15,100.0,normale,Attention: proche expiration,2,15,3,False,False,normal,orageux
2022-03-03 00:11:46,Hôpital Laquintinie,A-,18,0,0,18,3.6,5,98.7,faible,"Bon état général, légère variation température",3,0,3,False,False,accident_route,orageux
2022-03-03 01:18:09,Hôpital Laquintinie,O+,15,10,19,24,3.9,3,86.1,normale,Contrôle bactériologique négatif,3,1,3,False,False,accident_route,nuageux
2022-03-03 02:05:16,Hôpital Laquintinie,A+,27,5,0,22,3.3,18,100.0,normale,Hémoglobine dans les normes,3,2,3,False,False,normal,ensoleillé
2022-03-03 12:34:35,Hôpital Laquintinie,B+,31,6,0,25,4.1,67,96.8,normale,"Bon état général, légère variation température",3,12,3,False,False,normal,pluvieux
2022-03-03 17:31:45,Hôpital Laquintinie,AB+,59,10,22,71,4.0,33,100.0,normale,Parfait pour transfusion immédiate,3,17,3,False,False,normal,orageux
2022-03-04 05:23:09,Hôpital Laquintinie,O+,31,7,0,24,4.0,13,100.0,normale,"Excellent état, conservation parfaite",4,5,3,False,False,normal,ensoleillé
2022-03-04 06:29:04,Hôpital Laquintinie,A+,48,7,22,63,4.0,6,97.9,normale,"Excellent état, conservation parfaite",4,6,3,False,False,normal,ensoleillé
2022-03-04 14:04:35,Hôpital Laquintinie,O+,84,9,0,75,3.5,21,99.8,normale,"Bon état général, légère variation température",4,14,3,False,False,normal,ensoleillé
2022-03-05 15:23:58,Hôpital Laquintinie,A+,35,5,20,50,2.9,38,99.3,normale,"Bon état général, légère variation température",5,15,3,True,False,normal,ensoleillé
2022-03-05 16:06:01,Hôpital Laquintinie,A+,48,10,0,38,3.8,15,92.8,normale,Hémoglobine dans les normes,5,16,3,True,False,normal,pluvieux
2022-03-05 23:01:49,Hôpital Laquintinie,O-,21,1,0,20,3.3,31,98.0,normale,"État satisfaisant, contrôle qualité OK",5,23,3,True,False,normal,orageux
2022-03-07 03:32:44,Hôpital Laquintinie,O+,28,12,0,16,3.4,1,55.8,faible,Urgent: vérifier température stockage,0,3,3,False,False,normal,pluvieux
2022-03-07 18:54:48,Hôpital Laquintinie,A+,51,10,0,41,4.7,4,81.5,normale,Hémoglobine dans les normes,0,18,3,False,False,normal,nuageux
2022-03-07 20:42:12,Hôpital Laquintinie,AB+,41,11,0,30,3.4,1,63.6,attention,Parfait pour transfusion immédiate,0,20,3,False,False,normal,pluvieux
2022-03-08 06:13:45,Hôpital Laquintinie,A+,30,10,0,20,4.4,14,96.5,normale,"Bon état général, légère variation température",1,6,3,False,False,normal,nuageux
2022-03-08 11:56:28,Hôpital Laquintinie,AB+,40,6,23,57,4.2,1,59.3,attention,Contrôle bactériologique négatif,1,11,3,False,False,normal,pluvieux
2022-03-08 16:26:58,Hôpital Laquintinie,A+,42,4,0,38,4.6,5,94.1,normale,Parfait pour transfusion immédiate,1,16,3,False,False,normal,ensoleillé
2022-03-09 04:34:27,Hôpital Laquintinie,O+,15,13,0,2,3.8,59,100.0,critique,"URGENT: Stock critique - Excellent état, conservation parfaite",2,4,3,False,False,normal,pluvieux
2022-03-10 02:16:56,Hôpital Laquintinie,A+,9,4,23,28,3.4,3,83.1,normale,Hémoglobine dans les normes,3,2,3,False,False,normal,ensoleillé
2022-03-10 11:03:41,Hôpital Laquintinie,O-,45,9,0,36,3.8,11,92.1,normale,Contrôle bactériologique négatif,3,11,3,False,False,normal,ensoleillé
2022-03-10 16:45:34,Hôpital Laquintinie,A+,43,2,0,41,4.1,18,99.5,normale,Contrôle bactériologique négatif,3,16,3,False,False,normal,nuageux
2022-03-10 21:58:21,Hôpital Laquintinie,O+,45,8,0,37,3.2,2,85.4,normale,Contrôle bactériologique négatif,3,21,3,False,False,normal,orageux
2022-03-11 14:36:58,Hôpital Laquintinie,O+,49,11,20,58,3.9,4,89.6,normale,Attention: proche expiration,4,14,3,False,False,normal,nuageux
2022-03-12 02:21:33,Hôpital Laquintinie,A+,9,7,26,28,4.6,3,91.0,normale,Hémoglobine dans les normes,5,2,3,True,False,normal,pluvieux
2022-03-12 03:25:52,Hôpital Laquintinie,A-,26,0,0,26,3.8,31,98.0,normale,Contrôle bactériologique négatif,5,3,3,True,False,normal,orageux
2022-03-12 05:01:39,Hôpital Laquintinie,O+,14,4,14,24,3.6,18,97.9,normale,"Excellent état, conservation parfaite",5,5,3,True,False,normal,pluvieux
2022-03-12 05:34:03,Hôpital Laquintinie,AB+,14,6,0,8,3.2,13,100.0,critique,"URGENT: Stock critique - Excellent état, conservation parfaite",5,5,3,True,False,normal,ensoleillé
2022-03-12 08:02:57,Hôpital Laquintinie,B+,42,5,0,37,3.7,4,89.8,normale,Urgent: vérifier température stockage,5,8,3,True,False,accident_route,nuageux
2022-03-12 12:14:56,Hôpital Laquintinie,A+,26,7,0,19,4.5,19,98.5,faible,"Bon état général, légère variation température",5,12,3,True,False,normal,pluvieux
2022-03-12 14:24:56,Hôpital Laquintinie,B+,28,3,17,42,3.6,9,100.0,normale,"État satisfaisant, contrôle qualité OK",5,14,3,True,False,normal,orageux
2022-03-12 14:40:27,Hôpital Laquintinie,A-,34,6,12,40,4.8,8,100.0,normale,"État satisfaisant, contrôle qualité OK",5,14,3,True,False,normal,orageux
2022-03-12 20:04:33,Hôpital Laquintinie,O-,42,4,18,56,3.8,16,100.0,normale,Attention: proche expiration,5,20,3,True,False,accident_route,pluvieux
2022-03-12 20:52:54,Hôpital Laquintinie,O+,33,2,0,31,3.9,21,100.0,normale,Hémoglobine dans les normes,5,20,3,True,False,normal,orageux
2022-03-13 22:15:57,Hôpital Laquintinie,A+,34,6,0,28,3.7,16,97.5,normale,Parfait pour transfusion immédiate,6,22,3,True,False,normal,pluvieux
2022-03-14 00:54:28,Hôpital Laquintinie,O+,19,8,0,11,3.9,5,100.0,faible,Contrôle bactériologique négatif,0,0,3,False,False,normal,pluvieux
2022-03-14 07:35:49,Hôpital Laquintinie,A-,21,7,0,14,3.4,57,100.0,faible,Contrôle bactériologique négatif,0,7,3,False,False,normal,ensoleillé
2022-03-14 07:59:59,Hôpital Laquintinie,A+,76,8,0,68,5.0,6,95.1,normale,Urgent: vérifier température stockage,0,7,3,False,False,normal,pluvieux
2022-03-15 05:38:22,Hôpital Laquintinie,A+,19,9,17,27,3.7,18,100.0,normale,Parfait pour transfusion immédiate,1,5,3,False,False,normal,pluvieux
2022-03-15 09:43:06,Hôpital Laquintinie,O+,81,6,27,102,4.0,13,100.0,normale,Parfait pour transfusion immédiate,1,9,3,False,False,normal,ensoleillé
2022-03-16 05:15:01,Hôpital Laquintinie,O+,31,8,29,52,3.8,5,99.7,normale,Urgent: vérifier température stockage,2,5,3,False,False,normal,nuageux
2022-03-16 19:47:20,Hôpital Laquintinie,B+,50,3,0,47,4.9,12,100.0,normale,Contrôle bactériologique négatif,2,19,3,False,False,normal,pluvieux
2022-03-17 04:42:00,Hôpital Laquintinie,O+,39,6,20,53,4.2,29,100.0,normale,Hémoglobine dans les normes,3,4,3,False,False,normal,orageux
2022-03-17 06:55:16,Hôpital Laquintinie,A+,62,6,16,72,4.3,2,87.3,normale,Hémoglobine dans les normes,3,6,3,False,False,normal,pluvieux
2022-03-17 20:24:02,Hôpital Laquintinie,A+,43,1,23,65,3.7,14,90.5,normale,"Excellent état, conservation parfaite",3,20,3,False,False,normal,nuageux
2022-03-18 08:00:43,Hôpital Laquintinie,O+,31,9,0,22,3.4,9,93.5,normale,"Bon état général, légère variation température",4,8,3,False,False,normal,ensoleillé
2022-03-18 10:38:31,Hôpital Laquintinie,A+,49,6,30,73,4.7,26,100.0,normale,Hémoglobine dans les normes,4,10,3,False,False,normal,nuageux
2022-03-18 11:06:46,Hôpital Laquintinie,A+,78,8,0,70,4.6,1,61.5,attention,Hémoglobine dans les normes,4,11,3,False,False,normal,pluvieux
2022-03-18 23:27:49,Hôpital Laquintinie,O+,28,10,0,18,4.1,3,86.1,faible,"État satisfaisant, contrôle qualité OK",4,23,3,False,False,normal,ensoleillé
2022-03-19 00:49:13,Hôpital Laquintinie,B+,16,4,0,12,3.7,6,100.0,faible,"Bon état général, légère variation température",5,0,3,True,False,normal,ensoleillé
2022-03-19 13:42:24,Hôpital Laquintinie,A+,37,8,0,29,3.1,5,98.0,normale,Attention: proche expiration,5,13,3,True,False,normal,pluvieux
2022-03-19 17:11:30,Hôpital Laquintinie,B+,19,5,0,14,3.6,19,97.3,faible,Contrôle bactériologique négatif,5,17,3,True,False,normal,pluvieux
2022-03-20 11:22:34,Hôpital Laquintinie,O+,28,6,19,41,4.6,10,91.2,normale,"Bon état général, légère variation température",6,11,3,True,False,normal,orageux
2022-03-21 09:43:54,Hôpital Laquintinie,AB+,58,0,0,58,3.5,4,92.9,normale,Parfait pour transfusion immédiate,0,9,3,False,False,normal,orageux
2022-03-21 22:17:11,Hôpital Laquintinie,A+,50,8,0,42,5.0,10,100.0,normale,"Excellent état, conservation parfaite",0,22,3,False,False,normal,pluvieux
2022-03-22 09:24:53,Hôpital Laquintinie,O+,74,3,20,91,4.4,4,83.8,normale,"État satisfaisant, contrôle qualité OK",1,9,3,False,False,normal,nuageux
2022-03-22 13:21:08,Hôpital Laquintinie,A-,72,4,20,88,4.0,2,85.3,normale,Hémoglobine dans les normes,1,13,3,False,False,normal,pluvieux
2022-03-22 17:45:00,Hôpital Laquintinie,O+,58,11,0,47,4.2,1,50.4,attention,Urgent: vérifier température stockage,1,17,3,False,False,normal,nuageux
2022-03-23 02:33:01,Hôpital Laquintinie,O+,27,2,16,41,3.4,51,95.5,normale,Attention: proche expiration,2,2,3,False,False,normal,pluvieux
2022-03-23 04:56:28,Hôpital Laquintinie,A+,29,7,0,22,4.0,10,99.1,normale,Attention: proche expiration,2,4,3,False,False,normal,ensoleillé
2022-03-23 23:23:13,Hôpital Laquintinie,O+,21,7,25,39,4.2,4,86.3,normale,Hémoglobine dans les normes,2,23,3,False,False,accident_route,pluvieux
2022-03-24 06:37:15,Hôpital Laquintinie,A+,39,10,0,29,3.1,29,95.0,normale,Hémoglobine dans les normes,3,6,3,False,False,normal,pluvieux
2022-03-24 18:15:11,Hôpital Laquintinie,O+,47,5,0,42,3.3,8,100.0,normale,Parfait pour transfusion immédiate,3,18,3,False,False,normal,pluvieux
2022-03-24 20:09:39,Hôpital Laquintinie,A+,3,8,18,18,4.3,54,100.0,faible,"Bon état général, légère variation température",3,20,3,False,False,normal,ensoleillé
2022-03-25 03:17:42,Hôpital Laquintinie,B+,38,8,0,30,3.7,12,98.2,normale,Hémoglobine dans les normes,4,3,3,False,False,normal,nuageux
2022-03-25 08:13:47,Hôpital Laquintinie,AB+,61,9,19,71,4.2,1,67.3,attention,Hémoglobine dans les normes,4,8,3,False,False,normal,pluvieux
2022-03-25 16:53:56,Hôpital Laquintinie,A+,43,10,34,67,4.4,8,100.0,normale,"État satisfaisant, contrôle qualité OK",4,16,3,False,False,normal,ensoleillé
2022-03-25 21:54:39,Hôpital Laquintinie,AB-,38,8,0,30,3.3,3,84.4,normale,Hémoglobine dans les normes,4,21,3,False,False,normal,orageux
2022-03-26 20:55:20,Hôpital Laquintinie,A+,27,7,0,20,2.7,12,100.0,normale,"Excellent état, conservation parfaite",5,20,3,True,False,normal,pluvieux
2022-03-27 04:55:29,Hôpital Laquintinie,A-,16,4,0,12,4.6,13,97.0,faible,Contrôle bactériologique négatif,6,4,3,True,False,normal,pluvieux
2022-03-28 15:28:59,Hôpital Laquintinie,O+,50,7,0,43,3.4,5,100.0,normale,Urgent: vérifier température stockage,0,15,3,False,False,normal,ensoleillé
2022-03-29 16:22:02,Hôpital Laquintinie,A-,48,7,0,41,2.8,4,89.1,normale,Contrôle bactériologique négatif,1,16,3,False,False,normal,orageux
2022-03-30 02:50:07,Hôpital Laquintinie,O+,22,14,0,8,4.5,28,98.1,critique,URGENT: Stock critique - Hémoglobine dans les normes,2,2,3,False,False,normal,pluvieux
2022-03-30 04:52:06,Hôpital Laquintinie,O-,28,4,0,24,3.4,5,100.0,normale,Urgent: vérifier température stockage,2,4,3,False,False,normal,ensoleillé
2022-03-30 06:34:35,Hôpital Laquintinie,B+,52,8,0,44,4.2,12,100.0,normale,Urgent: vérifier température stockage,2,6,3,False,False,normal,pluvieux
2022-03-30 16:57:58,Hôpital Laquintinie,O+,33,5,21,49,3.6,4,89.4,normale,"État satisfaisant, contrôle qualité OK",2,16,3,False,False,normal,orageux
2022-03-30 17:26:24,Hôpital Laquintinie,O-,38,2,0,36,4.3,5,100.0,normale,"Excellent état, conservation parfaite",2,17,3,False,False,normal,ensoleillé
2022-03-30 19:07:57,Hôpital Laquintinie,O+,49,7,14,56,3.8,3,77.9,normale,"Excellent état, conservation parfaite",2,19,3,False,False,accident_route,ensoleillé
2022-03-30 20:22:25,Hôpital Laquintinie,AB-,56,5,0,51,2.4,45,100.0,normale,Hémoglobine dans les normes,2,20,3,False,False,normal,ensoleillé
2022-03-31 02:34:19,Hôpital Laquintinie,O+,14,5,0,9,3.7,59,100.0,critique,URGENT: Stock critique - Parfait pour transfusion immédiate,3,2,3,False,False,normal,orageux
2022-03-31 17:14:32,Hôpital Laquintinie,O+,39,10,0,29,3.2,8,100.0,normale,"Excellent état, conservation parfaite",3,17,3,False,False,normal,pluvieux
2022-03-31 22:28:43,Hôpital Laquintinie,A+,53,5,0,48,4.6,1,54.1,attention,Contrôle bactériologique négatif,3,22,3,False,False,normal,ensoleillé
2022-04-01 02:08:47,Hôpital Laquintinie,O-,19,3,0,16,4.1,11,100.0,faible,Parfait pour transfusion immédiate,4,2,4,False,False,normal,nuageux
2022-04-01 02:17:30,Hôpital Laquintinie,A+,13,5,0,8,4.2,6,100.0,critique,"URGENT: Stock critique - Bon état général, légère variation température",4,2,4,False,False,normal,ensoleillé
2022-04-01 21:12:20,Hôpital Laquintinie,O+,45,13,0,32,3.9,5,100.0,normale,"Excellent état, conservation parfaite",4,21,4,False,False,normal,nuageux
2022-04-02 02:55:56,Hôpital Laquintinie,O+,17,8,14,23,3.4,27,100.0,normale,Urgent: vérifier température stockage,5,2,4,True,False,normal,orageux
2022-04-02 16:44:12,Hôpital Laquintinie,O-,46,6,0,40,4.2,7,96.4,normale,Parfait pour transfusion immédiate,5,16,4,True,False,normal,ensoleillé
2022-04-02 22:53:56,Hôpital Laquintinie,A-,49,5,0,44,5.0,1,60.5,attention,"Excellent état, conservation parfaite",5,22,4,True,False,normal,pluvieux
2022-04-03 14:22:54,Hôpital Laquintinie,O+,35,7,0,28,4.1,22,95.6,normale,"État satisfaisant, contrôle qualité OK",6,14,4,True,False,normal,ensoleillé
2022-04-04 16:01:51,Hôpital Laquintinie,A-,26,9,0,17,4.3,44,96.9,faible,"Excellent état, conservation parfaite",0,16,4,False,False,normal,pluvieux
2022-04-04 17:11:19,Hôpital Laquintinie,A+,52,12,0,40,3.9,30,100.0,normale,Attention: proche expiration,0,17,4,False,False,normal,pluvieux
2022-04-04 18:51:32,Hôpital Laquintinie,A+,47,5,0,42,4.6,54,100.0,normale,"État satisfaisant, contrôle qualité OK",0,18,4,False,False,normal,orageux
2022-04-04 19:55:14,Hôpital Laquintinie,O+,65,8,0,57,3.2,28,100.0,normale,"Bon état général, légère variation température",0,19,4,False,False,normal,orageux
2022-04-06 16:58:19,Hôpital Laquintinie,O+,60,10,0,50,4.7,13,100.0,normale,"Excellent état, conservation parfaite",2,16,4,False,False,normal,pluvieux
2022-04-08 08:15:37,Hôpital Laquintinie,O+,12,10,0,2,3.9,53,100.0,critique,URGENT: Stock critique - Urgent: vérifier température stockage,4,8,4,False,False,normal,ensoleillé
2022-04-08 19:23:28,Hôpital Laquintinie,O+,60,6,0,54,3.7,2,89.6,normale,Urgent: vérifier température stockage,4,19,4,False,False,normal,ensoleillé
2022-04-09 01:24:03,Hôpital Laquintinie,A-,20,6,0,14,3.7,2,79.5,faible,"Excellent état, conservation parfaite",5,1,4,True,False,normal,ensoleillé
2022-04-09 20:48:59,Hôpital Laquintinie,O+,34,5,14,43,3.9,11,99.6,normale,Contrôle bactériologique négatif,5,20,4,True,False,normal,ensoleillé
2022-04-10 07:57:04,Hôpital Laquintinie,O+,31,8,0,23,3.7,17,100.0,normale,"Bon état général, légère variation température",6,7,4,True,False,normal,pluvieux
2022-04-10 09:03:05,Hôpital Laquintinie,O+,22,4,16,34,3.9,2,88.8,normale,"Bon état général, légère variation température",6,9,4,True,False,normal,ensoleillé
2022-04-10 14:06:12,Hôpital Laquintinie,AB+,28,7,0,21,4.8,15,100.0,normale,Hémoglobine dans les normes,6,14,4,True,False,normal,pluvieux
2022-04-10 14:40:40,Hôpital Laquintinie,B+,45,4,0,41,3.6,1,65.6,attention,Contrôle bactériologique négatif,6,14,4,True,False,normal,ensoleillé
2022-04-11 08:11:45,Hôpital Laquintinie,O+,41,5,0,36,3.2,13,99.1,normale,Hémoglobine dans les normes,0,8,4,False,False,normal,nuageux
2022-04-11 18:01:41,Hôpital Laquintinie,O+,44,7,0,37,3.6,6,100.0,normale,"Excellent état, conservation parfaite",0,18,4,False,False,normal,pluvieux
2022-04-12 13:39:27,Hôpital Laquintinie,AB+,40,11,15,44,4.6,32,100.0,normale,Attention: proche expiration,1,13,4,False,False,normal,ensoleillé
2022-04-12 14:39:18,Hôpital Laquintinie,A-,79,4,22,97,4.3,24,96.2,normale,"État satisfaisant, contrôle qualité OK",1,14,4,False,False,normal,ensoleillé
2022-04-12 15:44:52,Hôpital Laquintinie,O+,34,7,12,39,4.1,22,99.5,normale,"Excellent état, conservation parfaite",1,15,4,False,False,normal,ensoleillé
2022-04-12 18:55:52,Hôpital Laquintinie,O+,51,10,0,41,2.8,14,100.0,normale,Hémoglobine dans les normes,1,18,4,False,False,normal,ensoleillé
2022-04-12 22:20:40,Hôpital Laquintinie,B+,52,11,0,41,4.6,18,93.6,normale,Contrôle bactériologique négatif,1,22,4,False,False,normal,ensoleillé
2022-04-13 04:39:42,Hôpital Laquintinie,O+,25,3,0,22,3.8,1,60.8,attention,Urgent: vérifier température stockage,2,4,4,False,False,normal,pluvieux
2022-04-13 13:10:06,Hôpital Laquintinie,B+,33,9,0,24,4.2,10,100.0,normale,Attention: proche expiration,2,13,4,False,False,normal,ensoleillé
2022-04-14 01:55:51,Hôpital Laquintinie,A+,15,5,0,10,4.1,13,94.3,faible,"Excellent état, conservation parfaite",3,1,4,False,False,normal,ensoleillé
2022-04-15 03:40:12,Hôpital Laquintinie,AB+,25,5,0,20,3.6,1,66.5,attention,Attention: proche expiration,4,3,4,False,False,normal,ensoleillé
2022-04-15 10:44:01,Hôpital Laquintinie,B+,59,9,17,67,4.5,1,57.8,attention,Parfait pour transfusion immédiate,4,10,4,False,False,normal,nuageux
2022-04-15 18:10:23,Hôpital Laquintinie,O-,31,12,0,19,3.1,6,98.9,faible,Attention: proche expiration,4,18,4,False,False,normal,orageux
2022-04-15 22:43:27,Hôpital Laquintinie,O+,58,6,0,52,4.4,23,100.0,normale,Urgent: vérifier température stockage,4,22,4,False,False,normal,ensoleillé
2022-04-16 09:37:18,Hôpital Laquintinie,A+,46,5,0,41,3.7,8,96.3,normale,Urgent: vérifier température stockage,5,9,4,True,False,normal,pluvieux
2022-04-16 10:09:39,Hôpital Laquintinie,O+,41,5,0,36,3.9,18,96.2,normale,"État satisfaisant, contrôle qualité OK",5,10,4,True,False,normal,orageux
2022-04-17 08:30:18,Hôpital Laquintinie,A+,34,3,0,31,3.8,8,100.0,normale,Urgent: vérifier température stockage,6,8,4,True,False,normal,nuageux
2022-04-17 10:32:35,Hôpital Laquintinie,B-,48,8,0,40,4.2,8,100.0,normale,Attention: proche expiration,6,10,4,True,False,normal,nuageux
2022-04-17 12:16:31,Hôpital Laquintinie,O+,36,9,0,27,5.1,12,98.2,normale,Parfait pour transfusion immédiate,6,12,4,True,False,normal,pluvieux
2022-04-17 19:01:40,Hôpital Laquintinie,A-,37,5,0,32,4.3,3,89.4,normale,"État satisfaisant, contrôle qualité OK",6,19,4,True,False,normal,nuageux
2022-04-17 19:25:22,Hôpital Laquintinie,O+,31,6,0,25,3.8,1,63.2,attention,Parfait pour transfusion immédiate,6,19,4,True,False,urgence_médicale,pluvieux
2022-04-18 06:02:38,Hôpital Laquintinie,B+,70,8,17,79,4.4,1,55.2,attention,Contrôle bactériologique négatif,0,6,4,False,False,normal,ensoleillé
2022-04-18 10:41:26,Hôpital Laquintinie,A-,35,4,14,45,4.2,4,79.0,normale,"Bon état général, légère variation température",0,10,4,False,False,normal,pluvieux
2022-04-18 23:24:30,Hôpital Laquintinie,O+,31,12,14,33,4.2,27,100.0,normale,Urgent: vérifier température stockage,0,23,4,False,False,normal,ensoleillé
2022-04-19 00:25:53,Hôpital Laquintinie,AB+,30,7,0,23,4.3,2,82.8,normale,Hémoglobine dans les normes,1,0,4,False,False,normal,orageux
2022-04-19 14:37:25,Hôpital Laquintinie,O+,62,7,20,75,3.9,1,60.5,attention,"Bon état général, légère variation température",1,14,4,False,False,normal,nuageux
2022-04-19 16:28:30,Hôpital Laquintinie,O+,72,7,0,65,3.9,13,100.0,normale,Hémoglobine dans les normes,1,16,4,False,False,normal,ensoleillé
2022-04-21 11:28:35,Hôpital Laquintinie,O+,73,6,0,67,3.8,81,100.0,normale,"État satisfaisant, contrôle qualité OK",3,11,4,False,False,normal,pluvieux
2022-04-21 22:58:27,Hôpital Laquintinie,A+,40,8,0,32,3.9,15,93.3,normale,"État satisfaisant, contrôle qualité OK",3,22,4,False,False,normal,pluvieux
2022-04-22 05:53:30,Hôpital Laquintinie,B+,14,5,0,9,3.6,48,94.7,critique,"URGENT: Stock critique - État satisfaisant, contrôle qualité OK",4,5,4,False,False,normal,pluvieux
2022-04-22 08:33:54,Hôpital Laquintinie,O+,59,11,0,48,4.1,22,99.9,normale,Contrôle bactériologique négatif,4,8,4,False,False,normal,orageux
2022-04-22 17:36:29,Hôpital Laquintinie,A+,68,9,0,59,4.9,24,89.9,normale,Hémoglobine dans les normes,4,17,4,False,False,normal,pluvieux
2022-04-22 20:16:40,Hôpital Laquintinie,O-,79,9,0,70,3.9,22,95.9,normale,"État satisfaisant, contrôle qualité OK",4,20,4,False,False,normal,nuageux
2022-04-23 09:10:45,Hôpital Laquintinie,A+,30,6,0,24,4.4,20,98.1,normale,Hémoglobine dans les normes,5,9,4,True,False,normal,pluvieux
2022-04-23 17:47:20,Hôpital Laquintinie,A-,34,2,0,32,4.3,8,99.8,normale,Attention: proche expiration,5,17,4,True,False,normal,pluvieux
2022-04-23 17:50:12,Hôpital Laquintinie,O+,34,2,0,32,3.4,6,91.6,normale,Attention: proche expiration,5,17,4,True,False,normal,pluvieux
2022-04-23 22:09:07,Hôpital Laquintinie,A+,34,0,0,34,5.0,1,62.2,attention,Hémoglobine dans les normes,5,22,4,True,False,normal,pluvieux
2022-04-24 01:22:43,Hôpital Laquintinie,O-,18,6,19,31,4.0,28,100.0,normale,"Bon état général, légère variation température",6,1,4,True,False,normal,ensoleillé
2022-04-24 13:20:52,Hôpital Laquintinie,A+,52,4,0,48,4.3,21,100.0,normale,"Bon état général, légère variation température",6,13,4,True,False,normal,nuageux
2022-04-25 01:45:50,Hôpital Laquintinie,AB+,26,7,0,19,3.8,21,94.9,faible,Parfait pour transfusion immédiate,0,1,4,False,False,normal,orageux
2022-04-25 11:15:08,Hôpital Laquintinie,A+,48,6,0,42,4.0,5,96.8,normale,"Excellent état, conservation parfaite",0,11,4,False,False,normal,ensoleillé
2022-04-25 12:37:24,Hôpital Laquintinie,AB+,67,3,0,64,3.9,4,81.3,normale,Parfait pour transfusion immédiate,0,12,4,False,False,normal,ensoleillé
2022-04-25 17:08:17,Hôpital Laquintinie,A+,51,3,0,48,2.8,22,100.0,normale,"État satisfaisant, contrôle qualité OK",0,17,4,False,False,campagne_don,nuageux
2022-04-25 17:33:05,Hôpital Laquintinie,AB+,72,10,0,62,4.0,32,98.0,normale,Contrôle bactériologique négatif,0,17,4,False,False,normal,nuageux
2022-04-25 18:44:19,Hôpital Laquintinie,A+,48,11,0,37,4.6,20,100.0,normale,"État satisfaisant, contrôle qualité OK",0,18,4,False,False,normal,nuageux
2022-04-26 02:38:36,Hôpital Laquintinie,O+,23,12,0,11,4.7,8,100.0,faible,Contrôle bactériologique négatif,1,2,4,False,False,normal,nuageux
2022-04-26 05:08:34,Hôpital Laquintinie,O+,33,6,23,50,3.9,29,93.0,normale,"Bon état général, légère variation température",1,5,4,False,False,normal,ensoleillé
2022-04-26 16:27:18,Hôpital Laquintinie,A+,48,7,21,62,3.2,1,67.6,attention,"État satisfaisant, contrôle qualité OK",1,16,4,False,False,normal,pluvieux
2022-04-26 16:59:47,Hôpital Laquintinie,O+,65,17,0,48,4.1,9,99.5,normale,Hémoglobine dans les normes,1,16,4,False,False,normal,ensoleillé
2022-04-26 17:21:49,Hôpital Laquintinie,A+,34,7,20,47,3.7,43,99.0,normale,Urgent: vérifier température stockage,1,17,4,False,False,normal,pluvieux
2022-04-26 21:14:40,Hôpital Laquintinie,O+,64,2,0,62,4.3,27,100.0,normale,"Excellent état, conservation parfaite",1,21,4,False,False,normal,ensoleillé
2022-04-26 21:35:45,Hôpital Laquintinie,O+,51,0,13,64,3.8,6,100.0,normale,Hémoglobine dans les normes,1,21,4,False,False,normal,pluvieux
2022-04-26 23:14:42,Hôpital Laquintinie,O+,30,11,0,19,3.3,7,100.0,faible,Hémoglobine dans les normes,1,23,4,False,False,normal,ensoleillé
2022-04-27 22:45:38,Hôpital Laquintinie,A+,70,13,0,57,4.0,14,97.3,normale,Attention: proche expiration,2,22,4,False,False,normal,pluvieux
2022-04-28 00:56:51,Hôpital Laquintinie,A+,31,3,0,28,4.6,6,99.5,normale,Urgent: vérifier température stockage,3,0,4,False,False,normal,ensoleillé
2022-04-28 04:15:15,Hôpital Laquintinie,A+,19,2,20,37,3.0,2,84.7,normale,Contrôle bactériologique négatif,3,4,4,False,False,normal,ensoleillé
2022-04-28 06:02:59,Hôpital Laquintinie,A+,55,4,0,51,3.7,1,62.4,attention,"État satisfaisant, contrôle qualité OK",3,6,4,False,False,normal,ensoleillé
2022-04-29 08:36:46,Hôpital Laquintinie,O+,36,6,0,30,3.3,1,63.0,attention,Urgent: vérifier température stockage,4,8,4,False,False,normal,orageux
2022-04-29 14:10:11,Hôpital Laquintinie,A+,53,8,0,45,4.3,7,93.6,normale,Hémoglobine dans les normes,4,14,4,False,False,normal,pluvieux
2022-04-29 15:27:02,Hôpital Laquintinie,O+,37,9,0,28,4.4,13,96.1,normale,Hémoglobine dans les normes,4,15,4,False,False,normal,ensoleillé
2022-04-29 17:10:07,Hôpital Laquintinie,AB+,46,2,12,56,3.2,1,56.5,attention,Contrôle bactériologique négatif,4,17,4,False,False,normal,ensoleillé
2022-04-29 23:35:09,Hôpital Laquintinie,B+,20,10,0,10,3.0,24,94.9,faible,Urgent: vérifier température stockage,4,23,4,False,False,normal,pluvieux
2022-04-30 17:13:10,Hôpital Laquintinie,O+,41,5,15,51,4.3,19,93.6,normale,Contrôle bactériologique négatif,5,17,4,True,False,normal,nuageux
2022-05-01 16:26:22,Hôpital Laquintinie,O+,32,8,0,24,4.5,5,99.2,normale,Attention: proche expiration,6,16,5,True,False,normal,ensoleillé
2022-05-01 17:45:32,Hôpital Laquintinie,B+,50,3,0,47,4.1,1,66.6,attention,"Bon état général, légère variation température",6,17,5,True,False,normal,pluvieux
2022-05-01 22:47:07,Hôpital Laquintinie,A+,43,7,0,36,3.8,35,97.9,normale,Urgent: vérifier température stockage,6,22,5,True,False,normal,pluvieux
2022-05-02 03:53:13,Hôpital Laquintinie,A+,27,13,0,14,3.9,11,97.7,faible,Attention: proche expiration,0,3,5,False,False,normal,ensoleillé
2022-05-02 18:44:32,Hôpital Laquintinie,O+,49,6,0,43,3.7,7,100.0,normale,"Bon état général, légère variation température",0,18,5,False,False,normal,nuageux
2022-05-02 21:20:17,Hôpital Laquintinie,O+,57,10,0,47,3.7,1,58.3,attention,"Bon état général, légère variation température",0,21,5,False,False,épidémie,ensoleillé
2022-05-03 00:37:36,Hôpital Laquintinie,O-,29,8,22,43,3.4,7,100.0,normale,"Bon état général, légère variation température",1,0,5,False,False,normal,nuageux
2022-05-03 07:56:18,Hôpital Laquintinie,O+,43,2,0,41,4.1,12,98.4,normale,"Bon état général, légère variation température",1,7,5,False,False,normal,pluvieux
2022-05-03 12:36:50,Hôpital Laquintinie,O+,30,4,0,26,4.0,11,98.6,normale,"État satisfaisant, contrôle qualité OK",1,12,5,False,False,normal,ensoleillé
2022-05-03 20:16:27,Hôpital Laquintinie,A-,41,5,26,62,4.3,2,77.1,normale,Attention: proche expiration,1,20,5,False,False,normal,ensoleillé
2022-05-04 11:33:16,Hôpital Laquintinie,O-,67,5,20,82,4.2,12,99.5,normale,Parfait pour transfusion immédiate,2,11,5,False,False,normal,ensoleillé
2022-05-04 12:21:10,Hôpital Laquintinie,O-,50,7,23,66,3.9,1,52.4,attention,"Bon état général, légère variation température",2,12,5,False,False,normal,ensoleillé
2022-05-04 16:07:15,Hôpital Laquintinie,A+,70,7,0,63,4.9,20,100.0,normale,"Excellent état, conservation parfaite",2,16,5,False,False,normal,pluvieux
2022-05-04 18:39:27,Hôpital Laquintinie,O+,17,10,0,7,4.2,7,100.0,critique,URGENT: Stock critique - Parfait pour transfusion immédiate,2,18,5,False,False,normal,ensoleillé
2022-05-04 23:37:19,Hôpital Laquintinie,O+,19,11,14,22,3.9,17,99.7,normale,"État satisfaisant, contrôle qualité OK",2,23,5,False,False,normal,ensoleillé
2022-05-05 00:15:55,Hôpital Laquintinie,A+,24,7,15,32,4.0,4,81.3,normale,"Bon état général, légère variation température",3,0,5,False,False,normal,nuageux
2022-05-05 02:08:04,Hôpital Laquintinie,B+,27,10,18,35,3.8,3,79.4,normale,"État satisfaisant, contrôle qualité OK",3,2,5,False,False,normal,ensoleillé
2022-05-05 06:22:07,Hôpital Laquintinie,O+,74,6,0,68,2.7,15,95.6,normale,Parfait pour transfusion immédiate,3,6,5,False,False,normal,ensoleillé
2022-05-05 13:34:50,Hôpital Laquintinie,B+,48,11,22,59,4.5,42,100.0,normale,"Excellent état, conservation parfaite",3,13,5,False,False,normal,nuageux
2022-05-05 17:00:20,Hôpital Laquintinie,O-,58,3,19,74,4.1,36,99.2,normale,Parfait pour transfusion immédiate,3,17,5,False,False,normal,pluvieux
2022-05-06 12:06:22,Hôpital Laquintinie,A+,33,5,0,28,4.0,16,100.0,normale,Urgent: vérifier température stockage,4,12,5,False,False,normal,orageux
2022-05-06 19:15:56,Hôpital Laquintinie,B+,36,10,0,26,4.5,36,100.0,normale,Attention: proche expiration,4,19,5,False,False,normal,nuageux
2022-05-07 05:15:27,Hôpital Laquintinie,O+,11,8,17,20,3.8,9,94.0,normale,Contrôle bactériologique négatif,5,5,5,True,False,urgence_médicale,orageux
2022-05-07 12:48:50,Hôpital Laquintinie,AB+,23,7,0,16,3.4,13,100.0,faible,"Bon état général, légère variation température",5,12,5,True,False,normal,nuageux
2022-05-07 19:33:50,Hôpital Laquintinie,O+,45,8,0,37,3.2,4,77.2,normale,"État satisfaisant, contrôle qualité OK",5,19,5,True,False,normal,pluvieux
2022-05-07 20:17:51,Hôpital Laquintinie,A+,28,6,0,22,4.6,2,83.5,normale,"État satisfaisant, contrôle qualité OK",5,20,5,True,False,normal,nuageux
2022-05-07 22:02:35,Hôpital Laquintinie,A+,24,7,0,17,4.0,2,81.2,faible,"Bon état général, légère variation température",5,22,5,True,False,normal,ensoleillé
2022-05-08 00:06:52,Hôpital Laquintinie,O+,13,3,0,10,3.1,7,100.0,faible,Urgent: vérifier température stockage,6,0,5,True,False,normal,pluvieux
2022-05-08 04:48:57,Hôpital Laquintinie,O+,13,1,0,12,2.9,23,100.0,faible,"Bon état général, légère variation température",6,4,5,True,False,normal,nuageux
2022-05-08 05:16:23,Hôpital Laquintinie,O-,15,3,0,12,3.7,8,98.6,faible,Urgent: vérifier température stockage,6,5,5,True,False,normal,orageux
2022-05-08 15:46:56,Hôpital Laquintinie,O+,19,7,15,27,4.6,7,100.0,normale,Parfait pour transfusion immédiate,6,15,5,True,False,normal,ensoleillé
2022-05-09 01:39:04,Hôpital Laquintinie,A+,14,3,0,11,4.3,8,100.0,faible,Hémoglobine dans les normes,0,1,5,False,False,normal,pluvieux
2022-05-09 13:52:25,Hôpital Laquintinie,A-,57,11,0,46,4.4,10,97.6,normale,Attention: proche expiration,0,13,5,False,False,normal,orageux
2022-05-10 16:24:54,Hôpital Laquintinie,O+,35,11,14,38,4.0,18,100.0,normale,Parfait pour transfusion immédiate,1,16,5,False,False,normal,ensoleillé
2022-05-10 19:38:21,Hôpital Laquintinie,O+,53,6,0,47,4.3,7,100.0,normale,"Bon état général, légère variation température",1,19,5,False,False,normal,nuageux
2022-05-11 23:36:03,Hôpital Laquintinie,O+,15,10,0,5,4.6,6,100.0,critique,URGENT: Stock critique - Hémoglobine dans les normes,2,23,5,False,False,normal,pluvieux
2022-05-12 17:15:17,Hôpital Laquintinie,A+,76,13,0,63,4.0,2,89.3,normale,Parfait pour transfusion immédiate,3,17,5,False,False,normal,pluvieux
2022-05-14 00:47:49,Hôpital Laquintinie,A+,14,4,0,10,3.5,9,100.0,faible,Parfait pour transfusion immédiate,5,0,5,True,False,normal,ensoleillé
2022-05-14 18:02:08,Hôpital Laquintinie,A+,43,5,0,38,4.2,2,85.4,normale,"État satisfaisant, contrôle qualité OK",5,18,5,True,False,normal,pluvieux
2022-05-14 18:10:26,Hôpital Laquintinie,O+,36,8,13,41,4.7,21,100.0,normale,Hémoglobine dans les normes,5,18,5,True,False,normal,nuageux
2022-05-15 02:32:52,Hôpital Laquintinie,O+,14,3,0,11,3.0,8,100.0,faible,"État satisfaisant, contrôle qualité OK",6,2,5,True,False,urgence_médicale,ensoleillé
2022-05-16 15:02:16,Hôpital Laquintinie,B+,68,6,0,62,3.9,7,89.9,normale,Hémoglobine dans les normes,0,15,5,False,False,normal,ensoleillé
2022-05-16 16:40:39,Hôpital Laquintinie,A-,49,7,0,42,4.2,2,88.4,normale,"Excellent état, conservation parfaite",0,16,5,False,False,normal,nuageux
2022-05-17 04:56:06,Hôpital Laquintinie,A+,31,4,0,27,3.0,15,100.0,normale,Urgent: vérifier température stockage,1,4,5,False,False,normal,ensoleillé
2022-05-17 11:11:18,Hôpital Laquintinie,B+,39,14,19,44,4.0,25,93.5,normale,"État satisfaisant, contrôle qualité OK",1,11,5,False,False,normal,nuageux
2022-05-17 12:35:35,Hôpital Laquintinie,A+,18,8,0,10,3.5,79,100.0,faible,"Bon état général, légère variation température",1,12,5,False,False,normal,ensoleillé
2022-05-17 19:25:51,Hôpital Laquintinie,O+,56,10,0,46,3.6,5,100.0,normale,Attention: proche expiration,1,19,5,False,False,normal,ensoleillé
2022-05-18 08:14:35,Hôpital Laquintinie,A+,57,10,0,47,4.1,14,94.3,normale,Urgent: vérifier température stockage,2,8,5,False,False,normal,ensoleillé
2022-05-18 19:27:30,Hôpital Laquintinie,A-,56,8,0,48,4.0,14,97.9,normale,Urgent: vérifier température stockage,2,19,5,False,False,normal,ensoleillé
2022-05-19 04:50:45,Hôpital Laquintinie,O+,23,3,18,38,4.2,72,100.0,normale,"Excellent état, conservation parfaite",3,4,5,False,False,normal,nuageux
2022-05-19 07:17:35,Hôpital Laquintinie,B+,60,8,15,67,4.2,1,57.6,attention,Contrôle bactériologique négatif,3,7,5,False,False,normal,pluvieux
2022-05-19 10:47:27,Hôpital Laquintinie,A+,52,2,19,69,4.5,12,95.4,normale,"Bon état général, légère variation température",3,10,5,False,False,normal,ensoleillé
2022-05-19 14:24:11,Hôpital Laquintinie,A+,49,2,0,47,3.2,24,96.8,normale,Parfait pour transfusion immédiate,3,14,5,False,False,normal,pluvieux
2022-05-19 16:44:43,Hôpital Laquintinie,A+,39,8,0,31,4.0,7,100.0,normale,"Excellent état, conservation parfaite",3,16,5,False,False,normal,ensoleillé
2022-05-19 19:34:29,Hôpital Laquintinie,A+,51,10,0,41,3.4,22,100.0,normale,Attention: proche expiration,3,19,5,False,False,normal,ensoleillé
2022-05-19 22:19:05,Hôpital Laquintinie,O+,59,11,0,48,4.3,31,99.8,normale,"Bon état général, légère variation température",3,22,5,False,False,normal,nuageux
2022-05-19 22:32:18,Hôpital Laquintinie,O+,70,3,21,88,3.6,12,91.7,normale,Attention: proche expiration,3,22,5,False,False,normal,ensoleillé
2022-05-20 00:29:05,Hôpital Laquintinie,AB+,28,9,0,19,3.3,2,75.3,faible,Urgent: vérifier température stockage,4,0,5,False,False,normal,ensoleillé
2022-05-20 18:05:10,Hôpital Laquintinie,B-,25,8,13,30,4.1,25,100.0,normale,"État satisfaisant, contrôle qualité OK",4,18,5,False,False,normal,pluvieux
2022-05-21 02:05:37,Hôpital Laquintinie,O+,21,7,0,14,4.4,22,100.0,faible,Contrôle bactériologique négatif,5,2,5,True,False,normal,ensoleillé
2022-05-21 06:38:37,Hôpital Laquintinie,A-,23,7,0,16,4.2,12,92.5,faible,Attention: proche expiration,5,6,5,True,False,normal,nuageux
2022-05-21 08:25:05,Hôpital Laquintinie,O+,43,8,19,54,4.4,19,90.9,normale,Attention: proche expiration,5,8,5,True,False,normal,pluvieux
2022-05-21 21:38:40,Hôpital Laquintinie,A+,37,4,0,33,4.6,1,59.3,attention,"État satisfaisant, contrôle qualité OK",5,21,5,True,False,normal,pluvieux
2022-05-22 01:20:20,Hôpital Laquintinie,A+,17,7,0,10,4.3,10,100.0,faible,"Excellent état, conservation parfaite",6,1,5,True,False,épidémie,ensoleillé
2022-05-22 08:02:19,Hôpital Laquintinie,O+,29,5,0,24,4.4,3,91.6,normale,Hémoglobine dans les normes,6,8,5,True,False,normal,nuageux
2022-05-22 10:14:59,Hôpital Laquintinie,A+,32,7,0,25,4.0,19,100.0,normale,"État satisfaisant, contrôle qualité OK",6,10,5,True,False,normal,ensoleillé
2022-05-23 00:58:42,Hôpital Laquintinie,O+,17,9,0,8,3.4,2,85.1,critique,"URGENT: Stock critique - Bon état général, légère variation température",0,0,5,False,False,normal,ensoleillé
2022-05-23 12:27:53,Hôpital Laquintinie,O+,38,9,31,60,3.5,13,99.4,normale,"Bon état général, légère variation température",0,12,5,False,False,normal,pluvieux
2022-05-23 19:45:09,Hôpital Laquintinie,A+,43,10,0,33,3.9,51,100.0,normale,Hémoglobine dans les normes,0,19,5,False,False,normal,nuageux
2022-05-23 21:52:22,Hôpital Laquintinie,A-,35,14,0,21,3.8,2,92.2,normale,Hémoglobine dans les normes,0,21,5,False,False,normal,nuageux
2022-05-24 11:55:27,Hôpital Laquintinie,O+,21,12,23,32,3.3,5,99.2,normale,Urgent: vérifier température stockage,1,11,5,False,False,normal,ensoleillé
2022-05-24 15:38:18,Hôpital Laquintinie,A+,47,8,0,39,4.0,16,93.1,normale,Urgent: vérifier température stockage,1,15,5,False,False,normal,ensoleillé
2022-05-24 18:59:40,Hôpital Laquintinie,A+,46,3,0,43,4.6,10,95.1,normale,"Excellent état, conservation parfaite",1,18,5,False,False,normal,ensoleillé
2022-05-25 08:01:42,Hôpital Laquintinie,A+,38,9,0,29,4.5,9,100.0,normale,"Excellent état, conservation parfaite",2,8,5,False,False,normal,pluvieux
2022-05-26 04:10:27,Hôpital Laquintinie,O+,29,12,31,48,3.9,11,100.0,normale,Parfait pour transfusion immédiate,3,4,5,False,False,normal,ensoleillé
2022-05-26 12:59:45,Hôpital Laquintinie,O-,54,13,0,41,3.9,10,99.1,normale,"Bon état général, légère variation température",3,12,5,False,False,normal,ensoleillé
2022-05-26 13:14:09,Hôpital Laquintinie,O+,54,10,28,72,3.9,4,89.9,normale,"Bon état général, légère variation température",3,13,5,False,False,normal,nuageux
2022-05-26 16:47:31,Hôpital Laquintinie,A+,33,6,24,51,3.1,2,87.3,normale,"Bon état général, légère variation température",3,16,5,False,False,normal,ensoleillé
2022-05-27 07:09:54,Hôpital Laquintinie,A+,45,6,17,56,4.2,14,100.0,normale,Parfait pour transfusion immédiate,4,7,5,False,False,normal,nuageux
2022-05-27 07:17:11,Hôpital Laquintinie,O+,62,8,20,74,4.1,35,100.0,normale,Urgent: vérifier température stockage,4,7,5,False,False,normal,orageux
2022-05-27 08:30:57,Hôpital Laquintinie,O+,50,8,0,42,2.9,22,95.4,normale,Parfait pour transfusion immédiate,4,8,5,False,False,normal,ensoleillé
2022-05-28 11:25:23,Hôpital Laquintinie,A-,39,7,0,32,4.2,3,80.4,normale,"Excellent état, conservation parfaite",5,11,5,True,False,normal,ensoleillé
2022-05-28 22:50:05,Hôpital Laquintinie,O+,24,4,20,40,3.8,7,98.1,normale,Attention: proche expiration,5,22,5,True,False,urgence_médicale,ensoleillé
2022-05-29 00:38:44,Hôpital Laquintinie,A+,15,2,14,27,3.0,9,96.7,normale,Hémoglobine dans les normes,6,0,5,True,False,normal,ensoleillé
2022-05-29 10:25:34,Hôpital Laquintinie,O+,29,1,17,45,4.0,7,100.0,normale,Hémoglobine dans les normes,6,10,5,True,False,normal,ensoleillé
2022-05-29 18:34:57,Hôpital Laquintinie,AB+,19,2,0,17,3.1,2,83.6,faible,"Excellent état, conservation parfaite",6,18,5,True,False,normal,ensoleillé
2022-05-30 03:14:13,Hôpital Laquintinie,O+,34,8,17,43,4.3,12,100.0,normale,Parfait pour transfusion immédiate,0,3,5,False,False,normal,ensoleillé
2022-05-30 16:40:28,Hôpital Laquintinie,AB+,68,9,0,59,3.2,9,95.7,normale,Hémoglobine dans les normes,0,16,5,False,False,normal,nuageux
2022-05-31 14:37:37,Hôpital Laquintinie,A+,56,7,0,49,4.0,20,99.8,normale,Contrôle bactériologique négatif,1,14,5,False,False,normal,ensoleillé
2022-06-02 04:14:27,Hôpital Laquintinie,O+,28,7,21,42,3.7,31,94.2,normale,"État satisfaisant, contrôle qualité OK",3,4,6,False,False,accident_route,pluvieux
2022-06-03 01:00:03,Hôpital Laquintinie,O+,26,10,15,31,3.9,9,97.5,normale,"Excellent état, conservation parfaite",4,1,6,False,False,normal,ensoleillé
2022-06-03 06:23:38,Hôpital Laquintinie,A+,70,5,0,65,4.2,5,94.2,normale,"État satisfaisant, contrôle qualité OK",4,6,6,False,False,normal,ensoleillé
2022-06-04 11:58:18,Hôpital Laquintinie,B+,37,2,0,35,4.0,8,91.0,normale,Urgent: vérifier température stockage,5,11,6,True,False,normal,nuageux
2022-06-04 15:40:30,Hôpital Laquintinie,A+,57,6,17,68,3.5,6,94.0,normale,"Excellent état, conservation parfaite",5,15,6,True,False,campagne_don,ensoleillé
2022-06-04 16:58:55,Hôpital Laquintinie,A+,9,6,0,3,3.0,14,100.0,critique,URGENT: Stock critique - Urgent: vérifier température stockage,5,16,6,True,False,normal,ensoleillé
2022-06-04 21:21:03,Hôpital Laquintinie,O-,34,3,0,31,3.3,22,100.0,normale,Urgent: vérifier température stockage,5,21,6,True,False,normal,ensoleillé
2022-06-05 13:47:56,Hôpital Laquintinie,O+,43,3,25,65,4.2,25,100.0,normale,"Excellent état, conservation parfaite",6,13,6,True,False,normal,ensoleillé
2022-06-05 21:14:44,Hôpital Laquintinie,O+,22,2,27,47,3.7,44,100.0,normale,Contrôle bactériologique négatif,6,21,6,True,False,normal,pluvieux
2022-06-06 02:32:44,Hôpital Laquintinie,O+,19,4,0,15,3.4,16,94.0,faible,"Excellent état, conservation parfaite",0,2,6,False,False,normal,orageux
2022-06-06 06:24:00,Hôpital Laquintinie,O+,62,11,0,51,3.8,29,99.3,normale,"Excellent état, conservation parfaite",0,6,6,False,False,normal,pluvieux
2022-06-06 15:27:38,Hôpital Laquintinie,O+,24,6,0,18,3.5,13,100.0,faible,"Excellent état, conservation parfaite",0,15,6,False,False,normal,pluvieux
2022-06-07 01:29:03,Hôpital Laquintinie,O+,24,3,0,21,3.3,3,88.8,normale,Parfait pour transfusion immédiate,1,1,6,False,False,normal,pluvieux
2022-06-07 19:52:32,Hôpital Laquintinie,B+,40,8,0,32,4.1,10,100.0,normale,Contrôle bactériologique négatif,1,19,6,False,False,normal,pluvieux
2022-06-08 02:35:48,Hôpital Laquintinie,B+,17,2,0,15,4.2,88,100.0,faible,Hémoglobine dans les normes,2,2,6,False,False,normal,nuageux
2022-06-08 02:36:02,Hôpital Laquintinie,O+,17,5,0,12,4.5,1,57.7,faible,Attention: proche expiration,2,2,6,False,False,normal,nuageux
2022-06-09 17:48:41,Hôpital Laquintinie,A+,16,10,0,6,4.5,2,71.6,critique,URGENT: Stock critique - Hémoglobine dans les normes,3,17,6,False,False,normal,pluvieux
2022-06-09 22:24:33,Hôpital Laquintinie,A-,47,7,0,40,4.0,24,96.9,normale,"Bon état général, légère variation température",3,22,6,False,False,épidémie,ensoleillé
2022-06-10 14:14:05,Hôpital Laquintinie,O-,67,12,0,55,3.2,36,95.9,normale,Urgent: vérifier température stockage,4,14,6,False,False,normal,orageux
2022-06-10 14:32:53,Hôpital Laquintinie,O-,22,7,24,39,4.3,2,87.8,normale,Parfait pour transfusion immédiate,4,14,6,False,False,normal,nuageux
2022-06-10 15:59:12,Hôpital Laquintinie,B+,42,12,22,52,4.0,23,97.0,normale,"État satisfaisant, contrôle qualité OK",4,15,6,False,False,normal,ensoleillé
2022-06-10 17:41:30,Hôpital Laquintinie,A+,59,8,0,51,4.7,16,100.0,normale,Hémoglobine dans les normes,4,17,6,False,False,normal,pluvieux
2022-06-10 17:52:59,Hôpital Laquintinie,B-,62,9,0,53,3.7,3,79.3,normale,"Bon état général, légère variation température",4,17,6,False,False,normal,nuageux
2022-06-11 09:22:14,Hôpital Laquintinie,O+,31,6,20,45,4.3,11,96.3,normale,"État satisfaisant, contrôle qualité OK",5,9,6,True,False,normal,nuageux
2022-06-12 03:09:36,Hôpital Laquintinie,O+,15,2,20,33,3.8,7,100.0,normale,"État satisfaisant, contrôle qualité OK",6,3,6,True,False,épidémie,pluvieux
2022-06-12 17:29:38,Hôpital Laquintinie,A+,35,9,0,26,4.1,36,94.1,normale,Attention: proche expiration,6,17,6,True,False,normal,pluvieux
2022-06-12 20:47:54,Hôpital Laquintinie,O+,53,4,11,60,4.4,2,90.4,normale,Contrôle bactériologique négatif,6,20,6,True,False,normal,ensoleillé
2022-06-12 21:49:16,Hôpital Laquintinie,O+,50,3,0,47,4.3,33,100.0,normale,"État satisfaisant, contrôle qualité OK",6,21,6,True,False,normal,ensoleillé
2022-06-13 14:25:16,Hôpital Laquintinie,O+,53,7,0,46,4.6,16,98.3,normale,Urgent: vérifier température stockage,0,14,6,False,False,normal,ensoleillé
2022-06-14 09:38:01,Hôpital Laquintinie,B+,71,6,0,65,4.7,1,59.5,attention,Parfait pour transfusion immédiate,1,9,6,False,False,normal,pluvieux
2022-06-14 13:55:07,Hôpital Laquintinie,O+,86,4,0,82,4.3,12,100.0,normale,"État satisfaisant, contrôle qualité OK",1,13,6,False,False,normal,pluvieux
2022-06-14 22:15:57,Hôpital Laquintinie,A+,49,7,0,42,3.7,8,100.0,normale,Hémoglobine dans les normes,1,22,6,False,False,normal,ensoleillé
2022-06-16 05:32:09,Hôpital Laquintinie,O+,28,11,0,17,4.2,62,96.5,faible,Contrôle bactériologique négatif,3,5,6,False,False,normal,ensoleillé
2022-06-16 06:44:32,Hôpital Laquintinie,O+,44,10,23,57,3.4,46,100.0,normale,"Excellent état, conservation parfaite",3,6,6,False,False,normal,pluvieux
2022-06-16 10:21:24,Hôpital Laquintinie,O-,43,6,0,37,4.2,1,57.4,attention,Urgent: vérifier température stockage,3,10,6,False,False,normal,orageux
2022-06-16 13:47:22,Hôpital Laquintinie,AB+,59,7,26,78,3.7,18,100.0,normale,Parfait pour transfusion immédiate,3,13,6,False,False,normal,ensoleillé
2022-06-16 15:52:57,Hôpital Laquintinie,O-,48,17,15,46,4.9,1,65.2,attention,Contrôle bactériologique négatif,3,15,6,False,False,normal,pluvieux
2022-06-16 18:35:53,Hôpital Laquintinie,AB-,30,9,0,21,3.7,18,95.6,normale,"Excellent état, conservation parfaite",3,18,6,False,False,accident_route,pluvieux
2022-06-16 20:05:22,Hôpital Laquintinie,O+,42,10,27,59,3.6,4,83.9,normale,Urgent: vérifier température stockage,3,20,6,False,False,normal,pluvieux
2022-06-17 02:22:03,Hôpital Laquintinie,O+,18,6,17,29,4.2,35,100.0,normale,"Excellent état, conservation parfaite",4,2,6,False,False,normal,ensoleillé
2022-06-17 02:34:57,Hôpital Laquintinie,AB+,23,10,0,13,3.6,16,96.3,faible,Contrôle bactériologique négatif,4,2,6,False,False,normal,pluvieux
2022-06-17 21:08:21,Hôpital Laquintinie,A+,53,8,0,45,4.4,5,98.6,normale,Contrôle bactériologique négatif,4,21,6,False,False,normal,pluvieux
2022-06-17 21:36:38,Hôpital Laquintinie,O+,71,8,0,63,4.0,14,92.8,normale,Attention: proche expiration,4,21,6,False,False,normal,ensoleillé
2022-06-18 01:42:07,Hôpital Laquintinie,A+,13,7,0,6,4.1,7,92.9,critique,URGENT: Stock critique - Contrôle bactériologique négatif,5,1,6,True,False,normal,pluvieux
2022-06-18 05:35:38,Hôpital Laquintinie,A+,16,2,0,14,4.1,10,98.0,faible,Hémoglobine dans les normes,5,5,6,True,False,normal,pluvieux
2022-06-18 19:33:32,Hôpital Laquintinie,O+,40,4,0,36,4.5,6,100.0,normale,Attention: proche expiration,5,19,6,True,False,normal,ensoleillé
2022-06-19 07:09:12,Hôpital Laquintinie,B+,32,6,0,26,3.7,8,100.0,normale,"État satisfaisant, contrôle qualité OK",6,7,6,True,False,normal,ensoleillé
2022-06-19 15:29:15,Hôpital Laquintinie,A+,51,3,27,75,4.2,5,100.0,normale,Attention: proche expiration,6,15,6,True,False,normal,pluvieux
2022-06-19 21:13:48,Hôpital Laquintinie,O-,28,6,0,22,3.5,21,97.7,normale,"État satisfaisant, contrôle qualité OK",6,21,6,True,False,normal,nuageux
2022-06-19 22:53:39,Hôpital Laquintinie,A+,23,6,0,17,3.8,13,88.9,faible,Parfait pour transfusion immédiate,6,22,6,True,False,normal,ensoleillé
2022-06-19 23:05:02,Hôpital Laquintinie,O+,6,7,0,0,4.8,1,59.1,critique,"URGENT: Stock critique - Excellent état, conservation parfaite",6,23,6,True,False,normal,nuageux
2022-06-20 04:51:11,Hôpital Laquintinie,O+,22,2,0,20,4.2,7,100.0,normale,Parfait pour transfusion immédiate,0,4,6,False,False,normal,pluvieux
2022-06-20 08:26:06,Hôpital Laquintinie,AB-,35,6,0,29,3.7,10,100.0,normale,"Bon état général, légère variation température",0,8,6,False,False,normal,pluvieux
2022-06-20 20:23:20,Hôpital Laquintinie,O+,76,5,0,71,3.8,27,97.1,normale,Hémoglobine dans les normes,0,20,6,False,False,normal,pluvieux
2022-06-21 01:08:58,Hôpital Laquintinie,O+,21,8,0,13,4.1,8,100.0,faible,Attention: proche expiration,1,1,6,False,False,normal,orageux
2022-06-21 08:08:27,Hôpital Laquintinie,AB+,50,10,14,54,4.2,17,93.9,normale,Attention: proche expiration,1,8,6,False,False,normal,ensoleillé
2022-06-21 11:47:09,Hôpital Laquintinie,O+,56,10,0,46,3.9,1,60.8,attention,Contrôle bactériologique négatif,1,11,6,False,False,normal,ensoleillé
2022-06-21 20:50:53,Hôpital Laquintinie,O+,54,11,0,43,4.1,2,89.2,normale,"État satisfaisant, contrôle qualité OK",1,20,6,False,False,normal,pluvieux
2022-06-22 10:24:00,Hôpital Laquintinie,O+,75,10,0,65,4.1,2,94.2,normale,Contrôle bactériologique négatif,2,10,6,False,False,normal,nuageux
2022-06-22 12:06:34,Hôpital Laquintinie,O+,39,5,28,62,3.5,7,100.0,normale,Attention: proche expiration,2,12,6,False,False,normal,ensoleillé
2022-06-22 17:03:02,Hôpital Laquintinie,B+,49,10,0,39,2.7,23,100.0,normale,Attention: proche expiration,2,17,6,False,False,normal,ensoleillé
2022-06-22 18:27:54,Hôpital Laquintinie,A+,82,8,15,89,4.0,24,100.0,normale,"Bon état général, légère variation température",2,18,6,False,False,accident_route,ensoleillé
2022-06-22 20:42:40,Hôpital Laquintinie,O+,52,7,0,45,4.2,1,62.0,attention,Urgent: vérifier température stockage,2,20,6,False,False,normal,nuageux
2022-06-22 23:33:01,Hôpital Laquintinie,B-,33,6,0,27,3.9,7,95.9,normale,"État satisfaisant, contrôle qualité OK",2,23,6,False,False,normal,orageux
2022-06-23 19:22:32,Hôpital Laquintinie,A+,73,3,0,70,3.8,1,59.2,attention,Contrôle bactériologique négatif,3,19,6,False,False,normal,ensoleillé
2022-06-24 05:23:33,Hôpital Laquintinie,O+,32,10,0,22,4.1,25,96.0,normale,"État satisfaisant, contrôle qualité OK",4,5,6,False,False,normal,orageux
2022-06-24 09:42:21,Hôpital Laquintinie,O-,82,10,28,100,3.1,87,100.0,normale,Hémoglobine dans les normes,4,9,6,False,False,normal,ensoleillé
2022-06-24 12:43:25,Hôpital Laquintinie,B-,57,6,0,51,3.5,28,100.0,normale,"Excellent état, conservation parfaite",4,12,6,False,False,normal,orageux
2022-06-25 00:43:36,Hôpital Laquintinie,A+,15,3,0,12,3.9,7,100.0,faible,"État satisfaisant, contrôle qualité OK",5,0,6,True,False,normal,nuageux
2022-06-25 05:09:58,Hôpital Laquintinie,O+,14,5,0,9,4.0,30,100.0,critique,URGENT: Stock critique - Hémoglobine dans les normes,5,5,6,True,False,normal,nuageux
2022-06-25 10:05:25,Hôpital Laquintinie,A+,36,6,0,30,4.1,14,97.3,normale,Parfait pour transfusion immédiate,5,10,6,True,False,normal,nuageux
2022-06-25 10:49:11,Hôpital Laquintinie,O+,28,4,0,24,3.6,8,100.0,normale,Hémoglobine dans les normes,5,10,6,True,False,normal,ensoleillé
2022-06-25 18:02:08,Hôpital Laquintinie,O+,48,4,0,44,4.0,15,98.9,normale,"Bon état général, légère variation température",5,18,6,True,False,normal,nuageux
2022-06-26 16:35:36,Hôpital Laquintinie,A+,41,5,0,36,4.8,20,100.0,normale,"État satisfaisant, contrôle qualité OK",6,16,6,True,False,accident_route,ensoleillé
2022-06-26 17:08:42,Hôpital Laquintinie,O-,55,4,18,69,4.8,10,97.8,normale,Hémoglobine dans les normes,6,17,6,True,False,normal,nuageux
2022-06-26 17:42:47,Hôpital Laquintinie,O+,24,9,19,34,4.5,18,100.0,normale,"Bon état général, légère variation température",6,17,6,True,False,normal,ensoleillé
2022-06-27 11:25:44,Hôpital Laquintinie,O-,75,8,0,67,4.4,3,87.3,normale,Contrôle bactériologique négatif,0,11,6,False,False,normal,pluvieux
2022-06-27 21:45:55,Hôpital Laquintinie,A+,47,10,0,37,4.5,86,100.0,normale,Hémoglobine dans les normes,0,21,6,False,False,normal,ensoleillé
2022-06-28 11:09:28,Hôpital Laquintinie,O+,55,10,13,58,3.7,8,100.0,normale,Urgent: vérifier température stockage,1,11,6,False,False,normal,ensoleillé
2022-06-29 01:32:26,Hôpital Laquintinie,A+,31,12,0,19,3.7,42,100.0,faible,Urgent: vérifier température stockage,2,1,6,False,False,normal,pluvieux
2022-06-29 08:31:07,Hôpital Laquintinie,B+,76,9,0,67,3.2,22,100.0,normale,Contrôle bactériologique négatif,2,8,6,False,False,normal,pluvieux
2022-06-30 02:06:02,Hôpital Laquintinie,A+,22,8,0,14,3.1,13,95.6,faible,Urgent: vérifier température stockage,3,2,6,False,False,normal,orageux
2022-06-30 08:11:46,Hôpital Laquintinie,A-,81,9,0,72,3.3,9,95.1,normale,Parfait pour transfusion immédiate,3,8,6,False,False,normal,ensoleillé
2022-06-30 21:00:16,Hôpital Laquintinie,A+,61,7,0,54,3.3,1,61.7,attention,Attention: proche expiration,3,21,6,False,False,normal,ensoleillé
2022-06-30 23:24:36,Hôpital Laquintinie,O-,33,2,13,44,4.6,10,98.5,normale,Hémoglobine dans les normes,3,23,6,False,False,normal,orageux
2022-07-01 21:05:13,Hôpital Laquintinie,B-,21,8,0,13,4.5,18,96.9,faible,"Bon état général, légère variation température",4,21,7,False,True,normal,pluvieux
2022-07-02 10:07:59,Hôpital Laquintinie,A+,29,11,18,36,3.7,41,96.5,normale,Contrôle bactériologique négatif,5,10,7,True,True,normal,nuageux
2022-07-02 18:18:24,Hôpital Laquintinie,O+,38,5,0,33,4.1,30,93.1,normale,"Bon état général, légère variation température",5,18,7,True,True,normal,ensoleillé
2022-07-03 00:41:08,Hôpital Laquintinie,A+,25,6,0,19,4.5,4,83.8,faible,"Bon état général, légère variation température",6,0,7,True,True,normal,nuageux
2022-07-03 03:13:18,Hôpital Laquintinie,O+,35,6,17,46,3.5,51,94.2,normale,Urgent: vérifier température stockage,6,3,7,True,True,normal,ensoleillé
2022-07-03 21:20:21,Hôpital Laquintinie,O+,51,7,0,44,4.0,12,100.0,normale,"État satisfaisant, contrôle qualité OK",6,21,7,True,True,normal,nuageux
2022-07-03 21:44:42,Hôpital Laquintinie,B+,40,4,0,36,4.3,33,100.0,normale,Attention: proche expiration,6,21,7,True,True,normal,orageux
2022-07-04 05:50:05,Hôpital Laquintinie,A+,24,7,0,17,4.1,7,98.7,faible,Urgent: vérifier température stockage,0,5,7,False,True,normal,pluvieux
2022-07-04 19:21:59,Hôpital Laquintinie,O+,94,3,0,91,4.6,5,99.1,normale,Attention: proche expiration,0,19,7,False,True,normal,ensoleillé
2022-07-04 19:39:42,Hôpital Laquintinie,A-,51,7,0,44,4.1,3,95.7,normale,"Bon état général, légère variation température",0,19,7,False,True,normal,nuageux
2022-07-05 05:39:11,Hôpital Laquintinie,AB-,20,6,0,14,4.3,14,100.0,faible,"Bon état général, légère variation température",1,5,7,False,True,normal,pluvieux
2022-07-05 07:21:56,Hôpital Laquintinie,B+,71,17,0,54,3.9,11,94.1,normale,Attention: proche expiration,1,7,7,False,True,normal,nuageux
2022-07-05 13:03:39,Hôpital Laquintinie,A+,58,17,0,41,4.3,66,100.0,normale,Urgent: vérifier température stockage,1,13,7,False,True,normal,ensoleillé
2022-07-05 16:26:45,Hôpital Laquintinie,AB+,29,7,20,42,3.4,4,81.6,normale,"État satisfaisant, contrôle qualité OK",1,16,7,False,True,normal,ensoleillé
2022-07-05 20:49:40,Hôpital Laquintinie,O+,41,4,0,37,4.3,24,100.0,normale,Hémoglobine dans les normes,1,20,7,False,True,normal,orageux
2022-07-05 21:27:08,Hôpital Laquintinie,O-,52,14,25,63,3.5,3,79.6,normale,Attention: proche expiration,1,21,7,False,True,normal,nuageux
2022-07-06 16:39:00,Hôpital Laquintinie,A+,29,13,0,16,4.3,2,93.1,faible,Urgent: vérifier température stockage,2,16,7,False,True,normal,orageux
2022-07-06 16:53:42,Hôpital Laquintinie,A+,50,4,0,46,4.7,21,100.0,normale,"État satisfaisant, contrôle qualité OK",2,16,7,False,True,normal,nuageux
2022-07-06 19:27:33,Hôpital Laquintinie,A-,69,10,0,59,4.3,16,100.0,normale,Parfait pour transfusion immédiate,2,19,7,False,True,normal,ensoleillé
2022-07-06 23:23:37,Hôpital Laquintinie,O+,25,13,17,29,4.2,6,100.0,normale,Urgent: vérifier température stockage,2,23,7,False,True,normal,pluvieux
2022-07-07 03:58:21,Hôpital Laquintinie,A-,27,12,0,15,4.1,7,95.1,faible,Parfait pour transfusion immédiate,3,3,7,False,True,normal,nuageux
2022-07-07 11:12:10,Hôpital Laquintinie,AB+,37,6,0,31,3.8,25,98.8,normale,"Excellent état, conservation parfaite",3,11,7,False,True,normal,pluvieux
2022-07-07 18:19:13,Hôpital Laquintinie,A+,59,9,0,50,4.3,7,91.2,normale,"Bon état général, légère variation température",3,18,7,False,True,normal,ensoleillé
2022-07-07 22:03:10,Hôpital Laquintinie,B-,104,9,0,95,4.3,9,94.7,normale,"Excellent état, conservation parfaite",3,22,7,False,True,normal,ensoleillé
2022-07-08 00:15:37,Hôpital Laquintinie,A+,30,9,25,46,4.6,15,95.9,normale,Attention: proche expiration,4,0,7,False,True,normal,nuageux
2022-07-08 19:30:49,Hôpital Laquintinie,A+,75,6,15,84,4.1,1,59.7,attention,"Excellent état, conservation parfaite",4,19,7,False,True,normal,ensoleillé
2022-07-08 22:56:31,Hôpital Laquintinie,O+,61,15,28,74,4.3,14,93.1,normale,Hémoglobine dans les normes,4,22,7,False,True,urgence_médicale,pluvieux
2022-07-09 06:43:50,Hôpital Laquintinie,O+,59,11,0,48,4.0,3,89.3,normale,"Excellent état, conservation parfaite",5,6,7,True,True,normal,ensoleillé
2022-07-09 07:28:24,Hôpital Laquintinie,A+,61,4,0,57,4.1,4,80.5,normale,"État satisfaisant, contrôle qualité OK",5,7,7,True,True,normal,ensoleillé
2022-07-09 10:52:00,Hôpital Laquintinie,A-,69,5,28,92,2.9,15,100.0,normale,Contrôle bactériologique négatif,5,10,7,True,True,normal,pluvieux
2022-07-10 01:47:02,Hôpital Laquintinie,A+,13,5,0,8,3.8,48,93.8,critique,URGENT: Stock critique - Contrôle bactériologique négatif,6,1,7,True,True,normal,ensoleillé
2022-07-10 04:51:18,Hôpital Laquintinie,B+,19,10,15,24,3.7,13,99.0,normale,"Excellent état, conservation parfaite",6,4,7,True,True,normal,pluvieux
2022-07-10 09:29:46,Hôpital Laquintinie,A-,58,5,0,53,4.2,10,94.6,normale,"Bon état général, légère variation température",6,9,7,True,True,normal,pluvieux
2022-07-10 18:03:58,Hôpital Laquintinie,O+,6,5,17,18,4.7,1,53.3,faible,Hémoglobine dans les normes,6,18,7,True,True,normal,ensoleillé
2022-07-10 20:35:00,Hôpital Laquintinie,A+,49,11,19,57,4.7,33,97.9,normale,Attention: proche expiration,6,20,7,True,True,normal,pluvieux
2022-07-11 06:21:18,Hôpital Laquintinie,A+,53,8,0,45,4.3,11,92.5,normale,Parfait pour transfusion immédiate,0,6,7,False,True,normal,pluvieux
2022-07-11 13:28:11,Hôpital Laquintinie,O+,77,14,0,63,3.9,1,57.4,attention,"Bon état général, légère variation température",0,13,7,False,True,normal,pluvieux
2022-07-12 06:19:26,Hôpital Laquintinie,A-,17,11,23,29,4.1,17,96.7,normale,Urgent: vérifier température stockage,1,6,7,False,True,normal,orageux
2022-07-12 18:10:07,Hôpital Laquintinie,B+,69,10,0,59,4.3,5,100.0,normale,Attention: proche expiration,1,18,7,False,True,normal,ensoleillé
2022-07-13 01:48:39,Hôpital Laquintinie,O+,32,3,22,51,3.4,1,61.6,attention,Urgent: vérifier température stockage,2,1,7,False,True,normal,pluvieux
2022-07-13 19:46:43,Hôpital Laquintinie,B+,67,11,0,56,3.8,13,100.0,normale,Urgent: vérifier température stockage,2,19,7,False,True,normal,ensoleillé
2022-07-13 22:39:36,Hôpital Laquintinie,B+,62,5,0,57,3.6,1,52.8,attention,"État satisfaisant, contrôle qualité OK",2,22,7,False,True,normal,pluvieux
2022-07-14 01:35:26,Hôpital Laquintinie,B+,36,9,15,42,4.0,2,82.0,normale,Urgent: vérifier température stockage,3,1,7,False,True,normal,nuageux
2022-07-14 04:23:51,Hôpital Laquintinie,O+,30,11,0,19,3.5,2,77.4,faible,Parfait pour transfusion immédiate,3,4,7,False,True,normal,ensoleillé
2022-07-14 05:52:18,Hôpital Laquintinie,A+,44,7,0,37,3.9,17,100.0,normale,Attention: proche expiration,3,5,7,False,True,normal,ensoleillé
2022-07-14 11:11:45,Hôpital Laquintinie,A+,27,2,0,25,3.7,2,91.3,normale,"Excellent état, conservation parfaite",3,11,7,False,True,normal,ensoleillé
2022-07-14 15:37:17,Hôpital Laquintinie,O+,56,3,0,53,3.1,1,54.5,attention,Parfait pour transfusion immédiate,3,15,7,False,True,normal,orageux
2022-07-14 16:01:19,Hôpital Laquintinie,AB-,78,5,0,73,3.7,1,50.9,attention,"État satisfaisant, contrôle qualité OK",3,16,7,False,True,normal,pluvieux
2022-07-15 01:14:21,Hôpital Laquintinie,O+,22,12,0,10,4.3,61,91.4,faible,Parfait pour transfusion immédiate,4,1,7,False,True,normal,ensoleillé
2022-07-15 03:54:54,Hôpital Laquintinie,A+,27,9,0,18,4.1,1,59.8,faible,Urgent: vérifier température stockage,4,3,7,False,True,normal,ensoleillé
2022-07-15 11:02:24,Hôpital Laquintinie,O-,42,9,0,33,3.1,10,100.0,normale,Attention: proche expiration,4,11,7,False,True,normal,ensoleillé
2022-07-16 06:19:40,Hôpital Laquintinie,O+,23,7,0,16,4.9,27,97.6,faible,Parfait pour transfusion immédiate,5,6,7,True,True,normal,ensoleillé
2022-07-16 18:06:39,Hôpital Laquintinie,O+,46,10,0,36,4.3,9,100.0,normale,"Bon état général, légère variation température",5,18,7,True,True,normal,ensoleillé
2022-07-17 02:45:29,Hôpital Laquintinie,A+,26,7,0,19,2.9,14,98.2,faible,Hémoglobine dans les normes,6,2,7,True,True,normal,nuageux
2022-07-17 12:17:46,Hôpital Laquintinie,O+,32,7,0,25,3.9,45,94.3,normale,"État satisfaisant, contrôle qualité OK",6,12,7,True,True,normal,pluvieux
2022-07-17 20:22:18,Hôpital Laquintinie,O-,63,3,0,60,3.9,19,100.0,normale,Contrôle bactériologique négatif,6,20,7,True,True,normal,orageux
2022-07-18 01:50:44,Hôpital Laquintinie,O+,29,14,0,15,5.3,3,80.6,faible,Contrôle bactériologique négatif,0,1,7,False,True,normal,ensoleillé
2022-07-20 21:32:50,Hôpital Laquintinie,B+,88,8,0,80,3.5,4,81.4,normale,Parfait pour transfusion immédiate,2,21,7,False,True,normal,pluvieux
2022-07-20 21:44:04,Hôpital Laquintinie,O-,71,7,0,64,3.6,12,100.0,normale,"Bon état général, légère variation température",2,21,7,False,True,normal,ensoleillé
2022-07-21 00:45:59,Hôpital Laquintinie,O+,23,3,0,20,3.8,1,64.0,attention,"Bon état général, légère variation température",3,0,7,False,True,normal,ensoleillé
2022-07-21 04:02:24,Hôpital Laquintinie,A+,20,12,0,8,4.0,9,100.0,critique,URGENT: Stock critique - Attention: proche expiration,3,4,7,False,True,normal,ensoleillé
2022-07-22 07:00:43,Hôpital Laquintinie,A+,49,8,0,41,4.4,22,99.1,normale,Contrôle bactériologique négatif,4,7,7,False,True,normal,orageux
2022-07-22 20:07:52,Hôpital Laquintinie,A+,66,12,0,54,3.5,2,85.2,normale,Parfait pour transfusion immédiate,4,20,7,False,True,normal,nuageux
2022-07-24 05:44:12,Hôpital Laquintinie,A+,25,5,0,20,4.8,2,81.1,normale,Urgent: vérifier température stockage,6,5,7,True,True,normal,ensoleillé
2022-07-24 08:23:25,Hôpital Laquintinie,B+,48,7,14,55,4.9,5,97.7,normale,Hémoglobine dans les normes,6,8,7,True,True,normal,orageux
2022-07-24 11:02:58,Hôpital Laquintinie,O+,50,6,0,44,4.0,21,95.9,normale,Contrôle bactériologique négatif,6,11,7,True,True,normal,nuageux
2022-07-25 01:00:59,Hôpital Laquintinie,O+,31,8,0,23,4.0,3,92.6,normale,"Bon état général, légère variation température",0,1,7,False,True,normal,pluvieux
2022-07-25 03:38:50,Hôpital Laquintinie,O+,26,8,0,18,4.1,11,100.0,faible,Parfait pour transfusion immédiate,0,3,7,False,True,normal,ensoleillé
2022-07-25 05:46:59,Hôpital Laquintinie,O+,27,6,0,21,4.7,71,88.9,normale,Contrôle bactériologique négatif,0,5,7,False,True,normal,nuageux
2022-07-25 10:07:55,Hôpital Laquintinie,A+,47,14,0,33,3.9,25,100.0,normale,Parfait pour transfusion immédiate,0,10,7,False,True,normal,nuageux
2022-07-25 19:44:15,Hôpital Laquintinie,A+,42,15,0,27,4.3,11,100.0,normale,Urgent: vérifier température stockage,0,19,7,False,True,campagne_don,orageux
2022-07-25 20:06:20,Hôpital Laquintinie,A+,49,2,0,47,4.6,44,100.0,normale,Hémoglobine dans les normes,0,20,7,False,True,normal,pluvieux
2022-07-26 00:53:37,Hôpital Laquintinie,O+,28,12,0,16,3.9,1,60.7,faible,Parfait pour transfusion immédiate,1,0,7,False,True,normal,pluvieux
2022-07-26 03:30:53,Hôpital Laquintinie,O+,19,8,0,11,4.1,23,97.1,faible,Attention: proche expiration,1,3,7,False,True,normal,ensoleillé
2022-07-27 00:25:24,Hôpital Laquintinie,O+,49,8,0,41,4.1,19,100.0,normale,"État satisfaisant, contrôle qualité OK",2,0,7,False,True,normal,nuageux
2022-07-27 05:58:55,Hôpital Laquintinie,A+,19,4,0,15,4.0,18,89.4,faible,Parfait pour transfusion immédiate,2,5,7,False,True,normal,nuageux
2022-07-27 15:38:09,Hôpital Laquintinie,O+,69,15,0,54,4.7,1,69.5,attention,Urgent: vérifier température stockage,2,15,7,False,True,normal,pluvieux
2022-07-27 17:35:13,Hôpital Laquintinie,A+,45,10,0,35,4.1,5,100.0,normale,"Excellent état, conservation parfaite",2,17,7,False,True,normal,pluvieux
2022-07-28 13:53:22,Hôpital Laquintinie,B+,55,13,0,42,4.4,3,90.9,normale,Contrôle bactériologique négatif,3,13,7,False,True,normal,pluvieux
2022-07-29 02:09:39,Hôpital Laquintinie,A+,25,18,0,7,3.4,3,81.0,critique,URGENT: Stock critique - Attention: proche expiration,4,2,7,False,True,normal,pluvieux
2022-07-29 23:14:38,Hôpital Laquintinie,O+,32,8,0,24,3.8,1,59.7,attention,Urgent: vérifier température stockage,4,23,7,False,True,normal,ensoleillé
2022-07-30 01:17:11,Hôpital Laquintinie,O+,26,5,0,21,3.5,8,100.0,normale,"État satisfaisant, contrôle qualité OK",5,1,7,True,True,normal,pluvieux
2022-07-30 12:46:38,Hôpital Laquintinie,O+,35,4,0,31,4.5,25,94.5,normale,"Bon état général, légère variation température",5,12,7,True,True,campagne_don,orageux
2022-07-30 16:25:51,Hôpital Laquintinie,O+,44,4,0,40,3.8,14,96.1,normale,Parfait pour transfusion immédiate,5,16,7,True,True,normal,orageux
2022-07-30 17:03:10,Hôpital Laquintinie,O+,57,7,0,50,4.3,1,57.6,attention,Parfait pour transfusion immédiate,5,17,7,True,True,normal,ensoleillé
2022-07-31 14:10:22,Hôpital Laquintinie,AB-,47,9,22,60,4.5,1,66.4,attention,Parfait pour transfusion immédiate,6,14,7,True,True,normal,ensoleillé
2022-07-31 23:52:58,Hôpital Laquintinie,B+,23,5,0,18,4.5,47,99.0,faible,Hémoglobine dans les normes,6,23,7,True,True,normal,ensoleillé
2022-08-01 04:11:56,Hôpital Laquintinie,O+,30,9,0,21,3.9,19,98.7,normale,"Bon état général, légère variation température",0,4,8,False,True,accident_route,pluvieux
2022-08-01 09:37:04,Hôpital Laquintinie,O+,43,10,16,49,3.4,13,100.0,normale,Parfait pour transfusion immédiate,0,9,8,False,True,normal,nuageux
2022-08-01 17:44:32,Hôpital Laquintinie,A+,61,2,14,73,3.7,18,96.1,normale,Parfait pour transfusion immédiate,0,17,8,False,True,normal,pluvieux
2022-08-02 04:08:17,Hôpital Laquintinie,O-,20,10,0,10,3.1,3,80.3,faible,Urgent: vérifier température stockage,1,4,8,False,True,normal,pluvieux
2022-08-02 14:40:11,Hôpital Laquintinie,A+,8,7,16,17,4.1,16,92.7,faible,Parfait pour transfusion immédiate,1,14,8,False,True,épidémie,nuageux
2022-08-02 22:05:30,Hôpital Laquintinie,A+,47,9,0,38,4.4,1,56.4,attention,Attention: proche expiration,1,22,8,False,True,normal,ensoleillé
2022-08-03 06:44:37,Hôpital Laquintinie,A+,65,12,0,53,4.2,15,100.0,normale,"État satisfaisant, contrôle qualité OK",2,6,8,False,True,normal,pluvieux
2022-08-03 10:52:40,Hôpital Laquintinie,O+,97,12,12,97,3.1,24,100.0,normale,"État satisfaisant, contrôle qualité OK",2,10,8,False,True,normal,nuageux
2022-08-04 01:30:33,Hôpital Laquintinie,A+,30,7,0,23,3.5,1,51.4,attention,"Excellent état, conservation parfaite",3,1,8,False,True,normal,pluvieux
2022-08-04 10:39:25,Hôpital Laquintinie,A+,75,9,0,66,4.2,1,56.5,attention,Attention: proche expiration,3,10,8,False,True,accident_route,orageux
2022-08-04 19:28:37,Hôpital Laquintinie,A+,92,10,0,82,3.6,20,100.0,normale,Attention: proche expiration,3,19,8,False,True,normal,pluvieux
2022-08-05 01:12:51,Hôpital Laquintinie,B+,26,4,0,22,3.9,7,100.0,normale,Parfait pour transfusion immédiate,4,1,8,False,True,normal,pluvieux
2022-08-05 07:11:32,Hôpital Laquintinie,A+,43,10,22,55,4.5,22,97.8,normale,Contrôle bactériologique négatif,4,7,8,False,True,normal,orageux
2022-08-05 11:09:13,Hôpital Laquintinie,A+,82,13,0,69,4.5,57,98.0,normale,Hémoglobine dans les normes,4,11,8,False,True,normal,pluvieux
2022-08-05 19:16:01,Hôpital Laquintinie,A-,35,5,0,30,3.2,33,98.1,normale,Parfait pour transfusion immédiate,4,19,8,False,True,normal,pluvieux
2022-08-05 20:07:20,Hôpital Laquintinie,A+,29,3,0,26,3.9,15,100.0,normale,Attention: proche expiration,4,20,8,False,True,normal,orageux
2022-08-06 00:46:23,Hôpital Laquintinie,A+,21,8,22,35,3.4,13,96.9,normale,"Bon état général, légère variation température",5,0,8,True,True,normal,ensoleillé
2022-08-06 04:40:20,Hôpital Laquintinie,O-,26,5,0,21,3.4,9,92.4,normale,Contrôle bactériologique négatif,5,4,8,True,True,normal,ensoleillé
2022-08-06 16:32:54,Hôpital Laquintinie,O+,32,6,0,26,3.3,1,57.6,attention,Contrôle bactériologique négatif,5,16,8,True,True,normal,ensoleillé
2022-08-06 18:02:25,Hôpital Laquintinie,A+,63,8,25,80,3.6,3,90.3,normale,Urgent: vérifier température stockage,5,18,8,True,True,normal,ensoleillé
2022-08-06 18:31:54,Hôpital Laquintinie,A+,37,6,0,31,4.5,15,93.5,normale,"Bon état général, légère variation température",5,18,8,True,True,normal,pluvieux
2022-08-06 23:03:36,Hôpital Laquintinie,A+,25,5,0,20,3.8,7,100.0,normale,"Bon état général, légère variation température",5,23,8,True,True,normal,orageux
2022-08-07 07:48:16,Hôpital Laquintinie,A+,36,7,0,29,3.6,3,81.6,normale,Attention: proche expiration,6,7,8,True,True,normal,pluvieux
2022-08-07 17:54:08,Hôpital Laquintinie,B+,48,4,0,44,3.3,17,99.7,normale,"État satisfaisant, contrôle qualité OK",6,17,8,True,True,normal,ensoleillé
2022-08-07 20:36:20,Hôpital Laquintinie,O+,42,4,22,60,4.4,1,57.0,attention,Hémoglobine dans les normes,6,20,8,True,True,normal,ensoleillé
2022-08-08 14:15:08,Hôpital Laquintinie,A+,65,7,22,80,3.7,21,100.0,normale,Attention: proche expiration,0,14,8,False,True,normal,ensoleillé
2022-08-08 21:54:31,Hôpital Laquintinie,O+,55,12,23,66,4.2,18,96.1,normale,Urgent: vérifier température stockage,0,21,8,False,True,épidémie,ensoleillé
2022-08-09 01:02:21,Hôpital Laquintinie,O+,18,9,21,30,4.3,23,100.0,normale,Urgent: vérifier température stockage,1,1,8,False,True,normal,ensoleillé
2022-08-09 10:09:43,Hôpital Laquintinie,O+,81,2,0,79,4.6,20,100.0,normale,Parfait pour transfusion immédiate,1,10,8,False,True,normal,nuageux
2022-08-09 14:23:46,Hôpital Laquintinie,O+,81,12,0,69,3.9,17,98.2,normale,Hémoglobine dans les normes,1,14,8,False,True,normal,nuageux
2022-08-09 17:24:40,Hôpital Laquintinie,O+,61,9,0,52,3.6,13,97.3,normale,Parfait pour transfusion immédiate,1,17,8,False,True,normal,orageux
2022-08-09 21:15:55,Hôpital Laquintinie,O+,72,3,0,69,3.7,3,76.9,normale,Urgent: vérifier température stockage,1,21,8,False,True,normal,pluvieux
2022-08-10 02:16:02,Hôpital Laquintinie,O+,32,7,0,25,4.4,18,93.7,normale,"Excellent état, conservation parfaite",2,2,8,False,True,normal,pluvieux
2022-08-10 10:04:42,Hôpital Laquintinie,A+,51,8,0,43,3.5,9,100.0,normale,Urgent: vérifier température stockage,2,10,8,False,True,normal,orageux
2022-08-11 01:50:03,Hôpital Laquintinie,O+,16,7,28,37,3.6,27,100.0,normale,"Bon état général, légère variation température",3,1,8,False,True,normal,orageux
2022-08-11 02:05:01,Hôpital Laquintinie,O+,36,3,0,33,3.9,24,99.9,normale,Urgent: vérifier température stockage,3,2,8,False,True,normal,ensoleillé
2022-08-11 19:49:10,Hôpital Laquintinie,A+,86,15,0,71,3.5,5,100.0,normale,Contrôle bactériologique négatif,3,19,8,False,True,normal,nuageux
2022-08-12 02:38:08,Hôpital Laquintinie,O+,25,12,16,29,4.3,1,54.3,attention,Attention: proche expiration,4,2,8,False,True,normal,nuageux
2022-08-12 04:41:45,Hôpital Laquintinie,A+,31,10,0,21,4.5,4,76.6,normale,Parfait pour transfusion immédiate,4,4,8,False,True,normal,pluvieux
2022-08-12 09:49:05,Hôpital Laquintinie,B+,88,15,18,91,4.9,10,96.3,normale,"Excellent état, conservation parfaite",4,9,8,False,True,normal,ensoleillé
2022-08-12 17:15:08,Hôpital Laquintinie,A+,62,11,0,51,4.2,3,85.7,normale,Hémoglobine dans les normes,4,17,8,False,True,normal,ensoleillé
2022-08-13 16:15:41,Hôpital Laquintinie,A+,54,4,0,50,3.4,9,98.2,normale,Hémoglobine dans les normes,5,16,8,True,True,normal,ensoleillé
2022-08-13 22:26:51,Hôpital Laquintinie,O+,77,7,0,70,4.0,9,100.0,normale,Parfait pour transfusion immédiate,5,22,8,True,True,normal,ensoleillé
2022-08-14 03:18:40,Hôpital Laquintinie,O+,12,6,0,6,3.7,25,100.0,critique,"URGENT: Stock critique - État satisfaisant, contrôle qualité OK",6,3,8,True,True,normal,ensoleillé
2022-08-14 14:25:47,Hôpital Laquintinie,A+,47,10,0,37,4.0,24,97.5,normale,"Excellent état, conservation parfaite",6,14,8,True,True,normal,ensoleillé
2022-08-14 16:47:39,Hôpital Laquintinie,O+,49,7,0,42,4.3,8,93.2,normale,Hémoglobine dans les normes,6,16,8,True,True,normal,ensoleillé
2022-08-14 16:58:39,Hôpital Laquintinie,A-,48,8,0,40,4.6,1,58.0,attention,"Bon état général, légère variation température",6,16,8,True,True,normal,nuageux
2022-08-15 11:43:35,Hôpital Laquintinie,O+,34,4,0,30,4.4,1,63.5,attention,Contrôle bactériologique négatif,0,11,8,False,True,normal,ensoleillé
2022-08-15 14:40:26,Hôpital Laquintinie,O+,39,8,0,31,4.1,5,95.0,normale,Hémoglobine dans les normes,0,14,8,False,True,normal,ensoleillé
2022-08-15 16:25:44,Hôpital Laquintinie,B+,85,8,0,77,4.1,23,99.4,normale,Contrôle bactériologique négatif,0,16,8,False,True,normal,pluvieux
2022-08-16 12:28:23,Hôpital Laquintinie,A-,57,10,0,47,3.1,16,100.0,normale,Attention: proche expiration,1,12,8,False,True,normal,ensoleillé
2022-08-16 22:09:57,Hôpital Laquintinie,O+,37,4,19,52,4.5,8,100.0,normale,"Excellent état, conservation parfaite",1,22,8,False,True,normal,nuageux
2022-08-17 04:31:54,Hôpital Laquintinie,O+,45,6,21,60,3.4,17,100.0,normale,"Excellent état, conservation parfaite",2,4,8,False,True,normal,pluvieux
2022-08-17 09:30:36,Hôpital Laquintinie,A+,20,13,0,7,4.1,15,90.4,critique,"URGENT: Stock critique - Bon état général, légère variation température",2,9,8,False,True,normal,nuageux
2022-08-17 18:11:59,Hôpital Laquintinie,A+,63,12,0,51,3.8,21,100.0,normale,Contrôle bactériologique négatif,2,18,8,False,True,normal,ensoleillé
2022-08-18 02:47:49,Hôpital Laquintinie,O-,48,6,0,42,4.2,11,93.5,normale,"Bon état général, légère variation température",3,2,8,False,True,normal,ensoleillé
2022-08-18 03:39:02,Hôpital Laquintinie,A+,33,7,17,43,4.4,4,89.5,normale,Contrôle bactériologique négatif,3,3,8,False,True,normal,orageux
2022-08-18 05:50:07,Hôpital Laquintinie,A+,39,5,0,34,4.1,3,86.6,normale,Urgent: vérifier température stockage,3,5,8,False,True,normal,nuageux
2022-08-18 17:55:59,Hôpital Laquintinie,B+,53,9,0,44,3.1,39,99.9,normale,"État satisfaisant, contrôle qualité OK",3,17,8,False,True,normal,pluvieux
2022-08-20 14:53:34,Hôpital Laquintinie,O+,23,8,0,15,4.3,1,57.9,faible,Attention: proche expiration,5,14,8,True,True,normal,ensoleillé
2022-08-20 19:59:40,Hôpital Laquintinie,A-,36,6,20,50,3.8,69,100.0,normale,Urgent: vérifier température stockage,5,19,8,True,True,normal,pluvieux
2022-08-20 20:25:39,Hôpital Laquintinie,O+,25,4,21,42,5.1,6,100.0,normale,Contrôle bactériologique négatif,5,20,8,True,True,normal,nuageux
2022-08-21 02:47:40,Hôpital Laquintinie,A+,15,6,17,26,3.9,5,97.6,normale,Urgent: vérifier température stockage,6,2,8,True,True,normal,ensoleillé
2022-08-21 10:07:56,Hôpital Laquintinie,AB+,18,7,0,11,4.0,6,100.0,faible,"Excellent état, conservation parfaite",6,10,8,True,True,normal,ensoleillé
2022-08-21 11:15:12,Hôpital Laquintinie,A+,44,8,0,36,4.1,5,95.3,normale,"État satisfaisant, contrôle qualité OK",6,11,8,True,True,normal,pluvieux
2022-08-21 17:08:41,Hôpital Laquintinie,O+,30,8,0,22,3.5,3,89.1,normale,"Bon état général, légère variation température",6,17,8,True,True,normal,orageux
2022-08-21 19:28:17,Hôpital Laquintinie,AB-,37,7,26,56,4.6,19,98.8,normale,"État satisfaisant, contrôle qualité OK",6,19,8,True,True,normal,pluvieux
2022-08-22 05:32:39,Hôpital Laquintinie,O-,23,10,0,13,4.1,7,100.0,faible,"État satisfaisant, contrôle qualité OK",0,5,8,False,True,normal,pluvieux
2022-08-22 08:31:10,Hôpital Laquintinie,A-,18,13,25,30,4.9,7,100.0,normale,Urgent: vérifier température stockage,0,8,8,False,True,normal,pluvieux
2022-08-22 09:21:41,Hôpital Laquintinie,B+,48,12,0,36,4.6,14,100.0,normale,Hémoglobine dans les normes,0,9,8,False,True,normal,ensoleillé
2022-08-23 05:54:31,Hôpital Laquintinie,A+,48,8,0,40,5.0,25,99.6,normale,Hémoglobine dans les normes,1,5,8,False,True,normal,nuageux
2022-08-23 09:17:48,Hôpital Laquintinie,O+,77,12,15,80,3.9,10,96.7,normale,Urgent: vérifier température stockage,1,9,8,False,True,normal,ensoleillé
2022-08-23 15:26:32,Hôpital Laquintinie,O+,38,13,0,25,4.2,4,74.4,normale,Urgent: vérifier température stockage,1,15,8,False,True,normal,pluvieux
2022-08-24 11:50:03,Hôpital Laquintinie,O+,59,9,0,50,3.7,1,60.8,attention,"Bon état général, légère variation température",2,11,8,False,True,normal,ensoleillé
2022-08-24 12:38:17,Hôpital Laquintinie,A+,95,13,0,82,4.0,28,99.2,normale,Urgent: vérifier température stockage,2,12,8,False,True,normal,pluvieux
2022-08-25 01:22:28,Hôpital Laquintinie,O+,24,3,23,44,4.1,5,96.4,normale,"Bon état général, légère variation température",3,1,8,False,True,normal,pluvieux
2022-08-25 04:40:14,Hôpital Laquintinie,A+,29,7,0,22,4.0,5,95.7,normale,Attention: proche expiration,3,4,8,False,True,normal,pluvieux
2022-08-25 06:58:41,Hôpital Laquintinie,A-,60,10,0,50,4.4,1,62.9,attention,"Bon état général, légère variation température",3,6,8,False,True,normal,pluvieux
2022-08-25 09:46:01,Hôpital Laquintinie,O+,64,14,0,50,4.1,1,58.0,attention,Hémoglobine dans les normes,3,9,8,False,True,normal,nuageux
2022-08-25 15:43:34,Hôpital Laquintinie,O+,63,11,22,74,3.9,1,59.4,attention,"Excellent état, conservation parfaite",3,15,8,False,True,normal,ensoleillé
2022-08-25 17:34:27,Hôpital Laquintinie,O+,53,8,0,45,3.6,2,83.9,normale,"Excellent état, conservation parfaite",3,17,8,False,True,normal,ensoleillé
2022-08-26 01:10:12,Hôpital Laquintinie,A+,35,9,0,26,4.1,48,94.2,normale,"Bon état général, légère variation température",4,1,8,False,True,normal,ensoleillé
2022-08-26 10:12:14,Hôpital Laquintinie,O+,54,10,0,44,4.5,5,100.0,normale,Contrôle bactériologique négatif,4,10,8,False,True,normal,ensoleillé
2022-08-27 01:29:48,Hôpital Laquintinie,O+,26,5,17,38,3.9,1,71.2,normale,Urgent: vérifier température stockage,5,1,8,True,True,normal,pluvieux
2022-08-28 07:04:06,Hôpital Laquintinie,O+,46,7,0,39,4.5,11,98.9,normale,Hémoglobine dans les normes,6,7,8,True,True,épidémie,ensoleillé
2022-08-28 11:16:20,Hôpital Laquintinie,O+,49,7,0,42,3.9,14,98.9,normale,"Bon état général, légère variation température",6,11,8,True,True,normal,nuageux
2022-08-28 13:24:29,Hôpital Laquintinie,A+,52,3,24,73,3.5,100,96.7,normale,"Bon état général, légère variation température",6,13,8,True,True,normal,ensoleillé
2022-08-28 15:36:41,Hôpital Laquintinie,O+,32,6,0,26,4.8,25,100.0,normale,Parfait pour transfusion immédiate,6,15,8,True,True,normal,nuageux
2022-08-29 00:08:51,Hôpital Laquintinie,A+,29,5,0,24,3.4,17,100.0,normale,Hémoglobine dans les normes,0,0,8,False,True,normal,orageux
2022-08-29 09:50:21,Hôpital Laquintinie,A+,70,9,0,61,5.0,3,81.1,normale,"État satisfaisant, contrôle qualité OK",0,9,8,False,True,normal,nuageux
2022-08-29 11:01:28,Hôpital Laquintinie,O-,75,10,18,83,3.3,36,96.6,normale,Hémoglobine dans les normes,0,11,8,False,True,normal,nuageux
2022-08-29 21:58:42,Hôpital Laquintinie,O+,75,12,23,86,4.0,22,96.5,normale,Parfait pour transfusion immédiate,0,21,8,False,True,normal,nuageux
2022-08-30 02:07:13,Hôpital Laquintinie,B+,24,8,0,16,4.5,16,100.0,faible,Parfait pour transfusion immédiate,1,2,8,False,True,normal,ensoleillé
2022-08-30 04:53:44,Hôpital Laquintinie,O+,37,8,0,29,4.9,15,97.5,normale,Parfait pour transfusion immédiate,1,4,8,False,True,épidémie,pluvieux
2022-08-30 13:02:56,Hôpital Laquintinie,O-,69,12,0,57,3.7,4,81.4,normale,Parfait pour transfusion immédiate,1,13,8,False,True,normal,pluvieux
2022-08-30 20:29:54,Hôpital Laquintinie,O+,63,9,0,54,4.5,45,100.0,normale,Hémoglobine dans les normes,1,20,8,False,True,normal,nuageux
2022-08-31 00:09:01,Hôpital Laquintinie,O+,46,16,11,41,4.1,22,92.8,normale,Contrôle bactériologique négatif,2,0,8,False,True,normal,nuageux
2022-08-31 10:08:24,Hôpital Laquintinie,O+,45,7,0,38,3.7,1,62.8,attention,Hémoglobine dans les normes,2,10,8,False,True,normal,orageux
2022-08-31 15:14:12,Hôpital Laquintinie,O+,52,15,24,61,4.4,6,99.8,normale,Hémoglobine dans les normes,2,15,8,False,True,normal,nuageux
2022-08-31 17:51:41,Hôpital Laquintinie,A+,53,0,0,53,5.0,3,72.5,normale,"État satisfaisant, contrôle qualité OK",2,17,8,False,True,normal,pluvieux
2022-09-01 06:44:48,Hôpital Laquintinie,O-,77,6,0,71,3.7,9,100.0,normale,Contrôle bactériologique négatif,3,6,9,False,False,normal,ensoleillé
2022-09-01 07:46:22,Hôpital Laquintinie,O-,49,7,0,42,3.9,34,100.0,normale,"Bon état général, légère variation température",3,7,9,False,False,normal,ensoleillé
2022-09-01 15:39:06,Hôpital Laquintinie,A+,46,6,0,40,3.5,35,91.2,normale,Attention: proche expiration,3,15,9,False,False,normal,ensoleillé
2022-09-01 19:36:32,Hôpital Laquintinie,O+,39,4,0,35,3.5,8,100.0,normale,Attention: proche expiration,3,19,9,False,False,normal,pluvieux
2022-09-02 02:36:32,Hôpital Laquintinie,O-,22,11,21,32,3.4,12,98.4,normale,"État satisfaisant, contrôle qualité OK",4,2,9,False,False,normal,pluvieux
2022-09-02 07:01:29,Hôpital Laquintinie,O+,44,8,24,60,4.0,4,92.0,normale,"Bon état général, légère variation température",4,7,9,False,False,normal,nuageux
2022-09-02 10:01:15,Hôpital Laquintinie,AB-,40,8,0,32,4.4,2,86.5,normale,Urgent: vérifier température stockage,4,10,9,False,False,normal,pluvieux
2022-09-02 18:54:53,Hôpital Laquintinie,O+,61,6,0,55,3.9,7,100.0,normale,Contrôle bactériologique négatif,4,18,9,False,False,normal,ensoleillé
2022-09-03 02:14:24,Hôpital Laquintinie,O+,15,7,0,8,4.2,5,100.0,critique,URGENT: Stock critique - Parfait pour transfusion immédiate,5,2,9,True,False,normal,ensoleillé
2022-09-03 21:48:33,Hôpital Laquintinie,O+,25,6,0,19,3.6,6,98.0,faible,"Bon état général, légère variation température",5,21,9,True,False,normal,nuageux
2022-09-04 04:15:35,Hôpital Laquintinie,A-,25,7,0,18,4.0,2,88.1,faible,Parfait pour transfusion immédiate,6,4,9,True,False,normal,nuageux
2022-09-04 10:51:45,Hôpital Laquintinie,B+,37,9,26,54,4.3,5,97.1,normale,Contrôle bactériologique négatif,6,10,9,True,False,normal,ensoleillé
2022-09-05 08:59:20,Hôpital Laquintinie,O-,40,10,19,49,4.5,11,90.3,normale,Contrôle bactériologique négatif,0,8,9,False,False,normal,ensoleillé
2022-09-05 12:42:59,Hôpital Laquintinie,O+,23,10,0,13,3.8,11,95.0,faible,"Excellent état, conservation parfaite",0,12,9,False,False,normal,ensoleillé
2022-09-05 13:38:27,Hôpital Laquintinie,O+,48,7,19,60,3.8,15,96.8,normale,Hémoglobine dans les normes,0,13,9,False,False,normal,pluvieux
2022-09-05 16:54:12,Hôpital Laquintinie,O+,55,3,0,52,3.5,1,65.4,attention,Urgent: vérifier température stockage,0,16,9,False,False,normal,nuageux
2022-09-06 05:30:35,Hôpital Laquintinie,A+,18,7,0,11,3.4,22,98.6,faible,"Bon état général, légère variation température",1,5,9,False,False,normal,orageux
2022-09-06 07:17:16,Hôpital Laquintinie,A+,49,11,0,38,4.0,46,100.0,normale,"Excellent état, conservation parfaite",1,7,9,False,False,normal,ensoleillé
2022-09-06 19:03:45,Hôpital Laquintinie,B+,41,7,0,34,3.8,25,96.7,normale,Attention: proche expiration,1,19,9,False,False,normal,ensoleillé
2022-09-07 02:59:47,Hôpital Laquintinie,O-,20,8,0,12,4.3,9,94.8,faible,"Excellent état, conservation parfaite",2,2,9,False,False,normal,ensoleillé
2022-09-07 05:25:08,Hôpital Laquintinie,O+,31,4,15,42,4.1,1,62.2,attention,"État satisfaisant, contrôle qualité OK",2,5,9,False,False,normal,pluvieux
2022-09-07 22:21:52,Hôpital Laquintinie,A+,60,8,0,52,4.1,1,60.6,attention,"Bon état général, légère variation température",2,22,9,False,False,normal,ensoleillé
2022-09-08 02:57:48,Hôpital Laquintinie,O+,26,8,0,18,4.2,1,56.9,faible,Attention: proche expiration,3,2,9,False,False,normal,ensoleillé
2022-09-08 06:29:17,Hôpital Laquintinie,O-,79,10,0,69,3.8,34,97.6,normale,Urgent: vérifier température stockage,3,6,9,False,False,normal,nuageux
2022-09-08 08:30:35,Hôpital Laquintinie,B+,49,6,0,43,3.8,7,98.6,normale,Hémoglobine dans les normes,3,8,9,False,False,normal,ensoleillé
2022-09-08 09:37:29,Hôpital Laquintinie,A+,32,7,23,48,4.8,44,100.0,normale,"État satisfaisant, contrôle qualité OK",3,9,9,False,False,normal,ensoleillé
2022-09-08 13:45:34,Hôpital Laquintinie,AB-,47,4,0,43,3.7,8,100.0,normale,"État satisfaisant, contrôle qualité OK",3,13,9,False,False,normal,nuageux
2022-09-09 04:41:23,Hôpital Laquintinie,A+,16,12,14,18,4.3,7,100.0,faible,Attention: proche expiration,4,4,9,False,False,normal,ensoleillé
2022-09-09 05:33:43,Hôpital Laquintinie,O+,21,3,0,18,4.5,1,61.3,faible,"État satisfaisant, contrôle qualité OK",4,5,9,False,False,normal,nuageux
2022-09-09 08:07:57,Hôpital Laquintinie,A-,37,9,0,28,4.1,45,92.1,normale,"Bon état général, légère variation température",4,8,9,False,False,normal,ensoleillé
2022-09-09 08:22:20,Hôpital Laquintinie,A+,12,7,0,5,4.6,66,100.0,critique,URGENT: Stock critique - Attention: proche expiration,4,8,9,False,False,normal,nuageux
2022-09-09 14:22:40,Hôpital Laquintinie,AB+,46,7,22,61,3.7,9,100.0,normale,"Excellent état, conservation parfaite",4,14,9,False,False,normal,nuageux
2022-09-09 23:49:10,Hôpital Laquintinie,A+,19,7,0,12,4.1,7,96.8,faible,Attention: proche expiration,4,23,9,False,False,normal,ensoleillé
2022-09-10 05:59:07,Hôpital Laquintinie,O+,22,5,16,33,3.9,21,98.0,normale,"Bon état général, légère variation température",5,5,9,True,False,normal,ensoleillé
2022-09-10 06:07:03,Hôpital Laquintinie,B-,58,3,0,55,4.2,3,86.0,normale,Contrôle bactériologique négatif,5,6,9,True,False,normal,pluvieux
2022-09-10 13:53:45,Hôpital Laquintinie,A-,34,10,14,38,3.7,2,87.2,normale,Contrôle bactériologique négatif,5,13,9,True,False,normal,nuageux
2022-09-11 04:47:57,Hôpital Laquintinie,O+,15,3,0,12,4.7,1,68.1,faible,"État satisfaisant, contrôle qualité OK",6,4,9,True,False,normal,orageux
2022-09-11 07:15:30,Hôpital Laquintinie,O+,45,6,0,39,4.1,36,100.0,normale,Contrôle bactériologique négatif,6,7,9,True,False,normal,ensoleillé
2022-09-11 19:04:01,Hôpital Laquintinie,O+,33,2,0,31,3.6,1,63.6,attention,Urgent: vérifier température stockage,6,19,9,True,False,normal,pluvieux
2022-09-11 22:53:58,Hôpital Laquintinie,A-,37,6,0,31,4.5,5,100.0,normale,Urgent: vérifier température stockage,6,22,9,True,False,normal,ensoleillé
2022-09-12 20:30:52,Hôpital Laquintinie,O+,38,10,0,28,4.1,9,100.0,normale,Attention: proche expiration,0,20,9,False,False,normal,pluvieux
2022-09-13 00:48:52,Hôpital Laquintinie,A+,19,9,25,35,3.6,18,99.2,normale,Parfait pour transfusion immédiate,1,0,9,False,False,normal,ensoleillé
2022-09-13 06:40:54,Hôpital Laquintinie,A+,64,5,0,59,4.0,1,54.3,attention,"État satisfaisant, contrôle qualité OK",1,6,9,False,False,normal,ensoleillé
2022-09-14 01:02:47,Hôpital Laquintinie,A+,21,6,19,34,4.4,2,76.0,normale,"Bon état général, légère variation température",2,1,9,False,False,normal,nuageux
2022-09-14 05:08:04,Hôpital Laquintinie,O+,15,7,0,8,4.1,5,97.1,critique,"URGENT: Stock critique - État satisfaisant, contrôle qualité OK",2,5,9,False,False,accident_route,pluvieux
2022-09-14 13:07:09,Hôpital Laquintinie,A+,35,3,25,57,4.3,7,100.0,normale,"Excellent état, conservation parfaite",2,13,9,False,False,normal,nuageux
2022-09-14 17:14:34,Hôpital Laquintinie,A+,60,7,14,67,4.2,7,92.0,normale,"Bon état général, légère variation température",2,17,9,False,False,normal,orageux
2022-09-15 07:31:07,Hôpital Laquintinie,A-,39,8,0,31,4.1,15,98.7,normale,"Bon état général, légère variation température",3,7,9,False,False,normal,pluvieux
2022-09-15 13:24:37,Hôpital Laquintinie,O+,52,5,0,47,3.2,5,94.5,normale,Attention: proche expiration,3,13,9,False,False,normal,pluvieux
2022-09-15 15:41:44,Hôpital Laquintinie,O-,33,3,0,30,3.7,3,97.4,normale,"Bon état général, légère variation température",3,15,9,False,False,accident_route,nuageux
2022-09-15 15:53:32,Hôpital Laquintinie,O+,68,4,0,64,4.8,16,95.6,normale,"Bon état général, légère variation température",3,15,9,False,False,normal,ensoleillé
2022-09-15 18:37:49,Hôpital Laquintinie,A+,36,12,13,37,3.8,4,94.5,normale,Contrôle bactériologique négatif,3,18,9,False,False,normal,pluvieux
2022-09-16 00:23:09,Hôpital Laquintinie,O+,23,8,0,15,4.5,19,100.0,faible,Parfait pour transfusion immédiate,4,0,9,False,False,normal,pluvieux
2022-09-16 03:07:09,Hôpital Laquintinie,O+,26,11,20,35,4.0,12,91.7,normale,"État satisfaisant, contrôle qualité OK",4,3,9,False,False,campagne_don,orageux
2022-09-16 06:35:46,Hôpital Laquintinie,O+,66,3,0,63,4.7,11,100.0,normale,Attention: proche expiration,4,6,9,False,False,normal,nuageux
2022-09-17 23:56:07,Hôpital Laquintinie,O+,14,7,22,29,3.3,41,97.2,normale,Attention: proche expiration,5,23,9,True,False,normal,pluvieux
2022-09-18 04:14:42,Hôpital Laquintinie,O+,29,7,0,22,3.9,8,100.0,normale,"Excellent état, conservation parfaite",6,4,9,True,False,normal,ensoleillé
2022-09-18 08:21:43,Hôpital Laquintinie,O+,19,6,0,13,3.5,21,98.8,faible,Parfait pour transfusion immédiate,6,8,9,True,False,normal,ensoleillé
2022-09-18 12:37:16,Hôpital Laquintinie,A+,55,6,0,49,4.5,37,100.0,normale,"Excellent état, conservation parfaite",6,12,9,True,False,normal,ensoleillé
2022-09-18 16:38:33,Hôpital Laquintinie,B-,25,8,23,40,3.6,36,100.0,normale,"Bon état général, légère variation température",6,16,9,True,False,normal,ensoleillé
2022-09-19 02:37:44,Hôpital Laquintinie,O+,27,10,0,17,4.2,16,99.0,faible,"État satisfaisant, contrôle qualité OK",0,2,9,False,False,normal,nuageux
2022-09-20 07:31:51,Hôpital Laquintinie,A+,50,1,0,49,4.0,11,100.0,normale,"Bon état général, légère variation température",1,7,9,False,False,normal,ensoleillé
2022-09-20 10:16:48,Hôpital Laquintinie,O+,76,5,0,71,3.5,23,100.0,normale,Attention: proche expiration,1,10,9,False,False,normal,ensoleillé
2022-09-20 14:22:18,Hôpital Laquintinie,A+,41,9,18,50,4.1,1,63.2,attention,Contrôle bactériologique négatif,1,14,9,False,False,normal,ensoleillé
2022-09-20 20:38:42,Hôpital Laquintinie,B+,70,10,0,60,4.4,7,99.7,normale,Contrôle bactériologique négatif,1,20,9,False,False,normal,pluvieux
2022-09-21 00:33:05,Hôpital Laquintinie,O+,33,13,0,20,3.7,18,100.0,normale,Attention: proche expiration,2,0,9,False,False,normal,ensoleillé
2022-09-21 02:06:35,Hôpital Laquintinie,A+,24,3,19,40,4.2,12,88.7,normale,"Bon état général, légère variation température",2,2,9,False,False,normal,ensoleillé
2022-09-21 08:06:02,Hôpital Laquintinie,O+,77,13,20,84,4.6,1,61.4,attention,"État satisfaisant, contrôle qualité OK",2,8,9,False,False,normal,pluvieux
2022-09-22 05:38:56,Hôpital Laquintinie,O+,31,8,0,23,4.0,30,95.3,normale,Attention: proche expiration,3,5,9,False,False,normal,pluvieux
2022-09-22 15:13:08,Hôpital Laquintinie,A+,31,8,0,23,3.6,5,100.0,normale,Contrôle bactériologique négatif,3,15,9,False,False,normal,ensoleillé
2022-09-22 15:22:20,Hôpital Laquintinie,B-,70,9,0,61,3.8,9,98.3,normale,"Excellent état, conservation parfaite",3,15,9,False,False,normal,ensoleillé
2022-09-24 03:49:46,Hôpital Laquintinie,B+,18,3,0,15,3.8,1,63.1,faible,Urgent: vérifier température stockage,5,3,9,True,False,normal,nuageux
2022-09-24 04:48:52,Hôpital Laquintinie,A+,19,4,18,33,3.4,12,100.0,normale,Parfait pour transfusion immédiate,5,4,9,True,False,normal,pluvieux
2022-09-24 07:45:06,Hôpital Laquintinie,O+,40,7,17,50,4.4,1,65.2,attention,"État satisfaisant, contrôle qualité OK",5,7,9,True,False,normal,pluvieux
2022-09-24 11:46:53,Hôpital Laquintinie,A+,42,6,17,53,4.5,1,56.9,attention,Contrôle bactériologique négatif,5,11,9,True,False,normal,pluvieux
2022-09-24 15:02:31,Hôpital Laquintinie,O-,49,0,11,60,3.6,37,92.4,normale,"Excellent état, conservation parfaite",5,15,9,True,False,normal,ensoleillé
2022-09-24 20:41:10,Hôpital Laquintinie,O+,50,3,0,47,3.4,7,99.3,normale,Attention: proche expiration,5,20,9,True,False,normal,ensoleillé
2022-09-24 21:27:35,Hôpital Laquintinie,A+,33,4,0,29,5.0,2,99.0,normale,Parfait pour transfusion immédiate,5,21,9,True,False,normal,nuageux
2022-09-24 23:46:15,Hôpital Laquintinie,A+,14,7,0,7,4.7,39,95.7,critique,URGENT: Stock critique - Hémoglobine dans les normes,5,23,9,True,False,normal,pluvieux
2022-09-25 01:46:22,Hôpital Laquintinie,O+,21,3,0,18,4.4,1,60.8,faible,Parfait pour transfusion immédiate,6,1,9,True,False,campagne_don,ensoleillé
2022-09-25 09:15:59,Hôpital Laquintinie,O+,31,3,15,43,4.3,7,100.0,normale,Attention: proche expiration,6,9,9,True,False,normal,ensoleillé
2022-09-25 11:08:42,Hôpital Laquintinie,A+,11,5,20,26,4.3,7,100.0,normale,"État satisfaisant, contrôle qualité OK",6,11,9,True,False,normal,ensoleillé
2022-09-25 11:16:00,Hôpital Laquintinie,B+,49,6,0,43,3.4,25,100.0,normale,"État satisfaisant, contrôle qualité OK",6,11,9,True,False,normal,ensoleillé
2022-09-25 14:13:15,Hôpital Laquintinie,O-,24,4,27,47,3.4,12,100.0,normale,Hémoglobine dans les normes,6,14,9,True,False,normal,pluvieux
2022-09-25 14:29:00,Hôpital Laquintinie,A+,33,6,0,27,3.7,3,75.1,normale,"Excellent état, conservation parfaite",6,14,9,True,False,normal,nuageux
2022-09-26 15:17:18,Hôpital Laquintinie,B+,41,10,14,45,3.5,7,91.7,normale,"État satisfaisant, contrôle qualité OK",0,15,9,False,False,normal,pluvieux
2022-09-26 18:20:15,Hôpital Laquintinie,A+,50,4,15,61,4.1,15,99.8,normale,Parfait pour transfusion immédiate,0,18,9,False,False,normal,ensoleillé
2022-09-27 00:41:01,Hôpital Laquintinie,A+,33,8,17,42,3.8,16,96.7,normale,"Excellent état, conservation parfaite",1,0,9,False,False,normal,ensoleillé
2022-09-27 01:48:20,Hôpital Laquintinie,O+,32,6,22,48,4.0,15,100.0,normale,Attention: proche expiration,1,1,9,False,False,normal,orageux
2022-09-27 18:26:54,Hôpital Laquintinie,AB+,48,3,19,64,4.7,33,100.0,normale,Parfait pour transfusion immédiate,1,18,9,False,False,normal,pluvieux
2022-09-27 18:28:18,Hôpital Laquintinie,B+,38,7,18,49,4.3,8,100.0,normale,"État satisfaisant, contrôle qualité OK",1,18,9,False,False,normal,nuageux
2022-09-27 20:28:36,Hôpital Laquintinie,A+,44,9,0,35,3.3,3,88.5,normale,Urgent: vérifier température stockage,1,20,9,False,False,normal,pluvieux
2022-09-28 00:56:21,Hôpital Laquintinie,A+,19,5,12,26,4.2,31,100.0,normale,"État satisfaisant, contrôle qualité OK",2,0,9,False,False,normal,pluvieux
2022-09-28 05:47:07,Hôpital Laquintinie,A+,22,9,0,13,3.5,8,100.0,faible,"État satisfaisant, contrôle qualité OK",2,5,9,False,False,campagne_don,ensoleillé
2022-09-28 20:24:38,Hôpital Laquintinie,A+,49,9,0,40,4.3,1,65.7,attention,Hémoglobine dans les normes,2,20,9,False,False,normal,pluvieux
2022-09-28 23:32:04,Hôpital Laquintinie,O+,32,6,31,57,4.6,1,59.2,attention,"Excellent état, conservation parfaite",2,23,9,False,False,normal,nuageux
2022-09-29 09:20:35,Hôpital Laquintinie,O+,52,7,0,45,4.1,68,96.5,normale,Attention: proche expiration,3,9,9,False,False,normal,pluvieux
2022-09-29 13:56:57,Hôpital Laquintinie,O+,55,9,22,68,3.9,6,100.0,normale,"Bon état général, légère variation température",3,13,9,False,False,normal,ensoleillé
2022-09-29 15:59:49,Hôpital Laquintinie,A+,63,8,0,55,4.1,22,96.5,normale,Contrôle bactériologique négatif,3,15,9,False,False,normal,pluvieux
2022-09-30 15:33:03,Hôpital Laquintinie,O-,51,11,0,40,4.3,4,81.9,normale,Contrôle bactériologique négatif,4,15,9,False,False,normal,ensoleillé
2022-09-30 18:36:48,Hôpital Laquintinie,A+,50,5,20,65,3.3,8,92.6,normale,Contrôle bactériologique négatif,4,18,9,False,False,normal,pluvieux
2022-09-30 19:25:24,Hôpital Laquintinie,A+,50,5,0,45,4.2,4,82.4,normale,Parfait pour transfusion immédiate,4,19,9,False,False,épidémie,nuageux
2022-09-30 21:43:57,Hôpital Laquintinie,O+,45,7,0,38,4.6,49,100.0,normale,"Excellent état, conservation parfaite",4,21,9,False,False,normal,pluvieux
2022-10-01 00:44:27,Hôpital Laquintinie,B+,20,4,0,16,4.3,7,100.0,faible,Urgent: vérifier température stockage,5,0,10,True,False,normal,pluvieux
2022-10-01 03:09:36,Hôpital Laquintinie,A+,30,8,20,42,4.3,8,98.7,normale,Parfait pour transfusion immédiate,5,3,10,True,False,normal,nuageux
2022-10-01 06:13:24,Hôpital Laquintinie,A+,19,7,0,12,3.8,7,93.2,faible,Hémoglobine dans les normes,5,6,10,True,False,normal,orageux
2022-10-01 09:28:28,Hôpital Laquintinie,B+,55,6,0,49,4.0,1,57.6,attention,Parfait pour transfusion immédiate,5,9,10,True,False,normal,pluvieux
2022-10-01 23:59:35,Hôpital Laquintinie,A+,24,3,0,21,4.9,10,100.0,normale,"Bon état général, légère variation température",5,23,10,True,False,normal,nuageux
2022-10-02 02:26:28,Hôpital Laquintinie,A+,13,4,22,31,3.7,1,59.3,attention,Parfait pour transfusion immédiate,6,2,10,True,False,normal,pluvieux
2022-10-02 02:48:13,Hôpital Laquintinie,O-,11,6,0,5,4.1,6,94.1,critique,URGENT: Stock critique - Hémoglobine dans les normes,6,2,10,True,False,normal,pluvieux
2022-10-02 19:50:01,Hôpital Laquintinie,O+,46,5,0,41,4.5,3,91.5,normale,"Excellent état, conservation parfaite",6,19,10,True,False,normal,nuageux
2022-10-03 20:16:13,Hôpital Laquintinie,O+,31,7,0,24,4.5,18,100.0,normale,"Excellent état, conservation parfaite",0,20,10,False,False,normal,nuageux
2022-10-04 00:43:42,Hôpital Laquintinie,A+,26,9,0,17,4.3,7,92.9,faible,Parfait pour transfusion immédiate,1,0,10,False,False,normal,nuageux
2022-10-04 08:48:05,Hôpital Laquintinie,AB+,40,6,15,49,3.9,6,95.3,normale,"État satisfaisant, contrôle qualité OK",1,8,10,False,False,normal,ensoleillé
2022-10-04 12:49:52,Hôpital Laquintinie,A+,48,4,23,67,4.1,3,80.2,normale,Attention: proche expiration,1,12,10,False,False,normal,ensoleillé
2022-10-04 14:08:05,Hôpital Laquintinie,B+,52,6,20,66,3.5,24,95.2,normale,"Bon état général, légère variation température",1,14,10,False,False,normal,nuageux
2022-10-05 09:32:29,Hôpital Laquintinie,AB+,68,8,0,60,4.3,10,100.0,normale,Contrôle bactériologique négatif,2,9,10,False,False,normal,pluvieux
2022-10-06 03:11:57,Hôpital Laquintinie,O+,32,12,0,20,4.2,2,92.8,normale,"Excellent état, conservation parfaite",3,3,10,False,False,normal,ensoleillé
2022-10-06 05:45:20,Hôpital Laquintinie,A+,27,11,15,31,3.4,7,100.0,normale,Attention: proche expiration,3,5,10,False,False,normal,orageux
2022-10-06 10:52:15,Hôpital Laquintinie,O+,66,8,0,58,3.5,1,63.1,attention,Contrôle bactériologique négatif,3,10,10,False,False,normal,ensoleillé
2022-10-06 12:36:19,Hôpital Laquintinie,A+,43,8,0,35,4.4,1,65.0,attention,"État satisfaisant, contrôle qualité OK",3,12,10,False,False,normal,ensoleillé
2022-10-06 15:25:41,Hôpital Laquintinie,A+,70,3,0,67,4.2,23,100.0,normale,Contrôle bactériologique négatif,3,15,10,False,False,normal,pluvieux
2022-10-06 18:43:21,Hôpital Laquintinie,O+,59,5,0,54,4.2,2,87.0,normale,"Bon état général, légère variation température",3,18,10,False,False,normal,pluvieux
2022-10-06 19:29:01,Hôpital Laquintinie,B+,50,4,0,46,3.9,27,100.0,normale,Urgent: vérifier température stockage,3,19,10,False,False,normal,pluvieux
2022-10-06 20:58:30,Hôpital Laquintinie,AB+,52,7,18,63,3.8,1,62.6,attention,"État satisfaisant, contrôle qualité OK",3,20,10,False,False,normal,ensoleillé
2022-10-06 22:20:05,Hôpital Laquintinie,O-,85,7,0,78,3.7,24,97.2,normale,"État satisfaisant, contrôle qualité OK",3,22,10,False,False,normal,ensoleillé
2022-10-08 02:08:28,Hôpital Laquintinie,O-,21,5,0,16,3.6,7,92.0,faible,Attention: proche expiration,5,2,10,True,False,normal,nuageux
2022-10-08 08:49:11,Hôpital Laquintinie,A-,36,9,0,27,4.6,45,100.0,normale,Contrôle bactériologique négatif,5,8,10,True,False,normal,nuageux
2022-10-09 00:03:21,Hôpital Laquintinie,A-,19,4,0,15,3.0,14,100.0,faible,"Bon état général, légère variation température",6,0,10,True,False,normal,ensoleillé
2022-10-09 04:53:44,Hôpital Laquintinie,A+,14,6,0,8,3.8,26,99.6,critique,URGENT: Stock critique - Hémoglobine dans les normes,6,4,10,True,False,normal,ensoleillé
2022-10-10 18:51:12,Hôpital Laquintinie,A+,45,3,0,42,4.0,39,96.9,normale,"Excellent état, conservation parfaite",0,18,10,False,False,normal,orageux
2022-10-11 02:39:00,Hôpital Laquintinie,A-,24,7,0,17,4.7,1,55.6,faible,"Excellent état, conservation parfaite",1,2,10,False,False,normal,ensoleillé
2022-10-11 17:04:56,Hôpital Laquintinie,O+,63,8,0,55,3.9,5,97.8,normale,Contrôle bactériologique négatif,1,17,10,False,False,normal,pluvieux
2022-10-11 17:37:31,Hôpital Laquintinie,A+,52,7,19,64,3.5,11,100.0,normale,"État satisfaisant, contrôle qualité OK",1,17,10,False,False,normal,nuageux
2022-10-11 19:46:55,Hôpital Laquintinie,O+,24,8,13,29,3.0,1,61.1,attention,Urgent: vérifier température stockage,1,19,10,False,False,normal,ensoleillé
2022-10-12 03:21:12,Hôpital Laquintinie,O+,35,8,17,44,3.8,36,100.0,normale,"Excellent état, conservation parfaite",2,3,10,False,False,normal,ensoleillé
2022-10-12 05:19:14,Hôpital Laquintinie,A+,23,9,0,14,3.7,41,100.0,faible,"Bon état général, légère variation température",2,5,10,False,False,normal,pluvieux
2022-10-12 12:51:27,Hôpital Laquintinie,A+,60,8,0,52,3.8,3,89.8,normale,"État satisfaisant, contrôle qualité OK",2,12,10,False,False,normal,ensoleillé
2022-10-12 14:22:45,Hôpital Laquintinie,B+,62,6,0,56,3.8,10,93.4,normale,Urgent: vérifier température stockage,2,14,10,False,False,normal,ensoleillé
2022-10-12 22:47:56,Hôpital Laquintinie,A+,28,9,21,40,4.8,9,100.0,normale,Urgent: vérifier température stockage,2,22,10,False,False,normal,ensoleillé
2022-10-13 00:26:34,Hôpital Laquintinie,AB+,32,9,0,23,4.3,27,100.0,normale,Parfait pour transfusion immédiate,3,0,10,False,False,normal,ensoleillé
2022-10-13 00:49:01,Hôpital Laquintinie,A+,38,2,0,36,4.6,1,59.4,attention,Parfait pour transfusion immédiate,3,0,10,False,False,normal,pluvieux
2022-10-13 22:44:09,Hôpital Laquintinie,O+,73,13,13,73,3.8,32,100.0,normale,Attention: proche expiration,3,22,10,False,False,normal,ensoleillé
2022-10-14 02:41:14,Hôpital Laquintinie,A+,27,5,23,45,3.4,3,78.5,normale,Attention: proche expiration,4,2,10,False,False,normal,ensoleillé
2022-10-14 15:02:23,Hôpital Laquintinie,O+,54,11,0,43,3.4,15,97.8,normale,"Bon état général, légère variation température",4,15,10,False,False,normal,ensoleillé
2022-10-15 00:29:03,Hôpital Laquintinie,O+,17,5,23,35,3.2,9,99.6,normale,Contrôle bactériologique négatif,5,0,10,True,False,normal,pluvieux
2022-10-15 10:17:22,Hôpital Laquintinie,O+,33,8,0,25,3.9,17,97.9,normale,Urgent: vérifier température stockage,5,10,10,True,False,normal,ensoleillé
2022-10-15 22:26:26,Hôpital Laquintinie,A+,23,5,23,41,3.8,11,94.4,normale,"Bon état général, légère variation température",5,22,10,True,False,normal,ensoleillé
2022-10-16 16:39:45,Hôpital Laquintinie,O+,45,7,21,59,3.6,45,99.0,normale,Attention: proche expiration,6,16,10,True,False,normal,ensoleillé
2022-10-16 22:49:55,Hôpital Laquintinie,O+,37,2,0,35,4.0,2,80.6,normale,"État satisfaisant, contrôle qualité OK",6,22,10,True,False,normal,ensoleillé
2022-10-17 22:51:39,Hôpital Laquintinie,O+,39,6,0,33,4.4,35,100.0,normale,Parfait pour transfusion immédiate,0,22,10,False,False,normal,ensoleillé
2022-10-18 04:52:18,Hôpital Laquintinie,A-,28,13,28,43,4.3,5,95.6,normale,Hémoglobine dans les normes,1,4,10,False,False,normal,orageux
2022-10-18 05:13:36,Hôpital Laquintinie,A+,24,7,0,17,4.0,22,100.0,faible,Parfait pour transfusion immédiate,1,5,10,False,False,normal,orageux
2022-10-18 09:49:17,Hôpital Laquintinie,O+,54,9,0,45,4.5,9,100.0,normale,Contrôle bactériologique négatif,1,9,10,False,False,normal,ensoleillé
2022-10-18 10:11:29,Hôpital Laquintinie,O+,72,3,0,69,3.5,50,92.2,normale,"Bon état général, légère variation température",1,10,10,False,False,normal,ensoleillé
2022-10-18 10:15:33,Hôpital Laquintinie,A+,36,3,0,33,4.1,13,95.5,normale,Contrôle bactériologique négatif,1,10,10,False,False,normal,ensoleillé
2022-10-18 11:08:50,Hôpital Laquintinie,A+,56,12,0,44,3.3,14,100.0,normale,"Excellent état, conservation parfaite",1,11,10,False,False,normal,ensoleillé
2022-10-19 07:03:49,Hôpital Laquintinie,O-,66,7,0,59,4.6,16,96.7,normale,"Excellent état, conservation parfaite",2,7,10,False,False,normal,nuageux
2022-10-19 12:59:09,Hôpital Laquintinie,O+,33,4,0,29,4.3,20,97.2,normale,Contrôle bactériologique négatif,2,12,10,False,False,normal,ensoleillé
2022-10-20 03:35:27,Hôpital Laquintinie,AB+,23,9,0,14,3.1,7,100.0,faible,"Excellent état, conservation parfaite",3,3,10,False,False,normal,pluvieux
2022-10-20 04:46:19,Hôpital Laquintinie,O+,11,12,0,0,4.7,1,64.0,critique,URGENT: Stock critique - Attention: proche expiration,3,4,10,False,False,normal,nuageux
2022-10-20 23:29:04,Hôpital Laquintinie,O+,21,10,0,11,4.3,1,59.1,faible,"Bon état général, légère variation température",3,23,10,False,False,normal,nuageux
2022-10-21 18:22:14,Hôpital Laquintinie,O+,28,11,0,17,4.0,3,92.5,faible,Attention: proche expiration,4,18,10,False,False,normal,pluvieux
2022-10-22 02:18:58,Hôpital Laquintinie,O+,6,7,0,0,4.6,28,99.7,critique,URGENT: Stock critique - Hémoglobine dans les normes,5,2,10,True,False,normal,nuageux
2022-10-22 09:53:03,Hôpital Laquintinie,B+,35,8,0,27,3.6,34,89.6,normale,Urgent: vérifier température stockage,5,9,10,True,False,normal,ensoleillé
2022-10-22 11:25:29,Hôpital Laquintinie,A+,35,3,0,32,3.2,9,100.0,normale,"Excellent état, conservation parfaite",5,11,10,True,False,normal,ensoleillé
2022-10-23 00:43:35,Hôpital Laquintinie,B-,7,5,0,2,3.2,4,86.3,critique,URGENT: Stock critique - Hémoglobine dans les normes,6,0,10,True,False,normal,nuageux
2022-10-23 02:21:29,Hôpital Laquintinie,O-,15,8,0,7,3.6,14,98.0,critique,URGENT: Stock critique - Urgent: vérifier température stockage,6,2,10,True,False,normal,orageux
2022-10-23 03:53:18,Hôpital Laquintinie,A+,14,5,0,9,3.6,2,85.4,critique,URGENT: Stock critique - Hémoglobine dans les normes,6,3,10,True,False,normal,ensoleillé
2022-10-23 07:15:41,Hôpital Laquintinie,A+,41,8,0,33,4.5,21,100.0,normale,"Bon état général, légère variation température",6,7,10,True,False,normal,pluvieux
2022-10-23 10:45:37,Hôpital Laquintinie,O+,30,3,19,46,3.8,17,100.0,normale,"Excellent état, conservation parfaite",6,10,10,True,False,normal,ensoleillé
2022-10-23 10:48:58,Hôpital Laquintinie,A+,31,0,0,31,4.2,6,100.0,normale,Hémoglobine dans les normes,6,10,10,True,False,normal,ensoleillé
2022-10-23 15:01:44,Hôpital Laquintinie,AB+,28,6,0,22,4.1,68,100.0,normale,"Excellent état, conservation parfaite",6,15,10,True,False,accident_route,pluvieux
2022-10-23 19:56:14,Hôpital Laquintinie,B+,22,4,0,18,3.2,20,100.0,faible,"Excellent état, conservation parfaite",6,19,10,True,False,normal,nuageux
2022-10-24 05:08:44,Hôpital Laquintinie,O+,28,6,25,47,4.3,45,96.9,normale,Attention: proche expiration,0,5,10,False,False,normal,orageux
2022-10-24 08:32:06,Hôpital Laquintinie,A+,54,9,15,60,3.9,9,94.7,normale,Urgent: vérifier température stockage,0,8,10,False,False,normal,ensoleillé
2022-10-24 17:04:20,Hôpital Laquintinie,A-,39,3,0,36,4.8,13,100.0,normale,Urgent: vérifier température stockage,0,17,10,False,False,normal,ensoleillé
2022-10-24 20:51:25,Hôpital Laquintinie,O+,50,2,18,66,3.5,1,50.9,attention,"État satisfaisant, contrôle qualité OK",0,20,10,False,False,normal,ensoleillé
2022-10-25 02:04:25,Hôpital Laquintinie,O+,23,7,0,16,4.8,14,86.6,faible,Attention: proche expiration,1,2,10,False,False,normal,orageux
2022-10-25 03:05:40,Hôpital Laquintinie,B+,29,7,0,22,3.7,34,95.1,normale,"Excellent état, conservation parfaite",1,3,10,False,False,normal,orageux
2022-10-25 12:17:43,Hôpital Laquintinie,A+,27,9,0,18,3.8,13,100.0,faible,Contrôle bactériologique négatif,1,12,10,False,False,normal,ensoleillé
2022-10-25 17:32:09,Hôpital Laquintinie,O+,40,14,0,26,2.8,14,95.8,normale,"Excellent état, conservation parfaite",1,17,10,False,False,normal,ensoleillé
2022-10-26 05:52:38,Hôpital Laquintinie,B+,22,3,0,19,4.0,1,63.2,faible,Attention: proche expiration,2,5,10,False,False,normal,ensoleillé
2022-10-26 14:10:49,Hôpital Laquintinie,A+,65,9,0,56,3.8,6,98.8,normale,"Excellent état, conservation parfaite",2,14,10,False,False,normal,nuageux
2022-10-26 15:16:22,Hôpital Laquintinie,A+,24,6,18,36,4.6,14,96.8,normale,"État satisfaisant, contrôle qualité OK",2,15,10,False,False,normal,orageux
2022-10-26 17:22:17,Hôpital Laquintinie,A+,55,11,0,44,3.8,7,100.0,normale,Hémoglobine dans les normes,2,17,10,False,False,urgence_médicale,pluvieux
2022-10-27 09:31:49,Hôpital Laquintinie,O+,63,9,19,73,3.1,62,100.0,normale,Hémoglobine dans les normes,3,9,10,False,False,accident_route,ensoleillé
2022-10-27 14:15:28,Hôpital Laquintinie,A+,55,3,0,52,2.9,1,60.4,attention,Hémoglobine dans les normes,3,14,10,False,False,normal,orageux
2022-10-28 13:58:03,Hôpital Laquintinie,A+,61,7,0,54,4.5,2,81.7,normale,Attention: proche expiration,4,13,10,False,False,accident_route,pluvieux
2022-10-28 20:21:36,Hôpital Laquintinie,A+,49,9,17,57,3.7,1,59.1,attention,Contrôle bactériologique négatif,4,20,10,False,False,normal,ensoleillé
2022-10-29 00:32:32,Hôpital Laquintinie,A+,18,2,0,16,4.6,8,93.2,faible,"Bon état général, légère variation température",5,0,10,True,False,normal,ensoleillé
2022-10-29 10:41:33,Hôpital Laquintinie,O+,42,6,28,64,4.2,47,100.0,normale,Parfait pour transfusion immédiate,5,10,10,True,False,normal,nuageux
2022-10-30 14:02:30,Hôpital Laquintinie,O+,34,9,0,25,4.6,5,86.9,normale,"État satisfaisant, contrôle qualité OK",6,14,10,True,False,normal,pluvieux
2022-10-31 10:50:58,Hôpital Laquintinie,A+,62,0,20,82,3.9,37,99.4,normale,Hémoglobine dans les normes,0,10,10,False,False,normal,nuageux
2022-11-01 19:16:19,Hôpital Laquintinie,O+,67,6,21,82,3.5,17,100.0,normale,"Bon état général, légère variation température",1,19,11,False,False,normal,ensoleillé
2022-11-02 04:50:30,Hôpital Laquintinie,O+,41,8,0,33,4.2,16,100.0,normale,Urgent: vérifier température stockage,2,4,11,False,False,normal,pluvieux
2022-11-02 05:10:07,Hôpital Laquintinie,O+,15,8,0,7,4.6,8,94.7,critique,URGENT: Stock critique - Urgent: vérifier température stockage,2,5,11,False,False,normal,nuageux
2022-11-02 07:17:40,Hôpital Laquintinie,A+,57,8,23,72,3.6,19,95.3,normale,Contrôle bactériologique négatif,2,7,11,False,False,normal,pluvieux
2022-11-02 13:30:14,Hôpital Laquintinie,A+,32,11,0,21,4.1,28,100.0,normale,"État satisfaisant, contrôle qualité OK",2,13,11,False,False,normal,nuageux
2022-11-03 02:12:55,Hôpital Laquintinie,A+,28,7,0,21,3.5,19,96.4,normale,"Bon état général, légère variation température",3,2,11,False,False,normal,ensoleillé
2022-11-03 06:39:37,Hôpital Laquintinie,A+,41,7,0,34,5.1,39,94.9,normale,Parfait pour transfusion immédiate,3,6,11,False,False,normal,ensoleillé
2022-11-03 21:26:41,Hôpital Laquintinie,O+,19,6,0,13,4.2,1,60.7,faible,"Bon état général, légère variation température",3,21,11,False,False,normal,ensoleillé
2022-11-04 06:26:08,Hôpital Laquintinie,B+,38,8,16,46,3.9,13,99.3,normale,Attention: proche expiration,4,6,11,False,False,normal,nuageux
2022-11-04 13:01:08,Hôpital Laquintinie,A+,59,10,0,49,4.7,3,78.4,normale,Parfait pour transfusion immédiate,4,13,11,False,False,normal,ensoleillé
2022-11-05 01:45:26,Hôpital Laquintinie,A+,19,2,0,17,2.8,20,98.1,faible,Parfait pour transfusion immédiate,5,1,11,True,False,normal,ensoleillé
2022-11-05 02:10:28,Hôpital Laquintinie,O+,13,6,0,7,3.9,1,68.6,critique,"URGENT: Stock critique - État satisfaisant, contrôle qualité OK",5,2,11,True,False,normal,pluvieux
2022-11-05 04:36:41,Hôpital Laquintinie,A+,18,4,0,14,4.1,38,97.4,faible,Hémoglobine dans les normes,5,4,11,True,False,normal,pluvieux
2022-11-05 06:41:08,Hôpital Laquintinie,A+,34,6,0,28,4.1,5,97.4,normale,"Excellent état, conservation parfaite",5,6,11,True,False,normal,nuageux
2022-11-05 09:56:35,Hôpital Laquintinie,O+,45,6,0,39,4.2,1,62.7,attention,Contrôle bactériologique négatif,5,9,11,True,False,normal,ensoleillé
2022-11-05 15:14:02,Hôpital Laquintinie,A+,31,6,18,43,4.1,11,100.0,normale,Contrôle bactériologique négatif,5,15,11,True,False,normal,nuageux
2022-11-05 17:04:56,Hôpital Laquintinie,B+,20,3,0,17,3.6,13,93.6,faible,"Excellent état, conservation parfaite",5,17,11,True,False,normal,pluvieux
2022-11-06 00:50:03,Hôpital Laquintinie,A+,22,7,21,36,3.2,41,100.0,normale,Contrôle bactériologique négatif,6,0,11,True,False,normal,pluvieux
2022-11-06 01:00:41,Hôpital Laquintinie,B+,15,3,21,33,4.1,5,100.0,normale,"Bon état général, légère variation température",6,1,11,True,False,normal,ensoleillé
2022-11-06 07:43:25,Hôpital Laquintinie,AB+,22,9,0,13,3.7,13,100.0,faible,Parfait pour transfusion immédiate,6,7,11,True,False,normal,orageux
2022-11-06 17:08:30,Hôpital Laquintinie,O-,24,5,16,35,4.2,1,60.0,attention,Attention: proche expiration,6,17,11,True,False,normal,pluvieux
2022-11-07 21:12:17,Hôpital Laquintinie,O+,36,10,0,26,4.2,4,90.6,normale,Parfait pour transfusion immédiate,0,21,11,False,False,normal,pluvieux
2022-11-08 00:55:32,Hôpital Laquintinie,O+,19,5,0,14,4.1,4,84.4,faible,"Bon état général, légère variation température",1,0,11,False,False,normal,ensoleillé
2022-11-08 04:10:40,Hôpital Laquintinie,A+,18,14,0,4,3.7,51,100.0,critique,"URGENT: Stock critique - Bon état général, légère variation température",1,4,11,False,False,normal,pluvieux
2022-11-08 08:04:23,Hôpital Laquintinie,A+,44,7,18,55,4.3,2,92.3,normale,Contrôle bactériologique négatif,1,8,11,False,False,normal,ensoleillé
2022-11-09 06:19:58,Hôpital Laquintinie,A+,49,4,13,58,4.3,49,99.9,normale,Parfait pour transfusion immédiate,2,6,11,False,False,normal,nuageux
2022-11-09 10:59:40,Hôpital Laquintinie,O+,48,7,0,41,3.8,35,99.9,normale,Urgent: vérifier température stockage,2,10,11,False,False,normal,pluvieux
2022-11-10 07:45:55,Hôpital Laquintinie,O+,80,8,0,72,4.3,1,54.3,attention,"Bon état général, légère variation température",3,7,11,False,False,normal,orageux
2022-11-10 08:14:21,Hôpital Laquintinie,A+,54,5,0,49,3.8,6,92.0,normale,Contrôle bactériologique négatif,3,8,11,False,False,normal,ensoleillé
2022-11-11 00:29:37,Hôpital Laquintinie,A+,25,7,21,39,4.4,21,99.6,normale,Parfait pour transfusion immédiate,4,0,11,False,False,normal,nuageux
2022-11-11 03:27:27,Hôpital Laquintinie,O+,24,10,0,14,4.1,19,84.4,faible,Parfait pour transfusion immédiate,4,3,11,False,False,normal,nuageux
2022-11-11 14:37:53,Hôpital Laquintinie,O+,24,4,0,20,4.0,19,97.5,normale,Urgent: vérifier température stockage,4,14,11,False,False,normal,nuageux
2022-11-11 16:15:13,Hôpital Laquintinie,A+,27,7,0,20,3.6,1,67.4,attention,Hémoglobine dans les normes,4,16,11,False,False,normal,nuageux
2022-11-11 18:56:06,Hôpital Laquintinie,O+,87,7,0,80,4.4,19,100.0,normale,"État satisfaisant, contrôle qualité OK",4,18,11,False,False,normal,pluvieux
2022-11-12 09:47:23,Hôpital Laquintinie,A+,48,4,0,44,4.2,4,85.6,normale,"État satisfaisant, contrôle qualité OK",5,9,11,True,False,normal,ensoleillé
2022-11-12 10:06:48,Hôpital Laquintinie,AB-,46,0,17,63,3.6,20,100.0,normale,"État satisfaisant, contrôle qualité OK",5,10,11,True,False,normal,ensoleillé
2022-11-12 16:06:25,Hôpital Laquintinie,O+,36,8,0,28,3.1,15,96.4,normale,Urgent: vérifier température stockage,5,16,11,True,False,normal,pluvieux
2022-11-13 01:18:16,Hôpital Laquintinie,O+,15,7,0,8,3.6,17,100.0,critique,"URGENT: Stock critique - Bon état général, légère variation température",6,1,11,True,False,normal,ensoleillé
2022-11-13 06:12:20,Hôpital Laquintinie,A+,32,4,24,52,3.8,17,97.8,normale,Hémoglobine dans les normes,6,6,11,True,False,normal,ensoleillé
2022-11-13 08:17:27,Hôpital Laquintinie,O+,23,8,27,42,4.3,58,100.0,normale,Urgent: vérifier température stockage,6,8,11,True,False,normal,nuageux
2022-11-14 07:19:10,Hôpital Laquintinie,A-,45,10,0,35,4.0,3,90.8,normale,"Bon état général, légère variation température",0,7,11,False,False,normal,ensoleillé
2022-11-14 08:39:14,Hôpital Laquintinie,O+,38,6,0,32,3.9,20,98.7,normale,"Bon état général, légère variation température",0,8,11,False,False,normal,pluvieux
2022-11-15 07:18:36,Hôpital Laquintinie,A+,51,6,29,74,4.3,8,99.6,normale,"Excellent état, conservation parfaite",1,7,11,False,False,urgence_médicale,ensoleillé
2022-11-15 17:59:21,Hôpital Laquintinie,A+,69,3,0,66,4.1,9,93.2,normale,Urgent: vérifier température stockage,1,17,11,False,False,normal,pluvieux
2022-11-16 02:01:40,Hôpital Laquintinie,A+,23,11,21,33,4.1,8,96.2,normale,"État satisfaisant, contrôle qualité OK",2,2,11,False,False,normal,orageux
2022-11-16 02:34:18,Hôpital Laquintinie,A+,24,8,0,16,4.3,1,56.7,faible,"Excellent état, conservation parfaite",2,2,11,False,False,normal,orageux
2022-11-16 02:57:34,Hôpital Laquintinie,O+,37,2,0,35,5.1,7,95.6,normale,Parfait pour transfusion immédiate,2,2,11,False,False,normal,ensoleillé
2022-11-16 10:13:57,Hôpital Laquintinie,A-,54,2,0,52,3.3,1,58.7,attention,Urgent: vérifier température stockage,2,10,11,False,False,normal,pluvieux
2022-11-16 10:53:39,Hôpital Laquintinie,AB+,47,13,11,45,3.8,1,53.0,attention,"État satisfaisant, contrôle qualité OK",2,10,11,False,False,normal,nuageux
2022-11-16 16:42:34,Hôpital Laquintinie,A+,40,8,0,32,3.3,28,95.3,normale,"État satisfaisant, contrôle qualité OK",2,16,11,False,False,normal,pluvieux
2022-11-18 05:43:41,Hôpital Laquintinie,O+,26,7,20,39,4.2,1,71.0,normale,"Bon état général, légère variation température",4,5,11,False,False,normal,pluvieux
2022-11-18 13:18:55,Hôpital Laquintinie,A+,39,7,0,32,3.8,10,100.0,normale,"État satisfaisant, contrôle qualité OK",4,13,11,False,False,normal,ensoleillé
2022-11-18 14:17:10,Hôpital Laquintinie,AB-,65,10,0,55,4.5,11,100.0,normale,Urgent: vérifier température stockage,4,14,11,False,False,normal,ensoleillé
2022-11-18 21:45:58,Hôpital Laquintinie,O+,29,9,0,20,4.4,1,62.1,attention,"État satisfaisant, contrôle qualité OK",4,21,11,False,False,normal,nuageux
2022-11-19 06:00:29,Hôpital Laquintinie,O+,58,0,0,58,4.5,27,100.0,normale,"État satisfaisant, contrôle qualité OK",5,6,11,True,False,normal,orageux
2022-11-19 06:14:20,Hôpital Laquintinie,A+,30,3,0,27,4.1,4,84.7,normale,"Excellent état, conservation parfaite",5,6,11,True,False,normal,orageux
2022-11-19 11:36:06,Hôpital Laquintinie,O+,27,7,0,20,3.7,25,100.0,normale,Urgent: vérifier température stockage,5,11,11,True,False,normal,nuageux
2022-11-19 16:12:49,Hôpital Laquintinie,A+,16,6,0,10,4.0,34,91.3,faible,Urgent: vérifier température stockage,5,16,11,True,False,normal,nuageux
2022-11-19 17:18:04,Hôpital Laquintinie,O+,39,8,0,31,3.7,39,100.0,normale,"Bon état général, légère variation température",5,17,11,True,False,normal,ensoleillé
2022-11-19 17:32:20,Hôpital Laquintinie,B-,48,11,0,37,3.5,1,56.3,attention,Attention: proche expiration,5,17,11,True,False,normal,nuageux
2022-11-20 06:56:41,Hôpital Laquintinie,A-,28,5,0,23,3.8,2,86.8,normale,"État satisfaisant, contrôle qualité OK",6,6,11,True,False,normal,pluvieux
2022-11-20 07:35:07,Hôpital Laquintinie,A+,17,6,18,29,4.1,12,100.0,normale,Hémoglobine dans les normes,6,7,11,True,False,normal,pluvieux
2022-11-20 13:44:25,Hôpital Laquintinie,O+,48,6,0,42,4.0,38,96.9,normale,Attention: proche expiration,6,13,11,True,False,normal,nuageux
2022-11-20 20:38:25,Hôpital Laquintinie,O+,27,7,0,20,3.7,82,100.0,normale,Attention: proche expiration,6,20,11,True,False,normal,nuageux
2022-11-22 11:07:22,Hôpital Laquintinie,A+,56,13,22,65,4.1,3,93.3,normale,"État satisfaisant, contrôle qualité OK",1,11,11,False,False,normal,ensoleillé
2022-11-22 15:12:40,Hôpital Laquintinie,A+,81,10,0,71,4.0,15,100.0,normale,Contrôle bactériologique négatif,1,15,11,False,False,normal,pluvieux
2022-11-22 20:18:28,Hôpital Laquintinie,O+,36,9,0,27,3.1,8,98.6,normale,Urgent: vérifier température stockage,1,20,11,False,False,normal,nuageux
2022-11-23 01:32:46,Hôpital Laquintinie,O+,31,1,0,30,3.3,1,61.1,attention,Urgent: vérifier température stockage,2,1,11,False,False,normal,orageux
2022-11-23 08:02:34,Hôpital Laquintinie,A+,57,4,0,53,4.0,18,93.8,normale,"Excellent état, conservation parfaite",2,8,11,False,False,normal,ensoleillé
2022-11-24 09:42:53,Hôpital Laquintinie,O-,68,9,0,59,3.8,5,97.1,normale,"Bon état général, légère variation température",3,9,11,False,False,normal,nuageux
2022-11-25 03:15:57,Hôpital Laquintinie,O-,30,13,0,17,4.3,33,100.0,faible,Hémoglobine dans les normes,4,3,11,False,False,normal,pluvieux
2022-11-25 06:06:12,Hôpital Laquintinie,O+,71,4,12,79,4.5,12,98.8,normale,Hémoglobine dans les normes,4,6,11,False,False,normal,pluvieux
2022-11-26 04:19:52,Hôpital Laquintinie,A+,19,6,0,13,5.2,12,100.0,faible,Hémoglobine dans les normes,5,4,11,True,False,normal,pluvieux
2022-11-26 10:19:10,Hôpital Laquintinie,A+,36,3,0,33,4.2,2,88.2,normale,"Excellent état, conservation parfaite",5,10,11,True,False,normal,pluvieux
2022-11-26 22:56:25,Hôpital Laquintinie,O+,48,5,0,43,3.8,77,100.0,normale,Hémoglobine dans les normes,5,22,11,True,False,normal,pluvieux
2022-11-27 11:57:57,Hôpital Laquintinie,A+,45,8,0,37,3.8,37,99.1,normale,Attention: proche expiration,6,11,11,True,False,normal,ensoleillé
2022-11-30 17:07:40,Hôpital Laquintinie,A+,48,8,0,40,3.7,67,98.4,normale,"Excellent état, conservation parfaite",2,17,11,False,False,normal,ensoleillé
2022-11-30 21:41:45,Hôpital Laquintinie,A-,24,11,0,13,4.3,22,100.0,faible,Attention: proche expiration,2,21,11,False,False,normal,pluvieux
2022-12-01 01:00:22,Hôpital Laquintinie,A+,20,6,0,14,4.5,53,100.0,faible,Hémoglobine dans les normes,3,1,12,False,True,normal,ensoleillé
2022-12-01 03:29:48,Hôpital Laquintinie,O+,40,13,0,27,4.3,1,63.2,attention,"État satisfaisant, contrôle qualité OK",3,3,12,False,True,normal,pluvieux
2022-12-01 19:22:35,Hôpital Laquintinie,O+,50,6,12,56,3.6,3,81.8,normale,"Excellent état, conservation parfaite",3,19,12,False,True,normal,pluvieux
2022-12-02 07:45:36,Hôpital Laquintinie,O+,50,3,0,47,3.2,4,80.0,normale,Contrôle bactériologique négatif,4,7,12,False,True,normal,orageux
2022-12-02 09:04:19,Hôpital Laquintinie,A+,117,11,21,127,3.3,55,100.0,normale,Contrôle bactériologique négatif,4,9,12,False,True,normal,ensoleillé
2022-12-02 13:35:52,Hôpital Laquintinie,O-,22,11,23,34,4.2,1,58.4,attention,Parfait pour transfusion immédiate,4,13,12,False,True,normal,ensoleillé
2022-12-03 00:35:21,Hôpital Laquintinie,A+,20,10,0,10,3.2,8,100.0,faible,Hémoglobine dans les normes,5,0,12,True,True,normal,orageux
2022-12-04 11:21:40,Hôpital Laquintinie,A+,61,9,0,52,3.9,1,57.2,attention,"Excellent état, conservation parfaite",6,11,12,True,True,normal,pluvieux
2022-12-04 11:30:04,Hôpital Laquintinie,A+,56,3,0,53,4.5,7,97.3,normale,Hémoglobine dans les normes,6,11,12,True,True,normal,nuageux
2022-12-04 14:52:00,Hôpital Laquintinie,A+,51,2,18,67,4.1,50,99.7,normale,Contrôle bactériologique négatif,6,14,12,True,True,normal,pluvieux
2022-12-05 03:34:52,Hôpital Laquintinie,A+,44,7,0,37,4.5,12,100.0,normale,"Excellent état, conservation parfaite",0,3,12,False,True,normal,pluvieux
2022-12-05 06:04:07,Hôpital Laquintinie,A+,63,8,0,55,3.3,10,100.0,normale,"Excellent état, conservation parfaite",0,6,12,False,True,normal,pluvieux
2022-12-05 13:06:49,Hôpital Laquintinie,A+,66,7,0,59,3.3,20,100.0,normale,Urgent: vérifier température stockage,0,13,12,False,True,normal,pluvieux
2022-12-06 09:21:50,Hôpital Laquintinie,A+,63,13,23,73,4.1,27,96.1,normale,"Excellent état, conservation parfaite",1,9,12,False,True,normal,nuageux
2022-12-06 11:54:56,Hôpital Laquintinie,O+,42,11,14,45,2.8,8,100.0,normale,"État satisfaisant, contrôle qualité OK",1,11,12,False,True,normal,orageux
2022-12-06 22:52:29,Hôpital Laquintinie,O+,55,13,0,42,3.6,21,95.7,normale,Parfait pour transfusion immédiate,1,22,12,False,True,normal,ensoleillé
2022-12-07 07:56:48,Hôpital Laquintinie,O+,61,6,0,55,4.4,2,79.3,normale,"Excellent état, conservation parfaite",2,7,12,False,True,normal,pluvieux
2022-12-08 02:24:49,Hôpital Laquintinie,O+,37,6,0,31,3.2,14,96.3,normale,"État satisfaisant, contrôle qualité OK",3,2,12,False,True,normal,ensoleillé
2022-12-08 04:52:10,Hôpital Laquintinie,O+,15,0,25,40,3.6,19,100.0,normale,"Excellent état, conservation parfaite",3,4,12,False,True,normal,ensoleillé
2022-12-08 10:50:25,Hôpital Laquintinie,A+,73,11,0,62,4.2,6,100.0,normale,Contrôle bactériologique négatif,3,10,12,False,True,épidémie,orageux
2022-12-08 13:21:20,Hôpital Laquintinie,O+,28,8,0,20,3.4,19,90.9,normale,"État satisfaisant, contrôle qualité OK",3,13,12,False,True,normal,ensoleillé
2022-12-08 21:38:35,Hôpital Laquintinie,O+,50,11,16,55,4.0,3,86.3,normale,Attention: proche expiration,3,21,12,False,True,épidémie,pluvieux
2022-12-09 07:01:03,Hôpital Laquintinie,A+,52,6,22,68,4.0,14,100.0,normale,Attention: proche expiration,4,7,12,False,True,normal,orageux
2022-12-10 02:26:23,Hôpital Laquintinie,A+,24,5,13,32,3.9,9,99.7,normale,Attention: proche expiration,5,2,12,True,True,normal,pluvieux
2022-12-10 14:37:58,Hôpital Laquintinie,O+,25,8,0,17,4.1,6,97.7,faible,"Bon état général, légère variation température",5,14,12,True,True,normal,pluvieux
2022-12-10 17:50:40,Hôpital Laquintinie,A+,33,5,0,28,3.9,22,100.0,normale,Hémoglobine dans les normes,5,17,12,True,True,normal,ensoleillé
2022-12-11 10:09:32,Hôpital Laquintinie,O+,15,9,21,27,3.8,1,52.2,attention,Urgent: vérifier température stockage,6,10,12,True,True,normal,ensoleillé
2022-12-12 00:52:03,Hôpital Laquintinie,O+,29,7,0,22,3.0,25,100.0,normale,"Bon état général, légère variation température",0,0,12,False,True,normal,pluvieux
2022-12-12 13:30:25,Hôpital Laquintinie,O+,51,14,0,37,4.1,10,97.9,normale,Parfait pour transfusion immédiate,0,13,12,False,True,normal,nuageux
2022-12-12 16:38:52,Hôpital Laquintinie,A+,51,8,17,60,5.3,6,96.5,normale,Hémoglobine dans les normes,0,16,12,False,True,normal,orageux
2022-12-13 05:54:52,Hôpital Laquintinie,A-,40,6,0,34,3.0,16,90.8,normale,"Bon état général, légère variation température",1,5,12,False,True,normal,pluvieux
2022-12-13 14:09:07,Hôpital Laquintinie,O+,69,10,21,80,4.3,14,92.0,normale,Parfait pour transfusion immédiate,1,14,12,False,True,normal,ensoleillé
2022-12-14 07:39:44,Hôpital Laquintinie,A+,44,6,0,38,3.5,10,98.8,normale,Hémoglobine dans les normes,2,7,12,False,True,normal,pluvieux
2022-12-15 04:27:20,Hôpital Laquintinie,A+,14,13,21,22,4.6,10,96.3,normale,Parfait pour transfusion immédiate,3,4,12,False,True,normal,ensoleillé
2022-12-15 09:20:17,Hôpital Laquintinie,B+,59,5,0,54,4.7,7,98.4,normale,"État satisfaisant, contrôle qualité OK",3,9,12,False,True,normal,ensoleillé
2022-12-15 10:45:45,Hôpital Laquintinie,B-,57,13,0,44,3.1,7,100.0,normale,"État satisfaisant, contrôle qualité OK",3,10,12,False,True,normal,ensoleillé
2022-12-15 14:30:59,Hôpital Laquintinie,A+,57,8,0,49,3.7,44,100.0,normale,Contrôle bactériologique négatif,3,14,12,False,True,normal,ensoleillé
2022-12-15 16:12:01,Hôpital Laquintinie,A+,75,7,0,68,3.8,1,62.6,attention,Contrôle bactériologique négatif,3,16,12,False,True,normal,pluvieux
2022-12-15 19:12:37,Hôpital Laquintinie,O-,6,7,0,0,2.9,1,53.8,critique,"URGENT: Stock critique - État satisfaisant, contrôle qualité OK",3,19,12,False,True,normal,ensoleillé
2022-12-15 21:07:13,Hôpital Laquintinie,O+,51,12,0,39,4.4,3,88.9,normale,Parfait pour transfusion immédiate,3,21,12,False,True,normal,pluvieux
2022-12-15 21:51:48,Hôpital Laquintinie,O+,71,4,0,67,4.9,10,96.2,normale,"Excellent état, conservation parfaite",3,21,12,False,True,normal,pluvieux
2022-12-16 01:07:43,Hôpital Laquintinie,O+,21,8,0,13,4.7,16,100.0,faible,"État satisfaisant, contrôle qualité OK",4,1,12,False,True,normal,ensoleillé
2022-12-16 04:31:53,Hôpital Laquintinie,A+,32,6,0,26,3.6,6,97.9,normale,Hémoglobine dans les normes,4,4,12,False,True,normal,pluvieux
2022-12-16 08:38:02,Hôpital Laquintinie,B+,34,8,0,26,3.7,6,100.0,normale,"Excellent état, conservation parfaite",4,8,12,False,True,normal,orageux
2022-12-16 11:09:52,Hôpital Laquintinie,A+,62,1,0,61,3.7,30,100.0,normale,Attention: proche expiration,4,11,12,False,True,normal,pluvieux
2022-12-16 14:45:41,Hôpital Laquintinie,A+,77,8,0,69,3.4,16,90.5,normale,Hémoglobine dans les normes,4,14,12,False,True,accident_route,pluvieux
2022-12-17 00:38:59,Hôpital Laquintinie,A+,9,2,0,7,4.4,6,99.1,critique,"URGENT: Stock critique - Bon état général, légère variation température",5,0,12,True,True,normal,pluvieux
2022-12-17 05:07:17,Hôpital Laquintinie,O+,19,7,0,12,4.3,17,94.3,faible,Urgent: vérifier température stockage,5,5,12,True,True,accident_route,pluvieux
2022-12-17 18:36:46,Hôpital Laquintinie,A+,47,8,0,39,5.0,34,98.6,normale,Parfait pour transfusion immédiate,5,18,12,True,True,normal,nuageux
2022-12-18 10:07:06,Hôpital Laquintinie,O+,38,6,0,32,3.8,9,98.3,normale,Contrôle bactériologique négatif,6,10,12,True,True,normal,pluvieux
2022-12-18 16:01:05,Hôpital Laquintinie,O-,51,4,0,47,4.1,3,88.2,normale,"Bon état général, légère variation température",6,16,12,True,True,normal,nuageux
2022-12-18 20:03:18,Hôpital Laquintinie,O+,60,4,24,80,4.4,4,86.2,normale,"Excellent état, conservation parfaite",6,20,12,True,True,normal,ensoleillé
2022-12-19 01:48:31,Hôpital Laquintinie,A+,33,10,0,23,4.3,11,99.8,normale,Urgent: vérifier température stockage,0,1,12,False,True,normal,ensoleillé
2022-12-19 05:17:46,Hôpital Laquintinie,B+,29,12,13,30,4.7,40,100.0,normale,Hémoglobine dans les normes,0,5,12,False,True,normal,pluvieux
2022-12-19 10:25:29,Hôpital Laquintinie,A+,72,7,0,65,3.8,1,63.5,attention,Attention: proche expiration,0,10,12,False,True,normal,pluvieux
2022-12-19 15:49:17,Hôpital Laquintinie,O+,79,7,30,102,3.9,15,96.3,normale,"Bon état général, légère variation température",0,15,12,False,True,normal,pluvieux
2022-12-20 16:06:44,Hôpital Laquintinie,O+,59,7,0,52,4.1,13,89.7,normale,Contrôle bactériologique négatif,1,16,12,False,True,normal,pluvieux
2022-12-20 20:42:16,Hôpital Laquintinie,A+,69,5,0,64,4.5,7,100.0,normale,"Excellent état, conservation parfaite",1,20,12,False,True,normal,pluvieux
2022-12-21 03:05:11,Hôpital Laquintinie,A+,31,11,0,20,3.4,46,100.0,normale,Contrôle bactériologique négatif,2,3,12,False,True,campagne_don,ensoleillé
2022-12-21 14:29:52,Hôpital Laquintinie,O+,67,6,0,61,3.1,1,58.1,attention,Parfait pour transfusion immédiate,2,14,12,False,True,normal,ensoleillé
2022-12-21 14:35:10,Hôpital Laquintinie,A+,88,10,0,78,4.1,2,86.6,normale,"Bon état général, légère variation température",2,14,12,False,True,normal,ensoleillé
2022-12-21 18:21:57,Hôpital Laquintinie,O+,43,18,0,25,3.9,1,60.1,attention,Urgent: vérifier température stockage,2,18,12,False,True,normal,ensoleillé
2022-12-21 22:53:03,Hôpital Laquintinie,A+,74,9,0,65,3.4,15,100.0,normale,Contrôle bactériologique négatif,2,22,12,False,True,normal,pluvieux
2022-12-22 02:45:06,Hôpital Laquintinie,A+,10,9,0,1,4.2,2,78.1,critique,URGENT: Stock critique - Parfait pour transfusion immédiate,3,2,12,False,True,normal,pluvieux
2022-12-22 06:19:40,Hôpital Laquintinie,A+,48,13,14,49,4.4,11,94.5,normale,"Bon état général, légère variation température",3,6,12,False,True,normal,pluvieux
2022-12-22 15:09:34,Hôpital Laquintinie,O+,44,11,33,66,4.2,1,55.1,attention,"État satisfaisant, contrôle qualité OK",3,15,12,False,True,normal,pluvieux
2022-12-22 18:29:53,Hôpital Laquintinie,O+,71,10,0,61,4.0,11,100.0,normale,Attention: proche expiration,3,18,12,False,True,normal,ensoleillé
2022-12-22 18:31:53,Hôpital Laquintinie,O+,65,12,0,53,3.5,23,99.1,normale,Contrôle bactériologique négatif,3,18,12,False,True,normal,nuageux
2022-12-23 00:38:34,Hôpital Laquintinie,O-,42,10,0,32,3.5,2,89.9,normale,Hémoglobine dans les normes,4,0,12,False,True,normal,pluvieux
2022-12-23 04:31:50,Hôpital Laquintinie,A+,38,11,0,27,4.0,10,99.8,normale,Contrôle bactériologique négatif,4,4,12,False,True,normal,ensoleillé
2022-12-23 16:34:43,Hôpital Laquintinie,A+,73,14,0,59,4.9,22,100.0,normale,"État satisfaisant, contrôle qualité OK",4,16,12,False,True,accident_route,pluvieux
2022-12-23 17:39:09,Hôpital Laquintinie,O+,54,6,0,48,4.1,1,51.5,attention,"Bon état général, légère variation température",4,17,12,False,True,normal,ensoleillé
2022-12-23 20:18:01,Hôpital Laquintinie,O+,48,12,0,36,3.1,4,88.7,normale,Attention: proche expiration,4,20,12,False,True,normal,ensoleillé
2022-12-24 08:20:14,Hôpital Laquintinie,A-,49,6,0,43,4.9,38,92.1,normale,"Bon état général, légère variation température",5,8,12,True,True,normal,ensoleillé
2022-12-24 20:27:05,Hôpital Laquintinie,B+,59,2,0,57,3.8,15,96.7,normale,Attention: proche expiration,5,20,12,True,True,normal,pluvieux
2022-12-24 23:58:25,Hôpital Laquintinie,O+,16,10,0,6,3.7,22,98.9,critique,URGENT: Stock critique - Hémoglobine dans les normes,5,23,12,True,True,normal,ensoleillé
2022-12-25 02:28:56,Hôpital Laquintinie,A+,21,6,25,40,3.1,8,100.0,normale,"Excellent état, conservation parfaite",6,2,12,True,True,normal,ensoleillé
2022-12-25 06:10:05,Hôpital Laquintinie,B+,61,10,0,51,4.6,25,100.0,normale,Contrôle bactériologique négatif,6,6,12,True,True,normal,pluvieux
2022-12-25 14:40:58,Hôpital Laquintinie,A+,30,5,0,25,3.8,31,99.1,normale,"État satisfaisant, contrôle qualité OK",6,14,12,True,True,normal,ensoleillé
2022-12-25 21:06:37,Hôpital Laquintinie,O+,20,6,26,40,4.1,14,93.8,normale,Contrôle bactériologique négatif,6,21,12,True,True,normal,ensoleillé
2022-12-26 05:22:36,Hôpital Laquintinie,O+,42,7,0,35,4.0,1,64.7,attention,Hémoglobine dans les normes,0,5,12,False,True,normal,nuageux
2022-12-26 09:34:13,Hôpital Laquintinie,O+,78,11,0,67,3.6,12,99.1,normale,"État satisfaisant, contrôle qualité OK",0,9,12,False,True,normal,orageux
2022-12-27 05:07:28,Hôpital Laquintinie,O+,24,0,0,24,4.0,2,75.9,normale,Parfait pour transfusion immédiate,1,5,12,False,True,normal,nuageux
2022-12-27 13:36:48,Hôpital Laquintinie,O+,23,3,19,39,4.1,9,100.0,normale,Urgent: vérifier température stockage,1,13,12,False,True,normal,ensoleillé
2022-12-28 05:59:01,Hôpital Laquintinie,B+,15,12,24,27,3.3,25,100.0,normale,"Bon état général, légère variation température",2,5,12,False,True,normal,ensoleillé
2022-12-28 14:11:17,Hôpital Laquintinie,O+,59,11,17,65,4.1,12,92.7,normale,Contrôle bactériologique négatif,2,14,12,False,True,normal,orageux
2022-12-28 19:45:36,Hôpital Laquintinie,A+,54,11,0,43,3.5,12,100.0,normale,Parfait pour transfusion immédiate,2,19,12,False,True,normal,pluvieux
2022-12-29 03:32:18,Hôpital Laquintinie,A+,29,6,21,44,4.4,41,100.0,normale,"Bon état général, légère variation température",3,3,12,False,True,campagne_don,pluvieux
2022-12-30 00:47:01,Hôpital Laquintinie,A+,15,11,0,4,4.6,27,100.0,critique,"URGENT: Stock critique - Excellent état, conservation parfaite",4,0,12,False,True,normal,ensoleillé
2022-12-30 01:04:34,Hôpital Laquintinie,A+,30,7,0,23,3.8,8,100.0,normale,Parfait pour transfusion immédiate,4,1,12,False,True,normal,nuageux
2022-12-31 05:19:21,Hôpital Laquintinie,O+,23,7,0,16,3.5,1,54.9,faible,"État satisfaisant, contrôle qualité OK",5,5,12,True,True,normal,orageux
2022-12-31 07:05:04,Hôpital Laquintinie,A+,29,8,0,21,3.4,5,92.4,normale,Attention: proche expiration,5,7,12,True,True,normal,orageux
2023-01-01 04:10:16,Hôpital Laquintinie,O+,16,3,0,13,4.4,20,96.8,faible,"État satisfaisant, contrôle qualité OK",6,4,1,True,True,normal,nuageux
2023-01-01 19:02:27,Hôpital Laquintinie,A+,52,4,0,48,3.4,1,55.3,attention,Attention: proche expiration,6,19,1,True,True,normal,ensoleillé
2023-01-01 20:20:56,Hôpital Laquintinie,O+,33,9,0,24,3.9,21,96.7,normale,"Bon état général, légère variation température",6,20,1,True,True,normal,ensoleillé
2023-01-02 08:50:03,Hôpital Laquintinie,A-,12,17,16,16,4.5,38,100.0,faible,"Excellent état, conservation parfaite",0,8,1,False,True,normal,ensoleillé
2023-01-02 23:08:08,Hôpital Laquintinie,O+,39,10,14,43,4.3,6,93.3,normale,Attention: proche expiration,0,23,1,False,True,normal,orageux
2023-01-03 12:49:21,Hôpital Laquintinie,A+,52,9,0,43,3.8,15,89.2,normale,Attention: proche expiration,1,12,1,False,True,normal,pluvieux
2023-01-03 12:49:47,Hôpital Laquintinie,B-,35,13,0,22,4.2,12,95.4,normale,"Bon état général, légère variation température",1,12,1,False,True,normal,ensoleillé
2023-01-03 19:01:50,Hôpital Laquintinie,A+,56,9,28,75,3.7,39,100.0,normale,Contrôle bactériologique négatif,1,19,1,False,True,normal,ensoleillé
2023-01-03 23:13:51,Hôpital Laquintinie,A+,45,13,24,56,4.1,23,99.3,normale,"Bon état général, légère variation température",1,23,1,False,True,normal,ensoleillé
2023-01-04 11:41:46,Hôpital Laquintinie,O+,72,7,0,65,3.8,18,100.0,normale,Urgent: vérifier température stockage,2,11,1,False,True,normal,pluvieux
2023-01-04 14:51:18,Hôpital Laquintinie,O+,32,12,0,20,4.9,1,58.2,attention,"État satisfaisant, contrôle qualité OK",2,14,1,False,True,normal,pluvieux
2023-01-04 14:59:27,Hôpital Laquintinie,A+,53,13,0,40,3.6,22,100.0,normale,"Excellent état, conservation parfaite",2,14,1,False,True,normal,ensoleillé
2023-01-04 19:22:05,Hôpital Laquintinie,O+,47,8,0,39,3.6,49,100.0,normale,Attention: proche expiration,2,19,1,False,True,normal,nuageux
2023-01-04 19:58:46,Hôpital Laquintinie,A+,75,14,0,61,3.8,7,100.0,normale,Parfait pour transfusion immédiate,2,19,1,False,True,normal,pluvieux
2023-01-04 20:14:41,Hôpital Laquintinie,O+,51,9,0,42,4.4,8,100.0,normale,"Bon état général, légère variation température",2,20,1,False,True,normal,ensoleillé
2023-01-04 20:38:22,Hôpital Laquintinie,A+,80,6,23,97,4.4,4,89.0,normale,Urgent: vérifier température stockage,2,20,1,False,True,normal,pluvieux
2023-01-05 03:38:40,Hôpital Laquintinie,A+,19,7,0,12,4.4,24,100.0,faible,Contrôle bactériologique négatif,3,3,1,False,True,normal,ensoleillé
2023-01-05 04:52:29,Hôpital Laquintinie,B+,14,7,14,21,3.6,1,63.5,attention,Contrôle bactériologique négatif,3,4,1,False,True,normal,ensoleillé
2023-01-05 11:15:29,Hôpital Laquintinie,O+,46,8,0,38,4.6,1,64.5,attention,Hémoglobine dans les normes,3,11,1,False,True,normal,ensoleillé
2023-01-05 12:20:48,Hôpital Laquintinie,O+,57,10,0,47,4.4,38,100.0,normale,Attention: proche expiration,3,12,1,False,True,accident_route,nuageux
2023-01-05 17:30:56,Hôpital Laquintinie,O+,62,11,0,51,3.6,12,100.0,normale,Attention: proche expiration,3,17,1,False,True,normal,ensoleillé
2023-01-05 20:18:46,Hôpital Laquintinie,A+,39,13,31,57,4.2,2,77.9,normale,Parfait pour transfusion immédiate,3,20,1,False,True,normal,nuageux
2023-01-05 21:36:24,Hôpital Laquintinie,A+,67,9,23,81,5.1,15,88.9,normale,Hémoglobine dans les normes,3,21,1,False,True,normal,nuageux
2023-01-06 03:20:19,Hôpital Laquintinie,O+,43,11,0,32,3.5,5,100.0,normale,Parfait pour transfusion immédiate,4,3,1,False,True,normal,nuageux
2023-01-06 04:30:33,Hôpital Laquintinie,O+,27,8,0,19,4.1,1,65.6,faible,Contrôle bactériologique négatif,4,4,1,False,True,normal,ensoleillé
2023-01-06 14:33:26,Hôpital Laquintinie,A-,76,17,0,59,4.3,1,54.5,attention,Attention: proche expiration,4,14,1,False,True,normal,ensoleillé
2023-01-06 20:23:22,Hôpital Laquintinie,A+,76,3,0,73,2.9,1,64.3,attention,"Excellent état, conservation parfaite",4,20,1,False,True,normal,pluvieux
2023-01-07 15:45:52,Hôpital Laquintinie,A+,38,8,20,50,3.6,20,95.6,normale,Attention: proche expiration,5,15,1,True,True,normal,ensoleillé
2023-01-08 01:47:01,Hôpital Laquintinie,A+,16,6,0,10,4.1,14,96.3,faible,"État satisfaisant, contrôle qualité OK",6,1,1,True,True,normal,pluvieux
2023-01-08 05:34:56,Hôpital Laquintinie,O-,26,8,0,18,4.0,5,96.6,faible,Hémoglobine dans les normes,6,5,1,True,True,normal,pluvieux
2023-01-08 06:13:40,Hôpital Laquintinie,A+,30,7,0,23,4.4,5,100.0,normale,Urgent: vérifier température stockage,6,6,1,True,True,normal,ensoleillé
2023-01-09 01:58:13,Hôpital Laquintinie,B-,21,8,0,13,4.8,5,100.0,faible,"Bon état général, légère variation température",0,1,1,False,True,normal,ensoleillé
2023-01-10 21:42:40,Hôpital Laquintinie,A+,56,4,0,52,3.3,4,79.5,normale,Contrôle bactériologique négatif,1,21,1,False,True,normal,nuageux
2023-01-11 05:15:26,Hôpital Laquintinie,O+,28,8,0,20,3.9,38,89.3,normale,"Bon état général, légère variation température",2,5,1,False,True,normal,nuageux
2023-01-11 15:30:52,Hôpital Laquintinie,A+,58,5,0,53,4.5,44,90.4,normale,Attention: proche expiration,2,15,1,False,True,normal,pluvieux
2023-01-12 02:56:45,Hôpital Laquintinie,B+,22,8,0,14,3.7,21,100.0,faible,"Bon état général, légère variation température",3,2,1,False,True,normal,ensoleillé
2023-01-12 09:45:54,Hôpital Laquintinie,O+,71,6,0,65,3.5,25,95.2,normale,Hémoglobine dans les normes,3,9,1,False,True,normal,ensoleillé
2023-01-13 00:10:58,Hôpital Laquintinie,A+,17,7,0,10,3.0,14,93.8,faible,Urgent: vérifier température stockage,4,0,1,False,True,normal,nuageux
2023-01-13 00:46:55,Hôpital Laquintinie,O+,18,8,0,10,4.2,3,85.4,faible,"État satisfaisant, contrôle qualité OK",4,0,1,False,True,normal,pluvieux
2023-01-13 05:01:22,Hôpital Laquintinie,A+,52,18,0,34,4.4,4,83.2,normale,Parfait pour transfusion immédiate,4,5,1,False,True,normal,pluvieux
2023-01-13 16:44:49,Hôpital Laquintinie,O+,68,6,28,90,3.5,9,95.2,normale,Hémoglobine dans les normes,4,16,1,False,True,normal,pluvieux
2023-01-14 00:46:13,Hôpital Laquintinie,O+,22,6,0,16,3.6,8,100.0,faible,"Bon état général, légère variation température",5,0,1,True,True,normal,ensoleillé
2023-01-14 03:45:26,Hôpital Laquintinie,A+,17,8,28,37,3.6,6,99.5,normale,"État satisfaisant, contrôle qualité OK",5,3,1,True,True,normal,ensoleillé
2023-01-14 05:43:54,Hôpital Laquintinie,A-,23,6,15,32,3.4,18,100.0,normale,"État satisfaisant, contrôle qualité OK",5,5,1,True,True,normal,nuageux
2023-01-14 16:35:22,Hôpital Laquintinie,A+,35,7,0,28,3.7,7,100.0,normale,"Bon état général, légère variation température",5,16,1,True,True,normal,ensoleillé
2023-01-14 22:03:01,Hôpital Laquintinie,A+,34,10,0,24,4.1,16,99.5,normale,Hémoglobine dans les normes,5,22,1,True,True,normal,ensoleillé
2023-01-14 22:15:53,Hôpital Laquintinie,AB-,38,4,15,49,3.5,15,100.0,normale,"État satisfaisant, contrôle qualité OK",5,22,1,True,True,normal,ensoleillé
2023-01-15 07:39:52,Hôpital Laquintinie,A-,56,8,0,48,3.7,15,99.6,normale,Parfait pour transfusion immédiate,6,7,1,True,True,normal,ensoleillé
2023-01-15 10:53:37,Hôpital Laquintinie,O+,51,6,0,45,4.4,23,98.5,normale,"Bon état général, légère variation température",6,10,1,True,True,normal,ensoleillé
2023-01-16 17:35:34,Hôpital Laquintinie,A+,75,8,27,94,3.6,28,100.0,normale,Urgent: vérifier température stockage,0,17,1,False,True,normal,orageux
2023-01-17 00:31:56,Hôpital Laquintinie,A+,34,2,0,32,3.5,10,100.0,normale,"Excellent état, conservation parfaite",1,0,1,False,True,normal,pluvieux
2023-01-17 06:38:31,Hôpital Laquintinie,O+,30,15,0,15,4.1,14,97.3,faible,Urgent: vérifier température stockage,1,6,1,False,True,normal,nuageux
2023-01-17 07:56:21,Hôpital Laquintinie,O+,49,12,22,59,4.6,21,95.3,normale,"Excellent état, conservation parfaite",1,7,1,False,True,normal,nuageux
2023-01-17 22:21:30,Hôpital Laquintinie,O+,70,13,18,75,4.5,56,100.0,normale,Parfait pour transfusion immédiate,1,22,1,False,True,normal,nuageux
2023-01-17 22:26:05,Hôpital Laquintinie,O+,83,10,0,73,3.8,3,82.9,normale,Parfait pour transfusion immédiate,1,22,1,False,True,normal,pluvieux
2023-01-18 01:25:44,Hôpital Laquintinie,A+,25,6,0,19,4.3,11,98.9,faible,"Bon état général, légère variation température",2,1,1,False,True,normal,ensoleillé
2023-01-18 11:24:50,Hôpital Laquintinie,B-,21,7,17,31,4.8,10,97.0,normale,"Bon état général, légère variation température",2,11,1,False,True,accident_route,pluvieux
2023-01-19 13:00:36,Hôpital Laquintinie,O+,37,7,0,30,4.6,7,100.0,normale,Attention: proche expiration,3,13,1,False,True,normal,nuageux
2023-01-19 19:00:32,Hôpital Laquintinie,O+,63,7,0,56,4.0,16,100.0,normale,Contrôle bactériologique négatif,3,19,1,False,True,normal,ensoleillé
2023-01-20 05:42:39,Hôpital Laquintinie,O-,21,14,21,28,3.7,2,83.3,normale,Parfait pour transfusion immédiate,4,5,1,False,True,normal,nuageux
2023-01-20 09:22:32,Hôpital Laquintinie,O+,48,5,0,43,4.5,22,97.3,normale,"Bon état général, légère variation température",4,9,1,False,True,normal,ensoleillé
2023-01-20 20:12:43,Hôpital Laquintinie,O+,72,9,0,63,4.3,38,94.9,normale,"Bon état général, légère variation température",4,20,1,False,True,urgence_médicale,ensoleillé
2023-01-21 09:53:54,Hôpital Laquintinie,A+,47,11,17,53,3.8,1,47.3,attention,"Bon état général, légère variation température",5,9,1,True,True,normal,orageux
2023-01-21 14:31:09,Hôpital Laquintinie,A+,29,3,21,47,4.1,5,97.6,normale,Attention: proche expiration,5,14,1,True,True,urgence_médicale,ensoleillé
2023-01-22 03:25:35,Hôpital Laquintinie,O+,18,4,0,14,4.8,4,88.0,faible,"Bon état général, légère variation température",6,3,1,True,True,normal,ensoleillé
2023-01-22 07:56:04,Hôpital Laquintinie,O-,40,5,0,35,4.7,38,100.0,normale,"Bon état général, légère variation température",6,7,1,True,True,normal,pluvieux
2023-01-22 10:20:55,Hôpital Laquintinie,A+,35,7,27,55,3.6,12,100.0,normale,Contrôle bactériologique négatif,6,10,1,True,True,normal,pluvieux
2023-01-22 14:34:00,Hôpital Laquintinie,A-,35,8,0,27,4.8,5,98.2,normale,"État satisfaisant, contrôle qualité OK",6,14,1,True,True,normal,ensoleillé
2023-01-23 04:35:05,Hôpital Laquintinie,A+,39,9,0,30,3.9,14,100.0,normale,Parfait pour transfusion immédiate,0,4,1,False,True,normal,pluvieux
2023-01-24 19:36:05,Hôpital Laquintinie,A-,82,11,22,93,3.6,17,100.0,normale,"État satisfaisant, contrôle qualité OK",1,19,1,False,True,normal,ensoleillé
2023-01-25 10:09:50,Hôpital Laquintinie,O+,77,8,15,84,3.1,91,100.0,normale,"Excellent état, conservation parfaite",2,10,1,False,True,normal,ensoleillé
2023-01-25 18:35:36,Hôpital Laquintinie,O+,52,4,0,48,3.3,20,100.0,normale,Attention: proche expiration,2,18,1,False,True,normal,nuageux
2023-01-26 22:44:11,Hôpital Laquintinie,A+,66,4,23,85,4.0,4,87.5,normale,Contrôle bactériologique négatif,3,22,1,False,True,normal,orageux
2023-01-27 03:09:00,Hôpital Laquintinie,A+,39,12,0,27,3.0,4,80.6,normale,"Bon état général, légère variation température",4,3,1,False,True,normal,nuageux
2023-01-28 14:02:51,Hôpital Laquintinie,A-,14,6,0,8,4.4,1,56.0,critique,"URGENT: Stock critique - État satisfaisant, contrôle qualité OK",5,14,1,True,True,normal,pluvieux
2023-01-28 22:22:27,Hôpital Laquintinie,B-,60,11,26,75,4.0,8,96.9,normale,Parfait pour transfusion immédiate,5,22,1,True,True,normal,ensoleillé
2023-01-28 23:44:08,Hôpital Laquintinie,A-,20,8,15,27,3.9,1,59.5,attention,Hémoglobine dans les normes,5,23,1,True,True,normal,pluvieux
2023-01-28 23:47:33,Hôpital Laquintinie,O-,21,6,0,15,3.7,13,100.0,faible,Contrôle bactériologique négatif,5,23,1,True,True,normal,ensoleillé
2023-01-29 15:20:55,Hôpital Laquintinie,O+,37,7,0,30,3.7,23,94.3,normale,"Excellent état, conservation parfaite",6,15,1,True,True,normal,nuageux
2023-01-29 20:25:45,Hôpital Laquintinie,O+,17,5,0,12,4.9,12,100.0,faible,"Excellent état, conservation parfaite",6,20,1,True,True,épidémie,ensoleillé
2023-01-30 01:26:42,Hôpital Laquintinie,O-,31,11,0,20,4.0,11,100.0,normale,Hémoglobine dans les normes,0,1,1,False,True,normal,pluvieux
2023-01-30 02:51:19,Hôpital Laquintinie,O+,35,6,19,48,4.9,33,95.4,normale,"Excellent état, conservation parfaite",0,2,1,False,True,normal,ensoleillé
2023-01-30 06:46:15,Hôpital Laquintinie,B+,55,8,21,68,3.3,2,89.9,normale,"État satisfaisant, contrôle qualité OK",0,6,1,False,True,normal,ensoleillé
2023-01-30 07:52:20,Hôpital Laquintinie,A+,76,14,16,78,4.2,16,93.3,normale,Urgent: vérifier température stockage,0,7,1,False,True,normal,nuageux
2023-01-31 05:11:00,Hôpital Laquintinie,A+,29,8,26,47,5.0,12,100.0,normale,Urgent: vérifier température stockage,1,5,1,False,True,normal,orageux
2023-01-31 06:03:42,Hôpital Laquintinie,A+,95,12,0,83,4.7,11,100.0,normale,Contrôle bactériologique négatif,1,6,1,False,True,normal,nuageux
2023-01-31 16:10:56,Hôpital Laquintinie,A+,90,11,0,79,4.0,20,100.0,normale,"Bon état général, légère variation température",1,16,1,False,True,normal,nuageux
2023-02-01 13:18:06,Hôpital Laquintinie,O+,60,9,0,51,4.6,15,100.0,normale,Attention: proche expiration,2,13,2,False,False,normal,pluvieux
2023-02-01 18:05:37,Hôpital Laquintinie,O+,64,8,0,56,4.0,1,64.8,attention,Attention: proche expiration,2,18,2,False,False,normal,ensoleillé
2023-02-03 02:10:28,Hôpital Laquintinie,B+,36,5,0,31,4.2,1,55.9,attention,Hémoglobine dans les normes,4,2,2,False,False,normal,nuageux
2023-02-03 04:43:58,Hôpital Laquintinie,B-,19,3,0,16,3.5,7,99.2,faible,Contrôle bactériologique négatif,4,4,2,False,False,normal,pluvieux
2023-02-04 13:23:25,Hôpital Laquintinie,O+,19,4,0,15,3.6,6,100.0,faible,Contrôle bactériologique négatif,5,13,2,True,False,normal,ensoleillé
2023-02-05 14:43:35,Hôpital Laquintinie,B-,27,6,0,21,4.2,67,100.0,normale,Attention: proche expiration,6,14,2,True,False,normal,orageux
2023-02-05 21:40:13,Hôpital Laquintinie,A-,59,5,0,54,4.2,6,98.4,normale,"État satisfaisant, contrôle qualité OK",6,21,2,True,False,normal,ensoleillé
2023-02-06 06:37:47,Hôpital Laquintinie,A+,44,7,32,69,3.1,10,100.0,normale,"Excellent état, conservation parfaite",0,6,2,False,False,normal,nuageux
2023-02-06 10:10:28,Hôpital Laquintinie,A-,45,7,0,38,3.5,27,98.2,normale,Hémoglobine dans les normes,0,10,2,False,False,normal,pluvieux
2023-02-07 21:19:05,Hôpital Laquintinie,O+,49,9,0,40,3.8,43,100.0,normale,"Excellent état, conservation parfaite",1,21,2,False,False,normal,nuageux
2023-02-08 09:03:48,Hôpital Laquintinie,A+,68,7,0,61,3.3,73,100.0,normale,"État satisfaisant, contrôle qualité OK",2,9,2,False,False,normal,pluvieux
2023-02-08 11:08:33,Hôpital Laquintinie,A+,36,8,0,28,4.4,8,100.0,normale,Contrôle bactériologique négatif,2,11,2,False,False,normal,pluvieux
2023-02-08 15:41:23,Hôpital Laquintinie,A+,69,9,0,60,4.7,4,71.7,normale,"Excellent état, conservation parfaite",2,15,2,False,False,normal,pluvieux
2023-02-08 16:25:27,Hôpital Laquintinie,A+,48,3,0,45,4.2,1,60.1,attention,"État satisfaisant, contrôle qualité OK",2,16,2,False,False,normal,pluvieux
2023-02-08 17:03:47,Hôpital Laquintinie,A+,64,4,22,82,3.8,36,100.0,normale,Hémoglobine dans les normes,2,17,2,False,False,normal,orageux
2023-02-09 23:05:43,Hôpital Laquintinie,O+,22,9,14,27,3.3,30,90.3,normale,Hémoglobine dans les normes,3,23,2,False,False,normal,pluvieux
2023-02-10 06:28:30,Hôpital Laquintinie,A-,53,2,31,82,4.4,23,100.0,normale,Contrôle bactériologique négatif,4,6,2,False,False,normal,nuageux
2023-02-10 21:27:29,Hôpital Laquintinie,A+,52,11,0,41,4.7,2,84.9,normale,"Excellent état, conservation parfaite",4,21,2,False,False,normal,nuageux
2023-02-10 23:07:58,Hôpital Laquintinie,O+,36,6,0,30,4.3,6,97.5,normale,Attention: proche expiration,4,23,2,False,False,normal,pluvieux
2023-02-11 00:43:46,Hôpital Laquintinie,A+,20,6,0,14,3.2,14,100.0,faible,Parfait pour transfusion immédiate,5,0,2,True,False,normal,ensoleillé
2023-02-11 07:02:45,Hôpital Laquintinie,AB-,40,2,0,38,4.0,19,95.0,normale,"Excellent état, conservation parfaite",5,7,2,True,False,normal,nuageux
2023-02-11 14:27:33,Hôpital Laquintinie,A-,39,5,0,34,4.2,3,88.0,normale,Parfait pour transfusion immédiate,5,14,2,True,False,normal,ensoleillé
2023-02-11 17:07:57,Hôpital Laquintinie,O+,48,6,26,68,3.3,6,100.0,normale,"Bon état général, légère variation température",5,17,2,True,False,normal,ensoleillé
2023-02-12 11:56:24,Hôpital Laquintinie,B-,27,3,0,24,3.1,5,99.5,normale,"Bon état général, légère variation température",6,11,2,True,False,épidémie,pluvieux
2023-02-12 20:34:52,Hôpital Laquintinie,O+,55,7,0,48,4.2,9,93.2,normale,Parfait pour transfusion immédiate,6,20,2,True,False,campagne_don,ensoleillé
2023-02-13 00:19:16,Hôpital Laquintinie,O+,9,10,0,0,3.5,9,100.0,critique,"URGENT: Stock critique - Excellent état, conservation parfaite",0,0,2,False,False,normal,nuageux
2023-02-13 14:27:31,Hôpital Laquintinie,O+,37,6,0,31,3.3,5,100.0,normale,Contrôle bactériologique négatif,0,14,2,False,False,normal,pluvieux
2023-02-13 16:55:48,Hôpital Laquintinie,O+,55,3,0,52,4.5,61,100.0,normale,Attention: proche expiration,0,16,2,False,False,normal,ensoleillé
2023-02-14 04:14:48,Hôpital Laquintinie,A+,16,6,0,10,4.3,52,93.2,faible,"Bon état général, légère variation température",1,4,2,False,False,normal,pluvieux
2023-02-15 20:16:46,Hôpital Laquintinie,O+,44,8,0,36,3.8,1,60.9,attention,Contrôle bactériologique négatif,2,20,2,False,False,normal,nuageux
2023-02-15 21:39:47,Hôpital Laquintinie,A+,53,8,0,45,3.6,1,64.1,attention,"Bon état général, légère variation température",2,21,2,False,False,normal,orageux
2023-02-16 05:01:03,Hôpital Laquintinie,B+,25,5,0,20,3.8,3,78.7,normale,"État satisfaisant, contrôle qualité OK",3,5,2,False,False,normal,nuageux
2023-02-16 05:03:36,Hôpital Laquintinie,O+,33,5,22,50,4.0,2,90.0,normale,Attention: proche expiration,3,5,2,False,False,normal,nuageux
2023-02-17 00:09:28,Hôpital Laquintinie,O-,16,3,0,13,3.1,13,98.9,faible,Urgent: vérifier température stockage,4,0,2,False,False,normal,pluvieux
2023-02-17 01:12:58,Hôpital Laquintinie,O+,12,4,0,8,4.3,10,100.0,critique,URGENT: Stock critique - Contrôle bactériologique négatif,4,1,2,False,False,normal,ensoleillé
2023-02-17 02:17:46,Hôpital Laquintinie,O+,24,9,0,15,3.0,15,96.6,faible,"Excellent état, conservation parfaite",4,2,2,False,False,normal,pluvieux
2023-02-17 11:11:14,Hôpital Laquintinie,O+,40,8,0,32,4.3,18,100.0,normale,"Bon état général, légère variation température",4,11,2,False,False,normal,ensoleillé
2023-02-17 12:49:35,Hôpital Laquintinie,A+,46,11,18,53,2.9,1,60.8,attention,Parfait pour transfusion immédiate,4,12,2,False,False,normal,ensoleillé
2023-02-17 13:07:09,Hôpital Laquintinie,A+,40,10,23,53,3.8,36,94.4,normale,"Bon état général, légère variation température",4,13,2,False,False,normal,pluvieux
2023-02-17 13:39:28,Hôpital Laquintinie,O+,55,12,0,43,4.1,20,100.0,normale,"État satisfaisant, contrôle qualité OK",4,13,2,False,False,normal,ensoleillé
2023-02-17 22:52:49,Hôpital Laquintinie,O+,46,5,0,41,3.8,38,98.4,normale,"Excellent état, conservation parfaite",4,22,2,False,False,normal,orageux
2023-02-18 03:25:05,Hôpital Laquintinie,O+,13,4,0,9,4.2,12,96.7,critique,"URGENT: Stock critique - Bon état général, légère variation température",5,3,2,True,False,normal,pluvieux
2023-02-18 04:09:35,Hôpital Laquintinie,O+,21,8,0,13,3.6,15,98.2,faible,"Excellent état, conservation parfaite",5,4,2,True,False,campagne_don,pluvieux
2023-02-18 10:20:24,Hôpital Laquintinie,A+,35,2,23,56,4.0,6,97.4,normale,"Excellent état, conservation parfaite",5,10,2,True,False,normal,pluvieux
2023-02-19 11:26:27,Hôpital Laquintinie,O+,26,6,0,20,3.3,8,95.2,normale,"Bon état général, légère variation température",6,11,2,True,False,normal,pluvieux
2023-02-19 11:57:33,Hôpital Laquintinie,O+,38,0,0,38,4.0,10,100.0,normale,Attention: proche expiration,6,11,2,True,False,normal,orageux
2023-02-19 14:25:44,Hôpital Laquintinie,O+,19,4,0,15,4.3,17,100.0,faible,Contrôle bactériologique négatif,6,14,2,True,False,normal,ensoleillé
2023-02-19 18:09:24,Hôpital Laquintinie,B+,45,5,0,40,3.7,63,97.2,normale,Attention: proche expiration,6,18,2,True,False,normal,nuageux
2023-02-19 23:34:25,Hôpital Laquintinie,A-,19,1,0,18,4.1,37,91.8,faible,"Excellent état, conservation parfaite",6,23,2,True,False,normal,nuageux
2023-02-20 06:19:14,Hôpital Laquintinie,B+,21,12,20,29,3.9,24,99.9,normale,Attention: proche expiration,0,6,2,False,False,normal,pluvieux
2023-02-20 10:02:07,Hôpital Laquintinie,A-,57,10,0,47,4.4,4,88.1,normale,Contrôle bactériologique négatif,0,10,2,False,False,normal,ensoleillé
2023-02-21 06:21:27,Hôpital Laquintinie,A+,35,10,22,47,3.9,30,96.1,normale,"État satisfaisant, contrôle qualité OK",1,6,2,False,False,normal,nuageux
2023-02-22 00:20:11,Hôpital Laquintinie,A+,32,7,0,25,3.3,15,100.0,normale,Parfait pour transfusion immédiate,2,0,2,False,False,normal,nuageux
2023-02-22 01:51:08,Hôpital Laquintinie,O+,17,12,0,5,4.7,11,99.1,critique,URGENT: Stock critique - Parfait pour transfusion immédiate,2,1,2,False,False,normal,ensoleillé
2023-02-23 00:16:12,Hôpital Laquintinie,A+,13,6,0,7,3.9,13,96.3,critique,"URGENT: Stock critique - État satisfaisant, contrôle qualité OK",3,0,2,False,False,normal,ensoleillé
2023-02-23 05:12:59,Hôpital Laquintinie,A+,22,7,0,15,3.8,13,93.3,faible,"Bon état général, légère variation température",3,5,2,False,False,normal,pluvieux
2023-02-23 05:28:21,Hôpital Laquintinie,A+,37,8,0,29,3.5,12,100.0,normale,Urgent: vérifier température stockage,3,5,2,False,False,normal,pluvieux
2023-02-23 07:52:10,Hôpital Laquintinie,O+,45,8,0,37,4.1,7,98.9,normale,Parfait pour transfusion immédiate,3,7,2,False,False,normal,orageux
2023-02-23 21:12:27,Hôpital Laquintinie,A+,37,8,0,29,4.4,17,99.9,normale,Urgent: vérifier température stockage,3,21,2,False,False,normal,ensoleillé
2023-02-24 20:11:26,Hôpital Laquintinie,O+,86,8,0,78,4.4,10,99.6,normale,"État satisfaisant, contrôle qualité OK",4,20,2,False,False,normal,pluvieux
2023-02-24 21:13:08,Hôpital Laquintinie,A+,56,11,0,45,4.1,8,97.6,normale,Contrôle bactériologique négatif,4,21,2,False,False,normal,ensoleillé
2023-02-25 08:01:07,Hôpital Laquintinie,B+,56,2,0,54,3.9,1,57.8,attention,"Excellent état, conservation parfaite",5,8,2,True,False,normal,pluvieux
2023-02-25 08:10:44,Hôpital Laquintinie,A+,48,6,0,42,3.8,6,100.0,normale,Attention: proche expiration,5,8,2,True,False,normal,pluvieux
2023-02-26 01:56:06,Hôpital Laquintinie,A+,3,9,0,0,3.9,16,100.0,critique,"URGENT: Stock critique - Bon état général, légère variation température",6,1,2,True,False,normal,orageux
2023-02-26 02:09:48,Hôpital Laquintinie,A+,20,6,0,14,3.3,14,94.7,faible,Parfait pour transfusion immédiate,6,2,2,True,False,normal,ensoleillé
2023-02-26 10:40:39,Hôpital Laquintinie,O+,47,4,0,43,4.0,1,57.7,attention,"État satisfaisant, contrôle qualité OK",6,10,2,True,False,normal,nuageux
2023-02-26 13:17:47,Hôpital Laquintinie,O+,46,9,0,37,4.3,6,99.4,normale,Contrôle bactériologique négatif,6,13,2,True,False,normal,ensoleillé
2023-02-27 05:49:17,Hôpital Laquintinie,A+,19,6,18,31,3.8,1,57.6,attention,Hémoglobine dans les normes,0,5,2,False,False,normal,nuageux
2023-02-27 22:32:51,Hôpital Laquintinie,O-,55,10,0,45,4.9,7,95.1,normale,Parfait pour transfusion immédiate,0,22,2,False,False,normal,ensoleillé
2023-02-28 19:15:48,Hôpital Laquintinie,O+,46,2,0,44,4.0,28,100.0,normale,Urgent: vérifier température stockage,1,19,2,False,False,normal,ensoleillé
2023-03-01 13:44:09,Hôpital Laquintinie,A+,58,9,12,61,4.9,11,89.0,normale,Attention: proche expiration,2,13,3,False,False,normal,pluvieux
2023-03-02 08:14:16,Hôpital Laquintinie,A+,41,9,0,32,4.4,1,67.7,attention,Urgent: vérifier température stockage,3,8,3,False,False,normal,nuageux
2023-03-02 08:55:18,Hôpital Laquintinie,A+,58,7,0,51,4.4,1,59.8,attention,Contrôle bactériologique négatif,3,8,3,False,False,normal,nuageux
2023-03-03 11:56:36,Hôpital Laquintinie,O+,53,6,0,47,3.2,17,100.0,normale,Hémoglobine dans les normes,4,11,3,False,False,normal,ensoleillé
2023-03-03 21:08:58,Hôpital Laquintinie,O+,51,11,15,55,4.3,4,80.5,normale,Urgent: vérifier température stockage,4,21,3,False,False,normal,pluvieux
2023-03-03 22:27:14,Hôpital Laquintinie,A-,12,4,0,8,4.1,2,91.0,critique,URGENT: Stock critique - Urgent: vérifier température stockage,4,22,3,False,False,normal,nuageux
2023-03-04 01:04:54,Hôpital Laquintinie,O-,18,4,11,25,4.1,6,100.0,normale,"Bon état général, légère variation température",5,1,3,True,False,normal,pluvieux
2023-03-04 04:05:57,Hôpital Laquintinie,B+,20,5,0,15,3.8,6,96.6,faible,Contrôle bactériologique négatif,5,4,3,True,False,normal,nuageux
2023-03-04 06:35:29,Hôpital Laquintinie,B-,23,8,0,15,3.5,9,100.0,faible,"État satisfaisant, contrôle qualité OK",5,6,3,True,False,normal,ensoleillé
2023-03-05 04:19:33,Hôpital Laquintinie,A+,12,7,0,5,4.4,2,83.5,critique,URGENT: Stock critique - Attention: proche expiration,6,4,3,True,False,normal,ensoleillé
2023-03-05 12:04:06,Hôpital Laquintinie,A+,41,5,0,36,4.0,17,94.7,normale,"État satisfaisant, contrôle qualité OK",6,12,3,True,False,normal,pluvieux
2023-03-05 16:21:12,Hôpital Laquintinie,B-,34,5,0,29,3.2,2,86.8,normale,"État satisfaisant, contrôle qualité OK",6,16,3,True,False,normal,ensoleillé
2023-03-07 01:01:45,Hôpital Laquintinie,B+,28,15,0,13,3.9,1,57.6,faible,"Bon état général, légère variation température",1,1,3,False,False,normal,orageux
2023-03-07 04:49:40,Hôpital Laquintinie,A+,27,6,0,21,3.8,8,100.0,normale,Contrôle bactériologique négatif,1,4,3,False,False,normal,ensoleillé
2023-03-07 07:42:29,Hôpital Laquintinie,O+,43,5,0,38,4.4,17,100.0,normale,"Bon état général, légère variation température",1,7,3,False,False,normal,pluvieux
2023-03-07 10:08:28,Hôpital Laquintinie,A+,50,4,22,68,3.8,2,94.1,normale,Urgent: vérifier température stockage,1,10,3,False,False,normal,pluvieux
2023-03-07 11:24:21,Hôpital Laquintinie,O-,70,11,0,59,4.5,8,100.0,normale,Urgent: vérifier température stockage,1,11,3,False,False,normal,nuageux
2023-03-08 00:19:12,Hôpital Laquintinie,A+,35,9,21,47,3.8,19,99.1,normale,Contrôle bactériologique négatif,2,0,3,False,False,normal,ensoleillé
2023-03-08 09:48:31,Hôpital Laquintinie,AB+,43,8,0,35,3.7,9,95.6,normale,Contrôle bactériologique négatif,2,9,3,False,False,normal,ensoleillé
2023-03-08 17:07:15,Hôpital Laquintinie,O+,51,15,0,36,4.6,11,100.0,normale,"Bon état général, légère variation température",2,17,3,False,False,normal,ensoleillé
2023-03-09 10:22:52,Hôpital Laquintinie,A-,40,7,25,58,3.5,6,89.7,normale,Parfait pour transfusion immédiate,3,10,3,False,False,normal,pluvieux
2023-03-09 14:17:44,Hôpital Laquintinie,O+,60,6,0,54,4.8,26,98.8,normale,Attention: proche expiration,3,14,3,False,False,normal,ensoleillé
2023-03-09 17:41:43,Hôpital Laquintinie,A+,42,8,22,56,3.6,1,62.0,attention,Parfait pour transfusion immédiate,3,17,3,False,False,normal,nuageux
2023-03-09 21:34:34,Hôpital Laquintinie,O+,49,10,20,59,4.1,1,68.2,attention,"Excellent état, conservation parfaite",3,21,3,False,False,normal,pluvieux
2023-03-10 06:44:20,Hôpital Laquintinie,O-,59,11,0,48,5.4,1,59.1,attention,Urgent: vérifier température stockage,4,6,3,False,False,normal,pluvieux
2023-03-10 17:46:05,Hôpital Laquintinie,A+,35,9,0,26,4.6,26,100.0,normale,"État satisfaisant, contrôle qualité OK",4,17,3,False,False,normal,ensoleillé
2023-03-10 22:05:16,Hôpital Laquintinie,B+,24,4,0,20,3.4,1,66.5,attention,Hémoglobine dans les normes,4,22,3,False,False,normal,ensoleillé
2023-03-11 00:36:32,Hôpital Laquintinie,O+,18,1,0,17,4.6,18,100.0,faible,Contrôle bactériologique négatif,5,0,3,True,False,normal,pluvieux
2023-03-11 01:43:40,Hôpital Laquintinie,O+,23,2,16,37,4.2,6,100.0,normale,Attention: proche expiration,5,1,3,True,False,normal,ensoleillé
2023-03-11 19:53:40,Hôpital Laquintinie,A+,36,3,0,33,4.2,20,99.6,normale,"Bon état général, légère variation température",5,19,3,True,False,normal,ensoleillé
2023-03-12 06:54:07,Hôpital Laquintinie,O+,24,3,22,43,3.7,76,100.0,normale,Contrôle bactériologique négatif,6,6,3,True,False,normal,nuageux
2023-03-12 17:09:30,Hôpital Laquintinie,B+,29,3,24,50,4.7,21,98.7,normale,Contrôle bactériologique négatif,6,17,3,True,False,normal,ensoleillé
2023-03-13 18:38:20,Hôpital Laquintinie,O+,32,3,0,29,4.1,1,56.2,attention,Parfait pour transfusion immédiate,0,18,3,False,False,normal,ensoleillé
2023-03-14 00:15:51,Hôpital Laquintinie,O+,32,6,0,26,3.5,18,97.2,normale,Contrôle bactériologique négatif,1,0,3,False,False,normal,nuageux
2023-03-14 10:13:25,Hôpital Laquintinie,A+,41,8,0,33,3.7,9,97.5,normale,"État satisfaisant, contrôle qualité OK",1,10,3,False,False,normal,pluvieux
2023-03-14 16:35:06,Hôpital Laquintinie,A+,21,7,0,14,4.1,26,99.2,faible,"Excellent état, conservation parfaite",1,16,3,False,False,normal,orageux
2023-03-16 03:46:44,Hôpital Laquintinie,O+,30,7,0,23,4.6,39,96.0,normale,"Excellent état, conservation parfaite",3,3,3,False,False,normal,pluvieux
2023-03-16 07:04:28,Hôpital Laquintinie,O+,0,8,0,0,3.0,26,100.0,critique,"URGENT: Stock critique - Bon état général, légère variation température",3,7,3,False,False,normal,ensoleillé
2023-03-16 20:59:25,Hôpital Laquintinie,A+,57,9,0,48,4.1,1,68.7,attention,"Excellent état, conservation parfaite",3,20,3,False,False,normal,nuageux
2023-03-16 22:59:19,Hôpital Laquintinie,O+,53,7,0,46,2.9,15,100.0,normale,Attention: proche expiration,3,22,3,False,False,normal,ensoleillé
2023-03-17 13:34:58,Hôpital Laquintinie,O+,33,1,17,49,3.2,48,95.8,normale,Parfait pour transfusion immédiate,4,13,3,False,False,normal,ensoleillé
2023-03-17 18:38:43,Hôpital Laquintinie,O+,39,6,0,33,3.3,19,100.0,normale,Parfait pour transfusion immédiate,4,18,3,False,False,normal,pluvieux
2023-03-18 00:56:44,Hôpital Laquintinie,O+,16,2,0,14,3.9,4,95.7,faible,Contrôle bactériologique négatif,5,0,3,True,False,normal,pluvieux
2023-03-18 16:49:12,Hôpital Laquintinie,A+,47,5,0,42,5.2,13,100.0,normale,Urgent: vérifier température stockage,5,16,3,True,False,normal,pluvieux
2023-03-18 21:52:27,Hôpital Laquintinie,A+,42,5,0,37,3.7,12,100.0,normale,Contrôle bactériologique négatif,5,21,3,True,False,normal,ensoleillé
2023-03-20 05:28:00,Hôpital Laquintinie,AB-,8,4,0,4,4.0,21,98.5,critique,URGENT: Stock critique - Hémoglobine dans les normes,0,5,3,False,False,normal,ensoleillé
2023-03-20 18:22:33,Hôpital Laquintinie,A+,15,1,0,14,4.7,3,90.7,faible,Parfait pour transfusion immédiate,0,18,3,False,False,normal,pluvieux
2023-03-20 23:37:00,Hôpital Laquintinie,A-,28,7,0,21,4.3,13,100.0,normale,Parfait pour transfusion immédiate,0,23,3,False,False,normal,ensoleillé
2023-03-21 05:37:51,Hôpital Laquintinie,A+,22,7,0,15,3.8,4,92.9,faible,Urgent: vérifier température stockage,1,5,3,False,False,normal,nuageux
2023-03-22 18:40:38,Hôpital Laquintinie,A+,39,13,14,40,4.0,18,97.9,normale,Attention: proche expiration,2,18,3,False,False,accident_route,ensoleillé
2023-03-22 21:19:57,Hôpital Laquintinie,O+,40,9,0,31,3.7,8,100.0,normale,"Bon état général, légère variation température",2,21,3,False,False,normal,ensoleillé
2023-03-22 21:40:54,Hôpital Laquintinie,AB+,38,9,0,29,4.0,16,100.0,normale,"Bon état général, légère variation température",2,21,3,False,False,normal,pluvieux
2023-03-23 08:46:45,Hôpital Laquintinie,B-,51,7,0,44,4.5,38,99.4,normale,"Excellent état, conservation parfaite",3,8,3,False,False,normal,nuageux
2023-03-23 14:04:26,Hôpital Laquintinie,A+,59,6,0,53,3.3,1,59.9,attention,Contrôle bactériologique négatif,3,14,3,False,False,normal,ensoleillé
2023-03-23 15:39:41,Hôpital Laquintinie,B+,38,11,0,27,3.7,47,92.8,normale,Hémoglobine dans les normes,3,15,3,False,False,normal,nuageux
2023-03-23 18:29:18,Hôpital Laquintinie,O+,58,15,0,43,4.4,10,100.0,normale,Contrôle bactériologique négatif,3,18,3,False,False,normal,nuageux
2023-03-23 19:31:39,Hôpital Laquintinie,A+,83,8,0,75,4.0,1,62.6,attention,"État satisfaisant, contrôle qualité OK",3,19,3,False,False,normal,pluvieux
2023-03-24 07:27:02,Hôpital Laquintinie,A+,16,8,0,8,4.3,17,100.0,critique,URGENT: Stock critique - Parfait pour transfusion immédiate,4,7,3,False,False,normal,ensoleillé
2023-03-24 11:40:13,Hôpital Laquintinie,A+,46,5,0,41,4.4,1,58.2,attention,"Excellent état, conservation parfaite",4,11,3,False,False,normal,ensoleillé
2023-03-24 13:45:05,Hôpital Laquintinie,A+,51,9,0,42,4.0,47,100.0,normale,"Bon état général, légère variation température",4,13,3,False,False,normal,ensoleillé
2023-03-24 21:33:58,Hôpital Laquintinie,AB+,51,7,0,44,4.0,8,98.4,normale,"Excellent état, conservation parfaite",4,21,3,False,False,normal,ensoleillé
2023-03-24 23:47:42,Hôpital Laquintinie,O+,28,5,0,23,4.1,32,100.0,normale,Contrôle bactériologique négatif,4,23,3,False,False,normal,orageux
2023-03-25 14:29:44,Hôpital Laquintinie,O+,28,6,0,22,3.8,11,99.7,normale,Hémoglobine dans les normes,5,14,3,True,False,normal,orageux
2023-03-25 15:53:08,Hôpital Laquintinie,B+,48,6,24,66,3.9,25,95.5,normale,Contrôle bactériologique négatif,5,15,3,True,False,normal,nuageux
2023-03-26 01:11:34,Hôpital Laquintinie,O-,13,3,0,10,4.1,1,63.6,faible,"Bon état général, légère variation température",6,1,3,True,False,normal,ensoleillé
2023-03-26 07:32:35,Hôpital Laquintinie,A+,26,0,0,26,3.9,22,100.0,normale,"État satisfaisant, contrôle qualité OK",6,7,3,True,False,normal,nuageux
2023-03-26 15:50:00,Hôpital Laquintinie,O+,43,6,0,37,4.0,6,100.0,normale,"Excellent état, conservation parfaite",6,15,3,True,False,normal,pluvieux
2023-03-26 16:42:50,Hôpital Laquintinie,O+,27,5,26,48,4.2,33,95.5,normale,Contrôle bactériologique négatif,6,16,3,True,False,normal,orageux
2023-03-27 02:02:54,Hôpital Laquintinie,O-,27,10,0,17,3.2,36,100.0,faible,Attention: proche expiration,0,2,3,False,False,normal,ensoleillé
2023-03-27 02:04:05,Hôpital Laquintinie,O+,14,4,0,10,3.4,10,94.4,faible,Parfait pour transfusion immédiate,0,2,3,False,False,normal,orageux
2023-03-27 05:03:26,Hôpital Laquintinie,B+,18,10,0,8,4.4,11,100.0,critique,"URGENT: Stock critique - Bon état général, légère variation température",0,5,3,False,False,normal,pluvieux
2023-03-27 07:32:34,Hôpital Laquintinie,A+,70,12,0,58,3.9,17,100.0,normale,Parfait pour transfusion immédiate,0,7,3,False,False,normal,ensoleillé
2023-03-27 17:49:13,Hôpital Laquintinie,A+,70,7,0,63,4.3,26,98.1,normale,Attention: proche expiration,0,17,3,False,False,normal,pluvieux
2023-03-27 18:07:27,Hôpital Laquintinie,AB+,44,0,23,67,4.8,8,96.4,normale,Parfait pour transfusion immédiate,0,18,3,False,False,normal,ensoleillé
2023-03-28 02:17:53,Hôpital Laquintinie,O+,42,12,15,45,4.0,3,91.6,normale,Contrôle bactériologique négatif,1,2,3,False,False,normal,pluvieux
2023-03-28 18:49:32,Hôpital Laquintinie,A+,44,12,24,56,4.5,8,93.2,normale,Contrôle bactériologique négatif,1,18,3,False,False,normal,pluvieux
2023-03-29 00:26:15,Hôpital Laquintinie,O+,26,6,0,20,3.4,1,61.2,attention,Hémoglobine dans les normes,2,0,3,False,False,normal,pluvieux
2023-03-29 05:48:54,Hôpital Laquintinie,A+,25,5,21,41,3.8,10,100.0,normale,Attention: proche expiration,2,5,3,False,False,normal,ensoleillé
2023-03-29 07:18:08,Hôpital Laquintinie,A+,49,7,20,62,3.1,13,98.0,normale,Contrôle bactériologique négatif,2,7,3,False,False,normal,ensoleillé
2023-03-30 08:26:24,Hôpital Laquintinie,O+,40,9,15,46,4.3,9,100.0,normale,Attention: proche expiration,3,8,3,False,False,normal,ensoleillé
2023-03-31 03:44:52,Hôpital Laquintinie,B+,19,9,0,10,4.2,22,100.0,faible,Hémoglobine dans les normes,4,3,3,False,False,normal,nuageux
2023-03-31 15:59:19,Hôpital Laquintinie,A+,50,11,23,62,4.4,3,85.5,normale,"Excellent état, conservation parfaite",4,15,3,False,False,normal,pluvieux
2023-03-31 19:49:44,Hôpital Laquintinie,O+,52,10,0,42,3.8,36,100.0,normale,Attention: proche expiration,4,19,3,False,False,normal,pluvieux
2023-04-01 12:30:05,Hôpital Laquintinie,O+,60,5,0,55,4.0,22,100.0,normale,Contrôle bactériologique négatif,5,12,4,True,False,normal,ensoleillé
2023-04-01 19:18:48,Hôpital Laquintinie,O-,41,7,0,34,4.5,1,58.1,attention,"Excellent état, conservation parfaite",5,19,4,True,False,normal,ensoleillé
2023-04-01 22:33:39,Hôpital Laquintinie,A+,47,5,14,56,4.1,13,100.0,normale,"Excellent état, conservation parfaite",5,22,4,True,False,campagne_don,nuageux
2023-04-02 05:14:57,Hôpital Laquintinie,AB+,17,5,0,12,5.0,11,100.0,faible,"Excellent état, conservation parfaite",6,5,4,True,False,épidémie,pluvieux
2023-04-02 11:07:38,Hôpital Laquintinie,O-,30,5,15,40,3.7,10,100.0,normale,"Bon état général, légère variation température",6,11,4,True,False,accident_route,ensoleillé
2023-04-02 16:54:49,Hôpital Laquintinie,O+,20,6,0,14,4.4,18,100.0,faible,"État satisfaisant, contrôle qualité OK",6,16,4,True,False,normal,pluvieux
2023-04-03 00:17:51,Hôpital Laquintinie,A+,27,13,0,14,4.0,9,93.4,faible,Hémoglobine dans les normes,0,0,4,False,False,normal,orageux
2023-04-03 01:19:07,Hôpital Laquintinie,O+,23,4,0,19,4.3,34,100.0,faible,"Bon état général, légère variation température",0,1,4,False,False,normal,ensoleillé
2023-04-03 05:37:01,Hôpital Laquintinie,O-,16,7,0,9,5.1,23,100.0,critique,"URGENT: Stock critique - Bon état général, légère variation température",0,5,4,False,False,normal,ensoleillé
2023-04-03 17:38:58,Hôpital Laquintinie,O+,41,11,0,30,4.1,4,81.6,normale,"Excellent état, conservation parfaite",0,17,4,False,False,normal,pluvieux
2023-04-04 09:45:38,Hôpital Laquintinie,O+,36,5,0,31,3.5,1,50.8,attention,Contrôle bactériologique négatif,1,9,4,False,False,normal,pluvieux
2023-04-04 15:02:09,Hôpital Laquintinie,B+,56,10,29,75,4.6,2,87.1,normale,Parfait pour transfusion immédiate,1,15,4,False,False,normal,pluvieux
2023-04-04 16:23:17,Hôpital Laquintinie,A+,66,5,0,61,4.4,1,56.8,attention,Attention: proche expiration,1,16,4,False,False,normal,ensoleillé
2023-04-04 20:23:01,Hôpital Laquintinie,O+,54,8,26,72,5.6,1,75.8,normale,Hémoglobine dans les normes,1,20,4,False,False,accident_route,ensoleillé
2023-04-05 13:55:06,Hôpital Laquintinie,O+,46,8,24,62,4.0,9,100.0,normale,"État satisfaisant, contrôle qualité OK",2,13,4,False,False,normal,ensoleillé
2023-04-06 08:51:10,Hôpital Laquintinie,AB+,68,4,0,64,5.4,3,85.3,normale,"Bon état général, légère variation température",3,8,4,False,False,normal,nuageux
2023-04-06 20:58:51,Hôpital Laquintinie,A+,69,7,0,62,3.4,5,92.4,normale,Urgent: vérifier température stockage,3,20,4,False,False,normal,ensoleillé
2023-04-07 02:44:12,Hôpital Laquintinie,A+,26,12,0,14,3.7,24,100.0,faible,Parfait pour transfusion immédiate,4,2,4,False,False,normal,ensoleillé
2023-04-07 05:20:32,Hôpital Laquintinie,O+,23,9,0,14,4.5,10,98.0,faible,"Excellent état, conservation parfaite",4,5,4,False,False,normal,ensoleillé
2023-04-07 05:21:12,Hôpital Laquintinie,A+,15,13,0,2,3.5,4,84.4,critique,"URGENT: Stock critique - Excellent état, conservation parfaite",4,5,4,False,False,normal,ensoleillé
2023-04-07 05:26:34,Hôpital Laquintinie,A+,31,11,24,44,3.7,18,94.5,normale,"Excellent état, conservation parfaite",4,5,4,False,False,normal,ensoleillé
2023-04-07 09:31:54,Hôpital Laquintinie,A+,26,4,0,22,3.9,23,100.0,normale,"État satisfaisant, contrôle qualité OK",4,9,4,False,False,normal,ensoleillé
2023-04-07 11:32:45,Hôpital Laquintinie,B+,42,9,0,33,3.1,6,100.0,normale,"État satisfaisant, contrôle qualité OK",4,11,4,False,False,normal,pluvieux
2023-04-08 06:04:05,Hôpital Laquintinie,A+,39,4,0,35,5.1,1,53.9,attention,Attention: proche expiration,5,6,4,True,False,normal,ensoleillé
2023-04-08 07:10:50,Hôpital Laquintinie,A+,45,8,0,37,4.2,38,98.4,normale,Urgent: vérifier température stockage,5,7,4,True,False,normal,nuageux
2023-04-08 12:02:08,Hôpital Laquintinie,O+,15,3,0,12,3.8,97,100.0,faible,Attention: proche expiration,5,12,4,True,False,normal,ensoleillé
2023-04-08 20:09:55,Hôpital Laquintinie,A+,46,6,23,63,3.8,36,100.0,normale,"État satisfaisant, contrôle qualité OK",5,20,4,True,False,normal,pluvieux
2023-04-09 03:18:54,Hôpital Laquintinie,O+,16,6,0,10,3.9,5,99.0,faible,Parfait pour transfusion immédiate,6,3,4,True,False,normal,ensoleillé
2023-04-09 16:20:34,Hôpital Laquintinie,A+,24,4,28,48,3.9,3,81.7,normale,Hémoglobine dans les normes,6,16,4,True,False,normal,pluvieux
2023-04-09 16:57:23,Hôpital Laquintinie,A+,38,8,11,41,3.9,6,98.3,normale,Attention: proche expiration,6,16,4,True,False,normal,ensoleillé
2023-04-09 21:28:50,Hôpital Laquintinie,O+,9,7,27,29,4.2,1,59.3,attention,Hémoglobine dans les normes,6,21,4,True,False,normal,orageux
2023-04-10 01:41:45,Hôpital Laquintinie,A+,30,3,0,27,3.9,10,100.0,normale,Hémoglobine dans les normes,0,1,4,False,False,normal,pluvieux
2023-04-10 02:33:25,Hôpital Laquintinie,O+,25,7,25,43,4.0,1,53.1,attention,Attention: proche expiration,0,2,4,False,False,normal,ensoleillé
2023-04-10 04:58:41,Hôpital Laquintinie,A+,25,6,0,19,4.4,1,58.9,faible,"Excellent état, conservation parfaite",0,4,4,False,False,normal,nuageux
2023-04-10 16:58:39,Hôpital Laquintinie,A-,34,10,0,24,3.9,21,100.0,normale,"Excellent état, conservation parfaite",0,16,4,False,False,normal,ensoleillé
2023-04-11 21:20:22,Hôpital Laquintinie,A+,80,8,0,72,4.2,2,85.3,normale,"État satisfaisant, contrôle qualité OK",1,21,4,False,False,normal,orageux
2023-04-11 23:54:00,Hôpital Laquintinie,O+,21,10,0,11,4.3,13,100.0,faible,"Bon état général, légère variation température",1,23,4,False,False,normal,ensoleillé
2023-04-12 02:42:50,Hôpital Laquintinie,AB+,22,10,16,28,4.0,2,90.6,normale,"Excellent état, conservation parfaite",2,2,4,False,False,normal,nuageux
2023-04-15 14:03:44,Hôpital Laquintinie,O+,45,2,0,43,4.2,4,88.7,normale,"Bon état général, légère variation température",5,14,4,True,False,campagne_don,ensoleillé
2023-04-15 15:44:37,Hôpital Laquintinie,O-,46,0,0,46,4.1,1,54.0,attention,"État satisfaisant, contrôle qualité OK",5,15,4,True,False,normal,nuageux
2023-04-15 18:50:42,Hôpital Laquintinie,A+,31,5,0,26,3.7,28,99.9,normale,Hémoglobine dans les normes,5,18,4,True,False,normal,ensoleillé
2023-04-16 11:47:32,Hôpital Laquintinie,O+,18,6,0,12,4.3,1,61.4,faible,"Bon état général, légère variation température",6,11,4,True,False,normal,ensoleillé
2023-04-17 04:58:01,Hôpital Laquintinie,O+,33,12,18,39,4.0,1,68.2,attention,"État satisfaisant, contrôle qualité OK",0,4,4,False,False,normal,pluvieux
2023-04-17 12:30:42,Hôpital Laquintinie,B+,89,5,15,99,3.9,15,100.0,normale,Attention: proche expiration,0,12,4,False,False,normal,ensoleillé
2023-04-17 17:13:15,Hôpital Laquintinie,A+,54,5,0,49,4.3,5,100.0,normale,Parfait pour transfusion immédiate,0,17,4,False,False,normal,nuageux
2023-04-18 11:29:09,Hôpital Laquintinie,A+,28,5,15,38,3.5,18,100.0,normale,"État satisfaisant, contrôle qualité OK",1,11,4,False,False,normal,pluvieux
2023-04-18 23:52:38,Hôpital Laquintinie,O+,26,0,27,53,4.1,20,100.0,normale,Urgent: vérifier température stockage,1,23,4,False,False,normal,pluvieux
2023-04-19 00:29:16,Hôpital Laquintinie,AB+,31,7,0,24,3.3,9,100.0,normale,Attention: proche expiration,2,0,4,False,False,normal,orageux
2023-04-20 04:16:32,Hôpital Laquintinie,O+,35,10,18,43,3.6,1,60.6,attention,Urgent: vérifier température stockage,3,4,4,False,False,normal,orageux
2023-04-20 14:40:11,Hôpital Laquintinie,O+,72,9,0,63,3.8,2,85.9,normale,"Bon état général, légère variation température",3,14,4,False,False,normal,ensoleillé
2023-04-20 22:46:37,Hôpital Laquintinie,O+,59,11,23,71,3.5,15,100.0,normale,Parfait pour transfusion immédiate,3,22,4,False,False,normal,ensoleillé
2023-04-20 23:16:37,Hôpital Laquintinie,O+,17,6,0,11,4.1,20,99.6,faible,"État satisfaisant, contrôle qualité OK",3,23,4,False,False,normal,ensoleillé
2023-04-21 06:16:57,Hôpital Laquintinie,O+,47,8,16,55,4.0,16,93.6,normale,Hémoglobine dans les normes,4,6,4,False,False,normal,pluvieux
2023-04-21 09:26:07,Hôpital Laquintinie,O+,75,8,0,67,3.5,28,100.0,normale,Attention: proche expiration,4,9,4,False,False,normal,nuageux
2023-04-21 17:51:02,Hôpital Laquintinie,A+,56,8,23,71,3.8,7,96.8,normale,"Excellent état, conservation parfaite",4,17,4,False,False,normal,ensoleillé
2023-04-22 23:46:34,Hôpital Laquintinie,AB-,19,5,0,14,3.7,76,100.0,faible,Urgent: vérifier température stockage,5,23,4,True,False,normal,pluvieux
2023-04-23 03:11:42,Hôpital Laquintinie,A+,19,3,15,31,3.7,27,96.7,normale,"Bon état général, légère variation température",6,3,4,True,False,normal,nuageux
2023-04-23 05:46:23,Hôpital Laquintinie,A+,23,3,0,20,3.6,7,100.0,normale,Parfait pour transfusion immédiate,6,5,4,True,False,normal,ensoleillé
2023-04-23 06:43:57,Hôpital Laquintinie,O+,27,6,0,21,4.2,11,99.6,normale,"Excellent état, conservation parfaite",6,6,4,True,False,normal,pluvieux
2023-04-23 11:44:11,Hôpital Laquintinie,A+,33,1,0,32,3.9,11,100.0,normale,"Bon état général, légère variation température",6,11,4,True,False,normal,nuageux
2023-04-23 13:13:20,Hôpital Laquintinie,O+,38,4,24,58,4.1,10,100.0,normale,Hémoglobine dans les normes,6,13,4,True,False,normal,pluvieux
2023-04-23 13:39:44,Hôpital Laquintinie,A+,40,5,0,35,4.1,12,100.0,normale,Urgent: vérifier température stockage,6,13,4,True,False,normal,nuageux
2023-04-23 18:25:21,Hôpital Laquintinie,A+,65,6,0,59,4.2,3,84.8,normale,Parfait pour transfusion immédiate,6,18,4,True,False,normal,pluvieux
2023-04-25 04:42:59,Hôpital Laquintinie,O+,38,5,0,33,4.3,2,95.3,normale,Urgent: vérifier température stockage,1,4,4,False,False,normal,pluvieux
2023-04-25 06:49:12,Hôpital Laquintinie,O+,36,11,0,25,3.2,22,100.0,normale,Attention: proche expiration,1,6,4,False,False,normal,ensoleillé
2023-04-26 02:41:24,Hôpital Laquintinie,O+,24,4,8,28,4.0,13,96.6,normale,Attention: proche expiration,2,2,4,False,False,urgence_médicale,pluvieux
2023-04-26 12:06:11,Hôpital Laquintinie,B+,52,10,12,54,4.2,1,58.3,attention,"Bon état général, légère variation température",2,12,4,False,False,normal,nuageux
2023-04-26 20:13:46,Hôpital Laquintinie,O-,45,5,0,40,3.6,28,92.4,normale,"État satisfaisant, contrôle qualité OK",2,20,4,False,False,normal,nuageux
2023-04-27 02:06:29,Hôpital Laquintinie,O+,26,5,0,21,4.2,9,100.0,normale,Parfait pour transfusion immédiate,3,2,4,False,False,normal,nuageux
2023-04-27 02:24:04,Hôpital Laquintinie,O-,18,10,0,8,4.7,1,57.0,critique,URGENT: Stock critique - Contrôle bactériologique négatif,3,2,4,False,False,normal,nuageux
2023-04-27 04:36:40,Hôpital Laquintinie,A+,40,7,0,33,3.8,21,100.0,normale,Contrôle bactériologique négatif,3,4,4,False,False,normal,nuageux
2023-04-27 08:42:45,Hôpital Laquintinie,AB+,80,5,21,96,4.2,1,57.3,attention,Urgent: vérifier température stockage,3,8,4,False,False,normal,nuageux
2023-04-27 22:07:24,Hôpital Laquintinie,O+,35,3,0,32,4.5,13,100.0,normale,"Bon état général, légère variation température",3,22,4,False,False,normal,ensoleillé
2023-04-28 01:58:08,Hôpital Laquintinie,O+,26,8,21,39,4.0,1,54.0,attention,"État satisfaisant, contrôle qualité OK",4,1,4,False,False,campagne_don,pluvieux
2023-04-28 06:15:00,Hôpital Laquintinie,O+,32,5,0,27,3.4,16,97.6,normale,Urgent: vérifier température stockage,4,6,4,False,False,normal,ensoleillé
2023-04-28 08:19:28,Hôpital Laquintinie,B+,21,6,0,15,3.9,3,93.8,faible,Parfait pour transfusion immédiate,4,8,4,False,False,normal,ensoleillé
2023-04-29 14:44:11,Hôpital Laquintinie,B-,30,3,0,27,4.3,17,97.5,normale,Contrôle bactériologique négatif,5,14,4,True,False,normal,ensoleillé
2023-04-29 18:01:49,Hôpital Laquintinie,O+,20,6,21,35,4.1,66,97.0,normale,"Excellent état, conservation parfaite",5,18,4,True,False,normal,orageux
2023-04-29 22:20:40,Hôpital Laquintinie,O+,56,6,22,72,4.3,3,88.0,normale,"État satisfaisant, contrôle qualité OK",5,22,4,True,False,normal,ensoleillé
2023-04-30 00:27:31,Hôpital Laquintinie,O-,17,1,0,16,3.5,10,99.6,faible,"État satisfaisant, contrôle qualité OK",6,0,4,True,False,normal,ensoleillé
2023-04-30 02:03:54,Hôpital Laquintinie,B-,24,5,0,19,5.1,66,89.8,faible,Parfait pour transfusion immédiate,6,2,4,True,False,normal,pluvieux
2023-04-30 02:11:37,Hôpital Laquintinie,A+,19,6,12,25,3.5,27,100.0,normale,"État satisfaisant, contrôle qualité OK",6,2,4,True,False,normal,ensoleillé
2023-04-30 22:07:17,Hôpital Laquintinie,O+,30,6,0,24,3.6,1,63.7,attention,Parfait pour transfusion immédiate,6,22,4,True,False,normal,nuageux
2023-05-01 11:28:20,Hôpital Laquintinie,O+,39,10,25,54,4.2,10,99.9,normale,"Excellent état, conservation parfaite",0,11,5,False,False,normal,orageux
2023-05-01 20:37:25,Hôpital Laquintinie,A+,48,7,22,63,3.3,37,100.0,normale,"Excellent état, conservation parfaite",0,20,5,False,False,normal,pluvieux
2023-05-03 04:10:47,Hôpital Laquintinie,A+,43,7,0,36,4.1,18,92.5,normale,"Excellent état, conservation parfaite",2,4,5,False,False,normal,ensoleillé
2023-05-03 05:16:33,Hôpital Laquintinie,O+,17,8,0,9,3.2,42,96.2,critique,URGENT: Stock critique - Urgent: vérifier température stockage,2,5,5,False,False,normal,pluvieux
2023-05-03 15:51:33,Hôpital Laquintinie,B-,74,7,0,67,4.0,12,100.0,normale,Parfait pour transfusion immédiate,2,15,5,False,False,normal,nuageux
2023-05-03 23:23:36,Hôpital Laquintinie,O+,8,3,13,18,3.6,1,60.3,faible,Parfait pour transfusion immédiate,2,23,5,False,False,normal,nuageux
2023-05-04 06:41:42,Hôpital Laquintinie,O+,48,10,23,61,3.9,1,57.3,attention,Attention: proche expiration,3,6,5,False,False,campagne_don,pluvieux
2023-05-05 13:51:18,Hôpital Laquintinie,O+,43,14,14,43,4.4,21,100.0,normale,Attention: proche expiration,4,13,5,False,False,normal,pluvieux
2023-05-05 19:33:14,Hôpital Laquintinie,A+,77,8,0,69,4.4,4,87.7,normale,Contrôle bactériologique négatif,4,19,5,False,False,normal,pluvieux
2023-05-05 20:24:27,Hôpital Laquintinie,A+,34,11,0,23,2.8,1,58.0,attention,Attention: proche expiration,4,20,5,False,False,accident_route,ensoleillé
2023-05-06 07:47:21,Hôpital Laquintinie,A+,26,1,21,46,3.4,1,56.0,attention,Hémoglobine dans les normes,5,7,5,True,False,normal,nuageux
2023-05-06 14:22:16,Hôpital Laquintinie,B-,38,6,0,32,3.5,7,100.0,normale,Contrôle bactériologique négatif,5,14,5,True,False,normal,pluvieux
2023-05-06 16:24:35,Hôpital Laquintinie,O+,27,3,0,24,3.3,26,100.0,normale,Hémoglobine dans les normes,5,16,5,True,False,normal,ensoleillé
2023-05-07 14:16:41,Hôpital Laquintinie,A+,42,7,0,35,3.6,37,100.0,normale,Attention: proche expiration,6,14,5,True,False,normal,ensoleillé
2023-05-07 23:28:29,Hôpital Laquintinie,O+,13,7,0,6,3.2,24,92.9,critique,"URGENT: Stock critique - Excellent état, conservation parfaite",6,23,5,True,False,normal,ensoleillé
2023-05-08 06:40:25,Hôpital Laquintinie,B+,63,4,16,75,4.5,4,88.8,normale,Parfait pour transfusion immédiate,0,6,5,False,False,normal,pluvieux
2023-05-08 09:15:53,Hôpital Laquintinie,A+,35,9,0,26,2.7,9,94.0,normale,Parfait pour transfusion immédiate,0,9,5,False,False,normal,pluvieux
2023-05-08 11:57:59,Hôpital Laquintinie,O+,46,8,20,58,4.1,24,100.0,normale,"État satisfaisant, contrôle qualité OK",0,11,5,False,False,urgence_médicale,ensoleillé
2023-05-08 15:03:08,Hôpital Laquintinie,A+,64,4,22,82,4.4,29,98.2,normale,Attention: proche expiration,0,15,5,False,False,accident_route,pluvieux
2023-05-08 18:00:44,Hôpital Laquintinie,O+,55,6,19,68,4.1,10,100.0,normale,"Excellent état, conservation parfaite",0,18,5,False,False,normal,pluvieux
2023-05-08 19:55:05,Hôpital Laquintinie,O+,66,8,15,73,3.7,19,96.6,normale,"État satisfaisant, contrôle qualité OK",0,19,5,False,False,normal,nuageux
2023-05-09 01:14:41,Hôpital Laquintinie,O+,19,5,13,27,3.5,26,98.3,normale,Hémoglobine dans les normes,1,1,5,False,False,normal,nuageux
2023-05-10 02:22:30,Hôpital Laquintinie,A+,19,7,0,12,4.3,11,90.6,faible,Attention: proche expiration,2,2,5,False,False,normal,pluvieux
2023-05-10 11:25:02,Hôpital Laquintinie,O+,50,8,0,42,3.7,16,100.0,normale,Urgent: vérifier température stockage,2,11,5,False,False,normal,ensoleillé
2023-05-10 22:33:40,Hôpital Laquintinie,O+,35,7,16,44,3.7,24,100.0,normale,"État satisfaisant, contrôle qualité OK",2,22,5,False,False,normal,ensoleillé
2023-05-11 07:35:24,Hôpital Laquintinie,O+,56,10,0,46,4.3,10,95.3,normale,"État satisfaisant, contrôle qualité OK",3,7,5,False,False,normal,pluvieux
2023-05-11 08:07:21,Hôpital Laquintinie,A-,46,3,16,59,4.1,6,100.0,normale,Hémoglobine dans les normes,3,8,5,False,False,normal,pluvieux
2023-05-11 16:32:39,Hôpital Laquintinie,O+,45,8,0,37,3.4,4,83.9,normale,Contrôle bactériologique négatif,3,16,5,False,False,normal,pluvieux
2023-05-11 16:44:10,Hôpital Laquintinie,A+,52,5,0,47,2.9,36,100.0,normale,Attention: proche expiration,3,16,5,False,False,normal,pluvieux
2023-05-12 03:43:54,Hôpital Laquintinie,A+,10,6,0,4,3.7,2,89.7,critique,"URGENT: Stock critique - Excellent état, conservation parfaite",4,3,5,False,False,normal,ensoleillé
2023-05-12 05:02:34,Hôpital Laquintinie,A+,33,5,0,28,5.0,1,60.6,attention,Hémoglobine dans les normes,4,5,5,False,False,normal,pluvieux
2023-05-12 06:55:24,Hôpital Laquintinie,B+,60,8,0,52,4.9,8,95.6,normale,"État satisfaisant, contrôle qualité OK",4,6,5,False,False,normal,ensoleillé
2023-05-12 09:44:15,Hôpital Laquintinie,O+,55,6,0,49,4.2,2,75.2,normale,"Excellent état, conservation parfaite",4,9,5,False,False,normal,nuageux
2023-05-12 17:00:43,Hôpital Laquintinie,O+,11,3,0,8,3.1,17,100.0,critique,URGENT: Stock critique - Urgent: vérifier température stockage,4,17,5,False,False,normal,ensoleillé
2023-05-12 23:12:56,Hôpital Laquintinie,A+,25,12,0,13,4.5,9,100.0,faible,Hémoglobine dans les normes,4,23,5,False,False,normal,ensoleillé
2023-05-13 12:28:49,Hôpital Laquintinie,O+,39,3,0,36,4.8,6,100.0,normale,"État satisfaisant, contrôle qualité OK",5,12,5,True,False,normal,nuageux
2023-05-14 04:38:44,Hôpital Laquintinie,A+,14,3,0,11,4.0,2,81.9,faible,Attention: proche expiration,6,4,5,True,False,normal,ensoleillé
2023-05-14 05:33:51,Hôpital Laquintinie,O+,18,8,0,10,3.4,8,100.0,faible,Parfait pour transfusion immédiate,6,5,5,True,False,normal,nuageux
2023-05-14 06:05:10,Hôpital Laquintinie,A+,34,4,0,30,3.6,16,100.0,normale,Urgent: vérifier température stockage,6,6,5,True,False,normal,pluvieux
2023-05-15 16:09:02,Hôpital Laquintinie,A+,62,13,0,49,4.2,46,93.1,normale,Attention: proche expiration,0,16,5,False,False,normal,ensoleillé
2023-05-16 17:02:26,Hôpital Laquintinie,A+,71,10,0,61,4.2,14,100.0,normale,Attention: proche expiration,1,17,5,False,False,normal,pluvieux
2023-05-17 07:55:44,Hôpital Laquintinie,A+,56,13,17,60,4.0,8,96.1,normale,Parfait pour transfusion immédiate,2,7,5,False,False,normal,ensoleillé
2023-05-17 08:40:42,Hôpital Laquintinie,A+,82,15,0,67,4.3,46,94.4,normale,Hémoglobine dans les normes,2,8,5,False,False,normal,ensoleillé
2023-05-17 20:12:18,Hôpital Laquintinie,A+,25,11,0,14,3.6,4,90.6,faible,Hémoglobine dans les normes,2,20,5,False,False,normal,orageux
2023-05-19 03:43:43,Hôpital Laquintinie,O-,34,4,0,30,3.8,2,80.2,normale,Parfait pour transfusion immédiate,4,3,5,False,False,normal,pluvieux
2023-05-19 08:15:18,Hôpital Laquintinie,A-,67,13,0,54,3.9,6,90.9,normale,Urgent: vérifier température stockage,4,8,5,False,False,normal,nuageux
2023-05-19 16:06:55,Hôpital Laquintinie,A+,72,13,0,59,4.8,1,56.2,attention,Attention: proche expiration,4,16,5,False,False,normal,ensoleillé
2023-05-20 02:57:09,Hôpital Laquintinie,O+,0,9,21,21,3.6,18,100.0,normale,Attention: proche expiration,5,2,5,True,False,épidémie,pluvieux
2023-05-20 10:39:06,Hôpital Laquintinie,O-,41,6,0,35,4.0,24,100.0,normale,"Excellent état, conservation parfaite",5,10,5,True,False,normal,pluvieux
2023-05-20 20:08:43,Hôpital Laquintinie,O-,20,6,0,14,2.7,45,98.9,faible,"État satisfaisant, contrôle qualité OK",5,20,5,True,False,normal,ensoleillé
2023-05-21 05:24:18,Hôpital Laquintinie,A+,22,7,0,15,3.7,70,100.0,faible,"État satisfaisant, contrôle qualité OK",6,5,5,True,False,normal,orageux
2023-05-21 13:57:57,Hôpital Laquintinie,B-,36,3,14,47,4.2,5,98.2,normale,"Bon état général, légère variation température",6,13,5,True,False,normal,ensoleillé
2023-05-22 00:12:54,Hôpital Laquintinie,A-,34,10,0,24,4.1,11,100.0,normale,"Excellent état, conservation parfaite",0,0,5,False,False,normal,ensoleillé
2023-05-22 01:01:01,Hôpital Laquintinie,O-,14,7,0,7,4.5,10,100.0,critique,URGENT: Stock critique - Contrôle bactériologique négatif,0,1,5,False,False,accident_route,pluvieux
2023-05-22 01:31:35,Hôpital Laquintinie,A+,31,13,0,18,3.5,10,100.0,faible,Hémoglobine dans les normes,0,1,5,False,False,normal,nuageux
2023-05-22 05:35:14,Hôpital Laquintinie,A+,21,5,0,16,5.4,29,96.4,faible,Hémoglobine dans les normes,0,5,5,False,False,urgence_médicale,nuageux
2023-05-22 15:43:46,Hôpital Laquintinie,O+,48,8,23,63,4.6,18,97.5,normale,Parfait pour transfusion immédiate,0,15,5,False,False,accident_route,pluvieux
2023-05-23 00:41:09,Hôpital Laquintinie,A+,32,6,0,26,4.1,1,63.4,attention,Contrôle bactériologique négatif,1,0,5,False,False,normal,nuageux
2023-05-23 02:17:30,Hôpital Laquintinie,B-,31,7,27,51,4.2,11,100.0,normale,"État satisfaisant, contrôle qualité OK",1,2,5,False,False,normal,ensoleillé
2023-05-23 09:57:49,Hôpital Laquintinie,A+,37,4,21,54,4.1,54,99.7,normale,"État satisfaisant, contrôle qualité OK",1,9,5,False,False,normal,ensoleillé
2023-05-23 11:45:20,Hôpital Laquintinie,O-,54,7,0,47,4.1,9,95.4,normale,Hémoglobine dans les normes,1,11,5,False,False,normal,nuageux
2023-05-23 20:38:46,Hôpital Laquintinie,O+,48,1,0,47,3.6,6,100.0,normale,Parfait pour transfusion immédiate,1,20,5,False,False,normal,ensoleillé
2023-05-24 10:46:36,Hôpital Laquintinie,A+,54,8,21,67,3.8,7,100.0,normale,Urgent: vérifier température stockage,2,10,5,False,False,normal,ensoleillé
2023-05-24 12:44:02,Hôpital Laquintinie,O+,47,6,0,41,3.5,2,88.8,normale,"Excellent état, conservation parfaite",2,12,5,False,False,normal,nuageux
2023-05-24 14:00:30,Hôpital Laquintinie,O+,42,14,15,43,4.4,5,100.0,normale,"État satisfaisant, contrôle qualité OK",2,14,5,False,False,normal,orageux
2023-05-24 16:37:44,Hôpital Laquintinie,O+,55,4,0,51,4.0,5,98.1,normale,Hémoglobine dans les normes,2,16,5,False,False,normal,ensoleillé
2023-05-24 18:26:29,Hôpital Laquintinie,A+,47,5,0,42,5.1,23,100.0,normale,Attention: proche expiration,2,18,5,False,False,normal,ensoleillé
2023-05-25 03:07:49,Hôpital Laquintinie,A+,31,6,0,25,4.7,17,100.0,normale,Attention: proche expiration,3,3,5,False,False,normal,pluvieux
2023-05-25 05:06:05,Hôpital Laquintinie,A+,17,9,0,8,4.6,11,100.0,critique,URGENT: Stock critique - Hémoglobine dans les normes,3,5,5,False,False,normal,pluvieux
2023-05-26 00:00:50,Hôpital Laquintinie,O-,12,12,0,0,3.6,2,81.0,critique,"URGENT: Stock critique - Excellent état, conservation parfaite",4,0,5,False,False,normal,ensoleillé
2023-05-26 15:23:40,Hôpital Laquintinie,B-,48,10,0,38,4.3,2,84.8,normale,"Bon état général, légère variation température",4,15,5,False,False,normal,pluvieux
2023-05-26 17:05:41,Hôpital Laquintinie,O+,61,6,0,55,3.6,21,100.0,normale,Urgent: vérifier température stockage,4,17,5,False,False,normal,ensoleillé
2023-05-26 18:49:34,Hôpital Laquintinie,B+,58,1,20,77,3.7,9,100.0,normale,"Excellent état, conservation parfaite",4,18,5,False,False,normal,orageux
2023-05-27 06:17:35,Hôpital Laquintinie,A-,23,2,0,21,4.6,3,91.4,normale,Attention: proche expiration,5,6,5,True,False,normal,pluvieux
2023-05-27 07:24:14,Hôpital Laquintinie,A+,26,5,0,21,3.5,28,100.0,normale,Contrôle bactériologique négatif,5,7,5,True,False,normal,pluvieux
2023-05-27 18:50:36,Hôpital Laquintinie,O+,32,6,0,26,3.7,29,96.9,normale,Urgent: vérifier température stockage,5,18,5,True,False,normal,ensoleillé
2023-05-27 18:58:38,Hôpital Laquintinie,O+,29,5,17,41,4.3,11,93.2,normale,"Bon état général, légère variation température",5,18,5,True,False,normal,pluvieux
2023-05-27 20:19:43,Hôpital Laquintinie,A+,34,5,27,56,4.3,15,100.0,normale,"État satisfaisant, contrôle qualité OK",5,20,5,True,False,normal,ensoleillé
2023-05-28 04:18:44,Hôpital Laquintinie,O+,14,6,22,30,4.2,5,97.0,normale,"Bon état général, légère variation température",6,4,5,True,False,normal,ensoleillé
2023-05-28 05:25:24,Hôpital Laquintinie,O-,12,5,0,7,4.4,34,100.0,critique,URGENT: Stock critique - Attention: proche expiration,6,5,5,True,False,normal,nuageux
2023-05-28 08:44:38,Hôpital Laquintinie,O+,32,2,0,30,4.2,1,59.8,attention,Contrôle bactériologique négatif,6,8,5,True,False,normal,ensoleillé
2023-05-28 18:58:36,Hôpital Laquintinie,O+,40,6,25,59,4.4,2,88.6,normale,Attention: proche expiration,6,18,5,True,False,normal,orageux
2023-05-29 03:43:51,Hôpital Laquintinie,O+,26,9,16,33,4.1,24,100.0,normale,Contrôle bactériologique négatif,0,3,5,False,False,normal,orageux
2023-05-29 08:31:39,Hôpital Laquintinie,A+,65,1,23,87,5.0,7,100.0,normale,Contrôle bactériologique négatif,0,8,5,False,False,normal,orageux
2023-05-29 14:24:25,Hôpital Laquintinie,A+,50,13,0,37,3.6,49,100.0,normale,"Excellent état, conservation parfaite",0,14,5,False,False,normal,ensoleillé
2023-05-29 23:49:19,Hôpital Laquintinie,O+,31,6,22,47,4.5,1,53.7,attention,Attention: proche expiration,0,23,5,False,False,normal,ensoleillé
2023-05-30 03:25:53,Hôpital Laquintinie,B+,16,7,0,9,4.3,66,100.0,critique,"URGENT: Stock critique - Excellent état, conservation parfaite",1,3,5,False,False,normal,orageux
2023-05-30 11:12:01,Hôpital Laquintinie,A-,50,8,0,42,4.2,6,100.0,normale,"État satisfaisant, contrôle qualité OK",1,11,5,False,False,normal,ensoleillé
2023-05-30 12:50:59,Hôpital Laquintinie,O+,21,3,0,18,3.4,1,60.2,faible,Attention: proche expiration,1,12,5,False,False,normal,orageux
2023-05-30 15:27:08,Hôpital Laquintinie,A+,64,6,0,58,4.2,6,97.1,normale,"Excellent état, conservation parfaite",1,15,5,False,False,normal,pluvieux
2023-05-31 05:27:03,Hôpital Laquintinie,A+,19,3,0,16,4.5,5,100.0,faible,"Bon état général, légère variation température",2,5,5,False,False,normal,ensoleillé
2023-05-31 05:50:02,Hôpital Laquintinie,B+,36,5,19,50,4.2,1,58.4,attention,Attention: proche expiration,2,5,5,False,False,normal,ensoleillé
2023-05-31 06:27:43,Hôpital Laquintinie,O+,70,5,0,65,4.1,9,94.5,normale,Hémoglobine dans les normes,2,6,5,False,False,normal,nuageux
2023-06-01 00:46:43,Hôpital Laquintinie,A-,17,7,0,10,3.9,1,65.6,faible,Attention: proche expiration,3,0,6,False,False,normal,pluvieux
2023-06-01 03:20:31,Hôpital Laquintinie,A+,16,4,0,12,3.7,4,95.4,faible,"Bon état général, légère variation température",3,3,6,False,False,normal,ensoleillé
2023-06-02 23:47:05,Hôpital Laquintinie,O+,18,5,0,13,3.1,8,99.7,faible,Urgent: vérifier température stockage,4,23,6,False,False,normal,orageux
2023-06-03 04:42:44,Hôpital Laquintinie,O-,13,7,0,6,3.4,3,91.1,critique,URGENT: Stock critique - Parfait pour transfusion immédiate,5,4,6,True,False,normal,nuageux
2023-06-03 12:42:46,Hôpital Laquintinie,A+,32,8,0,24,3.0,14,97.9,normale,Hémoglobine dans les normes,5,12,6,True,False,normal,ensoleillé
2023-06-03 17:52:20,Hôpital Laquintinie,O+,35,3,0,32,3.9,24,94.1,normale,"Excellent état, conservation parfaite",5,17,6,True,False,normal,ensoleillé
2023-06-04 00:26:26,Hôpital Laquintinie,A+,12,2,0,10,3.1,26,100.0,faible,"Bon état général, légère variation température",6,0,6,True,False,normal,pluvieux
2023-06-04 07:20:20,Hôpital Laquintinie,O+,25,5,0,20,3.7,24,100.0,normale,Hémoglobine dans les normes,6,7,6,True,False,normal,ensoleillé
2023-06-04 14:38:58,Hôpital Laquintinie,A-,24,0,0,24,4.8,3,85.4,normale,Urgent: vérifier température stockage,6,14,6,True,False,normal,pluvieux
2023-06-05 02:20:44,Hôpital Laquintinie,B+,30,5,0,25,3.2,1,54.9,attention,Attention: proche expiration,0,2,6,False,False,normal,ensoleillé
2023-06-06 06:39:32,Hôpital Laquintinie,A-,37,10,0,27,4.5,13,100.0,normale,Parfait pour transfusion immédiate,1,6,6,False,False,normal,pluvieux
2023-06-06 14:44:39,Hôpital Laquintinie,O+,38,10,0,28,3.8,36,100.0,normale,"Bon état général, légère variation température",1,14,6,False,False,normal,orageux
2023-06-06 14:47:25,Hôpital Laquintinie,O+,56,8,19,67,3.7,13,91.4,normale,"Excellent état, conservation parfaite",1,14,6,False,False,normal,pluvieux
2023-06-07 23:11:53,Hôpital Laquintinie,O+,32,6,0,26,4.4,4,83.0,normale,Contrôle bactériologique négatif,2,23,6,False,False,urgence_médicale,pluvieux
2023-06-08 04:36:23,Hôpital Laquintinie,O+,20,1,0,19,4.2,8,100.0,faible,"État satisfaisant, contrôle qualité OK",3,4,6,False,False,normal,ensoleillé
2023-06-08 05:28:15,Hôpital Laquintinie,A-,21,11,19,29,3.0,13,100.0,normale,Contrôle bactériologique négatif,3,5,6,False,False,normal,ensoleillé
2023-06-08 06:09:17,Hôpital Laquintinie,B+,37,10,0,27,4.3,7,95.7,normale,Attention: proche expiration,3,6,6,False,False,normal,pluvieux
2023-06-08 16:48:34,Hôpital Laquintinie,O+,39,3,0,36,4.0,8,100.0,normale,Urgent: vérifier température stockage,3,16,6,False,False,normal,nuageux
2023-06-09 00:26:34,Hôpital Laquintinie,O+,26,10,0,16,4.4,6,100.0,faible,Contrôle bactériologique négatif,4,0,6,False,False,normal,pluvieux
2023-06-09 06:28:40,Hôpital Laquintinie,O+,43,9,0,34,4.2,27,99.0,normale,Attention: proche expiration,4,6,6,False,False,normal,orageux
2023-06-09 07:22:12,Hôpital Laquintinie,A+,63,7,0,56,3.6,8,100.0,normale,"État satisfaisant, contrôle qualité OK",4,7,6,False,False,normal,ensoleillé
2023-06-09 08:59:12,Hôpital Laquintinie,B-,85,16,0,69,3.6,42,100.0,normale,Parfait pour transfusion immédiate,4,8,6,False,False,normal,orageux
2023-06-09 23:06:12,Hôpital Laquintinie,O-,24,8,0,16,3.9,18,96.6,faible,Urgent: vérifier température stockage,4,23,6,False,False,normal,orageux
2023-06-10 07:35:16,Hôpital Laquintinie,O+,19,3,0,16,4.5,8,93.2,faible,Attention: proche expiration,5,7,6,True,False,normal,pluvieux
2023-06-10 13:09:10,Hôpital Laquintinie,A+,25,6,0,19,4.3,1,60.3,faible,Hémoglobine dans les normes,5,13,6,True,False,normal,ensoleillé
2023-06-10 23:51:04,Hôpital Laquintinie,A+,10,5,0,5,2.9,1,55.2,critique,URGENT: Stock critique - Hémoglobine dans les normes,5,23,6,True,False,normal,ensoleillé
2023-06-11 01:34:58,Hôpital Laquintinie,A-,15,6,0,9,4.5,6,96.3,critique,URGENT: Stock critique - Contrôle bactériologique négatif,6,1,6,True,False,normal,ensoleillé
2023-06-11 07:34:56,Hôpital Laquintinie,A+,31,4,0,27,4.8,17,94.0,normale,Hémoglobine dans les normes,6,7,6,True,False,normal,ensoleillé
2023-06-11 16:17:12,Hôpital Laquintinie,A+,31,6,0,25,3.6,11,100.0,normale,Contrôle bactériologique négatif,6,16,6,True,False,normal,nuageux
2023-06-11 20:34:58,Hôpital Laquintinie,O+,29,9,14,34,4.7,1,59.6,attention,Parfait pour transfusion immédiate,6,20,6,True,False,normal,nuageux
2023-06-11 22:09:52,Hôpital Laquintinie,O+,38,3,0,35,4.7,3,82.8,normale,"État satisfaisant, contrôle qualité OK",6,22,6,True,False,normal,nuageux
2023-06-12 01:15:47,Hôpital Laquintinie,A+,42,15,0,27,3.3,15,100.0,normale,Hémoglobine dans les normes,0,1,6,False,False,normal,ensoleillé
2023-06-12 07:34:14,Hôpital Laquintinie,O+,32,8,0,24,3.7,3,81.9,normale,Urgent: vérifier température stockage,0,7,6,False,False,normal,ensoleillé
2023-06-12 15:03:25,Hôpital Laquintinie,B+,4,5,22,22,3.2,6,94.8,normale,"Excellent état, conservation parfaite",0,15,6,False,False,normal,orageux
2023-06-12 19:53:47,Hôpital Laquintinie,A-,51,6,0,45,3.8,11,99.5,normale,Contrôle bactériologique négatif,0,19,6,False,False,normal,ensoleillé
2023-06-12 20:17:33,Hôpital Laquintinie,O+,32,9,0,23,4.0,9,100.0,normale,"État satisfaisant, contrôle qualité OK",0,20,6,False,False,normal,orageux
2023-06-12 22:25:49,Hôpital Laquintinie,O+,51,8,0,43,3.8,6,100.0,normale,"État satisfaisant, contrôle qualité OK",0,22,6,False,False,normal,ensoleillé
2023-06-12 22:45:24,Hôpital Laquintinie,A+,63,3,0,60,3.7,15,98.6,normale,Attention: proche expiration,0,22,6,False,False,normal,pluvieux
2023-06-14 02:00:37,Hôpital Laquintinie,A+,16,10,0,6,4.0,14,92.9,critique,URGENT: Stock critique - Contrôle bactériologique négatif,2,2,6,False,False,normal,ensoleillé
2023-06-14 12:02:40,Hôpital Laquintinie,O+,58,10,0,48,3.8,2,83.2,normale,"Excellent état, conservation parfaite",2,12,6,False,False,normal,ensoleillé
2023-06-15 09:44:13,Hôpital Laquintinie,AB+,40,8,20,52,4.5,5,97.6,normale,Contrôle bactériologique négatif,3,9,6,False,False,normal,pluvieux
2023-06-15 14:22:54,Hôpital Laquintinie,O-,55,13,0,42,4.3,1,58.8,attention,Contrôle bactériologique négatif,3,14,6,False,False,normal,nuageux
2023-06-15 16:00:42,Hôpital Laquintinie,O+,40,11,0,29,3.6,11,100.0,normale,Parfait pour transfusion immédiate,3,16,6,False,False,normal,ensoleillé
2023-06-16 08:03:50,Hôpital Laquintinie,A+,47,10,0,37,4.0,31,100.0,normale,Urgent: vérifier température stockage,4,8,6,False,False,normal,ensoleillé
2023-06-16 14:07:57,Hôpital Laquintinie,AB+,41,7,0,34,3.8,10,92.1,normale,Contrôle bactériologique négatif,4,14,6,False,False,normal,ensoleillé
2023-06-16 18:08:04,Hôpital Laquintinie,O-,52,9,23,66,4.3,11,100.0,normale,"État satisfaisant, contrôle qualité OK",4,18,6,False,False,normal,ensoleillé
2023-06-17 07:02:29,Hôpital Laquintinie,O+,17,4,0,13,3.2,1,56.1,faible,Parfait pour transfusion immédiate,5,7,6,True,False,normal,pluvieux
2023-06-18 11:16:19,Hôpital Laquintinie,A+,40,8,10,42,4.4,8,100.0,normale,Parfait pour transfusion immédiate,6,11,6,True,False,normal,nuageux
2023-06-18 15:35:01,Hôpital Laquintinie,O+,10,7,18,21,3.8,8,100.0,normale,Urgent: vérifier température stockage,6,15,6,True,False,normal,ensoleillé
2023-06-19 04:54:04,Hôpital Laquintinie,A+,34,4,0,30,4.6,48,96.7,normale,"Excellent état, conservation parfaite",0,4,6,False,False,normal,ensoleillé
2023-06-20 01:06:17,Hôpital Laquintinie,A+,29,2,0,27,3.6,3,83.4,normale,Attention: proche expiration,1,1,6,False,False,urgence_médicale,ensoleillé
2023-06-20 08:33:03,Hôpital Laquintinie,B+,69,6,20,83,4.9,18,94.4,normale,Contrôle bactériologique négatif,1,8,6,False,False,normal,nuageux
2023-06-21 03:56:43,Hôpital Laquintinie,O+,27,7,0,20,4.3,17,100.0,normale,Parfait pour transfusion immédiate,2,3,6,False,False,normal,pluvieux
2023-06-21 09:37:15,Hôpital Laquintinie,A+,42,8,0,34,4.2,6,100.0,normale,Urgent: vérifier température stockage,2,9,6,False,False,normal,nuageux
2023-06-21 12:32:22,Hôpital Laquintinie,B-,47,11,18,54,4.2,19,100.0,normale,"Bon état général, légère variation température",2,12,6,False,False,normal,ensoleillé
2023-06-22 08:25:00,Hôpital Laquintinie,O+,33,6,19,46,3.6,9,100.0,normale,"Bon état général, légère variation température",3,8,6,False,False,normal,pluvieux
2023-06-22 15:44:22,Hôpital Laquintinie,A-,38,2,22,58,4.0,3,76.9,normale,Hémoglobine dans les normes,3,15,6,False,False,normal,ensoleillé
2023-06-22 21:25:30,Hôpital Laquintinie,A+,69,9,0,60,4.5,6,98.8,normale,"État satisfaisant, contrôle qualité OK",3,21,6,False,False,normal,orageux
2023-06-23 03:23:08,Hôpital Laquintinie,A-,21,7,0,14,3.4,4,91.1,faible,Parfait pour transfusion immédiate,4,3,6,False,False,normal,nuageux
2023-06-23 05:15:52,Hôpital Laquintinie,O-,19,1,0,18,4.4,7,100.0,faible,Urgent: vérifier température stockage,4,5,6,False,False,normal,orageux
2023-06-23 09:44:19,Hôpital Laquintinie,O+,48,7,0,41,3.5,1,60.7,attention,Hémoglobine dans les normes,4,9,6,False,False,normal,ensoleillé
2023-06-23 15:02:46,Hôpital Laquintinie,O+,59,5,17,71,3.8,8,100.0,normale,Parfait pour transfusion immédiate,4,15,6,False,False,urgence_médicale,ensoleillé
2023-06-23 15:14:23,Hôpital Laquintinie,A+,37,5,0,32,3.4,9,99.3,normale,"État satisfaisant, contrôle qualité OK",4,15,6,False,False,normal,pluvieux
2023-06-24 00:44:12,Hôpital Laquintinie,A+,15,7,21,29,3.9,11,93.8,normale,Attention: proche expiration,5,0,6,True,False,normal,ensoleillé
2023-06-24 05:39:59,Hôpital Laquintinie,O+,21,4,11,28,3.1,21,100.0,normale,"Bon état général, légère variation température",5,5,6,True,False,normal,pluvieux
2023-06-24 14:12:50,Hôpital Laquintinie,O+,46,8,0,38,4.2,6,99.3,normale,Contrôle bactériologique négatif,5,14,6,True,False,normal,orageux
2023-06-24 20:41:33,Hôpital Laquintinie,A+,50,3,17,64,4.6,25,99.8,normale,Hémoglobine dans les normes,5,20,6,True,False,normal,pluvieux
2023-06-24 23:19:07,Hôpital Laquintinie,A+,20,5,23,38,4.0,6,98.1,normale,Attention: proche expiration,5,23,6,True,False,normal,ensoleillé
2023-06-25 02:59:42,Hôpital Laquintinie,A+,15,1,0,14,3.0,9,99.5,faible,Hémoglobine dans les normes,6,2,6,True,False,normal,ensoleillé
2023-06-25 06:52:11,Hôpital Laquintinie,A+,33,0,20,53,3.7,10,100.0,normale,Hémoglobine dans les normes,6,6,6,True,False,normal,ensoleillé
2023-06-25 17:34:25,Hôpital Laquintinie,O+,36,3,16,49,3.8,1,58.7,attention,"État satisfaisant, contrôle qualité OK",6,17,6,True,False,normal,orageux
2023-06-25 17:47:19,Hôpital Laquintinie,O+,36,6,17,47,4.5,3,85.6,normale,Parfait pour transfusion immédiate,6,17,6,True,False,normal,orageux
2023-06-26 02:33:45,Hôpital Laquintinie,O+,18,3,0,15,3.6,6,97.6,faible,Contrôle bactériologique négatif,0,2,6,False,False,normal,nuageux
2023-06-26 12:54:24,Hôpital Laquintinie,A+,36,6,0,30,3.4,14,100.0,normale,Urgent: vérifier température stockage,0,12,6,False,False,normal,orageux
2023-06-26 20:37:58,Hôpital Laquintinie,O+,40,9,15,46,3.7,13,92.9,normale,Attention: proche expiration,0,20,6,False,False,normal,pluvieux
2023-06-26 21:00:16,Hôpital Laquintinie,A+,61,9,0,52,4.0,1,55.6,attention,Urgent: vérifier température stockage,0,21,6,False,False,normal,nuageux
2023-06-28 03:30:24,Hôpital Laquintinie,A+,40,8,0,32,4.5,33,100.0,normale,Contrôle bactériologique négatif,2,3,6,False,False,normal,pluvieux
2023-06-28 04:06:36,Hôpital Laquintinie,O+,24,7,0,17,4.8,25,98.9,faible,Contrôle bactériologique négatif,2,4,6,False,False,normal,nuageux
2023-06-28 17:58:29,Hôpital Laquintinie,AB-,41,3,0,38,4.8,13,97.7,normale,"Excellent état, conservation parfaite",2,17,6,False,False,normal,orageux
2023-06-29 00:07:13,Hôpital Laquintinie,B+,19,5,0,14,3.4,2,82.8,faible,Hémoglobine dans les normes,3,0,6,False,False,normal,pluvieux
2023-06-29 00:37:41,Hôpital Laquintinie,O+,27,3,16,40,3.8,60,98.8,normale,"Excellent état, conservation parfaite",3,0,6,False,False,normal,pluvieux
2023-06-29 03:45:40,Hôpital Laquintinie,O+,36,8,0,28,4.2,11,100.0,normale,Parfait pour transfusion immédiate,3,3,6,False,False,normal,ensoleillé
2023-06-29 15:00:44,Hôpital Laquintinie,A-,22,8,0,14,2.8,1,58.5,faible,"Excellent état, conservation parfaite",3,15,6,False,False,normal,ensoleillé
2023-06-29 20:48:06,Hôpital Laquintinie,O-,35,5,0,30,4.2,7,100.0,normale,"Excellent état, conservation parfaite",3,20,6,False,False,normal,nuageux
2023-07-01 00:38:16,Hôpital Laquintinie,B-,11,8,0,3,3.5,15,100.0,critique,URGENT: Stock critique - Hémoglobine dans les normes,5,0,7,True,True,normal,pluvieux
2023-07-01 13:22:59,Hôpital Laquintinie,O-,63,2,0,61,4.1,3,92.0,normale,"État satisfaisant, contrôle qualité OK",5,13,7,True,True,normal,ensoleillé
2023-07-01 20:12:57,Hôpital Laquintinie,O+,57,4,0,53,4.0,29,100.0,normale,Attention: proche expiration,5,20,7,True,True,normal,ensoleillé
2023-07-02 02:06:16,Hôpital Laquintinie,O+,6,6,0,0,4.1,10,100.0,critique,URGENT: Stock critique - Contrôle bactériologique négatif,6,2,7,True,True,normal,orageux
2023-07-02 07:19:43,Hôpital Laquintinie,O+,54,5,17,66,3.4,28,100.0,normale,Urgent: vérifier température stockage,6,7,7,True,True,normal,pluvieux
2023-07-02 09:13:26,Hôpital Laquintinie,A+,48,5,0,43,4.1,32,100.0,normale,Contrôle bactériologique négatif,6,9,7,True,True,normal,ensoleillé
2023-07-02 13:56:01,Hôpital Laquintinie,A+,56,10,0,46,3.8,12,98.2,normale,"État satisfaisant, contrôle qualité OK",6,13,7,True,True,normal,ensoleillé
2023-07-04 08:38:18,Hôpital Laquintinie,O+,72,6,0,66,3.5,31,100.0,normale,Attention: proche expiration,1,8,7,False,True,normal,orageux
2023-07-04 14:11:15,Hôpital Laquintinie,A+,42,11,0,31,3.9,14,92.0,normale,"État satisfaisant, contrôle qualité OK",1,14,7,False,True,normal,pluvieux
2023-07-04 14:43:31,Hôpital Laquintinie,A+,84,4,0,80,4.5,8,100.0,normale,Urgent: vérifier température stockage,1,14,7,False,True,normal,ensoleillé
2023-07-04 17:31:47,Hôpital Laquintinie,O-,63,9,0,54,3.8,12,99.0,normale,Hémoglobine dans les normes,1,17,7,False,True,normal,ensoleillé
2023-07-05 11:52:03,Hôpital Laquintinie,O+,41,3,20,58,2.7,3,79.2,normale,Parfait pour transfusion immédiate,2,11,7,False,True,normal,ensoleillé
2023-07-06 02:01:09,Hôpital Laquintinie,A+,22,5,0,17,4.5,3,75.6,faible,"Bon état général, légère variation température",3,2,7,False,True,normal,orageux
2023-07-06 05:34:02,Hôpital Laquintinie,O+,36,8,0,28,5.3,7,96.7,normale,"Excellent état, conservation parfaite",3,5,7,False,True,normal,nuageux
2023-07-06 08:22:37,Hôpital Laquintinie,A+,38,17,0,21,3.7,4,79.9,normale,"Excellent état, conservation parfaite",3,8,7,False,True,normal,ensoleillé
2023-07-06 13:39:50,Hôpital Laquintinie,A+,44,7,0,37,3.5,23,100.0,normale,"Excellent état, conservation parfaite",3,13,7,False,True,normal,ensoleillé
2023-07-06 14:00:47,Hôpital Laquintinie,A+,44,6,0,38,4.1,35,100.0,normale,Contrôle bactériologique négatif,3,14,7,False,True,normal,pluvieux
2023-07-06 17:56:04,Hôpital Laquintinie,O+,80,14,0,66,4.3,5,95.3,normale,Contrôle bactériologique négatif,3,17,7,False,True,normal,nuageux
2023-07-06 19:26:24,Hôpital Laquintinie,A+,57,3,20,74,3.9,10,96.4,normale,"Bon état général, légère variation température",3,19,7,False,True,normal,ensoleillé
2023-07-07 01:52:50,Hôpital Laquintinie,AB+,17,6,0,11,3.7,9,96.3,faible,Attention: proche expiration,4,1,7,False,True,normal,ensoleillé
2023-07-07 07:44:55,Hôpital Laquintinie,A+,58,14,22,66,4.9,5,92.7,normale,"État satisfaisant, contrôle qualité OK",4,7,7,False,True,normal,pluvieux
2023-07-07 13:28:31,Hôpital Laquintinie,B-,55,9,25,71,3.1,22,85.2,normale,"État satisfaisant, contrôle qualité OK",4,13,7,False,True,normal,nuageux
2023-07-07 21:08:26,Hôpital Laquintinie,A-,73,8,0,65,3.9,1,61.8,attention,Parfait pour transfusion immédiate,4,21,7,False,True,normal,ensoleillé
2023-07-08 04:21:14,Hôpital Laquintinie,O+,22,0,0,22,4.4,16,100.0,normale,Attention: proche expiration,5,4,7,True,True,normal,pluvieux
2023-07-08 13:54:12,Hôpital Laquintinie,A+,30,8,20,42,3.6,9,100.0,normale,"Bon état général, légère variation température",5,13,7,True,True,normal,nuageux
2023-07-10 07:24:35,Hôpital Laquintinie,O+,44,9,14,49,3.6,15,90.3,normale,Hémoglobine dans les normes,0,7,7,False,True,normal,nuageux
2023-07-10 08:50:24,Hôpital Laquintinie,A+,78,11,0,67,3.7,14,91.7,normale,Attention: proche expiration,0,8,7,False,True,normal,pluvieux
2023-07-11 03:34:22,Hôpital Laquintinie,B+,18,7,0,11,4.5,47,92.3,faible,Attention: proche expiration,1,3,7,False,True,normal,ensoleillé
2023-07-11 17:53:42,Hôpital Laquintinie,A+,38,5,0,33,4.0,34,97.8,normale,Hémoglobine dans les normes,1,17,7,False,True,normal,orageux
2023-07-12 10:12:22,Hôpital Laquintinie,A+,43,12,0,31,4.3,21,100.0,normale,Hémoglobine dans les normes,2,10,7,False,True,normal,nuageux
2023-07-12 23:28:31,Hôpital Laquintinie,A+,32,10,27,49,3.9,19,100.0,normale,Hémoglobine dans les normes,2,23,7,False,True,normal,orageux
2023-07-13 23:49:12,Hôpital Laquintinie,O+,25,11,0,14,4.0,30,96.5,faible,"Excellent état, conservation parfaite",3,23,7,False,True,normal,ensoleillé
2023-07-14 00:54:28,Hôpital Laquintinie,A+,20,5,0,15,3.4,2,83.2,faible,Attention: proche expiration,4,0,7,False,True,normal,pluvieux
2023-07-14 13:28:57,Hôpital Laquintinie,B+,13,9,18,22,4.7,1,60.0,attention,Contrôle bactériologique négatif,4,13,7,False,True,normal,nuageux
2023-07-14 17:34:06,Hôpital Laquintinie,O+,86,10,0,76,4.2,7,100.0,normale,Contrôle bactériologique négatif,4,17,7,False,True,normal,pluvieux
2023-07-14 22:32:23,Hôpital Laquintinie,A+,52,6,0,46,4.0,6,100.0,normale,Parfait pour transfusion immédiate,4,22,7,False,True,normal,orageux
2023-07-15 03:49:20,Hôpital Laquintinie,O+,20,6,16,30,3.7,15,96.4,normale,Parfait pour transfusion immédiate,5,3,7,True,True,normal,pluvieux
2023-07-15 12:47:56,Hôpital Laquintinie,A+,54,1,0,53,4.2,1,65.2,attention,"État satisfaisant, contrôle qualité OK",5,12,7,True,True,normal,pluvieux
2023-07-15 18:56:33,Hôpital Laquintinie,A+,37,8,0,29,3.3,2,77.1,normale,"État satisfaisant, contrôle qualité OK",5,18,7,True,True,normal,orageux
2023-07-15 20:46:17,Hôpital Laquintinie,A+,44,8,19,55,4.5,1,62.0,attention,"Excellent état, conservation parfaite",5,20,7,True,True,normal,ensoleillé
2023-07-15 21:36:05,Hôpital Laquintinie,AB+,40,6,0,34,3.5,40,100.0,normale,Attention: proche expiration,5,21,7,True,True,urgence_médicale,orageux
2023-07-16 03:06:32,Hôpital Laquintinie,A+,3,10,0,0,2.7,35,100.0,critique,URGENT: Stock critique - Hémoglobine dans les normes,6,3,7,True,True,normal,nuageux
2023-07-17 03:22:23,Hôpital Laquintinie,A-,12,9,16,19,3.6,27,100.0,faible,"Excellent état, conservation parfaite",0,3,7,False,True,normal,ensoleillé
2023-07-17 15:46:44,Hôpital Laquintinie,B+,46,14,29,61,4.5,4,87.5,normale,Parfait pour transfusion immédiate,0,15,7,False,True,normal,nuageux
2023-07-17 17:33:37,Hôpital Laquintinie,O+,72,6,0,66,4.3,83,100.0,normale,"État satisfaisant, contrôle qualité OK",0,17,7,False,True,normal,ensoleillé
2023-07-17 19:14:36,Hôpital Laquintinie,O+,56,10,0,46,4.3,6,100.0,normale,"Excellent état, conservation parfaite",0,19,7,False,True,normal,orageux
2023-07-19 05:17:04,Hôpital Laquintinie,A+,37,13,10,34,4.6,1,63.2,attention,Hémoglobine dans les normes,2,5,7,False,True,épidémie,pluvieux
2023-07-19 09:05:11,Hôpital Laquintinie,A+,62,10,0,52,4.1,6,100.0,normale,"État satisfaisant, contrôle qualité OK",2,9,7,False,True,normal,ensoleillé
2023-07-19 13:54:37,Hôpital Laquintinie,A-,51,3,0,48,4.9,23,95.0,normale,"État satisfaisant, contrôle qualité OK",2,13,7,False,True,normal,pluvieux
2023-07-19 17:46:41,Hôpital Laquintinie,O+,46,14,20,52,3.8,10,99.7,normale,"Bon état général, légère variation température",2,17,7,False,True,normal,pluvieux
2023-07-19 20:16:15,Hôpital Laquintinie,O+,58,6,0,52,2.9,9,100.0,normale,Attention: proche expiration,2,20,7,False,True,normal,ensoleillé
2023-07-20 07:46:12,Hôpital Laquintinie,A+,44,5,0,39,4.7,13,100.0,normale,Parfait pour transfusion immédiate,3,7,7,False,True,normal,orageux
2023-07-20 08:10:11,Hôpital Laquintinie,O+,53,5,0,48,3.7,20,100.0,normale,Attention: proche expiration,3,8,7,False,True,normal,ensoleillé
2023-07-20 21:02:25,Hôpital Laquintinie,A+,65,10,0,55,4.8,1,66.3,attention,Attention: proche expiration,3,21,7,False,True,normal,ensoleillé
2023-07-21 06:57:32,Hôpital Laquintinie,A+,52,10,0,42,4.7,5,100.0,normale,Urgent: vérifier température stockage,4,6,7,False,True,normal,ensoleillé
2023-07-21 10:56:29,Hôpital Laquintinie,O+,29,9,18,38,3.6,10,92.8,normale,Parfait pour transfusion immédiate,4,10,7,False,True,normal,ensoleillé
2023-07-21 16:57:46,Hôpital Laquintinie,B+,34,7,0,27,3.4,8,97.6,normale,"Excellent état, conservation parfaite",4,16,7,False,True,normal,pluvieux
2023-07-21 23:24:37,Hôpital Laquintinie,O+,12,9,0,3,4.0,18,95.6,critique,URGENT: Stock critique - Hémoglobine dans les normes,4,23,7,False,True,normal,pluvieux
2023-07-22 09:24:26,Hôpital Laquintinie,A+,34,13,0,21,3.8,6,100.0,normale,Hémoglobine dans les normes,5,9,7,True,True,normal,nuageux
2023-07-23 05:36:46,Hôpital Laquintinie,O+,28,6,0,22,3.2,1,58.8,attention,"Bon état général, légère variation température",6,5,7,True,True,normal,pluvieux
2023-07-24 16:59:21,Hôpital Laquintinie,O+,64,10,0,54,4.0,2,94.7,normale,Contrôle bactériologique négatif,0,16,7,False,True,normal,ensoleillé
2023-07-24 23:17:40,Hôpital Laquintinie,A+,23,9,0,14,3.8,6,100.0,faible,"État satisfaisant, contrôle qualité OK",0,23,7,False,True,normal,pluvieux
2023-07-25 11:42:25,Hôpital Laquintinie,O+,61,8,0,53,4.1,40,100.0,normale,Attention: proche expiration,1,11,7,False,True,épidémie,ensoleillé
2023-07-26 11:58:43,Hôpital Laquintinie,A+,55,11,0,44,3.6,11,95.5,normale,Hémoglobine dans les normes,2,11,7,False,True,normal,nuageux
2023-07-26 15:49:25,Hôpital Laquintinie,B+,78,10,0,68,3.8,24,97.1,normale,Attention: proche expiration,2,15,7,False,True,épidémie,pluvieux
2023-07-27 07:17:42,Hôpital Laquintinie,O+,58,10,0,48,4.4,1,52.4,attention,Contrôle bactériologique négatif,3,7,7,False,True,normal,pluvieux
2023-07-27 12:46:05,Hôpital Laquintinie,O+,102,8,18,112,4.4,43,100.0,normale,Attention: proche expiration,3,12,7,False,True,normal,ensoleillé
2023-07-27 17:45:39,Hôpital Laquintinie,O-,45,8,0,37,4.4,5,97.9,normale,Urgent: vérifier température stockage,3,17,7,False,True,normal,ensoleillé
2023-07-27 23:53:49,Hôpital Laquintinie,A+,40,8,29,61,4.0,3,85.7,normale,"État satisfaisant, contrôle qualité OK",3,23,7,False,True,campagne_don,ensoleillé
2023-07-28 03:58:56,Hôpital Laquintinie,A+,37,8,0,29,4.1,6,100.0,normale,"Bon état général, légère variation température",4,3,7,False,True,normal,orageux
2023-07-28 15:25:15,Hôpital Laquintinie,A+,75,10,0,65,4.1,18,98.1,normale,Urgent: vérifier température stockage,4,15,7,False,True,normal,pluvieux
2023-07-28 16:35:19,Hôpital Laquintinie,O+,49,3,16,62,4.0,28,100.0,normale,"Bon état général, légère variation température",4,16,7,False,True,normal,nuageux
2023-07-28 20:09:20,Hôpital Laquintinie,O+,40,17,0,23,3.7,2,76.5,normale,Urgent: vérifier température stockage,4,20,7,False,True,normal,pluvieux
2023-07-29 05:54:42,Hôpital Laquintinie,A+,21,2,0,19,3.6,14,96.1,faible,Hémoglobine dans les normes,5,5,7,True,True,normal,ensoleillé
2023-07-29 13:50:58,Hôpital Laquintinie,A+,38,8,0,30,4.4,25,100.0,normale,Attention: proche expiration,5,13,7,True,True,normal,pluvieux
2023-07-29 15:54:57,Hôpital Laquintinie,B+,23,3,0,20,4.1,11,93.9,normale,"Bon état général, légère variation température",5,15,7,True,True,normal,pluvieux
2023-07-30 09:08:21,Hôpital Laquintinie,B-,39,7,0,32,4.0,1,55.9,attention,Urgent: vérifier température stockage,6,9,7,True,True,normal,nuageux
2023-07-30 11:43:45,Hôpital Laquintinie,O+,28,8,0,20,3.5,9,100.0,normale,Urgent: vérifier température stockage,6,11,7,True,True,épidémie,orageux
2023-07-30 14:12:04,Hôpital Laquintinie,A+,25,7,26,44,4.1,3,99.7,normale,Contrôle bactériologique négatif,6,14,7,True,True,normal,ensoleillé
2023-07-30 22:05:58,Hôpital Laquintinie,A+,36,5,16,47,3.9,11,96.5,normale,"Bon état général, légère variation température",6,22,7,True,True,normal,ensoleillé
2023-07-30 23:30:11,Hôpital Laquintinie,O-,22,8,24,38,4.0,69,99.3,normale,"Bon état général, légère variation température",6,23,7,True,True,normal,ensoleillé
2023-07-31 11:45:36,Hôpital Laquintinie,O-,69,5,0,64,3.2,9,100.0,normale,"Bon état général, légère variation température",0,11,7,False,True,normal,nuageux
2023-08-01 01:09:39,Hôpital Laquintinie,O+,41,13,0,28,4.2,11,93.4,normale,Parfait pour transfusion immédiate,1,1,8,False,True,normal,ensoleillé
2023-08-01 14:44:31,Hôpital Laquintinie,O+,69,8,19,80,3.4,7,95.9,normale,Urgent: vérifier température stockage,1,14,8,False,True,normal,ensoleillé
2023-08-02 04:26:55,Hôpital Laquintinie,A-,37,15,0,22,3.3,20,100.0,normale,Hémoglobine dans les normes,2,4,8,False,True,normal,nuageux
2023-08-02 15:36:04,Hôpital Laquintinie,O+,66,15,20,71,3.3,1,56.6,attention,Contrôle bactériologique négatif,2,15,8,False,True,normal,pluvieux
2023-08-02 21:40:45,Hôpital Laquintinie,A+,36,10,0,26,5.0,24,99.9,normale,Urgent: vérifier température stockage,2,21,8,False,True,normal,orageux
2023-08-03 02:08:50,Hôpital Laquintinie,O+,29,6,22,45,4.5,30,100.0,normale,"État satisfaisant, contrôle qualité OK",3,2,8,False,True,accident_route,nuageux
2023-08-03 03:10:21,Hôpital Laquintinie,O+,31,5,11,37,3.5,15,84.7,normale,Contrôle bactériologique négatif,3,3,8,False,True,normal,ensoleillé
2023-08-03 06:48:11,Hôpital Laquintinie,A+,71,13,0,58,4.2,6,100.0,normale,Attention: proche expiration,3,6,8,False,True,normal,ensoleillé
2023-08-03 13:21:38,Hôpital Laquintinie,O+,50,11,0,39,4.3,15,96.2,normale,"Excellent état, conservation parfaite",3,13,8,False,True,normal,pluvieux
2023-08-03 20:52:29,Hôpital Laquintinie,A+,52,11,23,64,4.0,1,67.4,attention,Hémoglobine dans les normes,3,20,8,False,True,normal,ensoleillé
2023-08-04 00:30:06,Hôpital Laquintinie,A+,24,9,0,15,4.4,1,55.8,faible,"État satisfaisant, contrôle qualité OK",4,0,8,False,True,normal,pluvieux
2023-08-04 05:21:09,Hôpital Laquintinie,O+,31,7,0,24,4.0,8,100.0,normale,"Bon état général, légère variation température",4,5,8,False,True,normal,orageux
2023-08-05 02:14:20,Hôpital Laquintinie,A+,19,6,0,13,4.6,1,59.3,faible,Hémoglobine dans les normes,5,2,8,True,True,normal,orageux
2023-08-05 05:15:33,Hôpital Laquintinie,O+,30,4,0,26,3.8,1,59.5,attention,Attention: proche expiration,5,5,8,True,True,normal,pluvieux
2023-08-06 11:06:41,Hôpital Laquintinie,B+,51,3,23,71,4.5,1,70.2,normale,"État satisfaisant, contrôle qualité OK",6,11,8,True,True,normal,pluvieux
2023-08-06 18:18:43,Hôpital Laquintinie,O+,64,5,0,59,3.6,20,100.0,normale,Hémoglobine dans les normes,6,18,8,True,True,épidémie,nuageux
2023-08-06 23:51:59,Hôpital Laquintinie,A+,30,12,0,18,4.9,10,98.0,faible,"Bon état général, légère variation température",6,23,8,True,True,normal,ensoleillé
2023-08-07 08:26:02,Hôpital Laquintinie,A+,57,8,0,49,4.4,2,87.6,normale,Hémoglobine dans les normes,0,8,8,False,True,normal,ensoleillé
2023-08-07 10:13:47,Hôpital Laquintinie,O+,70,9,14,75,3.8,9,100.0,normale,Urgent: vérifier température stockage,0,10,8,False,True,normal,ensoleillé
2023-08-07 15:40:13,Hôpital Laquintinie,A+,51,0,0,51,4.1,14,100.0,normale,"Bon état général, légère variation température",0,15,8,False,True,normal,nuageux
2023-08-07 19:01:16,Hôpital Laquintinie,O+,33,9,0,24,4.5,13,98.3,normale,"Excellent état, conservation parfaite",0,19,8,False,True,normal,ensoleillé
2023-08-08 10:36:12,Hôpital Laquintinie,O+,93,14,0,79,3.7,17,100.0,normale,Urgent: vérifier température stockage,1,10,8,False,True,normal,nuageux
2023-08-08 17:57:30,Hôpital Laquintinie,O+,60,14,17,63,4.3,26,99.3,normale,Contrôle bactériologique négatif,1,17,8,False,True,normal,ensoleillé
2023-08-09 23:42:14,Hôpital Laquintinie,O+,20,13,0,7,4.1,9,100.0,critique,"URGENT: Stock critique - Bon état général, légère variation température",2,23,8,False,True,normal,orageux
2023-08-10 09:09:36,Hôpital Laquintinie,O-,36,10,18,44,4.5,1,66.5,attention,Parfait pour transfusion immédiate,3,9,8,False,True,normal,pluvieux
2023-08-10 19:01:54,Hôpital Laquintinie,A+,49,5,0,44,4.1,15,96.2,normale,"Bon état général, légère variation température",3,19,8,False,True,normal,nuageux
2023-08-11 00:04:09,Hôpital Laquintinie,A+,36,5,0,31,3.8,3,87.7,normale,"État satisfaisant, contrôle qualité OK",4,0,8,False,True,normal,ensoleillé
2023-08-11 13:22:42,Hôpital Laquintinie,A+,59,9,16,66,4.0,53,100.0,normale,Parfait pour transfusion immédiate,4,13,8,False,True,normal,nuageux
2023-08-13 11:27:53,Hôpital Laquintinie,A+,54,12,0,42,3.8,20,91.1,normale,"Excellent état, conservation parfaite",6,11,8,True,True,normal,orageux
2023-08-13 21:58:52,Hôpital Laquintinie,A+,47,9,0,38,3.9,19,100.0,normale,"Excellent état, conservation parfaite",6,21,8,True,True,normal,ensoleillé
2023-08-14 16:24:57,Hôpital Laquintinie,O+,70,12,0,58,3.9,1,66.7,attention,"Bon état général, légère variation température",0,16,8,False,True,normal,pluvieux
2023-08-15 03:07:25,Hôpital Laquintinie,B+,38,6,0,32,4.4,5,97.7,normale,Parfait pour transfusion immédiate,1,3,8,False,True,normal,orageux
2023-08-15 05:40:16,Hôpital Laquintinie,A+,32,7,21,46,3.9,17,96.1,normale,Parfait pour transfusion immédiate,1,5,8,False,True,normal,pluvieux
2023-08-15 13:47:34,Hôpital Laquintinie,A+,76,8,20,88,3.9,4,84.1,normale,Urgent: vérifier température stockage,1,13,8,False,True,normal,ensoleillé
2023-08-16 13:49:34,Hôpital Laquintinie,A+,68,7,18,79,4.1,11,100.0,normale,Parfait pour transfusion immédiate,2,13,8,False,True,normal,pluvieux
2023-08-16 23:35:39,Hôpital Laquintinie,A+,25,8,0,17,4.9,61,100.0,faible,Urgent: vérifier température stockage,2,23,8,False,True,normal,pluvieux
2023-08-17 00:33:43,Hôpital Laquintinie,A+,34,16,0,18,4.9,4,84.1,faible,Urgent: vérifier température stockage,3,0,8,False,True,normal,orageux
2023-08-17 13:25:44,Hôpital Laquintinie,O+,85,4,0,81,4.1,4,90.1,normale,Hémoglobine dans les normes,3,13,8,False,True,campagne_don,ensoleillé
2023-08-17 23:23:00,Hôpital Laquintinie,A+,38,11,0,27,4.2,4,90.0,normale,Urgent: vérifier température stockage,3,23,8,False,True,normal,ensoleillé
2023-08-18 07:36:49,Hôpital Laquintinie,B+,35,10,19,44,3.7,6,97.6,normale,"Excellent état, conservation parfaite",4,7,8,False,True,normal,orageux
2023-08-18 09:44:44,Hôpital Laquintinie,O+,68,13,0,55,4.5,4,78.9,normale,Urgent: vérifier température stockage,4,9,8,False,True,normal,pluvieux
2023-08-18 20:03:45,Hôpital Laquintinie,B+,35,4,0,31,3.7,2,83.1,normale,Attention: proche expiration,4,20,8,False,True,normal,ensoleillé
2023-08-18 21:46:31,Hôpital Laquintinie,A+,58,15,0,43,4.4,9,95.9,normale,Urgent: vérifier température stockage,4,21,8,False,True,normal,nuageux
2023-08-19 08:28:27,Hôpital Laquintinie,A+,42,4,0,38,4.4,18,99.0,normale,"Bon état général, légère variation température",5,8,8,True,True,normal,nuageux
2023-08-19 19:41:22,Hôpital Laquintinie,O+,41,5,0,36,3.8,26,100.0,normale,"État satisfaisant, contrôle qualité OK",5,19,8,True,True,normal,pluvieux
2023-08-20 01:40:42,Hôpital Laquintinie,A+,27,6,24,45,3.4,19,94.7,normale,Attention: proche expiration,6,1,8,True,True,normal,orageux
2023-08-20 02:41:31,Hôpital Laquintinie,A+,10,5,0,5,4.9,14,100.0,critique,URGENT: Stock critique - Hémoglobine dans les normes,6,2,8,True,True,normal,pluvieux
2023-08-20 03:03:09,Hôpital Laquintinie,A+,23,3,0,20,4.3,12,100.0,normale,"État satisfaisant, contrôle qualité OK",6,3,8,True,True,normal,nuageux
2023-08-20 11:28:02,Hôpital Laquintinie,A+,54,4,19,69,4.9,18,100.0,normale,Attention: proche expiration,6,11,8,True,True,normal,orageux
2023-08-21 00:18:34,Hôpital Laquintinie,A+,26,11,0,15,2.9,1,73.1,faible,Attention: proche expiration,0,0,8,False,True,normal,orageux
2023-08-21 01:44:35,Hôpital Laquintinie,O+,35,15,0,20,3.6,1,59.8,attention,Urgent: vérifier température stockage,0,1,8,False,True,normal,nuageux
2023-08-21 09:25:13,Hôpital Laquintinie,A+,50,12,20,58,3.7,4,89.0,normale,Hémoglobine dans les normes,0,9,8,False,True,urgence_médicale,pluvieux
2023-08-21 15:22:27,Hôpital Laquintinie,O+,72,12,21,81,4.4,20,100.0,normale,"Bon état général, légère variation température",0,15,8,False,True,normal,ensoleillé
2023-08-21 22:01:59,Hôpital Laquintinie,A+,36,6,13,43,5.0,8,100.0,normale,"Excellent état, conservation parfaite",0,22,8,False,True,normal,ensoleillé
2023-08-22 02:42:04,Hôpital Laquintinie,A+,32,11,0,21,3.7,14,100.0,normale,Urgent: vérifier température stockage,1,2,8,False,True,normal,orageux
2023-08-22 09:06:41,Hôpital Laquintinie,O+,60,9,0,51,3.9,5,94.6,normale,Contrôle bactériologique négatif,1,9,8,False,True,normal,nuageux
2023-08-22 11:06:37,Hôpital Laquintinie,A+,29,12,0,17,4.4,9,96.7,faible,Contrôle bactériologique négatif,1,11,8,False,True,normal,nuageux
2023-08-23 17:49:23,Hôpital Laquintinie,A+,40,10,0,30,4.2,27,100.0,normale,"Excellent état, conservation parfaite",2,17,8,False,True,normal,pluvieux
2023-08-24 19:35:50,Hôpital Laquintinie,O+,64,11,0,53,2.9,6,100.0,normale,"État satisfaisant, contrôle qualité OK",3,19,8,False,True,normal,pluvieux
2023-08-24 22:05:07,Hôpital Laquintinie,O+,69,7,0,62,4.1,5,100.0,normale,Urgent: vérifier température stockage,3,22,8,False,True,normal,ensoleillé
2023-08-25 04:58:54,Hôpital Laquintinie,B+,15,12,0,3,3.8,12,98.8,critique,URGENT: Stock critique - Parfait pour transfusion immédiate,4,4,8,False,True,normal,ensoleillé
2023-08-25 22:23:06,Hôpital Laquintinie,O+,60,14,0,46,4.2,11,88.4,normale,Hémoglobine dans les normes,4,22,8,False,True,normal,nuageux
2023-08-26 01:09:14,Hôpital Laquintinie,O+,22,10,0,12,4.7,17,100.0,faible,Hémoglobine dans les normes,5,1,8,True,True,normal,pluvieux
2023-08-26 12:51:35,Hôpital Laquintinie,O+,54,4,0,50,3.5,18,100.0,normale,Urgent: vérifier température stockage,5,12,8,True,True,normal,pluvieux
2023-08-26 18:52:28,Hôpital Laquintinie,O-,29,4,0,25,4.5,29,98.8,normale,"État satisfaisant, contrôle qualité OK",5,18,8,True,True,normal,orageux
2023-08-28 14:48:29,Hôpital Laquintinie,B-,52,9,24,67,2.8,12,100.0,normale,Parfait pour transfusion immédiate,0,14,8,False,True,normal,nuageux
2023-08-28 17:00:19,Hôpital Laquintinie,O+,52,14,0,38,3.9,11,96.9,normale,Urgent: vérifier température stockage,0,17,8,False,True,normal,ensoleillé
2023-08-29 03:37:25,Hôpital Laquintinie,O-,20,4,0,16,3.6,5,100.0,faible,Attention: proche expiration,1,3,8,False,True,normal,ensoleillé
2023-08-29 03:48:35,Hôpital Laquintinie,O+,21,17,0,4,4.1,42,98.5,critique,"URGENT: Stock critique - Bon état général, légère variation température",1,3,8,False,True,normal,nuageux
2023-08-29 08:44:32,Hôpital Laquintinie,AB+,46,12,0,34,4.5,6,100.0,normale,"Bon état général, légère variation température",1,8,8,False,True,normal,ensoleillé
2023-08-29 19:04:44,Hôpital Laquintinie,B+,21,10,0,11,3.6,13,95.9,faible,Hémoglobine dans les normes,1,19,8,False,True,normal,ensoleillé
2023-08-30 09:53:10,Hôpital Laquintinie,O+,50,15,0,35,4.3,3,79.4,normale,Attention: proche expiration,2,9,8,False,True,normal,nuageux
2023-08-30 20:10:38,Hôpital Laquintinie,A-,39,6,0,33,4.5,12,100.0,normale,Parfait pour transfusion immédiate,2,20,8,False,True,normal,ensoleillé
2023-08-30 22:43:55,Hôpital Laquintinie,O+,96,12,0,84,4.0,30,100.0,normale,"Excellent état, conservation parfaite",2,22,8,False,True,normal,ensoleillé
2023-08-31 00:41:14,Hôpital Laquintinie,A+,28,0,0,28,4.3,5,100.0,normale,Hémoglobine dans les normes,3,0,8,False,True,normal,pluvieux
2023-08-31 15:56:52,Hôpital Laquintinie,O+,92,8,21,105,3.3,1,71.1,normale,"État satisfaisant, contrôle qualité OK",3,15,8,False,True,urgence_médicale,ensoleillé
2023-09-01 10:55:02,Hôpital Laquintinie,O+,24,5,0,19,3.8,43,100.0,faible,Contrôle bactériologique négatif,4,10,9,False,False,normal,ensoleillé
2023-09-01 13:02:13,Hôpital Laquintinie,O+,49,5,0,44,4.5,17,100.0,normale,"Bon état général, légère variation température",4,13,9,False,False,normal,nuageux
2023-09-02 04:32:43,Hôpital Laquintinie,B+,18,4,0,14,3.8,2,84.0,faible,Attention: proche expiration,5,4,9,True,False,normal,pluvieux
2023-09-02 04:40:19,Hôpital Laquintinie,A+,23,5,0,18,3.1,3,97.2,faible,Hémoglobine dans les normes,5,4,9,True,False,campagne_don,ensoleillé
2023-09-02 14:39:05,Hôpital Laquintinie,A+,35,6,0,29,4.9,7,97.0,normale,Contrôle bactériologique négatif,5,14,9,True,False,normal,pluvieux
2023-09-02 21:23:31,Hôpital Laquintinie,A-,26,7,0,19,4.6,17,96.1,faible,Attention: proche expiration,5,21,9,True,False,normal,ensoleillé
2023-09-03 06:20:33,Hôpital Laquintinie,A+,38,3,0,35,3.2,1,67.9,attention,"Excellent état, conservation parfaite",6,6,9,True,False,normal,ensoleillé
2023-09-03 06:58:54,Hôpital Laquintinie,B+,30,3,0,27,4.3,10,100.0,normale,"Bon état général, légère variation température",6,6,9,True,False,normal,ensoleillé
2023-09-03 18:58:03,Hôpital Laquintinie,O+,37,2,24,59,3.7,4,89.3,normale,Contrôle bactériologique négatif,6,18,9,True,False,normal,pluvieux
2023-09-03 22:21:59,Hôpital Laquintinie,A+,21,4,0,17,4.6,30,100.0,faible,Attention: proche expiration,6,22,9,True,False,normal,ensoleillé
2023-09-04 03:28:09,Hôpital Laquintinie,A+,27,7,0,20,5.1,20,94.2,normale,Contrôle bactériologique négatif,0,3,9,False,False,normal,orageux
2023-09-04 05:14:58,Hôpital Laquintinie,O+,19,10,0,9,2.7,21,97.0,critique,"URGENT: Stock critique - Excellent état, conservation parfaite",0,5,9,False,False,normal,nuageux
2023-09-04 06:35:25,Hôpital Laquintinie,A+,44,8,0,36,5.0,3,86.9,normale,Hémoglobine dans les normes,0,6,9,False,False,normal,pluvieux
2023-09-04 13:43:28,Hôpital Laquintinie,A-,48,0,0,48,3.6,18,97.4,normale,Parfait pour transfusion immédiate,0,13,9,False,False,normal,orageux
2023-09-04 19:38:24,Hôpital Laquintinie,O+,48,5,27,70,4.1,57,100.0,normale,"Excellent état, conservation parfaite",0,19,9,False,False,normal,ensoleillé
2023-09-05 03:37:29,Hôpital Laquintinie,A+,27,10,0,17,4.5,1,62.8,faible,Urgent: vérifier température stockage,1,3,9,False,False,normal,pluvieux
2023-09-06 01:25:55,Hôpital Laquintinie,O+,29,4,23,48,3.3,16,95.1,normale,Contrôle bactériologique négatif,2,1,9,False,False,normal,pluvieux
2023-09-06 12:02:00,Hôpital Laquintinie,O+,69,11,0,58,3.7,30,99.4,normale,Contrôle bactériologique négatif,2,12,9,False,False,normal,pluvieux
2023-09-06 14:22:53,Hôpital Laquintinie,A+,42,9,0,33,3.9,6,94.5,normale,Urgent: vérifier température stockage,2,14,9,False,False,normal,nuageux
2023-09-06 14:46:57,Hôpital Laquintinie,A+,59,12,17,64,4.6,43,100.0,normale,Hémoglobine dans les normes,2,14,9,False,False,accident_route,orageux
2023-09-07 11:20:40,Hôpital Laquintinie,O+,31,14,0,17,3.6,1,59.4,faible,Hémoglobine dans les normes,3,11,9,False,False,normal,nuageux
2023-09-07 18:27:01,Hôpital Laquintinie,O+,50,7,0,43,4.4,2,88.5,normale,"État satisfaisant, contrôle qualité OK",3,18,9,False,False,normal,ensoleillé
2023-09-08 01:00:52,Hôpital Laquintinie,O+,19,5,0,14,4.2,17,93.1,faible,"État satisfaisant, contrôle qualité OK",4,1,9,False,False,normal,nuageux
2023-09-08 05:25:46,Hôpital Laquintinie,O+,28,8,0,20,3.7,8,94.3,normale,"État satisfaisant, contrôle qualité OK",4,5,9,False,False,normal,pluvieux
2023-09-09 21:53:06,Hôpital Laquintinie,B+,18,4,0,14,4.3,14,99.0,faible,Attention: proche expiration,5,21,9,True,False,normal,nuageux
2023-09-10 02:09:26,Hôpital Laquintinie,A+,17,6,0,11,4.1,27,100.0,faible,"Excellent état, conservation parfaite",6,2,9,True,False,normal,ensoleillé
2023-09-10 09:00:28,Hôpital Laquintinie,O+,41,2,0,39,4.1,35,95.0,normale,Parfait pour transfusion immédiate,6,9,9,True,False,normal,pluvieux
2023-09-10 09:57:29,Hôpital Laquintinie,A+,32,7,17,42,3.3,42,100.0,normale,Attention: proche expiration,6,9,9,True,False,normal,pluvieux
2023-09-10 10:41:14,Hôpital Laquintinie,A+,49,9,0,40,4.5,3,82.9,normale,Contrôle bactériologique négatif,6,10,9,True,False,urgence_médicale,orageux
2023-09-10 13:51:49,Hôpital Laquintinie,O+,29,4,0,25,4.3,33,99.7,normale,"État satisfaisant, contrôle qualité OK",6,13,9,True,False,normal,pluvieux
2023-09-10 18:18:52,Hôpital Laquintinie,O+,34,8,18,44,4.9,5,100.0,normale,Contrôle bactériologique négatif,6,18,9,True,False,normal,ensoleillé
2023-09-11 00:01:25,Hôpital Laquintinie,A+,11,7,0,4,4.1,16,94.6,critique,"URGENT: Stock critique - Excellent état, conservation parfaite",0,0,9,False,False,normal,pluvieux
2023-09-11 00:07:06,Hôpital Laquintinie,AB+,36,12,14,38,4.3,22,97.3,normale,Hémoglobine dans les normes,0,0,9,False,False,normal,nuageux
2023-09-11 06:58:37,Hôpital Laquintinie,A+,60,8,0,52,3.7,31,99.0,normale,"État satisfaisant, contrôle qualité OK",0,6,9,False,False,normal,ensoleillé
2023-09-11 22:03:20,Hôpital Laquintinie,O+,57,8,0,49,3.9,15,100.0,normale,"État satisfaisant, contrôle qualité OK",0,22,9,False,False,accident_route,nuageux
2023-09-12 04:50:48,Hôpital Laquintinie,O+,25,10,24,39,4.9,6,100.0,normale,"Bon état général, légère variation température",1,4,9,False,False,épidémie,ensoleillé
2023-09-12 06:34:45,Hôpital Laquintinie,O+,62,13,0,49,4.4,28,100.0,normale,Contrôle bactériologique négatif,1,6,9,False,False,normal,ensoleillé
2023-09-12 06:55:04,Hôpital Laquintinie,B+,35,3,0,32,3.6,13,100.0,normale,"Excellent état, conservation parfaite",1,6,9,False,False,normal,orageux
2023-09-12 08:26:23,Hôpital Laquintinie,B+,37,10,20,47,4.0,1,54.7,attention,"Bon état général, légère variation température",1,8,9,False,False,normal,pluvieux
2023-09-12 15:14:44,Hôpital Laquintinie,O+,46,7,0,39,4.3,2,85.0,normale,Hémoglobine dans les normes,1,15,9,False,False,normal,ensoleillé
2023-09-13 11:07:00,Hôpital Laquintinie,A+,52,6,19,65,4.0,9,100.0,normale,Urgent: vérifier température stockage,2,11,9,False,False,normal,orageux
2023-09-13 14:54:38,Hôpital Laquintinie,A+,56,6,0,50,4.6,16,98.5,normale,"Excellent état, conservation parfaite",2,14,9,False,False,normal,nuageux
2023-09-13 23:03:30,Hôpital Laquintinie,O+,15,6,0,9,3.7,4,80.7,critique,URGENT: Stock critique - Contrôle bactériologique négatif,2,23,9,False,False,normal,ensoleillé
2023-09-14 07:27:13,Hôpital Laquintinie,O+,50,6,0,44,3.8,1,67.0,attention,"État satisfaisant, contrôle qualité OK",3,7,9,False,False,normal,nuageux
2023-09-14 10:00:55,Hôpital Laquintinie,A+,42,5,27,64,3.9,37,100.0,normale,"Bon état général, légère variation température",3,10,9,False,False,normal,nuageux
2023-09-14 12:05:22,Hôpital Laquintinie,A+,40,10,17,47,4.1,8,88.5,normale,Contrôle bactériologique négatif,3,12,9,False,False,normal,pluvieux
2023-09-14 17:28:32,Hôpital Laquintinie,B-,55,7,0,48,3.3,1,62.8,attention,"Excellent état, conservation parfaite",3,17,9,False,False,normal,orageux
2023-09-15 06:28:58,Hôpital Laquintinie,A+,39,9,0,30,3.3,2,86.4,normale,"Bon état général, légère variation température",4,6,9,False,False,normal,ensoleillé
2023-09-15 07:11:00,Hôpital Laquintinie,A+,48,8,0,40,5.0,32,94.9,normale,Urgent: vérifier température stockage,4,7,9,False,False,normal,pluvieux
2023-09-15 09:43:39,Hôpital Laquintinie,A+,43,6,0,37,4.7,15,95.2,normale,"Bon état général, légère variation température",4,9,9,False,False,normal,ensoleillé
2023-09-16 01:29:48,Hôpital Laquintinie,O-,7,2,22,27,4.4,1,59.5,attention,Contrôle bactériologique négatif,5,1,9,True,False,normal,ensoleillé
2023-09-16 05:08:39,Hôpital Laquintinie,O+,13,7,0,6,4.1,44,99.7,critique,URGENT: Stock critique - Attention: proche expiration,5,5,9,True,False,normal,ensoleillé
2023-09-16 06:29:55,Hôpital Laquintinie,A-,32,3,0,29,4.5,7,100.0,normale,"État satisfaisant, contrôle qualité OK",5,6,9,True,False,normal,ensoleillé
2023-09-16 19:09:27,Hôpital Laquintinie,O+,25,2,0,23,4.6,23,98.5,normale,Hémoglobine dans les normes,5,19,9,True,False,normal,nuageux
2023-09-16 20:44:03,Hôpital Laquintinie,A+,23,8,0,15,4.2,3,86.5,faible,"État satisfaisant, contrôle qualité OK",5,20,9,True,False,normal,ensoleillé
2023-09-17 05:10:08,Hôpital Laquintinie,A+,13,4,0,9,4.7,11,94.9,critique,URGENT: Stock critique - Parfait pour transfusion immédiate,6,5,9,True,False,normal,ensoleillé
2023-09-17 05:47:01,Hôpital Laquintinie,A+,10,4,0,6,4.4,8,100.0,critique,URGENT: Stock critique - Urgent: vérifier température stockage,6,5,9,True,False,normal,pluvieux
2023-09-17 09:58:00,Hôpital Laquintinie,O+,33,7,0,26,4.3,1,54.0,attention,Urgent: vérifier température stockage,6,9,9,True,False,normal,pluvieux
2023-09-17 13:04:17,Hôpital Laquintinie,A+,43,4,0,39,4.1,6,99.7,normale,Attention: proche expiration,6,13,9,True,False,normal,ensoleillé
2023-09-17 16:52:49,Hôpital Laquintinie,A+,30,3,0,27,4.2,5,100.0,normale,Parfait pour transfusion immédiate,6,16,9,True,False,normal,ensoleillé
2023-09-17 16:59:57,Hôpital Laquintinie,AB+,46,1,0,45,4.2,7,100.0,normale,Urgent: vérifier température stockage,6,16,9,True,False,épidémie,ensoleillé
2023-09-17 23:13:23,Hôpital Laquintinie,A+,17,7,0,10,4.3,6,100.0,faible,Contrôle bactériologique négatif,6,23,9,True,False,normal,orageux
2023-09-17 23:26:51,Hôpital Laquintinie,O+,17,4,0,13,3.9,4,84.8,faible,Contrôle bactériologique négatif,6,23,9,True,False,normal,ensoleillé
2023-09-17 23:46:28,Hôpital Laquintinie,A+,21,5,0,16,2.5,3,88.5,faible,Attention: proche expiration,6,23,9,True,False,normal,pluvieux
2023-09-18 07:08:29,Hôpital Laquintinie,B+,52,10,12,54,3.5,1,53.7,attention,Urgent: vérifier température stockage,0,7,9,False,False,normal,pluvieux
2023-09-18 07:52:57,Hôpital Laquintinie,B+,67,10,23,80,3.8,3,89.2,normale,"Bon état général, légère variation température",0,7,9,False,False,normal,pluvieux
2023-09-18 16:07:46,Hôpital Laquintinie,O+,92,8,0,84,3.5,37,100.0,normale,Urgent: vérifier température stockage,0,16,9,False,False,normal,pluvieux
2023-09-19 00:07:27,Hôpital Laquintinie,A+,25,9,0,16,4.1,20,92.0,faible,Hémoglobine dans les normes,1,0,9,False,False,normal,ensoleillé
2023-09-19 01:44:24,Hôpital Laquintinie,O-,27,11,22,38,4.7,2,83.4,normale,Attention: proche expiration,1,1,9,False,False,normal,pluvieux
2023-09-19 21:26:00,Hôpital Laquintinie,O-,53,7,20,66,3.8,24,100.0,normale,Urgent: vérifier température stockage,1,21,9,False,False,normal,ensoleillé
2023-09-19 21:30:12,Hôpital Laquintinie,A+,57,12,0,45,4.5,24,100.0,normale,Contrôle bactériologique négatif,1,21,9,False,False,normal,ensoleillé
2023-09-19 21:34:50,Hôpital Laquintinie,O+,17,4,0,13,4.4,51,97.1,faible,"Excellent état, conservation parfaite",1,21,9,False,False,normal,orageux
2023-09-20 22:48:00,Hôpital Laquintinie,A+,38,12,0,26,3.7,1,58.5,attention,Hémoglobine dans les normes,2,22,9,False,False,normal,ensoleillé
2023-09-21 05:15:13,Hôpital Laquintinie,O+,25,4,13,34,4.2,6,98.9,normale,"Excellent état, conservation parfaite",3,5,9,False,False,normal,orageux
2023-09-21 05:23:00,Hôpital Laquintinie,O+,28,7,18,39,3.8,3,90.8,normale,Contrôle bactériologique négatif,3,5,9,False,False,normal,pluvieux
2023-09-22 04:02:04,Hôpital Laquintinie,O+,10,15,0,0,3.4,26,99.2,critique,URGENT: Stock critique - Attention: proche expiration,4,4,9,False,False,normal,nuageux
2023-09-22 17:27:45,Hôpital Laquintinie,B+,53,8,0,45,3.3,5,100.0,normale,Hémoglobine dans les normes,4,17,9,False,False,normal,orageux
2023-09-23 00:47:03,Hôpital Laquintinie,A+,14,6,0,8,3.6,8,99.1,critique,"URGENT: Stock critique - État satisfaisant, contrôle qualité OK",5,0,9,True,False,normal,nuageux
2023-09-24 14:09:54,Hôpital Laquintinie,B+,44,2,0,42,4.4,5,97.7,normale,Hémoglobine dans les normes,6,14,9,True,False,normal,nuageux
2023-09-24 20:54:15,Hôpital Laquintinie,A+,42,3,19,58,3.4,2,84.4,normale,Attention: proche expiration,6,20,9,True,False,normal,pluvieux
2023-09-25 04:29:18,Hôpital Laquintinie,O+,29,3,13,39,3.3,8,100.0,normale,Contrôle bactériologique négatif,0,4,9,False,False,normal,pluvieux
2023-09-25 14:31:38,Hôpital Laquintinie,O+,64,14,0,50,4.0,16,100.0,normale,Contrôle bactériologique négatif,0,14,9,False,False,normal,pluvieux
2023-09-26 01:23:27,Hôpital Laquintinie,O-,5,6,28,28,4.4,4,81.6,normale,Contrôle bactériologique négatif,1,1,9,False,False,normal,pluvieux
2023-09-26 04:43:35,Hôpital Laquintinie,O+,28,8,0,20,4.0,1,60.0,attention,Contrôle bactériologique négatif,1,4,9,False,False,normal,ensoleillé
2023-09-26 19:46:33,Hôpital Laquintinie,A+,16,9,0,7,4.8,12,100.0,critique,URGENT: Stock critique - Contrôle bactériologique négatif,1,19,9,False,False,normal,ensoleillé
2023-09-27 14:42:19,Hôpital Laquintinie,O+,52,8,24,68,4.1,35,100.0,normale,"Bon état général, légère variation température",2,14,9,False,False,normal,pluvieux
2023-09-27 15:55:30,Hôpital Laquintinie,A+,62,4,0,58,3.4,6,100.0,normale,"Bon état général, légère variation température",2,15,9,False,False,normal,ensoleillé
2023-09-27 21:10:40,Hôpital Laquintinie,O+,46,10,0,36,3.9,7,97.2,normale,Attention: proche expiration,2,21,9,False,False,normal,pluvieux
2023-09-27 22:45:09,Hôpital Laquintinie,A+,46,9,0,37,3.3,26,100.0,normale,"Bon état général, légère variation température",2,22,9,False,False,normal,nuageux
2023-09-29 02:18:30,Hôpital Laquintinie,B+,29,12,16,33,4.1,10,97.8,normale,Urgent: vérifier température stockage,4,2,9,False,False,normal,nuageux
2023-09-29 08:52:51,Hôpital Laquintinie,O+,26,0,0,26,3.7,10,100.0,normale,"État satisfaisant, contrôle qualité OK",4,8,9,False,False,normal,ensoleillé
2023-09-29 11:04:08,Hôpital Laquintinie,A+,62,3,0,59,4.5,2,86.3,normale,Parfait pour transfusion immédiate,4,11,9,False,False,normal,pluvieux
2023-09-30 06:21:20,Hôpital Laquintinie,O+,42,7,22,57,2.8,10,100.0,normale,"Excellent état, conservation parfaite",5,6,9,True,False,normal,ensoleillé
2023-09-30 08:09:03,Hôpital Laquintinie,O+,34,0,0,34,3.8,2,79.2,normale,"État satisfaisant, contrôle qualité OK",5,8,9,True,False,normal,ensoleillé
2023-10-01 04:52:35,Hôpital Laquintinie,B+,20,7,15,28,3.7,1,57.6,attention,Contrôle bactériologique négatif,6,4,10,True,False,normal,ensoleillé
2023-10-01 08:10:58,Hôpital Laquintinie,O-,47,3,0,44,3.4,30,90.2,normale,Urgent: vérifier température stockage,6,8,10,True,False,normal,nuageux
2023-10-01 11:37:13,Hôpital Laquintinie,O+,18,4,0,14,3.5,14,99.2,faible,Contrôle bactériologique négatif,6,11,10,True,False,normal,pluvieux
2023-10-02 11:42:02,Hôpital Laquintinie,B+,60,9,18,69,4.4,3,84.7,normale,Parfait pour transfusion immédiate,0,11,10,False,False,normal,pluvieux
2023-10-02 19:36:25,Hôpital Laquintinie,A-,47,8,11,50,3.4,15,98.2,normale,"État satisfaisant, contrôle qualité OK",0,19,10,False,False,normal,nuageux
2023-10-02 22:33:32,Hôpital Laquintinie,O+,41,7,0,34,3.7,8,100.0,normale,"Bon état général, légère variation température",0,22,10,False,False,normal,ensoleillé
2023-10-03 10:48:11,Hôpital Laquintinie,A+,23,5,0,18,4.7,6,100.0,faible,"Excellent état, conservation parfaite",1,10,10,False,False,normal,ensoleillé
2023-10-03 16:16:28,Hôpital Laquintinie,A-,46,5,0,41,4.3,2,85.4,normale,"Excellent état, conservation parfaite",1,16,10,False,False,normal,nuageux
2023-10-03 23:31:08,Hôpital Laquintinie,O+,26,10,15,31,3.4,12,100.0,normale,Attention: proche expiration,1,23,10,False,False,normal,pluvieux
2023-10-04 02:10:48,Hôpital Laquintinie,A+,21,5,0,16,3.6,2,79.5,faible,Urgent: vérifier température stockage,2,2,10,False,False,normal,pluvieux
2023-10-04 08:48:30,Hôpital Laquintinie,O+,64,8,0,56,4.2,6,100.0,normale,"État satisfaisant, contrôle qualité OK",2,8,10,False,False,normal,ensoleillé
2023-10-04 12:03:18,Hôpital Laquintinie,A+,55,13,0,42,3.3,13,97.8,normale,"État satisfaisant, contrôle qualité OK",2,12,10,False,False,normal,ensoleillé
2023-10-04 16:38:41,Hôpital Laquintinie,A-,49,9,0,40,4.2,21,100.0,normale,Parfait pour transfusion immédiate,2,16,10,False,False,normal,nuageux
2023-10-04 18:23:05,Hôpital Laquintinie,A+,52,11,0,41,4.0,1,59.9,attention,Attention: proche expiration,2,18,10,False,False,normal,nuageux
2023-10-05 01:31:18,Hôpital Laquintinie,AB-,34,5,0,29,3.8,29,100.0,normale,Parfait pour transfusion immédiate,3,1,10,False,False,normal,pluvieux
2023-10-05 05:04:44,Hôpital Laquintinie,A-,30,11,0,19,4.5,12,99.4,faible,"Bon état général, légère variation température",3,5,10,False,False,normal,ensoleillé
2023-10-05 16:12:44,Hôpital Laquintinie,A+,47,4,0,43,4.2,1,62.6,attention,Contrôle bactériologique négatif,3,16,10,False,False,normal,ensoleillé
2023-10-06 17:28:05,Hôpital Laquintinie,O+,44,9,0,35,4.6,30,91.2,normale,Parfait pour transfusion immédiate,4,17,10,False,False,normal,ensoleillé
2023-10-06 18:04:54,Hôpital Laquintinie,O+,81,9,0,72,3.8,26,100.0,normale,Hémoglobine dans les normes,4,18,10,False,False,normal,pluvieux
2023-10-07 05:13:24,Hôpital Laquintinie,A+,20,7,0,13,3.7,22,99.1,faible,Contrôle bactériologique négatif,5,5,10,True,False,normal,nuageux
2023-10-07 06:16:11,Hôpital Laquintinie,O+,21,7,0,14,3.9,16,100.0,faible,Attention: proche expiration,5,6,10,True,False,normal,ensoleillé
2023-10-07 16:00:48,Hôpital Laquintinie,A+,35,6,0,29,4.0,17,93.5,normale,"État satisfaisant, contrôle qualité OK",5,16,10,True,False,normal,pluvieux
2023-10-07 17:01:17,Hôpital Laquintinie,O+,56,5,0,51,3.9,20,93.9,normale,Contrôle bactériologique négatif,5,17,10,True,False,normal,nuageux
2023-10-07 22:08:46,Hôpital Laquintinie,O-,40,7,0,33,4.9,16,100.0,normale,Urgent: vérifier température stockage,5,22,10,True,False,normal,pluvieux
2023-10-08 23:48:57,Hôpital Laquintinie,O+,22,7,15,30,4.2,8,99.9,normale,"État satisfaisant, contrôle qualité OK",6,23,10,True,False,normal,ensoleillé
2023-10-09 06:05:13,Hôpital Laquintinie,O+,43,6,0,37,4.6,9,94.3,normale,"Excellent état, conservation parfaite",0,6,10,False,False,normal,pluvieux
2023-10-09 06:24:05,Hôpital Laquintinie,O+,53,6,0,47,3.9,5,100.0,normale,Attention: proche expiration,0,6,10,False,False,normal,pluvieux
2023-10-10 15:37:48,Hôpital Laquintinie,O+,56,7,0,49,4.5,3,89.0,normale,"État satisfaisant, contrôle qualité OK",1,15,10,False,False,normal,ensoleillé
2023-10-10 20:56:43,Hôpital Laquintinie,A+,67,6,0,61,3.2,28,100.0,normale,Hémoglobine dans les normes,1,20,10,False,False,accident_route,pluvieux
2023-10-11 11:52:03,Hôpital Laquintinie,O+,61,4,19,76,4.6,39,100.0,normale,Parfait pour transfusion immédiate,2,11,10,False,False,normal,nuageux
2023-10-11 12:50:25,Hôpital Laquintinie,A+,40,6,0,34,3.0,7,100.0,normale,Parfait pour transfusion immédiate,2,12,10,False,False,normal,ensoleillé
2023-10-11 17:51:21,Hôpital Laquintinie,O+,53,10,0,43,3.8,5,100.0,normale,Urgent: vérifier température stockage,2,17,10,False,False,normal,ensoleillé
2023-10-11 22:05:13,Hôpital Laquintinie,O+,79,5,0,74,3.9,16,100.0,normale,Urgent: vérifier température stockage,2,22,10,False,False,normal,pluvieux
2023-10-12 02:43:57,Hôpital Laquintinie,A+,32,5,0,27,4.4,3,79.2,normale,Hémoglobine dans les normes,3,2,10,False,False,normal,ensoleillé
2023-10-13 11:30:07,Hôpital Laquintinie,B+,39,11,0,28,3.0,7,99.5,normale,Hémoglobine dans les normes,4,11,10,False,False,normal,pluvieux
2023-10-13 14:15:38,Hôpital Laquintinie,B+,34,4,0,30,4.5,14,100.0,normale,"Excellent état, conservation parfaite",4,14,10,False,False,normal,pluvieux
2023-10-13 14:59:52,Hôpital Laquintinie,O+,62,10,0,52,4.0,4,75.9,normale,Contrôle bactériologique négatif,4,14,10,False,False,normal,nuageux
2023-10-14 17:22:13,Hôpital Laquintinie,A+,41,7,0,34,3.7,35,100.0,normale,Urgent: vérifier température stockage,5,17,10,True,False,normal,nuageux
2023-10-16 01:35:42,Hôpital Laquintinie,A+,24,9,0,15,4.2,14,100.0,faible,"État satisfaisant, contrôle qualité OK",0,1,10,False,False,normal,pluvieux
2023-10-16 03:04:54,Hôpital Laquintinie,O+,34,9,0,25,4.9,103,98.9,normale,Parfait pour transfusion immédiate,0,3,10,False,False,normal,ensoleillé
2023-10-16 06:27:45,Hôpital Laquintinie,A-,38,9,22,51,3.8,8,100.0,normale,Parfait pour transfusion immédiate,0,6,10,False,False,normal,ensoleillé
2023-10-16 20:09:31,Hôpital Laquintinie,O+,67,10,0,57,3.9,1,68.1,attention,Contrôle bactériologique négatif,0,20,10,False,False,normal,nuageux
2023-10-16 23:44:31,Hôpital Laquintinie,B+,24,6,0,18,4.0,58,96.4,faible,"Excellent état, conservation parfaite",0,23,10,False,False,normal,nuageux
2023-10-17 07:34:54,Hôpital Laquintinie,A+,33,8,0,25,3.8,10,95.1,normale,Parfait pour transfusion immédiate,1,7,10,False,False,normal,ensoleillé
2023-10-17 15:47:55,Hôpital Laquintinie,O+,49,7,0,42,3.4,7,100.0,normale,Urgent: vérifier température stockage,1,15,10,False,False,normal,nuageux
2023-10-18 08:59:44,Hôpital Laquintinie,A+,49,10,0,39,4.0,2,88.0,normale,Contrôle bactériologique négatif,2,8,10,False,False,normal,ensoleillé
2023-10-18 18:35:45,Hôpital Laquintinie,O+,66,9,0,57,4.3,38,98.8,normale,Parfait pour transfusion immédiate,2,18,10,False,False,normal,pluvieux
2023-10-19 05:13:13,Hôpital Laquintinie,B+,29,6,23,46,3.6,9,100.0,normale,"État satisfaisant, contrôle qualité OK",3,5,10,False,False,normal,pluvieux
2023-10-19 13:09:45,Hôpital Laquintinie,A+,45,6,11,50,4.1,13,100.0,normale,Urgent: vérifier température stockage,3,13,10,False,False,normal,pluvieux
2023-10-19 14:05:22,Hôpital Laquintinie,O+,51,15,0,36,3.9,7,84.4,normale,"État satisfaisant, contrôle qualité OK",3,14,10,False,False,normal,pluvieux
2023-10-19 15:45:25,Hôpital Laquintinie,O+,56,7,0,49,3.9,12,100.0,normale,Contrôle bactériologique négatif,3,15,10,False,False,normal,ensoleillé
2023-10-20 03:52:59,Hôpital Laquintinie,B+,11,5,25,31,4.0,25,100.0,normale,Parfait pour transfusion immédiate,4,3,10,False,False,normal,ensoleillé
2023-10-20 15:34:59,Hôpital Laquintinie,O-,28,16,0,12,3.3,9,96.5,faible,"Excellent état, conservation parfaite",4,15,10,False,False,normal,ensoleillé
2023-10-21 03:27:08,Hôpital Laquintinie,A+,14,2,0,12,3.6,5,100.0,faible,Contrôle bactériologique négatif,5,3,10,True,False,accident_route,ensoleillé
2023-10-21 13:51:15,Hôpital Laquintinie,A+,16,7,0,9,3.9,7,100.0,critique,URGENT: Stock critique - Parfait pour transfusion immédiate,5,13,10,True,False,normal,ensoleillé
2023-10-21 16:29:03,Hôpital Laquintinie,O+,33,6,0,27,4.3,31,96.0,normale,"Bon état général, légère variation température",5,16,10,True,False,normal,ensoleillé
2023-10-21 22:08:08,Hôpital Laquintinie,O+,40,4,0,36,4.2,1,57.6,attention,"État satisfaisant, contrôle qualité OK",5,22,10,True,False,normal,ensoleillé
2023-10-22 04:20:33,Hôpital Laquintinie,O+,18,3,26,41,4.3,5,98.2,normale,"État satisfaisant, contrôle qualité OK",6,4,10,True,False,normal,ensoleillé
2023-10-22 10:37:07,Hôpital Laquintinie,O+,35,5,22,52,3.8,3,96.7,normale,Hémoglobine dans les normes,6,10,10,True,False,normal,ensoleillé
2023-10-22 16:51:45,Hôpital Laquintinie,A+,28,5,0,23,3.9,1,62.2,attention,Contrôle bactériologique négatif,6,16,10,True,False,normal,ensoleillé
2023-10-22 17:46:32,Hôpital Laquintinie,O+,29,7,0,22,3.9,10,95.0,normale,"Excellent état, conservation parfaite",6,17,10,True,False,normal,ensoleillé
2023-10-22 19:25:14,Hôpital Laquintinie,A+,21,4,0,17,4.2,2,83.9,faible,Urgent: vérifier température stockage,6,19,10,True,False,normal,ensoleillé
2023-10-22 21:14:15,Hôpital Laquintinie,B+,41,6,28,63,3.9,33,100.0,normale,"État satisfaisant, contrôle qualité OK",6,21,10,True,False,normal,ensoleillé
2023-10-23 07:07:44,Hôpital Laquintinie,O+,80,9,0,71,4.1,7,100.0,normale,Attention: proche expiration,0,7,10,False,False,normal,ensoleillé
2023-10-23 15:43:47,Hôpital Laquintinie,AB+,52,10,0,42,3.2,5,100.0,normale,Parfait pour transfusion immédiate,0,15,10,False,False,normal,pluvieux
2023-10-23 19:15:33,Hôpital Laquintinie,A+,21,10,0,11,4.0,11,99.5,faible,Contrôle bactériologique négatif,0,19,10,False,False,normal,pluvieux
2023-10-24 00:54:12,Hôpital Laquintinie,O+,14,7,0,7,4.0,22,93.4,critique,"URGENT: Stock critique - Excellent état, conservation parfaite",1,0,10,False,False,normal,pluvieux
2023-10-24 06:10:31,Hôpital Laquintinie,O+,40,5,0,35,4.3,12,100.0,normale,"État satisfaisant, contrôle qualité OK",1,6,10,False,False,normal,pluvieux
2023-10-24 16:01:45,Hôpital Laquintinie,A+,60,9,0,51,4.3,11,96.5,normale,Urgent: vérifier température stockage,1,16,10,False,False,urgence_médicale,orageux
2023-10-25 00:47:38,Hôpital Laquintinie,AB+,29,9,0,20,3.6,12,100.0,normale,Attention: proche expiration,2,0,10,False,False,normal,nuageux
2023-10-25 03:25:11,Hôpital Laquintinie,A-,24,11,0,13,4.6,2,89.8,faible,Urgent: vérifier température stockage,2,3,10,False,False,normal,pluvieux
2023-10-25 07:51:03,Hôpital Laquintinie,O+,32,10,0,22,3.8,12,100.0,normale,Parfait pour transfusion immédiate,2,7,10,False,False,normal,nuageux
2023-10-25 08:52:17,Hôpital Laquintinie,O+,42,4,0,38,4.1,8,100.0,normale,Contrôle bactériologique négatif,2,8,10,False,False,normal,pluvieux
2023-10-25 09:50:03,Hôpital Laquintinie,A+,58,1,0,57,3.6,13,89.2,normale,"Bon état général, légère variation température",2,9,10,False,False,normal,ensoleillé
2023-10-25 19:19:33,Hôpital Laquintinie,O+,39,1,23,61,3.4,3,91.5,normale,"Bon état général, légère variation température",2,19,10,False,False,normal,ensoleillé
2023-10-25 19:26:57,Hôpital Laquintinie,O+,10,5,0,5,4.5,4,82.3,critique,URGENT: Stock critique - Hémoglobine dans les normes,2,19,10,False,False,normal,nuageux
2023-10-26 04:31:53,Hôpital Laquintinie,O-,26,9,0,17,4.4,17,100.0,faible,"État satisfaisant, contrôle qualité OK",3,4,10,False,False,normal,ensoleillé
2023-10-26 12:11:00,Hôpital Laquintinie,O+,45,8,26,63,3.7,4,90.5,normale,Hémoglobine dans les normes,3,12,10,False,False,normal,pluvieux
2023-10-26 13:47:33,Hôpital Laquintinie,A+,16,6,22,32,4.4,44,97.0,normale,"Excellent état, conservation parfaite",3,13,10,False,False,normal,ensoleillé
2023-10-27 08:16:40,Hôpital Laquintinie,A+,43,4,0,39,4.1,7,100.0,normale,"Bon état général, légère variation température",4,8,10,False,False,normal,pluvieux
2023-10-27 23:43:39,Hôpital Laquintinie,O+,21,11,21,31,4.8,23,90.8,normale,"État satisfaisant, contrôle qualité OK",4,23,10,False,False,normal,ensoleillé
2023-10-28 08:37:55,Hôpital Laquintinie,O+,43,3,20,60,4.3,15,91.5,normale,Attention: proche expiration,5,8,10,True,False,normal,nuageux
2023-10-28 15:08:55,Hôpital Laquintinie,AB+,33,5,0,28,3.6,17,100.0,normale,Hémoglobine dans les normes,5,15,10,True,False,normal,ensoleillé
2023-10-28 18:41:52,Hôpital Laquintinie,O+,44,4,0,40,4.2,6,100.0,normale,Parfait pour transfusion immédiate,5,18,10,True,False,normal,nuageux
2023-10-29 07:38:21,Hôpital Laquintinie,O+,38,4,0,34,4.2,5,96.0,normale,Contrôle bactériologique négatif,6,7,10,True,False,normal,ensoleillé
2023-10-29 08:49:38,Hôpital Laquintinie,A+,26,6,17,37,4.1,4,85.8,normale,Parfait pour transfusion immédiate,6,8,10,True,False,normal,pluvieux
2023-10-30 11:17:57,Hôpital Laquintinie,A+,37,9,0,28,4.2,2,87.4,normale,"État satisfaisant, contrôle qualité OK",0,11,10,False,False,normal,ensoleillé
2023-10-30 11:27:26,Hôpital Laquintinie,O+,47,12,0,35,4.1,8,100.0,normale,Parfait pour transfusion immédiate,0,11,10,False,False,normal,ensoleillé
2023-10-31 03:01:41,Hôpital Laquintinie,A-,24,11,0,13,4.4,8,96.7,faible,"État satisfaisant, contrôle qualité OK",1,3,10,False,False,normal,orageux
2023-10-31 06:26:13,Hôpital Laquintinie,A-,31,6,0,25,3.1,12,96.8,normale,"Excellent état, conservation parfaite",1,6,10,False,False,normal,ensoleillé
2023-10-31 07:01:15,Hôpital Laquintinie,O+,59,11,0,48,4.5,1,63.2,attention,Urgent: vérifier température stockage,1,7,10,False,False,normal,ensoleillé
2023-10-31 19:06:39,Hôpital Laquintinie,B+,54,3,0,51,4.2,22,100.0,normale,Hémoglobine dans les normes,1,19,10,False,False,normal,nuageux
2023-10-31 19:59:52,Hôpital Laquintinie,O-,73,9,0,64,4.5,1,63.7,attention,"Excellent état, conservation parfaite",1,19,10,False,False,normal,ensoleillé
2023-11-01 07:40:49,Hôpital Laquintinie,O+,52,8,0,44,3.7,1,62.0,attention,"Excellent état, conservation parfaite",2,7,11,False,False,normal,nuageux
2023-11-01 16:33:18,Hôpital Laquintinie,O+,51,10,23,64,3.3,1,57.1,attention,"État satisfaisant, contrôle qualité OK",2,16,11,False,False,normal,ensoleillé
2023-11-01 16:33:57,Hôpital Laquintinie,O+,44,5,0,39,4.2,12,100.0,normale,"Excellent état, conservation parfaite",2,16,11,False,False,normal,nuageux
2023-11-02 00:42:38,Hôpital Laquintinie,O+,36,9,0,27,3.4,1,50.3,attention,"État satisfaisant, contrôle qualité OK",3,0,11,False,False,normal,pluvieux
2023-11-02 02:28:21,Hôpital Laquintinie,O-,15,6,0,9,4.4,71,100.0,critique,"URGENT: Stock critique - État satisfaisant, contrôle qualité OK",3,2,11,False,False,normal,ensoleillé
2023-11-02 19:44:44,Hôpital Laquintinie,A+,30,3,0,27,3.6,15,100.0,normale,"Excellent état, conservation parfaite",3,19,11,False,False,normal,ensoleillé
2023-11-02 23:05:02,Hôpital Laquintinie,O+,13,12,0,1,4.1,2,82.7,critique,URGENT: Stock critique - Parfait pour transfusion immédiate,3,23,11,False,False,normal,pluvieux
2023-11-03 06:43:45,Hôpital Laquintinie,O+,42,7,0,35,3.9,1,52.7,attention,Contrôle bactériologique négatif,4,6,11,False,False,normal,nuageux
2023-11-03 19:06:06,Hôpital Laquintinie,O+,38,11,0,27,4.6,5,93.3,normale,Attention: proche expiration,4,19,11,False,False,normal,ensoleillé
2023-11-04 02:11:00,Hôpital Laquintinie,B+,14,7,0,7,3.5,9,100.0,critique,URGENT: Stock critique - Contrôle bactériologique négatif,5,2,11,True,False,urgence_médicale,pluvieux
2023-11-04 09:26:17,Hôpital Laquintinie,A+,29,1,0,28,2.9,2,89.1,normale,Urgent: vérifier température stockage,5,9,11,True,False,normal,nuageux
2023-11-04 16:52:44,Hôpital Laquintinie,A+,20,6,0,14,4.6,11,100.0,faible,Hémoglobine dans les normes,5,16,11,True,False,normal,pluvieux
2023-11-05 00:25:34,Hôpital Laquintinie,A+,10,3,0,7,3.6,11,100.0,critique,URGENT: Stock critique - Urgent: vérifier température stockage,6,0,11,True,False,normal,orageux
2023-11-05 05:51:19,Hôpital Laquintinie,A+,13,7,0,6,4.9,50,96.0,critique,"URGENT: Stock critique - Bon état général, légère variation température",6,5,11,True,False,normal,pluvieux
2023-11-05 12:38:31,Hôpital Laquintinie,A-,29,6,13,36,3.5,28,100.0,normale,"Excellent état, conservation parfaite",6,12,11,True,False,normal,ensoleillé
2023-11-05 22:15:01,Hôpital Laquintinie,O+,40,7,0,33,4.4,28,100.0,normale,"Bon état général, légère variation température",6,22,11,True,False,normal,ensoleillé
2023-11-05 22:23:20,Hôpital Laquintinie,A+,39,2,0,37,3.8,25,95.9,normale,Urgent: vérifier température stockage,6,22,11,True,False,normal,ensoleillé
2023-11-06 05:21:07,Hôpital Laquintinie,A+,22,3,0,19,5.0,16,100.0,faible,Parfait pour transfusion immédiate,0,5,11,False,False,normal,pluvieux
2023-11-07 07:04:55,Hôpital Laquintinie,A+,63,6,0,57,4.7,1,62.5,attention,Parfait pour transfusion immédiate,1,7,11,False,False,normal,ensoleillé
2023-11-07 08:10:02,Hôpital Laquintinie,A+,65,7,0,58,3.9,5,100.0,normale,"État satisfaisant, contrôle qualité OK",1,8,11,False,False,normal,pluvieux
2023-11-07 10:33:01,Hôpital Laquintinie,O+,51,10,0,41,3.7,14,100.0,normale,"Excellent état, conservation parfaite",1,10,11,False,False,normal,ensoleillé
2023-11-08 01:22:31,Hôpital Laquintinie,O+,20,1,0,19,4.1,4,88.8,faible,Hémoglobine dans les normes,2,1,11,False,False,normal,ensoleillé
2023-11-08 10:43:13,Hôpital Laquintinie,A-,48,7,0,41,3.9,1,53.6,attention,Contrôle bactériologique négatif,2,10,11,False,False,normal,nuageux
2023-11-08 18:18:35,Hôpital Laquintinie,A-,56,4,0,52,5.1,14,92.4,normale,Attention: proche expiration,2,18,11,False,False,normal,ensoleillé
2023-11-09 03:30:39,Hôpital Laquintinie,A+,47,11,0,36,4.6,23,99.9,normale,"État satisfaisant, contrôle qualité OK",3,3,11,False,False,normal,ensoleillé
2023-11-09 10:53:45,Hôpital Laquintinie,O+,59,11,0,48,3.7,5,100.0,normale,Urgent: vérifier température stockage,3,10,11,False,False,normal,pluvieux
2023-11-09 15:31:07,Hôpital Laquintinie,A+,63,5,0,58,4.6,13,100.0,normale,"Bon état général, légère variation température",3,15,11,False,False,normal,ensoleillé
2023-11-10 04:25:01,Hôpital Laquintinie,O-,23,5,0,18,4.3,33,100.0,faible,"État satisfaisant, contrôle qualité OK",4,4,11,False,False,normal,nuageux
2023-11-10 10:35:28,Hôpital Laquintinie,O+,34,4,20,50,4.5,1,56.7,attention,Attention: proche expiration,4,10,11,False,False,normal,pluvieux
2023-11-10 13:13:18,Hôpital Laquintinie,O+,55,7,17,65,3.6,11,90.9,normale,Parfait pour transfusion immédiate,4,13,11,False,False,normal,ensoleillé
2023-11-10 23:09:32,Hôpital Laquintinie,A+,20,5,0,15,4.3,11,97.2,faible,Parfait pour transfusion immédiate,4,23,11,False,False,normal,ensoleillé
2023-11-11 00:05:22,Hôpital Laquintinie,A+,19,5,23,37,3.4,8,100.0,normale,Urgent: vérifier température stockage,5,0,11,True,False,normal,pluvieux
2023-11-11 01:18:06,Hôpital Laquintinie,O+,12,5,0,7,4.5,1,68.9,critique,URGENT: Stock critique - Attention: proche expiration,5,1,11,True,False,normal,ensoleillé
2023-11-11 05:48:40,Hôpital Laquintinie,O+,13,6,0,7,4.1,8,98.9,critique,"URGENT: Stock critique - Excellent état, conservation parfaite",5,5,11,True,False,normal,ensoleillé
2023-11-11 18:32:52,Hôpital Laquintinie,O+,26,1,30,55,4.8,1,56.1,attention,"Excellent état, conservation parfaite",5,18,11,True,False,normal,nuageux
2023-11-11 19:03:46,Hôpital Laquintinie,A+,42,3,0,39,4.7,8,100.0,normale,Parfait pour transfusion immédiate,5,19,11,True,False,normal,orageux
2023-11-12 17:08:43,Hôpital Laquintinie,O+,41,6,0,35,3.9,5,100.0,normale,"Bon état général, légère variation température",6,17,11,True,False,normal,orageux
2023-11-12 18:24:34,Hôpital Laquintinie,B+,30,5,0,25,3.6,12,99.5,normale,Parfait pour transfusion immédiate,6,18,11,True,False,normal,ensoleillé
2023-11-13 04:18:05,Hôpital Laquintinie,O-,42,6,0,36,4.4,9,100.0,normale,Contrôle bactériologique négatif,0,4,11,False,False,normal,pluvieux
2023-11-13 05:10:51,Hôpital Laquintinie,A+,25,12,0,13,3.9,17,94.9,faible,Attention: proche expiration,0,5,11,False,False,campagne_don,ensoleillé
2023-11-13 12:23:38,Hôpital Laquintinie,A+,46,11,17,52,4.8,6,100.0,normale,"Bon état général, légère variation température",0,12,11,False,False,normal,nuageux
2023-11-14 16:57:28,Hôpital Laquintinie,O-,54,5,0,49,3.4,24,98.8,normale,"Bon état général, légère variation température",1,16,11,False,False,normal,ensoleillé
2023-11-14 19:09:29,Hôpital Laquintinie,O+,59,6,0,53,3.7,14,87.9,normale,Urgent: vérifier température stockage,1,19,11,False,False,normal,pluvieux
2023-11-14 22:47:07,Hôpital Laquintinie,B+,51,6,0,45,4.4,46,100.0,normale,Attention: proche expiration,1,22,11,False,False,normal,ensoleillé
2023-11-15 05:38:35,Hôpital Laquintinie,A+,22,6,20,36,3.6,1,53.5,attention,"État satisfaisant, contrôle qualité OK",2,5,11,False,False,normal,pluvieux
2023-11-16 21:23:47,Hôpital Laquintinie,O+,43,5,0,38,2.7,10,100.0,normale,Attention: proche expiration,3,21,11,False,False,normal,ensoleillé
2023-11-17 04:41:34,Hôpital Laquintinie,O+,18,7,0,11,3.4,15,100.0,faible,"Bon état général, légère variation température",4,4,11,False,False,normal,orageux
2023-11-17 08:48:45,Hôpital Laquintinie,A+,72,6,0,66,3.6,20,100.0,normale,Hémoglobine dans les normes,4,8,11,False,False,normal,nuageux
2023-11-17 14:46:30,Hôpital Laquintinie,O+,81,8,0,73,4.6,28,91.8,normale,"Excellent état, conservation parfaite",4,14,11,False,False,normal,pluvieux
2023-11-17 16:48:27,Hôpital Laquintinie,O+,48,6,0,42,4.3,29,96.5,normale,"Bon état général, légère variation température",4,16,11,False,False,normal,pluvieux
2023-11-18 02:41:30,Hôpital Laquintinie,A-,16,5,0,11,4.0,4,89.8,faible,Hémoglobine dans les normes,5,2,11,True,False,normal,orageux
2023-11-19 01:29:03,Hôpital Laquintinie,O+,10,7,0,3,4.7,14,97.9,critique,URGENT: Stock critique - Contrôle bactériologique négatif,6,1,11,True,False,normal,nuageux
2023-11-19 18:16:04,Hôpital Laquintinie,A+,38,7,27,58,3.9,1,56.7,attention,Parfait pour transfusion immédiate,6,18,11,True,False,normal,ensoleillé
2023-11-19 23:00:19,Hôpital Laquintinie,A+,22,2,0,20,4.4,1,64.6,attention,"État satisfaisant, contrôle qualité OK",6,23,11,True,False,normal,nuageux
2023-11-21 17:06:28,Hôpital Laquintinie,O+,62,0,0,62,4.7,15,100.0,normale,Attention: proche expiration,1,17,11,False,False,normal,orageux
2023-11-22 07:01:33,Hôpital Laquintinie,B+,29,7,12,34,4.0,4,85.3,normale,Hémoglobine dans les normes,2,7,11,False,False,normal,ensoleillé
2023-11-22 12:55:54,Hôpital Laquintinie,A+,68,8,0,60,4.3,3,90.6,normale,Contrôle bactériologique négatif,2,12,11,False,False,normal,ensoleillé
2023-11-22 15:37:34,Hôpital Laquintinie,O+,46,7,0,39,4.7,1,52.9,attention,"Bon état général, légère variation température",2,15,11,False,False,normal,nuageux
2023-11-22 20:02:39,Hôpital Laquintinie,A+,86,11,16,91,3.2,5,99.3,normale,Parfait pour transfusion immédiate,2,20,11,False,False,normal,nuageux
2023-11-22 23:57:03,Hôpital Laquintinie,B-,34,5,0,29,3.5,32,96.6,normale,Urgent: vérifier température stockage,2,23,11,False,False,normal,pluvieux
2023-11-24 07:50:08,Hôpital Laquintinie,O+,73,7,0,66,4.3,1,62.2,attention,Hémoglobine dans les normes,4,7,11,False,False,normal,pluvieux
2023-11-24 12:09:46,Hôpital Laquintinie,B-,34,6,0,28,3.5,2,78.9,normale,"Excellent état, conservation parfaite",4,12,11,False,False,normal,nuageux
2023-11-24 20:27:48,Hôpital Laquintinie,O-,81,12,17,86,4.2,1,62.9,attention,"État satisfaisant, contrôle qualité OK",4,20,11,False,False,normal,ensoleillé
2023-11-25 22:49:30,Hôpital Laquintinie,O+,37,8,24,53,4.9,2,77.5,normale,Hémoglobine dans les normes,5,22,11,True,False,normal,orageux
2023-11-26 15:15:47,Hôpital Laquintinie,O+,48,5,0,43,4.7,1,51.5,attention,"Excellent état, conservation parfaite",6,15,11,True,False,normal,ensoleillé
2023-11-27 13:00:45,Hôpital Laquintinie,O+,30,13,16,33,3.5,1,63.5,attention,Parfait pour transfusion immédiate,0,13,11,False,False,normal,pluvieux
2023-11-27 17:04:27,Hôpital Laquintinie,O+,55,7,0,48,3.8,5,99.7,normale,"Excellent état, conservation parfaite",0,17,11,False,False,épidémie,ensoleillé
2023-11-27 18:49:38,Hôpital Laquintinie,A+,48,5,0,43,3.4,2,83.5,normale,Attention: proche expiration,0,18,11,False,False,normal,ensoleillé
2023-11-28 08:27:05,Hôpital Laquintinie,A-,70,6,0,64,4.6,12,100.0,normale,"État satisfaisant, contrôle qualité OK",1,8,11,False,False,normal,nuageux
2023-11-29 16:09:27,Hôpital Laquintinie,A+,23,9,0,14,4.1,5,98.0,faible,Urgent: vérifier température stockage,2,16,11,False,False,normal,nuageux
2023-11-30 11:32:51,Hôpital Laquintinie,A+,35,11,0,24,3.8,1,59.5,attention,"Excellent état, conservation parfaite",3,11,11,False,False,normal,ensoleillé
2023-11-30 19:22:55,Hôpital Laquintinie,A-,50,4,0,46,4.2,3,89.1,normale,Contrôle bactériologique négatif,3,19,11,False,False,normal,pluvieux
2023-12-01 03:25:36,Hôpital Laquintinie,O+,36,7,0,29,4.0,17,92.5,normale,Urgent: vérifier température stockage,4,3,12,False,True,normal,orageux
2023-12-01 23:45:40,Hôpital Laquintinie,A+,41,12,18,47,4.0,20,98.8,normale,"Excellent état, conservation parfaite",4,23,12,False,True,normal,pluvieux
2023-12-02 03:29:50,Hôpital Laquintinie,O+,20,3,0,17,3.6,10,100.0,faible,Attention: proche expiration,5,3,12,True,True,normal,nuageux
2023-12-02 14:30:55,Hôpital Laquintinie,A+,25,9,0,16,4.6,1,53.2,faible,Attention: proche expiration,5,14,12,True,True,normal,pluvieux
2023-12-02 22:45:15,Hôpital Laquintinie,A+,41,5,0,36,3.6,6,100.0,normale,"État satisfaisant, contrôle qualité OK",5,22,12,True,True,normal,ensoleillé
2023-12-04 00:03:29,Hôpital Laquintinie,A+,33,0,0,33,3.7,21,97.4,normale,Urgent: vérifier température stockage,0,0,12,False,True,normal,ensoleillé
2023-12-04 13:02:09,Hôpital Laquintinie,O+,72,3,0,69,4.2,4,80.3,normale,Hémoglobine dans les normes,0,13,12,False,True,normal,ensoleillé
2023-12-04 18:18:36,Hôpital Laquintinie,A-,87,11,0,76,2.9,2,79.2,normale,Parfait pour transfusion immédiate,0,18,12,False,True,normal,ensoleillé
2023-12-05 04:41:43,Hôpital Laquintinie,B-,26,3,20,43,4.4,5,96.7,normale,Parfait pour transfusion immédiate,1,4,12,False,True,normal,ensoleillé
2023-12-05 10:38:40,Hôpital Laquintinie,A+,65,4,0,61,4.3,2,88.5,normale,"Bon état général, légère variation température",1,10,12,False,True,normal,pluvieux
2023-12-05 18:05:27,Hôpital Laquintinie,B+,45,8,0,37,5.5,3,88.7,normale,Parfait pour transfusion immédiate,1,18,12,False,True,normal,ensoleillé
2023-12-06 07:22:04,Hôpital Laquintinie,O+,60,10,18,68,4.1,28,100.0,normale,"Excellent état, conservation parfaite",2,7,12,False,True,normal,nuageux
2023-12-06 09:28:59,Hôpital Laquintinie,A+,42,9,22,55,4.1,59,96.4,normale,Contrôle bactériologique négatif,2,9,12,False,True,normal,nuageux
2023-12-06 09:44:01,Hôpital Laquintinie,O+,20,5,0,15,3.5,11,96.8,faible,Contrôle bactériologique négatif,2,9,12,False,True,normal,ensoleillé
2023-12-07 03:42:57,Hôpital Laquintinie,A+,27,10,0,17,3.8,1,54.9,faible,Contrôle bactériologique négatif,3,3,12,False,True,normal,nuageux
2023-12-07 20:21:33,Hôpital Laquintinie,O+,44,7,0,37,4.5,16,96.1,normale,Attention: proche expiration,3,20,12,False,True,normal,orageux
2023-12-07 23:33:20,Hôpital Laquintinie,A+,35,10,17,42,4.2,30,98.5,normale,Parfait pour transfusion immédiate,3,23,12,False,True,normal,ensoleillé
2023-12-08 07:18:42,Hôpital Laquintinie,B+,80,5,21,96,3.6,14,98.6,normale,"État satisfaisant, contrôle qualité OK",4,7,12,False,True,normal,orageux
2023-12-08 11:28:40,Hôpital Laquintinie,A+,49,13,20,56,3.9,46,97.1,normale,Parfait pour transfusion immédiate,4,11,12,False,True,normal,nuageux
2023-12-08 19:42:22,Hôpital Laquintinie,O+,32,8,0,24,3.6,1,52.5,attention,Parfait pour transfusion immédiate,4,19,12,False,True,normal,ensoleillé
2023-12-08 22:04:50,Hôpital Laquintinie,A-,50,6,0,44,3.6,5,98.0,normale,"État satisfaisant, contrôle qualité OK",4,22,12,False,True,normal,pluvieux
2023-12-08 23:00:45,Hôpital Laquintinie,B+,28,7,0,21,3.7,16,100.0,normale,Hémoglobine dans les normes,4,23,12,False,True,normal,pluvieux
2023-12-09 02:52:52,Hôpital Laquintinie,O+,24,8,0,16,3.7,4,86.8,faible,Parfait pour transfusion immédiate,5,2,12,True,True,normal,nuageux
2023-12-09 07:07:49,Hôpital Laquintinie,AB-,54,2,0,52,4.2,1,66.5,attention,Contrôle bactériologique négatif,5,7,12,True,True,normal,ensoleillé
2023-12-09 08:54:25,Hôpital Laquintinie,A+,30,3,20,47,4.2,18,100.0,normale,Urgent: vérifier température stockage,5,8,12,True,True,normal,orageux
2023-12-10 10:51:44,Hôpital Laquintinie,A-,44,9,0,35,3.6,17,97.8,normale,Attention: proche expiration,6,10,12,True,True,normal,nuageux
2023-12-11 01:06:26,Hôpital Laquintinie,O+,24,11,0,13,3.6,36,100.0,faible,Parfait pour transfusion immédiate,0,1,12,False,True,normal,pluvieux
2023-12-11 02:14:47,Hôpital Laquintinie,O+,50,14,25,61,4.0,6,100.0,normale,Attention: proche expiration,0,2,12,False,True,normal,ensoleillé
2023-12-11 06:05:27,Hôpital Laquintinie,A+,66,7,14,73,4.0,26,96.0,normale,Hémoglobine dans les normes,0,6,12,False,True,normal,ensoleillé
2023-12-12 01:20:37,Hôpital Laquintinie,O-,25,5,0,20,4.2,34,91.7,normale,Attention: proche expiration,1,1,12,False,True,normal,pluvieux
2023-12-12 15:42:07,Hôpital Laquintinie,O-,37,11,0,26,3.0,1,56.1,attention,"Excellent état, conservation parfaite",1,15,12,False,True,normal,ensoleillé
2023-12-13 08:46:12,Hôpital Laquintinie,O+,43,17,0,26,4.2,33,94.1,normale,"Excellent état, conservation parfaite",2,8,12,False,True,normal,ensoleillé
2023-12-13 12:03:30,Hôpital Laquintinie,B+,52,10,0,42,3.6,16,100.0,normale,Contrôle bactériologique négatif,2,12,12,False,True,normal,nuageux
2023-12-13 12:50:04,Hôpital Laquintinie,A+,66,10,15,71,4.5,53,100.0,normale,Contrôle bactériologique négatif,2,12,12,False,True,normal,ensoleillé
2023-12-13 14:31:01,Hôpital Laquintinie,A+,63,8,12,67,4.6,18,95.6,normale,"Bon état général, légère variation température",2,14,12,False,True,accident_route,ensoleillé
2023-12-14 10:40:50,Hôpital Laquintinie,O+,44,6,0,38,4.3,17,100.0,normale,Parfait pour transfusion immédiate,3,10,12,False,True,normal,ensoleillé
2023-12-14 11:02:53,Hôpital Laquintinie,A+,53,9,0,44,4.6,13,100.0,normale,Urgent: vérifier température stockage,3,11,12,False,True,normal,pluvieux
2023-12-14 14:06:29,Hôpital Laquintinie,A-,58,1,0,57,4.9,7,99.6,normale,Contrôle bactériologique négatif,3,14,12,False,True,normal,ensoleillé
2023-12-14 22:49:30,Hôpital Laquintinie,AB+,55,10,0,45,3.9,12,100.0,normale,Hémoglobine dans les normes,3,22,12,False,True,normal,orageux
2023-12-15 04:35:21,Hôpital Laquintinie,O+,38,9,0,29,3.8,18,99.8,normale,"Bon état général, légère variation température",4,4,12,False,True,normal,ensoleillé
2023-12-16 07:14:07,Hôpital Laquintinie,A+,28,7,17,38,3.6,20,95.5,normale,"Bon état général, légère variation température",5,7,12,True,True,normal,orageux
2023-12-16 15:52:16,Hôpital Laquintinie,O+,34,10,0,24,3.0,7,100.0,normale,"Excellent état, conservation parfaite",5,15,12,True,True,normal,ensoleillé
2023-12-17 11:42:44,Hôpital Laquintinie,B+,48,7,13,54,3.6,55,98.1,normale,"Excellent état, conservation parfaite",6,11,12,True,True,normal,pluvieux
2023-12-17 12:16:24,Hôpital Laquintinie,O+,56,10,0,46,4.0,25,100.0,normale,"Bon état général, légère variation température",6,12,12,True,True,normal,nuageux
2023-12-18 04:58:24,Hôpital Laquintinie,A+,21,13,26,34,4.1,28,90.4,normale,Hémoglobine dans les normes,0,4,12,False,True,normal,nuageux
2023-12-18 08:21:39,Hôpital Laquintinie,O+,51,14,0,37,3.3,2,78.8,normale,Attention: proche expiration,0,8,12,False,True,normal,ensoleillé
2023-12-18 11:53:12,Hôpital Laquintinie,O+,65,2,0,63,3.7,23,92.8,normale,Urgent: vérifier température stockage,0,11,12,False,True,normal,nuageux
2023-12-19 14:57:00,Hôpital Laquintinie,O+,21,7,0,14,4.2,11,91.6,faible,Hémoglobine dans les normes,1,14,12,False,True,normal,pluvieux
2023-12-19 23:31:19,Hôpital Laquintinie,A+,36,7,0,29,4.4,17,100.0,normale,Parfait pour transfusion immédiate,1,23,12,False,True,normal,ensoleillé
2023-12-20 21:56:32,Hôpital Laquintinie,A+,48,4,0,44,4.0,19,100.0,normale,"Excellent état, conservation parfaite",2,21,12,False,True,accident_route,nuageux
2023-12-21 06:37:52,Hôpital Laquintinie,O+,71,11,17,77,4.2,16,95.7,normale,"Bon état général, légère variation température",3,6,12,False,True,normal,nuageux
2023-12-21 06:40:23,Hôpital Laquintinie,O-,52,15,0,37,4.3,6,97.1,normale,Hémoglobine dans les normes,3,6,12,False,True,normal,pluvieux
2023-12-21 17:34:13,Hôpital Laquintinie,A+,64,11,17,70,3.5,8,95.6,normale,Parfait pour transfusion immédiate,3,17,12,False,True,normal,pluvieux
2023-12-22 15:15:31,Hôpital Laquintinie,A+,73,11,0,62,4.1,1,62.7,attention,Parfait pour transfusion immédiate,4,15,12,False,True,normal,nuageux
2023-12-22 17:04:10,Hôpital Laquintinie,B+,25,11,0,14,4.0,73,100.0,faible,"Excellent état, conservation parfaite",4,17,12,False,True,normal,pluvieux
2023-12-23 07:20:59,Hôpital Laquintinie,O+,30,4,0,26,4.3,36,100.0,normale,"Bon état général, légère variation température",5,7,12,True,True,normal,pluvieux
2023-12-23 09:27:35,Hôpital Laquintinie,O+,62,1,0,61,4.3,4,90.8,normale,"Bon état général, légère variation température",5,9,12,True,True,normal,nuageux
2023-12-23 11:29:02,Hôpital Laquintinie,A+,39,9,0,30,4.5,11,100.0,normale,"Excellent état, conservation parfaite",5,11,12,True,True,normal,pluvieux
2023-12-23 12:12:09,Hôpital Laquintinie,O+,26,7,0,19,4.1,57,100.0,faible,"Excellent état, conservation parfaite",5,12,12,True,True,normal,pluvieux
2023-12-23 14:09:24,Hôpital Laquintinie,A+,34,5,0,29,4.1,22,100.0,normale,Contrôle bactériologique négatif,5,14,12,True,True,normal,ensoleillé
2023-12-23 15:40:24,Hôpital Laquintinie,O+,43,6,21,58,4.4,5,100.0,normale,"État satisfaisant, contrôle qualité OK",5,15,12,True,True,normal,nuageux
2023-12-23 21:53:04,Hôpital Laquintinie,O+,53,4,20,69,4.3,9,100.0,normale,"État satisfaisant, contrôle qualité OK",5,21,12,True,True,normal,pluvieux
2023-12-24 12:23:25,Hôpital Laquintinie,A+,40,3,0,37,4.6,12,92.3,normale,"Bon état général, légère variation température",6,12,12,True,True,normal,ensoleillé
2023-12-24 12:29:16,Hôpital Laquintinie,B+,54,6,0,48,4.8,7,97.6,normale,Parfait pour transfusion immédiate,6,12,12,True,True,normal,ensoleillé
2023-12-24 14:15:15,Hôpital Laquintinie,A-,38,3,0,35,4.5,40,99.0,normale,"Bon état général, légère variation température",6,14,12,True,True,normal,nuageux
2023-12-24 21:13:32,Hôpital Laquintinie,AB+,36,7,0,29,5.0,9,100.0,normale,"Excellent état, conservation parfaite",6,21,12,True,True,normal,orageux
2023-12-25 17:11:29,Hôpital Laquintinie,A+,64,12,0,52,4.8,4,87.0,normale,"Bon état général, légère variation température",0,17,12,False,True,normal,pluvieux
2023-12-26 04:38:02,Hôpital Laquintinie,A+,50,9,0,41,4.4,12,100.0,normale,Urgent: vérifier température stockage,1,4,12,False,True,normal,nuageux
2023-12-26 09:54:47,Hôpital Laquintinie,A+,38,12,0,26,3.2,17,100.0,normale,Parfait pour transfusion immédiate,1,9,12,False,True,normal,pluvieux
2023-12-26 14:23:58,Hôpital Laquintinie,O+,60,8,0,52,3.5,6,94.1,normale,Hémoglobine dans les normes,1,14,12,False,True,normal,ensoleillé
2023-12-26 18:01:16,Hôpital Laquintinie,A+,39,12,0,27,4.0,14,100.0,normale,Attention: proche expiration,1,18,12,False,True,normal,ensoleillé
2023-12-27 15:39:08,Hôpital Laquintinie,A+,47,5,18,60,4.2,9,97.9,normale,Urgent: vérifier température stockage,2,15,12,False,True,normal,nuageux
2023-12-28 03:00:29,Hôpital Laquintinie,O+,26,6,0,20,3.8,2,82.0,normale,Parfait pour transfusion immédiate,3,3,12,False,True,normal,pluvieux
2023-12-28 18:03:40,Hôpital Laquintinie,O-,55,4,15,66,4.4,2,86.2,normale,Parfait pour transfusion immédiate,3,18,12,False,True,normal,ensoleillé
2023-12-30 21:26:49,Hôpital Laquintinie,B+,33,6,0,27,3.9,14,100.0,normale,"Bon état général, légère variation température",5,21,12,True,True,normal,ensoleillé
2023-12-31 11:29:44,Hôpital Laquintinie,O+,44,1,0,43,4.1,2,82.6,normale,"Bon état général, légère variation température",6,11,12,True,True,normal,ensoleillé
